step,context,hidden,y,d_exact,d_sur_expected,d_sur_draw,d_exact_centered,d_sur_expected_centered,bias_centered,noise,gap,gap_ref
0,0,5,CGGTCGCG,0.0,0.0,0.0,0.0,0.0,0.0,0.0,0.00153845453354029,0.00153845453354029
0,0,5,CAGTCGCG,0.0,0.0,0.0,0.0,0.0,0.0,0.0,0.006089564789716562,0.006089564789716562
0,0,5,CGGTCGCG,0.0,0.0,0.0,0.0,0.0,0.0,0.0,0.00153845453354029,0.00153845453354029
0,0,5,ATGTCGCG,0.0,0.0,0.0,0.0,0.0,0.0,0.0,0.12138601007848848,0.12138601007848848
0,1,4,AAGTCGCG,0.0,0.0,0.0,0.0,0.0,0.0,0.0,0.06644243856497623,0.06644243856497623
0,1,4,CAGTCGCG,0.0,0.0,0.0,0.0,0.0,0.0,0.0,0.00014764959943000533,0.00014764959943000533
0,1,4,CAGTCGCG,0.0,0.0,0.0,0.0,0.0,0.0,0.0,0.00014764959943000533,0.00014764959943000533
0,1,4,CAGTCGCG,0.0,0.0,0.0,0.0,0.0,0.0,0.0,0.00014764959943000533,0.00014764959943000533
0,2,4,CGATCGCG,0.0,0.0,0.0,0.0,0.0,0.0,0.0,6.608819493938295e-05,6.608819493938295e-05
0,2,4,CGATCGCG,0.0,0.0,0.0,0.0,0.0,0.0,0.0,6.608819493938295e-05,6.608819493938295e-05
0,2,4,CGATCGCG,0.0,0.0,0.0,0.0,0.0,0.0,0.0,6.608819493938295e-05,6.608819493938295e-05
0,2,4,CGATCGCG,0.0,0.0,0.0,0.0,0.0,0.0,0.0,6.608819493938295e-05,6.608819493938295e-05
0,3,4,CAGTCGCG,0.0,0.0,0.0,0.0,0.0,0.0,0.0,0.0012378546321385464,0.0012378546321385464
0,3,4,CTATCGCG,0.0,0.0,0.0,0.0,0.0,0.0,0.0,0.002312620361084594,0.002312620361084594
0,3,4,CTATCGCA,0.0,0.0,0.0,0.0,0.0,0.0,0.0,0.001350256343570111,0.001350256343570111
0,3,4,CAGTCGCG,0.0,0.0,0.0,0.0,0.0,0.0,0.0,0.0012378546321385464,0.0012378546321385464
0,4,7,TTTAGGCC,0.0,0.0,0.0,0.0,0.0,0.0,0.0,0.00039740568974264145,0.00039740568974264145
0,4,7,TTTAGGCC,0.0,0.0,0.0,0.0,0.0,0.0,0.0,0.00039740568974264145,0.00039740568974264145
0,4,7,TTTAGGCC,0.0,0.0,0.0,0.0,0.0,0.0,0.0,0.00039740568974264145,0.00039740568974264145
0,4,7,TTCAGGCC,0.0,0.0,0.0,0.0,0.0,0.0,0.0,0.38347363707061355,0.38347363707061355
0,5,5,TTTGGGCG,0.0,0.0,0.0,0.0,0.0,0.0,0.0,0.0054534304524485044,0.0054534304524485044
0,5,5,TTTGGGCC,0.0,0.0,0.0,0.0,0.0,0.0,0.0,0.00186957483416883,0.00186957483416883
0,5,5,TGTGGGCG,0.0,0.0,0.0,0.0,0.0,0.0,0.0,0.01222590244713695,0.01222590244713695
0,5,5,TTTAGGCC,0.0,0.0,0.0,0.0,0.0,0.0,0.0,0.004830194140586164,0.004830194140586164
0,6,4,TTTGGGCG,0.0,0.0,0.0,0.0,0.0,0.0,0.0,0.00270312365810077,0.00270312365810077
0,6,4,TTTGGGCC,0.0,0.0,0.0,0.0,0.0,0.0,0.0,0.00230666457696016,0.00230666457696016
0,6,4,TTTAGGCC,0.0,0.0,0.0,0.0,0.0,0.0,0.0,0.002782927767889909,0.002782927767889909
0,6,4,TTTAGGCC,0.0,0.0,0.0,0.0,0.0,0.0,0.0,0.002782927767889909,0.002782927767889909
0,7,2,TTTGGGCC,0.0,0.0,0.0,0.0,0.0,0.0,0.0,0.0016687781582628292,0.0016687781582628292
0,7,2,TTTGGGCG,0.0,0.0,0.0,0.0,0.0,0.0,0.0,0.00011627017054993694,0.00011627017054993694
0,7,2,TTTGGGCC,0.0,0.0,0.0,0.0,0.0,0.0,0.0,0.0016687781582628292,0.0016687781582628292
0,7,2,TTTGGGCG,0.0,0.0,0.0,0.0,0.0,0.0,0.0,0.00011627017054993694,0.00011627017054993694
0,8,3,TTTAGGCC,0.0,0.0,0.0,0.0,0.0,0.0,0.0,5.901696392807132e-06,5.901696392807132e-06
0,8,3,TTTAGGCC,0.0,0.0,0.0,0.0,0.0,0.0,0.0,5.901696392807132e-06,5.901696392807132e-06
0,8,3,TTTAGGCC,0.0,0.0,0.0,0.0,0.0,0.0,0.0,5.901696392807132e-06,5.901696392807132e-06
0,8,3,TTTAGGCC,0.0,0.0,0.0,0.0,0.0,0.0,0.0,5.901696392807132e-06,5.901696392807132e-06
0,9,4,TTTACGCC,0.0,0.0,0.0,0.0,0.0,0.0,0.0,0.002266742404941291,0.002266742404941291
0,9,4,TTTACGCC,0.0,0.0,0.0,0.0,0.0,0.0,0.0,0.002266742404941291,0.002266742404941291
0,9,4,TCTACGCC,0.0,0.0,0.0,0.0,0.0,0.0,0.0,0.013958593992930979,0.013958593992930979
0,9,4,TTTACGCC,0.0,0.0,0.0,0.0,0.0,0.0,0.0,0.002266742404941291,0.002266742404941291
0,10,4,CTATCGCG,0.0,0.0,0.0,0.0,0.0,0.0,0.0,0.005141281485952609,0.005141281485952609
0,10,4,CTATCGCA,0.0,0.0,0.0,0.0,0.0,0.0,0.0,0.0006313518619558978,0.0006313518619558978
0,10,4,CTATCGCA,0.0,0.0,0.0,0.0,0.0,0.0,0.0,0.0006313518619558978,0.0006313518619558978
0,10,4,CTATCGCA,0.0,0.0,0.0,0.0,0.0,0.0,0.0,0.0006313518619558978,0.0006313518619558978
0,11,7,TTTAGGCC,0.0,0.0,0.0,0.0,0.0,0.0,0.0,0.00039740568974264145,0.00039740568974264145
0,11,7,TTTAGGCC,0.0,0.0,0.0,0.0,0.0,0.0,0.0,0.00039740568974264145,0.00039740568974264145
0,11,7,TTTAGGCC,0.0,0.0,0.0,0.0,0.0,0.0,0.0,0.00039740568974264145,0.00039740568974264145
0,11,7,TTTAGGCC,0.0,0.0,0.0,0.0,0.0,0.0,0.0,0.00039740568974264145,0.00039740568974264145
0,12,1,CTATCGCA,0.0,0.0,0.0,0.0,0.0,0.0,0.0,0.0,0.0
0,12,1,CTATCGCA,0.0,0.0,0.0,0.0,0.0,0.0,0.0,0.0,0.0
0,12,1,CTATCGCA,0.0,0.0,0.0,0.0,0.0,0.0,0.0,0.0,0.0
0,12,1,CTATCGCA,0.0,0.0,0.0,0.0,0.0,0.0,0.0,0.0,0.0
0,13,6,TTTGGGCC,0.0,0.0,0.0,0.0,0.0,0.0,0.0,0.0026694495204877544,0.0026694495204877544
0,13,6,TGTGGGCC,0.0,0.0,0.0,0.0,0.0,0.0,0.0,0.010983978025626229,0.010983978025626229
0,13,6,TTTAGGCC,0.0,0.0,0.0,0.0,0.0,0.0,0.0,0.0038699770293000313,0.0038699770293000313
0,13,6,TTTGGGCC,0.0,0.0,0.0,0.0,0.0,0.0,0.0,0.0026694495204877544,0.0026694495204877544
0,14,5,CTATCGCA,0.0,0.0,0.0,0.0,0.0,0.0,0.0,0.0025949830720253253,0.0025949830720253253
0,14,5,CGGTCGCG,0.0,0.0,0.0,0.0,0.0,0.0,0.0,0.00153845453354029,0.00153845453354029
0,14,5,CGGTCGCG,0.0,0.0,0.0,0.0,0.0,0.0,0.0,0.00153845453354029,0.00153845453354029
0,14,5,CTGTCGCG,0.0,0.0,0.0,0.0,0.0,0.0,0.0,0.04536773880052003,0.04536773880052003
0,15,6,TTTAGGCC,0.0,0.0,0.0,0.0,0.0,0.0,0.0,0.00033217117895842363,0.00033217117895842363
0,15,6,TTTAGGCC,0.0,0.0,0.0,0.0,0.0,0.0,0.0,0.00033217117895842363,0.00033217117895842363
0,15,6,TTTAGGCC,0.0,0.0,0.0,0.0,0.0,0.0,0.0,0.00033217117895842363,0.00033217117895842363
0,15,6,TTTAGGCC,0.0,0.0,0.0,0.0,0.0,0.0,0.0,0.00033217117895842363,0.00033217117895842363
0,16,2,TGTGGGCG,0.0,0.0,0.0,0.0,0.0,0.0,0.0,0.00013467209401341051,0.00013467209401341051
0,16,2,TGTGGGCC,0.0,0.0,0.0,0.0,0.0,0.0,0.0,0.0006011996650996387,0.0006011996650996387
0,16,2,TGTGGGCG,0.0,0.0,0.0,0.0,0.0,0.0,0.0,0.00013467209401341051,0.00013467209401341051
0,16,2,TGTGGGCG,0.0,0.0,0.0,0.0,0.0,0.0,0.0,0.00013467209401341051,0.00013467209401341051
0,17,3,TTTAGGCC,0.0,0.0,0.0,0.0,0.0,0.0,0.0,0.0009063481356990088,0.0009063481356990088
0,17,3,TTTAGGCC,0.0,0.0,0.0,0.0,0.0,0.0,0.0,0.0009063481356990088,0.0009063481356990088
0,17,3,TTTGGGCC,0.0,0.0,0.0,0.0,0.0,0.0,0.0,0.000360446524700464,0.000360446524700464
0,17,3,TTTAGGCC,0.0,0.0,0.0,0.0,0.0,0.0,0.0,0.0009063481356990088,0.0009063481356990088
0,18,3,CGTTGGCG,0.0,0.0,0.0,0.0,0.0,0.0,0.0,0.004693298890532938,0.004693298890532938
0,18,3,CGTTGGCG,0.0,0.0,0.0,0.0,0.0,0.0,0.0,0.004693298890532938,0.004693298890532938
0,18,3,CGTTGGCG,0.0,0.0,0.0,0.0,0.0,0.0,0.0,0.004693298890532938,0.004693298890532938
0,18,3,CGTTGGCG,0.0,0.0,0.0,0.0,0.0,0.0,0.0,0.004693298890532938,0.004693298890532938
0,19,2,TGTGGGCG,0.0,0.0,0.0,0.0,0.0,0.0,0.0,1.2138115358384383e-06,1.2138115358384383e-06
0,19,2,TGTGGGCG,0.0,0.0,0.0,0.0,0.0,0.0,0.0,1.2138115358384383e-06,1.2138115358384383e-06
0,19,2,TGTGGGCG,0.0,0.0,0.0,0.0,0.0,0.0,0.0,1.2138115358384383e-06,1.2138115358384383e-06
0,19,2,TGTGGGCG,0.0,0.0,0.0,0.0,0.0,0.0,0.0,1.2138115358384383e-06,1.2138115358384383e-06
0,20,3,CAATCTAT,0.0,0.0,0.0,0.0,0.0,0.0,0.0,0.0005588947228193364,0.0005588947228193364
0,20,3,CAATCTAT,0.0,0.0,0.0,0.0,0.0,0.0,0.0,0.0005588947228193364,0.0005588947228193364
0,20,3,CGATATAT,0.0,0.0,0.0,0.0,0.0,0.0,0.0,0.006521273570878838,0.006521273570878838
0,20,3,CGATCTAT,0.0,0.0,0.0,0.0,0.0,0.0,0.0,0.003965863544437287,0.003965863544437287
0,21,5,CGGTCGCG,0.0,0.0,0.0,0.0,0.0,0.0,0.0,0.0001827255977293052,0.0001827255977293052
0,21,5,CGGTCGCG,0.0,0.0,0.0,0.0,0.0,0.0,0.0,0.0001827255977293052,0.0001827255977293052
0,21,5,CGGTCGCG,0.0,0.0,0.0,0.0,0.0,0.0,0.0,0.0001827255977293052,0.0001827255977293052
0,21,5,CGGTCGCG,0.0,0.0,0.0,0.0,0.0,0.0,0.0,0.0001827255977293052,0.0001827255977293052
0,22,2,CGGTCGCG,0.0,0.0,0.0,0.0,0.0,0.0,0.0,1.1014994620528462e-05,1.1014994620528462e-05
0,22,2,CGGTCGCG,0.0,0.0,0.0,0.0,0.0,0.0,0.0,1.1014994620528462e-05,1.1014994620528462e-05
0,22,2,CGGTCGCG,0.0,0.0,0.0,0.0,0.0,0.0,0.0,1.1014994620528462e-05,1.1014994620528462e-05
0,22,2,CGGTCGCG,0.0,0.0,0.0,0.0,0.0,0.0,0.0,1.1014994620528462e-05,1.1014994620528462e-05
0,23,6,AGGTCGTG,0.0,0.0,0.0,0.0,0.0,0.0,0.0,0.07719869182912742,0.07719869182912742
0,23,6,CGGTCGCG,0.0,0.0,0.0,0.0,0.0,0.0,0.0,9.182101438928725e-05,9.182101438928725e-05
0,23,6,AGGTCGCG,0.0,0.0,0.0,0.0,0.0,0.0,0.0,0.03519111760159799,0.03519111760159799
0,23,6,CGGTCGCG,0.0,0.0,0.0,0.0,0.0,0.0,0.0,9.182101438928725e-05,9.182101438928725e-05
0,24,2,TTTGGGCG,0.0,0.0,0.0,0.0,0.0,0.0,0.0,2.6782439932482305e-08,2.6782439932482305e-08
0,24,2,TTTGGGCG,0.0,0.0,0.0,0.0,0.0,0.0,0.0,2.6782439932482305e-08,2.6782439932482305e-08
0,24,2,TTTGGGCG,0.0,0.0,0.0,0.0,0.0,0.0,0.0,2.6782439932482305e-08,2.6782439932482305e-08
0,24,2,TTTGGGCG,0.0,0.0,0.0,0.0,0.0,0.0,0.0,2.6782439932482305e-08,2.6782439932482305e-08
0,25,4,TTTGGGCC,0.0,0.0,0.0,0.0,0.0,0.0,0.0,0.0007676113857073563,0.0007676113857073563
0,25,4,TTTGGGCG,0.0,0.0,0.0,0.0,0.0,0.0,0.0,0.007189428700436817,0.007189428700436817
0,25,4,CGTGGGCG,0.0,0.0,0.0,0.0,0.0,0.0,0.0,0.01421280834213956,0.01421280834213956
0,25,4,TTTGGGCC,0.0,0.0,0.0,0.0,0.0,0.0,0.0,0.0007676113857073563,0.0007676113857073563
0,26,5,CTATCGCA,0.0,0.0,0.0,0.0,0.0,0.0,0.0,0.0014051179893463939,0.0014051179893463939
0,26,5,TTTAGGCC,0.0,0.0,0.0,0.0,0.0,0.0,0.0,0.0031894694880234553,0.0031894694880234553
0,26,5,TTTGGGCC,0.0,0.0,0.0,0.0,0.0,0.0,0.0,0.0021414565429769272,0.0021414565429769272
0,26,5,CTTTGGCC,0.0,0.0,0.0,0.0,0.0,0.0,0.0,0.20909847141105864,0.20909847141105864
0,27,2,ACTACGGC,0.0,0.0,0.0,0.0,0.0,0.0,0.0,1.2181356682017253e-05,1.2181356682017253e-05
0,27,2,ACTACGGC,0.0,0.0,0.0,0.0,0.0,0.0,0.0,1.2181356682017253e-05,1.2181356682017253e-05
0,27,2,ACTACGGC,0.0,0.0,0.0,0.0,0.0,0.0,0.0,1.2181356682017253e-05,1.2181356682017253e-05
0,27,2,ACTACGGC,0.0,0.0,0.0,0.0,0.0,0.0,0.0,1.2181356682017253e-05,1.2181356682017253e-05
0,28,2,TTTGGGCC,0.0,0.0,0.0,0.0,0.0,0.0,0.0,4.987328328098783e-10,4.987328328098783e-10
0,28,2,TTTGGGCC,0.0,0.0,0.0,0.0,0.0,0.0,0.0,4.987328328098783e-10,4.987328328098783e-10
0,28,2,TTTGGGCC,0.0,0.0,0.0,0.0,0.0,0.0,0.0,4.987328328098783e-10,4.987328328098783e-10
0,28,2,TTTGGGCC,0.0,0.0,0.0,0.0,0.0,0.0,0.0,4.987328328098783e-10,4.987328328098783e-10
0,29,4,CTATCGCA,0.0,0.0,0.0,0.0,0.0,0.0,0.0,0.00017334206687569242,0.00017334206687569242
0,29,4,CTATCGCA,0.0,0.0,0.0,0.0,0.0,0.0,0.0,0.00017334206687569242,0.00017334206687569242
0,29,4,CTATCGCA,0.0,0.0,0.0,0.0,0.0,0.0,0.0,0.00017334206687569242,0.00017334206687569242
0,29,4,CTATCGCA,0.0,0.0,0.0,0.0,0.0,0.0,0.0,0.00017334206687569242,0.00017334206687569242
0,30,5,TTTGGGCG,0.0,0.0,0.0,0.0,0.0,0.0,0.0,0.0012539076504974322,0.0012539076504974322
0,30,5,TTTGGGCG,0.0,0.0,0.0,0.0,0.0,0.0,0.0,0.0012539076504974322,0.0012539076504974322
0,30,5,TGTGGGCG,0.0,0.0,0.0,0.0,0.0,0.0,0.0,0.004627887809798059,0.004627887809798059
0,30,5,TGTGGGCG,0.0,0.0,0.0,0.0,0.0,0.0,0.0,0.004627887809798059,0.004627887809798059
0,31,4,CTATCGCA,0.0,0.0,0.0,0.0,0.0,0.0,0.0,0.00017896723263194358,0.00017896723263194358
0,31,4,CTATCGCA,0.0,0.0,0.0,0.0,0.0,0.0,0.0,0.00017896723263194358,0.00017896723263194358
0,31,4,CTATCGCA,0.0,0.0,0.0,0.0,0.0,0.0,0.0,0.00017896723263194358,0.00017896723263194358
0,31,4,CTATCGCA,0.0,0.0,0.0,0.0,0.0,0.0,0.0,0.00017896723263194358,0.00017896723263194358
250,0,5,TTTGGGCA,0.06667363521448011,0.0618683440671763,0.06603103876113892,0.046521102154440365,0.048914154562886926,0.002393052408446561,0.004162694693962618,0.03796831108472154,0.01394185534820247
250,0,5,TTTAGGCA,-0.026368569094400617,-0.035959965058597554,0.00022086501121520996,-0.04652110215444036,-0.048914154562886926,-0.002393052408446568,0.036180830069812764,0.050992164649134364,0.003035184828149684
250,0,5,TTTGGGCA,0.06667363521448011,0.0618683440671763,0.07809244096279144,0.046521102154440365,0.048914154562886926,0.002393052408446561,0.016224096895615145,0.03796831108472154,0.01394185534820247
250,0,5,TTTAGGCA,-0.026368569094400617,-0.035959965058597554,-0.132487952709198,-0.04652110215444036,-0.048914154562886926,-0.002393052408446568,-0.09652798765060044,0.050992164649134364,0.003035184828149684
250,1,5,CAATATAT,0.18339676456312418,0.17641461937524436,0.3411356210708618,-0.11167810473070652,-0.11665144225265614,-0.004973337521949617,0.16472100169561746,0.07428752416101347,0.03937679822161444
250,1,5,CGATATAT,0.3323009042040662,0.3319498757121192,0.22015103697776794,0.03722603491023552,0.038883814084218704,0.001657779173983187,-0.11179883873435126,0.029605392026571753,0.02785024956683646
250,1,5,CGATATAT,0.3323009042040662,0.3319498757121192,0.3314625024795532,0.03722603491023552,0.038883814084218704,0.001657779173983187,-0.00048737323256597964,0.029605392026571753,0.02785024956683646
250,1,5,CGATATAT,0.3323009042040662,0.3319498757121192,0.37750470638275146,0.03722603491023552,0.038883814084218704,0.001657779173983187,0.04555483067063226,0.029605392026571753,0.02785024956683646
250,2,6,TTTAGGCC,0.012966159050232287,0.012092175910135191,0.013006690889596939,0.05845106902491339,0.0939585145593806,0.03550744553446721,0.0009145149794617478,0.005576070019540996,0.00033217117895842363
250,2,6,TTTAGGCC,0.012966159050232287,0.012092175910135191,0.024821758270263672,0.05845106902491339,0.0939585145593806,0.03550744553446721,0.01272958236012848,0.005576070019540996,0.00033217117895842363
250,2,6,ACTACGGC,-0.22083811704942127,-0.36374188232738724,-0.00753311812877655,-0.17535320707474017,-0.2818755436781418,-0.10652233660340166,0.3562087641986107,0.8764010218099312,0.018978430142135405
250,2,6,TTTAGGCC,0.012966159050232287,0.012092175910135191,0.007022940553724766,0.05845106902491339,0.0939585145593806,0.03550744553446721,-0.0050692353564104255,0.005576070019540996,0.00033217117895842363
250,3,2,TTTGGGCC,0.00010581641646811857,0.00010581642473717068,0.00010584623669274151,0.0,0.0,0.0,2.981195557083538e-08,8.600897771771088e-13,1.7398193996598366e-11
250,3,2,TTTGGGCC,0.00010581641646811857,0.00010581642473717068,8.507612074026838e-05,0.0,0.0,0.0,-2.07403039969023e-05,8.600897771771088e-13,1.7398193996598366e-11
250,3,2,TTTGGGCC,0.00010581641646811857,0.00010581642473717068,8.507612074026838e-05,0.0,0.0,0.0,-2.07403039969023e-05,8.600897771771088e-13,1.7398193996598366e-11
250,3,2,TTTGGGCC,0.00010581641646811857,0.00010581642473717068,0.00010584623669274151,0.0,0.0,0.0,2.981195557083538e-08,8.600897771771088e-13,1.7398193996598366e-11
250,4,5,CTATCGCA,0.1532975302034576,0.14892196733191837,0.11097981035709381,0.0,0.0,0.0,-0.03794215697482456,0.024488788940606687,0.002610974582910597
250,4,5,CTATCGCA,0.1532975302034576,0.14892196733191837,0.30347156524658203,0.0,0.0,0.0,0.15454959791466366,0.024488788940606687,0.002610974582910597
250,4,5,CTATCGCA,0.1532975302034576,0.14892196733191837,0.31960543990135193,0.0,0.0,0.0,0.17068347256943356,0.024488788940606687,0.002610974582910597
250,4,5,CTATCGCA,0.1532975302034576,0.14892196733191837,0.21407172083854675,0.0,0.0,0.0,0.06514975350662838,0.024488788940606687,0.002610974582910597
250,5,5,CTATCGCA,0.0030839532207393118,0.003085906850011888,0.0012877441477030516,0.0,0.0,0.0,-0.0017981627023088364,1.348578581673865e-06,1.111672494455429e-05
250,5,5,CTATCGCA,0.0030839532207393118,0.003085906850011888,0.0018215994350612164,0.0,0.0,0.0,-0.0012643074149506716,1.348578581673865e-06,1.111672494455429e-05
250,5,5,CTATCGCA,0.0030839532207393118,0.003085906850011888,0.003364857751876116,0.0,0.0,0.0,0.00027895090186422786,1.348578581673865e-06,1.111672494455429e-05
250,5,5,CTATCGCA,0.0030839532207393118,0.003085906850011888,0.002837004605680704,0.0,0.0,0.0,-0.0002489022443311838,1.348578581673865e-06,1.111672494455429e-05
250,6,3,CGATCGCG,0.024973718280166184,0.025050949129940287,0.025081805884838104,0.0,0.0,0.0,3.085675489781711e-05,6.244080705430921e-05,0.00029413335637662463
250,6,3,CGATCGCG,0.024973718280166184,0.025050949129940287,0.020489931106567383,0.0,0.0,0.0,-0.004561018023372904,6.244080705430921e-05,0.00029413335637662463
250,6,3,CGATCGCG,0.024973718280166184,0.025050949129940287,0.030956655740737915,0.0,0.0,0.0,0.005905706610797628,6.244080705430921e-05,0.00029413335637662463
250,6,3,CGATCGCG,0.024973718280166184,0.025050949129940287,0.026196304708719254,0.0,0.0,0.0,0.0011453555787789664,6.244080705430921e-05,0.00029413335637662463
250,7,4,CTATCGCA,0.0045317515026354425,0.004532278229731901,0.004838458728045225,0.0,0.0,0.0,0.0003061804983133243,2.399671477498755e-08,2.1309051006085378e-06
250,7,4,CTATCGCA,0.0045317515026354425,0.004532278229731901,0.00281096575781703,0.0,0.0,0.0,-0.001721312471914871,2.399671477498755e-08,2.1309051006085378e-06
250,7,4,CTATCGCA,0.0045317515026354425,0.004532278229731901,0.003458503633737564,0.0,0.0,0.0,-0.0010737745959943368,2.399671477498755e-08,2.1309051006085378e-06
250,7,4,CTATCGCA,0.0045317515026354425,0.004532278229731901,0.0039207120425999165,0.0,0.0,0.0,-0.0006115661871319844,2.399671477498755e-08,2.1309051006085378e-06
250,8,3,CTATCGCG,-0.15626173151235698,-0.1609494644853838,-0.25845789909362793,-0.13311471950815792,-0.13661547395986406,-0.0035007544517061395,-0.09750843460824413,0.017498364877072348,0.0034351659579918703
250,8,3,CTATCGCA,0.021224561165186912,0.02120450079443496,0.0070500243455171585,0.044371573169385975,0.04553849131995469,0.0011669181505687132,-0.014154476448917801,0.00012697350790016881,6.679239564430506e-05
250,8,3,CTATCGCA,0.021224561165186912,0.02120450079443496,0.015760168433189392,0.044371573169385975,0.04553849131995469,0.0011669181505687132,-0.005444332361245568,0.00012697350790016881,6.679239564430506e-05
250,8,3,CTATCGCA,0.021224561165186912,0.02120450079443496,0.019621599465608597,0.044371573169385975,0.04553849131995469,0.0011669181505687132,-0.0015829013288263631,0.00012697350790016881,6.679239564430506e-05
250,9,4,CAATATAT,0.22217529637260808,0.21657784769543786,0.6609971523284912,0.14763135968460506,0.1674423090402874,0.01981094935568234,0.44441930463305335,0.07222519939218253,0.04983540468350167
250,9,4,CAATATAT,0.22217529637260808,0.21657784769543786,0.007502198219299316,0.14763135968460506,0.1674423090402874,0.01981094935568234,-0.20907564947613855,0.07222519939218253,0.04983540468350167
250,9,4,CAATCTAT,-0.4614768199748378,-0.5518131435702572,-0.6859692931175232,-0.5360207566628408,-0.6009486822254078,-0.06492792556256699,-0.13415614954726596,0.3694797566641972,0.008134462282519461
250,9,4,CGATATAT,0.3153019739816337,0.3151996027999834,0.24623292684555054,0.24075803729363066,0.2660640641448329,0.025306026851202257,-0.06896667595443284,0.03012526704281776,0.029715782316216632
250,10,6,CTATCGCA,0.014415902535507936,0.01443091018550661,0.012733353301882744,0.0,0.0,0.0,-0.0016975568836238662,0.00017681526688785587,0.0002668611668799059
250,10,6,CTATCGCA,0.014415902535507936,0.01443091018550661,0.005244025494903326,0.0,0.0,0.0,-0.009186884690603284,0.00017681526688785587,0.0002668611668799059
250,10,6,CTATCGCA,0.014415902535507936,0.01443091018550661,0.016254590824246407,0.0,0.0,0.0,0.0018236806387397966,0.00017681526688785587,0.0002668611668799059
250,10,6,CTATCGCA,0.014415902535507936,0.01443091018550661,0.010206526145339012,0.0,0.0,0.0,-0.004224384040167598,0.00017681526688785587,0.0002668611668799059
250,11,5,CTATCGCA,0.14437106121349905,0.14272430751484855,0.15336869657039642,0.0059594304460296454,0.011349468820650799,0.005390038374621153,0.010644389055547876,0.009193883290184779,0.0009601147969322543
250,11,5,CTATCGCG,0.12053333942938042,0.09732643223224535,-0.02960151433944702,-0.017878291338088978,-0.034048406461952396,-0.01617011512386342,-0.12692794657169237,0.11918290675055099,0.0031483707648756187
250,11,5,CTATCGCA,0.14437106121349905,0.14272430751484855,0.3241029679775238,0.0059594304460296454,0.011349468820650799,0.005390038374621153,0.18137866046267526,0.009193883290184779,0.0009601147969322543
250,11,5,CTATCGCA,0.14437106121349905,0.14272430751484855,0.02414032071828842,0.0059594304460296454,0.011349468820650799,0.005390038374621153,-0.11858398679656013,0.009193883290184779,0.0009601147969322543
250,12,5,TTTGCGCG,0.6076507256797022,0.5794834767870365,0.3360692262649536,0.45342552953293724,0.4398697444246916,-0.013555785108245622,-0.24341425052208288,0.14830791980260116,0.007471675339272288
250,12,5,TTTGGGCC,-0.1846530658526262,-0.19215826086403337,-0.006167322397232056,-0.3388782619993912,-0.33177199322637824,0.007106268773012958,0.18599093846680131,0.03892920253949206,0.0014032274824562485
250,12,5,TTTAGGCC,0.09695156237999192,0.08556485676318815,0.10241442918777466,-0.05727363376677305,-0.05404887559915672,0.0032247581676163317,0.016849572424586512,0.05974641859450025,0.0028128905104813917
250,12,5,TTTAGGCC,0.09695156237999192,0.08556485676318815,0.20225006341934204,-0.05727363376677305,-0.05404887559915672,0.0032247581676163317,0.1166852066561539,0.05974641859450025,0.0028128905104813917
250,13,3,TTTGGGCG,-0.3294559490427891,-0.33031992148284567,-0.16150224208831787,-0.2905276763063429,-0.28886475244184506,0.001662923864497845,0.1688176793945278,0.008373441705724183,0.0057815243855543486
250,13,3,TGTGGGCG,0.2515994035698967,0.24740958340084443,0.26321372389793396,0.2905276763063429,0.28886475244184506,-0.001662923864497845,0.01580414049708953,0.014466883415009901,0.001897422907853219
250,13,3,TGTGGGCG,0.2515994035698967,0.24740958340084443,0.14970925450325012,0.2905276763063429,0.28886475244184506,-0.001662923864497845,-0.09770032889759431,0.014466883415009901,0.001897422907853219
250,13,3,TTTGGGCG,-0.3294559490427891,-0.33031992148284567,-0.15940570831298828,-0.2905276763063429,-0.28886475244184506,0.001662923864497845,0.1709142131698574,0.008373441705724183,0.0057815243855543486
250,14,3,CTATCGCA,0.0028601881021661966,0.002860185920553704,0.002295884070917964,0.0,0.0,0.0,-0.0005643018496357399,1.3060048514867972e-08,6.515211037338986e-09
250,14,3,CTATCGCA,0.0028601881021661966,0.002860185920553704,0.00461188331246376,0.0,0.0,0.0,0.0017516973919100565,1.3060048514867972e-08,6.515211037338986e-09
250,14,3,CTATCGCA,0.0028601881021661966,0.002860185920553704,0.002603178843855858,0.0,0.0,0.0,-0.00025700707669784606,1.3060048514867972e-08,6.515211037338986e-09
250,14,3,CTATCGCA,0.0028601881021661966,0.002860185920553704,0.0035477231722325087,0.0,0.0,0.0,0.0006875372516788048,1.3060048514867972e-08,6.515211037338986e-09
250,15,3,TCTGCGGC,0.045318738394723425,0.04537444977581292,0.04535871744155884,0.0,0.0,0.0,-1.5732334254080216e-05,1.4974418859975414e-05,0.0001821085621284413
250,15,3,TCTGCGGC,0.045318738394723425,0.04537444977581292,0.044206053018569946,0.0,0.0,0.0,-0.0011683967572429718,1.4974418859975414e-05,0.0001821085621284413
250,15,3,TCTGCGGC,0.045318738394723425,0.04537444977581292,0.03547433391213417,0.0,0.0,0.0,-0.009900115863678748,1.4974418859975414e-05,0.0001821085621284413
250,15,3,TCTGCGGC,0.045318738394723425,0.04537444977581292,0.04778784513473511,0.0,0.0,0.0,0.0024133953589221893,1.4974418859975414e-05,0.0001821085621284413
250,16,5,TTTAGGCC,0.10772298069862037,0.09972539221758936,0.0873156487941742,-0.12137980181680359,-0.11839467086650801,0.002985130950295581,-0.012409743423415165,0.04275670682068555,0.0027687644155305335
250,16,5,TTTGCGCG,0.5932421879658346,0.5733040756836214,0.8702570796012878,0.3641394054504107,0.35518401259952403,-0.008955392850886645,0.29695300391766644,0.11671186167768055,0.01702130026661486
250,16,5,TTTAGGCC,0.10772298069862037,0.09972539221758936,0.0991978794336319,-0.12137980181680359,-0.11839467086650801,0.002985130950295581,-0.0005275127839574623,0.04275670682068555,0.0027687644155305335
250,16,5,TTTAGGCC,0.10772298069862037,0.09972539221758936,0.04621017351746559,-0.12137980181680359,-0.11839467086650801,0.002985130950295581,-0.05351521870012377,0.04275670682068555,0.0027687644155305335
250,17,3,CTATCGCG,0.2205992823889765,0.18434024385593753,-0.0006412267684936523,-0.01483069223663766,-0.031692671820767154,-0.016861979584129494,-0.18498147062443118,0.11170975725164123,0.0029326416525243815
250,17,3,CTATCGCG,0.2205992823889765,0.18434024385593753,0.227719247341156,-0.01483069223663766,-0.031692671820767154,-0.016861979584129494,0.043379003485218476,0.11170975725164123,0.0029326416525243815
250,17,3,CTATCGCA,0.25026066686225185,0.24772558749747184,0.1875680387020111,0.014830692236637688,0.031692671820767154,0.016861979584129466,-0.06015754879546073,0.008951897063232628,0.0013466589688926334
250,17,3,CTATCGCA,0.25026066686225185,0.24772558749747184,0.51934814453125,0.014830692236637688,0.031692671820767154,0.016861979584129466,0.27162255703377813,0.008951897063232628,0.0013466589688926334
250,18,4,CTATCGCA,0.017828841637747284,0.017603917234888855,0.016766179352998734,0.0,0.0,0.0,-0.0008377378818901215,0.002104632132757134,0.0012049345213234197
250,18,4,CTATCGCA,0.017828841637747284,0.017603917234888855,0.014781095087528229,0.0,0.0,0.0,-0.0028228221473606263,0.002104632132757134,0.0012049345213234197
250,18,4,CTATCGCA,0.017828841637747284,0.017603917234888855,0.013947878032922745,0.0,0.0,0.0,-0.0036560392019661103,0.002104632132757134,0.0012049345213234197
250,18,4,CTATCGCA,0.017828841637747284,0.017603917234888855,0.00966639257967472,0.0,0.0,0.0,-0.007937524655214134,0.002104632132757134,0.0012049345213234197
250,19,2,CGATATAT,0.017141882248849494,0.017242159213310515,0.0289706289768219,0.0,0.0,0.0,0.011728469763511384,1.680086381128376e-08,0.00020057072978585389
250,19,2,CGATATAT,0.017141882248849494,0.017242159213310515,0.018204214051365852,0.0,0.0,0.0,0.0009620548380553373,1.680086381128376e-08,0.00020057072978585389
250,19,2,CGATATAT,0.017141882248849494,0.017242159213310515,0.017242129892110825,0.0,0.0,0.0,-2.9321199690457433e-08,1.680086381128376e-08,0.00020057072978585389
250,19,2,CGATATAT,0.017141882248849494,0.017242159213310515,0.010896836407482624,0.0,0.0,0.0,-0.006345322805827891,1.680086381128376e-08,0.00020057072978585389
250,20,3,CTATCGCA,0.0012609929922197671,0.0012611553132349702,0.0006655998295173049,0.0,0.0,0.0,-0.0005955554837176653,3.98852897931512e-09,4.909515745887827e-07
250,20,3,CTATCGCA,0.0012609929922197671,0.0012611553132349702,0.0005285401712171733,0.0,0.0,0.0,-0.0007326151420177969,3.98852897931512e-09,4.909515745887827e-07
250,20,3,CTATCGCA,0.0012609929922197671,0.0012611553132349702,0.001342554111033678,0.0,0.0,0.0,8.139879779870784e-05,3.98852897931512e-09,4.909515745887827e-07
250,20,3,CTATCGCA,0.0012609929922197671,0.0012611553132349702,0.0008676713914610445,0.0,0.0,0.0,-0.00039348392177392566,3.98852897931512e-09,4.909515745887827e-07
250,21,2,CTATCGCA,0.0013802792289787091,0.0013802871162624797,0.001061744405888021,0.0,0.0,0.0,-0.0003185427103744587,1.9696277941960716e-10,1.597153032051324e-08
250,21,2,CTATCGCA,0.0013802792289787091,0.0013802871162624797,0.0005477938684634864,0.0,0.0,0.0,-0.0008324932477989933,1.9696277941960716e-10,1.597153032051324e-08
250,21,2,CTATCGCA,0.0013802792289787091,0.0013802871162624797,0.001061744405888021,0.0,0.0,0.0,-0.0003185427103744587,1.9696277941960716e-10,1.597153032051324e-08
250,21,2,CTATCGCA,0.0013802792289787091,0.0013802871162624797,0.0019557455088943243,0.0,0.0,0.0,0.0005754583926318446,1.9696277941960716e-10,1.597153032051324e-08
250,22,4,CTATCGCA,0.19020345874966457,0.18902009397622044,0.02591497078537941,0.0,0.0,0.0,-0.16310512319084103,0.006218560111387217,0.0014851010176106794
250,22,4,CTATCGCA,0.19020345874966457,0.18902009397622044,0.026315726339817047,0.0,0.0,0.0,-0.1627043676364034,0.006218560111387217,0.0014851010176106794
250,22,4,CTATCGCA,0.19020345874966457,0.18902009397622044,0.14533641934394836,0.0,0.0,0.0,-0.043683674632272074,0.006218560111387217,0.0014851010176106794
250,22,4,CTATCGCA,0.19020345874966457,0.18902009397622044,0.03859327733516693,0.0,0.0,0.0,-0.1504268166410535,0.006218560111387217,0.0014851010176106794
250,23,3,CTATCGCA,0.03271009064914407,0.03271313715201055,0.041567131876945496,0.06704182550548496,0.06717779860607842,0.00013597310059346168,0.008853994724934942,1.6737998240423657e-05,2.5877506839883102e-05
250,23,3,CTATCGCG,-0.10137356036182583,-0.10164246006014628,-0.0988876223564148,-0.06704182550548496,-0.06717779860607842,-0.00013597310059346168,0.002754837703731486,0.001159977949667823,0.0003532788547064847
250,23,3,CTATCGCG,-0.10137356036182583,-0.10164246006014628,-0.1816091537475586,-0.06704182550548496,-0.06717779860607842,-0.00013597310059346168,-0.07996669368741231,0.001159977949667823,0.0003532788547064847
250,23,3,CTATCGCA,0.03271009064914407,0.03271313715201055,0.05509940907359123,0.06704182550548496,0.06717779860607842,0.00013597310059346168,0.02238627192158068,1.6737998240423657e-05,2.5877506839883102e-05
250,24,2,TTTGGGCC,0.022543009344376197,0.0225831586856291,0.02258315682411194,0.0,0.0,0.0,-1.8615171626379379e-09,2.048992450010001e-05,0.0001007886070059083
250,24,2,TTTGGGCC,0.022543009344376197,0.0225831586856291,0.00614263117313385,0.0,0.0,0.0,-0.01644052751249525,2.048992450010001e-05,0.0001007886070059083
250,24,2,TTTGGGCC,0.022543009344376197,0.0225831586856291,0.01228359341621399,0.0,0.0,0.0,-0.010299565269415112,2.048992450010001e-05,0.0001007886070059083
250,24,2,TTTGGGCC,0.022543009344376197,0.0225831586856291,0.02565363422036171,0.0,0.0,0.0,0.0030704755347326085,2.048992450010001e-05,0.0001007886070059083
250,25,3,CTATCGCA,0.03271009064914407,0.03271313715201055,0.013718811795115471,0.0,0.0,0.0,-0.018994325356895082,1.6737998240423657e-05,2.5877506839883102e-05
250,25,3,CTATCGCA,0.03271009064914407,0.03271313715201055,0.04626181721687317,0.0,0.0,0.0,0.013548680064862616,1.6737998240423657e-05,2.5877506839883102e-05
250,25,3,CTATCGCA,0.03271009064914407,0.03271313715201055,0.02173733338713646,0.0,0.0,0.0,-0.010975803764874094,1.6737998240423657e-05,2.5877506839883102e-05
250,25,3,CTATCGCA,0.03271009064914407,0.03271313715201055,0.016484353691339493,0.0,0.0,0.0,-0.01622878346067106,1.6737998240423657e-05,2.5877506839883102e-05
250,26,6,CGATCGCG,0.36281803904300897,0.33332127448799653,0.031153500080108643,0.16841790463228237,0.1472478025574341,-0.021170102074848263,-0.3021677744078879,0.19955674524045253,0.022576157910378036
250,26,6,CTATCGCA,0.13826083286663246,0.13699087107808441,0.24548009037971497,-0.05613930154409413,-0.04908260085247801,0.0070567006916161246,0.10848921930163055,0.009198967359855648,0.0015791966285674253
250,26,6,CTATCGCA,0.13826083286663246,0.13699087107808441,0.15212495625019073,-0.05613930154409413,-0.04908260085247801,0.0070567006916161246,0.01513408517210632,0.009198967359855648,0.0015791966285674253
250,26,6,CTATCGCA,0.13826083286663246,0.13699087107808441,0.008000713773071766,-0.05613930154409413,-0.04908260085247801,0.0070567006916161246,-0.12899015730501265,0.009198967359855648,0.0015791966285674253
250,27,6,CTATCGCA,0.127697693842673,0.1245983934179901,0.09908116608858109,-0.06927795865575082,-0.05743848648867107,0.011839472167079743,-0.025517227329409017,0.020551288514039423,0.001955485965942083
250,27,6,CTATCGCA,0.127697693842673,0.1245983934179901,0.12664209306240082,-0.06927795865575082,-0.05743848648867107,0.011839472167079743,0.0020436996444107153,0.020551288514039423,0.001955485965942083
250,27,6,CTATCGCG,0.14037431176440465,0.11768976685114267,-0.05450797080993652,-0.05660134073401915,-0.0643471130555185,-0.007745772321499353,-0.1721977376610792,0.1413736864003634,0.005266416920791439
250,27,6,CGATCGCG,0.39213291054394467,0.36126096593952184,0.6955602169036865,0.19515725804552086,0.17922408603286066,-0.0159331720126602,0.3342992509641647,0.2115693263383147,0.0263376587117774
250,28,5,CTATCGCA,0.03336595092921431,0.03340665866312378,0.033065758645534515,0.0,0.0,0.0,-0.00034090001758926153,0.00013216330743295868,0.000335701976980296
250,28,5,CTATCGCA,0.03336595092921431,0.03340665866312378,0.024476593360304832,0.0,0.0,0.0,-0.008930065302818944,0.00013216330743295868,0.000335701976980296
250,28,5,CTATCGCA,0.03336595092921431,0.03340665866312378,0.026353253051638603,0.0,0.0,0.0,-0.007053405611485174,0.00013216330743295868,0.000335701976980296
250,28,5,CTATCGCA,0.03336595092921431,0.03340665866312378,0.03448522835969925,0.0,0.0,0.0,0.0010785696965754724,0.00013216330743295868,0.000335701976980296
250,29,4,CTATCGCA,0.023611723479063464,0.023598061129102232,0.015039240941405296,0.02814951660444167,0.02880133710599847,0.0006518205015568004,-0.008558820187696936,0.00019693990803290595,0.00014229050818798106
250,29,4,CTATCGCA,0.023611723479063464,0.023598061129102232,0.027026131749153137,0.02814951660444167,0.02880133710599847,0.0006518205015568004,0.003428070620050905,0.00019693990803290595,0.00014229050818798106
250,29,4,CTATCGCG,-0.08898634293870322,-0.09160728729489165,-0.08269861340522766,-0.08444854981332502,-0.08640401131799541,-0.0019554615046703944,0.008908673889663987,0.016365636733984168,0.005881859309230464
250,29,4,CTATCGCA,0.023611723479063464,0.023598061129102232,0.024359505623579025,0.02814951660444167,0.02880133710599847,0.0006518205015568004,0.0007614444944767929,0.00019693990803290595,0.00014229050818798106
250,30,2,CTATCGCA,0.029762800829689462,0.029762674574158154,0.029762640595436096,0.0,0.0,0.0,-3.39787220582366e-08,6.320708213158888e-06,6.0681971505438526e-06
250,30,2,CTATCGCA,0.029762800829689462,0.029762674574158154,0.037219732999801636,0.0,0.0,0.0,0.007457058425643481,6.320708213158888e-06,6.0681971505438526e-06
250,30,2,CTATCGCA,0.029762800829689462,0.029762674574158154,0.03242116421461105,0.0,0.0,0.0,0.002658489640452899,6.320708213158888e-06,6.0681971505438526e-06
250,30,2,CTATCGCA,0.029762800829689462,0.029762674574158154,0.03721974045038223,0.0,0.0,0.0,0.007457065876224078,6.320708213158888e-06,6.0681971505438526e-06
250,31,3,CAATATAT,0.0343769452438506,0.034412172518689964,0.024915728718042374,0.0,0.0,0.0,-0.00949644380064759,2.224428211877738e-06,0.00010790625272996679
250,31,3,CAATATAT,0.0343769452438506,0.034412172518689964,0.03883994370698929,0.0,0.0,0.0,0.0044277711882993245,2.224428211877738e-06,0.00010790625272996679
250,31,3,CAATATAT,0.0343769452438506,0.034412172518689964,0.025279810652136803,0.0,0.0,0.0,-0.009132361866553161,2.224428211877738e-06,0.00010790625272996679
250,31,3,CAATATAT,0.0343769452438506,0.034412172518689964,0.032125286757946014,0.0,0.0,0.0,-0.0022868857607439494,2.224428211877738e-06,0.00010790625272996679
500,0,1,CTATCGCA,0.0014078180624892411,0.0014078180624892411,0.0014078180538490415,0.0,0.0,0.0,-8.640199666842818e-12,0.0,0.0
500,0,1,CTATCGCA,0.0014078180624892411,0.0014078180624892411,0.0014078180538490415,0.0,0.0,0.0,-8.640199666842818e-12,0.0,0.0
500,0,1,CTATCGCA,0.0014078180624892411,0.0014078180624892411,0.0014078180538490415,0.0,0.0,0.0,-8.640199666842818e-12,0.0,0.0
500,0,1,CTATCGCA,0.0014078180624892411,0.0014078180624892411,0.0014078180538490415,0.0,0.0,0.0,-8.640199666842818e-12,0.0,0.0
500,1,7,CTATCGCA,0.228448013129378,0.22603161995316867,0.03090663067996502,0.004394717041423024,0.00832915397007028,0.003934436928647256,-0.19512498927320365,0.02332503520824919,0.006410282974783854
500,1,7,CTATCGCG,0.21086914496368594,0.19271500407288755,0.2263507843017578,-0.013184151124269045,-0.02498746191021084,-0.011803310785941795,0.03363578022887026,0.13950310754513318,0.0124241213095444
500,1,7,CTATCGCA,0.228448013129378,0.22603161995316867,0.021037273108959198,0.004394717041423024,0.00832915397007028,0.003934436928647256,-0.20499434684420947,0.02332503520824919,0.006410282974783854
500,1,7,CTATCGCA,0.228448013129378,0.22603161995316867,0.21053734421730042,0.004394717041423024,0.00832915397007028,0.003934436928647256,-0.015494275735868257,0.02332503520824919,0.006410282974783854
500,2,4,CTATCGCA,0.02619882620854732,0.026201992480991976,0.03362985700368881,0.0,0.0,0.0,0.0074278645226968365,4.526366169188556e-05,5.7928751470509576e-05
500,2,4,CTATCGCA,0.02619882620854732,0.026201992480991976,0.00962472427636385,0.0,0.0,0.0,-0.016577268204628126,4.526366169188556e-05,5.7928751470509576e-05
500,2,4,CTATCGCA,0.02619882620854732,0.026201992480991976,0.015769753605127335,0.0,0.0,0.0,-0.010432238875864641,4.526366169188556e-05,5.7928751470509576e-05
500,2,4,CTATCGCA,0.02619882620854732,0.026201992480991976,0.02470266819000244,0.0,0.0,0.0,-0.0014993242909895343,4.526366169188556e-05,5.7928751470509576e-05
500,3,4,CGATATAT,0.016804375706401573,0.016692275800212708,0.007244318723678589,0.0,0.0,0.0,-0.00944795707653412,0.0007411673079391681,0.0002927676831837034
500,3,4,CGATATAT,0.016804375706401573,0.016692275800212708,0.012100979685783386,0.0,0.0,0.0,-0.004591296114429322,0.0007411673079391681,0.0002927676831837034
500,3,4,CGATATAT,0.016804375706401573,0.016692275800212708,0.013696554116904736,0.0,0.0,0.0,-0.0029957216833079725,0.0007411673079391681,0.0002927676831837034
500,3,4,CGATATAT,0.016804375706401573,0.016692275800212708,0.020401988178491592,0.0,0.0,0.0,0.0037097123782788843,0.0007411673079391681,0.0002927676831837034
500,4,5,CTATCGCA,0.015335688888996757,0.01533827454393073,0.023906681686639786,0.04079093058794959,0.03712374945520777,-0.003667181132741816,0.008568407142709056,0.0001469848087975456,0.00015991308346741118
500,4,5,CTATCGCC,-0.14782803346280157,-0.13315672327690037,-0.28622448444366455,-0.12237279176384874,-0.11137124836562333,0.011001543398225413,-0.15306776116676418,0.10589382752876997,0.17925037845827596
500,4,5,CTATCGCA,0.015335688888996757,0.01533827454393073,0.013935774564743042,0.04079093058794959,0.03712374945520777,-0.003667181132741816,-0.0014024999791876873,0.0001469848087975456,0.00015991308346741118
500,4,5,CTATCGCA,0.015335688888996757,0.01533827454393073,0.011756719090044498,0.04079093058794959,0.03712374945520777,-0.003667181132741816,-0.003581555453886231,0.0001469848087975456,0.00015991308346741118
500,5,5,CTATCGCA,0.022872225054953354,0.022919413571923286,0.012808579951524734,0.0012823110364169436,0.0018131168188338723,0.0005308057824169286,-0.010110833620398552,0.00030723074732097455,0.0005431733321706322
500,5,5,CTATCGCA,0.022872225054953354,0.022919413571923286,0.02667461335659027,0.0012823110364169436,0.0018131168188338723,0.0005308057824169286,0.003755199784666985,0.00030723074732097455,0.0005431733321706322
500,5,5,CTATCGCA,0.022872225054953354,0.022919413571923286,0.024332622066140175,0.0012823110364169436,0.0018131168188338723,0.0005308057824169286,0.0014132084942168888,0.00030723074732097455,0.0005431733321706322
500,5,5,CGATCGCG,0.01774298090928559,0.015666946296587804,0.011930286884307861,-0.0038469331092508205,-0.00543935045650161,-0.0015924173472507894,-0.0037366594122799426,0.021028321634014357,0.010648148570525429
500,6,3,CTATCGCA,0.0058976914447175415,0.005898406102157121,0.010940520092844963,0.0,0.0,0.0,0.0050421139906878425,4.268290415554432e-09,2.1482406091510864e-06
500,6,3,CTATCGCA,0.0058976914447175415,0.005898406102157121,0.006735845468938351,0.0,0.0,0.0,0.0008374393667812301,4.268290415554432e-09,2.1482406091510864e-06
500,6,3,CTATCGCA,0.0058976914447175415,0.005898406102157121,0.004846424795687199,0.0,0.0,0.0,-0.001051981306469922,4.268290415554432e-09,2.1482406091510864e-06
500,6,3,CTATCGCA,0.0058976914447175415,0.005898406102157121,0.006135676987469196,0.0,0.0,0.0,0.00023727088531207575,4.268290415554432e-09,2.1482406091510864e-06
500,7,5,CTATCGCA,0.1639997294685867,0.1627200914665318,0.020413734018802643,0.13152889064460152,0.1857749190376972,0.05424602839309567,-0.14230635744772915,0.009009164593185182,0.002610974582910597
500,7,5,CTTGCGCG,-0.3621158331098194,-0.5803795846842569,-0.6425068378448486,-0.3945866719338046,-0.5573247571130915,-0.1627380851792869,-0.062127253160591756,1.171547293008457,0.08022853513626949
500,7,5,CTATCGCA,0.1639997294685867,0.1627200914665318,0.019532429054379463,0.13152889064460152,0.1857749190376972,0.05424602839309567,-0.14318766241215233,0.009009164593185182,0.002610974582910597
500,7,5,CTATCGCA,0.1639997294685867,0.1627200914665318,0.1573595255613327,0.13152889064460152,0.1857749190376972,0.05424602839309567,-0.005360565905199094,0.009009164593185182,0.002610974582910597
500,8,5,CGATCGCG,0.39931516288649355,0.3556052717139151,0.4703601002693176,0.18545397375853273,0.15349949260914858,-0.03195448114938415,0.11475482855540253,0.23487635911842153,0.016326903255529324
500,8,5,CTATCGCA,0.15204319787511658,0.1509392815683837,0.015861807391047478,-0.061817991252844234,-0.051166497536382805,0.01065149371646143,-0.13507747417733623,0.008114564605689767,0.0025949830720253253
500,8,5,CTATCGCA,0.15204319787511658,0.1509392815683837,0.13008823990821838,-0.061817991252844234,-0.051166497536382805,0.01065149371646143,-0.020851041660165326,0.008114564605689767,0.0025949830720253253
500,8,5,CTATCGCA,0.15204319787511658,0.1509392815683837,0.038715463131666183,-0.061817991252844234,-0.051166497536382805,0.01065149371646143,-0.11222381843671753,0.008114564605689767,0.0025949830720253253
500,9,6,CTATCGCA,0.0026832121897840864,0.001888379207836503,0.006816508248448372,0.0,0.0,0.0,0.004928129040611869,0.005024024697735774,0.0002550268060502736
500,9,6,CTATCGCA,0.0026832121897840864,0.001888379207836503,-0.002479512244462967,0.0,0.0,0.0,-0.00436789145229947,0.005024024697735774,0.0002550268060502736
500,9,6,CTATCGCA,0.0026832121897840864,0.001888379207836503,0.000262238085269928,0.0,0.0,0.0,-0.001626141122566575,0.005024024697735774,0.0002550268060502736
500,9,6,CTATCGCA,0.0026832121897840864,0.001888379207836503,0.021533101797103882,0.0,0.0,0.0,0.019644722589267378,0.005024024697735774,0.0002550268060502736
500,10,4,CTATCGCA,0.007994220065951716,0.008003474278837075,0.0019228430464863777,0.0,0.0,0.0,-0.006080631232350697,2.8851328701118284e-06,3.990198441154724e-05
500,10,4,CTATCGCA,0.007994220065951716,0.008003474278837075,0.012045981362462044,0.0,0.0,0.0,0.004042507083624969,2.8851328701118284e-06,3.990198441154724e-05
500,10,4,CTATCGCA,0.007994220065951716,0.008003474278837075,0.001031796564348042,0.0,0.0,0.0,-0.006971677714489033,2.8851328701118284e-06,3.990198441154724e-05
500,10,4,CTATCGCA,0.007994220065951716,0.008003474278837075,0.009371895343065262,0.0,0.0,0.0,0.0013684210642281869,2.8851328701118284e-06,3.990198441154724e-05
500,11,2,CTATCGCA,0.00048553378979271367,0.0004855369516008068,0.00044187973253428936,0.0,0.0,0.0,-4.365721906651743e-05,1.216342560006467e-08,1.848704178630811e-08
500,11,2,CTATCGCA,0.00048553378979271367,0.0004855369516008068,0.0005729408003389835,0.0,0.0,0.0,8.740384873817675e-05,1.216342560006467e-08,1.848704178630811e-08
500,11,2,CTATCGCA,0.00048553378979271367,0.0004855369516008068,0.0006025735638104379,0.0,0.0,0.0,0.00011703661220963113,1.216342560006467e-08,1.848704178630811e-08
500,11,2,CTATCGCA,0.00048553378979271367,0.0004855369516008068,0.00036855999496765435,0.0,0.0,0.0,-0.00011697695663315244,1.216342560006467e-08,1.848704178630811e-08
500,12,5,CTATCGCA,0.021709461740018123,0.021735386976682314,0.02889920584857464,0.0,0.0,0.0,0.007163818871892325,7.44422854016269e-05,0.0002040684687225902
500,12,5,CTATCGCA,0.021709461740018123,0.021735386976682314,0.017577223479747772,0.0,0.0,0.0,-0.004158163496934542,7.44422854016269e-05,0.0002040684687225902
500,12,5,CTATCGCA,0.021709461740018123,0.021735386976682314,0.025545615702867508,0.0,0.0,0.0,0.003810228726185194,7.44422854016269e-05,0.0002040684687225902
500,12,5,CTATCGCA,0.021709461740018123,0.021735386976682314,0.03349427506327629,0.0,0.0,0.0,0.011758888086593977,7.44422854016269e-05,0.0002040684687225902
500,13,2,CTATCGCA,0.0042925698227841425,0.004292570412530949,0.004857748746871948,0.0,0.0,0.0,0.0005651783343409988,1.8075763108527099e-10,1.3602512449750748e-09
500,13,2,CTATCGCA,0.0042925698227841425,0.004292570412530949,0.005155023653060198,0.0,0.0,0.0,0.0008624532405292484,1.8075763108527099e-10,1.3602512449750748e-09
500,13,2,CTATCGCA,0.0042925698227841425,0.004292570412530949,0.00429254025220871,0.0,0.0,0.0,-3.016032223968068e-08,1.8075763108527099e-10,1.3602512449750748e-09
500,13,2,CTATCGCA,0.0042925698227841425,0.004292570412530949,0.0025675753131508827,0.0,0.0,0.0,-0.0017249950993800667,1.8075763108527099e-10,1.3602512449750748e-09
500,14,5,CTATCGCG,0.017749826710081518,0.013087856326695402,-0.013979673385620117,-0.02302314320071247,0.024853351169385182,0.04787649437009765,-0.02706752971231552,0.031122727836888853,0.007812875919958273
500,14,5,TTTGCGCG,-0.02419912985202064,-0.2298740240476455,0.6820281147956848,-0.06497209976281462,-0.21810852920495571,-0.1531364294421411,0.9119021388433304,1.0490798775931411,0.02070540661501674
500,14,5,CTATCGCA,0.08477059139255753,0.08486209417509549,0.1250487118959427,0.043997621481763546,0.09662758901778527,0.05262996753602173,0.040186617720847195,0.0006110506913218072,0.0010685646040116126
500,14,5,CTATCGCA,0.08477059139255753,0.08486209417509549,0.07570403814315796,0.043997621481763546,0.09662758901778527,0.05262996753602173,-0.009158056031937534,0.0006110506913218072,0.0010685646040116126
500,15,2,CTATCGCG,0.03799593481200758,0.0376053373911418,0.037605345249176025,-0.045440549058555324,-0.04453456161354552,0.0009059874450098038,7.8580342233181e-09,0.0021426363365336654,0.001361441494802107
500,15,2,CGATCGCG,0.21975813104622888,0.21574358384532388,0.2705431580543518,0.13632164717566597,0.13360368484063656,-0.0027179623350294113,0.054799574209027924,0.008208219565394081,0.00017912516358409292
500,15,2,CTATCGCG,0.03799593481200758,0.0376053373911418,0.017830736935138702,-0.045440549058555324,-0.04453456161354552,0.0009059874450098038,-0.0197746004560031,0.0021426363365336654,0.001361441494802107
500,15,2,CTATCGCG,0.03799593481200758,0.0376053373911418,0.03200981020927429,-0.045440549058555324,-0.04453456161354552,0.0009059874450098038,-0.00559552718186751,0.0021426363365336654,0.001361441494802107
500,16,4,CTATCGCA,0.028372481004273947,0.028422924798865323,0.024947255849838257,0.0,0.0,0.0,-0.0034756689490270665,4.273845024638234e-05,0.0002445136286118865
500,16,4,CTATCGCA,0.028372481004273947,0.028422924798865323,0.03420760855078697,0.0,0.0,0.0,0.005784683751921649,4.273845024638234e-05,0.0002445136286118865
500,16,4,CTATCGCA,0.028372481004273947,0.028422924798865323,0.030906137079000473,0.0,0.0,0.0,0.0024832122801351497,4.273845024638234e-05,0.0002445136286118865
500,16,4,CTATCGCA,0.028372481004273947,0.028422924798865323,0.024301722645759583,0.0,0.0,0.0,-0.004121202153105741,4.273845024638234e-05,0.0002445136286118865
500,17,3,CTATCGCA,0.002687950077780841,0.00268817967936578,0.0008922468987293541,0.0,0.0,0.0,-0.0017959327806364258,1.1512841235905569e-09,6.899560389406201e-07
500,17,3,CTATCGCA,0.002687950077780841,0.00268817967936578,0.002299444517120719,0.0,0.0,0.0,-0.000388735162245061,1.1512841235905569e-09,6.899560389406201e-07
500,17,3,CTATCGCA,0.002687950077780841,0.00268817967936578,0.0028988721314817667,0.0,0.0,0.0,0.00021069245211598675,1.1512841235905569e-09,6.899560389406201e-07
500,17,3,CTATCGCA,0.002687950077780841,0.00268817967936578,0.0017978298710659146,0.0,0.0,0.0,-0.0008903498082998653,1.1512841235905569e-09,6.899560389406201e-07
500,18,5,CTATCGCA,0.018607395239689423,0.018579291339628944,0.033931732177734375,-0.006421237743100459,-0.003342028261358765,0.0030792094817416946,0.01535244083810543,0.00030042417815248634,0.00015990467785009788
500,18,5,CTATCGCA,0.018607395239689423,0.018579291339628944,0.024591464549303055,-0.006421237743100459,-0.003342028261358765,0.0030792094817416946,0.0060121732096741105,0.00030042417815248634,0.00015990467785009788
500,18,5,CTATCGCA,0.018607395239689423,0.018579291339628944,0.018523354083299637,-0.006421237743100459,-0.003342028261358765,0.0030792094817416946,-5.593725632930743e-05,0.00030042417815248634,0.00015990467785009788
500,18,5,CTATCGCT,0.04429234621209126,0.03194740438506401,-0.03383457660675049,0.019263713229301375,0.010026084784076298,-0.009237628445225077,-0.0657819809918145,0.4992161188838171,0.43749140974868084
500,19,2,CTATCGCA,0.0005466003285649612,0.0005466005009111541,0.000706702412571758,0.0,0.0,0.0,0.00016010191166060395,5.061773222791999e-11,3.9531011797322435e-10
500,19,2,CTATCGCA,0.0005466003285649612,0.0005466005009111541,0.0005521258572116494,0.0,0.0,0.0,5.525356300495332e-06,5.061773222791999e-11,3.9531011797322435e-10
500,19,2,CTATCGCA,0.0005466003285649612,0.0005466005009111541,0.0007011174457147717,0.0,0.0,0.0,0.00015451694480361766,5.061773222791999e-11,3.9531011797322435e-10
500,19,2,CTATCGCA,0.0005466003285649612,0.0005466005009111541,7.164147973526269e-05,0.0,0.0,0.0,-0.0004749590211758914,5.061773222791999e-11,3.9531011797322435e-10
500,20,2,CGATCGCG,0.001843764412041593,0.0018438854867781629,0.0018579894676804543,0.0,0.0,0.0,1.4103980902291369e-05,5.746662479211295e-09,2.478961356189302e-07
500,20,2,CGATCGCG,0.001843764412041593,0.0018438854867781629,0.0018439152045175433,0.0,0.0,0.0,2.971773938043043e-08,5.746662479211295e-09,2.478961356189302e-07
500,20,2,CGATCGCG,0.001843764412041593,0.0018438854867781629,0.0023125633597373962,0.0,0.0,0.0,0.00046867787295923335,5.746662479211295e-09,2.478961356189302e-07
500,20,2,CGATCGCG,0.001843764412041593,0.0018438854867781629,0.0018579892348498106,0.0,0.0,0.0,1.4103748071647715e-05,5.746662479211295e-09,2.478961356189302e-07
500,21,3,CTATCGCA,0.000993139736891376,0.000993147897045447,0.0008384409593418241,0.0,0.0,0.0,-0.00015470693770362298,7.368871901558549e-10,2.5217349403083844e-08
500,21,3,CTATCGCA,0.000993139736891376,0.000993147897045447,0.0012960875174030662,0.0,0.0,0.0,0.0003029396203576191,7.368871901558549e-10,2.5217349403083844e-08
500,21,3,CTATCGCA,0.000993139736891376,0.000993147897045447,0.0007148387376219034,0.0,0.0,0.0,-0.0002783091594235436,7.368871901558549e-10,2.5217349403083844e-08
500,21,3,CTATCGCA,0.000993139736891376,0.000993147897045447,0.0008414825424551964,0.0,0.0,0.0,-0.00015166535459025065,7.368871901558549e-10,2.5217349403083844e-08
500,22,5,CTAACGCA,0.3254533947572716,0.24425120211885504,0.3543803095817566,0.23817489177378137,0.19428732848121794,-0.043887563292563436,0.11012910746290155,0.5497886612705711,0.1437776980784884
500,22,5,ACTACGGC,0.007886872392229715,-0.01479856918943554,0.0204877071082592,-0.07939163059126049,-0.06476244282707265,0.01462918776418784,0.03528627629769474,0.12409096741679249,0.010663759508466208
500,22,5,ACTACGGC,0.007886872392229715,-0.01479856918943554,-0.019201993942260742,-0.07939163059126049,-0.06476244282707265,0.01462918776418784,-0.004403424752825203,0.12409096741679249,0.010663759508466208
500,22,5,ACTACGGC,0.007886872392229715,-0.01479856918943554,-0.0012255236506462097,-0.07939163059126049,-0.06476244282707265,0.01462918776418784,0.01357304553878933,0.12409096741679249,0.010663759508466208
500,23,6,CTATCGCG,0.1854143558236719,0.16467813460898503,0.024043172597885132,-0.0013450381353634355,-0.015970501474731308,-0.014625463339367872,-0.1406349620110999,0.13391432766215416,0.009497000374032893
500,23,6,CTATCGCA,0.1872077400041565,0.18597213657529346,0.006094575393944979,0.0004483460451211452,0.005323500491577121,0.004875154446455976,-0.17987756118134848,0.011596402149751828,0.004182781576573813
500,23,6,CTATCGCA,0.1872077400041565,0.18597213657529346,0.29225683212280273,0.0004483460451211452,0.005323500491577121,0.004875154446455976,0.10628469554750927,0.011596402149751828,0.004182781576573813
500,23,6,CTATCGCA,0.1872077400041565,0.18597213657529346,0.17130643129348755,0.0004483460451211452,0.005323500491577121,0.004875154446455976,-0.014665705281805913,0.011596402149751828,0.004182781576573813
500,24,4,TGTGGGCG,0.015279050521986866,0.014477999947262177,-0.0008049272000789642,0.09610483836828121,0.0969585689830037,0.0008537306147224921,-0.015282927147341141,0.003257369766650864,5.316746775210768e-05
500,24,4,TGTGGGCG,0.015279050521986866,0.014477999947262177,0.02137339487671852,0.09610483836828121,0.0969585689830037,0.0008537306147224921,0.006895394929456344,0.003257369766650864,5.316746775210768e-05
500,24,4,TGTGAGCG,-0.369140302951138,-0.37335627598475263,-0.5009341239929199,-0.2883145151048436,-0.2908757069490111,-0.0025611918441674764,-0.1275778480081673,0.053955692827579504,0.0370918006931209
500,24,4,TGTGGGCG,0.015279050521986866,0.014477999947262177,0.014944253489375114,0.09610483836828121,0.0969585689830037,0.0008537306147224921,0.0004662535421129377,0.003257369766650864,5.316746775210768e-05
500,25,3,CTATCGCA,0.002542657585693007,0.0025428442384054506,0.0033538404386490583,0.0,0.0,0.0,0.0008109962002436077,1.0250666981903578e-10,5.600606440003819e-07
500,25,3,CTATCGCA,0.002542657585693007,0.0025428442384054506,0.0023128788452595472,0.0,0.0,0.0,-0.00022996539314590336,1.0250666981903578e-10,5.600606440003819e-07
500,25,3,CTATCGCA,0.002542657585693007,0.0025428442384054506,0.0029862408991903067,0.0,0.0,0.0,0.00044339666078485607,1.0250666981903578e-10,5.600606440003819e-07
500,25,3,CTATCGCA,0.002542657585693007,0.0025428442384054506,0.0034887799993157387,0.0,0.0,0.0,0.0009459357609102881,1.0250666981903578e-10,5.600606440003819e-07
500,26,3,CTATCGCA,0.0023905726927714774,0.0023911157127764295,0.003204834647476673,0.0,0.0,0.0,0.0008137189347002436,9.232977271622644e-09,1.6382929921288092e-06
500,26,3,CTATCGCA,0.0023905726927714774,0.0023911157127764295,0.0028376164846122265,0.0,0.0,0.0,0.00044650077183579695,9.232977271622644e-09,1.6382929921288092e-06
500,26,3,CTATCGCA,0.0023905726927714774,0.0023911157127764295,0.004170267842710018,0.0,0.0,0.0,0.0017791521299335886,9.232977271622644e-09,1.6382929921288092e-06
500,26,3,CTATCGCA,0.0023905726927714774,0.0023911157127764295,0.002676466479897499,0.0,0.0,0.0,0.00028535076712106954,9.232977271622644e-09,1.6382929921288092e-06
500,27,4,CTATCGCA,0.02255999311784327,0.0225557131281372,0.01692201755940914,0.029838256792546914,0.03133073105832784,0.001492474265780929,-0.005633695568728059,0.00022595839753844493,0.00020883843871416508
500,27,4,CTATCGCA,0.02255999311784327,0.0225557131281372,0.009478815831243992,0.029838256792546914,0.03133073105832784,0.001492474265780929,-0.013076897296893208,0.00022595839753844493,0.00020883843871416508
500,27,4,CGATCGCG,0.016571509466299927,0.013899585267305836,0.02336018905043602,0.02384977314100357,0.02267460319749648,-0.0011751699435070921,0.009460603783130184,0.022354879023633867,0.011667182227657502
500,27,4,CTATCGCG,-0.09080455040080104,-0.09411108324434281,-0.1287183165550232,-0.0835262867260974,-0.08533606531415217,-0.0018097785880547695,-0.034607233310680385,0.018562325349976927,0.005336193975809866
500,28,5,CGATCGCG,0.6832910320157469,0.67611164820949,0.5032252669334412,0.24613608120630137,0.28007460915546845,0.033938527949167074,-0.17288638127604883,0.04017686335088999,0.004279944319605544
500,28,5,CGATCGCG,0.6832910320157469,0.67611164820949,0.5979517102241516,0.24613608120630137,0.28007460915546845,0.033938527949167074,-0.07815993798533838,0.04017686335088999,0.004279944319605544
500,28,5,CGGTCGCG,-0.30125329280945856,-0.44418678841238374,-0.5421845316886902,-0.7384082436189041,-0.8402238274664053,-0.10181558384750122,-0.09799774327630645,0.7147036765605181,3.61985458924019e-05
500,28,5,CGATCGCG,0.6832910320157469,0.67611164820949,0.866270899772644,0.24613608120630137,0.28007460915546845,0.033938527949167074,0.19015925156315405,0.04017686335088999,0.004279944319605544
500,29,2,CTATCGCA,0.00048553378979271367,0.0004855369516008068,0.0004122469399590045,0.0,0.0,0.0,-7.329001164180227e-05,1.216342560006467e-08,1.848704178630811e-08
500,29,2,CTATCGCA,0.00048553378979271367,0.0004855369516008068,0.0006025735638104379,0.0,0.0,0.0,0.00011703661220963113,1.216342560006467e-08,1.848704178630811e-08
500,29,2,CTATCGCA,0.00048553378979271367,0.0004855369516008068,0.0004122469399590045,0.0,0.0,0.0,-7.329001164180227e-05,1.216342560006467e-08,1.848704178630811e-08
500,29,2,CTATCGCA,0.00048553378979271367,0.0004855369516008068,0.00044187973253428936,0.0,0.0,0.0,-4.365721906651743e-05,1.216342560006467e-08,1.848704178630811e-08
500,30,3,CTATCGCA,0.000993139736891376,0.000993147897045447,0.001187091926112771,0.0,0.0,0.0,0.000193944029067324,7.368871901558549e-10,2.5217349403083844e-08
500,30,3,CTATCGCA,0.000993139736891376,0.000993147897045447,0.0011900777462869883,0.0,0.0,0.0,0.00019692984924154122,7.368871901558549e-10,2.5217349403083844e-08
500,30,3,CTATCGCA,0.000993139736891376,0.000993147897045447,0.0008839663350954652,0.0,0.0,0.0,-0.00010918156194998185,7.368871901558549e-10,2.5217349403083844e-08
500,30,3,CTATCGCA,0.000993139736891376,0.000993147897045447,0.001187091926112771,0.0,0.0,0.0,0.000193944029067324,7.368871901558549e-10,2.5217349403083844e-08
500,31,4,CTATCGCA,0.0010894007236303231,0.001089543652028624,0.0012135469587519765,0.0,0.0,0.0,0.00012400330672335258,1.000682157970001e-08,5.817204147828825e-07
500,31,4,CTATCGCA,0.0010894007236303231,0.001089543652028624,0.0015135261928662658,0.0,0.0,0.0,0.00042398254083764186,1.000682157970001e-08,5.817204147828825e-07
500,31,4,CTATCGCA,0.0010894007236303231,0.001089543652028624,0.0011642106110230088,0.0,0.0,0.0,7.466695899438491e-05,1.000682157970001e-08,5.817204147828825e-07
500,31,4,CTATCGCA,0.0010894007236303231,0.001089543652028624,0.0011013612383976579,0.0,0.0,0.0,1.1817586369033961e-05,1.000682157970001e-08,5.817204147828825e-07
1000,0,5,TTTGCGCG,0.495016320187588,0.4932403167551859,0.63260817527771,0.1138863795489854,0.1621265007798144,0.04824012123082899,0.13936785852252404,0.017492521023849683,0.008612503861839205
1000,0,5,TTTACGCC,0.03947080199164636,-0.1552656863640717,-0.01120060682296753,-0.34165913864695624,-0.48637950233944327,-0.14472036369248703,0.14406507954110417,0.9883051997940298,0.014622758015439441
1000,0,5,TTTGCGCG,0.495016320187588,0.4932403167551859,0.15672554075717926,0.1138863795489854,0.1621265007798144,0.04824012123082899,-0.33651477599800667,0.017492521023849683,0.008612503861839205
1000,0,5,TTTGCGCG,0.495016320187588,0.4932403167551859,0.4180939495563507,0.1138863795489854,0.1621265007798144,0.04824012123082899,-0.07514636719883522,0.017492521023849683,0.008612503861839205
1000,1,6,CTATCGCA,0.11682943062771307,0.11229375043600125,0.00595675315707922,-0.14733793398623868,-0.1234904450001859,0.02384748898605278,-0.10633699727892203,0.03088589039365003,0.003671809243378954
1000,1,6,CGATCGCG,0.41150529860019036,0.3592746404363731,0.11849106848239899,0.14733793398623862,0.12349044500018594,-0.023847488986052684,-0.2407835719539741,0.3311643522900285,0.017780403307124715
1000,1,6,CGATCGCG,0.41150529860019036,0.3592746404363731,1.2010911703109741,0.14733793398623862,0.12349044500018594,-0.023847488986052684,0.841816529874601,0.3311643522900285,0.017780403307124715
1000,1,6,CTATCGCA,0.11682943062771307,0.11229375043600125,0.15648066997528076,-0.14733793398623868,-0.1234904450001859,0.02384748898605278,0.044186919539279515,0.03088589039365003,0.003671809243378954
1000,2,4,CGATCGCG,0.0007493401749745429,0.00033176353183728136,-0.015672221779823303,0.06852317834035987,0.08238374180594205,0.013860563465582176,-0.016003985311660585,0.0017802508504199954,0.00010994427787094918
1000,2,4,CGATCGCA,-0.13629701650574522,-0.1644357200800468,-0.25452160835266113,-0.06852317834035988,-0.08238374180594205,-0.013860563465582162,-0.09008588827261432,0.1474867761767955,0.034931961879589135
1000,2,4,CGATCGCG,0.0007493401749745429,0.00033176353183728136,0.0033242059871554375,0.06852317834035987,0.08238374180594205,0.013860563465582176,0.002992442455318156,0.0017802508504199954,0.00010994427787094918
1000,2,4,CGATCGCA,-0.13629701650574522,-0.1644357200800468,-0.2540278434753418,-0.06852317834035988,-0.08238374180594205,-0.013860563465582162,-0.08959212339529499,0.1474867761767955,0.034931961879589135
1000,3,4,CTATCGCG,-0.09197370898626273,-0.09179420361719326,-0.08664429187774658,-0.08357148682756677,-0.0835278570361169,4.362979144986734e-05,0.005149911739446678,0.004423260009674745,0.005141281485952609
1000,3,4,CTATCGCA,0.019454940117159626,0.019576272430962605,0.01588277891278267,0.02785716227585559,0.027842619012038966,-1.4543263816623603e-05,-0.0036934935181799355,0.00014602260674398404,0.0006313518619558978
1000,3,4,CTATCGCA,0.019454940117159626,0.019576272430962605,0.008843211457133293,0.02785716227585559,0.027842619012038966,-1.4543263816623603e-05,-0.010733060973829311,0.00014602260674398404,0.0006313518619558978
1000,3,4,CTATCGCA,0.019454940117159626,0.019576272430962605,0.008802801370620728,0.02785716227585559,0.027842619012038966,-1.4543263816623603e-05,-0.010773471060341877,0.00014602260674398404,0.0006313518619558978
1000,4,6,CGATCGCG,0.5118083559320723,0.48522635644497897,0.9239845275878906,-0.010307416405351155,0.04119653436638754,0.051503950771738694,0.43875817114291166,0.1737340889371925,0.014242092014632224
1000,4,6,CGATATAT,0.6870177063350611,0.5758118539937046,0.06370019912719727,0.16490193399763764,0.13178203191511317,-0.033119902082524466,-0.5121116548665073,0.918402634353175,0.2511675203050361
1000,4,6,CGATCTAT,0.3778286711504882,0.22985472143070318,0.8232058882713318,-0.14428710118693527,-0.21417510064788825,-0.06988799946095298,0.5933511668406286,1.097070801387202,0.2092271030684918
1000,4,6,CGATCGCG,0.5118083559320723,0.48522635644497897,-0.04287697374820709,-0.010307416405351155,0.04119653436638754,0.051503950771738694,-0.5281033301931861,0.1737340889371925,0.014242092014632224
1000,5,5,CTATCGCA,0.0028611135628936967,0.0028612787849665367,0.0019707530736923218,0.0,0.0,0.0,-0.000890525711274215,6.137632334035636e-07,1.439873597602892e-06
1000,5,5,CTATCGCA,0.0028611135628936967,0.0028612787849665367,0.0014413930475711823,0.0,0.0,0.0,-0.0014198857373953545,6.137632334035636e-07,1.439873597602892e-06
1000,5,5,CTATCGCA,0.0028611135628936967,0.0028612787849665367,0.0029247503262013197,0.0,0.0,0.0,6.347154123478296e-05,6.137632334035636e-07,1.439873597602892e-06
1000,5,5,CTATCGCA,0.0028611135628936967,0.0028612787849665367,0.003695338498800993,0.0,0.0,0.0,0.0008340597138344562,6.137632334035636e-07,1.439873597602892e-06
1000,6,7,TTTAGGCC,0.022101227411163802,0.0220756554515236,0.02451697550714016,0.0,0.0,0.0,0.0024413200556165603,0.0005764094072240739,0.00039740568974264145
1000,6,7,TTTAGGCC,0.022101227411163802,0.0220756554515236,0.008736234158277512,0.0,0.0,0.0,-0.013339421293246088,0.0005764094072240739,0.00039740568974264145
1000,6,7,TTTAGGCC,0.022101227411163802,0.0220756554515236,0.04535951092839241,0.0,0.0,0.0,0.02328385547686881,0.0005764094072240739,0.00039740568974264145
1000,6,7,TTTAGGCC,0.022101227411163802,0.0220756554515236,0.0289781354367733,0.0,0.0,0.0,0.006902479985249701,0.0005764094072240739,0.00039740568974264145
1000,7,3,CGGTCGCG,-0.5261568955638177,-0.8884605106306682,-0.6227501034736633,-0.5004114643283158,-0.6281732293001469,-0.127761764971831,0.2657104071570049,1.0872359459275562,0.00032510072700497883
1000,7,3,CGGTCGCG,-0.5261568955638177,-0.8884605106306682,-0.647560179233551,-0.5004114643283158,-0.6281732293001469,-0.127761764971831,0.2409003313971172,1.0872359459275562,0.00032510072700497883
1000,7,3,CTATCGCG,0.4746660330928139,0.36788594796962554,0.5490720868110657,0.5004114643283158,0.628173229300147,0.12776176497183112,0.18118613884144014,0.3227812536647774,0.002440998295212271
1000,7,3,CTATCGCG,0.4746660330928139,0.36788594796962554,0.21716460585594177,0.5004114643283158,0.628173229300147,0.12776176497183112,-0.15072134211368376,0.3227812536647774,0.002440998295212271
1000,8,2,CGATCGCG,1.5533186577542515,1.5450928332284095,1.9349594116210938,0.0,0.0,0.0,0.38986657839268424,0.02494756909044238,0.008495920038758431
1000,8,2,CGATCGCG,1.5533186577542515,1.5450928332284095,1.9349594116210938,0.0,0.0,0.0,0.38986657839268424,0.02494756909044238,0.008495920038758431
1000,8,2,CGATCGCG,1.5533186577542515,1.5450928332284095,1.5450929403305054,0.0,0.0,0.0,1.0710209585873542e-07,0.02494756909044238,0.008495920038758431
1000,8,2,CGATCGCG,1.5533186577542515,1.5450928332284095,1.9349594116210938,0.0,0.0,0.0,0.38986657839268424,0.02494756909044238,0.008495920038758431
1000,9,6,CTATCGCA,0.11952289820423767,0.11534035288469975,0.10773119330406189,-0.2205679073575042,-0.18083429404769924,0.03973361330980496,-0.0076091595806378615,0.028153873420242836,0.0030586015030154012
1000,9,6,CGATCGCG,0.41765851293152806,0.37583030084098024,0.4155101180076599,0.07756770736978619,0.07965565390858126,0.0020879465387950713,0.039679817166679676,0.2774108517691032,0.026441579225815914
1000,9,6,CGATATCG,0.7036589129069643,0.5781875811192162,0.8956961631774902,0.3635681073452224,0.2820129341868172,-0.08155517315840516,0.31750858205827404,1.0961591300559173,0.34333113932942894
1000,9,6,CTATCGCA,0.11952289820423767,0.11534035288469975,0.016976896673440933,-0.2205679073575042,-0.18083429404769924,0.03973361330980496,-0.09836345621125882,0.028153873420242836,0.0030586015030154012
1000,10,4,CGATCGCG,0.819090842570306,0.8164221098977579,0.4742676913738251,0.3265343023255861,0.39756190220790205,0.07102759988231594,-0.3421544185239328,0.021046810746584377,0.010371880056391891
1000,10,4,CGATCGCG,0.819090842570306,0.8164221098977579,0.5045776963233948,0.3265343023255861,0.39756190220790205,0.07102759988231594,-0.3118444135743631,0.021046810746584377,0.010371880056391891
1000,10,4,CGATCGCG,0.819090842570306,0.8164221098977579,0.48752546310424805,0.3265343023255861,0.39756190220790205,0.07102759988231594,-0.32889664679350983,0.021046810746584377,0.010371880056391891
1000,10,4,CGGTCGCG,-0.4870463667320383,-0.7738254989338504,-0.9509732723236084,-0.9796029069767582,-1.1926857066237062,-0.21308279964694798,-0.17714777338975796,1.1471356177586438,1.9088951395324072e-05
1000,11,4,CGATCTAT,-0.10763221409665635,-0.1696928822542152,0.11281609535217285,-0.058165015889864655,-0.0958979779525179,-0.03773296206265324,0.28250897760638805,0.3858684372554899,0.13762576462525455
1000,11,4,CGATCGCG,-0.030078859576836807,-0.041828911650858,0.011202155612409115,0.019388338629954892,0.0319659926508393,0.012577654020884406,0.05303106726326712,0.04894496536918924,0.0019447570731044583
1000,11,4,CGATCGCG,-0.030078859576836807,-0.041828911650858,0.012723013758659363,0.019388338629954892,0.0319659926508393,0.012577654020884406,0.054551925409517366,0.04894496536918924,0.0019447570731044583
1000,11,4,CGATCGCG,-0.030078859576836807,-0.041828911650858,0.01754496619105339,0.019388338629954892,0.0319659926508393,0.012577654020884406,0.05937387784191139,0.04894496536918924,0.0019447570731044583
1000,12,4,TTTAGGCC,0.000720680655229386,0.0007207002579205923,0.0005525118904188275,0.0,0.0,0.0,-0.0001681883675017648,1.2254086634300165e-13,7.84108873663758e-08
1000,12,4,TTTAGGCC,0.000720680655229386,0.0007207002579205923,0.00038954082992859185,0.0,0.0,0.0,-0.0003311594279920005,1.2254086634300165e-13,7.84108873663758e-08
1000,12,4,TTTAGGCC,0.000720680655229386,0.0007207002579205923,0.0008173923124559224,0.0,0.0,0.0,9.669205453533003e-05,1.2254086634300165e-13,7.84108873663758e-08
1000,12,4,TTTAGGCC,0.000720680655229386,0.0007207002579205923,0.0009752546902745962,0.0,0.0,0.0,0.0002545544323540039,1.2254086634300165e-13,7.84108873663758e-08
1000,13,6,CTATCGCA,0.11952289820423767,0.11534035288469975,0.1190764456987381,-0.06473001595816444,-0.050291899679758265,0.014438116278406174,0.003736092814038347,0.028153873420242836,0.0030586015030154012
1000,13,6,CTATCGCG,0.08030734730960498,0.05601800364745232,0.022920727729797363,-0.10394556685279713,-0.10961424891700569,-0.005668682064208563,-0.033097275917654954,0.15334463825239864,0.007608576279482637
1000,13,6,CGATCGCG,0.41765851293152806,0.37583030084098024,0.25543710589408875,0.23340559876912595,0.21019804827652222,-0.02320755049260373,-0.12039319494689149,0.2774108517691032,0.026441579225815914
1000,13,6,CTATCGCA,0.11952289820423767,0.11534035288469975,0.11614250391721725,-0.06473001595816444,-0.050291899679758265,0.014438116278406174,0.0008021510325175035,0.028153873420242836,0.0030586015030154012
1000,14,3,CAATATAT,-0.16695647985399686,-0.17470092909287724,-0.10493281483650208,-0.1761540451497635,-0.18235464384997624,-0.0062005987002127505,0.06976811425637516,0.038379568178488865,0.01514622046184777
1000,14,3,CGATATAT,0.06791558034568777,0.06843859604042442,0.07286246865987778,0.05871801504992116,0.06078488128332542,0.002066866233404255,0.004423872619453359,0.0021569617913861916,0.003726008875596154
1000,14,3,CGATATAT,0.06791558034568777,0.06843859604042442,0.04314272850751877,0.05871801504992116,0.06078488128332542,0.002066866233404255,-0.02529586753290565,0.0021569617913861916,0.003726008875596154
1000,14,3,CGATATAT,0.06791558034568777,0.06843859604042442,0.07282117009162903,0.05871801504992116,0.06078488128332542,0.002066866233404255,0.00438257405120461,0.0021569617913861916,0.003726008875596154
1000,15,4,CTATCGCA,0.027385248904686396,0.027413645480621085,0.008694998919963837,0.0,0.0,0.0,-0.01871864656065725,4.226738028428878e-05,0.000155853684023044
1000,15,4,CTATCGCA,0.027385248904686396,0.027413645480621085,0.01893557980656624,0.0,0.0,0.0,-0.008478065674054847,4.226738028428878e-05,0.000155853684023044
1000,15,4,CTATCGCA,0.027385248904686396,0.027413645480621085,0.002889808965846896,0.0,0.0,0.0,-0.02452383651477419,4.226738028428878e-05,0.000155853684023044
1000,15,4,CTATCGCA,0.027385248904686396,0.027413645480621085,0.047872669994831085,0.0,0.0,0.0,0.02045902451421,4.226738028428878e-05,0.000155853684023044
1000,16,6,CTATCGCA,0.018614723817627743,0.01873627272851186,0.021040568128228188,0.0,0.0,0.0,0.0023042953997163274,5.8911242297341945e-06,0.000735184589534435
1000,16,6,CTATCGCA,0.018614723817627743,0.01873627272851186,0.01917688548564911,0.0,0.0,0.0,0.0004406127571372487,5.8911242297341945e-06,0.000735184589534435
1000,16,6,CTATCGCA,0.018614723817627743,0.01873627272851186,0.0202507171779871,0.0,0.0,0.0,0.0015144444494752385,5.8911242297341945e-06,0.000735184589534435
1000,16,6,CTATCGCA,0.018614723817627743,0.01873627272851186,0.010228607803583145,0.0,0.0,0.0,-0.008507664924928715,5.8911242297341945e-06,0.000735184589534435
1000,17,6,CGATCGCG,0.42301060459890505,0.38303842674597127,0.27727681398391724,0.2302138429677816,0.2038983436483952,-0.0263154993193864,-0.10576161276205404,0.26617072582937995,0.0263376587117774
1000,17,6,CTATCGCA,0.11605881397519623,0.11117396854811101,0.019432928413152695,-0.07673794765592722,-0.06796611454946505,0.008771833106462165,-0.09174104013495832,0.031264558528453334,0.001955485965942083
1000,17,6,CTATCGCA,0.11605881397519623,0.11117396854811101,0.2443365901708603,-0.07673794765592722,-0.06796611454946505,0.008771833106462165,0.13316262162274928,0.031264558528453334,0.001955485965942083
1000,17,6,CTATCGCA,0.11605881397519623,0.11117396854811101,0.1728365421295166,-0.07673794765592722,-0.06796611454946505,0.008771833106462165,0.06166257358140559,0.031264558528453334,0.001955485965942083
1000,18,3,CTATCGCC,-0.07290676875710529,-0.07337664024817066,-0.042382363229990005,0.0,0.0,0.0,0.030994277018180652,0.001453867980897694,4.4253507701597083e-05
1000,18,3,CTATCGCC,-0.07290676875710529,-0.07337664024817066,-0.12887287139892578,0.0,0.0,0.0,-0.055496231150755124,0.001453867980897694,4.4253507701597083e-05
1000,18,3,CTATCGCC,-0.07290676875710529,-0.07337664024817066,-0.05190687254071236,0.0,0.0,0.0,0.0214697677074583,0.001453867980897694,4.4253507701597083e-05
1000,18,3,CTATCGCC,-0.07290676875710529,-0.07337664024817066,-0.05391528084874153,0.0,0.0,0.0,0.019461359399429126,0.001453867980897694,4.4253507701597083e-05
1000,19,4,CTATCGCG,-0.024617383095761114,-0.026856119048294658,-0.021850571036338806,-0.15795176305105826,-0.15678242550036722,0.0011693375506910408,0.0050055480119558515,0.011342822401660735,0.00238787859152656
1000,19,4,CGATCGCG,0.18598496763898323,0.18218711495219497,0.20645980536937714,0.05265058768368608,0.05226080850012241,-0.00038977918356367103,0.024272690417182163,0.016277661692369993,0.001086250945216971
1000,19,4,CGATCGCG,0.18598496763898323,0.18218711495219497,0.058405552059412,0.05265058768368608,0.05226080850012241,-0.00038977918356367103,-0.12378156289278297,0.016277661692369993,0.001086250945216971
1000,19,4,CGATCGCG,0.18598496763898323,0.18218711495219497,0.24383896589279175,0.05265058768368608,0.05226080850012241,-0.00038977918356367103,0.061651850940596775,0.016277661692369993,0.001086250945216971
1000,20,8,CTATCGCA,0.17467655502734375,0.16320657509946712,0.029753148555755615,0.10875118673381477,0.1412188788137025,0.032467692079887714,-0.1334534265437115,0.09698359866455852,0.005223759241545611
1000,20,8,AGGTCGTC,-0.26032819190791534,-0.4016689401553428,-0.41752052307128906,-0.3262535602014443,-0.42365663644110746,-0.09740307623966316,-0.01585158291594624,1.3828787027075222,0.25215271672810236
1000,20,8,CTATCGCA,0.17467655502734375,0.16320657509946712,0.25033602118492126,0.10875118673381477,0.1412188788137025,0.032467692079887714,0.08712944608545414,0.09698359866455852,0.005223759241545611
1000,20,8,CTATCGCA,0.17467655502734375,0.16320657509946712,0.010521712712943554,0.10875118673381477,0.1412188788137025,0.032467692079887714,-0.15268486238652357,0.09698359866455852,0.005223759241545611
1000,21,3,CTATCGCA,0.002503137659421765,0.002503257640070311,0.0010750449728220701,0.0,0.0,0.0,-0.001428212667248241,4.093454714082512e-09,3.640354003520141e-07
1000,21,3,CTATCGCA,0.002503137659421765,0.002503257640070311,0.0026535880751907825,0.0,0.0,0.0,0.0001503304351204715,4.093454714082512e-09,3.640354003520141e-07
1000,21,3,CTATCGCA,0.002503137659421765,0.002503257640070311,0.0032915612682700157,0.0,0.0,0.0,0.0007883036281997047,4.093454714082512e-09,3.640354003520141e-07
1000,21,3,CTATCGCA,0.002503137659421765,0.002503257640070311,0.002392770955339074,0.0,0.0,0.0,-0.0001104866847312369,4.093454714082512e-09,3.640354003520141e-07
1000,22,7,ATATCGCC,0.622060516409937,0.5349292110748015,0.5858842134475708,0.30448123469336846,0.24905308704026197,-0.055428147653106496,0.05095500237276929,0.8478117665965126,0.23789262925056498
1000,22,7,CTATCGCA,0.21608553681877904,0.2028584283544522,0.00315329572185874,-0.10149374489778948,-0.08301769568008735,0.01847604921770213,-0.19970513263259346,0.09611165854673065,0.0035218992964427542
1000,22,7,CTATCGCA,0.21608553681877904,0.2028584283544522,0.035948701202869415,-0.10149374489778948,-0.08301769568008735,0.01847604921770213,-0.16690972715158278,0.09611165854673065,0.0035218992964427542
1000,22,7,CTATCGCA,0.21608553681877904,0.2028584283544522,0.5084009766578674,-0.10149374489778948,-0.08301769568008735,0.01847604921770213,0.3055425483034152,0.09611165854673065,0.0035218992964427542
1000,23,6,CTATCGCA,0.010292265054216584,0.010076022828190498,0.015173308551311493,0.0,0.0,0.0,0.005097285723120995,0.0015524801622067985,0.0002550268060502736
1000,23,6,CTATCGCA,0.010292265054216584,0.010076022828190498,0.00696411170065403,0.0,0.0,0.0,-0.0031119111275364677,0.0015524801622067985,0.0002550268060502736
1000,23,6,CTATCGCA,0.010292265054216584,0.010076022828190498,0.016483712941408157,0.0,0.0,0.0,0.00640769011321766,0.0015524801622067985,0.0002550268060502736
1000,23,6,CTATCGCA,0.010292265054216584,0.010076022828190498,0.015449155122041702,0.0,0.0,0.0,0.005373132293851205,0.0015524801622067985,0.0002550268060502736
1000,24,1,CTATCGCA,0.002629963270010194,0.002629963270010194,0.0026298444718122482,0.0,0.0,0.0,-1.1879819794557989e-07,0.0,0.0
1000,24,1,CTATCGCA,0.002629963270010194,0.002629963270010194,0.0026298444718122482,0.0,0.0,0.0,-1.1879819794557989e-07,0.0,0.0
1000,24,1,CTATCGCA,0.002629963270010194,0.002629963270010194,0.0026298444718122482,0.0,0.0,0.0,-1.1879819794557989e-07,0.0,0.0
1000,24,1,CTATCGCA,0.002629963270010194,0.002629963270010194,0.0026298444718122482,0.0,0.0,0.0,-1.1879819794557989e-07,0.0,0.0
1000,25,5,CTATCGCA,0.020147195552219846,0.02020520243049777,0.005240650847554207,0.0,0.0,0.0,-0.014964551582943564,6.4658739581374e-06,0.00029650026534776275
1000,25,5,CTATCGCA,0.020147195552219846,0.02020520243049777,0.025894520804286003,0.0,0.0,0.0,0.005689318373788232,6.4658739581374e-06,0.00029650026534776275
1000,25,5,CTATCGCA,0.020147195552219846,0.02020520243049777,0.039826083928346634,0.0,0.0,0.0,0.019620881497848863,6.4658739581374e-06,0.00029650026534776275
1000,25,5,CTATCGCA,0.020147195552219846,0.02020520243049777,0.026151152327656746,0.0,0.0,0.0,0.005945949897158975,6.4658739581374e-06,0.00029650026534776275
1000,26,2,CTATCGCA,0.004286341562644014,0.004286342046583513,0.004857748746871948,0.0,0.0,0.0,0.0005714067002884349,3.9237224580546126e-10,1.3602512449750748e-09
1000,26,2,CTATCGCA,0.004286341562644014,0.004286342046583513,0.004576642997562885,0.0,0.0,0.0,0.0002903009509793719,3.9237224580546126e-10,1.3602512449750748e-09
1000,26,2,CTATCGCA,0.004286341562644014,0.004286342046583513,0.004857748746871948,0.0,0.0,0.0,0.0005714067002884349,3.9237224580546126e-10,1.3602512449750748e-09
1000,26,2,CTATCGCA,0.004286341562644014,0.004286342046583513,0.0051481095142662525,0.0,0.0,0.0,0.0008617674676827392,3.9237224580546126e-10,1.3602512449750748e-09
1000,27,4,CGGTCGTG,-0.22316981486948895,-0.3935924293229558,-0.5950021743774414,-0.8273334927078435,-0.9512726315556574,-0.12393913884781393,-0.2014097450544856,0.6990716261824916,0.017381168368624245
1000,27,4,CGATCGCG,0.879941508740969,0.8747710794179209,0.8576139211654663,0.27577783090261443,0.3170908771852192,0.04131304628260479,-0.017157158252454563,0.02279024829105411,0.0021085309988615464
1000,27,4,CGATCGCG,0.879941508740969,0.8747710794179209,1.1470155715942383,0.27577783090261443,0.3170908771852192,0.04131304628260479,0.2722444921763174,0.02279024829105411,0.0021085309988615464
1000,27,4,CGATCGCG,0.879941508740969,0.8747710794179209,0.2362377643585205,0.27577783090261443,0.3170908771852192,0.04131304628260479,-0.6385333150594004,0.02279024829105411,0.0021085309988615464
1000,28,5,CTATCGCA,0.015656701233359632,0.015695830258621334,0.0142417773604393,0.022471775467454647,0.022544875291307373,7.30998238527257e-05,-0.001454052898182033,0.00022408440488372317,0.00041972953119223666
1000,28,5,CTATCGCA,0.015656701233359632,0.015695830258621334,0.02127598598599434,0.022471775467454647,0.022544875291307373,7.30998238527257e-05,0.005580155727373005,0.00022408440488372317,0.00041972953119223666
1000,28,5,CTATCGCG,-0.07423040063645896,-0.07448367090660817,-0.06407836079597473,-0.06741532640236395,-0.06763462587392212,-0.00021929947155817364,0.010405310110633434,0.005451222375222997,0.004184871024476955
1000,28,5,CTATCGCA,0.015656701233359632,0.015695830258621334,0.011782504618167877,0.022471775467454647,0.022544875291307373,7.30998238527257e-05,-0.003913325640453456,0.00022408440488372317,0.00041972953119223666
1000,29,4,TTTAGGCC,0.13630954978733412,0.1335794187148528,0.09187595546245575,0.05359542111738011,0.054957421793146805,0.0013620006757666947,-0.041703463252397044,0.012819174815294598,0.0018986505253693053
1000,29,4,TTTGGGCC,-0.0780721346821863,-0.08625026845773442,-0.03013893961906433,-0.1607862633521403,-0.1648722653794404,-0.004086002027300112,0.056111328838670094,0.033737676738605504,0.001025141636412985
1000,29,4,TTTAGGCC,0.13630954978733412,0.1335794187148528,0.0978826954960823,0.05359542111738011,0.054957421793146805,0.0013620006757666947,-0.03569672321877049,0.012819174815294598,0.0018986505253693053
1000,29,4,TTTAGGCC,0.13630954978733412,0.1335794187148528,0.1366744190454483,0.05359542111738011,0.054957421793146805,0.0013620006757666947,0.00309500033059551,0.012819174815294598,0.0018986505253693053
1000,30,3,CTATCGCG,0.4831804742465337,0.3656311350771122,0.03123795986175537,0.008962318308065376,0.014471191380936166,0.00550887307287079,-0.33439317521535683,0.3649560162287626,0.012307998720498148
1000,30,3,CGGTCGCG,-0.5198618365960458,-0.876971840273149,-0.6204609274864197,-0.9940799925345141,-1.228131783969325,-0.23405179143481103,0.25651091278672933,1.072185049448663,0.0008550384173535708
1000,30,3,CGATCGCG,0.9667769930516927,0.9579902399903705,0.5198428630828857,0.4925588371132244,0.6068302962941945,0.11427145918097009,-0.43814737690748473,0.042467422893662676,0.016107163709695893
1000,30,3,CGATCGCG,0.9667769930516927,0.9579902399903705,0.6039110422134399,0.4925588371132244,0.6068302962941945,0.11427145918097009,-0.35407919777693053,0.042467422893662676,0.016107163709695893
1000,31,4,CTATCGCA,0.0016565334726896825,0.0016570274144575015,0.0022907466627657413,0.0,0.0,0.0,0.0006337192483082399,1.5193084741682572e-07,2.1276979186926614e-06
1000,31,4,CTATCGCA,0.0016565334726896825,0.0016570274144575015,0.0019332790980115533,0.0,0.0,0.0,0.00027625168355405183,1.5193084741682572e-07,2.1276979186926614e-06
1000,31,4,CTATCGCA,0.0016565334726896825,0.0016570274144575015,0.0010461113415658474,0.0,0.0,0.0,-0.0006109160728916541,1.5193084741682572e-07,2.1276979186926614e-06
1000,31,4,CTATCGCA,0.0016565334726896825,0.0016570274144575015,0.0011342683574184775,0.0,0.0,0.0,-0.0005227590570390239,1.5193084741682572e-07,2.1276979186926614e-06
2000,0,6,TTTAGGCC,0.0033746626289964297,0.003146341526651053,0.0029849521815776825,0.0,0.0,0.0,-0.00016138934507337055,0.0014049183568682344,3.499174279597561e-05
2000,0,6,TTTAGGCC,0.0033746626289964297,0.003146341526651053,0.0053463289514184,0.0,0.0,0.0,0.0021999874247673468,0.0014049183568682344,3.499174279597561e-05
2000,0,6,TTTAGGCC,0.0033746626289964297,0.003146341526651053,-0.0033223293721675873,0.0,0.0,0.0,-0.00646867089881864,0.0014049183568682344,3.499174279597561e-05
2000,0,6,TTTAGGCC,0.0033746626289964297,0.003146341526651053,0.003934819251298904,0.0,0.0,0.0,0.0007884777246478514,0.0014049183568682344,3.499174279597561e-05
2000,1,2,CTATCGCG,-0.13248398260196503,-0.1325197150617896,-0.05931740999221802,-0.11408465026295617,-0.11411083369421249,-2.6183431256321388e-05,0.0732023050695716,0.0001329491930404103,6.148427339125462e-05
2000,1,2,CTATCGCA,0.019628884415309855,0.019628063197160373,0.024144381284713745,0.03802821675431872,0.038036944564737496,8.727810418773796e-06,0.004516318087553373,2.3110656980351862e-06,6.686293990698644e-07
2000,1,2,CTATCGCA,0.019628884415309855,0.019628063197160373,0.008984357118606567,0.03802821675431872,0.038036944564737496,8.727810418773796e-06,-0.010643706078553805,2.3110656980351862e-06,6.686293990698644e-07
2000,1,2,CTATCGCA,0.019628884415309855,0.019628063197160373,0.02123914286494255,0.03802821675431872,0.038036944564737496,8.727810418773796e-06,0.0016110796677821781,2.3110656980351862e-06,6.686293990698644e-07
2000,2,3,CTATCGCA,0.00043220269133039296,0.00043223328354239737,0.00039444604772143066,0.0,0.0,0.0,-3.778723582096671e-05,2.252135061775462e-09,9.402877107489438e-08
2000,2,3,CTATCGCA,0.00043220269133039296,0.00043223328354239737,0.00041676434921100736,0.0,0.0,0.0,-1.5468934331390016e-05,2.252135061775462e-09,9.402877107489438e-08
2000,2,3,CTATCGCA,0.00043220269133039296,0.00043223328354239737,0.0005383237148635089,0.0,0.0,0.0,0.00010609043132111157,2.252135061775462e-09,9.402877107489438e-08
2000,2,3,CTATCGCA,0.00043220269133039296,0.00043223328354239737,0.0006288576405495405,0.0,0.0,0.0,0.00019662435700714315,2.252135061775462e-09,9.402877107489438e-08
2000,3,4,CTATCGCA,0.011854472145277522,0.011880243731558493,0.0058279274962842464,0.0,0.0,0.0,-0.0060523162352742466,9.07173358065394e-07,0.00010399351848194849
2000,3,4,CTATCGCA,0.011854472145277522,0.011880243731558493,0.00836032722145319,0.0,0.0,0.0,-0.003519916510105303,9.07173358065394e-07,0.00010399351848194849
2000,3,4,CTATCGCA,0.011854472145277522,0.011880243731558493,0.016061654314398766,0.0,0.0,0.0,0.0041814105828402726,9.07173358065394e-07,0.00010399351848194849
2000,3,4,CTATCGCA,0.011854472145277522,0.011880243731558493,0.008882872760295868,0.0,0.0,0.0,-0.002997370971262625,9.07173358065394e-07,0.00010399351848194849
2000,4,2,CTATCGCA,0.0014143519789899806,0.0014143648359095096,0.0019116800976917148,0.0,0.0,0.0,0.0004973152617822052,1.503588364926145e-10,2.5864197894520657e-08
2000,4,2,CTATCGCA,0.0014143519789899806,0.0014143648359095096,0.001414335099980235,0.0,0.0,0.0,-2.973592927446589e-08,1.503588364926145e-10,2.5864197894520657e-08
2000,4,2,CTATCGCA,0.0014143519789899806,0.0014143648359095096,0.0010096904588863254,0.0,0.0,0.0,-0.0004046743770231842,1.503588364926145e-10,2.5864197894520657e-08
2000,4,2,CTATCGCA,0.0014143519789899806,0.0014143648359095096,0.0011656625429168344,0.0,0.0,0.0,-0.0002487022929926752,1.503588364926145e-10,2.5864197894520657e-08
2000,5,4,CTATCGCA,0.015869700838078878,0.015882701677128352,0.008191997185349464,0.0,0.0,0.0,-0.007690704491778888,7.775501377466076e-05,0.00012975836997256018
2000,5,4,CTATCGCA,0.015869700838078878,0.015882701677128352,0.005510048940777779,0.0,0.0,0.0,-0.010372652736350574,7.775501377466076e-05,0.00012975836997256018
2000,5,4,CTATCGCA,0.015869700838078878,0.015882701677128352,0.026840008795261383,0.0,0.0,0.0,0.01095730711813303,7.775501377466076e-05,0.00012975836997256018
2000,5,4,CTATCGCA,0.015869700838078878,0.015882701677128352,0.01454019732773304,0.0,0.0,0.0,-0.0013425043493953126,7.775501377466076e-05,0.00012975836997256018
2000,6,6,CTATCGCA,0.024133192561750134,0.02416557395224424,0.015516068786382675,0.0,0.0,0.0,-0.008649505165861566,0.00032751222953569803,0.0005218005725003416
2000,6,6,CTATCGCA,0.024133192561750134,0.02416557395224424,0.022838231176137924,0.0,0.0,0.0,-0.0013273427761063168,0.00032751222953569803,0.0005218005725003416
2000,6,6,CTATCGCA,0.024133192561750134,0.02416557395224424,0.01282946951687336,0.0,0.0,0.0,-0.011336104435370881,0.00032751222953569803,0.0005218005725003416
2000,6,6,CTATCGCA,0.024133192561750134,0.02416557395224424,0.011701293289661407,0.0,0.0,0.0,-0.012464280662582834,0.00032751222953569803,0.0005218005725003416
2000,7,4,CTATCGCA,0.022539130018893114,0.02252468863048307,0.02932390570640564,0.0,0.0,0.0,0.00679921707592257,0.00023110762051586908,0.00017334206687569242
2000,7,4,CTATCGCA,0.022539130018893114,0.02252468863048307,0.000421666307374835,0.0,0.0,0.0,-0.022103022323108235,0.00023110762051586908,0.00017334206687569242
2000,7,4,CTATCGCA,0.022539130018893114,0.02252468863048307,0.020238660275936127,0.0,0.0,0.0,-0.002286028354546943,0.00023110762051586908,0.00017334206687569242
2000,7,4,CTATCGCA,0.022539130018893114,0.02252468863048307,0.028799641877412796,0.0,0.0,0.0,0.0062749532469297264,0.00023110762051586908,0.00017334206687569242
2000,8,5,CTATCGCA,0.02823111329248982,0.028220827308992467,0.020582232624292374,0.017207905757868847,0.017498489097040215,0.0002905833391713686,-0.007638594684700094,0.00024306610811553053,0.00019163619062878556
2000,8,5,CTATCGCA,0.02823111329248982,0.028220827308992467,0.018602941185235977,0.017207905757868847,0.017498489097040215,0.0002905833391713686,-0.00961788612375649,0.00024306610811553053,0.00019163619062878556
2000,8,5,CTATCGCA,0.02823111329248982,0.028220827308992467,0.01939230225980282,0.017207905757868847,0.017498489097040215,0.0002905833391713686,-0.00882852504918965,0.00024306610811553053,0.00019163619062878556
2000,8,5,CTATCGCG,-0.04060050973898557,-0.04177312907916839,-0.05613169074058533,-0.05162371727360654,-0.052495467291120645,-0.0008717500175141057,-0.014358561661416934,0.011491424654261895,0.005628327953347778
2000,9,2,CTATCGCA,0.048211996553542746,0.048212907488050405,0.05732633173465729,0.048133771494411656,0.048049612103568506,-8.415939084314983e-05,0.009113424246606883,1.71834879558741e-06,3.5402178109045224e-06
2000,9,2,CTATCGCG,-0.14432308942410388,-0.14398554092622362,-0.14398550987243652,-0.14440131448323495,-0.14414883631070552,0.0002524781725294356,3.105378709733486e-08,6.789368675175211e-05,0.0007429906825122679
2000,9,2,CTATCGCA,0.048211996553542746,0.048212907488050405,0.04992643743753433,0.048133771494411656,0.048049612103568506,-8.415939084314983e-05,0.0017135299494839273,1.71834879558741e-06,3.5402178109045224e-06
2000,9,2,CTATCGCA,0.048211996553542746,0.048212907488050405,0.05732633173465729,0.048133771494411656,0.048049612103568506,-8.415939084314983e-05,0.009113424246606883,1.71834879558741e-06,3.5402178109045224e-06
2000,10,5,CTATCGCA,0.13873050717552188,0.13403558572226776,0.21412432193756104,-0.0679050161389568,-0.04639795596595525,0.021507060173001552,0.08008873621529328,0.024434722063202963,0.0009601147969322543
2000,10,5,CTATCGCA,0.13873050717552188,0.13403558572226776,0.26009124517440796,-0.0679050161389568,-0.04639795596595525,0.021507060173001552,0.1260556594521402,0.024434722063202963,0.0009601147969322543
2000,10,5,CTATCGCG,0.07553320492191835,0.0544095847445714,0.013652533292770386,-0.1311023183925603,-0.1260239569436516,0.005078361448908719,-0.040757051451801016,0.10876647165161035,0.0031483707648756187
2000,10,5,CGATCGCG,0.4735478739849526,0.39925341056378516,0.07772833108901978,0.2669123506704739,0.21881986887556215,-0.04809248179491177,-0.3215250794747654,0.39496397648067494,0.023491659374837326
2000,11,2,CTATCGCA,0.019628884415309855,0.019628063197160373,0.019628066569566727,0.0,0.0,0.0,3.372406354174018e-09,2.3110656980351862e-06,6.686293990698644e-07
2000,11,2,CTATCGCA,0.019628884415309855,0.019628063197160373,0.019628070294857025,0.0,0.0,0.0,7.097696652635932e-09,2.3110656980351862e-06,6.686293990698644e-07
2000,11,2,CTATCGCA,0.019628884415309855,0.019628063197160373,0.025755450129508972,0.0,0.0,0.0,0.0061273869323486,2.3110656980351862e-06,6.686293990698644e-07
2000,11,2,CTATCGCA,0.019628884415309855,0.019628063197160373,0.024144381284713745,0.0,0.0,0.0,0.004516318087553373,2.3110656980351862e-06,6.686293990698644e-07
2000,12,4,TTTGGGCC,0.027409308060851262,0.026029798715256014,0.03864192217588425,0.05154301177209638,0.05137176497505158,-0.00017124679704479812,0.012612123460628233,0.006045626610861166,0.0005275892284801742
2000,12,4,TTTGGGCC,0.027409308060851262,0.026029798715256014,-0.00794684886932373,0.05154301177209638,0.05137176497505158,-0.00017124679704479812,-0.033976647584579744,0.006045626610861166,0.0005275892284801742
2000,12,4,TGTGGGCC,-0.17876273902753426,-0.1794572611849503,-0.5772609710693359,-0.15462903531628913,-0.15411529492515474,0.0005137403911343874,-0.3978037098843856,0.013598176037447729,0.010820087407783507
2000,12,4,TTTGGGCC,0.027409308060851262,0.026029798715256014,0.035694628953933716,0.05154301177209638,0.05137176497505158,-0.00017124679704479812,0.009664830238677702,0.006045626610861166,0.0005275892284801742
2000,13,4,CTATCGCA,0.022539130018893114,0.02252468863048307,0.025664202868938446,0.0,0.0,0.0,0.0031395142384553765,0.00023110762051586908,0.00017334206687569242
2000,13,4,CTATCGCA,0.022539130018893114,0.02252468863048307,0.019800178706645966,0.0,0.0,0.0,-0.002724509923837104,0.00023110762051586908,0.00017334206687569242
2000,13,4,CTATCGCA,0.022539130018893114,0.02252468863048307,0.014681357890367508,0.0,0.0,0.0,-0.007843330740115562,0.00023110762051586908,0.00017334206687569242
2000,13,4,CTATCGCA,0.022539130018893114,0.02252468863048307,0.02385522425174713,0.0,0.0,0.0,0.0013305356212640618,0.00023110762051586908,0.00017334206687569242
2000,14,5,CGATATAT,0.29913104333542767,0.3020354202962789,0.2107831835746765,0.0,0.0,0.0,-0.09125223672160238,0.019921356171755722,0.03444324097601181
2000,14,5,CGATATAT,0.29913104333542767,0.3020354202962789,0.33678871393203735,0.0,0.0,0.0,0.034753293635758464,0.019921356171755722,0.03444324097601181
2000,14,5,CGATATAT,0.29913104333542767,0.3020354202962789,0.3446710705757141,0.0,0.0,0.0,0.04263565027943522,0.019921356171755722,0.03444324097601181
2000,14,5,CGATATAT,0.29913104333542767,0.3020354202962789,0.45798200368881226,0.0,0.0,0.0,0.15594658339253337,0.019921356171755722,0.03444324097601181
2000,15,3,CGATATAT,0.17589061552050156,0.17588212859472363,0.18222546577453613,0.18565949910281399,0.19281966007201842,0.007160160969204438,0.006343337179812503,0.0006592701028224346,0.0006338093254886212
2000,15,3,CGATATAT,0.17589061552050156,0.17588212859472363,0.18881073594093323,0.18565949910281399,0.19281966007201842,0.007160160969204438,0.012928607346209597,0.0006592701028224346,0.0006338093254886212
2000,15,3,CGATATAT,0.17589061552050156,0.17588212859472363,0.0018619116162881255,0.18565949910281399,0.19281966007201842,0.007160160969204438,-0.1740202169784355,0.0006592701028224346,0.0006338093254886212
2000,15,3,CGATCTAT,-0.5667473808907544,-0.5953965116933501,-0.3867186903953552,-0.556978497308442,-0.5784589802160552,-0.021480482907613285,0.20867782129799484,0.08673197212961936,0.0007845797218321016
2000,16,4,CAATCTAT,0.0748119508918189,0.07564852000064115,0.12270332127809525,0.0,0.0,0.0,0.047054801277454095,0.00026793892266634145,0.0036142153579553637
2000,16,4,CAATCTAT,0.0748119508918189,0.07564852000064115,0.08493440598249435,0.0,0.0,0.0,0.009285885981853204,0.00026793892266634145,0.0036142153579553637
2000,16,4,CAATCTAT,0.0748119508918189,0.07564852000064115,0.06760162115097046,0.0,0.0,0.0,-0.008046898849670692,0.00026793892266634145,0.0036142153579553637
2000,16,4,CAATCTAT,0.0748119508918189,0.07564852000064115,0.11221730709075928,0.0,0.0,0.0,0.03656878709011813,0.00026793892266634145,0.0036142153579553637
2000,17,4,CTATCGCA,0.0021044030681845825,0.0021045535271848603,0.0033799761440604925,0.0,0.0,0.0,0.0012754226168756322,2.4432463982537733e-08,6.262684650940042e-07
2000,17,4,CTATCGCA,0.0021044030681845825,0.0021045535271848603,0.0009616331662982702,0.0,0.0,0.0,-0.00114292036088659,2.4432463982537733e-08,6.262684650940042e-07
2000,17,4,CTATCGCA,0.0021044030681845825,0.0021045535271848603,0.001767399488016963,0.0,0.0,0.0,-0.0003371540391678973,2.4432463982537733e-08,6.262684650940042e-07
2000,17,4,CTATCGCA,0.0021044030681845825,0.0021045535271848603,0.0020108160097151995,0.0,0.0,0.0,-9.373751746966086e-05,2.4432463982537733e-08,6.262684650940042e-07
2000,18,6,CGATATAT,0.2841711832154156,0.2810710554461216,0.47597068548202515,0.0220849893247953,0.028037902435293915,0.005952913110498614,0.19489963003590355,0.053080672340375834,0.0344799057246119
2000,18,6,CGATATCT,0.19583122591623434,0.16891944570494596,-0.02099919319152832,-0.06625496797438599,-0.08411370730588172,-0.017858739331495732,-0.18991863889647428,1.2901535131725548,1.1286828319048245
2000,18,6,CGATATAT,0.2841711832154156,0.2810710554461216,0.1798834353685379,0.0220849893247953,0.028037902435293915,0.005952913110498614,-0.1011876200775837,0.053080672340375834,0.0344799057246119
2000,18,6,CGATATAT,0.2841711832154156,0.2810710554461216,0.21918299794197083,0.0220849893247953,0.028037902435293915,0.005952913110498614,-0.06188805750415077,0.053080672340375834,0.0344799057246119
2000,19,3,CTATCGCA,0.0025784175084658336,0.0025786434878480127,0.0029673860408365726,0.0,0.0,0.0,0.00038874255298855997,1.201789240345974e-08,6.899560389406201e-07
2000,19,3,CTATCGCA,0.0025784175084658336,0.0025786434878480127,0.002339874627068639,0.0,0.0,0.0,-0.00023876886077937387,1.201789240345974e-08,6.899560389406201e-07
2000,19,3,CTATCGCA,0.0025784175084658336,0.0025786434878480127,0.0033800099045038223,0.0,0.0,0.0,0.0008013664166558097,1.201789240345974e-08,6.899560389406201e-07
2000,19,3,CTATCGCA,0.0025784175084658336,0.0025786434878480127,0.0019585101399570704,0.0,0.0,0.0,-0.0006201333478909423,1.201789240345974e-08,6.899560389406201e-07
2000,20,5,CGATATAT,0.07149638966884553,0.07190745758543712,0.06648913025856018,0.0,0.0,0.0,-0.005418327326876943,0.0016634511624635806,0.003718790745421585
2000,20,5,CGATATAT,0.07149638966884553,0.07190745758543712,0.00478339334949851,0.0,0.0,0.0,-0.06712406423593861,0.0016634511624635806,0.003718790745421585
2000,20,5,CGATATAT,0.07149638966884553,0.07190745758543712,0.02955659106373787,0.0,0.0,0.0,-0.042350866521699254,0.0016634511624635806,0.003718790745421585
2000,20,5,CGATATAT,0.07149638966884553,0.07190745758543712,0.04800713062286377,0.0,0.0,0.0,-0.023900326962573354,0.0016634511624635806,0.003718790745421585
2000,21,6,TTTAGGCC,-0.09136188893250508,-0.28034591434882855,-0.40970563888549805,-0.17126920218772435,-0.18864261307690822,-0.01737341088918387,-0.1293597245366695,1.138325282652127,0.004421130154186104
2000,21,6,TTTGCGCG,0.2907208184200935,-0.004945138880340612,-0.6783716082572937,0.21081350516487424,0.08675816239157973,-0.12405534277329451,-0.673426469376953,1.7876287010226752,0.01363295722007063
2000,21,6,CTATCGCA,0.21163221246579367,0.19882376249031633,0.4401012063026428,0.1317248992105744,0.2905270637622367,0.1588021645516623,0.2412774438123265,0.08055700434371338,0.0037063044908494103
2000,21,6,TTTAGGCC,-0.09136188893250508,-0.28034591434882855,-0.7189101576805115,-0.17126920218772435,-0.18864261307690822,-0.01737341088918387,-0.4385642433316829,1.138325282652127,0.004421130154186104
2000,22,4,CTATCGCA,0.02808597980741661,0.028218334098558673,0.012842393480241299,0.0,0.0,0.0,-0.015375940618317374,6.149443290345835e-05,0.0005909115974717105
2000,22,4,CTATCGCA,0.02808597980741661,0.028218334098558673,0.015933368355035782,0.0,0.0,0.0,-0.012284965743522891,6.149443290345835e-05,0.0005909115974717105
2000,22,4,CTATCGCA,0.02808597980741661,0.028218334098558673,0.0009297317592427135,0.0,0.0,0.0,-0.02728860233931596,6.149443290345835e-05,0.0005909115974717105
2000,22,4,CTATCGCA,0.02808597980741661,0.028218334098558673,0.03084118664264679,0.0,0.0,0.0,0.0026228525440881167,6.149443290345835e-05,0.0005909115974717105
2000,23,5,CTATCGCA,0.01749088617233841,0.017398325556132476,0.03288070112466812,0.0,0.0,0.0,0.015482375568535645,0.0006227077588797647,0.00015990467785009788
2000,23,5,CTATCGCA,0.01749088617233841,0.017398325556132476,0.03396032005548477,0.0,0.0,0.0,0.016561994499352296,0.0006227077588797647,0.00015990467785009788
2000,23,5,CTATCGCA,0.01749088617233841,0.017398325556132476,0.012207917869091034,0.0,0.0,0.0,-0.005190407687041442,0.0006227077588797647,0.00015990467785009788
2000,23,5,CTATCGCA,0.01749088617233841,0.017398325556132476,0.008001929149031639,0.0,0.0,0.0,-0.009396396407100837,0.0006227077588797647,0.00015990467785009788
2000,24,7,CTATCGCA,0.09370055730072203,0.08588031327719595,0.01704888790845871,-0.09520706540125566,-0.05047386667983228,0.04473319872142338,-0.06883142536873724,0.058074875097920364,0.003333166933237708
2000,24,7,CGATATAT,0.5292101379036693,0.35483522757179387,0.4580037593841553,0.34030251520169164,0.21848104761476564,-0.121821467586926,0.10316853181236141,1.3418658329324944,0.12124146060936614
2000,24,7,CTATCGCA,0.09370055730072203,0.08588031327719595,0.010255194269120693,-0.09520706540125566,-0.05047386667983228,0.04473319872142338,-0.07562511900807525,0.058074875097920364,0.003333166933237708
2000,24,7,CTATCGCG,0.039019238302797445,0.01882086570192725,0.050917863845825195,-0.14988838439918026,-0.11753331425510097,0.03235507014407929,0.032096998143897944,0.15222349970473736,0.010834891498646027
2000,25,3,CTATCGCA,0.004623219803958569,0.004623474427388752,0.006038511171936989,0.0,0.0,0.0,0.001415036744548237,1.8606425539191562e-07,9.499345459407227e-07
2000,25,3,CTATCGCA,0.004623219803958569,0.004623474427388752,0.00447932118549943,0.0,0.0,0.0,-0.0001441532418893221,1.8606425539191562e-07,9.499345459407227e-07
2000,25,3,CTATCGCA,0.004623219803958569,0.004623474427388752,0.007521090097725391,0.0,0.0,0.0,0.0028976156703366396,1.8606425539191562e-07,9.499345459407227e-07
2000,25,3,CTATCGCA,0.004623219803958569,0.004623474427388752,0.004511781502515078,0.0,0.0,0.0,-0.00011169292487367422,1.8606425539191562e-07,9.499345459407227e-07
2000,26,4,CTATCGCA,0.0003734786848730784,0.0003735020709522141,0.00040454132249578834,0.0,0.0,0.0,3.103925154357423e-05,1.0665985795965671e-08,1.0421030233881412e-07
2000,26,4,CTATCGCA,0.0003734786848730784,0.0003735020709522141,0.00042531287181191146,0.0,0.0,0.0,5.181080085969736e-05,1.0665985795965671e-08,1.0421030233881412e-07
2000,26,4,CTATCGCA,0.0003734786848730784,0.0003735020709522141,9.11976967472583e-05,0.0,0.0,0.0,-0.0002823043742049558,1.0665985795965671e-08,1.0421030233881412e-07
2000,26,4,CTATCGCA,0.0003734786848730784,0.0003735020709522141,0.00011890183668583632,0.0,0.0,0.0,-0.0002546002342663778,1.0665985795965671e-08,1.0421030233881412e-07
2000,27,4,CTATCGCA,0.0074747296576180115,0.007483724170763595,0.0005991350626572967,0.0,0.0,0.0,-0.006884589108106298,1.0914745461540476e-06,3.706952712848738e-05
2000,27,4,CTATCGCA,0.0074747296576180115,0.007483724170763595,0.012131396681070328,0.0,0.0,0.0,0.004647672510306733,1.0914745461540476e-06,3.706952712848738e-05
2000,27,4,CTATCGCA,0.0074747296576180115,0.007483724170763595,0.012337082996964455,0.0,0.0,0.0,0.00485335882620086,1.0914745461540476e-06,3.706952712848738e-05
2000,27,4,CTATCGCA,0.0074747296576180115,0.007483724170763595,0.004584611393511295,0.0,0.0,0.0,-0.0028991127772522995,1.0914745461540476e-06,3.706952712848738e-05
2000,28,4,CTATCGCA,0.0074747296576180115,0.007483724170763595,0.009995682165026665,0.0,0.0,0.0,0.00251195799426307,1.0914745461540476e-06,3.706952712848738e-05
2000,28,4,CTATCGCA,0.0074747296576180115,0.007483724170763595,0.010356363840401173,0.0,0.0,0.0,0.0028726396696375778,1.0914745461540476e-06,3.706952712848738e-05
2000,28,4,CTATCGCA,0.0074747296576180115,0.007483724170763595,0.00415446050465107,0.0,0.0,0.0,-0.0033292636661125252,1.0914745461540476e-06,3.706952712848738e-05
2000,28,4,CTATCGCA,0.0074747296576180115,0.007483724170763595,0.004127003252506256,0.0,0.0,0.0,-0.0033567209182573388,1.0914745461540476e-06,3.706952712848738e-05
2000,29,2,CGATATAT,0.05999364358522058,0.06056687329862598,0.06056683883070946,0.0,0.0,0.0,-3.446791652095271e-08,1.2987637723504974e-05,0.0011594470645343025
2000,29,2,CGATATAT,0.05999364358522058,0.06056687329862598,0.03469100967049599,0.0,0.0,0.0,-0.02587586362812999,1.2987637723504974e-05,0.0011594470645343025
2000,29,2,CGATATAT,0.05999364358522058,0.06056687329862598,0.034239351749420166,0.0,0.0,0.0,-0.026327521549205812,1.2987637723504974e-05,0.0011594470645343025
2000,29,2,CGATATAT,0.05999364358522058,0.06056687329862598,0.08644266426563263,0.0,0.0,0.0,0.02587579096700665,1.2987637723504974e-05,0.0011594470645343025
2000,30,4,CTATCGCA,0.02507040217603064,0.025118384759328594,0.017464786767959595,0.0,0.0,0.0,-0.007653597991368999,3.989348531452386e-05,0.00023182381850633815
2000,30,4,CTATCGCA,0.02507040217603064,0.025118384759328594,0.01237114705145359,0.0,0.0,0.0,-0.012747237707875003,3.989348531452386e-05,0.00023182381850633815
2000,30,4,CTATCGCA,0.02507040217603064,0.025118384759328594,0.023453544825315475,0.0,0.0,0.0,-0.0016648399340131181,3.989348531452386e-05,0.00023182381850633815
2000,30,4,CTATCGCA,0.02507040217603064,0.025118384759328594,0.02488892525434494,0.0,0.0,0.0,-0.00022945950498365342,3.989348531452386e-05,0.00023182381850633815
2000,31,7,CTATCGCG,0.26422108320825094,0.22904223095276244,-0.013617783784866333,-0.16211767713998865,-0.17997463046967965,-0.017856953329691005,-0.24266001473762877,0.2591706969699985,0.012918731181578824
2000,31,7,CGATCGCG,0.4803779860615691,0.4690084049123353,1.9326785802841187,0.05403922571332953,0.05999154348989322,0.005952317776563687,1.4636701753717833,0.10342414724702642,0.023837079202389866
2000,31,7,CGATCGCG,0.4803779860615691,0.4690084049123353,0.290435791015625,0.05403922571332953,0.05999154348989322,0.005952317776563687,-0.1785726138967103,0.10342414724702642,0.023837079202389866
2000,31,7,CGATCGCG,0.4803779860615691,0.4690084049123353,0.2809208631515503,0.05403922571332953,0.05999154348989322,0.005952317776563687,-0.18808754176078502,0.10342414724702642,0.023837079202389866
5000,0,2,TTTAGGCC,0.00985844094893673,0.009858444871383654,0.009858474135398865,0.0,0.0,0.0,2.926401521108346e-08,1.0555310481219493e-07,1.1339799865783817e-07
5000,0,2,TTTAGGCC,0.00985844094893673,0.009858444871383654,0.010324740782380104,0.0,0.0,0.0,0.0004662959109964504,1.0555310481219493e-07,1.1339799865783817e-07
5000,0,2,TTTAGGCC,0.00985844094893673,0.009858444871383654,0.0026686196215450764,0.0,0.0,0.0,-0.007189825249838577,1.0555310481219493e-07,1.1339799865783817e-07
5000,0,2,TTTAGGCC,0.00985844094893673,0.009858444871383654,0.007772700861096382,0.0,0.0,0.0,-0.0020857440102872715,1.0555310481219493e-07,1.1339799865783817e-07
5000,1,3,CGATATAT,0.04953025481759802,0.05072979170977806,0.05673505365848541,0.0,0.0,0.0,0.006005261948707354,4.185749519031168e-05,0.0036404681717304155
5000,1,3,CGATATAT,0.04953025481759802,0.05072979170977806,0.006300254724919796,0.0,0.0,0.0,-0.04442953698485826,4.185749519031168e-05,0.0036404681717304155
5000,1,3,CGATATAT,0.04953025481759802,0.05072979170977806,0.03280945122241974,0.0,0.0,0.0,-0.01792034048735832,4.185749519031168e-05,0.0036404681717304155
5000,1,3,CGATATAT,0.04953025481759802,0.05072979170977806,0.03375255689024925,0.0,0.0,0.0,-0.016977234819528807,4.185749519031168e-05,0.0036404681717304155
5000,2,6,CTATCGCA,0.1992376617530971,0.11505575397782837,0.013642191886901855,0.14450326655827223,0.1667063691996296,0.022203102641357386,-0.10141356209092652,0.5064042809139179,0.0013128342623056621
5000,2,6,CTATCGCA,0.1992376617530971,0.11505575397782837,0.12038511037826538,0.14450326655827223,0.1667063691996296,0.022203102641357386,0.00532935640043701,0.5064042809139179,0.0013128342623056621
5000,2,6,CTATCGCA,0.1992376617530971,0.11505575397782837,0.08060802519321442,0.14450326655827223,0.1667063691996296,0.022203102641357386,-0.034447728784613954,0.5064042809139179,0.0013128342623056621
5000,2,6,TTTGGGCC,-0.3787754044799918,-0.5517697228206901,-0.6494110822677612,-0.4335097996748167,-0.5001191075988889,-0.06660930792407221,-0.09764135944707109,1.0400015041463555,0.002035594102165472
5000,3,6,CTATCGCA,0.01122149362128321,0.011135149196445612,0.0055665671825408936,0.020383520970933537,0.021684975123659633,0.0013014541527260962,-0.005568582013904718,0.0009778010851308472,0.0004597345361052607
5000,3,6,CGATCGCG,0.010292468910306107,0.006814449694532006,-0.028553038835525513,0.019454496259956437,0.017364275621746028,-0.0020902206382104084,-0.03536748853005752,0.03700548044849361,0.016137365153849004
5000,3,6,CTATCGCA,0.01122149362128321,0.011135149196445612,0.007552921772003174,0.020383520970933537,0.021684975123659633,0.0013014541527260962,-0.003582227424442438,0.0009778010851308472,0.0004597345361052607
5000,3,6,CTATCGCG,-0.06938356555147385,-0.07128405179627932,-0.05888211727142334,-0.06022153820182352,-0.060734225869065295,-0.0005126876672417735,0.012401934524855981,0.01641127406844589,0.005008356599613073
5000,4,5,CTATCGCA,0.07104509326243487,0.06849478431201703,0.06018926575779915,0.0,0.0,0.0,-0.008305518554217878,0.013820109356100813,0.0010685646040116126
5000,4,5,CTATCGCA,0.07104509326243487,0.06849478431201703,0.054572656750679016,0.0,0.0,0.0,-0.01392212756133801,0.013820109356100813,0.0010685646040116126
5000,4,5,CTATCGCA,0.07104509326243487,0.06849478431201703,0.07285864651203156,0.0,0.0,0.0,0.004363862200014529,0.013820109356100813,0.0010685646040116126
5000,4,5,CTATCGCA,0.07104509326243487,0.06849478431201703,0.07636361569166183,0.0,0.0,0.0,0.007868831379644808,0.013820109356100813,0.0010685646040116126
5000,5,6,CGATATCT,0.8030333974002969,0.3812000877726245,0.29504501819610596,0.5043007112725276,0.18957792154517747,-0.3147227897273501,-0.08615506957651853,2.633467458208913,0.10246760044287839
5000,5,6,CTATCGCA,0.13063244903692672,0.12842952571238783,0.13646350800991058,-0.16810023709084254,-0.06319264051505918,0.10490759657578336,0.008033982297522752,0.01627614145024886,0.0030586015030154012
5000,5,6,CTATCGCA,0.13063244903692672,0.12842952571238783,0.02413448691368103,-0.16810023709084254,-0.06319264051505918,0.10490759657578336,-0.1042950387987068,0.01627614145024886,0.0030586015030154012
5000,5,6,CTATCGCA,0.13063244903692672,0.12842952571238783,0.10273147374391556,-0.16810023709084254,-0.06319264051505918,0.10490759657578336,-0.025698051968472274,0.01627614145024886,0.0030586015030154012
5000,6,6,TTTAGGCG,0.2733262710114934,-0.03465520757833337,-0.04042941331863403,0.2411194461583719,0.026364178737244788,-0.2147552674211271,-0.0057742057403006655,1.8709420862384802,0.023053214699519486
5000,6,6,TTTAGGCC,0.05488881483380009,0.02785654240644897,0.030954107642173767,0.022681989980678538,0.08887592872202713,0.06619393874134859,0.0030975652357247974,0.16486068278903476,0.002667048224928026
5000,6,6,TTTGGGCC,-0.2542766012666074,-0.2651354224968772,-0.3788476884365082,-0.28648342611972893,-0.20411603618129906,0.08236738993842987,-0.11371226593963096,0.06712546050590751,0.001972533124288578
5000,6,6,TTTAGGCC,0.05488881483380009,0.02785654240644897,0.1174803376197815,0.022681989980678538,0.08887592872202713,0.06619393874134859,0.08962379521333252,0.16486068278903476,0.002667048224928026
5000,7,3,CTATCGCA,0.0025242672889865536,0.002524386887671426,0.0017822987865656614,0.0,0.0,0.0,-0.0007420881011057645,5.2393457350419226e-09,3.640354003520141e-07
5000,7,3,CTATCGCA,0.0025242672889865536,0.002524386887671426,0.003159185638651252,0.0,0.0,0.0,0.0006347987509798259,5.2393457350419226e-09,3.640354003520141e-07
5000,7,3,CTATCGCA,0.0025242672889865536,0.002524386887671426,0.0022485824301838875,0.0,0.0,0.0,-0.00027580445748753846,5.2393457350419226e-09,3.640354003520141e-07
5000,7,3,CTATCGCA,0.0025242672889865536,0.002524386887671426,0.0033407120499759912,0.0,0.0,0.0,0.0008163251623045653,5.2393457350419226e-09,3.640354003520141e-07
5000,8,3,CGGTCGCG,-0.39162654424306376,-1.1472384391042094,-1.4968724250793457,-0.3550131200955776,-0.5111665888236732,-0.15615346872809555,-0.3496339859751363,2.2668446520322063,8.967448769742203e-06
5000,8,3,CGATCGCG,1.0284259361392467,0.8974279161904835,1.0033502578735352,1.065039360286733,1.5334997664710197,0.46846040618428675,0.1059223416830517,0.401588428430885,0.008594368584594836
5000,8,3,CGGTCGCG,-0.39162654424306376,-1.1472384391042094,-1.9995015859603882,-0.3550131200955776,-0.5111665888236732,-0.15615346872809555,-0.8522631468561788,2.2668446520322063,8.967448769742203e-06
5000,8,3,CGGTCGCG,-0.39162654424306376,-1.1472384391042094,-1.0358437299728394,-0.3550131200955776,-0.5111665888236732,-0.15615346872809555,0.11139470913137006,2.2668446520322063,8.967448769742203e-06
5000,9,4,CTATCGCA,0.0035435155823202117,0.0035437426039474085,0.002754082204774022,0.0,0.0,0.0,-0.0007896603991733864,1.0542767872601111e-07,1.0135141875131093e-06
5000,9,4,CTATCGCA,0.0035435155823202117,0.0035437426039474085,0.006103669758886099,0.0,0.0,0.0,0.0025599271549386904,1.0542767872601111e-07,1.0135141875131093e-06
5000,9,4,CTATCGCA,0.0035435155823202117,0.0035437426039474085,0.0012563221389427781,0.0,0.0,0.0,-0.0022874204650046304,1.0542767872601111e-07,1.0135141875131093e-06
5000,9,4,CTATCGCA,0.0035435155823202117,0.0035437426039474085,0.002407938474789262,0.0,0.0,0.0,-0.0011358041291581467,1.0542767872601111e-07,1.0135141875131093e-06
5000,10,3,CTATCGCA,0.0009002025790558846,0.0009001925039026452,0.0007035764865577221,0.0,0.0,0.0,-0.00019661601734492307,6.188364751191777e-08,3.165818779349294e-08
5000,10,3,CTATCGCA,0.0009002025790558846,0.0009001925039026452,0.000579297193326056,0.0,0.0,0.0,-0.00032089531057658916,6.188364751191777e-08,3.165818779349294e-08
5000,10,3,CTATCGCA,0.0009002025790558846,0.0009001925039026452,0.0018095506820827723,0.0,0.0,0.0,0.0009093581781801271,6.188364751191777e-08,3.165818779349294e-08
5000,10,3,CTATCGCA,0.0009002025790558846,0.0009001925039026452,0.0010484885424375534,0.0,0.0,0.0,0.00014829603853490825,6.188364751191777e-08,3.165818779349294e-08
5000,11,4,CTATCGCA,0.030815756920276254,0.03086246676142912,0.03890186920762062,0.026404805022553903,0.027095801491602317,0.000690996469048414,0.008039402446191501,0.0005278841516499072,0.0007147235162613674
5000,11,4,CTATCGCA,0.030815756920276254,0.03086246676142912,0.057937756180763245,0.026404805022553903,0.027095801491602317,0.000690996469048414,0.027075289419334125,0.0005278841516499072,0.0007147235162613674
5000,11,4,CTATCGCG,-0.07480346316993935,-0.07752073920498015,-0.0068483054637908936,-0.0792144150676617,-0.08128740447480695,-0.0020729894071452454,0.07067243374118926,0.015514639380169282,0.0046455352400061045
5000,11,4,CTATCGCA,0.030815756920276254,0.03086246676142912,0.041703276336193085,0.026404805022553903,0.027095801491602317,0.000690996469048414,0.010840809574763965,0.0005278841516499072,0.0007147235162613674
5000,12,3,CTATCGCA,0.0009005200606746663,0.0009005538997573689,0.0012365435250103474,0.0,0.0,0.0,0.0003359896252529785,3.783307944704717e-09,1.053005560525122e-07
5000,12,3,CTATCGCA,0.0009005200606746663,0.0009005538997573689,0.0009799570543691516,0.0,0.0,0.0,7.940315461178271e-05,3.783307944704717e-09,1.053005560525122e-07
5000,12,3,CTATCGCA,0.0009005200606746663,0.0009005538997573689,0.0006893420359119773,0.0,0.0,0.0,-0.0002112118638453916,3.783307944704717e-09,1.053005560525122e-07
5000,12,3,CTATCGCA,0.0009005200606746663,0.0009005538997573689,0.000906578148715198,0.0,0.0,0.0,6.02424895782916e-06,3.783307944704717e-09,1.053005560525122e-07
5000,13,4,CTATCGCA,0.0022139331670220867,0.0022143517744079855,0.0035329072270542383,0.0,0.0,0.0,0.0013185554526462528,7.481978675505374e-09,1.6819115222707626e-06
5000,13,4,CTATCGCA,0.0022139331670220867,0.0022143517744079855,0.0028967380058020353,0.0,0.0,0.0,0.0006823862313940499,7.481978675505374e-09,1.6819115222707626e-06
5000,13,4,CTATCGCA,0.0022139331670220867,0.0022143517744079855,0.0019187130965292454,0.0,0.0,0.0,-0.0002956386778787401,7.481978675505374e-09,1.6819115222707626e-06
5000,13,4,CTATCGCA,0.0022139331670220867,0.0022143517744079855,0.0017040603561326861,0.0,0.0,0.0,-0.0005102914182752993,7.481978675505374e-09,1.6819115222707626e-06
5000,14,3,CTATCGCA,-2.511312781751836e-05,-2.513034350060117e-05,-1.9989514839835465e-05,0.0,0.0,0.0,5.140828660765706e-06,6.708318459058837e-08,1.5436135342161705e-08
5000,14,3,CTATCGCA,-2.511312781751836e-05,-2.513034350060117e-05,-8.751032873988152e-05,0.0,0.0,0.0,-6.237998523928034e-05,6.708318459058837e-08,1.5436135342161705e-08
5000,14,3,CTATCGCA,-2.511312781751836e-05,-2.513034350060117e-05,-1.0593794286251068e-07,0.0,0.0,0.0,2.502440555773866e-05,6.708318459058837e-08,1.5436135342161705e-08
5000,14,3,CTATCGCA,-2.511312781751836e-05,-2.513034350060117e-05,-2.762803342193365e-05,0.0,0.0,0.0,-2.49768992133248e-06,6.708318459058837e-08,1.5436135342161705e-08
5000,15,3,TTTGAGCG,-0.048769956215831835,-0.09388161223471843,-0.01876351237297058,-0.07164705417890746,-0.08476292645657516,-0.013115872277667695,0.07511809986174785,0.15154179971809856,0.01620683166143877
5000,15,3,TTTGAGCC,0.07440366555182631,0.07288049508578191,0.02306199073791504,0.05152656758875068,0.08199918086392519,0.030472613275174504,-0.049818504347866874,0.007957151915101601,0.003387640516968382
5000,15,3,TTTAAGCC,0.11464463873213988,0.07840798627108188,0.08369344472885132,0.09176754076906425,0.08752667204922515,-0.0042408687198391,0.00528545845776944,0.14872935439294577,0.04001939700977175
5000,15,3,TTTGAGCG,-0.048769956215831835,-0.09388161223471843,-0.02948729693889618,-0.07164705417890746,-0.08476292645657516,-0.013115872277667695,0.06439431529582225,0.15154179971809856,0.01620683166143877
5000,16,3,CTATCGCA,0.008323529518085071,0.008334709224881331,0.0018019415438175201,0.0,0.0,0.0,-0.006532767681063811,1.2873817879205385e-05,4.641293826798676e-05
5000,16,3,CTATCGCA,0.008323529518085071,0.008334709224881331,0.008872199803590775,0.0,0.0,0.0,0.0005374905787094431,1.2873817879205385e-05,4.641293826798676e-05
5000,16,3,CTATCGCA,0.008323529518085071,0.008334709224881331,0.007684226147830486,0.0,0.0,0.0,-0.0006504830770508452,1.2873817879205385e-05,4.641293826798676e-05
5000,16,3,CTATCGCA,0.008323529518085071,0.008334709224881331,0.007684226147830486,0.0,0.0,0.0,-0.0006504830770508452,1.2873817879205385e-05,4.641293826798676e-05
5000,17,3,CTATCGCA,0.002951956514525289,0.0029519586703877407,0.002571911783888936,0.0,0.0,0.0,-0.0003800468864988047,4.7623682775110865e-11,6.515211037338986e-09
5000,17,3,CTATCGCA,0.002951956514525289,0.0029519586703877407,0.002999234711751342,0.0,0.0,0.0,4.727604136360109e-05,4.7623682775110865e-11,6.515211037338986e-09
5000,17,3,CTATCGCA,0.002951956514525289,0.0029519586703877407,0.0037793137598782778,0.0,0.0,0.0,0.000827355089490537,4.7623682775110865e-11,6.515211037338986e-09
5000,17,3,CTATCGCA,0.002951956514525289,0.0029519586703877407,0.002571911783888936,0.0,0.0,0.0,-0.0003800468864988047,4.7623682775110865e-11,6.515211037338986e-09
5000,18,5,CGATCGCG,0.550548178267125,0.3954402785622614,-0.12827685475349426,-0.16960355746002354,-0.08157622230327727,0.08802733515674627,-0.5237171333157556,0.7893371101540598,0.013797611629741802
5000,18,5,CGATCGCG,0.550548178267125,0.3954402785622614,0.18681809306144714,-0.16960355746002354,-0.08157622230327727,0.08802733515674627,-0.20862218550081424,0.7893371101540598,0.013797611629741802
5000,18,5,CGATATAT,0.767813511657859,0.5481112054583598,0.5321317315101624,0.047661775930710526,0.07109470459282113,0.023432928662110608,-0.01597947394819743,1.349272565363505,0.2507610343660085
5000,18,5,CGATATAG,1.0116970747164848,0.5690742408792719,0.6734447479248047,0.2915453389893363,0.09205774001373329,-0.19948759897560303,0.10437050704553275,2.9229431744969703,0.7098290053109055
5000,19,6,CGGTCGCG,-0.39346396696494573,-0.8641247620715559,-1.4621782302856445,-0.5036982838769084,-0.8163140091328813,-0.3126157252559729,-0.5980534682140887,2.824958111939922,0.0009933413002611857
5000,19,6,CTATCGCA,0.13309763891058587,0.13092014811112765,0.20546260476112366,0.02286332199862326,0.17873090104980222,0.15586757905117896,0.07454245664999601,0.016596383398117642,0.0035314386013682864
5000,19,6,CGATCGCG,0.3506517978511052,0.270980801102865,0.1636551469564438,0.24041748093914256,0.3187915540415396,0.07837407310239702,-0.1073256541464212,0.49596572437856556,0.01793974388912467
5000,19,6,CGATCGCG,0.3506517978511052,0.270980801102865,1.0238854885101318,0.24041748093914256,0.3187915540415396,0.07837407310239702,0.7529046874072669,0.49596572437856556,0.01793974388912467
5000,20,4,CTATCGCA,0.02920347168164072,0.029222943748086094,0.03284642845392227,0.02696528763897467,0.027187280181560552,0.0002219925425858832,0.0036234847058361774,7.796541824155179e-05,0.000155853684023044
5000,20,4,CTATCGCA,0.02920347168164072,0.029222943748086094,0.023257117718458176,0.02696528763897467,0.027187280181560552,0.0002219925425858832,-0.005965826029627919,7.796541824155179e-05,0.000155853684023044
5000,20,4,CTATCGCG,-0.07865767887425795,-0.07952617697815612,-0.10970520973205566,-0.08089586291692401,-0.08156184054468166,-0.0006659776277576496,-0.03017903275389955,0.006011844050660908,0.0025378516350682556
5000,20,4,CTATCGCA,0.02920347168164072,0.029222943748086094,0.03588927537202835,0.02696528763897467,0.027187280181560552,0.0002219925425858832,0.0066663316239422565,7.796541824155179e-05,0.000155853684023044
5000,21,3,CTATCGCA,0.024163299151933826,0.024193414284228387,0.036544449627399445,0.0,0.0,0.0,0.012351035343171057,2.63151538734685e-05,0.00011666055075715276
5000,21,3,CTATCGCA,0.024163299151933826,0.024193414284228387,0.008341806940734386,0.0,0.0,0.0,-0.015851607343494,2.63151538734685e-05,0.00011666055075715276
5000,21,3,CTATCGCA,0.024163299151933826,0.024193414284228387,0.020389139652252197,0.0,0.0,0.0,-0.00380427463197619,2.63151538734685e-05,0.00011666055075715276
5000,21,3,CTATCGCA,0.024163299151933826,0.024193414284228387,0.01797395572066307,0.0,0.0,0.0,-0.006219458563565317,2.63151538734685e-05,0.00011666055075715276
5000,22,5,CTATCGCA,0.006001833757911146,0.006005594787365532,0.0014069548342376947,0.0,0.0,0.0,-0.004598639953127837,1.5961669648290044e-05,3.476681692021755e-05
5000,22,5,CTATCGCA,0.006001833757911146,0.006005594787365532,0.0033688582479953766,0.0,0.0,0.0,-0.002636736539370155,1.5961669648290044e-05,3.476681692021755e-05
5000,22,5,CTATCGCA,0.006001833757911146,0.006005594787365532,0.006188592873513699,0.0,0.0,0.0,0.0001829980861481669,1.5961669648290044e-05,3.476681692021755e-05
5000,22,5,CTATCGCA,0.006001833757911146,0.006005594787365532,0.006755206733942032,0.0,0.0,0.0,0.0007496119465765002,1.5961669648290044e-05,3.476681692021755e-05
5000,23,5,CTATCGCG,-0.08445538830163839,-0.08493892501010017,-0.1567751169204712,-0.07939536040609083,-0.0798022556172887,-0.0004068952111978691,-0.07183619191037102,0.006602554566785823,0.004184871024476955
5000,23,5,CTATCGCA,0.021405092239816043,0.021464082479618084,0.0178696122020483,0.026465120135363607,0.02660075187242956,0.00013563173706595405,-0.003594470277569782,0.00012477833218202394,0.00041972953119223666
5000,23,5,CTATCGCA,0.021405092239816043,0.021464082479618084,0.036192283034324646,0.026465120135363607,0.02660075187242956,0.00013563173706595405,0.014728200554706562,0.00012477833218202394,0.00041972953119223666
5000,23,5,CTATCGCA,0.021405092239816043,0.021464082479618084,0.009182420559227467,0.026465120135363607,0.02660075187242956,0.00013563173706595405,-0.012281661920390617,0.00012477833218202394,0.00041972953119223666
5000,24,3,CTATCGCA,0.0005189762642422898,0.0005189861698859192,0.00039526625187136233,0.0,0.0,0.0,-0.00012371991801455684,2.218009609311622e-09,3.1934940497579944e-08
5000,24,3,CTATCGCA,0.0005189762642422898,0.0005189861698859192,0.0005972490180283785,0.0,0.0,0.0,7.826284814245932e-05,2.218009609311622e-09,3.1934940497579944e-08
5000,24,3,CTATCGCA,0.0005189762642422898,0.0005189861698859192,0.00022546539548784494,0.0,0.0,0.0,-0.0002935207743980742,2.218009609311622e-09,3.1934940497579944e-08
5000,24,3,CTATCGCA,0.0005189762642422898,0.0005189861698859192,0.000523008406162262,0.0,0.0,0.0,4.0222362763427935e-06,2.218009609311622e-09,3.1934940497579944e-08
5000,25,3,CTATCGCA,0.0004923645177724681,0.000492372083903699,0.00023083614360075444,0.0,0.0,0.0,-0.0002615359403029446,4.158328606451711e-08,6.428167975691679e-08
5000,25,3,CTATCGCA,0.0004923645177724681,0.000492372083903699,0.000849436444696039,0.0,0.0,0.0,0.00035706436079233994,4.158328606451711e-08,6.428167975691679e-08
5000,25,3,CTATCGCA,0.0004923645177724681,0.000492372083903699,0.0007995517808012664,0.0,0.0,0.0,0.0003071796968975674,4.158328606451711e-08,6.428167975691679e-08
5000,25,3,CTATCGCA,0.0004923645177724681,0.000492372083903699,0.00031362168374471366,0.0,0.0,0.0,-0.00017875040015898536,4.158328606451711e-08,6.428167975691679e-08
5000,26,5,CGATATCT,0.20244349729710454,0.20089268405620384,0.31974881887435913,0.1380195938986237,0.1426533529328628,0.004633759034239099,0.1188561348181553,0.017535803919421,0.009781737714917416
5000,26,5,CGATATCT,0.20244349729710454,0.20089268405620384,0.35741370916366577,0.1380195938986237,0.1426533529328628,0.004633759034239099,0.15652102510746194,0.017535803919421,0.009781737714917416
5000,26,5,CGATATCT,0.20244349729710454,0.20089268405620384,0.07093092799186707,0.1380195938986237,0.1426533529328628,0.004633759034239099,-0.12996175606433677,0.017535803919421,0.009781737714917416
5000,26,5,CGATCTCT,-0.34963487829739026,-0.3697207276752474,-0.5286442041397095,-0.41405878169587107,-0.4279600587985884,-0.013901277102717324,-0.1589234764644621,0.10905911477366592,0.008629867884380138
5000,27,3,CTATCGCA,0.03911656849347577,0.03912307483571772,0.03257298469543457,0.03356987141782064,0.034672222470615244,0.0011023510527946034,-0.006550090140283148,0.0003532716820913162,0.0003727907088171556
5000,27,3,CTATCGCA,0.03911656849347577,0.03912307483571772,0.05171743780374527,0.03356987141782064,0.034672222470615244,0.0011023510527946034,0.012594362968027552,0.0003532716820913162,0.0003727907088171556
5000,27,3,CTATCGCA,0.03911656849347577,0.03912307483571772,0.048616308718919754,0.03356987141782064,0.034672222470615244,0.0011023510527946034,0.009493233883202036,0.0003532716820913162,0.0003727907088171556
5000,27,3,CTATCGCG,-0.09516291717780678,-0.09956581504674326,0.04538172483444214,-0.10070961425346192,-0.10401666741184573,-0.0033070531583838103,0.14494753988118542,0.018102344495392497,0.004893650888583068
5000,28,2,CGATCGCG,0.16203591002805484,0.15929099855111417,0.22237515449523926,0.06780885436604134,0.06670509069817854,-0.0011037636678628004,0.06308415594412509,0.007363980221644528,0.001874157267763188
5000,28,2,CGATCGCG,0.16203591002805484,0.15929099855111417,0.17634892463684082,0.06780885436604134,0.06670509069817854,-0.0011037636678628004,0.01705792608572665,0.007363980221644528,0.001874157267763188
5000,28,2,CTATCGCG,0.026418201295972166,0.025880817154757096,0.0018517673015594482,-0.06780885436604134,-0.06670509069817854,0.0011037636678628004,-0.024029049853197648,0.001076388818300078,1.6205358699394878e-06
5000,28,2,CTATCGCG,0.026418201295972166,0.025880817154757096,0.0018517673015594482,-0.06780885436604134,-0.06670509069817854,0.0011037636678628004,-0.024029049853197648,0.001076388818300078,1.6205358699394878e-06
5000,29,5,CTATCGCG,0.08559103717854158,0.08508200874542489,0.10538946837186813,0.0,0.0,0.0,0.020307459626443244,0.0037221086742341564,0.0011769665086507342
5000,29,5,CTATCGCG,0.08559103717854158,0.08508200874542489,0.08872242271900177,0.0,0.0,0.0,0.003640413973576881,0.0037221086742341564,0.0011769665086507342
5000,29,5,CTATCGCG,0.08559103717854158,0.08508200874542489,0.11863470077514648,0.0,0.0,0.0,0.033552692029721595,0.0037221086742341564,0.0011769665086507342
5000,29,5,CTATCGCG,0.08559103717854158,0.08508200874542489,0.11183403432369232,0.0,0.0,0.0,0.026752025578267433,0.0037221086742341564,0.0011769665086507342
5000,30,5,CTATCGCA,0.0717740938478744,0.06869893743391468,0.009945438243448734,0.0,0.0,0.0,-0.05875349919046595,0.01709782862766851,0.001722046557869894
5000,30,5,CTATCGCA,0.0717740938478744,0.06869893743391468,0.01697925105690956,0.0,0.0,0.0,-0.05171968637700512,0.01709782862766851,0.001722046557869894
5000,30,5,CTATCGCA,0.0717740938478744,0.06869893743391468,0.05548147112131119,0.0,0.0,0.0,-0.013217466312603496,0.01709782862766851,0.001722046557869894
5000,30,5,CTATCGCA,0.0717740938478744,0.06869893743391468,0.059512365609407425,0.0,0.0,0.0,-0.009186571824507259,0.01709782862766851,0.001722046557869894
5000,31,7,CGATCGCG,0.01172144395170457,0.008080886586665567,-0.08946162462234497,-0.00019404421414079102,-0.002803094128948176,-0.002609049914807385,-0.09754251120901054,0.04128823040734941,0.015804328852076388
5000,31,7,CTATCGCA,0.011980169570558958,0.011818345425263135,0.006690513342618942,6.468140471359643e-05,0.0009343647096493914,0.0008696833049357949,-0.005127832082644192,0.0016632414659258354,0.0005304724488550683
5000,31,7,CTATCGCA,0.011980169570558958,0.011818345425263135,0.008081547915935516,6.468140471359643e-05,0.0009343647096493914,0.0008696833049357949,-0.0037367975093276183,0.0016632414659258354,0.0005304724488550683
5000,31,7,CTATCGCA,0.011980169570558958,0.011818345425263135,0.005326701328158379,6.468140471359643e-05,0.0009343647096493914,0.0008696833049357949,-0.006491644097104756,0.0016632414659258354,0.0005304724488550683
10000,0,6,CTATCGCA,0.01252125169803161,0.01251555955285033,0.014432396739721298,0.0,0.0,0.0,0.0019168371868709677,0.00028917967713795734,0.0002550268060502736
10000,0,6,CTATCGCA,0.01252125169803161,0.01251555955285033,0.004662994295358658,0.0,0.0,0.0,-0.007852565257491673,0.00028917967713795734,0.0002550268060502736
10000,0,6,CTATCGCA,0.01252125169803161,0.01251555955285033,0.008569419384002686,0.0,0.0,0.0,-0.003946140168847645,0.00028917967713795734,0.0002550268060502736
10000,0,6,CTATCGCA,0.01252125169803161,0.01251555955285033,0.007786702364683151,0.0,0.0,0.0,-0.004728857188167179,0.00028917967713795734,0.0002550268060502736
10000,1,4,CTATCGCA,0.0008785178441297753,0.0008785554012316066,0.0011508665047585964,0.0,0.0,0.0,0.00027231110352698984,3.1513308976216514e-09,1.5337973822276973e-07
10000,1,4,CTATCGCA,0.0008785178441297753,0.0008785554012316066,0.0008158983546309173,0.0,0.0,0.0,-6.265704660068927e-05,3.1513308976216514e-09,1.5337973822276973e-07
10000,1,4,CTATCGCA,0.0008785178441297753,0.0008785554012316066,0.0011764215305447578,0.0,0.0,0.0,0.00029786612931315126,3.1513308976216514e-09,1.5337973822276973e-07
10000,1,4,CTATCGCA,0.0008785178441297753,0.0008785554012316066,0.0008847320568747818,0.0,0.0,0.0,6.176655643175266e-06,3.1513308976216514e-09,1.5337973822276973e-07
10000,2,5,CTATCGCA,0.07499682005582217,0.07408973580002734,0.0036089131608605385,0.0,0.0,0.0,-0.0704808226391668,0.005603985882985857,0.0010685646040116126
10000,2,5,CTATCGCA,0.07499682005582217,0.07408973580002734,0.016709834337234497,0.0,0.0,0.0,-0.05737990146279284,0.005603985882985857,0.0010685646040116126
10000,2,5,CTATCGCA,0.07499682005582217,0.07408973580002734,0.19066587090492249,0.0,0.0,0.0,0.11657613510489515,0.005603985882985857,0.0010685646040116126
10000,2,5,CTATCGCA,0.07499682005582217,0.07408973580002734,0.13277733325958252,0.0,0.0,0.0,0.05868759745955518,0.005603985882985857,0.0010685646040116126
10000,3,5,TCTGGGCG,0.005538495253881001,0.005535598305523237,0.0037116792518645525,0.0,0.0,0.0,-0.0018239190536586845,2.1475240143278493e-05,6.990498354460251e-06
10000,3,5,TCTGGGCG,0.005538495253881001,0.005535598305523237,0.00747310183942318,0.0,0.0,0.0,0.0019375035338999426,2.1475240143278493e-05,6.990498354460251e-06
10000,3,5,TCTGGGCG,0.005538495253881001,0.005535598305523237,0.005799900274723768,0.0,0.0,0.0,0.00026430196920053124,2.1475240143278493e-05,6.990498354460251e-06
10000,3,5,TCTGGGCG,0.005538495253881001,0.005535598305523237,0.008479250594973564,0.0,0.0,0.0,0.002943652289450327,2.1475240143278493e-05,6.990498354460251e-06
10000,4,1,CTATCGCG,0.00014685438827655162,0.00014685438827655162,0.000146854406921193,0.0,0.0,0.0,1.864464138634503e-11,0.0,0.0
10000,4,1,CTATCGCG,0.00014685438827655162,0.00014685438827655162,0.000146854406921193,0.0,0.0,0.0,1.864464138634503e-11,0.0,0.0
10000,4,1,CTATCGCG,0.00014685438827655162,0.00014685438827655162,0.000146854406921193,0.0,0.0,0.0,1.864464138634503e-11,0.0,0.0
10000,4,1,CTATCGCG,0.00014685438827655162,0.00014685438827655162,0.000146854406921193,0.0,0.0,0.0,1.864464138634503e-11,0.0,0.0
10000,5,7,CTATCGCA,0.20889480393036505,0.1793930108124925,0.3671887516975403,0.0024257444259602468,0.007715353355492172,0.005289608929531925,0.18779574088504777,0.21003445112155072,0.0035218992964427542
10000,5,7,CTATCGCA,0.20889480393036505,0.1793930108124925,0.2386740893125534,0.0024257444259602468,0.007715353355492172,0.005289608929531925,0.059281078500060896,0.21003445112155072,0.0035218992964427542
10000,5,7,CTATCGCA,0.20889480393036505,0.1793930108124925,0.24377530813217163,0.0024257444259602468,0.007715353355492172,0.005289608929531925,0.06438229731967912,0.21003445112155072,0.0035218992964427542
10000,5,7,CTATCGCG,0.19919182622652412,0.14853159739052377,0.18105348944664001,-0.007277233277880685,-0.02314606006647657,-0.015868826788595886,0.03252189205611625,0.36628374222930615,0.011662140377303842
10000,6,3,TTTAGGCC,0.0014180117245145933,0.0014180923813758757,0.000990555388852954,0.0,0.0,0.0,-0.00042753699252292177,2.2758692846958084e-08,2.647292766944087e-07
10000,6,3,TTTAGGCC,0.0014180117245145933,0.0014180923813758757,0.0018174878787249327,0.0,0.0,0.0,0.000399395497349057,2.2758692846958084e-08,2.647292766944087e-07
10000,6,3,TTTAGGCC,0.0014180117245145933,0.0014180923813758757,0.0015061466256156564,0.0,0.0,0.0,8.80542442397807e-05,2.2758692846958084e-08,2.647292766944087e-07
10000,6,3,TTTAGGCC,0.0014180117245145933,0.0014180923813758757,0.0015398721443489194,0.0,0.0,0.0,0.00012177976297304371,2.2758692846958084e-08,2.647292766944087e-07
10000,7,3,CTATCGCG,-0.15021977515968055,-0.14956521305051243,-0.13267070055007935,-0.13076337393224113,-0.13029720711272325,0.0004661668195178881,0.016894512500433084,0.0013745576223365141,0.0033382439498408356
10000,7,3,CTATCGCA,0.024131390083307624,0.024164396433118556,0.009352192282676697,0.04358779131074704,0.043432402370907744,-0.00015538893983929603,-0.01481220415044186,1.7641501324355824e-05,0.00011666055075715276
10000,7,3,CTATCGCA,0.024131390083307624,0.024164396433118556,0.03378332033753395,0.04358779131074704,0.043432402370907744,-0.00015538893983929603,0.009618923904415395,1.7641501324355824e-05,0.00011666055075715276
10000,7,3,CTATCGCA,0.024131390083307624,0.024164396433118556,0.02456674352288246,0.04358779131074704,0.043432402370907744,-0.00015538893983929603,0.00040234708976390546,1.7641501324355824e-05,0.00011666055075715276
10000,8,5,TTTAGGCC,0.00536885443251993,0.005371033250223966,0.003907199017703533,0.0,0.0,0.0,-0.0014638342325204333,1.404375400734445e-05,2.4937842527529563e-05
10000,8,5,TTTAGGCC,0.00536885443251993,0.005371033250223966,0.0027146409265697002,0.0,0.0,0.0,-0.002656392323654266,1.404375400734445e-05,2.4937842527529563e-05
10000,8,5,TTTAGGCC,0.00536885443251993,0.005371033250223966,0.005825052969157696,0.0,0.0,0.0,0.00045401971893372934,1.404375400734445e-05,2.4937842527529563e-05
10000,8,5,TTTAGGCC,0.00536885443251993,0.005371033250223966,0.007620740681886673,0.0,0.0,0.0,0.0022497074316627065,1.404375400734445e-05,2.4937842527529563e-05
10000,9,5,CTATCGCA,0.001938572293133213,0.0019372812005153505,0.002316736150532961,0.0,0.0,0.0,0.00037945495001761036,1.2813605305632414e-05,6.3581422163200285e-06
10000,9,5,CTATCGCA,0.001938572293133213,0.0019372812005153505,0.0024888580664992332,0.0,0.0,0.0,0.0005515768659838827,1.2813605305632414e-05,6.3581422163200285e-06
10000,9,5,CTATCGCA,0.001938572293133213,0.0019372812005153505,0.0018656395841389894,0.0,0.0,0.0,-7.164161637636108e-05,1.2813605305632414e-05,6.3581422163200285e-06
10000,9,5,CTATCGCA,0.001938572293133213,0.0019372812005153505,0.0014578669797629118,0.0,0.0,0.0,-0.00047941422075243874,1.2813605305632414e-05,6.3581422163200285e-06
10000,10,5,CTATCGCA,0.0006343875702736663,0.0006323920324591726,0.0005665984936058521,0.0,0.0,0.0,-6.579353885332044e-05,1.4408062905599608e-05,4.4303738331308296e-06
10000,10,5,CTATCGCA,0.0006343875702736663,0.0006323920324591726,0.0011323668295517564,0.0,0.0,0.0,0.0004999747970925838,1.4408062905599608e-05,4.4303738331308296e-06
10000,10,5,CTATCGCA,0.0006343875702736663,0.0006323920324591726,0.0007403196068480611,0.0,0.0,0.0,0.00010792757438888852,1.4408062905599608e-05,4.4303738331308296e-06
10000,10,5,CTATCGCA,0.0006343875702736663,0.0006323920324591726,0.0008404725231230259,0.0,0.0,0.0,0.00020808049066385332,1.4408062905599608e-05,4.4303738331308296e-06
10000,11,2,TTTAGGCC,0.21963168970379676,0.21927694147174748,0.21927690505981445,0.0,0.0,0.0,-3.6411933024282916e-08,0.0007949736392767193,8.547717517815023e-05
10000,11,2,TTTAGGCC,0.21963168970379676,0.21927694147174748,0.3155657649040222,0.0,0.0,0.0,0.09628882343227474,0.0007949736392767193,8.547717517815023e-05
10000,11,2,TTTAGGCC,0.21963168970379676,0.21927694147174748,0.3155657649040222,0.0,0.0,0.0,0.09628882343227474,0.0007949736392767193,8.547717517815023e-05
10000,11,2,TTTAGGCC,0.21963168970379676,0.21927694147174748,0.21927690505981445,0.0,0.0,0.0,-3.6411933024282916e-08,0.0007949736392767193,8.547717517815023e-05
10000,12,4,CTATCGCA,0.00033529795974283905,0.0003334280606115403,0.0005934609798714519,0.0,0.0,0.0,0.00026003291925991157,1.0057401563776103e-05,2.5778050385810714e-06
10000,12,4,CTATCGCA,0.00033529795974283905,0.0003334280606115403,0.0005428208969533443,0.0,0.0,0.0,0.00020939283634180406,1.0057401563776103e-05,2.5778050385810714e-06
10000,12,4,CTATCGCA,0.00033529795974283905,0.0003334280606115403,0.0001267152838408947,0.0,0.0,0.0,-0.0002067127767706456,1.0057401563776103e-05,2.5778050385810714e-06
10000,12,4,CTATCGCA,0.00033529795974283905,0.0003334280606115403,0.0009677325724624097,0.0,0.0,0.0,0.0006343045118508694,1.0057401563776103e-05,2.5778050385810714e-06
10000,13,4,CTATCGCA,0.0014452303257189696,0.0014454445321329112,0.0011057138908654451,0.0,0.0,0.0,-0.0003397306412674661,4.6347156668069545e-09,8.614603714332536e-07
10000,13,4,CTATCGCA,0.0014452303257189696,0.0014454445321329112,0.001665846211835742,0.0,0.0,0.0,0.00022040167970283076,4.6347156668069545e-09,8.614603714332536e-07
10000,13,4,CTATCGCA,0.0014452303257189696,0.0014454445321329112,0.0018155687721446157,0.0,0.0,0.0,0.0003701242400117044,4.6347156668069545e-09,8.614603714332536e-07
10000,13,4,CTATCGCA,0.0014452303257189696,0.0014454445321329112,0.0012700180523097515,0.0,0.0,0.0,-0.00017542647982315973,4.6347156668069545e-09,8.614603714332536e-07
10000,14,4,CGATCGCG,0.7052537561263913,0.6651615504855288,0.7078583240509033,0.26087791704534247,0.3932166828522824,0.13233876580693993,0.04269677356537449,0.18234666626901186,0.021977843705561995
10000,14,4,CGGTCGCG,-0.33825791205497835,-0.9077051809236008,-0.3260321021080017,-0.7826337511360272,-1.179650048556847,-0.3970162974208199,0.581673078815599,2.278020382660932,0.00023130718644243098
10000,14,4,CGATCGCG,0.7052537561263913,0.6651615504855288,1.220784306526184,0.26087791704534247,0.3932166828522824,0.13233876580693993,0.5556227560406553,0.18234666626901186,0.021977843705561995
10000,14,4,CGATCGCG,0.7052537561263913,0.6651615504855288,0.38166868686676025,0.26087791704534247,0.3932166828522824,0.13233876580693993,-0.2834928636187686,0.18234666626901186,0.021977843705561995
10000,15,5,CTATCGCA,0.14184088595819072,0.13509725018099453,0.20251858234405518,0.0,0.0,0.0,0.06742133216306065,0.0346782936829132,0.0009601147969322543
10000,15,5,CTATCGCA,0.14184088595819072,0.13509725018099453,0.010263195261359215,0.0,0.0,0.0,-0.12483405491963531,0.0346782936829132,0.0009601147969322543
10000,15,5,CTATCGCA,0.14184088595819072,0.13509725018099453,0.10253237932920456,0.0,0.0,0.0,-0.03256487085178997,0.0346782936829132,0.0009601147969322543
10000,15,5,CTATCGCA,0.14184088595819072,0.13509725018099453,0.03059232234954834,0.0,0.0,0.0,-0.10450492783144619,0.0346782936829132,0.0009601147969322543
10000,16,3,CTATCGCA,0.03918959239359604,0.039200332210889956,0.0314776785671711,0.0,0.0,0.0,-0.007722653643718859,2.3470096035843602e-05,5.568954791759784e-05
10000,16,3,CTATCGCA,0.03918959239359604,0.039200332210889956,0.022209398448467255,0.0,0.0,0.0,-0.0169909337624227,2.3470096035843602e-05,5.568954791759784e-05
10000,16,3,CTATCGCA,0.03918959239359604,0.039200332210889956,0.024721914902329445,0.0,0.0,0.0,-0.01447841730856051,2.3470096035843602e-05,5.568954791759784e-05
10000,16,3,CTATCGCA,0.03918959239359604,0.039200332210889956,0.03241594508290291,0.0,0.0,0.0,-0.006784387127987047,2.3470096035843602e-05,5.568954791759784e-05
10000,17,4,TTTGGGCG,-0.19717486610932394,-0.2042085454109679,-0.23511195182800293,-0.06446316306081462,-0.06618607011106409,-0.001722907050249467,-0.03090340641703504,0.02982754914810637,0.0016928319415305815
10000,17,4,TTTGGGCG,-0.19717486610932394,-0.2042085454109679,-0.26693880558013916,-0.06446316306081462,-0.06618607011106409,-0.001722907050249467,-0.06273026016917127,0.02982754914810637,0.0016928319415305815
10000,17,4,TTTGGGCC,0.0606777861339346,0.06053573503328846,0.016094699501991272,0.19338948918244392,0.19855821033319226,0.0051687211507483455,-0.04444103553129719,0.0009762735278475709,0.00040806912526303307
10000,17,4,TTTGGGCG,-0.19717486610932394,-0.2042085454109679,-0.2511853575706482,-0.06446316306081462,-0.06618607011106409,-0.001722907050249467,-0.0469768121596803,0.02982754914810637,0.0016928319415305815
10000,18,2,TTTAGGCC,0.004421751192890511,0.004415734664263482,0.004199249669909477,0.0,0.0,0.0,-0.0002164849943540048,1.9674595293839303e-05,7.64153803978207e-06
10000,18,2,TTTAGGCC,0.004421751192890511,0.004415734664263482,0.002801168942824006,0.0,0.0,0.0,-0.001614565721439476,1.9674595293839303e-05,7.64153803978207e-06
10000,18,2,TTTAGGCC,0.004421751192890511,0.004415734664263482,0.004199249669909477,0.0,0.0,0.0,-0.0002164849943540048,1.9674595293839303e-05,7.64153803978207e-06
10000,18,2,TTTAGGCC,0.004421751192890511,0.004415734664263482,0.004199249669909477,0.0,0.0,0.0,-0.0002164849943540048,1.9674595293839303e-05,7.64153803978207e-06
10000,19,4,TTTGCGCG,0.5812300506824981,0.5408498385420811,0.5654451847076416,0.31298045175075895,0.514914513344195,0.20193406159343608,0.024595346165560472,0.16616332860259586,0.004642480040927932
10000,19,4,TTTGGGCG,-0.573714120980349,-0.7814231117919253,-1.1885417699813843,-0.8419637199120882,-0.8073584369898112,0.034605282922276936,-0.407118658189459,0.8308493809954691,1.3417749164135184e-05
10000,19,4,TTTAGGCG,0.48425241534230956,-0.1965352645006928,-0.09942346811294556,0.2160028164105704,-0.22247058969857886,-0.43847340610914926,0.09711179638774725,2.7273015575515216,0.004150838179512117
10000,19,4,TTTGCGCG,0.5812300506824981,0.5408498385420811,0.46037885546684265,0.31298045175075895,0.514914513344195,0.20193406159343608,-0.08047098307523848,0.16616332860259586,0.004642480040927932
10000,20,4,CTATCGCA,0.010711525198273397,0.010727822739625026,0.011973895132541656,0.0,0.0,0.0,0.0012460723929166306,2.823109766583731e-07,6.547247638317294e-05
10000,20,4,CTATCGCA,0.010711525198273397,0.010727822739625026,0.010029956698417664,0.0,0.0,0.0,-0.0006978660412073623,2.823109766583731e-07,6.547247638317294e-05
10000,20,4,CTATCGCA,0.010711525198273397,0.010727822739625026,0.005100144539028406,0.0,0.0,0.0,-0.00562767820059662,2.823109766583731e-07,6.547247638317294e-05
10000,20,4,CTATCGCA,0.010711525198273397,0.010727822739625026,0.0065435380674898624,0.0,0.0,0.0,-0.004184284672135163,2.823109766583731e-07,6.547247638317294e-05
10000,21,5,CGATCGCG,0.6106125453778135,0.5743727475629914,0.7070674300193787,0.11429979518118916,0.12869699812137914,0.01439720294018998,0.13269468245638727,0.2039955896211023,0.022796600546991286
10000,21,5,CGATCGCG,0.6106125453778135,0.5743727475629914,0.381206750869751,0.11429979518118916,0.12869699812137914,0.01439720294018998,-0.19316599669324042,0.2039955896211023,0.022796600546991286
10000,21,5,CTATCGCG,0.3820129550154351,0.3169787513202332,0.5025103092193604,-0.11429979518118927,-0.12869699812137908,-0.014397202940189813,0.18553155789912718,0.3415408193127496,0.01636980083674011
10000,21,5,CTATCGCG,0.3820129550154351,0.3169787513202332,0.15479667484760284,-0.11429979518118927,-0.12869699812137908,-0.014397202940189813,-0.16218207647263033,0.3415408193127496,0.01636980083674011
10000,22,3,TTTAGGCC,0.002149863514467424,0.002007154011784603,0.0037466504145413637,0.0,0.0,0.0,0.0017394964027567608,0.000448853919089498,2.072541104103376e-05
10000,22,3,TTTAGGCC,0.002149863514467424,0.002007154011784603,0.007948946207761765,0.0,0.0,0.0,0.005941792195977161,0.000448853919089498,2.072541104103376e-05
10000,22,3,TTTAGGCC,0.002149863514467424,0.002007154011784603,0.0021630432456731796,0.0,0.0,0.0,0.00015588923388857668,0.000448853919089498,2.072541104103376e-05
10000,22,3,TTTAGGCC,0.002149863514467424,0.002007154011784603,0.006800037808716297,0.0,0.0,0.0,0.004792883796931694,0.000448853919089498,2.072541104103376e-05
10000,23,2,CAATCTAT,0.05114289971729746,0.051381932458760105,0.051258593797683716,0.0,0.0,0.0,-0.0001233386610763887,3.5280710142249205e-06,0.00048159355393950776
10000,23,2,CAATCTAT,0.05114289971729746,0.051381932458760105,0.06858566403388977,0.0,0.0,0.0,0.017203731575129666,3.5280710142249205e-06,0.00048159355393950776
10000,23,2,CAATCTAT,0.05114289971729746,0.051381932458760105,0.06858566403388977,0.0,0.0,0.0,0.017203731575129666,3.5280710142249205e-06,0.00048159355393950776
10000,23,2,CAATCTAT,0.05114289971729746,0.051381932458760105,0.03442463278770447,0.0,0.0,0.0,-0.016957299671055637,3.5280710142249205e-06,0.00048159355393950776
10000,24,6,CTATCGCA,0.16195861143494203,0.1534170258838589,0.0792679488658905,0.12874163573117742,0.2372584961208749,0.10851686038969749,-0.07414907701796838,0.055432294883072664,0.004182781576573813
10000,24,6,CTATCGCA,0.16195861143494203,0.1534170258838589,0.12803208827972412,0.12874163573117742,0.2372584961208749,0.10851686038969749,-0.025384937604134766,0.055432294883072664,0.004182781576573813
10000,24,6,CGGTCGCG,-0.3530079314897676,-0.7956169585996408,-0.91552734375,-0.38622490719353225,-0.7117754883626247,-0.32555058116909247,-0.11991038515035923,2.656358555305608,0.0007043926463694561
10000,24,6,CTATCGCA,0.16195861143494203,0.1534170258838589,0.025967782363295555,0.12874163573117742,0.2372584961208749,0.10851686038969749,-0.12744924352056333,0.055432294883072664,0.004182781576573813
10000,25,7,TTTACGCC,0.14509400869012237,-0.2420767553104035,-0.15508025884628296,-0.13003989428802806,-0.35378142768341647,-0.2237415333953884,0.08699649646412055,2.759519211567491,0.04932386356381002
10000,25,7,TTTTCGCG,0.4370888322109034,0.23148720407082127,-0.31758666038513184,0.16195492923275295,0.11978253169780828,-0.04217239753494467,-0.5490738644559531,1.7408206083482725,0.3016092113676976
10000,25,7,TTTGCGCG,0.4863230569968828,0.46340832047786457,0.36251020431518555,0.21118915401873234,0.35170364810485155,0.1405144940861192,-0.10089811616267902,0.17314851945118637,0.012745363818059019
10000,25,7,TGTGGGCG,0.032029714014693296,-0.006000079746230418,-0.20465070009231567,-0.24310418896345715,-0.1177047521192434,0.12539943684421373,-0.19865062034608524,0.27408480987342676,0.007876253546960754
10000,26,4,CTATCGCA,0.02285997626200386,0.022872565679487478,0.025947950780391693,0.0,0.0,0.0,0.0030753851009042155,9.193283825351117e-05,0.00014229050818798106
10000,26,4,CTATCGCA,0.02285997626200386,0.022872565679487478,0.030233517289161682,0.0,0.0,0.0,0.0073609516096742045,9.193283825351117e-05,0.00014229050818798106
10000,26,4,CTATCGCA,0.02285997626200386,0.022872565679487478,0.00809789914637804,0.0,0.0,0.0,-0.014774666533109437,9.193283825351117e-05,0.00014229050818798106
10000,26,4,CTATCGCA,0.02285997626200386,0.022872565679487478,0.022785525768995285,0.0,0.0,0.0,-8.703991049219262e-05,9.193283825351117e-05,0.00014229050818798106
10000,27,2,TTTGCGCG,1.0608895188507033,1.0595061327013582,1.118381381034851,0.5382225966100679,0.586522282189577,0.048299685579509144,0.05887524833349289,0.003394454909204314,0.0006276826105140465
10000,27,2,TTTGCGCG,1.0608895188507033,1.0595061327013582,0.5592411160469055,0.5382225966100679,0.586522282189577,0.048299685579509144,-0.5002650166544527,0.003394454909204314,0.0006276826105140465
10000,27,2,TTTGCGCG,1.0608895188507033,1.0595061327013582,0.7799359560012817,0.5382225966100679,0.586522282189577,0.048299685579509144,-0.27957017670007644,0.003394454909204314,0.0006276826105140465
10000,27,2,TTTGCGCC,-1.0920008675895683,-1.2865829960569501,-1.2540969848632812,-1.6146677898302038,-1.7595668465687313,-0.14489905673852754,0.032486011193668896,0.3891719499287465,7.692993982844065e-06
10000,28,7,CGGTCGCG,-0.2737197248597153,-0.5934667694532754,-0.5586627721786499,-0.220540320660981,-0.3095008038915046,-0.08896048323052358,0.034803997274625464,2.243203362579919,0.004974050424998433
10000,28,7,TTTAGGCC,-0.08501262168632986,-0.29839617406289093,0.1364595890045166,-0.03183321748759557,-0.014430208501120145,0.017403008986475427,0.43485576306740753,1.4990667032337375,0.005381836597810219
10000,28,7,CTATCGCA,0.20889480393036505,0.1793930108124925,0.2897981107234955,0.2620742081290993,0.46335897637426327,0.20128476824516395,0.11040509991100297,0.21003445112155072,0.0035218992964427542
10000,28,7,TATGCGCG,-0.0628800741792571,-0.4233939295434094,-1.1422274112701416,-0.00970066998052281,-0.1394279639816386,-0.12972729400111577,-0.7188334817267322,2.7765947549013834,0.2529977673523174
10000,29,6,TTTGGGCC,-0.1054350103935137,-0.11178775696616405,-0.10065653920173645,-0.10161695270144067,-0.09424364390882989,0.007373308792610778,0.011131217764427603,0.03946994302964035,0.0013534635937382244
10000,29,6,TGTGGGCG,0.11788707410218617,0.08443832104251807,0.034739017486572266,0.12170513179425921,0.10198243409985223,-0.019722697694406974,-0.049699303555945804,0.2116947437879877,0.011002225429979084
10000,29,6,TTTGGGCC,-0.1054350103935137,-0.11178775696616405,-0.15256936848163605,-0.10161695270144067,-0.09424364390882989,0.007373308792610778,-0.040781611515471994,0.03946994302964035,0.0013534635937382244
10000,29,6,TTTAGGCC,0.07771071591654909,0.06896074066047338,0.13854530453681946,0.08152877360862212,0.08650485371780754,0.004976080109185418,0.06958456387634608,0.05586900790829341,0.0033691563718392104
10000,30,4,CTATCGCA,0.00556074435027426,0.005553229835679074,0.005576716735959053,0.0,0.0,0.0,2.3486900279978684e-05,6.99600427922914e-05,3.990198441154724e-05
10000,30,4,CTATCGCA,0.00556074435027426,0.005553229835679074,0.006156573072075844,0.0,0.0,0.0,0.0006033432363967695,6.99600427922914e-05,3.990198441154724e-05
10000,30,4,CTATCGCA,0.00556074435027426,0.005553229835679074,0.006812846288084984,0.0,0.0,0.0,0.0012596164524059095,6.99600427922914e-05,3.990198441154724e-05
10000,30,4,CTATCGCA,0.00556074435027426,0.005553229835679074,0.0055043818429112434,0.0,0.0,0.0,-4.884799276783092e-05,6.99600427922914e-05,3.990198441154724e-05
10000,31,7,CTATCGCA,0.01744522392639383,0.01749338860074014,0.0030390361789613962,0.0,0.0,0.0,-0.014454352421778744,7.743486449231576e-05,0.0004145875849164704
10000,31,7,CTATCGCA,0.01744522392639383,0.01749338860074014,0.005365230143070221,0.0,0.0,0.0,-0.01212815845766992,7.743486449231576e-05,0.0004145875849164704
10000,31,7,CTATCGCA,0.01744522392639383,0.01749338860074014,0.01766597479581833,0.0,0.0,0.0,0.0001725861950781886,7.743486449231576e-05,0.0004145875849164704
10000,31,7,CTATCGCA,0.01744522392639383,0.01749338860074014,0.017585638910531998,0.0,0.0,0.0,9.225030979185742e-05,7.743486449231576e-05,0.0004145875849164704
15000,0,2,CTATCGCG,-0.201931690730774,-0.20394133526133373,-0.2775617837905884,-0.17035381817615572,-0.17186543619754957,-0.0015116180213938513,-0.07362044852925465,0.007978327124591011,0.003959038063471532
15000,0,2,CTATCGCA,0.025206733504100298,0.02521257966873236,0.024480395019054413,0.05678460605871857,0.05728847873251652,0.0005038726737979504,-0.0007321846496779472,7.177284552550844e-05,8.3465174789632e-05
15000,0,2,CTATCGCA,0.025206733504100298,0.02521257966873236,0.04501800239086151,0.05678460605871857,0.05728847873251652,0.0005038726737979504,0.01980542272212915,7.177284552550844e-05,8.3465174789632e-05
15000,0,2,CTATCGCA,0.025206733504100298,0.02521257966873236,0.03817214071750641,0.05678460605871857,0.05728847873251652,0.0005038726737979504,0.012959561048774049,7.177284552550844e-05,8.3465174789632e-05
15000,1,3,TTTGCGCG,0.2407334790673106,0.24146856603228017,0.23222234845161438,0.17805254063691628,0.1851071998816628,0.0070546592447465195,-0.009246217580665794,0.00047730341788207453,0.0026825643127907917
15000,1,3,TTTGCGCG,0.2407334790673106,0.24146856603228017,0.21676760911941528,0.17805254063691628,0.1851071998816628,0.0070546592447465195,-0.02470095691286489,0.00047730341788207453,0.0026825643127907917
15000,1,3,TCTGCGCG,-0.11537160220652194,-0.12874583373104542,-0.12107360363006592,-0.17805254063691628,-0.1851071998816628,-0.0070546592447465195,0.007672230100979505,0.04406071995676264,0.003938025383192212
15000,1,3,TCTGCGCG,-0.11537160220652194,-0.12874583373104542,-0.16369444131851196,-0.17805254063691628,-0.1851071998816628,-0.0070546592447465195,-0.03494860758746654,0.04406071995676264,0.003938025383192212
15000,2,5,TTTGCGCG,0.42504163915192833,0.40454512569023376,0.9588564038276672,0.0450420882785299,0.22186695689375802,0.17682486861522811,0.5543112781374335,0.12322302971404969,0.02074046240557692
15000,2,5,TTTACGCC,0.24487328603780872,-0.48292270188479824,-0.38603806495666504,-0.1351262648355897,-0.6656008706812739,-0.5304746058456842,0.0968846369281332,3.6429252575121636,0.003945317899129108
15000,2,5,TTTGCGCG,0.42504163915192833,0.40454512569023376,0.3261202573776245,0.0450420882785299,0.22186695689375802,0.17682486861522811,-0.07842486831260925,0.12322302971404969,0.02074046240557692
15000,2,5,TTTGCGCG,0.42504163915192833,0.40454512569023376,0.4723907709121704,0.0450420882785299,0.22186695689375802,0.17682486861522811,0.06784564522193665,0.12322302971404969,0.02074046240557692
15000,3,4,CTATCGCA,0.00034041349127296103,0.00033893649936089787,0.0006037403945811093,0.0,0.0,0.0,0.0002648038952202114,9.03954764822773e-06,3.131579999975098e-06
15000,3,4,CTATCGCA,0.00034041349127296103,0.00033893649936089787,0.000357247656211257,0.0,0.0,0.0,1.831115685035911e-05,9.03954764822773e-06,3.131579999975098e-06
15000,3,4,CTATCGCA,0.00034041349127296103,0.00033893649936089787,0.00023952138144522905,0.0,0.0,0.0,-9.941511791566882e-05,9.03954764822773e-06,3.131579999975098e-06
15000,3,4,CTATCGCA,0.00034041349127296103,0.00033893649936089787,9.620306082069874e-05,0.0,0.0,0.0,-0.00024273343854019913,9.03954764822773e-06,3.131579999975098e-06
15000,4,2,CTATCGCA,0.0006199519395788111,0.0006199876725077047,0.0004145076381973922,0.0,0.0,0.0,-0.00020548003431031248,1.796804038889377e-09,7.326266182605679e-08
15000,4,2,CTATCGCA,0.0006199519395788111,0.0006199876725077047,0.00028495860169641674,0.0,0.0,0.0,-0.00033502907081128797,1.796804038889377e-09,7.326266182605679e-08
15000,4,2,CTATCGCA,0.0006199519395788111,0.0006199876725077047,0.0004904385423287749,0.0,0.0,0.0,-0.00012954913017892977,1.796804038889377e-09,7.326266182605679e-08
15000,4,2,CTATCGCA,0.0006199519395788111,0.0006199876725077047,0.00028495860169641674,0.0,0.0,0.0,-0.00033502907081128797,1.796804038889377e-09,7.326266182605679e-08
15000,5,3,CTATCGCA,0.00043032408127130495,0.0004303550740587525,0.00030081591103225946,0.0,0.0,0.0,-0.00012953916302649304,1.0504087322171785e-09,9.402877107489438e-08
15000,5,3,CTATCGCA,0.00043032408127130495,0.0004303550740587525,0.0006279163644649088,0.0,0.0,0.0,0.00019756129040615633,1.0504087322171785e-09,9.402877107489438e-08
15000,5,3,CTATCGCA,0.00043032408127130495,0.0004303550740587525,0.0005782647058367729,0.0,0.0,0.0,0.0001479096317780204,1.0504087322171785e-09,9.402877107489438e-08
15000,5,3,CTATCGCA,0.00043032408127130495,0.0004303550740587525,0.0005420795641839504,0.0,0.0,0.0,0.00011172449012519792,1.0504087322171785e-09,9.402877107489438e-08
15000,6,5,CGGTCGCG,-0.38762400749933473,-0.8300020473140197,-0.867649495601654,-0.4257733901108906,-0.6140563259523218,-0.18828293584143124,-0.03764744828763433,2.2119164963736937,2.629730026867949e-05
15000,6,5,CGATCGCA,0.3147013392698673,0.24757723778924437,-0.0010873079299926758,0.27655195665831145,0.4635229591509422,0.18697100249263077,-0.24866454571923705,0.39530922946679947,0.05968872206368481
15000,6,5,CGATCGCG,0.6131442061750255,0.5486439713920037,0.3571826219558716,0.5749948235634696,0.7645896927537016,0.18959486919023194,-0.19146134943613213,0.33455168882457437,0.012050514909465182
15000,6,5,CGGTCGCG,-0.38762400749933473,-0.8300020473140197,-0.5999276638031006,-0.4257733901108906,-0.6140563259523218,-0.18828293584143124,0.23007438351091913,2.2119164963736937,2.629730026867949e-05
15000,7,3,CGATATAT,0.13054429756235064,0.13264468009498379,0.10448198765516281,0.0,0.0,0.0,-0.028162692439820974,0.0008939687553235209,0.007195116353223008
15000,7,3,CGATATAT,0.13054429756235064,0.13264468009498379,0.19353586435317993,0.0,0.0,0.0,0.060891184258196146,0.0008939687553235209,0.007195116353223008
15000,7,3,CGATATAT,0.13054429756235064,0.13264468009498379,0.031356990337371826,0.0,0.0,0.0,-0.10128768975761196,0.0008939687553235209,0.007195116353223008
15000,7,3,CGATATAT,0.13054429756235064,0.13264468009498379,0.1294906735420227,0.0,0.0,0.0,-0.0031540065529610806,0.0008939687553235209,0.007195116353223008
15000,8,5,CTATCGCA,0.023511303561691593,0.02361224087297913,0.021202456206083298,0.028732573468732252,0.028723774493556453,-8.798975175798585e-06,-0.002409784666895832,0.00013355029275038954,0.0006382368491880674
15000,8,5,CTATCGCA,0.023511303561691593,0.02361224087297913,0.026554681360721588,0.028732573468732252,0.028723774493556453,-8.798975175798585e-06,0.0029424404877424586,0.00013355029275038954,0.0006382368491880674
15000,8,5,CTATCGCG,-0.09141899031323741,-0.09128285710124669,-0.14352303743362427,-0.08619772040619675,-0.08617132348066936,2.6396925527388815e-05,-0.05224018033237758,0.005481796694363439,0.0061624627543170885
15000,8,5,CTATCGCA,0.023511303561691593,0.02361224087297913,0.03212156146764755,0.028732573468732252,0.028723774493556453,-8.798975175798585e-06,0.008509320594668423,0.00013355029275038954,0.0006382368491880674
15000,9,3,CTATCGCC,0.09334465490220008,0.08738518982055303,-0.00858074426651001,-0.16342894728372098,-0.1591960738060152,0.00423287347770579,-0.09596593408706304,0.1592931185733989,0.14141472332845773
15000,9,3,CTATCGCC,0.09334465490220008,0.08738518982055303,-0.03419432044029236,-0.16342894728372098,-0.1591960738060152,0.00423287347770579,-0.12157951026084539,0.1592931185733989,0.14141472332845773
15000,9,3,CTATCGCC,0.09334465490220008,0.08738518982055303,-0.02265205979347229,-0.16342894728372098,-0.1591960738060152,0.00423287347770579,-0.11003724961402532,0.1592931185733989,0.14141472332845773
15000,9,3,ATATCGCC,0.7470604440370838,0.7241694850446138,0.9595874547958374,0.4902868418511628,0.4775882214180456,-0.012698620433117203,0.23541796975122364,0.1678027133025739,0.09912983632516381
15000,10,5,TCTGCGGC,-0.059026077563938996,-0.0964742485405882,-0.2622223496437073,-0.15946529253062172,-0.1317037492794045,0.027761543251217213,-0.16574810110311908,0.18799055971064305,0.0007497048273970575
15000,10,5,TCTGCGGC,-0.059026077563938996,-0.0964742485405882,-0.03417830169200897,-0.15946529253062172,-0.1317037492794045,0.027761543251217213,0.062295946848579226,0.18799055971064305,0.0007497048273970575
15000,10,5,TCTGCGGC,-0.059026077563938996,-0.0964742485405882,-0.03919807821512222,-0.15946529253062172,-0.1317037492794045,0.027761543251217213,0.057276170325465975,0.18799055971064305,0.0007497048273970575
15000,10,5,TCTGCGCG,0.5788350925585479,0.43034074857702986,0.3826427757740021,0.4783958775918652,0.39511124783821355,-0.08328462975365164,-0.04769797280302779,0.7745951950249426,0.03212347511735203
15000,11,4,CTATCGCA,0.0006799718705467177,0.0006791507952451648,0.0008767059771344066,0.0,0.0,0.0,0.00019755518188924182,5.862106244793053e-06,2.5778050385810714e-06
15000,11,4,CTATCGCA,0.0006799718705467177,0.0006791507952451648,0.000812426907941699,0.0,0.0,0.0,0.00013327611269653428,5.862106244793053e-06,2.5778050385810714e-06
15000,11,4,CTATCGCA,0.0006799718705467177,0.0006791507952451648,0.0005822011735290289,0.0,0.0,0.0,-9.694962171613586e-05,5.862106244793053e-06,2.5778050385810714e-06
15000,11,4,CTATCGCA,0.0006799718705467177,0.0006791507952451648,0.0007867640815675259,0.0,0.0,0.0,0.00010761328632236111,5.862106244793053e-06,2.5778050385810714e-06
15000,12,3,CTATCGCA,0.017739179214297823,0.01774383927578227,0.013224367052316666,0.03991117351205917,0.04027832100781672,0.0003671474957575513,-0.004519472223465604,7.205388835632154e-05,8.60340728096598e-05
15000,12,3,CTATCGCG,-0.14190551483393885,-0.1433694447554846,-0.1864229440689087,-0.1197335205361775,-0.12083496302345015,-0.001101442487272647,-0.04305349931342409,0.008595073540448528,0.004203283775811251
15000,12,3,CTATCGCA,0.017739179214297823,0.01774383927578227,0.02497602254152298,0.03991117351205917,0.04027832100781672,0.0003671474957575513,0.00723218326574071,7.205388835632154e-05,8.60340728096598e-05
15000,12,3,CTATCGCA,0.017739179214297823,0.01774383927578227,0.027465246617794037,0.03991117351205917,0.04027832100781672,0.0003671474957575513,0.009721407342011767,7.205388835632154e-05,8.60340728096598e-05
15000,13,4,CTATCGCA,0.021700874971262094,0.0217240047430588,0.020197652280330658,0.0,0.0,0.0,-0.0015263524627281422,8.082297968886598e-05,0.00017334206687569242
15000,13,4,CTATCGCA,0.021700874971262094,0.0217240047430588,0.025090649724006653,0.0,0.0,0.0,0.0033666449809478527,8.082297968886598e-05,0.00017334206687569242
15000,13,4,CTATCGCA,0.021700874971262094,0.0217240047430588,0.03473379462957382,0.0,0.0,0.0,0.013009789886515022,8.082297968886598e-05,0.00017334206687569242
15000,13,4,CTATCGCA,0.021700874971262094,0.0217240047430588,0.014115206897258759,0.0,0.0,0.0,-0.007608797845800042,8.082297968886598e-05,0.00017334206687569242
15000,14,6,CTATCGCG,-0.00669785235539853,-0.007651278486449383,-0.009855508804321289,-0.059876279948881485,-0.05948066811460118,0.00039561183428030167,-0.0022042303178719065,0.008812253231338829,0.0030916964450337092
15000,14,6,CTATCGCG,-0.00669785235539853,-0.007651278486449383,-0.015884801745414734,-0.059876279948881485,-0.05948066811460118,0.00039561183428030167,-0.008233523258965352,0.008812253231338829,0.0030916964450337092
15000,14,6,CGATCGCG,0.11305470754236445,0.11131005774275297,0.13083937764167786,0.05987627994888149,0.059480668114601176,-0.00039561183428031554,0.019529319898924882,0.015329946669566552,0.004862047871897701
15000,14,6,CGATCGCG,0.11305470754236445,0.11131005774275297,0.07123342156410217,0.05987627994888149,0.059480668114601176,-0.00039561183428031554,-0.0400766361786508,0.015329946669566552,0.004862047871897701
15000,15,4,TTTGGGCG,-0.376111607042404,-0.46657866673526394,-0.46537140011787415,-0.2463488892664883,-0.2664952943844679,-0.020146405117979604,0.0012072666173897906,0.3618738586998256,5.6199283857139015e-06
15000,15,4,TTTGGGCG,-0.376111607042404,-0.46657866673526394,-0.3378911316394806,-0.2463488892664883,-0.2664952943844679,-0.020146405117979604,0.12868753509578335,0.3618738586998256,5.6199283857139015e-06
15000,15,4,TTTGGGCG,-0.376111607042404,-0.46657866673526394,-0.7744931578636169,-0.2463488892664883,-0.2664952943844679,-0.020146405117979604,-0.307914491128353,0.3618738586998256,5.6199283857139015e-06
15000,15,4,TTTGCGCG,0.6092839500235492,0.5994025108026075,0.42704451084136963,0.7390466677994649,0.7994858831534035,0.06043921535393859,-0.1723579999612379,0.04041256144444233,0.0008868045606758024
15000,16,3,CGATCGCG,0.012393426054425375,0.012421451483937215,0.013616333715617657,0.0,0.0,0.0,0.0011948822316804417,1.0736431335645058e-06,8.51499316690818e-05
15000,16,3,CGATCGCG,0.012393426054425375,0.012421451483937215,0.015436340123414993,0.0,0.0,0.0,0.0030148886394777783,1.0736431335645058e-06,8.51499316690818e-05
15000,16,3,CGATCGCG,0.012393426054425375,0.012421451483937215,0.01148048136383295,0.0,0.0,0.0,-0.0009409701201042644,1.0736431335645058e-06,8.51499316690818e-05
15000,16,3,CGATCGCG,0.012393426054425375,0.012421451483937215,0.0093949930742383,0.0,0.0,0.0,-0.0030264584096989147,1.0736431335645058e-06,8.51499316690818e-05
15000,17,1,CTATCGCA,0.0008105466840788722,0.0008105466840788722,0.0008104274747893214,0.0,0.0,0.0,-1.1920928955078125e-07,0.0,0.0
15000,17,1,CTATCGCA,0.0008105466840788722,0.0008105466840788722,0.0008104274747893214,0.0,0.0,0.0,-1.1920928955078125e-07,0.0,0.0
15000,17,1,CTATCGCA,0.0008105466840788722,0.0008105466840788722,0.0008104274747893214,0.0,0.0,0.0,-1.1920928955078125e-07,0.0,0.0
15000,17,1,CTATCGCA,0.0008105466840788722,0.0008105466840788722,0.0008104274747893214,0.0,0.0,0.0,-1.1920928955078125e-07,0.0,0.0
15000,18,4,TGTGGGCG,0.2046519070977639,0.20432687400270488,0.17323672771453857,0.0,0.0,0.0,-0.03109014628816631,0.0037124375376992313,0.002412305157463157
15000,18,4,TGTGGGCG,0.2046519070977639,0.20432687400270488,0.060479890555143356,0.0,0.0,0.0,-0.14384698344756153,0.0037124375376992313,0.002412305157463157
15000,18,4,TGTGGGCG,0.2046519070977639,0.20432687400270488,0.15803679823875427,0.0,0.0,0.0,-0.04629007576395061,0.0037124375376992313,0.002412305157463157
15000,18,4,TGTGGGCG,0.2046519070977639,0.20432687400270488,0.29716500639915466,0.0,0.0,0.0,0.09283813239644978,0.0037124375376992313,0.002412305157463157
15000,19,6,CGGTCGCG,-0.3921495058028113,-0.7898593238232715,-0.8462835550308228,-0.7810544874210013,-0.862338106240836,-0.0812836188198347,-0.056424231207551245,2.3863803877013634,0.00012147957860253467
15000,19,6,CGATATAT,0.6584697808589759,0.38980112541613554,0.7396131753921509,0.269564799240786,0.31732234299857115,0.047757543757785126,0.34981204997601534,1.8448692852889172,0.2328573526318749
15000,19,6,CGATCGCG,0.4708421544439511,0.348218454741463,0.13977447152137756,0.08193717282576124,0.2757396723238986,0.19380249949813738,-0.20844398322008545,0.7488537965453063,0.01311159833037756
15000,19,6,CGATATAG,0.8184574969726439,0.3417548733359306,0.1684267818927765,0.42955251535445405,0.2692760909183662,-0.16027642443608786,-0.1733280914431541,3.5921839634432486,0.731968221622969
15000,20,3,ATGTCGCG,-0.42645004928325503,-0.4273301964371514,-0.5439862012863159,-0.36265513948757644,-0.3633111363394469,-0.0006559968518704551,-0.1166560048491645,0.002981214719502301,0.0003407732578131206
15000,20,3,ATGTCGCC,0.05709013670018024,0.05708465201544444,0.08006562292575836,0.1208850464958588,0.12110371211314896,0.0002186656172901702,0.022980970910313925,2.8858755766442146e-05,1.2404701559026732e-05
15000,20,3,ATGTCGCC,0.05709013670018024,0.05708465201544444,0.05160880833864212,0.1208850464958588,0.12110371211314896,0.0002186656172901702,-0.005475843676802317,2.8858755766442146e-05,1.2404701559026732e-05
15000,20,3,ATGTCGCC,0.05709013670018024,0.05708465201544444,0.05471482500433922,0.1208850464958588,0.12110371211314896,0.0002186656172901702,-0.002369827011105219,2.8858755766442146e-05,1.2404701559026732e-05
15000,21,4,CTATCGCA,0.03060087837764304,0.030635764437439206,0.024727320298552513,0.03066050069756739,0.030603183366076564,-5.7317331490825546e-05,-0.005908444138886693,1.6309444838380482e-05,0.000155853684023044
15000,21,4,CTATCGCA,0.03060087837764304,0.030635764437439206,0.039031222462654114,0.03066050069756739,0.030603183366076564,-5.7317331490825546e-05,0.008395458025214908,1.6309444838380482e-05,0.000155853684023044
15000,21,4,CTATCGCG,-0.09204112441262652,-0.09177696902686705,-0.11301809549331665,-0.09198150209270217,-0.09180955009822969,0.0001719519944724801,-0.0212411264664496,0.0014812300920303834,0.0025378516350682556
15000,21,4,CTATCGCA,0.03060087837764304,0.030635764437439206,0.02502782829105854,0.03066050069756739,0.030603183366076564,-5.7317331490825546e-05,-0.005607936146380665,1.6309444838380482e-05,0.000155853684023044
15000,22,4,CTATCGCA,0.002139116172643606,0.00213940250777489,0.0024596652947366238,0.0,0.0,0.0,0.0003202627869617336,6.353452080415378e-08,1.208875045941027e-06
15000,22,4,CTATCGCA,0.002139116172643606,0.00213940250777489,0.00057328084949404,0.0,0.0,0.0,-0.0015661216582808501,6.353452080415378e-08,1.208875045941027e-06
15000,22,4,CTATCGCA,0.002139116172643606,0.00213940250777489,0.0017125798622146249,0.0,0.0,0.0,-0.0004268226455602653,6.353452080415378e-08,1.208875045941027e-06
15000,22,4,CTATCGCA,0.002139116172643606,0.00213940250777489,0.0018828485626727343,0.0,0.0,0.0,-0.0002565539451021559,6.353452080415378e-08,1.208875045941027e-06
15000,23,4,CGATCGCG,0.5586204472444888,0.4229025384956664,0.8631055951118469,0.43204725449880904,0.5384203750263117,0.10637312052750264,0.44020305661618053,0.565202635066766,0.02233100007147648
15000,23,4,CTATCGCA,0.18853823047037388,0.17872670835220117,0.2832217812538147,0.06196503772469414,0.2942445448828464,0.23227950715815227,0.10449507290161353,0.04187205439537811,0.002625965922687268
15000,23,4,CGGTCGCG,-0.42940413720251763,-1.2424273013226497,-1.8469139337539673,-0.5559773299481974,-1.1269094647920044,-0.570932134843807,-0.6044866324313176,3.2531998782850082,0.0011072218044800852
15000,23,4,CTATCGCA,0.18853823047037388,0.17872670835220117,0.2611845135688782,0.06196503772469414,0.2942445448828464,0.23227950715815227,0.082457805216677,0.04187205439537811,0.002625965922687268
15000,24,7,CTATCGCA,0.17886631778225381,0.12889989093389304,0.006063858978450298,-0.013931553470435398,0.04622846316306825,0.06016001663350365,-0.12283603195544274,0.3528056157187944,0.003040627780269034
15000,24,7,CTATCGCG,0.11633332549613419,0.056812707395333666,0.21354320645332336,-0.07646454575655502,-0.02585872037549112,0.0506058253810639,0.1567304990579897,0.42590705963074393,0.009262732925140238
15000,24,7,TTTGCGCG,0.29712552395011504,0.016073221820179433,0.31912291049957275,0.10432765269742583,-0.06659820595064535,-0.1709258586480712,0.3030496886793933,1.9833818936545495,0.016015778745000375
15000,24,7,CTATCGCA,0.17886631778225381,0.12889989093389304,0.0340377539396286,-0.013931553470435398,0.04622846316306825,0.06016001663350365,-0.09486213699426443,0.3528056157187944,0.003040627780269034
15000,25,4,CTATCGCA,0.025614377390714635,0.025747647506705107,0.019859597086906433,0.0,0.0,0.0,-0.005888050419798674,9.827139799400975e-05,0.0006313518619558978
15000,25,4,CTATCGCA,0.025614377390714635,0.025747647506705107,0.01836378127336502,0.0,0.0,0.0,-0.007383866233340086,9.827139799400975e-05,0.0006313518619558978
15000,25,4,CTATCGCA,0.025614377390714635,0.025747647506705107,0.024243999272584915,0.0,0.0,0.0,-0.0015036482341201918,9.827139799400975e-05,0.0006313518619558978
15000,25,4,CTATCGCA,0.025614377390714635,0.025747647506705107,0.035349298268556595,0.0,0.0,0.0,0.009601650761851488,9.827139799400975e-05,0.0006313518619558978
15000,26,2,CTATCGCA,0.04228835540616954,0.042472762492252514,0.05523613840341568,0.0,0.0,0.0,0.012763375911163166,1.8951480952877908e-05,0.00038776565311882116
15000,26,2,CTATCGCA,0.04228835540616954,0.042472762492252514,0.05523613840341568,0.0,0.0,0.0,0.012763375911163166,1.8951480952877908e-05,0.00038776565311882116
15000,26,2,CTATCGCA,0.04228835540616954,0.042472762492252514,0.013573791831731796,0.0,0.0,0.0,-0.028898970660520718,1.8951480952877908e-05,0.00038776565311882116
15000,26,2,CTATCGCA,0.04228835540616954,0.042472762492252514,0.044158898293972015,0.0,0.0,0.0,0.0016861358017195016,1.8951480952877908e-05,0.00038776565311882116
15000,27,4,CTATCGCA,0.00034041349127296103,0.00033893649936089787,0.0005302767967805266,0.0,0.0,0.0,0.00019134029741962877,9.03954764822773e-06,3.131579999975098e-06
15000,27,4,CTATCGCA,0.00034041349127296103,0.00033893649936089787,0.00037880800664424896,0.0,0.0,0.0,3.987150728335109e-05,9.03954764822773e-06,3.131579999975098e-06
15000,27,4,CTATCGCA,0.00034041349127296103,0.00033893649936089787,0.00031096884049475193,0.0,0.0,0.0,-2.796765886614594e-05,9.03954764822773e-06,3.131579999975098e-06
15000,27,4,CTATCGCA,0.00034041349127296103,0.00033893649936089787,0.00022815761622041464,0.0,0.0,0.0,-0.00011077888314048323,9.03954764822773e-06,3.131579999975098e-06
15000,28,2,CTTTGGCA,0.40103253424590635,0.4010636761548767,0.5003090500831604,0.0,0.0,0.0,0.0992453739282837,8.429391990771862e-05,0.0001465777378484301
15000,28,2,CTTTGGCA,0.40103253424590635,0.4010636761548767,0.5003089904785156,0.0,0.0,0.0,0.09924531432363892,8.429391990771862e-05,0.0001465777378484301
15000,28,2,CTTTGGCA,0.40103253424590635,0.4010636761548767,0.6020724177360535,0.0,0.0,0.0,0.20100874158117676,8.429391990771862e-05,0.0001465777378484301
15000,28,2,CTTTGGCA,0.40103253424590635,0.4010636761548767,0.29930031299591064,0.0,0.0,0.0,-0.10176336315896606,8.429391990771862e-05,0.0001465777378484301
15000,29,5,TTTGCGCG,0.6536670828618325,0.5946999773522734,0.4725882112979889,0.22416755060440258,0.3816312693554777,0.15746371875107512,-0.12211176605428453,0.3127451172518798,0.017909589704084183
15000,29,5,TTTAGGCC,0.05872775244042361,0.02754191351231743,0.10475315153598785,-0.3707717798170063,-0.18552679448447829,0.18524498533252803,0.07721123802367043,0.1586600872269469,0.0027308925864160116
15000,29,5,TTTACGCC,0.35193621086563115,-0.36466703622968133,-0.17060017585754395,-0.07756332139179878,-0.577735744226477,-0.5001724228346782,0.19406686037213738,3.6114055718926767,0.028389336416114297
15000,29,5,TTTGCGCG,0.6536670828618325,0.5946999773522734,0.6450419425964355,0.22416755060440258,0.3816312693554777,0.15746371875107512,0.050341965244162123,0.3127451172518798,0.017909589704084183
15000,30,3,CTATCGCG,-0.013199509431846593,-0.014707435065095828,-0.01976858079433441,0.0,0.0,0.0,-0.005061145729238584,0.005372542686894688,0.0008487657871469878
15000,30,3,CTATCGCG,-0.013199509431846593,-0.014707435065095828,-0.025463923811912537,0.0,0.0,0.0,-0.010756488746816709,0.005372542686894688,0.0008487657871469878
15000,30,3,CTATCGCG,-0.013199509431846593,-0.014707435065095828,-0.019707120954990387,0.0,0.0,0.0,-0.004999685889894559,0.005372542686894688,0.0008487657871469878
15000,30,3,CTATCGCG,-0.013199509431846593,-0.014707435065095828,-0.009578514844179153,0.0,0.0,0.0,0.005128920220916674,0.005372542686894688,0.0008487657871469878
15000,31,5,CTATCGCA,0.1437158349741338,0.13897237294875014,0.026117391884326935,0.0,0.0,0.0,-0.11285498106442321,0.02631229319894346,0.0025949830720253253
15000,31,5,CTATCGCA,0.1437158349741338,0.13897237294875014,0.10227075964212418,0.0,0.0,0.0,-0.03670161330662597,0.02631229319894346,0.0025949830720253253
15000,31,5,CTATCGCA,0.1437158349741338,0.13897237294875014,0.33573752641677856,0.0,0.0,0.0,0.19676515346802842,0.02631229319894346,0.0025949830720253253
15000,31,5,CTATCGCA,0.1437158349741338,0.13897237294875014,0.13270112872123718,0.0,0.0,0.0,-0.006271244227512962,0.02631229319894346,0.0025949830720253253
20000,0,2,TTTAGGCC,5.542690716686671e-05,5.5427047513489924e-05,5.539724952541292e-05,0.0,0.0,0.0,-2.9797988077007176e-08,1.3530432330099984e-10,4.1599756972487967e-10
20000,0,2,TTTAGGCC,5.542690716686671e-05,5.5427047513489924e-05,7.378333248198032e-05,0.0,0.0,0.0,1.83562849684904e-05,1.3530432330099984e-10,4.1599756972487967e-10
20000,0,2,TTTAGGCC,5.542690716686671e-05,5.5427047513489924e-05,7.378333248198032e-05,0.0,0.0,0.0,1.83562849684904e-05,1.3530432330099984e-10,4.1599756972487967e-10
20000,0,2,TTTAGGCC,5.542690716686671e-05,5.5427047513489924e-05,5.539724952541292e-05,0.0,0.0,0.0,-2.9797988077007176e-08,1.3530432330099984e-10,4.1599756972487967e-10
20000,1,2,CTATCGCA,0.0031526383945260084,0.0031535002035525395,0.0016511736903339624,0.0,0.0,0.0,-0.001502326513218577,3.302972655383485e-07,2.053915318600552e-06
20000,1,2,CTATCGCA,0.0031526383945260084,0.0031535002035525395,0.003960615489631891,0.0,0.0,0.0,0.0008071152860793518,3.302972655383485e-07,2.053915318600552e-06
20000,1,2,CTATCGCA,0.0031526383945260084,0.0031535002035525395,0.0038485333789139986,0.0,0.0,0.0,0.0006950331753614591,3.302972655383485e-07,2.053915318600552e-06
20000,1,2,CTATCGCA,0.0031526383945260084,0.0031535002035525395,0.003153440775349736,0.0,0.0,0.0,-5.942820280324668e-08,3.302972655383485e-07,2.053915318600552e-06
20000,2,3,CGGTCGCG,-0.4050474708046987,-0.9695649230188286,-0.7658416628837585,-1.1223474428721278,-1.4669565275585037,-0.34460908468637586,0.20372326013507003,1.6935620808562541,9.724213864553688e-06
20000,2,3,CGATCGCG,1.0914157863581384,0.986377113725843,0.30769985914230347,0.3741158142907093,0.4889855091861679,0.11486969489545862,-0.6786772545835396,0.3162300934548472,0.0011140755579610584
20000,2,3,CGATCGCG,1.0914157863581384,0.986377113725843,0.7601509094238281,0.3741158142907093,0.4889855091861679,0.11486969489545862,-0.2262262043020149,0.3162300934548472,0.0011140755579610584
20000,2,3,CGATCGCG,1.0914157863581384,0.986377113725843,0.30600622296333313,0.3741158142907093,0.4889855091861679,0.11486969489545862,-0.6803708907625099,0.3162300934548472,0.0011140755579610584
20000,3,4,CTATCGCA,0.018520038668835895,0.01852914078817014,0.0089425565674901,0.0,0.0,0.0,-0.009586584220680039,9.334989263558302e-05,0.00012975836997256018
20000,3,4,CTATCGCA,0.018520038668835895,0.01852914078817014,0.007155994884669781,0.0,0.0,0.0,-0.011373145903500359,9.334989263558302e-05,0.00012975836997256018
20000,3,4,CTATCGCA,0.018520038668835895,0.01852914078817014,0.012090925127267838,0.0,0.0,0.0,-0.006438215660902302,9.334989263558302e-05,0.00012975836997256018
20000,3,4,CTATCGCA,0.018520038668835895,0.01852914078817014,0.014126925729215145,0.0,0.0,0.0,-0.004402215058954995,9.334989263558302e-05,0.00012975836997256018
20000,4,5,CGATCGCG,0.4485688907501456,0.35584817278363834,-0.03043264150619507,0.07651887285250425,0.05455821273551009,-0.021960660116994157,-0.3862808142898334,0.47993049308806546,0.016326903255529324
20000,4,5,CGATCGCG,0.4485688907501456,0.35584817278363834,0.22409433126449585,0.07651887285250425,0.05455821273551009,-0.021960660116994157,-0.1317538415191425,0.47993049308806546,0.016326903255529324
20000,4,5,CTATCGCA,0.14249339934012875,0.13761532184159808,0.11241592466831207,-0.2295566185575126,-0.16367463820653017,0.06588198035098244,-0.02519939717328601,0.026985370564678646,0.0025949830720253253
20000,4,5,CGATCGCG,0.4485688907501456,0.35584817278363834,0.593604564666748,0.07651887285250425,0.05455821273551009,-0.021960660116994157,0.2377563918831097,0.47993049308806546,0.016326903255529324
20000,5,4,TTTAGGCC,0.12617572437084734,0.12563294641117284,0.18955552577972412,0.0,0.0,0.0,0.06392257936855128,0.002573189609593185,0.0004020777708951817
20000,5,4,TTTAGGCC,0.12617572437084734,0.12563294641117284,0.08408796787261963,0.0,0.0,0.0,-0.04154497853855321,0.002573189609593185,0.0004020777708951817
20000,5,4,TTTAGGCC,0.12617572437084734,0.12563294641117284,0.13766193389892578,0.0,0.0,0.0,0.01202898748775294,0.002573189609593185,0.0004020777708951817
20000,5,4,TTTAGGCC,0.12617572437084734,0.12563294641117284,0.11388810724020004,0.0,0.0,0.0,-0.011744839170972798,0.002573189609593185,0.0004020777708951817
20000,6,5,CTATCGCA,0.005601927624119872,0.0056041717666207806,0.003693533129990101,0.0,0.0,0.0,-0.0019106386366306797,2.3546104415678518e-05,3.476681692021755e-05
20000,6,5,CTATCGCA,0.005601927624119872,0.0056041717666207806,0.005900625605136156,0.0,0.0,0.0,0.00029645383851537553,2.3546104415678518e-05,3.476681692021755e-05
20000,6,5,CTATCGCA,0.005601927624119872,0.0056041717666207806,0.006328393239527941,0.0,0.0,0.0,0.0007242214729071602,2.3546104415678518e-05,3.476681692021755e-05
20000,6,5,CTATCGCA,0.005601927624119872,0.0056041717666207806,0.00729372538626194,0.0,0.0,0.0,0.0016895536196411595,2.3546104415678518e-05,3.476681692021755e-05
20000,7,4,CTATCGCA,0.02938295522511522,0.02945606161809633,0.03053307719528675,0.026648989939728356,0.027012553413692686,0.00036356347396433036,0.001077015577190421,0.00022836959877731156,0.0005207951707017489
20000,7,4,CTATCGCA,0.02938295522511522,0.02945606161809633,0.04168831557035446,0.026648989939728356,0.027012553413692686,0.00036356347396433036,0.012232253952258132,0.00022836959877731156,0.0005207951707017489
20000,7,4,CTATCGCA,0.02938295522511522,0.02945606161809633,0.023965250700712204,0.026648989939728356,0.027012553413692686,0.00036356347396433036,-0.005490810917384126,0.00022836959877731156,0.0005207951707017489
20000,7,4,CTATCGCG,-0.0772130045337982,-0.07859415203667441,-0.11697769165039062,-0.07994696981918506,-0.08103766024107806,-0.001090690421892998,-0.03838353961371621,0.012997915306962149,0.0074733252954573
20000,8,4,CTATCGCA,0.021168387945568537,0.021188534956157357,0.020455200225114822,0.0,0.0,0.0,-0.0007333347310425342,3.008450546476693e-05,0.00011067254782004543
20000,8,4,CTATCGCA,0.021168387945568537,0.021188534956157357,0.007441130466759205,0.0,0.0,0.0,-0.013747404489398152,3.008450546476693e-05,0.00011067254782004543
20000,8,4,CTATCGCA,0.021168387945568537,0.021188534956157357,0.026858285069465637,0.0,0.0,0.0,0.005669750113308281,3.008450546476693e-05,0.00011067254782004543
20000,8,4,CTATCGCA,0.021168387945568537,0.021188534956157357,0.03184543922543526,0.0,0.0,0.0,0.0106569042692779,3.008450546476693e-05,0.00011067254782004543
20000,9,8,ATATCGCC,0.46995507879504406,0.3787396169962869,0.5351070165634155,0.3392463353787352,0.4060431536074931,0.06679681822875788,0.15636739956712864,0.9715553087043274,0.24183161431427003
20000,9,8,CTATCGCC,0.1789491770236088,-0.008757451773116376,-0.06295996904373169,0.04824043360729996,0.018546084838089838,-0.02969434876921012,-0.054202517270615314,1.636144150547815,0.13449112017401355
20000,9,8,CGGTCGCG,-0.30282938632198764,-0.6284278175702229,-0.21040818095207214,-0.4335381297382965,-0.6011242809590167,-0.16758615122072024,0.4180196366181508,2.609483993187215,0.004696543201332615
20000,9,8,CTATCGCA,0.17676010416857008,0.14923150590222756,0.12264424562454224,0.04605136075226124,0.17653504251343377,0.13048368176117253,-0.02658726027768532,0.22545254537228576,0.005223759241545611
20000,10,4,TTTAGGCC,0.005445439381638564,0.005446352573485136,0.005949932616204023,0.0,0.0,0.0,0.0005035800427188875,8.059452884782992e-06,1.1712220271069274e-05
20000,10,4,TTTAGGCC,0.005445439381638564,0.005446352573485136,0.00786715466529131,0.0,0.0,0.0,0.0024208020918061735,8.059452884782992e-06,1.1712220271069274e-05
20000,10,4,TTTAGGCC,0.005445439381638564,0.005446352573485136,0.005824538413435221,0.0,0.0,0.0,0.0003781858399500848,8.059452884782992e-06,1.1712220271069274e-05
20000,10,4,TTTAGGCC,0.005445439381638564,0.005446352573485136,0.006654080934822559,0.0,0.0,0.0,0.0012077283613374235,8.059452884782992e-06,1.1712220271069274e-05
20000,11,1,CTATCGCA,0.0060461304456111975,0.0060461304456111975,0.006045892834663391,0.0,0.0,0.0,-2.3761094780638814e-07,0.0,0.0
20000,11,1,CTATCGCA,0.0060461304456111975,0.0060461304456111975,0.006045892834663391,0.0,0.0,0.0,-2.3761094780638814e-07,0.0,0.0
20000,11,1,CTATCGCA,0.0060461304456111975,0.0060461304456111975,0.006045892834663391,0.0,0.0,0.0,-2.3761094780638814e-07,0.0,0.0
20000,11,1,CTATCGCA,0.0060461304456111975,0.0060461304456111975,0.006045892834663391,0.0,0.0,0.0,-2.3761094780638814e-07,0.0,0.0
20000,12,3,CGATCTAT,0.3144986124554874,0.30747289270059114,0.18167909979820251,0.2589675625548833,0.25438677716495783,-0.004580785389925457,-0.12579379290238862,0.02375727294144414,0.002680113676755358
20000,12,3,CAATCTAT,-0.03079147095102371,-0.03170947685268599,-0.044014155864715576,-0.08632252085162778,-0.08479559238831928,0.0015269284633084995,-0.012304679012029585,0.006380322544734418,0.003626304839747574
20000,12,3,CAATCTAT,-0.03079147095102371,-0.03170947685268599,-0.0651736855506897,-0.08632252085162778,-0.08479559238831928,0.0015269284633084995,-0.033464208698003706,0.006380322544734418,0.003626304839747574
20000,12,3,CAATCTAT,-0.03079147095102371,-0.03170947685268599,-0.03502735495567322,-0.08632252085162778,-0.08479559238831928,0.0015269284633084995,-0.003317878102987226,0.006380322544734418,0.003626304839747574
20000,13,4,CGGTCGCG,-0.3407861541583018,-0.9824661268976721,-0.7180051803588867,-0.3650049780288184,-0.6590273370077331,-0.29402235897891466,0.2644609465387854,2.567567724240548,0.0008478332830667012
20000,13,4,CTATCGCG,0.38922380189933503,0.3355885471177942,0.38555991649627686,0.3650049780288184,0.6590273370077331,0.29402235897891466,0.04997136937848268,0.22254650331662817,0.008005484190464873
20000,13,4,CTATCGCG,0.38922380189933503,0.3355885471177942,0.31494075059890747,0.3650049780288184,0.6590273370077331,0.29402235897891466,-0.020647796518886707,0.22254650331662817,0.008005484190464873
20000,13,4,CGGTCGCG,-0.3407861541583018,-0.9824661268976721,-0.9708143472671509,-0.3650049780288184,-0.6590273370077331,-0.29402235897891466,0.01165177963052122,2.567567724240548,0.0008478332830667012
20000,14,2,CGATCGCG,0.019301273084420367,0.019297311302580056,0.019297312945127487,0.0,0.0,0.0,1.6425474314019084e-09,7.936761171611906e-06,1.3197490988936522e-08
20000,14,2,CGATCGCG,0.019301273084420367,0.019297311302580056,0.019297312945127487,0.0,0.0,0.0,1.6425474314019084e-09,7.936761171611906e-06,1.3197490988936522e-08
20000,14,2,CGATCGCG,0.019301273084420367,0.019297311302580056,0.019297311082482338,0.0,0.0,0.0,-2.2009771782904863e-10,7.936761171611906e-06,1.3197490988936522e-08
20000,14,2,CGATCGCG,0.019301273084420367,0.019297311302580056,0.023913929238915443,0.0,0.0,0.0,0.004616617936335388,7.936761171611906e-06,1.3197490988936522e-08
20000,15,5,CTATCGCA,0.023632148521407804,0.02366433985621974,0.014639697037637234,0.0,0.0,0.0,-0.009024642818582507,2.10438153349507e-05,0.00018200048939462365
20000,15,5,CTATCGCA,0.023632148521407804,0.02366433985621974,0.008325843140482903,0.0,0.0,0.0,-0.015338496715736838,2.10438153349507e-05,0.00018200048939462365
20000,15,5,CTATCGCA,0.023632148521407804,0.02366433985621974,0.010102291591465473,0.0,0.0,0.0,-0.013562048264754267,2.10438153349507e-05,0.00018200048939462365
20000,15,5,CTATCGCA,0.023632148521407804,0.02366433985621974,0.008728369139134884,0.0,0.0,0.0,-0.014935970717084857,2.10438153349507e-05,0.00018200048939462365
20000,16,2,CTATCGCA,0.0005151728143266143,0.0005151819714228623,0.0005487049929797649,0.0,0.0,0.0,3.352302155690268e-05,1.7284929043626107e-10,1.848704178630811e-08
20000,16,2,CTATCGCA,0.0005151728143266143,0.0005151819714228623,0.00033334107138216496,0.0,0.0,0.0,-0.0001818409000406973,1.7284929043626107e-10,1.848704178630811e-08
20000,16,2,CTATCGCA,0.0005151728143266143,0.0005151819714228623,0.0005151522345840931,0.0,0.0,0.0,-2.9736838769167662e-08,1.7284929043626107e-10,1.848704178630811e-08
20000,16,2,CTATCGCA,0.0005151728143266143,0.0005151819714228623,0.00048159941798076034,0.0,0.0,0.0,-3.3582553442101926e-05,1.7284929043626107e-10,1.848704178630811e-08
20000,17,3,CGGTCGCG,-0.40773700675033653,-1.0140314674303756,-1.1684300899505615,-0.7527387354030266,-1.0036144630560575,-0.2508757276530309,-0.15439862252018588,1.8188925508181097,9.168777992452082e-06
20000,17,3,CGGTCGCG,-0.40773700675033653,-1.0140314674303756,-1.3375557661056519,-0.7527387354030266,-1.0036144630560575,-0.2508757276530309,-0.3235242986752762,1.8188925508181097,9.168777992452082e-06
20000,17,3,CGATCGCG,1.0977404640557167,0.9931974586817393,0.7905663251876831,0.7527387354030266,1.0036144630560575,0.2508757276530309,-0.20263113349405615,0.316134832547604,0.0025058164256721582
20000,17,3,CGATCGCG,1.0977404640557167,0.9931974586817393,0.7635341286659241,0.7527387354030266,1.0036144630560575,0.2508757276530309,-0.22966333001581518,0.316134832547604,0.0025058164256721582
20000,18,4,ATATCGCC,0.08568459412732528,0.0847061982555104,0.134250670671463,0.10569000797345213,0.11199509345414838,0.006305085480696249,0.04954447241595261,0.008210747547167718,0.0042971640599082095
20000,18,4,ATATCGCA,-0.125695421819579,-0.13928398865278635,-0.2569645047187805,-0.10569000797345213,-0.11199509345414838,-0.006305085480696249,-0.11768051606599417,0.05964665782696854,0.005292390494139099
20000,18,4,ATATCGCC,0.08568459412732528,0.0847061982555104,0.07168247550725937,0.10569000797345213,0.11199509345414838,0.006305085480696249,-0.013023722748251032,0.008210747547167718,0.0042971640599082095
20000,18,4,ATATCGCA,-0.125695421819579,-0.13928398865278635,-0.11239585280418396,-0.10569000797345213,-0.11199509345414838,-0.006305085480696249,0.02688813584860239,0.05964665782696854,0.005292390494139099
20000,19,2,CGATCGCG,0.0034533505171323586,0.0034533676589489914,0.003453397424891591,0.0,0.0,0.0,2.9765942599624395e-08,3.854090602217752e-09,3.8137723867848194e-08
20000,19,2,CGATCGCG,0.0034533505171323586,0.0034533676589489914,0.0033082568552345037,0.0,0.0,0.0,-0.0001451108037144877,3.854090602217752e-09,3.8137723867848194e-08
20000,19,2,CGATCGCG,0.0034533505171323586,0.0034533676589489914,0.003705877810716629,0.0,0.0,0.0,0.0002525101517676376,3.854090602217752e-09,3.8137723867848194e-08
20000,19,2,CGATCGCG,0.0034533505171323586,0.0034533676589489914,0.0035607367753982544,0.0,0.0,0.0,0.00010736911644926295,3.854090602217752e-09,3.8137723867848194e-08
20000,20,3,TTTGGGCC,-0.09295691228303767,-0.09557884103722047,-0.06926846504211426,-0.21997401533047034,-0.22149411528759344,-0.0015200999571231,0.026310375995106217,0.008491480490423031,0.000625694227874618
20000,20,3,TTTAGGCC,0.2003417748242561,0.19974664601290412,0.3064747750759125,0.07332467177682345,0.07383137176253116,0.0005066999857077092,0.10672812906300835,0.003004589299802296,0.0012192028657462828
20000,20,3,TTTAGGCC,0.2003417748242561,0.19974664601290412,0.22370028495788574,0.07332467177682345,0.07383137176253116,0.0005066999857077092,0.02395363894498162,0.003004589299802296,0.0012192028657462828
20000,20,3,TTTAGGCC,0.2003417748242561,0.19974664601290412,0.22218352556228638,0.07332467177682345,0.07383137176253116,0.0005066999857077092,0.022436879549382255,0.003004589299802296,0.0012192028657462828
20000,21,2,TTTGCGCC,-0.09036409470282186,-0.09026135131716728,-0.03435923159122467,-0.11068277822031734,-0.10745789296925068,0.0032248852510666642,0.05590211972594261,0.0019840951682581487,0.002189581939567309
20000,21,2,TCTGCGCC,0.3523670181784475,0.33957022055983543,0.21303027868270874,0.332048334660952,0.32237367890775204,-0.009674655753199979,-0.1265399418771267,0.026286029141902922,0.0006924339046787686
20000,21,2,TTTGCGCC,-0.09036409470282186,-0.09026135131716728,-0.090261310338974,-0.11068277822031734,-0.10745789296925068,0.0032248852510666642,4.0978193283081055e-08,0.0019840951682581487,0.002189581939567309
20000,21,2,TTTGCGCC,-0.09036409470282186,-0.09026135131716728,-0.1351223587989807,-0.11068277822031734,-0.10745789296925068,0.0032248852510666642,-0.04486100748181343,0.0019840951682581487,0.002189581939567309
20000,22,3,TTTAGGCC,0.0006991553462544579,0.000699163419034828,0.0006338219391182065,0.0,0.0,0.0,-6.534147991662154e-05,3.0293558772598317e-09,2.7247696987586778e-08
20000,22,3,TTTAGGCC,0.0006991553462544579,0.000699163419034828,0.0009106021607294679,0.0,0.0,0.0,0.00021143874169463983,3.0293558772598317e-09,2.7247696987586778e-08
20000,22,3,TTTAGGCC,0.0006991553462544579,0.000699163419034828,0.0008824115502648056,0.0,0.0,0.0,0.00018324813122997752,3.0293558772598317e-09,2.7247696987586778e-08
20000,22,3,TTTAGGCC,0.0006991553462544579,0.000699163419034828,0.0007155393250286579,0.0,0.0,0.0,1.6375905993829877e-05,3.0293558772598317e-09,2.7247696987586778e-08
20000,23,6,CGGTCGTG,-0.40051732859503275,-0.6620453104514002,-0.2420148253440857,-0.7961767101620463,-0.7622998683978839,0.03387684176416239,0.42003048510731456,1.6072778949047546,0.03811000376654938
20000,23,6,CGATATAT,0.6772505197282569,0.3805242843726493,0.11578170210123062,0.2815911381612433,0.2802697264261656,-0.0013214117350777155,-0.26474258227141867,2.031524932438682,0.2511675203050361
20000,23,6,CGATCGCG,0.4674014620716804,0.32904455566581553,0.21578776836395264,0.0717420805046668,0.22878999771933184,0.15704791721466504,-0.1132567873018629,0.8443835304498212,0.014242092014632224
20000,23,6,CGATATAG,0.8385028730631499,0.35349470219887014,0.5496940612792969,0.4428434914961363,0.25324014425238645,-0.18960334724374983,0.19619935908042674,3.6369117914256015,0.7268627662399236
20000,24,4,CTATCGCA,0.006153935332080775,0.006157967885978111,0.00046301522525027394,0.0,0.0,0.0,-0.005694952660727837,2.537449344887366e-05,4.150470903821479e-05
20000,24,4,CTATCGCA,0.006153935332080775,0.006157967885978111,0.003241904079914093,0.0,0.0,0.0,-0.0029160638060640176,2.537449344887366e-05,4.150470903821479e-05
20000,24,4,CTATCGCA,0.006153935332080775,0.006157967885978111,0.011339009739458561,0.0,0.0,0.0,0.00518104185348045,2.537449344887366e-05,4.150470903821479e-05
20000,24,4,CTATCGCA,0.006153935332080775,0.006157967885978111,0.006853193510323763,0.0,0.0,0.0,0.0006952256243456523,2.537449344887366e-05,4.150470903821479e-05
20000,25,5,CAATATAT,0.21707433211916394,0.2156929963456305,0.5756032466888428,-0.06340435853401094,-0.06561399633145054,-0.002209637797439601,0.3599102503432123,0.0444877078055792,0.03758102893791193
20000,25,5,CGATATAT,0.3438830491871858,0.3469209890085315,0.3967120051383972,0.06340435853401094,0.06561399633145049,0.0022096377974395454,0.049791016129865695,0.0159775034464813,0.031167202553209705
20000,25,5,CGATATAT,0.3438830491871858,0.3469209890085315,0.37050825357437134,0.06340435853401094,0.06561399633145049,0.0022096377974395454,0.023587264565839816,0.0159775034464813,0.031167202553209705
20000,25,5,CAATATAT,0.21707433211916394,0.2156929963456305,0.11102449893951416,-0.06340435853401094,-0.06561399633145054,-0.002209637797439601,-0.10466849740611633,0.0444877078055792,0.03758102893791193
20000,26,6,TCTGCGGC,-0.0652486432091296,-0.2121938508715795,-0.18435809016227722,-0.32925963197206193,-0.3687844368799125,-0.0395248049078506,0.02783576070930227,0.8874327972140825,0.005761551239383156
20000,26,6,TTTGCGCG,0.42730259189227243,0.4043819965055773,0.4487941265106201,0.1632916031293401,0.2477914104972443,0.08449980736790419,0.044412130005042794,0.15112068443132565,0.013597112111154885
20000,26,6,TTTGCGCG,0.42730259189227243,0.4043819965055773,0.47015148401260376,0.1632916031293401,0.2477914104972443,0.08449980736790419,0.06576948750702644,0.15112068443132565,0.013597112111154885
20000,26,6,TCTACGGC,0.2666874144763141,0.029792201893757014,0.009196758270263672,0.0026764257133817804,-0.12679838411457603,-0.1294748098279578,-0.020595443623493342,1.5319380497512354,0.11056677425589267
20000,27,4,CTATCGCA,0.16605390354494698,0.15659228129828762,0.11954256147146225,0.0,0.0,0.0,-0.03704971982682537,0.039196745330207505,0.001350256343570111
20000,27,4,CTATCGCA,0.16605390354494698,0.15659228129828762,0.14329802989959717,0.0,0.0,0.0,-0.013294251398690449,0.039196745330207505,0.001350256343570111
20000,27,4,CTATCGCA,0.16605390354494698,0.15659228129828762,0.22054369747638702,0.0,0.0,0.0,0.06395141617809941,0.039196745330207505,0.001350256343570111
20000,27,4,CTATCGCA,0.16605390354494698,0.15659228129828762,0.2612321972846985,0.0,0.0,0.0,0.10463991598641087,0.039196745330207505,0.001350256343570111
20000,28,3,CTATCGCA,0.00044395475930740963,0.0004439857798893924,0.0003030388616025448,0.0,0.0,0.0,-0.00014094691828684763,9.670251266413743e-10,9.402877107489438e-08
20000,28,3,CTATCGCA,0.00044395475930740963,0.0004439857798893924,0.0006411355570890009,0.0,0.0,0.0,0.00019714977719960852,9.670251266413743e-10,9.402877107489438e-08
20000,28,3,CTATCGCA,0.00044395475930740963,0.0004439857798893924,0.00025519414339214563,0.0,0.0,0.0,-0.00018879163649724678,9.670251266413743e-10,9.402877107489438e-08
20000,28,3,CTATCGCA,0.00044395475930740963,0.0004439857798893924,0.0003525910433381796,0.0,0.0,0.0,-9.139473655121283e-05,9.670251266413743e-10,9.402877107489438e-08
20000,29,4,CTATCGCA,0.018520038668835895,0.01852914078817014,0.023274574428796768,0.0,0.0,0.0,0.004745433640626628,9.334989263558302e-05,0.00012975836997256018
20000,29,4,CTATCGCA,0.018520038668835895,0.01852914078817014,0.02946055307984352,0.0,0.0,0.0,0.010931412291673381,9.334989263558302e-05,0.00012975836997256018
20000,29,4,CTATCGCA,0.018520038668835895,0.01852914078817014,0.021194010972976685,0.0,0.0,0.0,0.002664870184806545,9.334989263558302e-05,0.00012975836997256018
20000,29,4,CTATCGCA,0.018520038668835895,0.01852914078817014,0.030280932784080505,0.0,0.0,0.0,0.011751791995910366,9.334989263558302e-05,0.00012975836997256018
20000,30,6,TTTGGGCC,-0.3700653795145419,-0.5637993753393271,-1.2515296936035156,-0.4389271178883617,-0.5396214694553452,-0.10069435156698348,-0.6877303182641885,1.1640394094971453,0.0016354345484341781
20000,30,6,CTATCGCA,0.2151707776699404,0.15569591726779977,0.00232845451682806,0.14630903929612057,0.17987382315178174,0.03356478385566117,-0.1533674627509717,0.360555466903693,0.0037063044908494103
20000,30,6,CTATCGCA,0.2151707776699404,0.15569591726779977,0.17109638452529907,0.14630903929612057,0.17987382315178174,0.03356478385566117,0.0154004672574993,0.360555466903693,0.0037063044908494103
20000,30,6,CTATCGCA,0.2151707776699404,0.15569591726779977,0.0015245180111378431,0.14630903929612057,0.17987382315178174,0.03356478385566117,-0.15417139925666193,0.360555466903693,0.0037063044908494103
20000,31,2,CTATCGCA,0.00833730444564551,0.008337889436916157,0.01077429298311472,0.0,0.0,0.0,0.0024364035461985623,1.9592849043181815e-07,1.365911031725453e-06
20000,31,2,CTATCGCA,0.00833730444564551,0.008337889436916157,0.008337799459695816,0.0,0.0,0.0,-8.997722034109756e-08,1.9592849043181815e-07,1.365911031725453e-06
20000,31,2,CTATCGCA,0.00833730444564551,0.008337889436916157,0.009913933463394642,0.0,0.0,0.0,0.0015760440264784847,1.9592849043181815e-07,1.365911031725453e-06
20000,31,2,CTATCGCA,0.00833730444564551,0.008337889436916157,0.009913933463394642,0.0,0.0,0.0,0.0015760440264784847,1.9592849043181815e-07,1.365911031725453e-06
