configuration,seed,path,ar_expected_score,ar_kl_to_ref,distinct16,entropy,expected_log_reward,expected_score,kl,kl_from_ref,kl_path_ref,kl_to_pi,kl_to_ref,kl_traj_ref,llada_distinct16,llada_entropy,llada_expected_log_reward,llada_expected_score,llada_kl_to_ref,llada_top_distinct16,llada_top_mass,probability_sum,reverse_kl,step,top_distinct16,top_mass,tv
"entppo[beta=0.25, gae_lambda=0.7, ppo_epochs=4, eps_clip=0.2] mlp_w32 from mlp_5 {context_source=uniform, contexts=256, group=5, learning_rate=0.0001, reference=initial, ppo_epochs=4, steps=10000, reward=potts_tfbind8}",1,models/port_grid3/entppo_b0.25/seed_1/finetune_mlp_5,0.40089774494688835,0.0,15.58400929863198,7.3350796144291905,7.274364485999048,0.40059227009566606,0.6753682702836997,0.0,0.0,3.3845174252188786,0.0,0.0,4.896481007458549,1.5766628960892644,8.347072093028896,0.2951274947079451,0.0,0.36194497535363446,0.02441464572044008,1.0000000000000013,0.5865081907766789,0.0,1.8270649549340976,0.11713328142727052,0.43648081792806004
"entppo[beta=0.25, gae_lambda=0.7, ppo_epochs=4, eps_clip=0.2] mlp_w32 from mlp_5 {context_source=uniform, contexts=256, group=5, learning_rate=0.0001, reference=initial, ppo_epochs=4, steps=10000, reward=potts_tfbind8}",1,models/port_grid3/entppo_b0.25/seed_1/finetune_mlp_5,0.4048290545445823,0.0013117009593404177,15.593176130240895,7.337214566528818,7.364443979268906,0.4049411746136513,0.6430618567678946,0.0012571358589847648,0.00013787722185032523,3.3379269101339686,0.0012605955002061627,0.00139501308083509,4.947481758228701,1.5983032880588341,8.421628556951534,0.2990039510421176,0.002402784272511245,0.42986050064012693,0.029508815277637702,1.0000000000000013,0.5652489129594198,1.0,1.9323206224967715,0.12415703909535789,0.42815126635466594
"entppo[beta=0.25, gae_lambda=0.7, ppo_epochs=4, eps_clip=0.2] mlp_w32 from mlp_5 {context_source=uniform, contexts=256, group=5, learning_rate=0.0001, reference=initial, ppo_epochs=4, steps=10000, reward=potts_tfbind8}",1,models/port_grid3/entppo_b0.25/seed_1/finetune_mlp_5,0.4084822788061262,0.0045074372267561265,15.596622240915467,7.327956889264053,7.456707359317305,0.4089511083862146,0.6137412206172065,0.004393125514862095,0.00044240968695976636,3.295609377808404,0.004416954886382531,0.0048355352018218615,5.583004997765518,1.7858579758063238,8.599262169781348,0.3089500466175781,0.03799422291674198,0.7043246255164589,0.05157312971754804,1.0000000000000013,0.5453394273334973,2.0,2.036798017870643,0.13119000908600986,0.4203201203339024
"entppo[beta=0.25, gae_lambda=0.7, ppo_epochs=4, eps_clip=0.2] mlp_w32 from mlp_5 {context_source=uniform, contexts=256, group=5, learning_rate=0.0001, reference=initial, ppo_epochs=4, steps=10000, reward=potts_tfbind8}",1,models/port_grid3/entppo_b0.25/seed_1/finetune_mlp_5,0.41596154662833074,0.013084058371372052,15.590116010619951,7.289227148769303,7.643835544345165,0.416375875354545,0.5577226910211088,0.012783216542823805,0.0011360185978095405,3.1966364389566118,0.01295165746367551,0.013919235140633346,5.521915999644456,1.777637633406938,8.830973185329215,0.32033776678110043,0.0700080463098281,0.9008702370984824,0.06763932954951134,1.000000000000001,0.5070920836538249,4.0,2.2514821787739248,0.1457014180510718,0.40532903780648266
"entppo[beta=0.25, gae_lambda=0.7, ppo_epochs=4, eps_clip=0.2] mlp_w32 from mlp_5 {context_source=uniform, contexts=256, group=5, learning_rate=0.0001, reference=initial, ppo_epochs=4, steps=10000, reward=potts_tfbind8}",1,models/port_grid3/entppo_b0.25/seed_1/finetune_mlp_5,0.4412392040472954,0.06858502686348232,15.537891091331947,7.129720292110552,8.208247387753078,0.4382440310967055,0.4334925284411889,0.06487676827896391,0.00464314220981682,2.9850075925116326,0.06641202016179816,0.06951991048878073,6.400455835974078,1.9858063065525016,11.674092681633155,0.46955252196037056,1.7055247783121965,2.6010426799097424,0.4166401953130903,1.000000000000001,0.41944948549996924,8.0,2.9079251675931834,0.19193079083317288,0.3667928141008976
"entppo[beta=0.25, gae_lambda=0.7, ppo_epochs=4, eps_clip=0.2] mlp_w32 from mlp_5 {context_source=uniform, contexts=256, group=5, learning_rate=0.0001, reference=initial, ppo_epochs=4, steps=10000, reward=potts_tfbind8}",1,models/port_grid3/entppo_b0.25/seed_1/finetune_mlp_5,0.4725184243395761,0.18094161130859895,15.389268353785567,6.8561878071173155,8.999265025481305,0.4684452566694368,0.31856215543711486,0.16485005591307936,0.011506759261716154,2.7076264788662323,0.17322957219330007,0.1763568151747955,4.325334999099709,1.2696802385600074,15.468206793080213,0.6564968266388616,3.094456631667162,2.8045084627542196,0.8599813005673074,1.000000000000001,0.3285126280994145,16.0,3.8448407560438613,0.26102636250899114,0.31911064050174964
"entppo[beta=0.25, gae_lambda=0.7, ppo_epochs=4, eps_clip=0.2] mlp_w32 from mlp_5 {context_source=uniform, contexts=256, group=5, learning_rate=0.0001, reference=initial, ppo_epochs=4, steps=10000, reward=potts_tfbind8}",1,models/port_grid3/entppo_b0.25/seed_1/finetune_mlp_5,0.5048223950055698,0.2890564633027093,15.272047962214437,6.699026455803142,9.711137389772555,0.49983891571767697,0.22373586882996588,0.2311262117216145,0.018613410237748734,2.377735632876699,0.26259846661660546,0.24973962195936322,3.6604770532851796,1.050910739032727,16.15007515213985,0.6910619067994946,3.4714778247980886,2.890738897804133,0.9430831385601444,1.000000000000001,0.2399134314499075,32.0,4.679734773032999,0.32267240215579646,0.26813526144541966
"entppo[beta=0.25, gae_lambda=0.7, ppo_epochs=4, eps_clip=0.2] mlp_w32 from mlp_5 {context_source=uniform, contexts=256, group=5, learning_rate=0.0001, reference=initial, ppo_epochs=4, steps=10000, reward=potts_tfbind8}",1,models/port_grid3/entppo_b0.25/seed_1/finetune_mlp_5,0.5398998609147785,0.4379343729981691,15.037648687442129,6.457162322982919,10.463754459298137,0.5300920540287672,0.1497644161273169,0.30503680473940736,0.027943213167865466,2.1204277623152907,0.3702542451284058,0.33298001790727283,3.160938182261021,0.889085344724586,16.45008183715258,0.7051540118777867,3.745809458445154,2.803040493754733,0.9750908424769349,1.0000000000000009,0.15941494258031158,64.0,5.458285726553146,0.3878709243857784,0.213310274873098
"entppo[beta=0.25, gae_lambda=0.7, ppo_epochs=4, eps_clip=0.2] mlp_w32 from mlp_5 {context_source=uniform, contexts=256, group=5, learning_rate=0.0001, reference=initial, ppo_epochs=4, steps=10000, reward=potts_tfbind8}",1,models/port_grid3/entppo_b0.25/seed_1/finetune_mlp_5,0.551896569931034,0.4971352779235818,14.808292220606349,6.246383763711641,10.997208785877545,0.5500121799111126,0.1078750193751326,0.3715957895527984,0.0349823138540204,1.9727991074575937,0.4568369166112871,0.40657810340681877,2.446322951094782,0.6160259472405218,16.66017556613773,0.713140054722556,3.866515143988438,2.4104108187747633,0.9977406614468889,1.0000000000000009,0.11263403241834108,128.0,5.922649657844357,0.43204898274703446,0.17379367202270984
"entppo[beta=0.25, gae_lambda=0.7, ppo_epochs=4, eps_clip=0.2] mlp_w32 from mlp_5 {context_source=uniform, contexts=256, group=5, learning_rate=0.0001, reference=initial, ppo_epochs=4, steps=10000, reward=potts_tfbind8}",1,models/port_grid3/entppo_b0.25/seed_1/finetune_mlp_5,0.5605381810327765,0.5319729217948497,14.698324982649439,6.155112336261819,11.223920481335927,0.5586772438588723,0.08955161735099527,0.39605069695699024,0.039624386794679056,1.8607080285252948,0.4930491241561946,0.4356750837516693,2.527766736217302,0.6414737609765359,16.623039999509338,0.7111113288075148,3.8241758219855067,2.412042606625089,0.9925552750382314,1.0000000000000009,0.09216831609865384,256.0,6.085649044794011,0.44797862322624543,0.15158486780386937
"entppo[beta=0.25, gae_lambda=0.7, ppo_epochs=4, eps_clip=0.2] mlp_w32 from mlp_5 {context_source=uniform, contexts=256, group=5, learning_rate=0.0001, reference=initial, ppo_epochs=4, steps=10000, reward=potts_tfbind8}",1,models/port_grid3/entppo_b0.25/seed_1/finetune_mlp_5,0.5610664463284369,0.5362671471153201,14.63372807613532,6.09547656205753,11.307247520322946,0.5599993382298786,0.0787802385200035,0.41144776294756136,0.03991272203362295,1.8576819776700075,0.5024826812822206,0.4513604849811843,2.2760593477759654,0.5346019063714952,16.688984097212405,0.713406363068095,3.8997730829525454,2.2572734871479283,0.998823396339325,1.0000000000000009,0.0807701134779244,500.0,6.143686544978316,0.45523177966094985,0.14030835273455827
"entppo[beta=0.25, gae_lambda=0.7, ppo_epochs=4, eps_clip=0.2] mlp_w32 from mlp_5 {context_source=uniform, contexts=256, group=5, learning_rate=0.0001, reference=initial, ppo_epochs=4, steps=10000, reward=potts_tfbind8}",1,models/port_grid3/entppo_b0.25/seed_1/finetune_mlp_5,0.5705933325150243,0.5820792404339659,14.621234695390868,6.079702506254116,11.47914506677977,0.5692288248699965,0.0770053212911327,0.44198619580282805,0.03996610129181799,1.7986263660647062,0.5437681614604523,0.48195229709464604,2.5164943756891223,0.6377126826168991,16.694154078955794,0.7150833239022721,3.946616499094162,2.5005930046490965,0.9990026951493689,1.0000000000000009,0.07908120704194985,512.0,6.385875264619787,0.47325949318075344,0.13879028403184102
"entppo[beta=0.25, gae_lambda=0.7, ppo_epochs=4, eps_clip=0.2] mlp_w32 from mlp_5 {context_source=uniform, contexts=256, group=5, learning_rate=0.0001, reference=initial, ppo_epochs=4, steps=10000, reward=potts_tfbind8}",1,models/port_grid3/entppo_b0.25/seed_1/finetune_mlp_5,0.5724874385214251,0.581185979190751,14.626497889029443,6.074320031090864,11.427408553572139,0.5659782774095466,0.07106828345114799,0.4210778436180206,0.039085153463603195,1.7837801649266867,0.5240708963976825,0.4601629970816238,2.5044414260507772,0.6205312137412784,16.707406425724788,0.7155179343748228,3.9585488971343845,2.492096675420461,0.9992269686025312,1.000000000000001,0.07231807028108814,1000.0,6.314486160076962,0.4667750649251766,0.13321625558950145
"entppo[beta=0.25, gae_lambda=0.7, ppo_epochs=4, eps_clip=0.2] mlp_w32 from mlp_5 {context_source=uniform, contexts=256, group=5, learning_rate=0.0001, reference=initial, ppo_epochs=4, steps=10000, reward=potts_tfbind8}",1,models/port_grid3/entppo_b0.25/seed_1/finetune_mlp_5,0.5684130939715689,0.5532612128415679,14.665524059501628,6.127607352207816,11.419472810013797,0.5680122991862772,0.07020786843777473,0.41855784745462166,0.03795226138756158,1.743687928805697,0.5228068311944521,0.45651010884218324,2.3973223978540315,0.5847929406492676,16.68218486536383,0.7136897057969362,3.8887944638722542,2.371330257733651,0.9983672818841542,1.0000000000000009,0.07303794096744197,1024.0,6.334737321463799,0.46638607257621034,0.13387714703431267
"entppo[beta=0.25, gae_lambda=0.7, ppo_epochs=4, eps_clip=0.2] mlp_w32 from mlp_5 {context_source=uniform, contexts=256, group=5, learning_rate=0.0001, reference=initial, ppo_epochs=4, steps=10000, reward=potts_tfbind8}",1,models/port_grid3/entppo_b0.25/seed_1/finetune_mlp_5,0.5757284160449784,0.5998406228345722,14.555319115045531,6.027929379583041,11.497312482569663,0.5677684248710312,0.06691400348071189,0.4352933956101146,0.037650092699426874,1.7734865933305966,0.5375141889521248,0.47294348830954147,2.2604569091635653,0.5221150546954727,16.69645914234207,0.7136221546040316,3.9097284631352127,2.2472088138936956,0.9991707989743588,1.0000000000000009,0.06828538058614934,1500.0,6.354814593283933,0.4738502904002174,0.1285516275321718
"entppo[beta=0.25, gae_lambda=0.7, ppo_epochs=4, eps_clip=0.2] mlp_w32 from mlp_5 {context_source=uniform, contexts=256, group=5, learning_rate=0.0001, reference=initial, ppo_epochs=4, steps=10000, reward=potts_tfbind8}",1,models/port_grid3/entppo_b0.25/seed_1/finetune_mlp_5,0.5813945519532423,0.6190673309098945,14.53144602615769,6.029427429034554,11.633531482552302,0.5759972148212853,0.06434638429989388,0.45647933182807504,0.03695047927796241,1.7221328287348951,0.5690727772898296,0.49342981110603745,2.442869635954535,0.5813054129556182,16.732161687934564,0.7162106268354489,4.006817075042451,2.4368793224372656,0.9996254165558225,1.0000000000000009,0.06578921892819412,2000.0,6.525509512955288,0.4874956669238515,0.12150623628847469
"entppo[beta=0.25, gae_lambda=0.7, ppo_epochs=4, eps_clip=0.2] mlp_w32 from mlp_5 {context_source=uniform, contexts=256, group=5, learning_rate=0.0001, reference=initial, ppo_epochs=4, steps=10000, reward=potts_tfbind8}",1,models/port_grid3/entppo_b0.25/seed_1/finetune_mlp_5,0.5801200433409182,0.6116477988706464,14.558009145348398,6.036684791356824,11.594334211325187,0.5738556280637443,0.06456536397215286,0.451987405536033,0.03674947377984639,1.747234849500509,0.5590603260505733,0.4887368793158794,2.486152911172925,0.6040872298965699,16.718519002270106,0.7158842965823511,3.9700415945868888,2.4797352638365,0.999598677795494,1.0000000000000009,0.06557608549571611,2048.0,6.505829718306275,0.4843132205635377,0.12323767599764156
"entppo[beta=0.25, gae_lambda=0.7, ppo_epochs=4, eps_clip=0.2] mlp_w32 from mlp_5 {context_source=uniform, contexts=256, group=5, learning_rate=0.0001, reference=initial, ppo_epochs=4, steps=10000, reward=potts_tfbind8}",1,models/port_grid3/entppo_b0.25/seed_1/finetune_mlp_5,0.5787992840575906,0.6031877900641662,14.563949364596308,6.031920519974112,11.597788031608067,0.5739582843613077,0.06420859773737535,0.4454048100943322,0.03569810010045432,1.715056993386789,0.5594868710010144,0.4811029101947865,2.612376075404554,0.642758234494241,16.730054580641834,0.7170050822968825,4.009212637471945,2.6023210221496713,0.9993705698772448,1.0000000000000009,0.06513917537543656,2500.0,6.507089315923755,0.4836508190883151,0.1232071647786528
"entppo[beta=0.25, gae_lambda=0.7, ppo_epochs=4, eps_clip=0.2] mlp_w32 from mlp_5 {context_source=uniform, contexts=256, group=5, learning_rate=0.0001, reference=initial, ppo_epochs=4, steps=10000, reward=potts_tfbind8}",1,models/port_grid3/entppo_b0.25/seed_1/finetune_mlp_5,0.5865305170660124,0.6363964172220182,14.551502217815372,6.0458498550445565,11.649871342487764,0.5777125471006874,0.06314060015935133,0.45543366006230324,0.03494743429887043,1.700948648414259,0.5711768871832175,0.49038109436117366,2.532863496068479,0.6167856068770984,16.726832665160643,0.7165068992623098,3.9968919474622977,2.5261868524273954,0.9995824289649252,1.0000000000000009,0.06380836383771718,3000.0,6.563723066485694,0.48872006156328845,0.11920032424096014
"entppo[beta=0.25, gae_lambda=0.7, ppo_epochs=4, eps_clip=0.2] mlp_w32 from mlp_5 {context_source=uniform, contexts=256, group=5, learning_rate=0.0001, reference=initial, ppo_epochs=4, steps=10000, reward=potts_tfbind8}",1,models/port_grid3/entppo_b0.25/seed_1/finetune_mlp_5,0.5818141930305154,0.6178750403814873,14.516375964813516,6.016148241864821,11.668112295755739,0.5773276700550072,0.062203661700638,0.4599139966182013,0.03479692484848518,1.7026924230216578,0.5745854512750107,0.4947109214666865,2.269949260287696,0.5157437166234285,16.696946434814343,0.7134736957823532,3.9139472208894803,2.2421128317595818,0.9982545623178823,1.0000000000000009,0.06265668961251632,3500.0,6.559024596733559,0.4904560404707193,0.11775949072665702
"entppo[beta=0.25, gae_lambda=0.7, ppo_epochs=4, eps_clip=0.2] mlp_w32 from mlp_5 {context_source=uniform, contexts=256, group=5, learning_rate=0.0001, reference=initial, ppo_epochs=4, steps=10000, reward=potts_tfbind8}",1,models/port_grid3/entppo_b0.25/seed_1/finetune_mlp_5,0.5821626896390295,0.6158525940178035,14.530334423301346,6.016108825312138,11.644982304589247,0.5759251340816922,0.06072421865357925,0.45291694612724226,0.035186939969607645,1.7028452074748759,0.5672890353865861,0.4881038860968499,2.5096978517732262,0.6060780498949573,16.727136320332402,0.716340066528957,3.9903778050600165,2.5015516485771134,0.999490504597105,1.0000000000000009,0.06114277151571425,4000.0,6.522304215052439,0.4865900881366093,0.1162974962043314
"entppo[beta=0.25, gae_lambda=0.7, ppo_epochs=4, eps_clip=0.2] mlp_w32 from mlp_5 {context_source=uniform, contexts=256, group=5, learning_rate=0.0001, reference=initial, ppo_epochs=4, steps=10000, reward=potts_tfbind8}",1,models/port_grid3/entppo_b0.25/seed_1/finetune_mlp_5,0.5842817552851831,0.6236879314848105,14.540027202147098,6.040615953398026,11.651213162427716,0.5773904091499057,0.06048659625982796,0.4535927747847503,0.03361945849319453,1.6910113380008807,0.5695754227761095,0.48721223327794483,2.451913369560073,0.5845981919801658,16.724932602020132,0.7159153244901324,3.980285987984844,2.4444908661313605,0.9995357613948249,1.0000000000000009,0.06187144444562198,4096.0,6.547170237196695,0.4886121724293779,0.11741253250443148
"entppo[beta=0.25, gae_lambda=0.7, ppo_epochs=4, eps_clip=0.2] mlp_w32 from mlp_5 {context_source=uniform, contexts=256, group=5, learning_rate=0.0001, reference=initial, ppo_epochs=4, steps=10000, reward=potts_tfbind8}",1,models/port_grid3/entppo_b0.25/seed_1/finetune_mlp_5,0.584966152702503,0.6322243586147919,14.498289547844106,5.997872623521764,11.701382520713924,0.5783197777575442,0.05960147121130852,0.4639517671777221,0.03507050143598989,1.6903394712118014,0.5804453164522205,0.49902226861371196,2.4882137607776897,0.6031789211845625,16.727529701971047,0.7163265918936472,3.995509992215838,2.4824879378987843,0.9996419678909781,1.0000000000000009,0.06019899855017896,4500.0,6.578344935368475,0.49259563328220823,0.11660330615688008
"entppo[beta=0.25, gae_lambda=0.7, ppo_epochs=4, eps_clip=0.2] mlp_w32 from mlp_5 {context_source=uniform, contexts=256, group=5, learning_rate=0.0001, reference=initial, ppo_epochs=4, steps=10000, reward=potts_tfbind8}",1,models/port_grid3/entppo_b0.25/seed_1/finetune_mlp_5,0.5849044350465613,0.6297550651566295,14.47950773312523,6.008650633947424,11.712974570731882,0.5796179065913902,0.06003617089389658,0.46421032047280547,0.03377738876778119,1.691664972853048,0.5839177137561934,0.49798770924058666,2.4076807422667508,0.5632876871271935,16.735549014534026,0.7161659704186861,4.007786800311872,2.4031551229601913,0.9997170519351372,1.0000000000000009,0.06077338334966126,5000.0,6.602329665747411,0.49585436921889425,0.11810697530002512
"entppo[beta=0.25, gae_lambda=0.7, ppo_epochs=4, eps_clip=0.2] mlp_w32 from mlp_5 {context_source=uniform, contexts=256, group=5, learning_rate=0.0001, reference=initial, ppo_epochs=4, steps=10000, reward=potts_tfbind8}",1,models/port_grid3/entppo_b0.25/seed_1/finetune_mlp_5,0.5872112916939051,0.640883391926988,14.491843549406573,5.989929360426288,11.752836471759311,0.5811081885213605,0.059357180138074284,0.4705339096880687,0.034392178713848975,1.6829440612217819,0.5923476269506325,0.5049260884019177,2.490093754451743,0.5948173572900765,16.738223328337682,0.7167135040549708,4.030973160815257,2.48368611100762,0.9995993205764713,1.0000000000000007,0.0592378212872441,5500.0,6.641786866388298,0.49733098090066663,0.115616945125796
"entppo[beta=0.25, gae_lambda=0.7, ppo_epochs=4, eps_clip=0.2] mlp_w32 from mlp_5 {context_source=uniform, contexts=256, group=5, learning_rate=0.0001, reference=initial, ppo_epochs=4, steps=10000, reward=potts_tfbind8}",1,models/port_grid3/entppo_b0.25/seed_1/finetune_mlp_5,0.5886398914265124,0.6489057371409103,14.487417565518923,5.993251298448792,11.788437788917532,0.5832801258640002,0.05879701187457518,0.4796823715463549,0.03424934027773868,1.6748570202458513,0.6010173567064984,0.5139317118240936,2.543856976503782,0.6260506612370941,16.727152762823543,0.716661562416373,3.995539601575565,2.5382711749889455,0.9996506875429066,1.0000000000000009,0.059007221753554516,6000.0,6.6899568340457884,0.5011568459333519,0.11576474327170637
"entppo[beta=0.25, gae_lambda=0.7, ppo_epochs=4, eps_clip=0.2] mlp_w32 from mlp_5 {context_source=uniform, contexts=256, group=5, learning_rate=0.0001, reference=initial, ppo_epochs=4, steps=10000, reward=potts_tfbind8}",1,models/port_grid3/entppo_b0.25/seed_1/finetune_mlp_5,0.5909435242796255,0.6597465385989135,14.471517283016864,5.977046279321498,11.832981432135213,0.585145493525469,0.0589002466257027,0.4869554543601852,0.03416710807118478,1.6633014570644329,0.6117261720141497,0.52112256243137,2.5044867163475657,0.6030080553009853,16.73567179089533,0.716732068212393,4.014330070596459,2.4989282128644064,0.9996524245126169,1.0000000000000009,0.058580126256787254,6500.0,6.717532846618934,0.5040831535323942,0.11579231790989844
"entppo[beta=0.25, gae_lambda=0.7, ppo_epochs=4, eps_clip=0.2] mlp_w32 from mlp_5 {context_source=uniform, contexts=256, group=5, learning_rate=0.0001, reference=initial, ppo_epochs=4, steps=10000, reward=potts_tfbind8}",1,models/port_grid3/entppo_b0.25/seed_1/finetune_mlp_5,0.5883540754486205,0.6514868251451547,14.448228604664305,5.959173364527241,11.81175220354481,0.5829350353017537,0.05900914929060615,0.4840507244264063,0.033444779690095405,1.6958552202931887,0.606422529743125,0.5174955041165017,2.45132552776099,0.5909278933372638,16.721832147642488,0.715879002205877,3.9798640847535953,2.446450778858679,0.9996952000709693,1.0000000000000009,0.05858379113336378,7000.0,6.702388575278039,0.5044314971720383,0.11375834265103234
"entppo[beta=0.25, gae_lambda=0.7, ppo_epochs=4, eps_clip=0.2] mlp_w32 from mlp_5 {context_source=uniform, contexts=256, group=5, learning_rate=0.0001, reference=initial, ppo_epochs=4, steps=10000, reward=potts_tfbind8}",1,models/port_grid3/entppo_b0.25/seed_1/finetune_mlp_5,0.591404637963471,0.6544529074828267,14.506461208863087,6.016745575785303,11.787153698648408,0.584412961319985,0.0582689789534068,0.4753320281375058,0.0330486566504366,1.6486514293818533,0.6003419011243825,0.5083806847879424,2.596616754187533,0.6367930313643158,16.739799526485793,0.7174546466018951,4.025966947436668,2.590007799861448,0.9995866861633533,1.0000000000000009,0.05865278873871934,7500.0,6.695468693265119,0.5004039278215267,0.11660702934327223
"entppo[beta=0.25, gae_lambda=0.7, ppo_epochs=4, eps_clip=0.2] mlp_w32 from mlp_5 {context_source=uniform, contexts=256, group=5, learning_rate=0.0001, reference=initial, ppo_epochs=4, steps=10000, reward=potts_tfbind8}",1,models/port_grid3/entppo_b0.25/seed_1/finetune_mlp_5,0.5862336839665023,0.6367916109206978,14.482521487844242,5.979784914422851,11.767708263126947,0.5812367395375588,0.058742705907203555,0.47818660685513625,0.03279951242010293,1.684057607023386,0.5955000146574387,0.5109861192752392,2.405261063340184,0.5718943947651589,16.70756392167878,0.7148983140316079,3.9259491799089434,2.399353685490072,0.9996305655715575,1.0000000000000009,0.05867226115214126,8000.0,6.656564644422482,0.4989890787324456,0.11534510873971232
"entppo[beta=0.25, gae_lambda=0.7, ppo_epochs=4, eps_clip=0.2] mlp_w32 from mlp_5 {context_source=uniform, contexts=256, group=5, learning_rate=0.0001, reference=initial, ppo_epochs=4, steps=10000, reward=potts_tfbind8}",1,models/port_grid3/entppo_b0.25/seed_1/finetune_mlp_5,0.5907332503339162,0.6578961857065273,14.465892243299528,5.9817576017313705,11.842916374846173,0.5858947169249804,0.05766285304212591,0.4863910972161019,0.03291095579389086,1.6553878575582786,0.6131837085734728,0.5193020530099928,2.487601044155243,0.600788673189537,16.731846789381457,0.7165461745536963,4.000973442433924,2.4832848212393004,0.9997301402644647,1.0000000000000009,0.057553927138367364,8500.0,6.759081269753468,0.5071624405777005,0.11409181867396405
"entppo[beta=0.25, gae_lambda=0.7, ppo_epochs=4, eps_clip=0.2] mlp_w32 from mlp_5 {context_source=uniform, contexts=256, group=5, learning_rate=0.0001, reference=initial, ppo_epochs=4, steps=10000, reward=potts_tfbind8}",1,models/port_grid3/entppo_b0.25/seed_1/finetune_mlp_5,0.5855327896787479,0.6344835254803921,14.46575371099242,5.988828652284026,11.714131967092715,0.5786195765734403,0.05719187886974044,0.4639927453480497,0.033054114159089765,1.6865307136660384,0.5812850005199673,0.49704685950713945,2.1648179841157424,0.46920887964473207,16.71526722580609,0.7137509823392232,3.9781361522643723,2.132202046634457,0.9979496269781328,1.0000000000000009,0.057851321023228,9000.0,6.555299283827499,0.49319943955635553,0.11319152228020773
"entppo[beta=0.25, gae_lambda=0.7, ppo_epochs=4, eps_clip=0.2] mlp_w32 from mlp_5 {context_source=uniform, contexts=256, group=5, learning_rate=0.0001, reference=initial, ppo_epochs=4, steps=10000, reward=potts_tfbind8}",1,models/port_grid3/entppo_b0.25/seed_1/finetune_mlp_5,0.5881232709306099,0.6414918234355779,14.494314596741802,6.00314817649919,11.763803583543346,0.5821852363925366,0.05643470975278397,0.47086703050172635,0.03229315477584366,1.6582295524715818,0.5926086983883107,0.50316018527757,2.4952785098496997,0.5949898553569745,16.73691046035403,0.7166757092964524,4.0076146576745515,2.4893125115048242,0.9996269160725132,1.0000000000000007,0.05675711477891492,9500.0,6.656735468475493,0.4983894849724276,0.11345225280304724
"entppo[beta=0.25, gae_lambda=0.7, ppo_epochs=4, eps_clip=0.2] mlp_w32 from mlp_5 {context_source=uniform, contexts=256, group=5, learning_rate=0.0001, reference=initial, ppo_epochs=4, steps=10000, reward=potts_tfbind8}",1,models/port_grid3/entppo_b0.25/seed_1/finetune_mlp_5,0.5907606636707452,0.6579883580277184,14.468675898596327,5.977878819943043,11.772339057316794,0.5815804032995091,0.05701670736517182,0.47130109167968154,0.032905238067311104,1.6673969646759468,0.5947498116008231,0.5042063297469926,2.5064970030946556,0.6037980503533792,16.731178498788232,0.7165316932549636,3.996678045730712,2.500302697922479,0.9996126533142413,1.0000000000000007,0.056764359548066065,10000.0,6.638251091393807,0.4983281232989677,0.11147605487400639
"entppo[beta=0.25, gae_lambda=0.7, ppo_epochs=4, eps_clip=0.2] mlp_w32 from mlp_5 {context_source=uniform, contexts=256, group=5, learning_rate=0.0001, reference=initial, ppo_epochs=4, steps=10000, reward=potts_tfbind8}",2,models/port_grid3/entppo_b0.25/seed_2/finetune_mlp_5,0.40089774494688835,0.0,15.58400929863198,7.3350796144291905,7.274364485999048,0.40059227009566606,0.6753682702836997,0.0,0.0,3.3845174252188786,0.0,0.0,4.896481007458549,1.5766628960892644,8.347072093028896,0.2951274947079451,0.0,0.36194497535363446,0.02441464572044008,1.0000000000000013,0.5865081907766789,0.0,1.8270649549340976,0.11713328142727052,0.43648081792806004
"entppo[beta=0.25, gae_lambda=0.7, ppo_epochs=4, eps_clip=0.2] mlp_w32 from mlp_5 {context_source=uniform, contexts=256, group=5, learning_rate=0.0001, reference=initial, ppo_epochs=4, steps=10000, reward=potts_tfbind8}",2,models/port_grid3/entppo_b0.25/seed_2/finetune_mlp_5,0.40293448716232705,0.0007005585306179146,15.577846127352162,7.307836740669499,7.355537832408181,0.40316365633540796,0.6482365603528053,0.0006949307193841146,0.00010199000363551847,3.340574703583625,0.0006940714843854611,0.0007969207230196331,4.916320701959558,1.5846541648166579,8.365934599664733,0.29618240165648557,0.001119659573471755,0.3868746026980231,0.026240969613951032,1.000000000000001,0.5669089256587808,1.0,1.9067360070189572,0.12246855473969198,0.430151569004743
"entppo[beta=0.25, gae_lambda=0.7, ppo_epochs=4, eps_clip=0.2] mlp_w32 from mlp_5 {context_source=uniform, contexts=256, group=5, learning_rate=0.0001, reference=initial, ppo_epochs=4, steps=10000, reward=potts_tfbind8}",2,models/port_grid3/entppo_b0.25/seed_2/finetune_mlp_5,0.40697017301098626,0.0027989410231722975,15.578297239332672,7.2921272380710915,7.453185380804304,0.4071177813935885,0.6136276867000391,0.002838041012805789,0.00030598516031065965,3.2793611115737953,0.002848227044462296,0.0031440261731164485,5.539518035283372,1.7715144128116473,8.526430186247177,0.30532577420528134,0.029695259134098442,0.6625177459497485,0.04661627502758381,1.000000000000001,0.5446511941198273,2.0,2.021335562201715,0.13014583614540312,0.4217040735485957
"entppo[beta=0.25, gae_lambda=0.7, ppo_epochs=4, eps_clip=0.2] mlp_w32 from mlp_5 {context_source=uniform, contexts=256, group=5, learning_rate=0.0001, reference=initial, ppo_epochs=4, steps=10000, reward=potts_tfbind8}",2,models/port_grid3/entppo_b0.25/seed_2/finetune_mlp_5,0.4155165211278402,0.010527930124523716,15.574790943281538,7.26666829037601,7.634779658204508,0.41491946490682996,0.5539626710171875,0.009825911701674607,0.0009516519515409237,3.1641044830872382,0.010004944760667128,0.01077756365321553,5.024770289053924,1.6280788336298309,8.53076150688113,0.3046525936246484,0.01266875754319776,0.5730925194094408,0.04001827653832893,1.0000000000000013,0.5064093424859817,4.0,2.2433222900362915,0.14511241900883146,0.40607617412618136
"entppo[beta=0.25, gae_lambda=0.7, ppo_epochs=4, eps_clip=0.2] mlp_w32 from mlp_5 {context_source=uniform, contexts=256, group=5, learning_rate=0.0001, reference=initial, ppo_epochs=4, steps=10000, reward=potts_tfbind8}",2,models/port_grid3/entppo_b0.25/seed_2/finetune_mlp_5,0.4413201811440415,0.06699540687071553,15.526814553430828,7.121277028779819,8.205296605690956,0.4376592387962035,0.4274011857322216,0.06100367241488906,0.0046703224269203925,2.9540798966776665,0.06300340187226637,0.06567399484180945,6.361862163451564,1.9741830155690905,11.732507922445649,0.4723636489938825,1.7292792678273308,2.607199146978286,0.42339469641695293,1.0000000000000013,0.4167785627259678,8.0,2.91670303107981,0.19269110974491338,0.3651479575133988
"entppo[beta=0.25, gae_lambda=0.7, ppo_epochs=4, eps_clip=0.2] mlp_w32 from mlp_5 {context_source=uniform, contexts=256, group=5, learning_rate=0.0001, reference=initial, ppo_epochs=4, steps=10000, reward=potts_tfbind8}",2,models/port_grid3/entppo_b0.25/seed_2/finetune_mlp_5,0.4776690147427912,0.19621305644600784,15.384507088844288,6.888845428583259,9.073912353231314,0.47425406501996525,0.3100110599323652,0.17513234893104906,0.01183173030249321,2.672106072487454,0.186932763390791,0.18696407923354227,3.8389275002515912,1.0990684687111858,15.9373162790876,0.6794571039639372,3.3332751373423894,2.7424503440989647,0.9188171470093923,1.000000000000001,0.323553987359403,16.0,3.91885841202265,0.26750395414241845,0.3133876619292667
"entppo[beta=0.25, gae_lambda=0.7, ppo_epochs=4, eps_clip=0.2] mlp_w32 from mlp_5 {context_source=uniform, contexts=256, group=5, learning_rate=0.0001, reference=initial, ppo_epochs=4, steps=10000, reward=potts_tfbind8}",2,models/port_grid3/entppo_b0.25/seed_2/finetune_mlp_5,0.5013614594288687,0.27920449788890944,15.235748487026997,6.666453709522909,9.69254024769309,0.4970060096478127,0.22481889332510496,0.22643435477814536,0.019799464528184568,2.4125254003364396,0.25582428050242784,0.24623381930632993,3.487611004094786,0.9993301856524265,16.194619837417672,0.6924869730426875,3.4886321584911393,2.74718397239328,0.9481595362019286,1.000000000000001,0.2377885308555963,32.0,4.595690064878588,0.3187286925354582,0.2676131330112046
"entppo[beta=0.25, gae_lambda=0.7, ppo_epochs=4, eps_clip=0.2] mlp_w32 from mlp_5 {context_source=uniform, contexts=256, group=5, learning_rate=0.0001, reference=initial, ppo_epochs=4, steps=10000, reward=potts_tfbind8}",2,models/port_grid3/entppo_b0.25/seed_2/finetune_mlp_5,0.5289557275943093,0.38757719936248075,15.065692779306456,6.470481356416663,10.365122886131397,0.5247872682688218,0.15233669001334765,0.28914778501529337,0.025999313304648386,2.1544463948078056,0.3486937847209979,0.31514709831994175,2.9177488549285227,0.8101717996815033,16.55858078056068,0.7102095742255065,3.823251937253058,2.728648898880719,0.9874767588274547,1.000000000000001,0.16251237546458738,64.0,5.320150107549781,0.3766469756164447,0.2187752647340394
"entppo[beta=0.25, gae_lambda=0.7, ppo_epochs=4, eps_clip=0.2] mlp_w32 from mlp_5 {context_source=uniform, contexts=256, group=5, learning_rate=0.0001, reference=initial, ppo_epochs=4, steps=10000, reward=potts_tfbind8}",2,models/port_grid3/entppo_b0.25/seed_2/finetune_mlp_5,0.5443942159665788,0.45908500900680294,14.839648881175435,6.285212504059004,10.839261737479987,0.5426277612205074,0.11040849660646175,0.3431766890453207,0.034290678811355724,2.008240519775915,0.4204032275047196,0.37746736785667645,2.5757044578891155,0.6680703908483191,16.596185121546903,0.7100229651087174,3.796629514587297,2.4286138293327713,0.9905143718320308,1.0000000000000009,0.11568710541116217,128.0,5.733326488263259,0.41685831166615306,0.1764622722228672
"entppo[beta=0.25, gae_lambda=0.7, ppo_epochs=4, eps_clip=0.2] mlp_w32 from mlp_5 {context_source=uniform, contexts=256, group=5, learning_rate=0.0001, reference=initial, ppo_epochs=4, steps=10000, reward=potts_tfbind8}",2,models/port_grid3/entppo_b0.25/seed_2/finetune_mlp_5,0.5623954535793849,0.5377754676977913,14.713792416397073,6.161087266625509,11.266375900550896,0.5611063209570992,0.08660256764147214,0.4065077230231819,0.038922448059279635,1.8511808646504453,0.5015160950645641,0.4454301710824615,2.4761846434145234,0.6172851669072692,16.694529578065275,0.7147295722733893,3.9567464584237384,2.4491496342513575,0.9982987646455598,1.0000000000000009,0.090021432203279,256.0,6.178965826813851,0.45372701371656005,0.15044288491258845
"entppo[beta=0.25, gae_lambda=0.7, ppo_epochs=4, eps_clip=0.2] mlp_w32 from mlp_5 {context_source=uniform, contexts=256, group=5, learning_rate=0.0001, reference=initial, ppo_epochs=4, steps=10000, reward=potts_tfbind8}",2,models/port_grid3/entppo_b0.25/seed_2/finetune_mlp_5,0.5713612640046231,0.5729214697110546,14.665328745347544,6.127806551035684,11.381710121427302,0.5658854125851773,0.07690720596922149,0.4182629073867737,0.039462872633939494,1.796362365914745,0.5198217919091264,0.4577257800207132,2.5048005435780674,0.6311941562966573,16.700718624562317,0.7153117327603259,3.9741648019132003,2.487432875297821,0.9989102224706802,1.0000000000000009,0.07949357382874295,500.0,6.296021708949621,0.4645089448990416,0.1387188342421993
"entppo[beta=0.25, gae_lambda=0.7, ppo_epochs=4, eps_clip=0.2] mlp_w32 from mlp_5 {context_source=uniform, contexts=256, group=5, learning_rate=0.0001, reference=initial, ppo_epochs=4, steps=10000, reward=potts_tfbind8}",2,models/port_grid3/entppo_b0.25/seed_2/finetune_mlp_5,0.5624970662428708,0.5317685908976186,14.691921897943608,6.136363542197716,11.259252876022007,0.5592159397919576,0.07766789955269894,0.3969341668613669,0.039005371765882035,1.8146107621188077,0.49059085944327424,0.43593953862724893,2.4152908937792312,0.592238094504965,16.66266714761563,0.7126625096232153,3.866458047268746,2.3575939761047486,0.9963358090062868,1.0000000000000007,0.080876952714212,512.0,6.126041120383604,0.4504903565589318,0.1423559818684982
"entppo[beta=0.25, gae_lambda=0.7, ppo_epochs=4, eps_clip=0.2] mlp_w32 from mlp_5 {context_source=uniform, contexts=256, group=5, learning_rate=0.0001, reference=initial, ppo_epochs=4, steps=10000, reward=potts_tfbind8}",2,models/port_grid3/entppo_b0.25/seed_2/finetune_mlp_5,0.5709896200603735,0.5732853870153947,14.631665815951456,6.088779799277498,11.363393803085021,0.5628398192181365,0.07109933908739179,0.41116556238371604,0.039304992442177444,1.7871553745455224,0.5090287459851165,0.4504705548258935,2.2676731774213943,0.5207408953366375,16.697908529146527,0.7136743719880211,3.9142681695716712,2.2536706507180155,0.9991233932210245,1.0000000000000009,0.0732796074903011,1000.0,6.219230688682049,0.46033058178386216,0.13444052642137513
"entppo[beta=0.25, gae_lambda=0.7, ppo_epochs=4, eps_clip=0.2] mlp_w32 from mlp_5 {context_source=uniform, contexts=256, group=5, learning_rate=0.0001, reference=initial, ppo_epochs=4, steps=10000, reward=potts_tfbind8}",2,models/port_grid3/entppo_b0.25/seed_2/finetune_mlp_5,0.5797294859889608,0.6158767034857513,14.571830050069932,6.059027331163481,11.5587280543782,0.5729776686522661,0.06952248124529417,0.44831713219560193,0.03923495487576395,1.7539671061252409,0.5553505822055582,0.4875520870713659,2.3991409046397796,0.5719633857695886,16.722339376345122,0.7155817268720084,3.9950753239050463,2.392862419475266,0.9996073467950258,1.0000000000000009,0.07076788088744589,1024.0,6.448353215046027,0.479970513178993,0.12926554045288605
"entppo[beta=0.25, gae_lambda=0.7, ppo_epochs=4, eps_clip=0.2] mlp_w32 from mlp_5 {context_source=uniform, contexts=256, group=5, learning_rate=0.0001, reference=initial, ppo_epochs=4, steps=10000, reward=potts_tfbind8}",2,models/port_grid3/entppo_b0.25/seed_2/finetune_mlp_5,0.5805415317247593,0.6164748847511516,14.566195897950914,6.042867148340186,11.58511845966454,0.573730786958852,0.06652923412160364,0.4486511698797542,0.03797047069273751,1.7391359916608338,0.5589511608432438,0.4866216405724917,2.5031070327315312,0.6164378062584469,16.715056387954167,0.7158378539544742,3.9744814884255257,2.4921818196131404,0.9993161281782926,1.0000000000000009,0.06777085820355103,1500.0,6.484565933017781,0.4825585216567289,0.12571017842126667
"entppo[beta=0.25, gae_lambda=0.7, ppo_epochs=4, eps_clip=0.2] mlp_w32 from mlp_5 {context_source=uniform, contexts=256, group=5, learning_rate=0.0001, reference=initial, ppo_epochs=4, steps=10000, reward=potts_tfbind8}",2,models/port_grid3/entppo_b0.25/seed_2/finetune_mlp_5,0.5766295833440636,0.5901379961271453,14.587156806475182,6.061748139372954,11.560286711295817,0.5732683147745398,0.06496697793449135,0.44215265978926177,0.03750912295037545,1.7153192666283215,0.5516368941840605,0.4796617827396372,2.3244981526775845,0.5392831976781619,16.703854245358055,0.714227702720864,3.9180068410957447,2.3124744181693915,0.9992476933999261,1.0000000000000013,0.0666645286365475,2000.0,6.449085770070796,0.47833412084915633,0.12542416063118722
"entppo[beta=0.25, gae_lambda=0.7, ppo_epochs=4, eps_clip=0.2] mlp_w32 from mlp_5 {context_source=uniform, contexts=256, group=5, learning_rate=0.0001, reference=initial, ppo_epochs=4, steps=10000, reward=potts_tfbind8}",2,models/port_grid3/entppo_b0.25/seed_2/finetune_mlp_5,0.5807213280723695,0.6130030577444118,14.56545491449452,6.040435018097108,11.605515381642103,0.5747149452885226,0.06525230528971464,0.45097839481182533,0.037233661129309537,1.7312240209481673,0.5620842594687125,0.48821205594113487,2.455626571619262,0.582829898407462,16.731352108855603,0.7161684015433534,3.9998761049959635,2.448010871558118,0.9995236488972497,1.0000000000000009,0.06580472633462528,2048.0,6.492732706160279,0.48326738332492986,0.12284337497647446
"entppo[beta=0.25, gae_lambda=0.7, ppo_epochs=4, eps_clip=0.2] mlp_w32 from mlp_5 {context_source=uniform, contexts=256, group=5, learning_rate=0.0001, reference=initial, ppo_epochs=4, steps=10000, reward=potts_tfbind8}",2,models/port_grid3/entppo_b0.25/seed_2/finetune_mlp_5,0.5782230497043696,0.5983262182403213,14.555989386521976,6.03958334229444,11.576173619653876,0.5728085262421342,0.06403437296559024,0.45002531760711656,0.036455113991880006,1.7442454060680852,0.5539329765065398,0.48648043159899657,2.4055619095984113,0.5686335538464311,16.721146374489248,0.7154805423553029,3.973876755777586,2.398081550133712,0.9995321838857455,1.0000000000000009,0.06498888386951109,2500.0,6.446925471113469,0.4806608053732386,0.12222269296135306
"entppo[beta=0.25, gae_lambda=0.7, ppo_epochs=4, eps_clip=0.2] mlp_w32 from mlp_5 {context_source=uniform, contexts=256, group=5, learning_rate=0.0001, reference=initial, ppo_epochs=4, steps=10000, reward=potts_tfbind8}",2,models/port_grid3/entppo_b0.25/seed_2/finetune_mlp_5,0.5825723369519142,0.6193797071410836,14.589702741215852,6.049455549319708,11.577302217790626,0.573345884792672,0.06243269138082071,0.44377152315029433,0.03601766344632418,1.7169911582419444,0.5526458522313271,0.4797891865966185,2.5352409908824045,0.6224103955337987,16.725816011469046,0.7165058524746514,4.007837444083171,2.5278289620781393,0.9995364368284507,1.0000000000000009,0.06341961006011106,3000.0,6.482471373009324,0.4802983799739426,0.12133188634432279
"entppo[beta=0.25, gae_lambda=0.7, ppo_epochs=4, eps_clip=0.2] mlp_w32 from mlp_5 {context_source=uniform, contexts=256, group=5, learning_rate=0.0001, reference=initial, ppo_epochs=4, steps=10000, reward=potts_tfbind8}",2,models/port_grid3/entppo_b0.25/seed_2/finetune_mlp_5,0.5798513861831889,0.6124979320117452,14.536088390882256,6.011392502461685,11.565317085441555,0.5707979426271784,0.06254108945264286,0.4447592526838705,0.035468111586579754,1.7471121979054356,0.5493552243467601,0.48022736427045026,2.438769770623508,0.5857804539959011,16.718101513851067,0.7156023127492424,3.9681228044549894,2.4318531672933803,0.9995673831837857,1.0000000000000009,0.06312526526281051,3500.0,6.406927898236982,0.478541092428439,0.12274207994832202
"entppo[beta=0.25, gae_lambda=0.7, ppo_epochs=4, eps_clip=0.2] mlp_w32 from mlp_5 {context_source=uniform, contexts=256, group=5, learning_rate=0.0001, reference=initial, ppo_epochs=4, steps=10000, reward=potts_tfbind8}",2,models/port_grid3/entppo_b0.25/seed_2/finetune_mlp_5,0.5767725477068852,0.5843033321621581,14.599838233118518,6.063646472748552,11.495396054462283,0.5692804182046,0.0628180927880308,0.42693082485968603,0.03422356116881342,1.7129200061342684,0.533039444451929,0.46115438602849945,2.161340411826618,0.4744081519698392,16.690134375446153,0.7125688709172966,3.931785909783812,2.1121848289202014,0.9968997273825848,1.0000000000000009,0.06428974311279667,4000.0,6.366440252824238,0.4715709610686852,0.1252136509149398
"entppo[beta=0.25, gae_lambda=0.7, ppo_epochs=4, eps_clip=0.2] mlp_w32 from mlp_5 {context_source=uniform, contexts=256, group=5, learning_rate=0.0001, reference=initial, ppo_epochs=4, steps=10000, reward=potts_tfbind8}",2,models/port_grid3/entppo_b0.25/seed_2/finetune_mlp_5,0.5844366622159701,0.6254108209695751,14.54666487301924,6.037648848935289,11.60094534041114,0.5742847762384589,0.06091560592718426,0.4466355030660972,0.03468152740750108,1.7100045699475293,0.5572698918398561,0.48131703047359825,2.4261966883607107,0.5734752577438432,16.733250698521445,0.7161504804272589,4.0055237152220515,2.420178939409012,0.9996237072158227,1.0000000000000009,0.062132869013510915,4096.0,6.479840661970398,0.4833859723180246,0.11910850433525905
"entppo[beta=0.25, gae_lambda=0.7, ppo_epochs=4, eps_clip=0.2] mlp_w32 from mlp_5 {context_source=uniform, contexts=256, group=5, learning_rate=0.0001, reference=initial, ppo_epochs=4, steps=10000, reward=potts_tfbind8}",2,models/port_grid3/entppo_b0.25/seed_2/finetune_mlp_5,0.583986744787074,0.6333380751501032,14.502466639112248,5.984750037857151,11.656963672521268,0.575100241393702,0.06103242054448669,0.4563618190101493,0.0348424362819208,1.7233699884240012,0.5700427545806989,0.4912042552920701,2.4303221937924153,0.5715208786715935,16.728896764140213,0.7159229168809212,3.982657072078011,2.424293155032342,0.9996229955599039,1.0000000000000009,0.0609011487268205,4500.0,6.515414963469526,0.4879111497495635,0.11619098140517375
"entppo[beta=0.25, gae_lambda=0.7, ppo_epochs=4, eps_clip=0.2] mlp_w32 from mlp_5 {context_source=uniform, contexts=256, group=5, learning_rate=0.0001, reference=initial, ppo_epochs=4, steps=10000, reward=potts_tfbind8}",2,models/port_grid3/entppo_b0.25/seed_2/finetune_mlp_5,0.5871521998894778,0.6465673581794602,14.457301491426863,5.980485691583196,11.746847387080281,0.5801832498599444,0.06028162653898979,0.47347463160890635,0.035001334779777626,1.7048428129803344,0.5916021429356749,0.508475966388684,2.4084144569362316,0.5659163340728255,16.72768570372801,0.7158162879499251,3.9877755563100705,2.404045674032359,0.9997268548595283,1.0000000000000009,0.059989608442042784,5000.0,6.614461816935295,0.49793923728704215,0.11699691664217608
"entppo[beta=0.25, gae_lambda=0.7, ppo_epochs=4, eps_clip=0.2] mlp_w32 from mlp_5 {context_source=uniform, contexts=256, group=5, learning_rate=0.0001, reference=initial, ppo_epochs=4, steps=10000, reward=potts_tfbind8}",2,models/port_grid3/entppo_b0.25/seed_2/finetune_mlp_5,0.593543409268475,0.6736974844859525,14.458178606722564,5.974587193785659,11.821416650339062,0.5843725432266675,0.05931151722566645,0.4860553394567628,0.03486942689458039,1.6699724960314106,0.6091759966427255,0.5209247663513432,2.449847862203108,0.5769249809155889,16.735536036947455,0.7163408799375942,4.00558278734239,2.4447032028863402,0.9996783101560561,1.000000000000001,0.058921146334399044,5500.0,6.701086189620362,0.5036770840773854,0.11537984846789436
"entppo[beta=0.25, gae_lambda=0.7, ppo_epochs=4, eps_clip=0.2] mlp_w32 from mlp_5 {context_source=uniform, contexts=256, group=5, learning_rate=0.0001, reference=initial, ppo_epochs=4, steps=10000, reward=potts_tfbind8}",2,models/port_grid3/entppo_b0.25/seed_2/finetune_mlp_5,0.5823662647649782,0.6216356327017817,14.564294872802638,6.020875898516559,11.561282728237249,0.5709251621365706,0.059813157279527775,0.44004323393456846,0.03391858686524918,1.7362522271867722,0.5461462456345674,0.47396182079981763,2.486358737162616,0.611292391060006,16.710461704135064,0.7155806167476012,3.957207965427929,2.4786659678010103,0.9995188893845156,1.0000000000000009,0.06092487585169318,6000.0,6.445112474780252,0.47922174256121347,0.12050519589698722
"entppo[beta=0.25, gae_lambda=0.7, ppo_epochs=4, eps_clip=0.2] mlp_w32 from mlp_5 {context_source=uniform, contexts=256, group=5, learning_rate=0.0001, reference=initial, ppo_epochs=4, steps=10000, reward=potts_tfbind8}",2,models/port_grid3/entppo_b0.25/seed_2/finetune_mlp_5,0.5863268248436984,0.6403874789440919,14.498066618893588,5.992970411555527,11.714429933088162,0.5787062422235887,0.05837928448184043,0.4661987051998226,0.034127269344510436,1.7021424885798635,0.5820738229083524,0.500325974544333,2.4794194169164347,0.5963026679306642,16.72328488748913,0.7160104926277915,3.974368012966197,2.473847333899046,0.9996515864291226,1.0000000000000009,0.058565651912750455,6500.0,6.58542749506535,0.4933524538619317,0.11427108912668127
"entppo[beta=0.25, gae_lambda=0.7, ppo_epochs=4, eps_clip=0.2] mlp_w32 from mlp_5 {context_source=uniform, contexts=256, group=5, learning_rate=0.0001, reference=initial, ppo_epochs=4, steps=10000, reward=potts_tfbind8}",2,models/port_grid3/entppo_b0.25/seed_2/finetune_mlp_5,0.5862821604421744,0.6375949025115173,14.526202713317733,6.005713597432526,11.662846060870493,0.5762481542245901,0.05798847804769603,0.45647662511441334,0.034200016427441526,1.6974711958074178,0.5690512876775173,0.49067664154185486,2.487559440065713,0.599914701460645,16.72112078376151,0.7159576828978295,3.9704759697673775,2.4806604324525936,0.9995685553510864,1.000000000000001,0.058439084736335536,7000.0,6.536765363167516,0.4878222917283128,0.11388709943504888
"entppo[beta=0.25, gae_lambda=0.7, ppo_epochs=4, eps_clip=0.2] mlp_w32 from mlp_5 {context_source=uniform, contexts=256, group=5, learning_rate=0.0001, reference=initial, ppo_epochs=4, steps=10000, reward=potts_tfbind8}",2,models/port_grid3/entppo_b0.25/seed_2/finetune_mlp_5,0.5880277620963681,0.6469206049333144,14.487263147989026,5.988174524335795,11.712813576204946,0.5783810428880987,0.05732562060224413,0.46520354446213685,0.03386764357189964,1.6931957071897161,0.5808510833130451,0.4990711880340365,2.44190543442694,0.5830036653259308,16.726108789524314,0.7159716489663339,3.9832008115246986,2.436944840553225,0.9996898428553783,1.0000000000000009,0.05774700153824788,7500.0,6.580475406772603,0.49330985255201243,0.11383939430451996
"entppo[beta=0.25, gae_lambda=0.7, ppo_epochs=4, eps_clip=0.2] mlp_w32 from mlp_5 {context_source=uniform, contexts=256, group=5, learning_rate=0.0001, reference=initial, ppo_epochs=4, steps=10000, reward=potts_tfbind8}",2,models/port_grid3/entppo_b0.25/seed_2/finetune_mlp_5,0.5827433636609376,0.6235372264885403,14.50724372188358,5.993219102035332,11.662659091734223,0.5755680483663014,0.05717955478422927,0.4583038201555348,0.03436309013273481,1.7099828703980655,0.5680912223064939,0.4926669102882696,2.461116508209238,0.5851106682982022,16.729150100347983,0.7161299830342288,3.989380828369528,2.4551300267591203,0.999625679374022,1.000000000000001,0.057525761649379184,8000.0,6.520457950904545,0.4878534811933919,0.11327601910959327
"entppo[beta=0.25, gae_lambda=0.7, ppo_epochs=4, eps_clip=0.2] mlp_w32 from mlp_5 {context_source=uniform, contexts=256, group=5, learning_rate=0.0001, reference=initial, ppo_epochs=4, steps=10000, reward=potts_tfbind8}",2,models/port_grid3/entppo_b0.25/seed_2/finetune_mlp_5,0.5911468925778923,0.6618384242671727,14.471430877256573,5.984332103133845,11.784894823287251,0.5825078741633123,0.056754826282183216,0.476154340462716,0.03317945429281921,1.6732879326573011,0.5976674909893999,0.5093337947555352,2.4814025780953073,0.5891815728155297,16.73341629013376,0.716430275570609,3.99371524260761,2.476363949568469,0.9996849549271201,1.0000000000000009,0.05654309744402757,8500.0,6.6751437565544895,0.5010526353679337,0.11048097999942172
"entppo[beta=0.25, gae_lambda=0.7, ppo_epochs=4, eps_clip=0.2] mlp_w32 from mlp_5 {context_source=uniform, contexts=256, group=5, learning_rate=0.0001, reference=initial, ppo_epochs=4, steps=10000, reward=potts_tfbind8}",2,models/port_grid3/entppo_b0.25/seed_2/finetune_mlp_5,0.5900545009807749,0.6538227369734895,14.466829382271118,5.978318554041765,11.761575619705903,0.5809657792455958,0.05696729698201507,0.47060395040277875,0.03338165025629364,1.6774816467055862,0.5920397730928768,0.5039856006590724,2.354988059875723,0.5476842505237438,16.695778451285662,0.7139045145697698,3.898725998598537,2.331289480428479,0.9985151143085587,1.0000000000000009,0.05674518044283809,9000.0,6.634095508463712,0.4981245317155575,0.11168177369456893
"entppo[beta=0.25, gae_lambda=0.7, ppo_epochs=4, eps_clip=0.2] mlp_w32 from mlp_5 {context_source=uniform, contexts=256, group=5, learning_rate=0.0001, reference=initial, ppo_epochs=4, steps=10000, reward=potts_tfbind8}",2,models/port_grid3/entppo_b0.25/seed_2/finetune_mlp_5,0.5914790357690083,0.6620348300465375,14.473353729535743,5.980269186701682,11.798197020835445,0.583005804565704,0.056601699534676586,0.48032598009465344,0.03297255320873049,1.6845419233248224,0.6008068642715737,0.5132985333033839,2.479281899427838,0.5895695606231035,16.730161923611824,0.7162968688426791,3.9889970726827486,2.4743004394595287,0.9996885343635529,1.000000000000001,0.05635692133915209,9500.0,6.689776352568565,0.5021481139895373,0.11047368551653663
"entppo[beta=0.25, gae_lambda=0.7, ppo_epochs=4, eps_clip=0.2] mlp_w32 from mlp_5 {context_source=uniform, contexts=256, group=5, learning_rate=0.0001, reference=initial, ppo_epochs=4, steps=10000, reward=potts_tfbind8}",2,models/port_grid3/entppo_b0.25/seed_2/finetune_mlp_5,0.5912191585202016,0.6623307367552627,14.458536730306111,5.967137169743452,11.822229760706763,0.5840163302623977,0.05629247815542181,0.48221772117111206,0.033523319298947696,1.6544485592644542,0.6063126241081715,0.5157410404700598,2.48456750767859,0.5954221999948207,16.73239938194027,0.7164897999987736,4.002678799025497,2.4798536086590794,0.9997052727952379,1.0000000000000009,0.055854496207920726,10000.0,6.702228723601825,0.5033137547623026,0.11228376666219848
"entppo[beta=0.5, gae_lambda=0.7, ppo_epochs=4, eps_clip=0.2] mlp_w32 from mlp_5 {context_source=uniform, contexts=256, group=5, learning_rate=0.0001, reference=initial, ppo_epochs=4, steps=10000, reward=potts_tfbind8}",1,models/port_grid3/entppo_b0.5/seed_1/finetune_mlp_5,0.40089774494688835,0.0,15.58400929863198,7.3350796144291905,7.274364485999048,0.40059227009566606,2.2007286308340355,0.0,0.0,3.3845174252188786,0.0,0.0,4.896481007458549,1.5766628960892644,8.347072093028896,0.2951274947079451,0.0,0.36194497535363446,0.02441464572044008,1.0000000000000013,2.4505464727693775,0.0,1.8270649549340976,0.11713328142727052,0.7909839602924758
"entppo[beta=0.5, gae_lambda=0.7, ppo_epochs=4, eps_clip=0.2] mlp_w32 from mlp_5 {context_source=uniform, contexts=256, group=5, learning_rate=0.0001, reference=initial, ppo_epochs=4, steps=10000, reward=potts_tfbind8}",1,models/port_grid3/entppo_b0.5/seed_1/finetune_mlp_5,0.4049380802435795,0.001359461044840444,15.593883449696506,7.338350951424367,7.36585329947654,0.4050612454812498,2.140133867466446,0.0013129171657212347,0.00014124543988107375,3.336744151155868,0.0013164382848658675,0.0014541626056023085,4.951943442438763,1.599759307089718,8.423010867600848,0.29908349407009277,0.0024875527518864946,0.43142896135154507,0.02962905684913933,1.000000000000001,2.406118504315497,1.0,1.9346219642684175,0.12431027339812849,0.7844247826367367
"entppo[beta=0.5, gae_lambda=0.7, ppo_epochs=4, eps_clip=0.2] mlp_w32 from mlp_5 {context_source=uniform, contexts=256, group=5, learning_rate=0.0001, reference=initial, ppo_epochs=4, steps=10000, reward=potts_tfbind8}",1,models/port_grid3/entppo_b0.5/seed_1/finetune_mlp_5,0.408821277355667,0.0048840914064772496,15.598601429748577,7.331426590405548,7.462264339625147,0.4093891105788948,2.083386186977121,0.0048114339357122424,0.0004749546651549724,3.2921762905920797,0.004836959469468898,0.005286388600867215,5.602286630187669,1.791620460642529,8.606123633717026,0.30934434799001614,0.03985051825898735,0.7129203660866602,0.05233083868691212,1.000000000000001,2.361433505425796,2.0,2.045019708198937,0.13174491767670088,0.7776609966500603
"entppo[beta=0.5, gae_lambda=0.7, ppo_epochs=4, eps_clip=0.2] mlp_w32 from mlp_5 {context_source=uniform, contexts=256, group=5, learning_rate=0.0001, reference=initial, ppo_epochs=4, steps=10000, reward=potts_tfbind8}",1,models/port_grid3/entppo_b0.5/seed_1/finetune_mlp_5,0.4168355847876698,0.015502154583213553,15.5960272626787,7.298933965311206,7.663157497351998,0.4178107155816928,1.9660867722572375,0.015345056236388587,0.0013884043092555007,3.18904418025198,0.015546504580666667,0.016733460545644088,5.638600091309117,1.8127932390850705,8.892903677760566,0.32366674167229226,0.08500052814562488,0.9768698704650061,0.07524943905714886,1.0000000000000013,2.271696471673569,4.0,2.2787060169887896,0.14756424810239988,0.7632746224550535
"entppo[beta=0.5, gae_lambda=0.7, ppo_epochs=4, eps_clip=0.2] mlp_w32 from mlp_5 {context_source=uniform, contexts=256, group=5, learning_rate=0.0001, reference=initial, ppo_epochs=4, steps=10000, reward=potts_tfbind8}",1,models/port_grid3/entppo_b0.5/seed_1/finetune_mlp_5,0.44320128422452026,0.07620484448982248,15.550582652575734,7.151178041792676,8.255677898957739,0.44176823648639935,1.6856585653978158,0.07383795008785814,0.005491983117090551,2.968850741081898,0.07559396386478248,0.07932993320494869,6.270905393090093,1.9527156232897387,11.723194249131673,0.4723179323772322,1.7936707165393018,2.6454731425856504,0.42308702471552895,1.0000000000000013,2.0354837301548128,8.0,2.979785334825211,0.19672472851451783,0.7209863277909087
"entppo[beta=0.5, gae_lambda=0.7, ppo_epochs=4, eps_clip=0.2] mlp_w32 from mlp_5 {context_source=uniform, contexts=256, group=5, learning_rate=0.0001, reference=initial, ppo_epochs=4, steps=10000, reward=potts_tfbind8}",1,models/port_grid3/entppo_b0.5/seed_1/finetune_mlp_5,0.5188547275789593,0.4258573136752102,15.099699877204358,6.579094431236014,9.921301349004993,0.5103087115425392,1.1956596730219426,0.3952498630883784,0.026595501104525576,2.6105530645289377,0.4029170799930379,0.42184536419290397,2.8591038377070883,0.7474279471535419,16.531981767173495,0.7079836213711138,3.7742944826618814,2.624328133722015,0.9845886885909725,1.000000000000001,1.5299951212594414,16.0,4.891799431400351,0.34930252274424767,0.597920766896617
"entppo[beta=0.5, gae_lambda=0.7, ppo_epochs=4, eps_clip=0.2] mlp_w32 from mlp_5 {context_source=uniform, contexts=256, group=5, learning_rate=0.0001, reference=initial, ppo_epochs=4, steps=10000, reward=potts_tfbind8}",1,models/port_grid3/entppo_b0.5/seed_1/finetune_mlp_5,0.6052305829749236,0.901721131284796,14.590377235867779,6.040322758965132,11.793324359767846,0.5968114773302835,0.7283534143020096,0.7961849970550869,0.053276352564123775,2.0905226941837776,0.8321756633978512,0.8494613496192107,3.6480879530292274,0.9672454947172516,16.824832716987725,0.730710875016671,5.230706086463976,3.6370987797668493,0.99931249307831,1.0000000000000009,1.0232421992828298,32.0,7.148488261185555,0.5283822215012511,0.47816729052092494
"entppo[beta=0.5, gae_lambda=0.7, ppo_epochs=4, eps_clip=0.2] mlp_w32 from mlp_5 {context_source=uniform, contexts=256, group=5, learning_rate=0.0001, reference=initial, ppo_epochs=4, steps=10000, reward=potts_tfbind8}",1,models/port_grid3/entppo_b0.5/seed_1/finetune_mlp_5,0.6621927181641539,1.2892698992097658,13.618590271473662,5.419950245899907,13.288923898552563,0.6579403322991556,0.44482133471191887,1.0687625038117372,0.0886315994538498,1.7677373894634565,1.1871378458129713,1.157394103265587,3.2769194468249467,0.8216169414502755,16.992569220709633,0.7362293243092635,5.42388531979988,3.27569790686528,0.9999236357465926,1.0000000000000007,0.6304046123055933,64.0,8.100533304146945,0.6511539113709721,0.37063491643680846
"entppo[beta=0.5, gae_lambda=0.7, ppo_epochs=4, eps_clip=0.2] mlp_w32 from mlp_5 {context_source=uniform, contexts=256, group=5, learning_rate=0.0001, reference=initial, ppo_epochs=4, steps=10000, reward=potts_tfbind8}",1,models/port_grid3/entppo_b0.5/seed_1/finetune_mlp_5,0.7145268356698043,1.7137727804789205,12.197149252099969,4.694006623439638,14.828177265470252,0.7209750117862862,0.25848155956000507,1.4554601028324585,0.12846816617735368,1.5463989971365864,1.651164070701266,1.5839282690098122,3.264521775317955,0.8545455061071252,17.033776328059812,0.7381717605887633,5.424654958937804,3.2640609472431295,0.9999711963568201,1.0000000000000007,0.3248041537350337,128.0,8.558084358877844,0.7706301075569434,0.24862059749786108
"entppo[beta=0.5, gae_lambda=0.7, ppo_epochs=4, eps_clip=0.2] mlp_w32 from mlp_5 {context_source=uniform, contexts=256, group=5, learning_rate=0.0001, reference=initial, ppo_epochs=4, steps=10000, reward=potts_tfbind8}",1,models/port_grid3/entppo_b0.5/seed_1/finetune_mlp_5,0.742155561471519,1.938341717258973,11.347708613384503,4.297340926622287,15.539472208192572,0.748407931618938,0.18794757868005452,1.6713948084659722,0.16604108579298282,1.4316080742552804,1.8872802393186494,1.837435894258955,3.17020819376759,0.8400690180903285,17.15383658492103,0.745027688824587,5.80116931892179,3.170109655604678,0.9999938412820034,1.0000000000000004,0.20527285099125966,256.0,8.531436834776747,0.8225846976820068,0.17807937253966108
"entppo[beta=0.5, gae_lambda=0.7, ppo_epochs=4, eps_clip=0.2] mlp_w32 from mlp_5 {context_source=uniform, contexts=256, group=5, learning_rate=0.0001, reference=initial, ppo_epochs=4, steps=10000, reward=potts_tfbind8}",1,models/port_grid3/entppo_b0.5/seed_1/finetune_mlp_5,0.7489906342704729,1.981894845129448,11.005220626158907,4.133311094969203,15.824789659713346,0.7588437921454123,0.14356325664480785,1.8051851827082537,0.19173650696558786,1.3159381131893433,1.9790854756660918,1.9969216896738415,3.065883968972904,0.8341116047742602,17.239430791261963,0.7504068941418708,6.069711832891331,3.065835856690885,0.9999969929641734,1.0,0.1544193615783126,500.0,8.53397913608459,0.8443385954543742,0.1513665108834032
"entppo[beta=0.5, gae_lambda=0.7, ppo_epochs=4, eps_clip=0.2] mlp_w32 from mlp_5 {context_source=uniform, contexts=256, group=5, learning_rate=0.0001, reference=initial, ppo_epochs=4, steps=10000, reward=potts_tfbind8}",1,models/port_grid3/entppo_b0.5/seed_1/finetune_mlp_5,0.7429648237311569,1.9424864506309143,11.127516867633146,4.148485912534897,15.768819221437194,0.754688913971627,0.13949477784440567,1.8421778967719475,0.19253033573889744,1.3288461289488036,1.946979892000634,2.034708232510845,2.925161049254557,0.7510249528701552,17.136619052157993,0.7425594408530347,5.612039519313197,2.9251108278009985,0.9999968611353073,1.0000000000000002,0.15029899705093164,512.0,8.678847018650455,0.8457209696412782,0.15733042719464838
"entppo[beta=0.5, gae_lambda=0.7, ppo_epochs=4, eps_clip=0.2] mlp_w32 from mlp_5 {context_source=uniform, contexts=256, group=5, learning_rate=0.0001, reference=initial, ppo_epochs=4, steps=10000, reward=potts_tfbind8}",1,models/port_grid3/entppo_b0.5/seed_1/finetune_mlp_5,0.7618537316741635,2.090801522587444,10.946924631446223,4.055992785129996,15.979881963117162,0.7645245483173391,0.11944162620190125,1.8888591036182967,0.20282415842068113,1.2544093336794953,2.024950887100932,2.091683262038978,2.348610704249713,0.5381332389241427,19.626114941543097,0.9160610228342401,16.987490809224543,2.348590258596315,0.9999987221396137,1.0000000000000002,0.12273862131124152,1000.0,8.693866453848232,0.8580007928779475,0.13649762949356517
"entppo[beta=0.5, gae_lambda=0.7, ppo_epochs=4, eps_clip=0.2] mlp_w32 from mlp_5 {context_source=uniform, contexts=256, group=5, learning_rate=0.0001, reference=initial, ppo_epochs=4, steps=10000, reward=potts_tfbind8}",1,models/port_grid3/entppo_b0.5/seed_1/finetune_mlp_5,0.7563715756991505,2.0426470394546996,10.873712932181741,4.051012098283147,15.996319278618849,0.7654206236050808,0.11604346312233083,1.89345297157442,0.20197798787478582,1.2116600116458798,2.0318981022070877,2.0954309594492058,2.331608235603358,0.5250980634432081,19.648963610759363,0.9176377855610347,17.107856188617426,2.3315928111881252,0.9999990359698896,1.0000000000000002,0.12146717866655424,1024.0,8.637069220541367,0.8590819567116733,0.1380120082468324
"entppo[beta=0.5, gae_lambda=0.7, ppo_epochs=4, eps_clip=0.2] mlp_w32 from mlp_5 {context_source=uniform, contexts=256, group=5, learning_rate=0.0001, reference=initial, ppo_epochs=4, steps=10000, reward=potts_tfbind8}",1,models/port_grid3/entppo_b0.5/seed_1/finetune_mlp_5,0.7641059315864266,2.1207354066133353,10.816933701949102,3.9746568502344104,16.043241830121694,0.7645330380331574,0.11272824566934732,1.9761681869395737,0.198070745023877,1.2495223610378223,2.0466753226476464,2.1742389319634507,2.482198158455027,0.6069631754131144,19.527104998116783,0.9097753035003378,16.544396099878323,2.4821753536190747,0.9999985746895963,1.0000000000000004,0.11278312335569647,1500.0,8.751893579211089,0.8698669293195204,0.1431812375922165
"entppo[beta=0.5, gae_lambda=0.7, ppo_epochs=4, eps_clip=0.2] mlp_w32 from mlp_5 {context_source=uniform, contexts=256, group=5, learning_rate=0.0001, reference=initial, ppo_epochs=4, steps=10000, reward=potts_tfbind8}",1,models/port_grid3/entppo_b0.5/seed_1/finetune_mlp_5,0.7755448257629577,2.228175409963361,10.543378447528822,3.875497964305238,16.253869710851042,0.7749463575725599,0.10520778438843194,2.053106574515308,0.19562604413112838,1.226732852826282,2.141097544699374,2.2487326186464363,2.4567058738977257,0.5871290580962432,19.573043018607162,0.9127146759310624,16.75155141690899,2.4566883086823426,0.9999989021699512,1.0,0.1018914050427481,2000.0,8.631535382091483,0.8796152063784054,0.13217508390483915
"entppo[beta=0.5, gae_lambda=0.7, ppo_epochs=4, eps_clip=0.2] mlp_w32 from mlp_5 {context_source=uniform, contexts=256, group=5, learning_rate=0.0001, reference=initial, ppo_epochs=4, steps=10000, reward=potts_tfbind8}",1,models/port_grid3/entppo_b0.5/seed_1/finetune_mlp_5,0.7707720006464414,2.1686886428851753,10.734706610709836,3.941030003090378,16.159007953499174,0.7708008522137998,0.10493487487567069,2.033669505417041,0.1954166261100747,1.2214522383723583,2.0951918996013763,2.2290861315271155,2.353432553985952,0.5903697519514682,19.52281346929729,0.9079927233933367,16.350719228639694,2.353423000276549,0.9999994028922367,1.0000000000000004,0.1034166386206886,2048.0,8.762971306413895,0.8758282500342104,0.12746519909119594
"entppo[beta=0.5, gae_lambda=0.7, ppo_epochs=4, eps_clip=0.2] mlp_w32 from mlp_5 {context_source=uniform, contexts=256, group=5, learning_rate=0.0001, reference=initial, ppo_epochs=4, steps=10000, reward=potts_tfbind8}",1,models/port_grid3/entppo_b0.5/seed_1/finetune_mlp_5,0.7720697906055335,2.184036628157712,10.578939267638376,3.869160609499984,16.274417700099477,0.7757994687348778,0.10205427596914002,2.1029278151364688,0.19344498700670076,1.1980275897353572,2.1472759054747,2.2963728021431695,2.2719832435436977,0.5548378984835661,19.554049883942348,0.9101120848443518,16.48824070490267,2.2719737648004257,0.9999994075773433,1.0000000000000002,0.09779577119385516,2500.0,8.739250903833755,0.8841550927091149,0.13047737920503738
"entppo[beta=0.5, gae_lambda=0.7, ppo_epochs=4, eps_clip=0.2] mlp_w32 from mlp_5 {context_source=uniform, contexts=256, group=5, learning_rate=0.0001, reference=initial, ppo_epochs=4, steps=10000, reward=potts_tfbind8}",1,models/port_grid3/entppo_b0.5/seed_1/finetune_mlp_5,0.7787359867379855,2.2262235798693415,10.613468250362653,3.8981228483114116,16.300257880229168,0.778927581303611,0.09869426751403064,2.0931341808969277,0.18678344689451398,1.1657135974295325,2.1570536169607455,2.2799176277914417,2.2592050607381453,0.5457257028467573,19.574357626278378,0.911522711675236,16.592502086958945,2.2591914806359945,0.9999991512409808,1.0000000000000002,0.09465339261505361,3000.0,8.758661773217518,0.8832995754115055,0.12462566729965825
"entppo[beta=0.5, gae_lambda=0.7, ppo_epochs=4, eps_clip=0.2] mlp_w32 from mlp_5 {context_source=uniform, contexts=256, group=5, learning_rate=0.0001, reference=initial, ppo_epochs=4, steps=10000, reward=potts_tfbind8}",1,models/port_grid3/entppo_b0.5/seed_1/finetune_mlp_5,0.7762229213352565,2.2356136513981624,10.428411378901549,3.8128080271060822,16.357183584341215,0.7789909814458081,0.1003803952683994,2.14412311229186,0.18738847179245344,1.1863826474242964,2.1840940975296212,2.3315115840843132,2.275354297493124,0.5511496762685972,19.573205413006846,0.911427037661702,16.591001846050638,2.275346325564215,0.9999995017534854,1.0,0.09323102112790894,3500.0,8.672921389814816,0.8895091452284186,0.13436587704445815
"entppo[beta=0.5, gae_lambda=0.7, ppo_epochs=4, eps_clip=0.2] mlp_w32 from mlp_5 {context_source=uniform, contexts=256, group=5, learning_rate=0.0001, reference=initial, ppo_epochs=4, steps=10000, reward=potts_tfbind8}",1,models/port_grid3/entppo_b0.5/seed_1/finetune_mlp_5,0.7817272375934338,2.259658887488725,10.363552503272961,3.783952543054499,16.4795579071981,0.786369532173674,0.09864030236635762,2.1949955115409203,0.18782316786852338,1.1616432997473003,2.2406162474798075,2.3828186794094437,2.5717662002254933,0.6602128742481892,19.472490592019035,0.9057412226199859,16.231098195982966,2.5717396393007665,0.9999983399341628,1.0000000000000002,0.08856600964965115,4000.0,8.674303132826873,0.8937213075462289,0.12404026251164006
"entppo[beta=0.5, gae_lambda=0.7, ppo_epochs=4, eps_clip=0.2] mlp_w32 from mlp_5 {context_source=uniform, contexts=256, group=5, learning_rate=0.0001, reference=initial, ppo_epochs=4, steps=10000, reward=potts_tfbind8}",1,models/port_grid3/entppo_b0.5/seed_1/finetune_mlp_5,0.7759423657547856,2.2008825203921027,10.485116304323357,3.859991324276692,16.316908453378385,0.7780187296681191,0.09307354161272406,2.087333861955586,0.18167800050227267,1.14852402021727,2.1597987236601903,2.269011862457859,2.3294587737115706,0.6057068464628976,19.465016176923406,0.9038253211414965,16.028866766329507,2.3294462196839594,0.9999992153705715,1.0000000000000002,0.08907321273988708,4096.0,8.633921757032235,0.8834806119033033,0.12771101193113635
"entppo[beta=0.5, gae_lambda=0.7, ppo_epochs=4, eps_clip=0.2] mlp_w32 from mlp_5 {context_source=uniform, contexts=256, group=5, learning_rate=0.0001, reference=initial, ppo_epochs=4, steps=10000, reward=potts_tfbind8}",1,models/port_grid3/entppo_b0.5/seed_1/finetune_mlp_5,0.7825723196241475,2.2724574575558054,10.426399936981412,3.8066879233222837,16.45890903271558,0.785654224891942,0.09674004709725309,2.1960967332499663,0.187446124891272,1.1417594270180933,2.22879447761224,2.3835428581412383,2.300598834026536,0.5767373389966045,19.514967622752593,0.907391003749353,16.276710751149327,2.3005880457328236,0.9999993257297449,1.0000000000000002,0.08706867702333734,4500.0,8.743808083474786,0.8941422059319607,0.12718744551935598
"entppo[beta=0.5, gae_lambda=0.7, ppo_epochs=4, eps_clip=0.2] mlp_w32 from mlp_5 {context_source=uniform, contexts=256, group=5, learning_rate=0.0001, reference=initial, ppo_epochs=4, steps=10000, reward=potts_tfbind8}",1,models/port_grid3/entppo_b0.5/seed_1/finetune_mlp_5,0.7797270443873199,2.2500754619724828,10.38606858540592,3.799890859463906,16.463531519936176,0.7855625745436859,0.09518993290939154,2.203554234981135,0.18369066429451308,1.1282685434499062,2.229733263701894,2.387244899275648,2.5201622454975414,0.6375257252094526,19.4934660031401,0.9071022804283149,16.33778572642086,2.5201390511809367,0.9999985503468828,1.0000000000000002,0.08569621950269457,5000.0,8.725583118704254,0.8955966354017024,0.1271349817600626
"entppo[beta=0.5, gae_lambda=0.7, ppo_epochs=4, eps_clip=0.2] mlp_w32 from mlp_5 {context_source=uniform, contexts=256, group=5, learning_rate=0.0001, reference=initial, ppo_epochs=4, steps=10000, reward=potts_tfbind8}",1,models/port_grid3/entppo_b0.5/seed_1/finetune_mlp_5,0.777654837249074,2.2284517859890314,10.346007823193803,3.788084317760868,16.43526850832485,0.7829173890810414,0.09132731099381641,2.1616716347887768,0.17761660599395723,1.1523646174946474,2.212520994616353,2.339288240782734,2.5931742418030037,0.6823512938368784,19.42414849258737,0.9025111686073699,16.005792116209474,2.5931499754084655,0.9999984833422059,1.0000000000000002,0.08261545622281735,5500.0,8.641058222065418,0.8927239962686769,0.12454283247556663
"entppo[beta=0.5, gae_lambda=0.7, ppo_epochs=4, eps_clip=0.2] mlp_w32 from mlp_5 {context_source=uniform, contexts=256, group=5, learning_rate=0.0001, reference=initial, ppo_epochs=4, steps=10000, reward=potts_tfbind8}",1,models/port_grid3/entppo_b0.5/seed_1/finetune_mlp_5,0.783326830363065,2.269605487209258,10.393259848581454,3.793798548278228,16.493884130659918,0.7875028233250772,0.08990369345557993,2.1778783553562397,0.1798288991181809,1.132291779842381,2.2406237833246965,2.3577072544744206,2.5382427870746485,0.6304477332129029,19.506494571426117,0.9084852428660136,16.42430664715399,2.538215449033347,0.9999982913616773,1.0000000000000004,0.08141043376362811,6000.0,8.704796933442351,0.8937825566563856,0.12181107105672474
"entppo[beta=0.5, gae_lambda=0.7, ppo_epochs=4, eps_clip=0.2] mlp_w32 from mlp_5 {context_source=uniform, contexts=256, group=5, learning_rate=0.0001, reference=initial, ppo_epochs=4, steps=10000, reward=potts_tfbind8}",1,models/port_grid3/entppo_b0.5/seed_1/finetune_mlp_5,0.7918185030588423,2.3538659681648433,10.326251193381722,3.7487388567410886,16.587017522124434,0.7920851057293145,0.09427573944994116,2.2461935813207172,0.17801794202143784,1.1259813851045286,2.2875251217584824,2.424211523342155,1.639859619335391,0.24338847697550076,19.952176787928813,0.9378072593097382,18.574053403431876,1.6398547811109698,0.9999996976106287,1.0000000000000002,0.08174507646516341,6500.0,8.744723681037387,0.9005484915573237,0.12047341532398712
"entppo[beta=0.5, gae_lambda=0.7, ppo_epochs=4, eps_clip=0.2] mlp_w32 from mlp_5 {context_source=uniform, contexts=256, group=5, learning_rate=0.0001, reference=initial, ppo_epochs=4, steps=10000, reward=potts_tfbind8}",1,models/port_grid3/entppo_b0.5/seed_1/finetune_mlp_5,0.7832709793801884,2.277782861596353,10.386867795569204,3.7841718930942214,16.48916232437452,0.786072038521123,0.08764800623665474,2.2041545630159245,0.17758194161045138,1.1425422774088552,2.233837688872665,2.381736504626376,3.1261359993081532,0.9452018351546836,17.534699436730666,0.7707180750445836,7.156831540160037,3.126067985131804,0.9999957490318196,1.0000000000000004,0.07698524245430402,7000.0,8.751628379452292,0.897198004970142,0.11197138685179235
"entppo[beta=0.5, gae_lambda=0.7, ppo_epochs=4, eps_clip=0.2] mlp_w32 from mlp_5 {context_source=uniform, contexts=256, group=5, learning_rate=0.0001, reference=initial, ppo_epochs=4, steps=10000, reward=potts_tfbind8}",1,models/port_grid3/entppo_b0.5/seed_1/finetune_mlp_5,0.7834526563088889,2.273720807076451,10.36094759843079,3.781651842674349,16.470677424366187,0.7849588075737075,0.08639561990819686,2.191769441880332,0.17209509894139874,1.133092236924863,2.225141556912226,2.363864540821731,2.3142432852624557,0.5851327958382168,19.506371766688765,0.9068264984264067,16.22990064177632,2.314231020532521,0.9999992334516141,1.0000000000000004,0.07753156049802251,7500.0,8.693706209823924,0.8950887500135145,0.12161305642117934
"entppo[beta=0.5, gae_lambda=0.7, ppo_epochs=4, eps_clip=0.2] mlp_w32 from mlp_5 {context_source=uniform, contexts=256, group=5, learning_rate=0.0001, reference=initial, ppo_epochs=4, steps=10000, reward=potts_tfbind8}",1,models/port_grid3/entppo_b0.5/seed_1/finetune_mlp_5,0.7858529976002933,2.2982607845753127,10.386400391954549,3.7698615970808333,16.504736168701342,0.7866124628256004,0.08726569525125263,2.207995856755111,0.17163378121868922,1.1441177784782948,2.240372619435539,2.3796296379738,2.336883822724496,0.5939442403990456,19.499852179359607,0.9064370440497851,16.1994888756488,2.3368689104035134,0.9999990679755543,1.0,0.07573325085376632,8000.0,8.769971735720683,0.8983140951081778,0.1136686556483926
"entppo[beta=0.5, gae_lambda=0.7, ppo_epochs=4, eps_clip=0.2] mlp_w32 from mlp_5 {context_source=uniform, contexts=256, group=5, learning_rate=0.0001, reference=initial, ppo_epochs=4, steps=10000, reward=potts_tfbind8}",1,models/port_grid3/entppo_b0.5/seed_1/finetune_mlp_5,0.788105108116128,2.317816901337696,10.333416200779924,3.7558629422835548,16.560344738860824,0.7900534988970526,0.08653270329897653,2.2392440142633445,0.17332862426960993,1.109250049698887,2.2675109686785415,2.4125726385329544,2.379068639846371,0.6174843049527657,19.463806939966044,0.9040439231813399,16.021449794766298,2.37905501273638,0.9999991483023225,1.0000000000000002,0.07506731501702064,8500.0,8.757533685752426,0.900914163228691,0.11683570411814975
"entppo[beta=0.5, gae_lambda=0.7, ppo_epochs=4, eps_clip=0.2] mlp_w32 from mlp_5 {context_source=uniform, contexts=256, group=5, learning_rate=0.0001, reference=initial, ppo_epochs=4, steps=10000, reward=potts_tfbind8}",1,models/port_grid3/entppo_b0.5/seed_1/finetune_mlp_5,0.7818791184049766,2.2658092957405946,10.416509463805138,3.8048015150204777,16.417258416086284,0.7816545629994265,0.08265822371507976,2.1678127666954614,0.17327519929547908,1.1337799634808001,2.195570553617114,2.3410879659909405,2.892656821201917,0.883206194608371,17.588070025114234,0.7733791669509368,7.31479026496671,2.892604141401105,0.9999967074528373,1.0000000000000002,0.07467006134286315,9000.0,8.71041384142501,0.8926441651960523,0.11598270356964654
"entppo[beta=0.5, gae_lambda=0.7, ppo_epochs=4, eps_clip=0.2] mlp_w32 from mlp_5 {context_source=uniform, contexts=256, group=5, learning_rate=0.0001, reference=initial, ppo_epochs=4, steps=10000, reward=potts_tfbind8}",1,models/port_grid3/entppo_b0.5/seed_1/finetune_mlp_5,0.7830972104185613,2.27091791584456,10.398869369889406,3.803170307242441,16.451783036465983,0.7841714005823333,0.08172221464558478,2.1730238246828675,0.17247783484107382,1.1159604592612513,2.2110807671012473,2.3455016595239413,2.9491889319472473,0.8938986045024707,17.55860830738809,0.7716033934658114,7.185341998407668,2.949120486720485,0.9999957220704954,1.0000000000000002,0.07291796463715353,9500.0,8.70710458212354,0.8935622100345408,0.11261686699077997
"entppo[beta=0.5, gae_lambda=0.7, ppo_epochs=4, eps_clip=0.2] mlp_w32 from mlp_5 {context_source=uniform, contexts=256, group=5, learning_rate=0.0001, reference=initial, ppo_epochs=4, steps=10000, reward=potts_tfbind8}",1,models/port_grid3/entppo_b0.5/seed_1/finetune_mlp_5,0.7866650485760021,2.293025966569919,10.42939771016569,3.818189364136921,16.443874880445115,0.7845493937450538,0.08092963168512526,2.1411260363397693,0.16827187014530764,1.0902375524483745,2.207850045417436,2.309397906485077,2.379327831680455,0.6193879007937224,19.459356071748726,0.9037459751237573,15.998796662287912,2.379314306185315,0.9999991546530208,1.0000000000000004,0.07364132096377295,10000.0,8.72030266423974,0.8924444453143487,0.1180493729605068
"entppo[beta=0.5, gae_lambda=0.7, ppo_epochs=4, eps_clip=0.2] mlp_w32 from mlp_5 {context_source=uniform, contexts=256, group=5, learning_rate=0.0001, reference=initial, ppo_epochs=4, steps=10000, reward=potts_tfbind8}",2,models/port_grid3/entppo_b0.5/seed_2/finetune_mlp_5,0.40089774494688835,0.0,15.58400929863198,7.3350796144291905,7.274364485999048,0.40059227009566606,2.2007286308340355,0.0,0.0,3.3845174252188786,0.0,0.0,4.896481007458549,1.5766628960892644,8.347072093028896,0.2951274947079451,0.0,0.36194497535363446,0.02441464572044008,1.0000000000000013,2.4505464727693775,0.0,1.8270649549340976,0.11713328142727052,0.7909839602924758
"entppo[beta=0.5, gae_lambda=0.7, ppo_epochs=4, eps_clip=0.2] mlp_w32 from mlp_5 {context_source=uniform, contexts=256, group=5, learning_rate=0.0001, reference=initial, ppo_epochs=4, steps=10000, reward=potts_tfbind8}",2,models/port_grid3/entppo_b0.5/seed_2/finetune_mlp_5,0.4030133588686516,0.0007322892816312089,15.578229140547624,7.308030669408155,7.357432767338954,0.4032598027688852,2.1483534410148324,0.0007327185682434855,0.00010594701866397283,3.3394634455939354,0.0007318276670063351,0.0008386655869074583,4.920691151579648,1.5859898348367745,8.365932737517232,0.2961940079712932,0.0011530255825610365,0.38763008825302736,0.02629594104050951,1.0000000000000013,2.4097441597664293,1.0,1.9091801962939352,0.12263128330003359,0.7859210102483061
"entppo[beta=0.5, gae_lambda=0.7, ppo_epochs=4, eps_clip=0.2] mlp_w32 from mlp_5 {context_source=uniform, contexts=256, group=5, learning_rate=0.0001, reference=initial, ppo_epochs=4, steps=10000, reward=potts_tfbind8}",2,models/port_grid3/entppo_b0.5/seed_2/finetune_mlp_5,0.40718248875959306,0.003062516939892723,15.579279379385511,7.292059834555653,7.459997661414608,0.40743781759445624,2.077437399324355,0.0031614646858921496,0.00033461304533733555,3.2764300394511237,0.003171437332213865,0.003496077731229485,5.564769116155662,1.7788574476489591,8.527272826701426,0.3054382742838428,0.03139804320659413,0.668667466244368,0.04709451690305771,1.000000000000001,2.3609013223938105,2.0,2.02946298518216,0.13069639433349045,0.778527581607078
"entppo[beta=0.5, gae_lambda=0.7, ppo_epochs=4, eps_clip=0.2] mlp_w32 from mlp_5 {context_source=uniform, contexts=256, group=5, learning_rate=0.0001, reference=initial, ppo_epochs=4, steps=10000, reward=potts_tfbind8}",2,models/port_grid3/entppo_b0.5/seed_2/finetune_mlp_5,0.41638135757094097,0.011991629307011874,15.577691035607266,7.267836843740125,7.660831619837747,0.41626647428789165,1.9432718696449731,0.011653923699559324,0.0010942571616482065,3.1520911941395666,0.011859880919907216,0.01274818086120753,5.6750699165411,1.814788805788899,8.658111331573952,0.31219803306281124,0.052442354402546604,0.8201773511791632,0.05949939024444341,1.0000000000000013,2.269172786769934,4.0,2.275220380622532,0.14729956833881247,0.7634971613602195
"entppo[beta=0.5, gae_lambda=0.7, ppo_epochs=4, eps_clip=0.2] mlp_w32 from mlp_5 {context_source=uniform, contexts=256, group=5, learning_rate=0.0001, reference=initial, ppo_epochs=4, steps=10000, reward=potts_tfbind8}",2,models/port_grid3/entppo_b0.5/seed_2/finetune_mlp_5,0.44112481013107746,0.0672881724902316,15.533045024015784,7.135130984354127,8.213535919663627,0.4387888491604283,1.6792013434439947,0.06272031375961093,0.005006843471887262,2.942848780649863,0.06471109523341811,0.06772715723149819,6.345967454296329,1.9717501130780626,11.785259730131644,0.47519262213082447,1.7598617584792577,2.6292364068594964,0.4300373948068731,1.000000000000001,2.045671851170505,8.0,2.932230182924384,0.19362657281699036,0.7229266474974329
"entppo[beta=0.5, gae_lambda=0.7, ppo_epochs=4, eps_clip=0.2] mlp_w32 from mlp_5 {context_source=uniform, contexts=256, group=5, learning_rate=0.0001, reference=initial, ppo_epochs=4, steps=10000, reward=potts_tfbind8}",2,models/port_grid3/entppo_b0.5/seed_2/finetune_mlp_5,0.5200668313317428,0.42447886142549124,15.09825223672268,6.599459759797156,9.935178574741851,0.5117930713198067,1.1837526643551886,0.38935591563324023,0.025880299420131037,2.58622409737328,0.4008710665466413,0.41523621505337127,2.779896953339281,0.7206902545133326,16.53933934662743,0.7079501045503865,3.797117136990754,2.54844105853235,0.9848766577518204,1.000000000000001,1.521010494944615,16.0,4.898407331369991,0.3503310618901845,0.5961680149283931
"entppo[beta=0.5, gae_lambda=0.7, ppo_epochs=4, eps_clip=0.2] mlp_w32 from mlp_5 {context_source=uniform, contexts=256, group=5, learning_rate=0.0001, reference=initial, ppo_epochs=4, steps=10000, reward=potts_tfbind8}",2,models/port_grid3/entppo_b0.5/seed_2/finetune_mlp_5,0.5959377669467857,0.871716743008814,14.409736299378563,5.974500807024654,11.731860689374134,0.5900088597200024,0.7707747290888157,0.7832587695543689,0.05468218228714883,2.1817668018648875,0.8183492913282021,0.8379409518415177,2.912989509939993,0.6914335362432703,16.813895070161003,0.724295459796614,4.7770434069013445,2.908716247457904,0.9997328226450946,1.0000000000000009,1.0401476624100319,32.0,6.849051813774416,0.5202898842454132,0.4767055994740922
"entppo[beta=0.5, gae_lambda=0.7, ppo_epochs=4, eps_clip=0.2] mlp_w32 from mlp_5 {context_source=uniform, contexts=256, group=5, learning_rate=0.0001, reference=initial, ppo_epochs=4, steps=10000, reward=potts_tfbind8}",2,models/port_grid3/entppo_b0.5/seed_2/finetune_mlp_5,0.6638901538035281,1.2849096644351188,13.609088569440702,5.40610223361741,13.312407565333826,0.658601760508691,0.4325387096029453,1.0586596449945151,0.08488357774246813,1.7655533139170847,1.1907194896395557,1.1435432227369833,3.460470301504534,0.9021728171796974,17.002928402507955,0.7381940348820447,5.4407878685348905,3.4590301349639017,0.9999099714332206,1.0000000000000009,0.6222444227415459,64.0,8.094215846219871,0.6512540867203096,0.36275355034496465
"entppo[beta=0.5, gae_lambda=0.7, ppo_epochs=4, eps_clip=0.2] mlp_w32 from mlp_5 {context_source=uniform, contexts=256, group=5, learning_rate=0.0001, reference=initial, ppo_epochs=4, steps=10000, reward=potts_tfbind8}",2,models/port_grid3/entppo_b0.5/seed_2/finetune_mlp_5,0.7061543878166685,1.6448622140625035,12.295757446527404,4.749537300879453,14.643467890332197,0.7107238492972741,0.26634505810270614,1.3748881848344188,0.12667564721165592,1.592180349575596,1.5738903127814052,1.5015638320460747,3.109091866823011,0.796230796040495,17.00028496067121,0.7350366955952933,5.198025763908607,3.1087488278410325,0.9999785588504436,1.0000000000000004,0.33988508338420165,128.0,8.434962026092824,0.7564578168338015,0.25463302870138277
"entppo[beta=0.5, gae_lambda=0.7, ppo_epochs=4, eps_clip=0.2] mlp_w32 from mlp_5 {context_source=uniform, contexts=256, group=5, learning_rate=0.0001, reference=initial, ppo_epochs=4, steps=10000, reward=potts_tfbind8}",2,models/port_grid3/entppo_b0.5/seed_2/finetune_mlp_5,0.7351524529595375,1.8853559970407239,11.432995957535075,4.326483488727903,15.46842784770223,0.7443152046521326,0.1828861578346553,1.6718087836944027,0.1666092061932538,1.4367993533059908,1.851472183591181,1.8384179898876565,3.0277889336831887,0.7745406082380366,17.083805515890656,0.7399087498287884,5.469320740764856,3.02767274044408,0.9999927377850626,1.0000000000000004,0.2049869755089641,256.0,8.553273032376266,0.8184994229595621,0.1803187545231515
"entppo[beta=0.5, gae_lambda=0.7, ppo_epochs=4, eps_clip=0.2] mlp_w32 from mlp_5 {context_source=uniform, contexts=256, group=5, learning_rate=0.0001, reference=initial, ppo_epochs=4, steps=10000, reward=potts_tfbind8}",2,models/port_grid3/entppo_b0.5/seed_2/finetune_mlp_5,0.7491651299423474,1.9744550166272057,11.236083643047413,4.197334993128963,15.768766199062625,0.7573193236995492,0.14053618168040757,1.8070814703702558,0.1877062784645478,1.2964126683348838,1.9502039244763767,1.9947877488348036,3.109603025772537,0.8585159032640232,17.252980611423947,0.7515220779862671,6.073113375732323,3.1095434850949983,0.999996278667283,1.0000000000000004,0.15354954071396124,500.0,8.76426392530359,0.8443471525599102,0.14742039128340872
"entppo[beta=0.5, gae_lambda=0.7, ppo_epochs=4, eps_clip=0.2] mlp_w32 from mlp_5 {context_source=uniform, contexts=256, group=5, learning_rate=0.0001, reference=initial, ppo_epochs=4, steps=10000, reward=potts_tfbind8}",2,models/port_grid3/entppo_b0.5/seed_2/finetune_mlp_5,0.7422913204903889,1.9223627977190207,11.286711249031917,4.228940103952749,15.625818371209304,0.7486606228847165,0.1401474876597433,1.7121793653106752,0.18694224577901597,1.3289873229194162,1.883638193594837,1.8991216110896911,2.9828442131705937,0.8131767541896335,17.232983631482494,0.7493167894806396,5.9502741790715215,2.982797440304523,0.9999970766709596,1.0000000000000002,0.15845772375908668,512.0,8.607147916297938,0.8309522447165597,0.1529912543030107
"entppo[beta=0.5, gae_lambda=0.7, ppo_epochs=4, eps_clip=0.2] mlp_w32 from mlp_5 {context_source=uniform, contexts=256, group=5, learning_rate=0.0001, reference=initial, ppo_epochs=4, steps=10000, reward=potts_tfbind8}",2,models/port_grid3/entppo_b0.5/seed_2/finetune_mlp_5,0.7626821698446219,2.1045893172537227,10.84534973793805,4.018284205875968,16.05093562454027,0.7681096027468466,0.12044968654976124,1.9212148617900002,0.20157176476589633,1.2448085393909933,2.0607571424783644,2.1227866265558966,2.4127393726041486,0.5745175938651121,19.575505028551113,0.9125907978307709,16.724606013578644,2.412720014969418,0.9999987901422088,1.0000000000000002,0.12301804597712235,1000.0,8.684741784342801,0.8639376824121562,0.13863345367353794
"entppo[beta=0.5, gae_lambda=0.7, ppo_epochs=4, eps_clip=0.2] mlp_w32 from mlp_5 {context_source=uniform, contexts=256, group=5, learning_rate=0.0001, reference=initial, ppo_epochs=4, steps=10000, reward=potts_tfbind8}",2,models/port_grid3/entppo_b0.5/seed_2/finetune_mlp_5,0.7592128542971631,2.0609042750783013,10.92975776247984,4.060874395842085,16.036560702747803,0.7685592050161598,0.11640810127661133,1.9453410903335864,0.19815797489516251,1.2104759181430778,2.052877466006544,2.143499065228749,2.3971454318769903,0.5603967976006741,19.606610574520634,0.9147259664825586,16.890410934600965,2.3971178657254977,0.9999982771023924,1.0000000000000004,0.1223258304015368,1024.0,8.740596194695556,0.8621703193861783,0.13208312572203737
"entppo[beta=0.5, gae_lambda=0.7, ppo_epochs=4, eps_clip=0.2] mlp_w32 from mlp_5 {context_source=uniform, contexts=256, group=5, learning_rate=0.0001, reference=initial, ppo_epochs=4, steps=10000, reward=potts_tfbind8}",2,models/port_grid3/entppo_b0.5/seed_2/finetune_mlp_5,0.7714210130265349,2.1760993891886797,10.67641385127527,3.9305100380154863,16.210021547051728,0.7747015002563293,0.11311941105658493,2.049897517306564,0.20106688145962748,1.2119641413586073,2.1278442659987884,2.2509643987661914,2.3739152968455124,0.5340395851711712,19.649620662134204,0.9181634364033942,17.15834315411249,2.373891220144172,0.9999984951958716,1.0000000000000002,0.1105622082418234,1500.0,8.742012311359803,0.8782895528839073,0.13688763495212183
"entppo[beta=0.5, gae_lambda=0.7, ppo_epochs=4, eps_clip=0.2] mlp_w32 from mlp_5 {context_source=uniform, contexts=256, group=5, learning_rate=0.0001, reference=initial, ppo_epochs=4, steps=10000, reward=potts_tfbind8}",2,models/port_grid3/entppo_b0.5/seed_2/finetune_mlp_5,0.7707052919286137,2.1703564228838608,10.74184931890099,3.958959709964971,16.15964292864566,0.7719498267746947,0.10438886955412735,2.019344654973158,0.19395491765056105,1.200394370537835,2.096898464967602,2.2132995726237192,2.4764835177974156,0.5917455136286768,19.57586593144996,0.9130935549076685,16.78885990742218,2.4764624460596885,0.9999986830102634,1.0000000000000002,0.10480571641366662,2000.0,8.739750596962658,0.873918967104912,0.12807369449054937
"entppo[beta=0.5, gae_lambda=0.7, ppo_epochs=4, eps_clip=0.2] mlp_w32 from mlp_5 {context_source=uniform, contexts=256, group=5, learning_rate=0.0001, reference=initial, ppo_epochs=4, steps=10000, reward=potts_tfbind8}",2,models/port_grid3/entppo_b0.5/seed_2/finetune_mlp_5,0.7763519327508379,2.222095667171106,10.708228045355801,3.9340978005032237,16.21179264849115,0.7747519812502793,0.10610704441410802,2.031174430964205,0.1957617838026815,1.1985101313980386,2.1226294243417043,2.2269362147668863,2.177471842293154,0.486625997671092,19.66407205136626,0.9178085060942106,17.048827250140175,2.1774614402695063,0.9999993498717431,1.0000000000000002,0.1044618158650187,2048.0,8.745162861604785,0.8763607099658506,0.1261903803782225
"entppo[beta=0.5, gae_lambda=0.7, ppo_epochs=4, eps_clip=0.2] mlp_w32 from mlp_5 {context_source=uniform, contexts=256, group=5, learning_rate=0.0001, reference=initial, ppo_epochs=4, steps=10000, reward=potts_tfbind8}",2,models/port_grid3/entppo_b0.5/seed_2/finetune_mlp_5,0.7729577191406641,2.1812380094296038,10.719507256912827,3.938399741119394,16.18606384532909,0.7726402629514525,0.10256667422217781,2.0309209899530485,0.1908450485691504,1.194124366817248,2.1056051289399798,2.221766038522199,2.301364795225398,0.5657295260978488,19.552997337312778,0.9101413905859372,16.490416599794003,2.301348328073464,0.9999989707988832,1.0000000000000004,0.10030192204432828,2500.0,8.751839875120181,0.8760996373340196,0.12064307041567826
"entppo[beta=0.5, gae_lambda=0.7, ppo_epochs=4, eps_clip=0.2] mlp_w32 from mlp_5 {context_source=uniform, contexts=256, group=5, learning_rate=0.0001, reference=initial, ppo_epochs=4, steps=10000, reward=potts_tfbind8}",2,models/port_grid3/entppo_b0.5/seed_2/finetune_mlp_5,0.7740103502738965,2.182795436138172,10.637741846347108,3.906887460899289,16.284525241316288,0.7781597628083703,0.09988677812368235,2.0697228186448946,0.18896869554150708,1.15843246982548,2.1502569575362034,2.2586915141864017,2.2743545953876847,0.5455144877005971,19.583472106238567,0.9122967295767723,16.645408195004084,2.2743426790985395,0.9999992552299395,1.0000000000000002,0.09572305264695352,3000.0,8.75205242505176,0.8812943251301661,0.12309915844894415
"entppo[beta=0.5, gae_lambda=0.7, ppo_epochs=4, eps_clip=0.2] mlp_w32 from mlp_5 {context_source=uniform, contexts=256, group=5, learning_rate=0.0001, reference=initial, ppo_epochs=4, steps=10000, reward=potts_tfbind8}",2,models/port_grid3/entppo_b0.5/seed_2/finetune_mlp_5,0.7746135402030931,2.2129053617345504,10.574348910151576,3.8901536967009047,16.246844907259035,0.7745253040030651,0.09866797910345249,2.041605355990776,0.18811886668749667,1.1886733182745246,2.129768538854672,2.2297242226782727,2.2658131449285843,0.5511048964743707,19.56009267951189,0.9104978116109048,16.51370904767922,2.265803596888389,0.9999994032460701,1.0000000000000004,0.09407480099405179,3500.0,8.652140018455167,0.8789601702717462,0.12775011285405974
"entppo[beta=0.5, gae_lambda=0.7, ppo_epochs=4, eps_clip=0.2] mlp_w32 from mlp_5 {context_source=uniform, contexts=256, group=5, learning_rate=0.0001, reference=initial, ppo_epochs=4, steps=10000, reward=potts_tfbind8}",2,models/port_grid3/entppo_b0.5/seed_2/finetune_mlp_5,0.7834446923467673,2.284438780278224,10.401188405781747,3.8183466500785985,16.399609835166185,0.7823507103654003,0.09979783086348415,2.1254223296705193,0.1836705123442801,1.1526883048322922,2.2049369928657714,2.3090928420147994,2.293035618312645,0.5346683459945303,19.62960267619353,0.9155315564233277,16.89774564396403,2.293026537219082,0.9999994324303538,1.0000000000000004,0.09286079105157712,4000.0,8.603508319098973,0.8868316948274266,0.12946870517405615
"entppo[beta=0.5, gae_lambda=0.7, ppo_epochs=4, eps_clip=0.2] mlp_w32 from mlp_5 {context_source=uniform, contexts=256, group=5, learning_rate=0.0001, reference=initial, ppo_epochs=4, steps=10000, reward=potts_tfbind8}",2,models/port_grid3/entppo_b0.5/seed_2/finetune_mlp_5,0.7824419798109779,2.2758205279403736,10.4741736102846,3.824154265267828,16.40427680162725,0.7825024608379115,0.09719479791457483,2.1487630214778743,0.18677394565936556,1.171351598003719,2.203975802240796,2.33553696713724,2.316737378150151,0.5669185552332795,19.556131112991327,0.9104566582478507,16.49886105296483,2.3167252155990674,0.9999992398382731,0.9999999999999999,0.08956611719606937,4096.0,8.717148213757458,0.8894548624032559,0.12128636299800215
"entppo[beta=0.5, gae_lambda=0.7, ppo_epochs=4, eps_clip=0.2] mlp_w32 from mlp_5 {context_source=uniform, contexts=256, group=5, learning_rate=0.0001, reference=initial, ppo_epochs=4, steps=10000, reward=potts_tfbind8}",2,models/port_grid3/entppo_b0.5/seed_2/finetune_mlp_5,0.7841447899427537,2.305612291568207,10.315558617655581,3.7615745797448104,16.51157511932447,0.7875727498003635,0.10257011303187,2.2114069928696236,0.1800216399079182,1.1787482768143773,2.256781826243792,2.391428632777542,2.253566334898432,0.5459329563820361,19.570190313585854,0.9112233104135566,16.56097737094298,2.2535550749145288,0.9999992962487673,1.0000000000000004,0.08872298235045585,4500.0,8.683154238299947,0.8973527186319679,0.12701635660620764
"entppo[beta=0.5, gae_lambda=0.7, ppo_epochs=4, eps_clip=0.2] mlp_w32 from mlp_5 {context_source=uniform, contexts=256, group=5, learning_rate=0.0001, reference=initial, ppo_epochs=4, steps=10000, reward=potts_tfbind8}",2,models/port_grid3/entppo_b0.5/seed_2/finetune_mlp_5,0.7824266384513012,2.293643866121801,10.305086959887353,3.7627366157945223,16.53775100140888,0.7891657888869021,0.09835899665106215,2.2340563407379834,0.18298374573677334,1.1435496082719876,2.26591677469753,2.4170400864747568,2.579123834500124,0.6708105157369318,19.442676855950307,0.9039292952859285,16.122782942117382,2.5791100199209045,0.9999991365851296,1.0000000000000007,0.0847699897619837,5000.0,8.714512056453536,0.9000529460657043,0.12442194224486496
"entppo[beta=0.5, gae_lambda=0.7, ppo_epochs=4, eps_clip=0.2] mlp_w32 from mlp_5 {context_source=uniform, contexts=256, group=5, learning_rate=0.0001, reference=initial, ppo_epochs=4, steps=10000, reward=potts_tfbind8}",2,models/port_grid3/entppo_b0.5/seed_2/finetune_mlp_5,0.7902823636235667,2.3441032968492577,10.331761040854396,3.785270644064463,16.52468024231204,0.7893943154890766,0.0938015331366795,2.1913903318413017,0.18215838606313772,1.1138629430476727,2.258294905468592,2.3735487179044394,2.160773847020332,0.4883366259802967,19.648274517469854,0.9165565192593454,16.955323311303545,2.160770463557279,0.9999997885334565,1.0000000000000002,0.08368350008146558,5500.0,8.652467670051319,0.8943640024702354,0.12280599570938076
"entppo[beta=0.5, gae_lambda=0.7, ppo_epochs=4, eps_clip=0.2] mlp_w32 from mlp_5 {context_source=uniform, contexts=256, group=5, learning_rate=0.0001, reference=initial, ppo_epochs=4, steps=10000, reward=potts_tfbind8}",2,models/port_grid3/entppo_b0.5/seed_2/finetune_mlp_5,0.7842799385747306,2.3099318332675103,10.34974924884853,3.773532428089153,16.503223451887035,0.786841421304961,0.09374347432004512,2.2041811481931153,0.18185836170707503,1.1393235295444533,2.2451009510906816,2.3860395099001903,2.2598905035386774,0.5332633322284513,19.60575337419531,0.9136955120748017,16.756493453568936,2.2598881212121853,0.9999998511045572,1.0000000000000002,0.08121794091605289,6000.0,8.707513748133808,0.8967243380580122,0.1189922263454054
"entppo[beta=0.5, gae_lambda=0.7, ppo_epochs=4, eps_clip=0.2] mlp_w32 from mlp_5 {context_source=uniform, contexts=256, group=5, learning_rate=0.0001, reference=initial, ppo_epochs=4, steps=10000, reward=potts_tfbind8}",2,models/port_grid3/entppo_b0.5/seed_2/finetune_mlp_5,0.7842590734359397,2.280067424346427,10.471113412016605,3.8365054143850528,16.40037742603191,0.7826999709136288,0.08823706856272144,2.1230816133171397,0.1779453062065719,1.1267464543484,2.193981716627063,2.3010269195237116,2.266757293342275,0.5516757373561902,19.562396370986505,0.9107600230698781,16.517177417937365,2.2667444388181646,0.9999991965890705,1.0000000000000002,0.08152171938000789,6500.0,8.695017886686827,0.888212682726278,0.12158015666887056
"entppo[beta=0.5, gae_lambda=0.7, ppo_epochs=4, eps_clip=0.2] mlp_w32 from mlp_5 {context_source=uniform, contexts=256, group=5, learning_rate=0.0001, reference=initial, ppo_epochs=4, steps=10000, reward=potts_tfbind8}",2,models/port_grid3/entppo_b0.5/seed_2/finetune_mlp_5,0.7899776105357295,2.355427858122993,10.271847185760144,3.7521710490081333,16.522969629872062,0.7874255492794947,0.08980944064844665,2.186880229281117,0.18115353078965768,1.1303980498338075,2.252257562060074,2.368033760070775,2.2152661361116817,0.5175828937713278,19.613649570986244,0.9142190507665267,16.775581454355365,2.2152574073626865,0.9999994544518157,1.0000000000000002,0.07850146289294196,7000.0,8.630427256818649,0.8967512523735447,0.12033882225570086
"entppo[beta=0.5, gae_lambda=0.7, ppo_epochs=4, eps_clip=0.2] mlp_w32 from mlp_5 {context_source=uniform, contexts=256, group=5, learning_rate=0.0001, reference=initial, ppo_epochs=4, steps=10000, reward=potts_tfbind8}",2,models/port_grid3/entppo_b0.5/seed_2/finetune_mlp_5,0.7874575340651095,2.3300778961755344,10.363321212127808,3.7903439002559343,16.48509192428268,0.7862074688198706,0.08705878670682171,2.178487907842506,0.17456005799850294,1.1151924393670618,2.232379286362269,2.353047965841009,2.2289753886178802,0.5323919797163217,19.58598773457348,0.9122568480503174,16.639421187169958,2.228971805726837,0.9999997760691994,1.0000000000000002,0.0775620399898187,7500.0,8.700373271709505,0.8954199150644475,0.11648286699579338
"entppo[beta=0.5, gae_lambda=0.7, ppo_epochs=4, eps_clip=0.2] mlp_w32 from mlp_5 {context_source=uniform, contexts=256, group=5, learning_rate=0.0001, reference=initial, ppo_epochs=4, steps=10000, reward=potts_tfbind8}",2,models/port_grid3/entppo_b0.5/seed_2/finetune_mlp_5,0.7982195763875566,2.4456366880495497,10.086909179143866,3.6766746553145113,16.70375071898456,0.7971207282886718,0.09723854646695497,2.2990324072800137,0.1790906854885037,1.1081165603265646,2.3451952016653808,2.4781230927685174,1.4592205041945268,0.17639508028354697,20.039548075796088,0.9441458514463515,19.156376640235823,1.459219378842418,0.999999929665478,1.0000000000000004,0.08104855794200312,8000.0,8.605889567439897,0.9069664964523156,0.12918379830367843
"entppo[beta=0.5, gae_lambda=0.7, ppo_epochs=4, eps_clip=0.2] mlp_w32 from mlp_5 {context_source=uniform, contexts=256, group=5, learning_rate=0.0001, reference=initial, ppo_epochs=4, steps=10000, reward=potts_tfbind8}",2,models/port_grid3/entppo_b0.5/seed_2/finetune_mlp_5,0.7950902794376302,2.409173335443421,10.156364780677503,3.722485093970369,16.625170626674368,0.7934479258315811,0.09053505995026354,2.230053456595843,0.17267165844865362,1.0965548687993367,2.3028009775351728,2.402725115044497,1.3271366511344111,0.13398218739879006,20.047590815540268,0.9444645594609445,19.131837304054116,1.3271354813819465,0.9999999268904535,1.0000000000000002,0.0779443799668805,8500.0,8.580472765875653,0.900946421852935,0.12414304745025861
"entppo[beta=0.5, gae_lambda=0.7, ppo_epochs=4, eps_clip=0.2] mlp_w32 from mlp_5 {context_source=uniform, contexts=256, group=5, learning_rate=0.0001, reference=initial, ppo_epochs=4, steps=10000, reward=potts_tfbind8}",2,models/port_grid3/entppo_b0.5/seed_2/finetune_mlp_5,0.7882196980435797,2.3430274706567293,10.326240041504931,3.766281642818574,16.529469781711608,0.7882334180992284,0.08892201062334501,2.203525813693577,0.17537130952229818,1.12007244195777,2.2530724588396147,2.378897123215875,2.3184764917708676,0.5599470755832654,19.583205489376628,0.9123140948860929,16.641435835822808,2.3184641667466916,0.9999992296831565,0.9999999999999999,0.07606628375270387,9000.0,8.69603864788686,0.8974925797095259,0.11327960790787629
"entppo[beta=0.5, gae_lambda=0.7, ppo_epochs=4, eps_clip=0.2] mlp_w32 from mlp_5 {context_source=uniform, contexts=256, group=5, learning_rate=0.0001, reference=initial, ppo_epochs=4, steps=10000, reward=potts_tfbind8}",2,models/port_grid3/entppo_b0.5/seed_2/finetune_mlp_5,0.7935822390965465,2.379521401626661,10.33544328199584,3.765829441082603,16.577261935578246,0.7915850830258266,0.0861135089682376,2.2166605213217836,0.16820621642700706,1.097232481229711,2.275289217089616,2.3848667377487907,1.740734899163371,0.2738704934866341,19.968978887888966,0.9393348867806176,18.759186668322876,1.7407336545684844,0.9999999222128048,1.0,0.07438696506938983,9500.0,8.739248572803481,0.8996557746397245,0.1124268166599482
"entppo[beta=0.5, gae_lambda=0.7, ppo_epochs=4, eps_clip=0.2] mlp_w32 from mlp_5 {context_source=uniform, contexts=256, group=5, learning_rate=0.0001, reference=initial, ppo_epochs=4, steps=10000, reward=potts_tfbind8}",2,models/port_grid3/entppo_b0.5/seed_2/finetune_mlp_5,0.7902725074320793,2.356534468467574,10.286462832033445,3.768657734353496,16.530438890175432,0.7885738352831231,0.08660760804876397,2.173380509907702,0.17234707832143226,1.0953765918574192,2.2528965190926855,2.3457275882291344,1.5817742202413227,0.2222808829149301,19.969903319172094,0.9390160878821857,18.671388397362584,1.58177124263664,0.9999998138995921,1.0000000000000002,0.07540578977386599,10000.0,8.617151037987862,0.8949842529384915,0.11900991677150635
"espo[kappa=0.05, mask_scheme=comp, mask_samples=4, rollout=uniform, rollout_temperature=1.0] mlp_w32 from mlp_5 {context_source=uniform, contexts=256, group=5, learning_rate=0.0001, reference=initial, ppo_epochs=1, steps=10000, reward=potts_tfbind8}",1,models/port_grid3/espo/seed_1/finetune_mlp_5,0.40089774494688835,0.0,15.58400929863198,7.3350796144291905,7.274364485999048,0.40059227009566606,4.745069725420644,0.0,0.0,3.3845174252188786,0.0,0.0,4.896481007458549,1.5766628960892644,8.347072093028896,0.2951274947079451,0.0,0.36194497535363446,0.02441464572044008,1.0000000000000013,13.929252511546688,0.0,1.8270649549340976,0.11713328142727052,0.9521731131251499
"espo[kappa=0.05, mask_scheme=comp, mask_samples=4, rollout=uniform, rollout_temperature=1.0] mlp_w32 from mlp_5 {context_source=uniform, contexts=256, group=5, learning_rate=0.0001, reference=initial, ppo_epochs=1, steps=10000, reward=potts_tfbind8}",1,models/port_grid3/espo/seed_1/finetune_mlp_5,0.40181487659163984,6.788847489662636e-05,15.584128400643495,7.332078407258706,7.297874046468067,0.4015748227993653,4.730265398766846,6.816347591202658e-05,6.74188894888699e-06,3.3734358039011036,6.818431910931579e-05,7.490536486091357e-05,4.90625920126581,1.5820651978396167,8.35650087378101,0.2956618832369484,0.00016314744192607154,0.3702483980873942,0.025002430212704905,1.0000000000000013,13.89405635516226,1.0,1.8507513960060615,0.11872081664119982,0.9515258064012483
"espo[kappa=0.05, mask_scheme=comp, mask_samples=4, rollout=uniform, rollout_temperature=1.0] mlp_w32 from mlp_5 {context_source=uniform, contexts=256, group=5, learning_rate=0.0001, reference=initial, ppo_epochs=1, steps=10000, reward=potts_tfbind8}",1,models/port_grid3/espo/seed_1/finetune_mlp_5,0.40265835377964104,0.0002489533905733455,15.584509793709158,7.329071993366417,7.32184917420105,0.4025675832856881,4.71607954817857,0.00025832863246735274,2.4673333379895425e-05,3.3625938721763475,0.0002586171229786824,0.00028300196584724816,4.913188056649879,1.5842903138643738,8.381475879971513,0.2969374636151132,0.0007926345700584817,0.39669769815388845,0.027026024676838133,1.0000000000000013,13.858284096366654,2.0,1.8750263019369804,0.12035163457718878,0.9508591352441981
"espo[kappa=0.05, mask_scheme=comp, mask_samples=4, rollout=uniform, rollout_temperature=1.0] mlp_w32 from mlp_5 {context_source=uniform, contexts=256, group=5, learning_rate=0.0001, reference=initial, ppo_epochs=1, steps=10000, reward=potts_tfbind8}",1,models/port_grid3/espo/seed_1/finetune_mlp_5,0.4043260377358001,0.0008659302059602176,15.583747891868738,7.321164906918486,7.369326196581055,0.4044610370618987,4.686330429708824,0.0009073370783169829,8.493565690005254e-05,3.339179123381823,0.0009101872352433498,0.0009922727352170355,4.908722468375369,1.5845600832053257,8.401075942301333,0.2979428601542859,0.0019594397832867418,0.4122542369618025,0.028187120191890267,1.000000000000001,13.787720132908913,4.0,1.9247631812200519,0.12369841455028399,0.9494721487025359
"espo[kappa=0.05, mask_scheme=comp, mask_samples=4, rollout=uniform, rollout_temperature=1.0] mlp_w32 from mlp_5 {context_source=uniform, contexts=256, group=5, learning_rate=0.0001, reference=initial, ppo_epochs=1, steps=10000, reward=potts_tfbind8}",1,models/port_grid3/espo/seed_1/finetune_mlp_5,0.4073701768963852,0.0032194210149400927,15.579036540597258,7.297694540307861,7.4643789966689,0.4079530960499703,4.638813487806888,0.0034213106957231374,0.00030660983310662384,3.30220244764827,0.003440539006033698,0.0037279205288297613,4.936669356904281,1.5962681987758356,8.45224723625574,0.3005832130452337,0.004855099787467787,0.47010339946041957,0.032782002010623,1.0000000000000013,13.647671284547933,8.0,2.0203617690945324,0.13021302569213433,0.9466287481846136
"espo[kappa=0.05, mask_scheme=comp, mask_samples=4, rollout=uniform, rollout_temperature=1.0] mlp_w32 from mlp_5 {context_source=uniform, contexts=256, group=5, learning_rate=0.0001, reference=initial, ppo_epochs=1, steps=10000, reward=potts_tfbind8}",1,models/port_grid3/espo/seed_1/finetune_mlp_5,0.41413244561121265,0.012037837522232411,15.567876988304874,7.249068560491164,7.659259576867447,0.4153271039167239,4.5385858449619665,0.012864873704782972,0.0010865938409297029,3.224242506077616,0.012999655955951974,0.013951467545712675,4.822348395645438,1.570376788829325,8.619085374780958,0.3087254572884719,0.026037255533585605,0.5915199607333832,0.04205232691058418,1.0000000000000013,13.364909531200038,16.0,2.2233348939917184,0.144197702838135,0.9404031447188408
"espo[kappa=0.05, mask_scheme=comp, mask_samples=4, rollout=uniform, rollout_temperature=1.0] mlp_w32 from mlp_5 {context_source=uniform, contexts=256, group=5, learning_rate=0.0001, reference=initial, ppo_epochs=1, steps=10000, reward=potts_tfbind8}",1,models/port_grid3/espo/seed_1/finetune_mlp_5,0.4288134806168708,0.045189516302810755,15.536464564538118,7.145667775104509,8.052537416514628,0.4306916059424998,4.358110440147122,0.04719785033150791,0.0037593034833527036,3.0935148342768217,0.04818845685434963,0.050957153814860615,6.951545352795645,2.1357423735800904,10.7910461097432,0.42476825455561623,1.1791804436523343,2.3298682364766274,0.3123561586390063,1.0000000000000013,12.810181572627666,32.0,2.65121650976925,0.17446783311176994,0.9342992306924361
"espo[kappa=0.05, mask_scheme=comp, mask_samples=4, rollout=uniform, rollout_temperature=1.0] mlp_w32 from mlp_5 {context_source=uniform, contexts=256, group=5, learning_rate=0.0001, reference=initial, ppo_epochs=1, steps=10000, reward=potts_tfbind8}",1,models/port_grid3/espo/seed_1/finetune_mlp_5,0.46012732228401343,0.15125893482691488,15.443607270683628,6.967578031851303,8.83547802774029,0.46493042399833684,3.9364927805764536,0.15412302287122898,0.012577571896162792,2.8162438078491996,0.16047942585206454,0.16670059476739177,4.166723945270199,1.2046090117838582,15.613143180927866,0.6641369482133034,3.2300736218073243,2.7303871029471773,0.8847555058124958,1.0000000000000009,11.748061624786878,64.0,3.5671737486098944,0.24125789960371136,0.9214936240805298
"espo[kappa=0.05, mask_scheme=comp, mask_samples=4, rollout=uniform, rollout_temperature=1.0] mlp_w32 from mlp_5 {context_source=uniform, contexts=256, group=5, learning_rate=0.0001, reference=initial, ppo_epochs=1, steps=10000, reward=potts_tfbind8}",1,models/port_grid3/espo/seed_1/finetune_mlp_5,0.5244291962216284,0.4543957090928,15.1110860162302,6.556353676578792,10.324759268934855,0.5315720737491054,3.1525472127392518,0.4286686223308098,0.036806599317231126,2.3649338120273695,0.4577352968279951,0.46547522164804095,2.4831617399689487,0.5825204125429188,16.657893952539606,0.7133748074154835,4.056388239404054,2.3951958322058244,0.9944561964146671,1.0000000000000009,9.811395633970964,128.0,5.343560054375378,0.37847496955858884,0.8955250363144323
"espo[kappa=0.05, mask_scheme=comp, mask_samples=4, rollout=uniform, rollout_temperature=1.0] mlp_w32 from mlp_5 {context_source=uniform, contexts=256, group=5, learning_rate=0.0001, reference=initial, ppo_epochs=1, steps=10000, reward=potts_tfbind8}",1,models/port_grid3/espo/seed_1/finetune_mlp_5,0.6149569524597489,0.9917843676577884,14.423000650442429,5.9419792807984155,12.270275600028752,0.6209688374763755,2.075430928671575,0.8569578111735863,0.0841250997416283,1.843676614668217,0.9432598927488931,0.9410829109152146,4.298284223729485,1.4380957401345464,16.977149099250042,0.7848961972052445,13.73668789268181,4.29281648643795,0.999657732443747,1.0000000000000004,7.378645733251003,256.0,7.352367010034082,0.5521567271564735,0.8210583137048674
"espo[kappa=0.05, mask_scheme=comp, mask_samples=4, rollout=uniform, rollout_temperature=1.0] mlp_w32 from mlp_5 {context_source=uniform, contexts=256, group=5, learning_rate=0.0001, reference=initial, ppo_epochs=1, steps=10000, reward=potts_tfbind8}",1,models/port_grid3/espo/seed_1/finetune_mlp_5,0.6973483322581736,1.652334953838875,13.002657756432768,5.103255127318233,14.204580193561045,0.7053897285088054,1.3263137353391392,1.3739280084907701,0.1703894064466569,1.5969728524934768,1.550663872175853,1.544317414937427,2.44994224153867,0.5512085075435892,19.822372951867816,0.9346349344983295,19.152303259575397,2.44982069051703,0.9999924027249372,1.0000000000000009,5.084592822379522,500.0,8.398041030338243,0.709352630099026,0.6997800615498287
"espo[kappa=0.05, mask_scheme=comp, mask_samples=4, rollout=uniform, rollout_temperature=1.0] mlp_w32 from mlp_5 {context_source=uniform, contexts=256, group=5, learning_rate=0.0001, reference=initial, ppo_epochs=1, steps=10000, reward=potts_tfbind8}",1,models/port_grid3/espo/seed_1/finetune_mlp_5,0.6986496216295227,1.6537815059326326,12.969629939856237,5.085129410526729,14.238269357738236,0.7064250244574842,1.3084429387366985,1.376348918865807,0.1707228881396048,1.5945016688474176,1.5551043597429215,1.5470718070054117,2.4562922379029266,0.5451434872036222,19.82114259841928,0.9346186374178042,19.120406652510503,2.456166566908584,0.9999921451920822,1.0000000000000004,5.038499563680803,512.0,8.402974171250133,0.7117634486579499,0.6974529995941363
"espo[kappa=0.05, mask_scheme=comp, mask_samples=4, rollout=uniform, rollout_temperature=1.0] mlp_w32 from mlp_5 {context_source=uniform, contexts=256, group=5, learning_rate=0.0001, reference=initial, ppo_epochs=1, steps=10000, reward=potts_tfbind8}",1,models/port_grid3/espo/seed_1/finetune_mlp_5,0.7525323639214435,2.222488037571762,10.99103197951552,4.1808648121763685,15.94182804056005,0.7807344053919523,0.8268509995853117,2.0348231594751094,0.3761058924686176,1.4664220750293246,2.2383285227999425,2.410929051943727,1.8157152670034276,0.2982526318249287,19.987782210496704,0.942207376140454,19.258793195484746,1.8157026028804306,0.9999992084882445,1.0000000000000004,3.1663857025051034,1000.0,8.380335954471034,0.8358564534076237,0.5655075191234423
"espo[kappa=0.05, mask_scheme=comp, mask_samples=4, rollout=uniform, rollout_temperature=1.0] mlp_w32 from mlp_5 {context_source=uniform, contexts=256, group=5, learning_rate=0.0001, reference=initial, ppo_epochs=1, steps=10000, reward=potts_tfbind8}",1,models/port_grid3/espo/seed_1/finetune_mlp_5,0.7606997035302673,2.292685436884272,10.780841813989504,4.101045211109823,16.079649968490436,0.7874220310757153,0.7807529957450592,2.0806916680518075,0.38037511478675023,1.4558989989698574,2.3105947943097838,2.4610667828385577,1.5629090104094665,0.20205733604122722,20.03866305324381,0.944441547370152,19.34080811977459,1.5629077633989379,0.9999999220618173,1.0000000000000004,3.0319190821193915,1024.0,8.292225223260216,0.8435795916768665,0.5498997750247475
"espo[kappa=0.05, mask_scheme=comp, mask_samples=4, rollout=uniform, rollout_temperature=1.0] mlp_w32 from mlp_5 {context_source=uniform, contexts=256, group=5, learning_rate=0.0001, reference=initial, ppo_epochs=1, steps=10000, reward=potts_tfbind8}",1,models/port_grid3/espo/seed_1/finetune_mlp_5,0.7463146697187129,2.3043044298744877,10.475161297227078,3.955835464436154,16.353351762358518,0.8005630494479348,0.7291791642183374,2.2575384750075935,0.6092115815087764,1.3714036378664825,2.444180716416381,2.86675005651637,1.7115779975194592,0.2635900215701856,20.01180334878696,0.9432277684995469,19.31889518220037,1.7115747083582904,0.9999997944272027,1.0000000000000004,2.7549523134238396,1500.0,8.283143498462064,0.8622691637503829,0.5310953029527283
"espo[kappa=0.05, mask_scheme=comp, mask_samples=4, rollout=uniform, rollout_temperature=1.0] mlp_w32 from mlp_5 {context_source=uniform, contexts=256, group=5, learning_rate=0.0001, reference=initial, ppo_epochs=1, steps=10000, reward=potts_tfbind8}",1,models/port_grid3/espo/seed_1/finetune_mlp_5,0.7381379800599418,2.430716396695648,10.496193293643044,3.941346456530732,16.430412674369382,0.8066896675508768,0.7203579642791588,2.420142072485239,0.9424744816214887,1.2901292305827208,2.502219953514755,3.3626165541067277,1.6893190647892231,0.2555157963952334,20.016951440101383,0.9434511416346305,19.347423679531246,1.6893181442014125,0.9999999424632456,1.0000000000000004,2.6974001825059224,2000.0,8.41479334114463,0.8692125236612704,0.5286011096662483
"espo[kappa=0.05, mask_scheme=comp, mask_samples=4, rollout=uniform, rollout_temperature=1.0] mlp_w32 from mlp_5 {context_source=uniform, contexts=256, group=5, learning_rate=0.0001, reference=initial, ppo_epochs=1, steps=10000, reward=potts_tfbind8}",1,models/port_grid3/espo/seed_1/finetune_mlp_5,0.7409680001276397,2.516551820283229,10.294924309173165,3.8531033864512336,16.542739429054947,0.8124058513551035,0.701971051879152,2.524740900770123,1.0100582912018181,1.3174356573660388,2.5858911795322364,3.534799191971941,1.6095782668157166,0.22128335156435028,20.03091760762278,0.944089328459086,19.337501133792948,1.6095773508304452,0.9999999427509036,1.0000000000000002,2.6125812764950527,2048.0,8.348137058741006,0.8777090145732627,0.523724486670002
"espo[kappa=0.05, mask_scheme=comp, mask_samples=4, rollout=uniform, rollout_temperature=1.0] mlp_w32 from mlp_5 {context_source=uniform, contexts=256, group=5, learning_rate=0.0001, reference=initial, ppo_epochs=1, steps=10000, reward=potts_tfbind8}",1,models/port_grid3/espo/seed_1/finetune_mlp_5,0.7333771157145108,2.5673915464186736,10.752843705397153,4.005820832432878,16.36795510793182,0.8061575140295437,0.760235011968352,2.51463534617126,1.2707455372093737,1.2452866352680907,2.4847159429508046,3.7853808833806335,1.6407591365813774,0.23424546855499734,20.025808298361873,0.9438551633080106,19.342793355354615,1.6407582565325638,0.9999999449969315,1.0000000000000004,2.773582521598332,2500.0,8.65663906360549,0.8681677307101057,0.5483679778932797
"espo[kappa=0.05, mask_scheme=comp, mask_samples=4, rollout=uniform, rollout_temperature=1.0] mlp_w32 from mlp_5 {context_source=uniform, contexts=256, group=5, learning_rate=0.0001, reference=initial, ppo_epochs=1, steps=10000, reward=potts_tfbind8}",1,models/port_grid3/espo/seed_1/finetune_mlp_5,0.751058271675979,2.900347253964991,10.76164806256155,3.9759748090686244,16.517706698125842,0.8179825851660598,0.7561498036280636,2.808759703023099,1.7036149373656309,1.2102941027283562,2.6037859938404857,4.51237464038873,1.619697407870279,0.2249861417053458,20.02977526766056,0.9440332691734189,19.348374518454637,1.61969668275279,0.9999999546801462,1.0000000000000002,2.668025187196963,3000.0,8.918711893594866,0.8842812622291311,0.5477216680854607
"espo[kappa=0.05, mask_scheme=comp, mask_samples=4, rollout=uniform, rollout_temperature=1.0] mlp_w32 from mlp_5 {context_source=uniform, contexts=256, group=5, learning_rate=0.0001, reference=initial, ppo_epochs=1, steps=10000, reward=potts_tfbind8}",1,models/port_grid3/espo/seed_1/finetune_mlp_5,0.7519413962487573,3.099855283037183,10.989985387664806,4.049142662117872,16.39756568854734,0.8139987414423457,0.8022591612595378,2.8225145525952255,1.9199922592695593,1.193593147039651,2.5667686689318185,4.742506811864785,1.5859947123013138,0.21112492731684443,20.035192092240646,0.9442802041347139,19.343833229645053,1.5859940204890899,0.9999999567617268,1.0000000000000002,2.8112193766560294,3500.0,9.057173351547657,0.8785108614042704,0.5671490076507385
"espo[kappa=0.05, mask_scheme=comp, mask_samples=4, rollout=uniform, rollout_temperature=1.0] mlp_w32 from mlp_5 {context_source=uniform, contexts=256, group=5, learning_rate=0.0001, reference=initial, ppo_epochs=1, steps=10000, reward=potts_tfbind8}",1,models/port_grid3/espo/seed_1/finetune_mlp_5,0.7654550170992399,3.185416527493503,11.226899305543373,4.152633136032164,16.322040532012842,0.8125312288582616,0.8328277154304715,2.8171501094164704,2.078998570710027,1.1352933803084582,2.523324037582252,4.8961486801264975,1.750691249338728,0.2861366264943205,20.00368617600092,0.9428424300410078,19.375406146712205,1.7506897179237537,0.999999904286515,1.0000000000000002,2.8810624801082176,4000.0,9.229903336924135,0.8745428636652762,0.5738393746947664
"espo[kappa=0.05, mask_scheme=comp, mask_samples=4, rollout=uniform, rollout_temperature=1.0] mlp_w32 from mlp_5 {context_source=uniform, contexts=256, group=5, learning_rate=0.0001, reference=initial, ppo_epochs=1, steps=10000, reward=potts_tfbind8}",1,models/port_grid3/espo/seed_1/finetune_mlp_5,0.7629454148610908,3.2831021040229142,11.294977935774678,4.199858855475753,16.22948190661078,0.8094295304894359,0.8403089241954571,2.7408394700456484,2.0740175858741785,1.121365778385073,2.4964110435530715,4.814857055919827,1.65078634661575,0.2383594487164635,20.024366712369574,0.9437861423517181,19.353334114658416,1.6507850327396825,0.9999999178827097,1.0000000000000004,2.9929874241821377,4096.0,9.145919735999799,0.864884937878507,0.5802034834240488
"espo[kappa=0.05, mask_scheme=comp, mask_samples=4, rollout=uniform, rollout_temperature=1.0] mlp_w32 from mlp_5 {context_source=uniform, contexts=256, group=5, learning_rate=0.0001, reference=initial, ppo_epochs=1, steps=10000, reward=potts_tfbind8}",1,models/port_grid3/espo/seed_1/finetune_mlp_5,0.7757692259050477,3.3518232106084946,11.63357786129215,4.290601098293864,16.134205438366195,0.8045746722828754,0.912640655566398,2.694729027219685,2.105081911095084,1.0687581975762905,2.41723092766028,4.799810938314769,1.711258096396628,0.2662528909117493,20.012543627092374,0.9432457483184271,19.366412312939186,1.7112567269324046,0.9999999144084492,1.0000000000000002,3.0567220106562076,4500.0,9.453854138320954,0.8629149585910074,0.6051278796862993
"espo[kappa=0.05, mask_scheme=comp, mask_samples=4, rollout=uniform, rollout_temperature=1.0] mlp_w32 from mlp_5 {context_source=uniform, contexts=256, group=5, learning_rate=0.0001, reference=initial, ppo_epochs=1, steps=10000, reward=potts_tfbind8}",1,models/port_grid3/espo/seed_1/finetune_mlp_5,0.7840002317852726,3.5779065777743484,11.671512311565248,4.353203539525614,16.057179182244425,0.8059401686932122,0.9044655571211824,2.7089100236055335,2.2002918212456097,1.0376019502000733,2.4485864004791584,4.909201844851143,1.697892703235094,0.2598513544832615,20.015303403942266,0.943370735071079,19.36499922171377,1.6978907533828376,0.9999998781341625,1.0000000000000002,3.203616867657747,5000.0,9.347820356256218,0.8537743176197345,0.6014592832955677
"espo[kappa=0.05, mask_scheme=comp, mask_samples=4, rollout=uniform, rollout_temperature=1.0] mlp_w32 from mlp_5 {context_source=uniform, contexts=256, group=5, learning_rate=0.0001, reference=initial, ppo_epochs=1, steps=10000, reward=potts_tfbind8}",1,models/port_grid3/espo/seed_1/finetune_mlp_5,0.7851522384603653,3.4751801067614303,11.702432672982475,4.352378683787393,16.08821239966802,0.8058090673693658,0.9163202404642006,2.729340212643265,2.2160426536322615,1.0126455591500054,2.4255188793142093,4.945382866275526,1.7277780274797432,0.2743008985584644,20.008995828812687,0.9430819306806586,19.36516931565049,1.7277743255882951,0.999999768631474,1.0000000000000002,3.1339995203574165,5500.0,9.46387629371926,0.8592179859699549,0.6050810083756948
"espo[kappa=0.05, mask_scheme=comp, mask_samples=4, rollout=uniform, rollout_temperature=1.0] mlp_w32 from mlp_5 {context_source=uniform, contexts=256, group=5, learning_rate=0.0001, reference=initial, ppo_epochs=1, steps=10000, reward=potts_tfbind8}",1,models/port_grid3/espo/seed_1/finetune_mlp_5,0.7933510015955068,3.5925840887398666,11.83321284083794,4.3890068791019115,16.047955383667038,0.8040318907041349,0.9423615556475711,2.747771921833193,2.2323229138751888,0.9977913623177873,2.398830524698472,4.980094835708382,1.6751540986631943,0.24912934392204136,20.019512667831695,0.9435683815282482,19.348242772651716,1.6751507918127335,0.9999997933216305,1.0000000000000004,3.167696689743135,6000.0,9.573798642028047,0.8578717110220703,0.615650075397204
"espo[kappa=0.05, mask_scheme=comp, mask_samples=4, rollout=uniform, rollout_temperature=1.0] mlp_w32 from mlp_5 {context_source=uniform, contexts=256, group=5, learning_rate=0.0001, reference=initial, ppo_epochs=1, steps=10000, reward=potts_tfbind8}",1,models/port_grid3/espo/seed_1/finetune_mlp_5,0.7981900039833011,3.704591638273632,11.945935602681732,4.449100903775229,15.946102956585305,0.8008187321665052,0.9728278365709632,2.7346257216136913,2.314611193428474,0.9930131939100544,2.374611637864275,5.049236915042165,1.7126517103587549,0.26622989726995144,20.012093803999857,0.9432268501900293,19.352410253464598,1.7126462123705322,0.9999996563751098,1.0000000000000004,3.2962564435315462,6500.0,9.577484463339458,0.8509450019770671,0.6245788163910149
"espo[kappa=0.05, mask_scheme=comp, mask_samples=4, rollout=uniform, rollout_temperature=1.0] mlp_w32 from mlp_5 {context_source=uniform, contexts=256, group=5, learning_rate=0.0001, reference=initial, ppo_epochs=1, steps=10000, reward=potts_tfbind8}",1,models/port_grid3/espo/seed_1/finetune_mlp_5,0.8024626037742943,3.7965372759664713,12.225766973636523,4.530270082546411,15.790323702789873,0.7924351305728498,1.0563869622253084,2.7240488623068866,2.303681040852814,1.0037698944422897,2.2879708034885198,5.027729903159701,2.1213436484835877,0.6382028647247591,16.78702637416099,0.7989605773543696,17.73452886304721,2.1194508391051725,0.9998815969724184,1.0000000000000004,3.443284489848955,7000.0,9.747100135610896,0.8439036969543583,0.6479997554658893
"espo[kappa=0.05, mask_scheme=comp, mask_samples=4, rollout=uniform, rollout_temperature=1.0] mlp_w32 from mlp_5 {context_source=uniform, contexts=256, group=5, learning_rate=0.0001, reference=initial, ppo_epochs=1, steps=10000, reward=potts_tfbind8}",1,models/port_grid3/espo/seed_1/finetune_mlp_5,0.8015329635337025,3.749215012078259,12.184777577272296,4.554535595072114,15.773633313515836,0.7930692975099082,1.0188125377637298,2.6619082328967503,2.3210500424693556,0.961331783158407,2.292689041222713,4.982958275366106,1.7847667683552877,0.30140149725960924,19.996083655073843,0.942495189397089,19.363895043839396,1.784759301213228,0.9999995333024204,1.0000000000000004,3.473038311494199,7500.0,9.64231208779014,0.839861917995876,0.6381305178533102
"espo[kappa=0.05, mask_scheme=comp, mask_samples=4, rollout=uniform, rollout_temperature=1.0] mlp_w32 from mlp_5 {context_source=uniform, contexts=256, group=5, learning_rate=0.0001, reference=initial, ppo_epochs=1, steps=10000, reward=potts_tfbind8}",1,models/port_grid3/espo/seed_1/finetune_mlp_5,0.8037334402891705,3.781466115506079,12.289514176462074,4.580059507010074,15.74864665262156,0.7923868637993161,1.0434825914879957,2.7012163010895085,2.3231237651055947,0.9556644423320775,2.282753638311858,5.024340066195103,1.8492574558805583,0.33552548616615974,19.979333093548934,0.9417271579252956,19.375230094154208,1.8492506082890672,0.9999995720246216,1.0000000000000004,3.5005828999247575,8000.0,9.738063489953154,0.8392965093393687,0.6436803056676188
"espo[kappa=0.05, mask_scheme=comp, mask_samples=4, rollout=uniform, rollout_temperature=1.0] mlp_w32 from mlp_5 {context_source=uniform, contexts=256, group=5, learning_rate=0.0001, reference=initial, ppo_epochs=1, steps=10000, reward=potts_tfbind8}",1,models/port_grid3/espo/seed_1/finetune_mlp_5,0.8021703080742782,3.738205408370628,12.209277213642757,4.531836306186365,15.796883210255235,0.7937634729101588,1.038019698411347,2.7599479111955043,2.350623438692276,0.9737841636259752,2.308639232144515,5.11057134988778,2.106784867293479,0.6655470802322524,16.734451392043685,0.7950361990090827,17.78666750435943,2.1052428650754456,0.9999035577753059,1.0000000000000007,3.4541136573068925,8500.0,9.73235942624776,0.8440039565856405,0.6432780850204551
"espo[kappa=0.05, mask_scheme=comp, mask_samples=4, rollout=uniform, rollout_temperature=1.0] mlp_w32 from mlp_5 {context_source=uniform, contexts=256, group=5, learning_rate=0.0001, reference=initial, ppo_epochs=1, steps=10000, reward=potts_tfbind8}",1,models/port_grid3/espo/seed_1/finetune_mlp_5,0.7968010924812171,3.6306458936243655,12.363786698243239,4.602125201417783,15.70935227692405,0.7901974323732581,1.0586515139176245,2.7477392171539017,2.3690583386122026,0.9529015120790767,2.2633065957401293,5.116797555766104,1.952311718331368,0.41036989894813597,19.938951170505927,0.9398724031308551,19.43673599787598,1.9523059937981726,0.9999996422161356,1.0000000000000002,3.5400774208992782,9000.0,9.787719606577655,0.8377208865317946,0.6456300902778743
"espo[kappa=0.05, mask_scheme=comp, mask_samples=4, rollout=uniform, rollout_temperature=1.0] mlp_w32 from mlp_5 {context_source=uniform, contexts=256, group=5, learning_rate=0.0001, reference=initial, ppo_epochs=1, steps=10000, reward=potts_tfbind8}",1,models/port_grid3/espo/seed_1/finetune_mlp_5,0.7916866360567095,3.554226722228988,12.437419991366065,4.642762223262412,15.62147453487693,0.7851856222393405,1.0837247779065262,2.6300577935392515,2.340230202846605,0.9602066855889879,2.2029498643205594,4.970287996385856,2.150393729827049,0.6955889394689051,16.708057082397733,0.7927715148583193,17.76598292933729,2.1484142762612235,0.9998761725115655,1.0000000000000004,3.6115373025503987,9500.0,9.77829759066555,0.8324119759818973,0.6567734181740432
"espo[kappa=0.05, mask_scheme=comp, mask_samples=4, rollout=uniform, rollout_temperature=1.0] mlp_w32 from mlp_5 {context_source=uniform, contexts=256, group=5, learning_rate=0.0001, reference=initial, ppo_epochs=1, steps=10000, reward=potts_tfbind8}",1,models/port_grid3/espo/seed_1/finetune_mlp_5,0.793818562413152,3.529214172718768,12.400492198624177,4.631148142482283,15.669979609878256,0.7882850547497188,1.0625876828757612,2.6566614779983535,2.313481653122076,0.9304976924319543,2.2308994769519472,4.970143131120429,1.9666651107389945,0.41333075188797586,19.93711495167558,0.9397835396840425,19.42391751131253,1.9666564809450668,0.9999994606366329,1.0000000000000004,3.5667293026797924,10000.0,9.770653254880898,0.8343055765574552,0.6508197803352691
"espo[kappa=0.05, mask_scheme=comp, mask_samples=4, rollout=uniform, rollout_temperature=1.0] mlp_w32 from mlp_5 {context_source=uniform, contexts=256, group=5, learning_rate=0.0001, reference=initial, ppo_epochs=1, steps=10000, reward=potts_tfbind8}",2,models/port_grid3/espo/seed_2/finetune_mlp_5,0.40089774494688835,0.0,15.58400929863198,7.3350796144291905,7.274364485999048,0.40059227009566606,4.745069725420644,0.0,0.0,3.3845174252188786,0.0,0.0,4.896481007458549,1.5766628960892644,8.347072093028896,0.2951274947079451,0.0,0.36194497535363446,0.02441464572044008,1.0000000000000013,13.929252511546688,0.0,1.8270649549340976,0.11713328142727052,0.9521731131251499
"espo[kappa=0.05, mask_scheme=comp, mask_samples=4, rollout=uniform, rollout_temperature=1.0] mlp_w32 from mlp_5 {context_source=uniform, contexts=256, group=5, learning_rate=0.0001, reference=initial, ppo_epochs=1, steps=10000, reward=potts_tfbind8}",2,models/port_grid3/espo/seed_2/finetune_mlp_5,0.40165682038834677,8.653403321970572e-05,15.581365615642417,7.324963244736498,7.299531574712944,0.40132401094438547,4.740162670883787,8.57757314934387e-05,7.021353269779111e-06,3.3782254090419728,8.580250976962414e-05,9.27970847632178e-05,4.887979553503453,1.575340321126462,8.353619606484092,0.29546721417300237,6.0819397951362986e-05,0.36686999791489683,0.024782122158968065,1.000000000000001,13.89158768098561,1.0,1.8497216172047402,0.11869177683349025,0.9514407248585848
"espo[kappa=0.05, mask_scheme=comp, mask_samples=4, rollout=uniform, rollout_temperature=1.0] mlp_w32 from mlp_5 {context_source=uniform, contexts=256, group=5, learning_rate=0.0001, reference=initial, ppo_epochs=1, steps=10000, reward=potts_tfbind8}",2,models/port_grid3/espo/seed_2/finetune_mlp_5,0.4027276068747649,0.0003205088258095611,15.580656920458797,7.318397774602664,7.326264651325804,0.4022932275213706,4.724906291847282,0.0003200683968817785,2.4213778702435033e-05,3.3659119491076583,0.0003203828046671013,0.0003442821755842135,4.882644755038737,1.573406889029066,8.377284559707986,0.29664874387273776,0.0007114565679088858,0.3923887375266344,0.0267343728497181,1.000000000000001,13.851722646361218,2.0,1.8770397252291207,0.12054545125545878,0.9506028985904014
"espo[kappa=0.05, mask_scheme=comp, mask_samples=4, rollout=uniform, rollout_temperature=1.0] mlp_w32 from mlp_5 {context_source=uniform, contexts=256, group=5, learning_rate=0.0001, reference=initial, ppo_epochs=1, steps=10000, reward=potts_tfbind8}",2,models/port_grid3/espo/seed_2/finetune_mlp_5,0.4046581631285244,0.0011090360076992777,15.579721434000785,7.3083716678086175,7.376083033671153,0.40421782487412583,4.696651905327171,0.001129253921251622,8.283919589988737e-05,3.344317547454586,0.0011316034993082476,0.0012120931171515094,4.885603439718671,1.5765613050134721,8.399242454988292,0.2978118796319028,0.002102707916806873,0.4097050758404027,0.02803586370572919,1.0000000000000009,13.77780629353783,4.0,1.9271097128568964,0.12395230189327953,0.9490775702399241
"espo[kappa=0.05, mask_scheme=comp, mask_samples=4, rollout=uniform, rollout_temperature=1.0] mlp_w32 from mlp_5 {context_source=uniform, contexts=256, group=5, learning_rate=0.0001, reference=initial, ppo_epochs=1, steps=10000, reward=potts_tfbind8}",2,models/port_grid3/espo/seed_2/finetune_mlp_5,0.408457853564581,0.0039286691866790326,15.577185805645744,7.28952168615645,7.474240764922644,0.40811001815142645,4.643343392010337,0.004032570835535073,0.0002977451895538564,3.3015213095600315,0.0040535482845086915,0.004330316025088929,4.931199905897748,1.5933040466541823,8.448689191819374,0.30045596545370973,0.005380627955350178,0.46867625137082125,0.03272286920087413,1.000000000000001,13.633491641445792,8.0,2.029031144554036,0.13092202624743185,0.9459930593673521
"espo[kappa=0.05, mask_scheme=comp, mask_samples=4, rollout=uniform, rollout_temperature=1.0] mlp_w32 from mlp_5 {context_source=uniform, contexts=256, group=5, learning_rate=0.0001, reference=initial, ppo_epochs=1, steps=10000, reward=potts_tfbind8}",2,models/port_grid3/espo/seed_2/finetune_mlp_5,0.41613572775118945,0.013637701397426708,15.57072380322603,7.25511940270842,7.669800235777206,0.41623959849017045,4.522767285085859,0.01402025016415897,0.0010588284975664424,3.21061194726974,0.014187940623362049,0.015079078661725413,4.875604979414903,1.5843488727698765,8.628663438849923,0.3094027023960615,0.027682174939757352,0.6099794066481364,0.043621488542312084,1.0000000000000013,13.3502868275028,16.0,2.2426346940558104,0.14562407341975256,0.9400694949665146
"espo[kappa=0.05, mask_scheme=comp, mask_samples=4, rollout=uniform, rollout_temperature=1.0] mlp_w32 from mlp_5 {context_source=uniform, contexts=256, group=5, learning_rate=0.0001, reference=initial, ppo_epochs=1, steps=10000, reward=potts_tfbind8}",2,models/port_grid3/espo/seed_2/finetune_mlp_5,0.43106704501444104,0.04596580253811086,15.552376570520241,7.180471862447098,8.059979179715288,0.43282040425548435,4.284088155809003,0.048108207326449465,0.0038001846176510673,3.0454020545958564,0.04905319301982556,0.05190839194410053,6.876409806154962,2.1173446714555233,11.018682460855437,0.4363594755817603,1.2899447864008815,2.3673137924430367,0.3390256895706813,1.000000000000001,12.799883663992148,32.0,2.681311537408388,0.17624690669869048,0.9332572935691786
"espo[kappa=0.05, mask_scheme=comp, mask_samples=4, rollout=uniform, rollout_temperature=1.0] mlp_w32 from mlp_5 {context_source=uniform, contexts=256, group=5, learning_rate=0.0001, reference=initial, ppo_epochs=1, steps=10000, reward=potts_tfbind8}",2,models/port_grid3/espo/seed_2/finetune_mlp_5,0.46279200605442256,0.15740890503307936,15.448947389826401,6.9809420371326745,8.853722540820666,0.4666596919430026,3.8914240419553936,0.15727456668654433,0.012382057703725663,2.790459093801807,0.16414373136852392,0.16965662439027,3.623010265922479,1.0208087258842642,16.040937059220358,0.6845503354204802,3.4890061162602146,2.6642637274595993,0.9313785735892491,1.000000000000001,11.724359160682775,64.0,3.588784469219729,0.2427565758717986,0.9203382869361751
"espo[kappa=0.05, mask_scheme=comp, mask_samples=4, rollout=uniform, rollout_temperature=1.0] mlp_w32 from mlp_5 {context_source=uniform, contexts=256, group=5, learning_rate=0.0001, reference=initial, ppo_epochs=1, steps=10000, reward=potts_tfbind8}",2,models/port_grid3/espo/seed_2/finetune_mlp_5,0.5236561225925902,0.4518439652313081,15.114290780074215,6.571480844692588,10.309624971477193,0.5316184642896473,3.1163516116482954,0.4270783530759774,0.037295723109080525,2.3505998557504793,0.4570065789539742,0.46437407618505794,2.431071742193813,0.5561484348768609,16.660927993394587,0.7132945646695371,4.0794045314594305,2.3336990678804925,0.9938646264314682,1.0000000000000009,9.833368362283423,128.0,5.307225825871828,0.3762169644323424,0.8942032705139605
"espo[kappa=0.05, mask_scheme=comp, mask_samples=4, rollout=uniform, rollout_temperature=1.0] mlp_w32 from mlp_5 {context_source=uniform, contexts=256, group=5, learning_rate=0.0001, reference=initial, ppo_epochs=1, steps=10000, reward=potts_tfbind8}",2,models/port_grid3/espo/seed_2/finetune_mlp_5,0.6138867198051351,0.9942042402548623,14.37378547428042,5.883054752246412,12.309105629368709,0.6201668569982004,2.130241864552592,0.8834725298346766,0.0849616268939668,1.902269075743879,0.950204709176037,0.9684341567286434,4.346911601594432,1.2881880581901939,16.956976759728896,0.752279833494384,8.017674405925066,4.343416245456446,0.9997814023119064,1.0000000000000009,7.327345505668218,256.0,7.407869733838099,0.5586893470156837,0.8293345816901302
"espo[kappa=0.05, mask_scheme=comp, mask_samples=4, rollout=uniform, rollout_temperature=1.0] mlp_w32 from mlp_5 {context_source=uniform, contexts=256, group=5, learning_rate=0.0001, reference=initial, ppo_epochs=1, steps=10000, reward=potts_tfbind8}",2,models/port_grid3/espo/seed_2/finetune_mlp_5,0.7056079686010975,1.731609961985625,12.803996018889926,5.018376264014532,14.373326156781328,0.7134251135026188,1.2529938163851342,1.4289483652947514,0.17520884989270247,1.6013066099281281,1.6228640132981378,1.604157215187454,2.268474263731952,0.46342576064810553,19.875222577986257,0.9371819866372088,19.138762008059082,2.2683686808975825,0.9999934008101359,1.0000000000000007,4.903674018671378,500.0,8.395177668202285,0.7219201110681646,0.6864108516028271
"espo[kappa=0.05, mask_scheme=comp, mask_samples=4, rollout=uniform, rollout_temperature=1.0] mlp_w32 from mlp_5 {context_source=uniform, contexts=256, group=5, learning_rate=0.0001, reference=initial, ppo_epochs=1, steps=10000, reward=potts_tfbind8}",2,models/port_grid3/espo/seed_2/finetune_mlp_5,0.706159775924944,1.739827289595783,12.757927281792508,4.999655132156164,14.41324143448305,0.7151800143568044,1.2313957733807432,1.4370748435043557,0.18045067476182375,1.5899888065087204,1.6368439744911876,1.6175255182661794,2.235289391375359,0.45235714620171347,19.885142990199295,0.9376229976198126,19.15486409997398,2.2351969299585424,0.999994220957755,1.0000000000000007,4.857781063311842,512.0,8.381813922546325,0.7239840073991479,0.6806047769573347
"espo[kappa=0.05, mask_scheme=comp, mask_samples=4, rollout=uniform, rollout_temperature=1.0] mlp_w32 from mlp_5 {context_source=uniform, contexts=256, group=5, learning_rate=0.0001, reference=initial, ppo_epochs=1, steps=10000, reward=potts_tfbind8}",2,models/port_grid3/espo/seed_2/finetune_mlp_5,0.7508947710533339,2.218543678073196,10.94504016362795,4.17381246030665,15.927624012144957,0.7800107860117271,0.8026461100177825,1.9715530707343003,0.3591832569958191,1.4498979658055564,2.2355678196124584,2.3307363277301194,1.511319061972198,0.18202544683402458,20.046095230083736,0.9447788826277672,19.337829571196718,1.51131803177412,0.9999999356126049,1.0000000000000002,3.184931041940273,1000.0,8.26354008518453,0.8313086005076816,0.5616415809724242
"espo[kappa=0.05, mask_scheme=comp, mask_samples=4, rollout=uniform, rollout_temperature=1.0] mlp_w32 from mlp_5 {context_source=uniform, contexts=256, group=5, learning_rate=0.0001, reference=initial, ppo_epochs=1, steps=10000, reward=potts_tfbind8}",2,models/port_grid3/espo/seed_2/finetune_mlp_5,0.7513634332895303,2.2195216223229064,10.986166798313546,4.18442690780926,15.9324597530639,0.7803633889326737,0.8060795858191676,1.9819953792405718,0.3668635284120958,1.4366031603997604,2.232866038321014,2.3488589076526676,1.5761782690292971,0.20694324462768074,20.036885904217403,0.9443583490943587,19.345392472804537,1.5761773008717501,0.9999999394901407,1.0000000000000004,3.1749756492704115,1024.0,8.316708924337586,0.8320922149124638,0.5606231508680055
"espo[kappa=0.05, mask_scheme=comp, mask_samples=4, rollout=uniform, rollout_temperature=1.0] mlp_w32 from mlp_5 {context_source=uniform, contexts=256, group=5, learning_rate=0.0001, reference=initial, ppo_epochs=1, steps=10000, reward=potts_tfbind8}",2,models/port_grid3/espo/seed_2/finetune_mlp_5,0.7573994502198035,2.381955129047753,10.38125523554163,3.9009933977185316,16.45255061936953,0.8052347566930572,0.7029110778128382,2.332481136695249,0.6166595168500266,1.3667355344361114,2.492529345667308,2.9491406535452755,1.6073748470243214,0.22095453193675654,20.028675833375843,0.9440038731761637,19.30650891816983,1.607371860624927,0.9999998133498469,1.0000000000000002,2.654502657158263,1500.0,8.30221749152812,0.8693942641700074,0.5224416714845608
"espo[kappa=0.05, mask_scheme=comp, mask_samples=4, rollout=uniform, rollout_temperature=1.0] mlp_w32 from mlp_5 {context_source=uniform, contexts=256, group=5, learning_rate=0.0001, reference=initial, ppo_epochs=1, steps=10000, reward=potts_tfbind8}",2,models/port_grid3/espo/seed_2/finetune_mlp_5,0.7434212361896237,2.5073640448662995,10.272518763574718,3.84240382498621,16.568561517145884,0.8133920475412858,0.6961469834404431,2.5605395224696936,1.0060399392327533,1.3308224096212997,2.5902351603095966,3.566579461702447,1.5066262427650852,0.1822722397779219,20.04491860266662,0.9447323670402582,19.320404719637448,1.5066248053268754,0.9999999101600647,1.0000000000000002,2.5781921251359803,2000.0,8.359593592738403,0.8798569573488002,0.5227744027641597
"espo[kappa=0.05, mask_scheme=comp, mask_samples=4, rollout=uniform, rollout_temperature=1.0] mlp_w32 from mlp_5 {context_source=uniform, contexts=256, group=5, learning_rate=0.0001, reference=initial, ppo_epochs=1, steps=10000, reward=potts_tfbind8}",2,models/port_grid3/espo/seed_2/finetune_mlp_5,0.7454910695830137,2.534223974851828,10.316081122817112,3.8473138652923926,16.56035538713882,0.8128463000639113,0.7073332595977045,2.586606702158161,1.0373394693505245,1.326181899803727,2.5826448684267835,3.6239461715086856,1.5127188938239124,0.18409468142302338,20.04459750739684,0.9447156771517974,19.32501328189579,1.5127176672210843,0.9999999233372889,1.0000000000000002,2.582911028263807,2048.0,8.41553456467973,0.8806323383271133,0.5281224335140974
"espo[kappa=0.05, mask_scheme=comp, mask_samples=4, rollout=uniform, rollout_temperature=1.0] mlp_w32 from mlp_5 {context_source=uniform, contexts=256, group=5, learning_rate=0.0001, reference=initial, ppo_epochs=1, steps=10000, reward=potts_tfbind8}",2,models/port_grid3/espo/seed_2/finetune_mlp_5,0.7440275572805609,2.70771832382771,10.57764671331561,3.9468817165592167,16.44963574872752,0.8106606954752346,0.7417071323182949,2.6015239025797685,1.3521344736221534,1.2842731703684178,2.5497567899831624,3.953658376201922,1.5109575319138437,0.1824372739461954,20.04573147683913,0.9447633302432504,19.3334143017191,1.510956741205053,0.9999999505806872,1.0000000000000002,2.716102407437125,2500.0,8.579615616785656,0.8744720632126304,0.5419856166497898
"espo[kappa=0.05, mask_scheme=comp, mask_samples=4, rollout=uniform, rollout_temperature=1.0] mlp_w32 from mlp_5 {context_source=uniform, contexts=256, group=5, learning_rate=0.0001, reference=initial, ppo_epochs=1, steps=10000, reward=potts_tfbind8}",2,models/port_grid3/espo/seed_2/finetune_mlp_5,0.7531882410080353,2.8756509234922576,11.076824859379657,4.0800149790737015,16.314815351424876,0.8062486004591181,0.8294832579485562,2.6429342145235535,1.6517884593269092,1.231210654027376,2.4720936290215607,4.294722673850463,1.627936316614913,0.22843901869900707,20.02839674041894,0.9439701300494913,19.35026995294055,1.6279352602825203,0.9999999339792018,1.0000000000000002,2.840669842429489,3000.0,9.054728055578835,0.8729168496265334,0.5739061997309578
"espo[kappa=0.05, mask_scheme=comp, mask_samples=4, rollout=uniform, rollout_temperature=1.0] mlp_w32 from mlp_5 {context_source=uniform, contexts=256, group=5, learning_rate=0.0001, reference=initial, ppo_epochs=1, steps=10000, reward=potts_tfbind8}",2,models/port_grid3/espo/seed_2/finetune_mlp_5,0.7649892854241769,3.1049025294190398,11.27883974187976,4.161209898138562,16.239181595489466,0.8068282655773897,0.8558612659087613,2.6749624905456386,1.8788659175325435,1.1717766606907338,2.475168322391661,4.553828408078182,1.605770475096462,0.21869523467051458,20.032328503677828,0.9441474414924867,19.35166463741807,1.605769823040303,0.9999999592464808,1.0000000000000002,2.957195169702695,3500.0,9.171701506346837,0.8674912092854841,0.5849957956811526
"espo[kappa=0.05, mask_scheme=comp, mask_samples=4, rollout=uniform, rollout_temperature=1.0] mlp_w32 from mlp_5 {context_source=uniform, contexts=256, group=5, learning_rate=0.0001, reference=initial, ppo_epochs=1, steps=10000, reward=potts_tfbind8}",2,models/port_grid3/espo/seed_2/finetune_mlp_5,0.7772096134054641,3.358505862683612,11.528970206907546,4.23724841839355,16.183458487763954,0.8069312002808839,0.9138176129954696,2.7653089077895765,2.054121492269949,1.1426307543595537,2.4620576063264354,4.819430400059526,1.6309030566565865,0.22954883879505544,20.027981962837373,0.9439503495113583,19.35319597702614,1.6309019409570316,0.999999930268752,1.0000000000000004,3.0276691152257422,4000.0,9.450816155204855,0.8693815602609093,0.6047051427930987
"espo[kappa=0.05, mask_scheme=comp, mask_samples=4, rollout=uniform, rollout_temperature=1.0] mlp_w32 from mlp_5 {context_source=uniform, contexts=256, group=5, learning_rate=0.0001, reference=initial, ppo_epochs=1, steps=10000, reward=potts_tfbind8}",2,models/port_grid3/espo/seed_2/finetune_mlp_5,0.7768149766357071,3.3264070999542743,11.401290878006574,4.217351125686418,16.212671846131702,0.8085535901733658,0.87871183890361,2.7351449505801666,2.063703036416009,1.1130686939095864,2.4788161137925475,4.798847986996176,1.554852965205343,0.19850407449378482,20.04005225762228,0.9445010412130875,19.342663550217917,1.5548518983803716,0.9999999333234137,1.0000000000000004,3.0006075851402283,4096.0,9.302820046240274,0.8680866893264965,0.5947246059302006
"espo[kappa=0.05, mask_scheme=comp, mask_samples=4, rollout=uniform, rollout_temperature=1.0] mlp_w32 from mlp_5 {context_source=uniform, contexts=256, group=5, learning_rate=0.0001, reference=initial, ppo_epochs=1, steps=10000, reward=potts_tfbind8}",2,models/port_grid3/espo/seed_2/finetune_mlp_5,0.7973259210113199,3.6096300699559434,11.630302918462293,4.273334464941412,16.138388087520415,0.8052828778928315,0.9347621583563174,2.7531060602248547,2.151950410684227,1.1109022567606162,2.438119862065835,4.905056470909082,1.6585910283698946,0.2418143129001855,20.022917654821192,0.943719748937761,19.354421371549854,1.65858951733235,0.9999999055601122,1.0000000000000002,3.071336971330461,4500.0,9.494568633042109,0.8657071969178974,0.6118332094628932
"espo[kappa=0.05, mask_scheme=comp, mask_samples=4, rollout=uniform, rollout_temperature=1.0] mlp_w32 from mlp_5 {context_source=uniform, contexts=256, group=5, learning_rate=0.0001, reference=initial, ppo_epochs=1, steps=10000, reward=potts_tfbind8}",2,models/port_grid3/espo/seed_2/finetune_mlp_5,0.7928471806009483,3.5447737241795867,11.703255707434849,4.328833251896892,16.076993156130737,0.8031327179405083,0.9355182852226698,2.7037769467857995,2.147198656413007,1.0644752465113083,2.4019176481153797,4.8509756031988065,1.5345028812751669,0.19160398107558563,20.042273943046496,0.9446045377136673,19.333363699113146,1.5345010389697435,0.999999884855858,1.0000000000000004,3.127227154464496,5000.0,9.476378963701036,0.8599263877467926,0.6142904986087193
"espo[kappa=0.05, mask_scheme=comp, mask_samples=4, rollout=uniform, rollout_temperature=1.0] mlp_w32 from mlp_5 {context_source=uniform, contexts=256, group=5, learning_rate=0.0001, reference=initial, ppo_epochs=1, steps=10000, reward=potts_tfbind8}",2,models/port_grid3/espo/seed_2/finetune_mlp_5,0.7987967028915942,3.732348619512621,11.93432872141901,4.426211273535995,15.974397073002937,0.8014101353620666,0.9755099082700645,2.759878868925105,2.2964143636156162,1.0396533342271703,2.3818944825883537,5.056293232540721,1.7604865355658497,0.29097895010222274,20.001418183311927,0.942737661690712,19.374533591178764,1.760483832240601,0.9999998310420479,1.0000000000000004,3.261098113629191,5500.0,9.618506696220596,0.8543613578636254,0.6216212736412311
"espo[kappa=0.05, mask_scheme=comp, mask_samples=4, rollout=uniform, rollout_temperature=1.0] mlp_w32 from mlp_5 {context_source=uniform, contexts=256, group=5, learning_rate=0.0001, reference=initial, ppo_epochs=1, steps=10000, reward=potts_tfbind8}",2,models/port_grid3/espo/seed_2/finetune_mlp_5,0.8072282051423101,3.7132817447283992,11.92440200226109,4.406489817103023,15.995806326495845,0.8006039387066923,0.9729272383763398,2.735785142904349,2.222121201898499,1.024305068299779,2.3651435135540377,4.957906344802848,1.6868652142098477,0.2543404427120676,20.01723158770059,0.9434640488228394,19.347722787168912,1.68686170225108,0.9999997805023568,1.0000000000000004,3.212233264355501,6000.0,9.623759939425334,0.8552572380616601,0.6235979728386377
"espo[kappa=0.05, mask_scheme=comp, mask_samples=4, rollout=uniform, rollout_temperature=1.0] mlp_w32 from mlp_5 {context_source=uniform, contexts=256, group=5, learning_rate=0.0001, reference=initial, ppo_epochs=1, steps=10000, reward=potts_tfbind8}",2,models/port_grid3/espo/seed_2/finetune_mlp_5,0.8073681962073535,3.833177171973733,12.030038713103917,4.454696891868262,15.956362553305695,0.8015660424580601,0.9913438093787352,2.7483175123623695,2.3210367641522858,0.9808198773340695,2.3773059660609865,5.069354276514655,1.686083015872248,0.2541175728526347,20.01734455184122,0.9434662941391346,19.34960715472954,1.6860797564890184,0.9999997962883893,1.0000000000000004,3.2835613766476714,6500.0,9.716034349641347,0.8543745317056459,0.6299235778190238
"espo[kappa=0.05, mask_scheme=comp, mask_samples=4, rollout=uniform, rollout_temperature=1.0] mlp_w32 from mlp_5 {context_source=uniform, contexts=256, group=5, learning_rate=0.0001, reference=initial, ppo_epochs=1, steps=10000, reward=potts_tfbind8}",2,models/port_grid3/espo/seed_2/finetune_mlp_5,0.8000420441284276,3.7527999153049767,12.249456846128489,4.556757039766181,15.76937326744246,0.7922974491022808,1.047080374325762,2.669374135037887,2.3293903466933576,0.9886712139096041,2.2800850756650877,4.998764481731245,1.7856589806920877,0.3022069991956383,19.995789530265654,0.9424812561281313,19.36601308418812,1.7856531259251087,0.9999996340765125,1.0000000000000002,3.4668244150466347,7000.0,9.730662181286817,0.8413794968820436,0.6455761380389204
"espo[kappa=0.05, mask_scheme=comp, mask_samples=4, rollout=uniform, rollout_temperature=1.0] mlp_w32 from mlp_5 {context_source=uniform, contexts=256, group=5, learning_rate=0.0001, reference=initial, ppo_epochs=1, steps=10000, reward=potts_tfbind8}",2,models/port_grid3/espo/seed_2/finetune_mlp_5,0.8019127102910459,3.7072454915184605,12.430360248977577,4.637542351195176,15.59807896425808,0.7829505473429325,1.0810392945537988,2.5508246280706466,2.2441282693798916,0.9773452285244832,2.183933308366808,4.794952897450538,2.1279580637373545,0.6061324608324592,16.83947713703539,0.8029936535684264,17.709336129031236,2.1253065443985615,0.999834078507276,1.0000000000000004,3.6276141025249347,7500.0,9.66914678613368,0.8258114155032772,0.6545491603735757
"espo[kappa=0.05, mask_scheme=comp, mask_samples=4, rollout=uniform, rollout_temperature=1.0] mlp_w32 from mlp_5 {context_source=uniform, contexts=256, group=5, learning_rate=0.0001, reference=initial, ppo_epochs=1, steps=10000, reward=potts_tfbind8}",2,models/port_grid3/espo/seed_2/finetune_mlp_5,0.7921966462284822,3.649419935699573,12.35527038413067,4.611000644633373,15.68563235039521,0.7891979634773643,1.0695017079234894,2.6686416852971617,2.363492682295717,0.9659086711081697,2.248129541642118,5.032134367592879,2.1600771160603385,0.6409337685928805,16.8076408904115,0.8004098500350597,17.695445845616387,2.1581715594008197,0.9998808008956367,1.0000000000000004,3.5604802565945293,8000.0,9.752109909989988,0.8360080348049037,0.652230708292294
"espo[kappa=0.05, mask_scheme=comp, mask_samples=4, rollout=uniform, rollout_temperature=1.0] mlp_w32 from mlp_5 {context_source=uniform, contexts=256, group=5, learning_rate=0.0001, reference=initial, ppo_epochs=1, steps=10000, reward=potts_tfbind8}",2,models/port_grid3/espo/seed_2/finetune_mlp_5,0.7966418367738076,3.664641965274637,12.373401313177236,4.645560564256925,15.637521307777726,0.7879746442733069,1.045779625318492,2.622777147912785,2.3340105342279647,0.9404820867057101,2.242689425604993,4.9567876821407495,1.9135106313526975,0.3814715831723963,19.95546159981697,0.9406329345324799,19.416369006605986,1.9135043082302259,0.9999996048041143,1.0000000000000004,3.6272067044836525,8500.0,9.643545675302605,0.8279181369627261,0.6426086306056955
"espo[kappa=0.05, mask_scheme=comp, mask_samples=4, rollout=uniform, rollout_temperature=1.0] mlp_w32 from mlp_5 {context_source=uniform, contexts=256, group=5, learning_rate=0.0001, reference=initial, ppo_epochs=1, steps=10000, reward=potts_tfbind8}",2,models/port_grid3/espo/seed_2/finetune_mlp_5,0.7954447065448335,3.6714243555658004,12.527537433340429,4.711781332145692,15.483169088043292,0.7798722448565966,1.0991911876910856,2.545832481340521,2.3207825085181666,0.9714534173287479,2.1644834361114924,4.866614989858688,2.171863407468468,0.7097797561277813,16.697260289301283,0.7918312476452078,17.764746607514766,2.169044639101898,0.9998235984498894,1.0000000000000002,3.7805290445917823,9000.0,9.632046084349053,0.8174110524063066,0.6581956978009869
"espo[kappa=0.05, mask_scheme=comp, mask_samples=4, rollout=uniform, rollout_temperature=1.0] mlp_w32 from mlp_5 {context_source=uniform, contexts=256, group=5, learning_rate=0.0001, reference=initial, ppo_epochs=1, steps=10000, reward=potts_tfbind8}",2,models/port_grid3/espo/seed_2/finetune_mlp_5,0.7893957268935975,3.588613560885254,12.524644173233169,4.650649989626837,15.585067927623768,0.7832059324969589,1.1319227226241686,2.6580360949386215,2.3405756270343883,0.9901247918855081,2.1961013932001,4.99861172197301,2.166725329899722,0.6999503199149445,16.710111845693838,0.7929334824319416,17.739306037374597,2.164610097529568,0.9998676737923138,1.0000000000000004,3.6592987423096632,9500.0,9.871300513704384,0.8327586133890056,0.6684508227451373
"espo[kappa=0.05, mask_scheme=comp, mask_samples=4, rollout=uniform, rollout_temperature=1.0] mlp_w32 from mlp_5 {context_source=uniform, contexts=256, group=5, learning_rate=0.0001, reference=initial, ppo_epochs=1, steps=10000, reward=potts_tfbind8}",2,models/port_grid3/espo/seed_2/finetune_mlp_5,0.7930720741093827,3.5799101677044125,12.549807620475931,4.697664416216142,15.53737058095832,0.7829710298751429,1.1008996308340915,2.618596285273819,2.353358525628395,0.9509782822515473,2.1921857730406273,4.971954810902214,2.197351201363225,0.7217244072993892,16.691022064545436,0.7912840845818104,17.74391101720131,2.195093256906545,0.9998587352992646,1.0000000000000002,3.726929142148376,10000.0,9.769071441938124,0.8246803876775536,0.6595413742648454
"grpo[] mlp_w32 from mlp_5 {context_source=uniform, contexts=256, group=5, learning_rate=0.0001, reference=initial, ppo_epochs=1, steps=10000, reward=potts_tfbind8}",1,models/port_grid3/grpo/seed_1/finetune_mlp_5,0.40089774494688835,0.0,15.58400929863198,7.3350796144291905,7.274364485999048,0.40059227009566606,4.745069725420644,0.0,0.0,3.3845174252188786,0.0,0.0,4.896481007458549,1.5766628960892644,8.347072093028896,0.2951274947079451,0.0,0.36194497535363446,0.02441464572044008,1.0000000000000013,13.929252511546688,0.0,1.8270649549340976,0.11713328142727052,0.9521731131251499
"grpo[] mlp_w32 from mlp_5 {context_source=uniform, contexts=256, group=5, learning_rate=0.0001, reference=initial, ppo_epochs=1, steps=10000, reward=potts_tfbind8}",1,models/port_grid3/grpo/seed_1/finetune_mlp_5,0.40207102002460127,8.71512601406846e-05,15.586275179170114,7.335537527159814,7.303271133823024,0.4019817187738386,4.722154100502875,9.851226020002237e-05,9.257705616640526e-06,3.366897239930373,9.857900547598913e-05,0.0001077699658166629,4.918067423625098,1.5850191054272131,8.358883776080962,0.29579047184419066,0.00021915039015213476,0.37417947077362324,0.025294257165370516,1.0000000000000013,13.885991118816197,1.0,1.8591586411853283,0.11927089319912233,0.95132223849362
"grpo[] mlp_w32 from mlp_5 {context_source=uniform, contexts=256, group=5, learning_rate=0.0001, reference=initial, ppo_epochs=1, steps=10000, reward=potts_tfbind8}",1,models/port_grid3/grpo/seed_1/finetune_mlp_5,0.40320736555117676,0.000329559819646874,15.587789531014007,7.334185681959182,7.3324422085505585,0.4033001737888152,4.699497224517711,0.0003727703536299137,3.356099502773547e-05,3.3497327621154813,0.0003733521066055642,0.00040633134865764915,4.930504705245399,1.5889438743347228,8.385264184747122,0.2971457160401445,0.0008741633113995748,0.40315838715163643,0.02751152307391476,1.0000000000000013,13.84250927982602,2.0,1.8913175592135198,0.121419027050689,0.9504511448754344
"grpo[] mlp_w32 from mlp_5 {context_source=uniform, contexts=256, group=5, learning_rate=0.0001, reference=initial, ppo_epochs=1, steps=10000, reward=potts_tfbind8}",1,models/port_grid3/grpo/seed_1/finetune_mlp_5,0.4055259863624616,0.0012361853507505366,15.588657322417799,7.327971303812,7.3910270536817,0.4058196097688207,4.656179425506751,0.001360825178652234,0.00011510785803931075,3.316760602767022,0.0013664978971655237,0.0014759330366915448,4.943710360125805,1.595098371599894,8.407437553812136,0.29833553231685694,0.0022512908873064535,0.4244849660333835,0.02911600133551144,1.000000000000001,13.755625157919873,4.0,1.9562097506080787,0.12577302952904926,0.9486539774590177
"grpo[] mlp_w32 from mlp_5 {context_source=uniform, contexts=256, group=5, learning_rate=0.0001, reference=initial, ppo_epochs=1, steps=10000, reward=potts_tfbind8}",1,models/port_grid3/grpo/seed_1/finetune_mlp_5,0.4103688574529253,0.004978487026904084,15.588354412336205,7.30847754364974,7.513611644156203,0.4108725494048147,4.579127245620183,0.005384239915666384,0.0004140967359233406,3.2585101410711275,0.005428011847323123,0.005798336651589724,5.018034194346706,1.619860118835783,8.46724040412403,0.3015217534659462,0.006195299630247832,0.49724387980976825,0.03491071278102962,1.000000000000001,13.575809786158272,8.0,2.0909392750542932,0.13491386329861885,0.9447435879157305
"grpo[] mlp_w32 from mlp_5 {context_source=uniform, contexts=256, group=5, learning_rate=0.0001, reference=initial, ppo_epochs=1, steps=10000, reward=potts_tfbind8}",1,models/port_grid3/grpo/seed_1/finetune_mlp_5,0.42058469795457076,0.01987528481306374,15.581125937066439,7.260775362205113,7.766502849225817,0.4213179125015848,4.434650030169087,0.02106499584534962,0.0015326702204297993,3.1502318137961467,0.021380925267304726,0.02259766606577942,5.697354868490896,1.818843956149231,8.866337933043258,0.32264404494334287,0.07722503416060297,0.9678951094272507,0.07489477527333938,1.0000000000000013,13.212425891973837,16.0,2.3735102306574962,0.15437894982248004,0.9377689753042784
"grpo[] mlp_w32 from mlp_5 {context_source=uniform, contexts=256, group=5, learning_rate=0.0001, reference=initial, ppo_epochs=1, steps=10000, reward=potts_tfbind8}",1,models/port_grid3/grpo/seed_1/finetune_mlp_5,0.44427505891047336,0.08357639274669312,15.531627915114328,7.130185092080727,8.335772620855574,0.4452722987794658,4.162311620753919,0.08574602242152171,0.006074908456497524,2.9560565162070467,0.08795406458499935,0.09182093087801924,6.231373712586462,1.9501525681711138,11.945528505582388,0.4837071499793888,1.8495075902881122,2.5695373851511967,0.45172661714137596,1.0000000000000013,12.425094373846893,32.0,3.030785369963902,0.20129613116290795,0.9285465716111517
"grpo[] mlp_w32 from mlp_5 {context_source=uniform, contexts=256, group=5, learning_rate=0.0001, reference=initial, ppo_epochs=1, steps=10000, reward=potts_tfbind8}",1,models/port_grid3/grpo/seed_1/finetune_mlp_5,0.5094444982901616,0.3733404929268878,15.240945201131655,6.761863058312969,9.775690020814412,0.5104268403155898,3.5632522560577695,0.3661745912987654,0.02573228498670127,2.575110271771065,0.3764151271746851,0.39190687628546667,2.7575663998314086,0.7058675358755948,16.513786530595453,0.7063582724046967,3.8269213789214773,2.452639120943808,0.9800394728291146,1.0000000000000009,10.553679336498313,64.0,4.7484294913948615,0.332896751891539,0.9098031818273561
"grpo[] mlp_w32 from mlp_5 {context_source=uniform, contexts=256, group=5, learning_rate=0.0001, reference=initial, ppo_epochs=1, steps=10000, reward=potts_tfbind8}",1,models/port_grid3/grpo/seed_1/finetune_mlp_5,0.66239215357812,1.4705896162860694,13.857180670270678,5.52923984849887,13.024028061803566,0.6578987964647259,2.428467929572227,1.5391689224859602,0.1206230338811265,2.1268251578231414,1.3771543089744618,1.6597919563670867,3.5264770399515504,0.9437522872665145,16.810463710558697,0.7338641811423715,6.209910007923048,3.5187970502894648,0.9995192405541405,1.0000000000000009,6.681911456814371,128.0,8.234448662526532,0.644596336436504,0.8600817000890107
"grpo[] mlp_w32 from mlp_5 {context_source=uniform, contexts=256, group=5, learning_rate=0.0001, reference=initial, ppo_epochs=1, steps=10000, reward=potts_tfbind8}",1,models/port_grid3/grpo/seed_1/finetune_mlp_5,0.8605927625396814,3.6070161116840933,7.862403867952006,2.8678251240618406,17.538603662030358,0.8653437310452213,0.5060903053463657,4.532588039537092,0.4709990091546912,2.19787315709228,3.5847529084576264,5.0035870486917835,1.065800606620594,0.028520967821276794,20.090620147675104,0.9468100427218468,19.34457084970692,1.0657963507140589,0.9999997340053329,1.0,2.1176466559572895,256.0,6.692716852463641,0.926209782752325,0.39578065727982475
"grpo[] mlp_w32 from mlp_5 {context_source=uniform, contexts=256, group=5, learning_rate=0.0001, reference=initial, ppo_epochs=1, steps=10000, reward=potts_tfbind8}",1,models/port_grid3/grpo/seed_1/finetune_mlp_5,0.9391418605467293,5.115673954873534,2.12308914999258,0.49218885077946856,19.784376111573664,0.939114781113674,0.538702519977742,9.887123246533987,1.2073652736219902,4.760079242665673,5.17100059179528,11.094488520155977,1.0012976829842288,0.000850270858194716,20.095814192220967,0.9470333385261097,19.35666121829442,1.0012976828533682,0.9999999999918207,0.9999999999999993,0.3352356649800611,500.0,2.0438697159256844,0.9950383813670406,0.1637908857701095
"grpo[] mlp_w32 from mlp_5 {context_source=uniform, contexts=256, group=5, learning_rate=0.0001, reference=initial, ppo_epochs=1, steps=10000, reward=potts_tfbind8}",1,models/port_grid3/grpo/seed_1/finetune_mlp_5,0.9395018506579924,5.128399754466826,2.063452355751509,0.4682636621079376,19.801787194261387,0.9395971914108255,0.5510289441489263,10.02193501925373,1.226584760259696,4.837791706412319,5.1870982624961055,11.248519779513426,1.0011906346189083,0.0007866777467746222,20.09582175939326,0.9470336793631535,19.3566986181378,1.001190634519752,0.9999999999938023,1.0000000000000002,0.3252167116492485,512.0,1.9905176136453189,0.9954327856685278,0.16459761555799904
"grpo[] mlp_w32 from mlp_5 {context_source=uniform, contexts=256, group=5, learning_rate=0.0001, reference=initial, ppo_epochs=1, steps=10000, reward=potts_tfbind8}",1,models/port_grid3/grpo/seed_1/finetune_mlp_5,0.9439930945770554,5.302452245463209,1.4544110905674188,0.2100707083473175,19.98255651408765,0.9442228049398729,0.7117067821479205,12.640349143841709,1.4565894015255498,6.174905275063109,5.360458153630341,14.096938545367259,1.0002269962679398,0.00017357293390373422,20.09589074825283,0.9470367391402754,19.35707373181201,1.000226996267524,0.9999999999999737,0.9999999999999998,0.22742262304403446,1000.0,1.4381031248189506,0.9989798822626228,0.17641918662298756
"grpo[] mlp_w32 from mlp_5 {context_source=uniform, contexts=256, group=5, learning_rate=0.0001, reference=initial, ppo_epochs=1, steps=10000, reward=potts_tfbind8}",1,models/port_grid3/grpo/seed_1/finetune_mlp_5,0.9437428835287073,5.291468216000963,1.4700140585654888,0.21698971807064565,19.979631233801513,0.9441293964992009,0.6941179978044617,12.545486921594081,1.4366247594013402,6.119857761724368,5.354796356679273,13.982111680995422,1.0002467219760507,0.00018742955815709625,20.09588928991647,0.9470366768945102,19.35706486215856,1.000246721975603,0.9999999999999722,0.9999999999999997,0.22614874652223133,1024.0,1.454214918726382,0.999011772317011,0.17564811994222065
"grpo[] mlp_w32 from mlp_5 {context_source=uniform, contexts=256, group=5, learning_rate=0.0001, reference=initial, ppo_epochs=1, steps=10000, reward=potts_tfbind8}",1,models/port_grid3/grpo/seed_1/finetune_mlp_5,0.9448207938715758,5.33277434284862,1.358378402745441,0.1696747157047013,20.014045652169038,0.9450411585892331,0.7390526572330616,13.321549685872302,1.746572416152599,6.490799369811381,5.386488809635097,15.068122102024901,1.0001904308597518,0.00014715779618277366,20.095893680617028,0.9470368528950411,19.35709032015652,1.0001904308597411,0.9999999999999991,0.9999999999999994,0.20621957192673296,1500.0,1.3499733660318074,0.9994744378992538,0.17750973551016783
"grpo[] mlp_w32 from mlp_5 {context_source=uniform, contexts=256, group=5, learning_rate=0.0001, reference=initial, ppo_epochs=1, steps=10000, reward=potts_tfbind8}",1,models/port_grid3/grpo/seed_1/finetune_mlp_5,0.9452643771076966,5.3440853573736895,1.4035425929372227,0.18898918428689387,20.008701926860443,0.9450133016964002,0.7032921170518512,13.482063267509735,2.1207065344315392,6.40278105110953,5.373128429359239,15.602769801941275,1.0002520233574277,0.0001900202959006407,20.09588947144902,0.9470366560423913,19.357062156711024,1.0002520233574277,0.9999999999999997,0.9999999999999999,0.2008747796137959,2000.0,1.3976228958225456,0.9996299312322073,0.175534682228642
"grpo[] mlp_w32 from mlp_5 {context_source=uniform, contexts=256, group=5, learning_rate=0.0001, reference=initial, ppo_epochs=1, steps=10000, reward=potts_tfbind8}",1,models/port_grid3/grpo/seed_1/finetune_mlp_5,0.9454004133487873,5.353772626093349,1.3741427981673668,0.17621603087695703,20.016219612285955,0.9451510033815569,0.716071868959705,13.646173151083238,2.183632862329736,6.4916341915496325,5.38103417381936,15.829806013412973,1.0002666274617023,0.00020007845056382653,20.09588845420838,0.9470366095032078,19.357055632607885,1.0002666274617023,0.9999999999999991,0.9999999999999998,0.19750399593559914,2048.0,1.3688608992568594,0.9996698130551235,0.17589131426651972
"grpo[] mlp_w32 from mlp_5 {context_source=uniform, contexts=256, group=5, learning_rate=0.0001, reference=initial, ppo_epochs=1, steps=10000, reward=potts_tfbind8}",1,models/port_grid3/grpo/seed_1/finetune_mlp_5,0.9453074345840802,5.347215516228928,1.4872098230557256,0.2207869929458344,19.99968531047247,0.9448141657619883,0.6477037613427831,13.71040066622082,2.5556929306577594,6.278397845613598,5.348779140447108,16.26609359687858,1.0006900353516732,0.0004767701885310315,20.095858845194527,0.9470352607455214,19.356881703100576,1.0006900353516732,0.9999999999999994,0.9999999999999997,0.19005041528368496,2500.0,1.4829874641683949,0.9997360767542263,0.17163922416872537
"grpo[] mlp_w32 from mlp_5 {context_source=uniform, contexts=256, group=5, learning_rate=0.0001, reference=initial, ppo_epochs=1, steps=10000, reward=potts_tfbind8}",1,models/port_grid3/grpo/seed_1/finetune_mlp_5,0.9456104521089301,5.375033181676758,1.4523468602584146,0.20404873201089577,20.011857843113894,0.9449696713573665,0.6687658210915765,14.6821462993215,3.1446097858108306,6.520417261397444,5.358023472847652,17.82675608513233,1.0012047548985943,0.000790583240860807,20.095822824894867,0.9470336204663058,19.356692894229337,1.0012047548985943,0.9999999999999993,1.0,0.18103594872204892,3000.0,1.4500735586003826,0.9998579127783745,0.1709626437300449
"grpo[] mlp_w32 from mlp_5 {context_source=uniform, contexts=256, group=5, learning_rate=0.0001, reference=initial, ppo_epochs=1, steps=10000, reward=potts_tfbind8}",1,models/port_grid3/grpo/seed_1/finetune_mlp_5,0.9454253767389705,5.3686024061887805,1.505380891782358,0.2233542771593238,20.004613960741658,0.9446817458623488,0.6264065685814784,14.913641067370055,3.496884267291893,6.311556055529817,5.342861672857633,18.410525334661948,1.0000001328452137,1.6476715013339615e-07,20.095907101762318,0.9470374579242383,19.357190838781776,1.0000001328452137,0.9999999999999997,1.0,0.1767399722903518,3500.0,1.503119840258059,0.9998586791590125,0.1671649766998048
"grpo[] mlp_w32 from mlp_5 {context_source=uniform, contexts=256, group=5, learning_rate=0.0001, reference=initial, ppo_epochs=1, steps=10000, reward=potts_tfbind8}",1,models/port_grid3/grpo/seed_1/finetune_mlp_5,0.9458052773002411,5.397345441518675,1.3865944503453869,0.17361289749280823,20.028181677810345,0.9451567586520627,0.6589009623056583,15.62296496477062,4.02557696741917,6.5787628515703815,5.376915708660749,19.64854193218979,1.0000000961836366,1.2059002869873547e-07,20.095907106168337,0.9470374580910856,19.357190872771177,1.0000000961836366,1.0,1.0000000000000004,0.17544243249039979,4000.0,1.3853894644289162,0.9999246866471327,0.17023834517963427
"grpo[] mlp_w32 from mlp_5 {context_source=uniform, contexts=256, group=5, learning_rate=0.0001, reference=initial, ppo_epochs=1, steps=10000, reward=potts_tfbind8}",1,models/port_grid3/grpo/seed_1/finetune_mlp_5,0.945753067798009,5.3936981615658,1.4305865333963412,0.1908330757063031,20.02004571133437,0.9449636031584255,0.6523934288639526,15.421436093370406,4.059545009536205,6.444220671687024,5.365457424979791,19.48098110290661,1.0000000975441694,1.2232307681307676e-07,20.095907105919935,0.9470374580827577,19.357190871501118,1.0000000975441694,0.9999999999999997,1.0,0.17618809852340905,4096.0,1.4290195977561422,0.999902063643199,0.16834266521390015
"grpo[] mlp_w32 from mlp_5 {context_source=uniform, contexts=256, group=5, learning_rate=0.0001, reference=initial, ppo_epochs=1, steps=10000, reward=potts_tfbind8}",1,models/port_grid3/grpo/seed_1/finetune_mlp_5,0.9459125134898891,5.406142919903585,1.3981520252648605,0.17599755405081027,20.027283571219964,0.945103711629878,0.6675165101175309,16.27046697924045,4.441730630751085,6.612270324779604,5.375255712805684,20.712197609991534,1.0000000695976712,8.85796839589867e-08,20.095907108403036,0.947037458185976,19.357190898075466,1.0000000695976712,0.9999999999999994,0.9999999999999997,0.1751295965209296,4500.0,1.3973111404102427,0.9999474436937454,0.1688015767711905
"grpo[] mlp_w32 from mlp_5 {context_source=uniform, contexts=256, group=5, learning_rate=0.0001, reference=initial, ppo_epochs=1, steps=10000, reward=potts_tfbind8}",1,models/port_grid3/grpo/seed_1/finetune_mlp_5,0.9458919907560653,5.405220368430182,1.3914850749811993,0.17108949443224358,20.029508039247737,0.9451449667768811,0.6768951973357833,16.80278850263674,4.914950113076252,6.673045094137432,5.379368239594364,21.717738615712992,1.0000000554130435,7.114655682062687e-08,20.09590710970089,0.9470374582393641,19.357190911852673,1.0000000554130435,0.9999999999999998,1.0,0.1759054212679613,5000.0,1.3906376277450763,0.9999470333427003,0.16921842914945642
"grpo[] mlp_w32 from mlp_5 {context_source=uniform, contexts=256, group=5, learning_rate=0.0001, reference=initial, ppo_epochs=1, steps=10000, reward=potts_tfbind8}",1,models/port_grid3/grpo/seed_1/finetune_mlp_5,0.9459918627986502,5.412578995001163,1.3500923675010377,0.15354037044124977,20.037267398275734,0.945318173394721,0.7033172538182942,17.2747127199871,5.390157207790185,6.826157812382222,5.391578489091919,22.664869927777286,1.0000000276932695,3.670893907008716e-08,20.09590711176233,0.9470374583307124,19.357190939456537,1.0000000276932695,0.9999999999999994,1.0,0.17647663222351584,5500.0,1.349402688681308,0.9999568943191396,0.17026065351472397
"grpo[] mlp_w32 from mlp_5 {context_source=uniform, contexts=256, group=5, learning_rate=0.0001, reference=initial, ppo_epochs=1, steps=10000, reward=potts_tfbind8}",1,models/port_grid3/grpo/seed_1/finetune_mlp_5,0.9460206267421615,5.414442365408143,1.3388731978962105,0.14577483380947812,20.0408102743898,0.9453934153467597,0.7260536721018275,18.412769279981468,5.801575711159355,7.0670928755945175,5.397601016894099,24.214344991140823,1.0000000303093635,3.999974580640014e-08,20.09590711158504,0.9470374583225826,19.357190936797295,1.0000000303093635,0.9999999999999999,1.0,0.1771848458545808,6000.0,1.3383764709606814,0.999968953892006,0.17111183894916063
"grpo[] mlp_w32 from mlp_5 {context_source=uniform, contexts=256, group=5, learning_rate=0.0001, reference=initial, ppo_epochs=1, steps=10000, reward=potts_tfbind8}",1,models/port_grid3/grpo/seed_1/finetune_mlp_5,0.946209269397607,5.425439514267461,1.2884330307043856,0.12661328229409616,20.049880511596808,0.945664794487622,0.7402682181473368,18.891185726000145,6.216212922848282,7.150136706770788,5.41173027057388,25.107398648848427,1.0000000085558653,1.1976530021941524e-08,20.09590711312644,0.9470374583923487,19.357190959524136,1.0000000085558653,1.0,1.0,0.17770874372386014,6500.0,1.2880752110168963,0.9999776359631998,0.17270121350642123
"grpo[] mlp_w32 from mlp_5 {context_source=uniform, contexts=256, group=5, learning_rate=0.0001, reference=initial, ppo_epochs=1, steps=10000, reward=potts_tfbind8}",1,models/port_grid3/grpo/seed_1/finetune_mlp_5,0.946337714826717,5.432025787927521,1.2705957535826222,0.11809391464071976,20.05290803628823,0.9457557939319536,0.7591442566527368,19.242800107859193,6.47396592743581,7.1987769937622,5.418863763423403,25.716766035295002,1.0000000057899676,8.256859130617115e-09,20.09590711332404,0.9470374584013888,19.357190962568303,1.0000000057899676,0.9999999999999992,0.9999999999999996,0.18030094953628084,7000.0,1.2702254175818415,0.9999768535898282,0.17358158803392096
"grpo[] mlp_w32 from mlp_5 {context_source=uniform, contexts=256, group=5, learning_rate=0.0001, reference=initial, ppo_epochs=1, steps=10000, reward=potts_tfbind8}",1,models/port_grid3/grpo/seed_1/finetune_mlp_5,0.9462564157447273,5.42989849674403,1.3018930001562394,0.12964265817870552,20.04818566284245,0.9455698038571027,0.7364753091063598,19.55035211701897,6.741116834369695,7.132616567310227,5.40896925999551,26.291468951388666,1.0000000062671965,8.996152162876707e-09,20.095907113274617,0.9470374584013885,19.357190961933018,1.0000000062671965,0.9999999999999996,1.0,0.17749000627703332,7500.0,1.3015836098511473,0.9999806628498104,0.17202118931604263
"grpo[] mlp_w32 from mlp_5 {context_source=uniform, contexts=256, group=5, learning_rate=0.0001, reference=initial, ppo_epochs=1, steps=10000, reward=potts_tfbind8}",1,models/port_grid3/grpo/seed_1/finetune_mlp_5,0.9464076178810857,5.4372041262064785,1.2582096217255891,0.11292032667671242,20.055325611275027,0.9458233625651058,0.7796349507940455,20.39788449388685,7.066049078597189,7.2919980485997264,5.422310242967775,27.463933572484038,1.0000000107872982,1.5288388072952574e-08,20.095907112666396,0.9470374584101472,19.35719095659252,1.0000000107872982,1.0000000000000002,1.0,0.1801210666003944,8000.0,1.2579808705408033,0.9999857029226217,0.17375898415332763
"grpo[] mlp_w32 from mlp_5 {context_source=uniform, contexts=256, group=5, learning_rate=0.0001, reference=initial, ppo_epochs=1, steps=10000, reward=potts_tfbind8}",1,models/port_grid3/grpo/seed_1/finetune_mlp_5,0.9464435636057411,5.440225650438501,1.2360384700170233,0.1030524326664485,20.058796904382046,0.9459387242335913,0.8399633018127136,21.30488887926621,7.412444893260567,7.581258756940135,5.430428990757075,28.717333772526775,1.000179064988687,0.000138790051351842,20.09589459199308,0.9470368882501707,19.357095633866788,1.000179064988687,0.9999999999999998,0.9999999999999998,0.1830328747291553,8500.0,1.2359048307008336,0.9999916475109667,0.17523771708573277
"grpo[] mlp_w32 from mlp_5 {context_source=uniform, contexts=256, group=5, learning_rate=0.0001, reference=initial, ppo_epochs=1, steps=10000, reward=potts_tfbind8}",1,models/port_grid3/grpo/seed_1/finetune_mlp_5,0.9464968880432677,5.4434186392353245,1.2341657206879408,0.10127145143901213,20.05935129171184,0.9459356248213057,0.8599314898518546,21.276260231453218,7.65863865019443,7.605777083619605,5.431681382867184,28.934898881647648,1.0000007441892493,8.32311296125006e-07,20.09590703329707,0.9470374582961315,19.35719030363171,1.0000007441892493,0.9999999999999994,0.9999999999999999,0.1834536858446008,9000.0,1.2340301221918075,0.9999915250672261,0.17494116476126825
"grpo[] mlp_w32 from mlp_5 {context_source=uniform, contexts=256, group=5, learning_rate=0.0001, reference=initial, ppo_epochs=1, steps=10000, reward=potts_tfbind8}",1,models/port_grid3/grpo/seed_1/finetune_mlp_5,0.9466263406648392,5.450852628810867,1.2198155752136892,0.0960452182106358,20.06196857731863,0.9460194081593148,0.8825680801137347,21.876066054397405,7.9621413029657475,7.8003979688851235,5.435489265242785,29.838207357363153,1.0000008977160142,9.92962652864352e-07,20.0959070166593,0.9470374582741778,19.357190177311484,1.0000008977160142,0.9999999999999996,1.0000000000000002,0.18333563981006248,9500.0,1.2197102986069677,0.9999934201966828,0.17580444149198005
"grpo[] mlp_w32 from mlp_5 {context_source=uniform, contexts=256, group=5, learning_rate=0.0001, reference=initial, ppo_epochs=1, steps=10000, reward=potts_tfbind8}",1,models/port_grid3/grpo/seed_1/finetune_mlp_5,0.9464423720986632,5.439925764764612,1.2355704875793472,0.10138072889284906,20.059278980719604,0.9459482784370906,0.9143905702263675,22.09938223426577,8.234653010204962,7.872782357583716,5.431770298027145,30.334035244470734,1.000081762546059,6.737634434689849e-05,20.095901396436567,0.9470371980877547,19.35714343392435,1.000081762546059,0.9999999999999999,1.0,0.1836510674929522,10000.0,1.235476687185309,0.9999941374656744,0.17472355938221834
"grpo[] mlp_w32 from mlp_5 {context_source=uniform, contexts=256, group=5, learning_rate=0.0001, reference=initial, ppo_epochs=1, steps=10000, reward=potts_tfbind8}",2,models/port_grid3/grpo/seed_2/finetune_mlp_5,0.40089774494688835,0.0,15.58400929863198,7.3350796144291905,7.274364485999048,0.40059227009566606,4.745069725420644,0.0,0.0,3.3845174252188786,0.0,0.0,4.896481007458549,1.5766628960892644,8.347072093028896,0.2951274947079451,0.0,0.36194497535363446,0.02441464572044008,1.0000000000000013,13.929252511546688,0.0,1.8270649549340976,0.11713328142727052,0.9521731131251499
"grpo[] mlp_w32 from mlp_5 {context_source=uniform, contexts=256, group=5, learning_rate=0.0001, reference=initial, ppo_epochs=1, steps=10000, reward=potts_tfbind8}",2,models/port_grid3/grpo/seed_2/finetune_mlp_5,0.4017101624403511,8.395547569894153e-05,15.58119607614134,7.324859389469452,7.303476647259923,0.4014974380482976,4.732639482383552,8.940278255245115e-05,8.282860637229668e-06,3.3737808662490054,8.941071817818017e-05,9.768564318968082e-05,4.891044116457788,1.5758870766690078,8.353542095596358,0.2954559238150573,4.002828461752671e-05,0.3682731410633676,0.02488128496381348,1.0000000000000013,13.885673680373543,1.0,1.8541086694289097,0.11897158374594367,0.9513443640944834
"grpo[] mlp_w32 from mlp_5 {context_source=uniform, contexts=256, group=5, learning_rate=0.0001, reference=initial, ppo_epochs=1, steps=10000, reward=potts_tfbind8}",2,models/port_grid3/grpo/seed_2/finetune_mlp_5,0.4028568514537908,0.00034511239760574093,15.580502799446826,7.318000679178809,7.334172269524197,0.4026372177648343,4.715452526370873,0.00036755470953442814,2.9895133917175794e-05,3.359779337786016,0.00036787717731443913,0.00039744984345160394,4.888508269742002,1.5741327027819199,8.378079172622114,0.29668090608211695,0.0007176499575707714,0.39650494370469136,0.02702637771020416,1.000000000000001,13.839908713436273,2.0,1.8854537989795586,0.1210934517360718,0.9504143563904943
"grpo[] mlp_w32 from mlp_5 {context_source=uniform, contexts=256, group=5, learning_rate=0.0001, reference=initial, ppo_epochs=1, steps=10000, reward=potts_tfbind8}",2,models/port_grid3/grpo/seed_2/finetune_mlp_5,0.40514825346818734,0.0013441325285156241,15.580572451588825,7.307848735459218,7.393850058225764,0.40501834482073096,4.680986465303802,0.0014397459888552226,0.00011058304478013797,3.3326211813210906,0.0014433426486212533,0.0015503290336353606,4.898965691719899,1.579841310626873,8.401039539995466,0.29791317598098543,0.001999475984953412,0.41638204311329063,0.028531466849741897,1.0000000000000013,13.751467495855232,4.0,1.9476736148671636,0.12531266558983728,0.9485883567035809
"grpo[] mlp_w32 from mlp_5 {context_source=uniform, contexts=256, group=5, learning_rate=0.0001, reference=initial, ppo_epochs=1, steps=10000, reward=potts_tfbind8}",2,models/port_grid3/grpo/seed_2/finetune_mlp_5,0.40999847404952433,0.005350492041667461,15.579307109652976,7.287480022669076,7.515874975691002,0.4100170852880384,4.609211010533389,0.005677652748410908,0.00042435842589585385,3.276006345117075,0.005712289000416138,0.006102011174306762,4.959197697466604,1.5995004690318284,8.4543606405454,0.30074764033528695,0.006656316343036063,0.49173160528990423,0.03447112304397538,1.000000000000001,13.57269906600916,8.0,2.0803482314830513,0.13436524745933554,0.9446595270881504
"grpo[] mlp_w32 from mlp_5 {context_source=uniform, contexts=256, group=5, learning_rate=0.0001, reference=initial, ppo_epochs=1, steps=10000, reward=potts_tfbind8}",2,models/port_grid3/grpo/seed_2/finetune_mlp_5,0.4208703921853588,0.021278015863850232,15.57396337655997,7.247996494203248,7.771617959641825,0.42104448899166996,4.456009432063393,0.022173721797466073,0.0016010391742591716,3.1596417613841012,0.022475846695802857,0.023774760971725244,5.099932639517746,1.6451621057851298,8.794037753292216,0.3179596669589815,0.04525517023247778,0.8280159439453312,0.06472892735103641,1.0000000000000013,13.205848147778322,16.0,2.373137405741558,0.15457895858358622,0.9380943821795442
"grpo[] mlp_w32 from mlp_5 {context_source=uniform, contexts=256, group=5, learning_rate=0.0001, reference=initial, ppo_epochs=1, steps=10000, reward=potts_tfbind8}",2,models/port_grid3/grpo/seed_2/finetune_mlp_5,0.445703174167674,0.08680178944827693,15.53078721200857,7.133904767715395,8.35213276161433,0.4463930345080227,4.1449504972878275,0.08914794474871593,0.006341243459121057,2.9379958908693267,0.09111013956052498,0.09548918820783699,6.181205065521995,1.9394851916774534,11.98835621896706,0.4860380467525611,1.8895500191628565,2.5909489991221166,0.45733938175960137,1.0000000000000013,12.403710237684287,32.0,3.0599396029826234,0.2033742617368368,0.9281047651544223
"grpo[] mlp_w32 from mlp_5 {context_source=uniform, contexts=256, group=5, learning_rate=0.0001, reference=initial, ppo_epochs=1, steps=10000, reward=potts_tfbind8}",2,models/port_grid3/grpo/seed_2/finetune_mlp_5,0.5099942084897029,0.37723945673564796,15.242313696326233,6.766312540086373,9.778033355177538,0.5109502442925516,3.556857935758596,0.37401213854373655,0.026265292315176436,2.567369931130912,0.38094934512305884,0.400277430858913,2.6327102071574755,0.6575361682578682,16.565091916755136,0.7085706545994126,3.8647255827065283,2.4015141783709657,0.9850925593855109,1.000000000000001,10.554698552902,64.0,4.74916312660769,0.3329936617925218,0.9094745408874924
"grpo[] mlp_w32 from mlp_5 {context_source=uniform, contexts=256, group=5, learning_rate=0.0001, reference=initial, ppo_epochs=1, steps=10000, reward=potts_tfbind8}",2,models/port_grid3/grpo/seed_2/finetune_mlp_5,0.6585694640369978,1.435654217589572,13.858192970659967,5.535009356762213,12.960841447868685,0.6534105505537258,2.445666014267252,1.5030360473214248,0.1176573845007236,2.1368727306149347,1.3413099100207233,1.6206934318221484,3.37155188001824,0.8592740940494157,16.81182549274955,0.7302758047628404,5.661780233326336,3.3664491792793925,0.9996808538238913,1.0000000000000009,6.740846978762938,128.0,8.13373647660746,0.6380218596911145,0.8603731259806615
"grpo[] mlp_w32 from mlp_5 {context_source=uniform, contexts=256, group=5, learning_rate=0.0001, reference=initial, ppo_epochs=1, steps=10000, reward=potts_tfbind8}",2,models/port_grid3/grpo/seed_2/finetune_mlp_5,0.8482027371743059,3.44299154544658,8.528940296230493,3.0954437625993734,17.2878275754018,0.8548601496314145,0.5680790940918973,4.455179207067252,0.4566259775641681,2.1479538532675027,3.4076563897208003,4.91180518463142,1.097677815196412,0.03994327083969311,20.088173298386934,0.9467034752469602,19.341976938010628,1.097670742205424,0.9999995579366322,1.0000000000000002,2.3167142671633187,256.0,7.265326259838036,0.9202773488505898,0.44134698646603476
"grpo[] mlp_w32 from mlp_5 {context_source=uniform, contexts=256, group=5, learning_rate=0.0001, reference=initial, ppo_epochs=1, steps=10000, reward=potts_tfbind8}",2,models/port_grid3/grpo/seed_2/finetune_mlp_5,0.9388033741266192,5.101743209279325,2.150697777930968,0.5057993791971115,19.773267842199505,0.9389035157078943,0.5199401116621065,9.720801701591846,1.1697894847797627,4.676586066621957,5.163745384993705,10.890591186371609,1.0014002512365274,0.0009114782491204385,20.095806475918224,0.9470330154028703,19.356626296641167,1.0014002511138167,0.9999999999923301,0.9999999999999999,0.3446428622396528,500.0,2.0662153551435027,0.9947084408025645,0.16341797699406993
"grpo[] mlp_w32 from mlp_5 {context_source=uniform, contexts=256, group=5, learning_rate=0.0001, reference=initial, ppo_epochs=1, steps=10000, reward=potts_tfbind8}",2,models/port_grid3/grpo/seed_2/finetune_mlp_5,0.939133889375562,5.111843489908828,2.1219255703271087,0.49421195362849063,19.781596201090906,0.9391606314559297,0.5229813051053657,9.769981676695766,1.1732304017370385,4.7054111972224275,5.172354690235946,10.943212078432804,1.0013576910499427,0.0008863701103948359,20.095809535839866,0.9470331506140737,19.356640860468286,1.0013576909568966,0.9999999999941845,1.0000000000000002,0.34075962914480523,512.0,2.0401771548115875,0.9948799093074181,0.16379197273352147
"grpo[] mlp_w32 from mlp_5 {context_source=uniform, contexts=256, group=5, learning_rate=0.0001, reference=initial, ppo_epochs=1, steps=10000, reward=potts_tfbind8}",2,models/port_grid3/grpo/seed_2/finetune_mlp_5,0.9436924276803957,5.289354115613721,1.4692998652995959,0.21828363417382343,19.978200434582444,0.9441286761978824,0.6820232507930254,12.253422253818309,1.4310241224533922,5.963811814896071,5.354282343398425,13.684446376271701,1.0002568968963326,0.00019457162091740844,20.09588851917547,0.9470366449034209,19.357060340563077,1.0002568968956487,0.999999999999957,0.9999999999999999,0.22778093206995847,1000.0,1.4517643366516053,0.9989031736890387,0.1755641965911589
"grpo[] mlp_w32 from mlp_5 {context_source=uniform, contexts=256, group=5, learning_rate=0.0001, reference=initial, ppo_epochs=1, steps=10000, reward=potts_tfbind8}",2,models/port_grid3/grpo/seed_2/finetune_mlp_5,0.9436337416844744,5.2866270243396345,1.4709064126197597,0.21937294908704436,19.978419551681455,0.9441418858083487,0.676375714502064,12.233235132156997,1.4243122314452101,5.949063676429607,5.353530169552817,13.657547363602207,1.0002758660554325,0.00020763304824896562,20.095887194484984,0.9470365844809725,19.357051878005056,1.000275866054864,0.9999999999999638,1.0000000000000002,0.22670008257588967,1024.0,1.4540342525812175,0.9989447367473957,0.17554801200295772
"grpo[] mlp_w32 from mlp_5 {context_source=uniform, contexts=256, group=5, learning_rate=0.0001, reference=initial, ppo_epochs=1, steps=10000, reward=potts_tfbind8}",2,models/port_grid3/grpo/seed_2/finetune_mlp_5,0.9448725612846922,5.338134370782115,1.3556197727795245,0.16977283275610006,20.01418806235327,0.9450678026868731,0.7333274608361899,13.380234957040235,1.7220894468145627,6.425484713387105,5.386966853863217,15.102324403854798,1.0001620255262726,0.00012687883991334311,20.095895666747854,0.9470369433510666,19.35710370630334,1.0001620255262602,0.9999999999999987,1.0000000000000002,0.20648400087852933,1500.0,1.3480559398240917,0.9995271074829087,0.17779036715754445
"grpo[] mlp_w32 from mlp_5 {context_source=uniform, contexts=256, group=5, learning_rate=0.0001, reference=initial, ppo_epochs=1, steps=10000, reward=potts_tfbind8}",2,models/port_grid3/grpo/seed_2/finetune_mlp_5,0.9451202167805947,5.341026300953655,1.4214533727538887,0.19602365535117147,20.005689002004782,0.9449050726836782,0.7116683212180844,13.560192577178048,2.081707977006859,6.424432470151066,5.367239814001847,15.641900554184907,1.0002077746750335,0.0001591804070324339,20.09589256287552,0.9470367969784759,19.357082265344857,1.0002077746750335,0.9999999999999994,0.9999999999999998,0.19950555153989116,2000.0,1.4161006465780632,0.9996654026492144,0.17468831604609242
"grpo[] mlp_w32 from mlp_5 {context_source=uniform, contexts=256, group=5, learning_rate=0.0001, reference=initial, ppo_epochs=1, steps=10000, reward=potts_tfbind8}",2,models/port_grid3/grpo/seed_2/finetune_mlp_5,0.9450436847942283,5.3344094303186775,1.4589449041130034,0.2109218959360347,19.999147004188654,0.9447517110699665,0.6911785645311757,13.56810107722009,2.1347030960413527,6.3785045826517415,5.3563431039481175,15.702804173261443,1.0002655559422917,0.00019935710491524803,20.09588852381953,0.9470366129541649,19.357056107396083,1.0002655559422917,0.9999999999999997,0.9999999999999998,0.19842183821030526,2048.0,1.4533577656998777,0.9996507440474662,0.17329580401182465
"grpo[] mlp_w32 from mlp_5 {context_source=uniform, contexts=256, group=5, learning_rate=0.0001, reference=initial, ppo_epochs=1, steps=10000, reward=potts_tfbind8}",2,models/port_grid3/grpo/seed_2/finetune_mlp_5,0.9451024239603408,5.33847752491052,1.5007947362016278,0.22651812726534276,19.99801416845256,0.9447369407213829,0.6543534081618158,14.018002036399363,2.5085830247259544,6.302982576447333,5.344317540298666,16.526585061125317,1.0006300187485186,0.00043887858157455834,20.095863043868846,0.9470354519524876,19.356905023557854,1.0006300187485186,0.9999999999999993,0.9999999999999997,0.1880955281650599,2500.0,1.4962198348715998,0.9997140402716913,0.17104896657458593
"grpo[] mlp_w32 from mlp_5 {context_source=uniform, contexts=256, group=5, learning_rate=0.0001, reference=initial, ppo_epochs=1, steps=10000, reward=potts_tfbind8}",2,models/port_grid3/grpo/seed_2/finetune_mlp_5,0.9454997772572629,5.366922529457152,1.4873090566325642,0.21835396077201674,20.00582111327433,0.9448852993945688,0.6392282859203232,14.49809701083098,2.9640402461879187,6.3054666194985005,5.349080584057325,17.4621372570189,1.0000001066345252,1.357979637387588e-07,20.09590709901186,0.9470374578839191,19.357190864613084,1.000000106634525,0.9999999999999992,0.9999999999999998,0.18114815469103743,3000.0,1.4847957818849453,0.9998429121041006,0.17016153432985967
"grpo[] mlp_w32 from mlp_5 {context_source=uniform, contexts=256, group=5, learning_rate=0.0001, reference=initial, ppo_epochs=1, steps=10000, reward=potts_tfbind8}",2,models/port_grid3/grpo/seed_2/finetune_mlp_5,0.9455016379838642,5.372629111040522,1.5153025940986908,0.22785453897691127,20.00277259270726,0.9446338605223009,0.6074383448959475,14.50083847033694,3.4020979741196413,6.1666132718868685,5.33943516793435,17.902936444456582,1.0000001220598196,1.52933019757038e-07,20.095907101048933,0.947037457919598,19.357190849057663,1.0000001220598196,0.9999999999999991,0.9999999999999997,0.17607551941869648,3500.0,1.5128809841278792,0.9998486445578302,0.16673338648658909
"grpo[] mlp_w32 from mlp_5 {context_source=uniform, contexts=256, group=5, learning_rate=0.0001, reference=initial, ppo_epochs=1, steps=10000, reward=potts_tfbind8}",2,models/port_grid3/grpo/seed_2/finetune_mlp_5,0.9455844461172258,5.381380820685861,1.4685108734874022,0.2055402982384526,20.015172930015932,0.9448330464526229,0.6341778772915131,15.593688778923678,3.877285843261703,6.483843095839429,5.353760014389944,19.47097462218538,1.0000001537265908,1.8827826620194634e-07,20.095907101599728,0.9470374578935145,19.357190819480856,1.0000001537265908,1.0,1.0000000000000002,0.17179985991124436,4000.0,1.4668751340056088,0.9998977630271281,0.16626194125309915
"grpo[] mlp_w32 from mlp_5 {context_source=uniform, contexts=256, group=5, learning_rate=0.0001, reference=initial, ppo_epochs=1, steps=10000, reward=potts_tfbind8}",2,models/port_grid3/grpo/seed_2/finetune_mlp_5,0.9456172472014486,5.387446184122824,1.44999207335935,0.19870213509111478,20.015862744163346,0.9447964249404402,0.6473706420679406,15.405690796414067,3.9738173467568068,6.435885977213118,5.3582612327207935,19.379508143170874,1.0000001121465407,1.3957196572577285e-07,20.095907104858554,0.947037458035145,19.357190857806263,1.0000001121465407,1.0,0.9999999999999998,0.17526635702096305,4096.0,1.4486164697701858,0.9999140228756994,0.1670703899503888
"grpo[] mlp_w32 from mlp_5 {context_source=uniform, contexts=256, group=5, learning_rate=0.0001, reference=initial, ppo_epochs=1, steps=10000, reward=potts_tfbind8}",2,models/port_grid3/grpo/seed_2/finetune_mlp_5,0.945633334841973,5.389653010368032,1.4532327022006584,0.19699031532087824,20.017556987422598,0.9448362327665392,0.6566838461891916,16.408563357000194,4.3727144847862895,6.604913684035091,5.359950351835938,20.781277841786483,1.0000000772049757,9.771934061132813e-08,20.09590710788455,0.9470374581622342,19.357190890775872,1.0000000772049757,1.0000000000000002,1.0,0.17441411124723694,4500.0,1.4522361563118713,0.9999377144146627,0.16755011640346332
"grpo[] mlp_w32 from mlp_5 {context_source=uniform, contexts=256, group=5, learning_rate=0.0001, reference=initial, ppo_epochs=1, steps=10000, reward=potts_tfbind8}",2,models/port_grid3/grpo/seed_2/finetune_mlp_5,0.9459339987871842,5.406169600042854,1.3947436206892707,0.17197259927509723,20.02790054502089,0.9451110368844304,0.7035062164589989,16.880760851687317,4.929326635333059,6.761132975160782,5.379283608945019,21.810087487020375,1.0000000627383887,8.010137632270233e-08,20.095907109124905,0.9470374582143481,19.357190904717935,1.0000000627383887,0.9999999999999999,1.0000000000000002,0.17823203195885493,5000.0,1.393894437452138,0.9999469247927414,0.16966349546626824
"grpo[] mlp_w32 from mlp_5 {context_source=uniform, contexts=256, group=5, learning_rate=0.0001, reference=initial, ppo_epochs=1, steps=10000, reward=potts_tfbind8}",2,models/port_grid3/grpo/seed_2/finetune_mlp_5,0.9460947912841563,5.414886243478699,1.3409388797807886,0.15061178754977153,20.03878109305544,0.9454244690283579,0.7230974897706219,17.64199241509301,5.356128849262209,6.8914921595392515,5.395160025696392,22.99812126435522,1.000000023373605,3.1268945592766997e-08,20.095907112043708,0.9470374583440109,19.357190943870624,1.000000023373605,0.9999999999999996,0.9999999999999998,0.17778762665843598,5500.0,1.3400534292548418,0.9999446576302002,0.17090968206134943
"grpo[] mlp_w32 from mlp_5 {context_source=uniform, contexts=256, group=5, learning_rate=0.0001, reference=initial, ppo_epochs=1, steps=10000, reward=potts_tfbind8}",2,models/port_grid3/grpo/seed_2/finetune_mlp_5,0.946150199638064,5.416210469174725,1.3405724417238964,0.14801730506177754,20.04049107272777,0.945440297222086,0.7147588041243247,18.281604908787564,5.721190991053,6.91503055981344,5.396631775144068,24.002795899840564,1.0000000193543401,2.611369083035873e-08,20.095907112347412,0.9470374583574508,19.3571909480266,1.0000000193543401,1.0,0.9999999999999999,0.17669440659766253,6000.0,1.3399753687371745,0.999962682082599,0.1706118923242138
"grpo[] mlp_w32 from mlp_5 {context_source=uniform, contexts=256, group=5, learning_rate=0.0001, reference=initial, ppo_epochs=1, steps=10000, reward=potts_tfbind8}",2,models/port_grid3/grpo/seed_2/finetune_mlp_5,0.9461119975365874,5.4188529404204555,1.2932186306231752,0.128112205432075,20.04948580269437,0.9456551297480534,0.744418642444578,19.344081483321304,6.129152355565235,7.2403565389888325,5.41057066420045,25.47323383888654,1.000000017828878,2.413716682382524e-08,20.095907112472062,0.9470374583628605,19.357190949616427,1.000000017828878,0.9999999999999997,0.9999999999999999,0.17714120070407785,6500.0,1.2928495342885147,0.9999769310154356,0.1723488795202225
"grpo[] mlp_w32 from mlp_5 {context_source=uniform, contexts=256, group=5, learning_rate=0.0001, reference=initial, ppo_epochs=1, steps=10000, reward=potts_tfbind8}",2,models/port_grid3/grpo/seed_2/finetune_mlp_5,0.9462385954686859,5.426901675121262,1.3051476772128985,0.13102988155592418,20.04695853176731,0.9455647527946173,0.7622104668913662,19.754297931657426,6.479365657810089,7.250340666376409,5.408842107944366,26.233663589467515,1.000000006335478,9.019449238565225e-09,20.095907113281385,0.94703745839986,19.357190961936517,1.000000006335478,0.9999999999999993,0.9999999999999997,0.17920355083861125,7000.0,1.304830837614743,0.999980197204448,0.17219520740309477
"grpo[] mlp_w32 from mlp_5 {context_source=uniform, contexts=256, group=5, learning_rate=0.0001, reference=initial, ppo_epochs=1, steps=10000, reward=potts_tfbind8}",2,models/port_grid3/grpo/seed_2/finetune_mlp_5,0.9463089093729173,5.431083440174683,1.2957633301781826,0.1267459841182241,20.04902319745526,0.9456200721911538,0.7608442296567524,19.867520354629526,6.775095668112193,7.214392572084589,5.411977837722337,26.64261602274172,1.0000000070679835,1.0057072592191357e-08,20.09590711322352,0.9470374583983372,19.3571909610708,1.0000000070679835,1.0,0.9999999999999997,0.17924228208462417,7500.0,1.2954620863632038,0.99998117202671,0.1723881001943661
"grpo[] mlp_w32 from mlp_5 {context_source=uniform, contexts=256, group=5, learning_rate=0.0001, reference=initial, ppo_epochs=1, steps=10000, reward=potts_tfbind8}",2,models/port_grid3/grpo/seed_2/finetune_mlp_5,0.9462874860169433,5.431824874627334,1.305544359833392,0.1302561711056551,20.047531447667083,0.945577978806175,0.7897143949485338,20.802458681951126,7.068977797144324,7.400839614706604,5.408973556639599,27.87143647909545,1.0002938511497474,0.00021867159903098652,20.09588656408479,0.947036522703412,19.35704361177824,1.0002938511497474,1.0,1.0,0.17847562568416625,8000.0,1.3053435206104198,0.9999874474451375,0.17206435166883285
"grpo[] mlp_w32 from mlp_5 {context_source=uniform, contexts=256, group=5, learning_rate=0.0001, reference=initial, ppo_epochs=1, steps=10000, reward=potts_tfbind8}",2,models/port_grid3/grpo/seed_2/finetune_mlp_5,0.9462634549012819,5.429128445861464,1.2928352293026308,0.12550217038487207,20.04990912962656,0.9456812299424524,0.8031666494351242,21.00774893729499,7.343332405341485,7.43007636285604,5.413029237042867,28.351081342636476,1.0003807301886896,0.0002771692358558284,20.095880487357437,0.9470362460032912,19.357006202355876,1.0003807301886896,0.9999999999999998,0.9999999999999998,0.1789647831482135,8500.0,1.2926318087387991,0.9999872861278318,0.1722063179857302
"grpo[] mlp_w32 from mlp_5 {context_source=uniform, contexts=256, group=5, learning_rate=0.0001, reference=initial, ppo_epochs=1, steps=10000, reward=potts_tfbind8}",2,models/port_grid3/grpo/seed_2/finetune_mlp_5,0.9464836707578842,5.441493463169718,1.237611081836135,0.10357053222816692,20.05868096257618,0.9459392149727505,0.8688320256447496,21.7011338220784,7.613186998475282,7.722856668550588,5.43010341627798,29.314320820553682,1.0001971530663585,0.00015162505798821374,20.095893327011602,0.9470368306496569,19.357087188762186,1.0001971530663585,0.9999999999999998,1.0000000000000002,0.182881212958915,9000.0,1.2374682506231665,0.9999910730111146,0.17502146204044153
"grpo[] mlp_w32 from mlp_5 {context_source=uniform, contexts=256, group=5, learning_rate=0.0001, reference=initial, ppo_epochs=1, steps=10000, reward=potts_tfbind8}",2,models/port_grid3/grpo/seed_2/finetune_mlp_5,0.9464268916330075,5.439188187202899,1.259196323832929,0.1106765638041535,20.055420216631983,0.9458181632296341,0.8793979136718795,22.186283881903712,7.919662886693626,7.8002976771251245,5.4244563614920915,30.105946768597338,1.0001680153671617,0.00013089395115322338,20.095895364739985,0.9470369234365642,19.35710084828768,1.0001680153671617,0.9999999999999996,0.9999999999999996,0.18212527708933732,9500.0,1.2590779193860513,0.9999925996981621,0.1733264064609821
"grpo[] mlp_w32 from mlp_5 {context_source=uniform, contexts=256, group=5, learning_rate=0.0001, reference=initial, ppo_epochs=1, steps=10000, reward=potts_tfbind8}",2,models/port_grid3/grpo/seed_2/finetune_mlp_5,0.9466647589898413,5.451850325198298,1.1826190099035152,0.08186437189454986,20.067858890627715,0.9462337333782643,0.9248223214174573,22.403190914753715,8.215771790202105,7.8892050443210815,5.447092475070911,30.61896270495582,1.0000016914173726,1.803773435725335e-06,20.095906930822913,0.9470374581461559,19.357189544081038,1.0000016914173726,0.9999999999999998,0.9999999999999997,0.18610337967450674,10000.0,1.1825181084181984,0.9999936936391998,0.17841441340480313
"justgrpo[ppo_epochs=1, eps_clip=0.2] mlp_w32 from mlp_5 {context_source=uniform, contexts=256, group=5, learning_rate=0.0001, reference=initial, ppo_epochs=1, steps=10000, reward=potts_tfbind8}",1,models/port_grid3/justgrpo/seed_1/finetune_mlp_5,0.40089774494688835,0.0,15.58400929863198,7.3350796144291905,7.274364485999048,0.40059227009566606,4.745069725420644,0.0,0.0,3.3845174252188786,0.0,0.0,4.896481007458549,1.5766628960892644,8.347072093028896,0.2951274947079451,0.0,0.36194497535363446,0.02441464572044008,1.0000000000000013,13.929252511546688,0.0,1.8270649549340976,0.11713328142727052,0.9521731131251499
"justgrpo[ppo_epochs=1, eps_clip=0.2] mlp_w32 from mlp_5 {context_source=uniform, contexts=256, group=5, learning_rate=0.0001, reference=initial, ppo_epochs=1, steps=10000, reward=potts_tfbind8}",1,models/port_grid3/justgrpo/seed_1/finetune_mlp_5,0.40218433217189475,0.0001011313277182813,15.583621375277446,7.33051323036236,7.298196461335025,0.4015302729733855,4.729554145380792,7.664934750562218e-05,7.097175884387014e-06,3.3717226359720813,7.670407758253927e-05,8.37465233900092e-05,4.889784186714816,1.5757756355938621,8.357447784096916,0.2956460765592349,5.6309466642198616e-05,0.3702770556180449,0.025034491351839473,1.0000000000000013,13.893581252620297,1.0,1.8523013146091356,0.1188350785970519,0.9514079612177546
"justgrpo[ppo_epochs=1, eps_clip=0.2] mlp_w32 from mlp_5 {context_source=uniform, contexts=256, group=5, learning_rate=0.0001, reference=initial, ppo_epochs=1, steps=10000, reward=potts_tfbind8}",1,models/port_grid3/justgrpo/seed_1/finetune_mlp_5,0.4031978437217386,0.0003311722370572933,15.582657440337233,7.3249821337594,7.319928727896495,0.402315470940236,4.718524502014057,0.0002501460296444385,2.194001810594266e-05,3.362425865853141,0.0002505138730248156,0.0002720860477503812,4.883609067362947,1.5735346217025081,8.381446531187295,0.2968168441399039,0.0005262340060429597,0.3958605885622135,0.027002403197870454,1.000000000000001,13.861156662573533,2.0,1.8739242758931134,0.12030396303026464,0.950737137932196
"justgrpo[ppo_epochs=1, eps_clip=0.2] mlp_w32 from mlp_5 {context_source=uniform, contexts=256, group=5, learning_rate=0.0001, reference=initial, ppo_epochs=1, steps=10000, reward=potts_tfbind8}",1,models/port_grid3/justgrpo/seed_1/finetune_mlp_5,0.40547554950100306,0.0012050101218026056,15.582210044150969,7.316153329871586,7.366703913559446,0.4041445566514869,4.6911600492448855,0.0009073755951807079,7.677824467805885e-05,3.340258000184796,0.0009108702781352122,0.0009841538398587667,4.885243692098937,1.5755383081244907,8.418834931917612,0.2987243809966225,0.0022205989941760304,0.43557660896816364,0.03014315724908495,1.0000000000000009,13.791654240484219,4.0,1.9229109833123954,0.12361865977715325,0.9492956950405311
"justgrpo[ppo_epochs=1, eps_clip=0.2] mlp_w32 from mlp_5 {context_source=uniform, contexts=256, group=5, learning_rate=0.0001, reference=initial, ppo_epochs=1, steps=10000, reward=potts_tfbind8}",1,models/port_grid3/justgrpo/seed_1/finetune_mlp_5,0.4097928639966617,0.004299203094663286,15.581566660315787,7.299098422857234,7.461596269368764,0.40790811662075505,4.639276207425414,0.003366372469690829,0.0002649887469787565,3.2989467524745053,0.0033921646991293547,0.0036313612166695855,4.922784728867635,1.5897027041251213,8.45466047823812,0.3006339620074472,0.004521812694142044,0.4713864004495134,0.03293254714154376,1.0000000000000013,13.65179700119124,8.0,2.0225543097706877,0.13039205065730816,0.946393328839721
"justgrpo[ppo_epochs=1, eps_clip=0.2] mlp_w32 from mlp_5 {context_source=uniform, contexts=256, group=5, learning_rate=0.0001, reference=initial, ppo_epochs=1, steps=10000, reward=potts_tfbind8}",1,models/port_grid3/justgrpo/seed_1/finetune_mlp_5,0.4197451365097442,0.017095157189401113,15.578867006955685,7.265724193572551,7.664950878978138,0.416397801638588,4.515231176646209,0.013473837514100709,0.0010403970497975847,3.2040686856033322,0.013677235704386934,0.014514234563898294,4.89982587708709,1.5907166290472938,8.629345290406219,0.3093579103523251,0.02501103227143983,0.6184489776719282,0.04422725149999851,1.0000000000000013,13.357050157782433,16.0,2.2485221362560024,0.14585264347822502,0.9398297704541244
"justgrpo[ppo_epochs=1, eps_clip=0.2] mlp_w32 from mlp_5 {context_source=uniform, contexts=256, group=5, learning_rate=0.0001, reference=initial, ppo_epochs=1, steps=10000, reward=potts_tfbind8}",1,models/port_grid3/justgrpo/seed_1/finetune_mlp_5,0.4439967775218659,0.07378990815047241,15.553292265834472,7.181150370404513,8.11200108635721,0.4356825343980446,4.263008874899559,0.05513368474513299,0.004196861051105116,3.0215676038858588,0.056896269349322764,0.05933054579623811,6.147566604200214,1.9747952702742178,10.648269946179834,0.41275366936206265,0.5758997787930723,1.827918161416482,0.2791633641077094,1.0000000000000013,12.729693880358766,32.0,2.773587956427497,0.18273875584763155,0.9319896988623095
"justgrpo[ppo_epochs=1, eps_clip=0.2] mlp_w32 from mlp_5 {context_source=uniform, contexts=256, group=5, learning_rate=0.0001, reference=initial, ppo_epochs=1, steps=10000, reward=potts_tfbind8}",1,models/port_grid3/justgrpo/seed_1/finetune_mlp_5,0.5007025274202097,0.31378406479768306,15.360814671791527,6.880143675809145,9.159001220495746,0.4799845351061147,3.839677553135375,0.2266586908275772,0.016555983773613808,2.7415682484863892,0.23599648286371758,0.243214674601191,2.768272572086076,0.7194720828839335,16.394621337398494,0.6996015968844421,3.6981013808480263,2.2337509253518335,0.9652570672266975,1.0000000000000009,11.338293892665353,64.0,3.9753016938552315,0.273927330064451,0.9175755370554802
"justgrpo[ppo_epochs=1, eps_clip=0.2] mlp_w32 from mlp_5 {context_source=uniform, contexts=256, group=5, learning_rate=0.0001, reference=initial, ppo_epochs=1, steps=10000, reward=potts_tfbind8}",1,models/port_grid3/justgrpo/seed_1/finetune_mlp_5,0.6401722161823992,1.2562641950301352,14.312192938237505,5.950669417082164,11.730569872735028,0.5933463242304036,2.9785316783378875,0.9612853320400778,0.07557940230513571,2.3237183540660125,0.933493242087462,1.0368647343452135,3.4176254269905493,0.8706739118172853,16.779820043910117,0.7260864499903027,5.5569862134312,3.4049443222877676,0.9992060844665654,1.0000000000000009,8.178437673530162,128.0,6.72461024216268,0.5185736183763614,0.8855847451089899
"justgrpo[ppo_epochs=1, eps_clip=0.2] mlp_w32 from mlp_5 {context_source=uniform, contexts=256, group=5, learning_rate=0.0001, reference=initial, ppo_epochs=1, steps=10000, reward=potts_tfbind8}",1,models/port_grid3/justgrpo/seed_1/finetune_mlp_5,0.7920393553788071,2.684674796006489,12.684268795889931,4.692965372955461,14.720189334547479,0.7346379565767608,1.513540972598568,2.5514886469313476,0.2690204105761107,1.961787224209149,2.042154263754949,2.8205090575074583,2.0915484332973047,0.45943853383312444,19.910831407920874,0.9385856902361936,19.35035396287361,2.0914386488556502,0.9999931383495153,1.0000000000000007,4.802669502478976,256.0,9.254897528960276,0.7829977776909999,0.7443523252500693
"justgrpo[ppo_epochs=1, eps_clip=0.2] mlp_w32 from mlp_5 {context_source=uniform, contexts=256, group=5, learning_rate=0.0001, reference=initial, ppo_epochs=1, steps=10000, reward=potts_tfbind8}",1,models/port_grid3/justgrpo/seed_1/finetune_mlp_5,0.9348759011108662,4.970232987764235,6.72912417048511,2.3380999557985667,17.996533053990465,0.885079425811076,0.39163273501043516,5.0926812172029745,0.760352908757568,2.522626661456897,4.053648357151634,5.8530341259605425,1.0907664797902252,0.03634539081242882,20.089264908062866,0.9467354664935291,19.343887717491235,1.09076647976755,0.9999999999985821,1.0000000000000004,1.8996480167111454,500.0,5.826451850273015,0.9422998621735021,0.3142230900236096
"justgrpo[ppo_epochs=1, eps_clip=0.2] mlp_w32 from mlp_5 {context_source=uniform, contexts=256, group=5, learning_rate=0.0001, reference=initial, ppo_epochs=1, steps=10000, reward=potts_tfbind8}",1,models/port_grid3/justgrpo/seed_1/finetune_mlp_5,0.9357889379542248,4.998907100206347,6.576710695114141,2.276085128678884,18.060101036075046,0.8872584645329741,0.385453303130624,5.178939444530826,0.7789287373623308,2.5652367409169514,4.0947160871960495,5.957868181893157,1.081622301063657,0.03312350435856821,20.089961410477315,0.9467671419626905,19.344693352693742,1.08162230104729,0.9999999999989768,1.0000000000000004,1.8453637736286994,512.0,5.716774748129132,0.9450607208746731,0.3053067131141809
"justgrpo[ppo_epochs=1, eps_clip=0.2] mlp_w32 from mlp_5 {context_source=uniform, contexts=256, group=5, learning_rate=0.0001, reference=initial, ppo_epochs=1, steps=10000, reward=potts_tfbind8}",1,models/port_grid3/justgrpo/seed_1/finetune_mlp_5,0.9442316630838199,5.304350251351985,4.767837187785843,1.530283909825351,18.82576204650536,0.9109397689886239,0.3133996167757868,6.887610371880738,1.3282564225796616,3.2038339910307436,4.55002818489189,8.2158667944604,1.0356454325077435,0.01606929832328409,20.09337004919348,0.9469220419234864,19.349924205538066,1.0356454325071551,0.9999999999999635,1.0000000000000007,1.1521843556790794,1000.0,4.331123831302333,0.9720759682330259,0.19255024825388906
"justgrpo[ppo_epochs=1, eps_clip=0.2] mlp_w32 from mlp_5 {context_source=uniform, contexts=256, group=5, learning_rate=0.0001, reference=initial, ppo_epochs=1, steps=10000, reward=potts_tfbind8}",1,models/port_grid3/justgrpo/seed_1/finetune_mlp_5,0.9442957835382649,5.306753465845613,4.794447643977754,1.5374453399943944,18.820222683753663,0.9107146223634232,0.3151997876010027,6.947258355068296,1.3578960509416422,3.2212436368107022,4.543014990402369,8.305154406009938,1.032064581811601,0.01465030415883555,20.093628495082587,0.9469338182333434,19.3504461677072,1.0320645818109897,0.9999999999999621,0.9999999999999999,1.1534802053170758,1024.0,4.362668778192646,0.9723874214980351,0.19290015937184093
"justgrpo[ppo_epochs=1, eps_clip=0.2] mlp_w32 from mlp_5 {context_source=uniform, contexts=256, group=5, learning_rate=0.0001, reference=initial, ppo_epochs=1, steps=10000, reward=potts_tfbind8}",1,models/port_grid3/justgrpo/seed_1/finetune_mlp_5,0.9450502087483377,5.3307606451388905,4.966275388934311,1.5751959981137447,18.9071911181897,0.9137477943483366,0.28777568415988325,7.445860241462052,1.762359213672358,3.2496849629618407,4.494666985248947,9.20821945513441,1.075799867311813,0.031031322277268212,20.090407505432704,0.9467871134151944,19.34524371879196,1.075799867311511,0.9999999999999807,1.0000000000000002,0.9746795485096053,1500.0,4.612695713567744,0.9775273286189755,0.19186801971206366
"justgrpo[ppo_epochs=1, eps_clip=0.2] mlp_w32 from mlp_5 {context_source=uniform, contexts=256, group=5, learning_rate=0.0001, reference=initial, ppo_epochs=1, steps=10000, reward=potts_tfbind8}",1,models/port_grid3/justgrpo/seed_1/finetune_mlp_5,0.945785005443442,5.359726927664251,4.673096215478248,1.4527627870560214,19.06144210846855,0.9206911353146399,0.30328715613779844,7.975893558811995,2.105814244521861,3.430287903435343,4.6080329800679936,10.081707803333856,1.0978617846427372,0.03879317930431903,20.088728250596112,0.9467106192671869,19.343309956629795,1.0978617846426464,0.9999999999999941,1.0000000000000004,0.8566690579104037,2000.0,4.393338925950086,0.982229061565814,0.17906015287204854
"justgrpo[ppo_epochs=1, eps_clip=0.2] mlp_w32 from mlp_5 {context_source=uniform, contexts=256, group=5, learning_rate=0.0001, reference=initial, ppo_epochs=1, steps=10000, reward=potts_tfbind8}",1,models/port_grid3/justgrpo/seed_1/finetune_mlp_5,0.9460298284655307,5.375551834944535,4.215768880035227,1.2834700353879356,19.206710335666493,0.9246152699599155,0.28999531695022973,8.198305504655867,2.171692271602092,3.523579576991335,4.700428924932718,10.369997776257959,1.0644021583168954,0.026916088279655567,20.09126139021233,0.9468259550175657,19.34639639594892,1.0644021583168939,0.9999999999999997,0.9999999999999998,0.731162661978268,2048.0,3.984124144640167,0.9852875047168829,0.14978359096744961
"justgrpo[ppo_epochs=1, eps_clip=0.2] mlp_w32 from mlp_5 {context_source=uniform, contexts=256, group=5, learning_rate=0.0001, reference=initial, ppo_epochs=1, steps=10000, reward=potts_tfbind8}",1,models/port_grid3/justgrpo/seed_1/finetune_mlp_5,0.9457530693637887,5.341115762149627,5.160108829941876,1.6412495810947862,18.880550350821235,0.9197262946513225,0.38764347483412553,7.911660542974982,2.3803610709952334,3.379731483707568,4.580751030134122,10.292021613970215,1.049889529994995,0.021542204295938616,20.092333853426076,0.9468747817070965,19.348048613417404,1.0498895299949154,0.9999999999999948,0.9999999999999997,1.1007247444474755,2500.0,4.875084192175839,0.9819182566996099,0.2453034713995178
"justgrpo[ppo_epochs=1, eps_clip=0.2] mlp_w32 from mlp_5 {context_source=uniform, contexts=256, group=5, learning_rate=0.0001, reference=initial, ppo_epochs=1, steps=10000, reward=potts_tfbind8}",1,models/port_grid3/justgrpo/seed_1/finetune_mlp_5,0.9458899939906605,5.355501501622101,5.069244260900385,1.6140811302944986,18.90204338580962,0.9239692748412216,0.4509639363662027,8.851275010452511,2.7295029324687548,3.6253510631236776,4.682507979654458,11.580777942921266,1.0349144946873265,0.015776072992965715,20.09342447577874,0.9469244369302677,19.35003003060512,1.0349144946873123,0.9999999999999988,0.9999999999999999,1.1702421414852564,3000.0,4.871045850655342,0.9874487034055436,0.2745552584769749
"justgrpo[ppo_epochs=1, eps_clip=0.2] mlp_w32 from mlp_5 {context_source=uniform, contexts=256, group=5, learning_rate=0.0001, reference=initial, ppo_epochs=1, steps=10000, reward=potts_tfbind8}",1,models/port_grid3/justgrpo/seed_1/finetune_mlp_5,0.945297773023338,5.321630911435285,5.268865957983357,1.7289602083836206,18.778967201109197,0.9252599337467483,0.5337334627543813,9.251191262515217,2.9312714979404078,3.6432246495689165,4.728543307116219,12.182462760455625,1.0203509715092722,0.009834760126303327,20.09446997843043,0.9469720399176785,19.352343166767465,1.0203509715092545,0.9999999999999979,0.9999999999999999,1.4008917459976635,3500.0,5.109756821434137,0.9899479481085094,0.33754176508886147
"justgrpo[ppo_epochs=1, eps_clip=0.2] mlp_w32 from mlp_5 {context_source=uniform, contexts=256, group=5, learning_rate=0.0001, reference=initial, ppo_epochs=1, steps=10000, reward=potts_tfbind8}",1,models/port_grid3/justgrpo/seed_1/finetune_mlp_5,0.9451840207437892,5.334010772006986,5.308457255732083,1.75717205952431,18.749394884272014,0.925010537444598,0.576406970671905,9.242930597461466,3.233611029355643,3.6460753180878642,4.727532827181313,12.47654162681711,1.0111316667966073,0.005781296971185541,20.095124426035852,0.9470018320314696,19.35412562386162,1.0111316667966055,0.9999999999999997,1.0000000000000002,1.4442397413185082,4000.0,5.165940886069819,0.9910397802309735,0.3549877477220788
"justgrpo[ppo_epochs=1, eps_clip=0.2] mlp_w32 from mlp_5 {context_source=uniform, contexts=256, group=5, learning_rate=0.0001, reference=initial, ppo_epochs=1, steps=10000, reward=potts_tfbind8}",1,models/port_grid3/justgrpo/seed_1/finetune_mlp_5,0.9451256159677341,5.332202934105079,5.391028406519432,1.7879680182949511,18.709999197208372,0.9247662510325129,0.596635004429851,9.37214478996844,3.2790596080173007,3.645282564262881,4.735847330478264,12.65120439798574,1.0093593857441188,0.004959336128508096,20.09524954676248,0.9470075295317486,19.354513371630116,1.009359385744117,0.9999999999999994,0.9999999999999998,1.5116477752109359,4096.0,5.242222724381772,0.9906263584852224,0.3675233451395072
"justgrpo[ppo_epochs=1, eps_clip=0.2] mlp_w32 from mlp_5 {context_source=uniform, contexts=256, group=5, learning_rate=0.0001, reference=initial, ppo_epochs=1, steps=10000, reward=potts_tfbind8}",1,models/port_grid3/justgrpo/seed_1/finetune_mlp_5,0.9450623749950867,5.32852840013518,5.291468274078451,1.7530798098926275,18.711526507362258,0.9262877545967819,0.6567847678514115,10.003929938855263,3.418263128007604,3.8487243998612337,4.80128074665235,13.422193066862867,1.0041520217498796,0.0024067741580515198,20.095616090517655,0.9470242140721126,19.355794011448143,1.0041520217498778,0.9999999999999992,0.9999999999999998,1.5747902261541757,4500.0,5.175171536572176,0.9926776539955653,0.38303360275524384
"justgrpo[ppo_epochs=1, eps_clip=0.2] mlp_w32 from mlp_5 {context_source=uniform, contexts=256, group=5, learning_rate=0.0001, reference=initial, ppo_epochs=1, steps=10000, reward=potts_tfbind8}",1,models/port_grid3/justgrpo/seed_1/finetune_mlp_5,0.9446910122827683,5.311373118225494,5.616790946873568,1.9031052304683318,18.503275614182,0.9246264341536241,0.7735261632290549,10.110704150175149,3.690242436243068,3.8541357029095704,4.84671455526105,13.800946586418217,1.0039819903514031,0.002318342481926703,20.09562807243809,0.9470247571524159,19.35584090397175,1.0039819903514013,0.9999999999999997,1.0,1.9326003745332607,5000.0,5.487646823144394,0.9918785442393578,0.45664180144113714
"justgrpo[ppo_epochs=1, eps_clip=0.2] mlp_w32 from mlp_5 {context_source=uniform, contexts=256, group=5, learning_rate=0.0001, reference=initial, ppo_epochs=1, steps=10000, reward=potts_tfbind8}",1,models/port_grid3/justgrpo/seed_1/finetune_mlp_5,0.9454676953821816,5.353761796708816,5.394243999788557,1.8259332822278487,18.598802917638608,0.9261658982705606,0.7771931070607282,10.481401639528396,4.0262156291024365,3.9422357762394427,4.860527118046094,14.507617268630833,1.0013974415925295,0.0009042224967962826,20.095809312091998,0.947033006388808,19.356626125186978,1.0013974415925295,0.9999999999999994,0.9999999999999998,1.8031219821333873,5500.0,5.296400959791691,0.9938680954944196,0.4402236031484837
"justgrpo[ppo_epochs=1, eps_clip=0.2] mlp_w32 from mlp_5 {context_source=uniform, contexts=256, group=5, learning_rate=0.0001, reference=initial, ppo_epochs=1, steps=10000, reward=potts_tfbind8}",1,models/port_grid3/justgrpo/seed_1/finetune_mlp_5,0.9449244190984675,5.326351623244515,5.401785483364169,1.833736973073906,18.569018243020587,0.9270389232658596,0.807035866939124,11.068583378274237,4.196656118064254,4.007305099884372,4.906939424177937,15.265239496338491,1.0010305887752486,0.0006863949458741957,20.09583499146966,0.9470341757377027,19.356754836033257,1.0010305887752486,0.9999999999999996,0.9999999999999999,1.8942113001922667,6000.0,5.324897977895766,0.9951849421755572,0.4606074566735312
"justgrpo[ppo_epochs=1, eps_clip=0.2] mlp_w32 from mlp_5 {context_source=uniform, contexts=256, group=5, learning_rate=0.0001, reference=initial, ppo_epochs=1, steps=10000, reward=potts_tfbind8}",1,models/port_grid3/justgrpo/seed_1/finetune_mlp_5,0.9447871918950732,5.32499317462677,5.5248657913932595,1.892765449763181,18.480317716714126,0.9265290836287823,0.8921300187840382,11.07778925002104,4.565647629665282,4.037162530858799,4.940863478118552,15.643436879686321,1.000595643580021,0.00041705264834132936,20.095865439100148,0.9470355615272559,19.356918525882055,1.000595643580021,0.9999999999999996,0.9999999999999997,2.0611861435926007,6500.0,5.432323117370376,0.9942021761943768,0.4915580027932626
"justgrpo[ppo_epochs=1, eps_clip=0.2] mlp_w32 from mlp_5 {context_source=uniform, contexts=256, group=5, learning_rate=0.0001, reference=initial, ppo_epochs=1, steps=10000, reward=potts_tfbind8}",1,models/port_grid3/justgrpo/seed_1/finetune_mlp_5,0.9450718857377558,5.33847617627338,5.5604450434363,1.910078231196343,18.449502898897542,0.926165681913413,0.9139808765608575,11.0065408562887,4.618271153030916,3.9848269546513864,4.948669118815022,15.624812009319616,1.0004177170826778,0.000301707812407872,20.09587789366525,0.9470361282699573,19.356990659390345,1.0004177170826778,0.9999999999999999,0.9999999999999999,2.1152140110139466,7000.0,5.464586086054999,0.9939944256013848,0.49960923599272467
"justgrpo[ppo_epochs=1, eps_clip=0.2] mlp_w32 from mlp_5 {context_source=uniform, contexts=256, group=5, learning_rate=0.0001, reference=initial, ppo_epochs=1, steps=10000, reward=potts_tfbind8}",1,models/port_grid3/justgrpo/seed_1/finetune_mlp_5,0.9446854765944915,5.328483693770427,5.584055875227189,1.9071240256294257,18.42804316602331,0.9260813847216894,0.9721000059387549,11.713377807053252,4.8793229582534465,4.214652336824874,4.983811971587881,16.5927007653067,1.000305904341892,0.0002268976745120386,20.09588571597369,0.947036484390684,19.35703832529834,1.000305904341892,0.9999999999999996,0.9999999999999996,2.182546463098136,7500.0,5.510799563222964,0.995413490104156,0.5191556271758362
"justgrpo[ppo_epochs=1, eps_clip=0.2] mlp_w32 from mlp_5 {context_source=uniform, contexts=256, group=5, learning_rate=0.0001, reference=initial, ppo_epochs=1, steps=10000, reward=potts_tfbind8}",1,models/port_grid3/justgrpo/seed_1/finetune_mlp_5,0.9446942179834871,5.332305300222914,5.932986352496136,2.0203983072854,18.3478513158965,0.9226207500118814,1.0210940869367897,11.43695691972536,5.162001362246945,4.063872771730336,4.88402685510815,16.598958281972305,1.0000796743783402,6.579976420293364e-05,20.095901539772818,0.9470372048188817,19.35714451256693,1.0000796743783402,0.9999999999999997,1.0000000000000002,2.2030491218086468,8000.0,5.8398400864477225,0.9941618067531868,0.5364528727407952
"justgrpo[ppo_epochs=1, eps_clip=0.2] mlp_w32 from mlp_5 {context_source=uniform, contexts=256, group=5, learning_rate=0.0001, reference=initial, ppo_epochs=1, steps=10000, reward=potts_tfbind8}",1,models/port_grid3/justgrpo/seed_1/finetune_mlp_5,0.9448974413801734,5.350169723663817,5.855829492596963,1.9922826281965968,18.372659167900256,0.9217381643591632,1.0392006835725214,11.76853180155969,5.537439278514263,4.169080701759233,4.8739390425991305,17.305971080073952,1.0000423663307565,3.665873940490165e-05,20.09590414999958,0.9470373235543507,19.35716459510838,1.0000423663307565,1.0000000000000004,1.0,2.155749531293999,8500.0,5.772835548989612,0.9947991680282713,0.5353183395213901
"justgrpo[ppo_epochs=1, eps_clip=0.2] mlp_w32 from mlp_5 {context_source=uniform, contexts=256, group=5, learning_rate=0.0001, reference=initial, ppo_epochs=1, steps=10000, reward=potts_tfbind8}",1,models/port_grid3/justgrpo/seed_1/finetune_mlp_5,0.9451457910545565,5.360723161274745,5.966650511406449,2.022605488171478,18.360943378973516,0.9213640516891413,1.0395702349377631,11.917024736908267,5.885221548216155,4.188292498485463,4.848155877286222,17.802246285124422,1.000032149244654,2.837059435492661e-05,20.09590486514544,0.9470373560703348,19.357170401823563,1.000032149244654,0.9999999999999997,0.9999999999999993,2.147540049371147,9000.0,5.872050134763171,0.9940693077565717,0.5346432250569788
"justgrpo[ppo_epochs=1, eps_clip=0.2] mlp_w32 from mlp_5 {context_source=uniform, contexts=256, group=5, learning_rate=0.0001, reference=initial, ppo_epochs=1, steps=10000, reward=potts_tfbind8}",1,models/port_grid3/justgrpo/seed_1/finetune_mlp_5,0.9446907230723128,5.345289277464426,6.126845923603087,2.0862342413237225,18.257835030172547,0.9183798630535193,1.1233774017874272,11.87067803597293,6.056251264605184,4.177186033750206,4.842280210119135,17.926929300578113,1.000023930504036,2.156205256024131e-05,20.09590543958618,0.9470373822522268,19.35717521683568,1.000023930504036,1.0000000000000002,0.9999999999999997,2.2963269054055138,9500.0,6.017822100980997,0.9931563771336611,0.5709835102385086
"justgrpo[ppo_epochs=1, eps_clip=0.2] mlp_w32 from mlp_5 {context_source=uniform, contexts=256, group=5, learning_rate=0.0001, reference=initial, ppo_epochs=1, steps=10000, reward=potts_tfbind8}",1,models/port_grid3/justgrpo/seed_1/finetune_mlp_5,0.9452191389929365,5.368383507839297,6.097057864858835,2.099185407285874,18.216731810020484,0.917444059634228,1.1668673659704023,11.867499726739801,6.332510320870995,4.13335662444997,4.866507692800627,18.200010047610796,1.0000204584126113,1.8633175123533363e-05,20.095905682639998,0.9470373932998957,19.357177302478476,1.0000204584126113,0.9999999999999998,1.0000000000000002,2.3822092183151296,10000.0,5.970234109967516,0.9920317886259897,0.5880502250175705
"justgrpo[ppo_epochs=1, eps_clip=0.2] mlp_w32 from mlp_5 {context_source=uniform, contexts=256, group=5, learning_rate=0.0001, reference=initial, ppo_epochs=1, steps=10000, reward=potts_tfbind8}",2,models/port_grid3/justgrpo/seed_2/finetune_mlp_5,0.40089774494688835,0.0,15.58400929863198,7.3350796144291905,7.274364485999048,0.40059227009566606,4.745069725420644,0.0,0.0,3.3845174252188786,0.0,0.0,4.896481007458549,1.5766628960892644,8.347072093028896,0.2951274947079451,0.0,0.36194497535363446,0.02441464572044008,1.0000000000000013,13.929252511546688,0.0,1.8270649549340976,0.11713328142727052,0.9521731131251499
"justgrpo[ppo_epochs=1, eps_clip=0.2] mlp_w32 from mlp_5 {context_source=uniform, contexts=256, group=5, learning_rate=0.0001, reference=initial, ppo_epochs=1, steps=10000, reward=potts_tfbind8}",2,models/port_grid3/justgrpo/seed_2/finetune_mlp_5,0.4022398954871129,0.0001117112548513126,15.584079147423058,7.331355020039315,7.299629472890216,0.4016344714620471,4.723868150317567,8.910831829668552e-05,8.147141888439164e-06,3.3684441243160146,8.906880745294336e-05,9.725546018512468e-05,4.903216041981182,1.5799437458567467,8.354171495373283,0.29552078325993136,5.04228741640254e-05,0.3682382404040043,0.02487885356237603,1.000000000000001,13.891444100017386,1.0,1.8550991488420407,0.11900726993880029,0.9513652617976195
"justgrpo[ppo_epochs=1, eps_clip=0.2] mlp_w32 from mlp_5 {context_source=uniform, contexts=256, group=5, learning_rate=0.0001, reference=initial, ppo_epochs=1, steps=10000, reward=potts_tfbind8}",2,models/port_grid3/justgrpo/seed_2/finetune_mlp_5,0.40343588779271444,0.0003935168114670047,15.583720033766227,7.326407103245032,7.323291932112793,0.40254070214119636,4.704848447283712,0.00031156102710967574,2.6927394287233012e-05,3.3546512357993703,0.000311492734433233,0.00033848842139690876,4.901913161399074,1.5794288859277683,8.372172953413461,0.2964144011406877,0.00044687407005122837,0.3863222617310895,0.02626411518362934,1.000000000000001,13.856172835110499,2.0,1.8798624475960175,0.120670283758803,0.9506287067711641
"justgrpo[ppo_epochs=1, eps_clip=0.2] mlp_w32 from mlp_5 {context_source=uniform, contexts=256, group=5, learning_rate=0.0001, reference=initial, ppo_epochs=1, steps=10000, reward=potts_tfbind8}",2,models/port_grid3/justgrpo/seed_2/finetune_mlp_5,0.4059791650343293,0.0015117288540426599,15.583253862412999,7.316018463016854,7.3733176305599,0.40446338540699783,4.671278941125655,0.0011933511741507065,9.705331203966184e-05,3.3293501268682744,0.0011944040343805327,0.0012904044861903683,4.903272630534617,1.5815177069159003,8.391960443070383,0.2974842705013385,0.0018738475454031771,0.40547246310614515,0.027704153658452642,1.000000000000001,13.78201719873978,4.0,1.9330522056263,0.12426949393155967,0.9490373173769543
"justgrpo[ppo_epochs=1, eps_clip=0.2] mlp_w32 from mlp_5 {context_source=uniform, contexts=256, group=5, learning_rate=0.0001, reference=initial, ppo_epochs=1, steps=10000, reward=potts_tfbind8}",2,models/port_grid3/justgrpo/seed_2/finetune_mlp_5,0.4107356139280157,0.005233728946645633,15.580770183117863,7.296010432086705,7.4678470629917335,0.40814542583756397,4.612987406786465,0.004069981670992475,0.00030900191160417555,3.283557276311142,0.00408559225873719,0.004378983582596651,4.954121077025403,1.5980036280257952,8.436281565614513,0.29985274196561196,0.004518431210958377,0.46260740291034474,0.03221454013719976,1.000000000000001,13.64311423831639,8.0,2.0336491292940573,0.13112212024674352,0.9459781284978225
"justgrpo[ppo_epochs=1, eps_clip=0.2] mlp_w32 from mlp_5 {context_source=uniform, contexts=256, group=5, learning_rate=0.0001, reference=initial, ppo_epochs=1, steps=10000, reward=potts_tfbind8}",2,models/port_grid3/justgrpo/seed_2/finetune_mlp_5,0.42044240422546053,0.018569381173160652,15.57199182957981,7.253746534122671,7.665239736871299,0.4160076437173375,4.50204390507746,0.014288336296835243,0.0010327024408089674,3.198216120156695,0.014439100071039337,0.01532103873764421,4.885877782480913,1.5854523819466824,8.604034785419445,0.30815632277278804,0.02336937137234144,0.5960868670769757,0.042438173177792006,1.000000000000001,13.357378735309346,16.0,2.2477268978994265,0.14588546948720305,0.939699553309668
"justgrpo[ppo_epochs=1, eps_clip=0.2] mlp_w32 from mlp_5 {context_source=uniform, contexts=256, group=5, learning_rate=0.0001, reference=initial, ppo_epochs=1, steps=10000, reward=potts_tfbind8}",2,models/port_grid3/justgrpo/seed_2/finetune_mlp_5,0.4428531071242462,0.07237463395790997,15.545305358180428,7.162297895131128,8.107123594107023,0.43457994034525793,4.271865024459503,0.05522593545213248,0.004080250575516191,3.0287366344095106,0.05645555203423702,0.05930618602764867,6.202179447480782,1.9871771030998175,10.60663497478821,0.4108477380616451,0.5631424466050066,1.8097982883782313,0.2747614702780604,1.000000000000001,12.736569401418956,32.0,2.7514545203412304,0.18134693729117907,0.9323002238441362
"justgrpo[ppo_epochs=1, eps_clip=0.2] mlp_w32 from mlp_5 {context_source=uniform, contexts=256, group=5, learning_rate=0.0001, reference=initial, ppo_epochs=1, steps=10000, reward=potts_tfbind8}",2,models/port_grid3/justgrpo/seed_2/finetune_mlp_5,0.501603113378672,0.3184801686474631,15.363445660909965,6.881836689778472,9.175948226314393,0.4810763539200552,3.813795102121295,0.23278365308161122,0.017049562470544816,2.7302553681713526,0.2408741556295783,0.24983321555215604,2.804064322165745,0.7327102675671614,16.384379466680617,0.6992822562541666,3.692519368473737,2.2554647870519333,0.9642562548232401,1.0000000000000009,11.31775105670324,64.0,3.986429951887234,0.27463876113554603,0.9169456043191261
"justgrpo[ppo_epochs=1, eps_clip=0.2] mlp_w32 from mlp_5 {context_source=uniform, contexts=256, group=5, learning_rate=0.0001, reference=initial, ppo_epochs=1, steps=10000, reward=potts_tfbind8}",2,models/port_grid3/justgrpo/seed_2/finetune_mlp_5,0.6381154668520583,1.2246965750593286,14.385290634613902,5.989804401511896,11.669001643187578,0.5912117139202165,2.9077801048858856,0.9306467762544666,0.07557042423782945,2.2891299774403184,0.9070348942861031,1.006217200492296,2.9712204878500117,0.7262532577194414,16.817223229891155,0.7241646520434746,4.845627159884255,2.9213690329673514,0.9968504568788351,1.0000000000000007,8.244331670049979,128.0,6.6770651184264596,0.5107652289213487,0.8820555015307618
"justgrpo[ppo_epochs=1, eps_clip=0.2] mlp_w32 from mlp_5 {context_source=uniform, contexts=256, group=5, learning_rate=0.0001, reference=initial, ppo_epochs=1, steps=10000, reward=potts_tfbind8}",2,models/port_grid3/justgrpo/seed_2/finetune_mlp_5,0.7904372988359726,2.65607836625546,12.692933211344982,4.714075324166704,14.736751732726606,0.7351342404117366,1.5055582603751332,2.4783190865598357,0.2657966192840533,1.932042327677014,2.0131094089793544,2.744115705843889,1.9729514713214629,0.3833076338017761,19.952282174625232,0.9405149942934661,19.311382154619764,1.9728169323170843,0.9999915910803792,1.0000000000000004,4.748781050434688,256.0,9.283463583091324,0.7844433059563698,0.7471911669751163
"justgrpo[ppo_epochs=1, eps_clip=0.2] mlp_w32 from mlp_5 {context_source=uniform, contexts=256, group=5, learning_rate=0.0001, reference=initial, ppo_epochs=1, steps=10000, reward=potts_tfbind8}",2,models/port_grid3/justgrpo/seed_2/finetune_mlp_5,0.9341604269534147,4.947844376070894,6.713122828889394,2.350103211319872,18.01014904693946,0.885349785930592,0.38536458859904804,4.967865951175024,0.7552785571225735,2.4465655730093214,4.036294768730915,5.723144508297597,1.0846319845235093,0.034191881268212605,20.089731619226377,0.9467567635349231,19.344421042169888,1.0846319826672501,0.9999999998839837,1.0000000000000002,1.8618704388669696,500.0,5.795873427126213,0.9416018317419972,0.30944637845941736
"justgrpo[ppo_epochs=1, eps_clip=0.2] mlp_w32 from mlp_5 {context_source=uniform, contexts=256, group=5, learning_rate=0.0001, reference=initial, ppo_epochs=1, steps=10000, reward=potts_tfbind8}",2,models/port_grid3/justgrpo/seed_2/finetune_mlp_5,0.9349516995144334,4.973030401213874,6.590672612998249,2.3034741810558113,18.057362331174165,0.8870194201543093,0.3808151603253967,4.992562249250343,0.7652256291893993,2.469761109262373,4.068887191624797,5.757787878439743,1.0810469724946097,0.0329203362693444,20.090004704349614,0.9467691307768047,19.344746161730935,1.081046971165646,0.9999999999169396,1.0000000000000002,1.8236429354087826,512.0,5.6994869239476635,0.9432877983278172,0.3026743599713518
"justgrpo[ppo_epochs=1, eps_clip=0.2] mlp_w32 from mlp_5 {context_source=uniform, contexts=256, group=5, learning_rate=0.0001, reference=initial, ppo_epochs=1, steps=10000, reward=potts_tfbind8}",2,models/port_grid3/justgrpo/seed_2/finetune_mlp_5,0.9437703917769301,5.281867064501109,5.190726133707177,1.6961697399447204,18.687376057625254,0.9064490080530808,0.3270898470631569,6.5339050345286305,1.3000092668018253,3.0544938091420892,4.437762780421554,7.833914301330456,1.0380556432268866,0.01701379440364554,20.093195529012185,0.9469140930171173,19.349585394501712,1.0380556432263908,0.9999999999999679,1.0,1.2474979345289012,1000.0,4.697373771317171,0.9685266159318457,0.21705532209367412
"justgrpo[ppo_epochs=1, eps_clip=0.2] mlp_w32 from mlp_5 {context_source=uniform, contexts=256, group=5, learning_rate=0.0001, reference=initial, ppo_epochs=1, steps=10000, reward=potts_tfbind8}",2,models/port_grid3/justgrpo/seed_2/finetune_mlp_5,0.9441149000798228,5.29904218624862,4.984784589013654,1.613794315166931,18.766051402183926,0.9088741175971012,0.31989289979972946,6.717833028184261,1.3458219374228584,3.136951446999981,4.488468335221172,8.06365496560712,1.0388571977255256,0.01732471065048046,20.093137854125604,0.9469114417665124,19.34947507443797,1.038857197725277,0.9999999999999847,1.0,1.1801904724905243,1024.0,4.52946326150889,0.9709845396968848,0.20361002866014904
"justgrpo[ppo_epochs=1, eps_clip=0.2] mlp_w32 from mlp_5 {context_source=uniform, contexts=256, group=5, learning_rate=0.0001, reference=initial, ppo_epochs=1, steps=10000, reward=potts_tfbind8}",2,models/port_grid3/justgrpo/seed_2/finetune_mlp_5,0.9454903452995841,5.353624210334474,4.557203331874611,1.4314676381985054,19.021318735751905,0.9181394905285567,0.2993073868556101,7.550255882246886,1.7636287180110939,3.2908808320431913,4.6069799916791245,9.31388460025798,1.0421983574182483,0.01861613018727308,20.092895508126226,0.9469003794039934,19.34902515635125,1.042198357418163,0.9999999999999942,1.0000000000000004,0.9158011285964721,1500.0,4.229635066158336,0.9792021999223355,0.17299413402106806
"justgrpo[ppo_epochs=1, eps_clip=0.2] mlp_w32 from mlp_5 {context_source=uniform, contexts=256, group=5, learning_rate=0.0001, reference=initial, ppo_epochs=1, steps=10000, reward=potts_tfbind8}",2,models/port_grid3/justgrpo/seed_2/finetune_mlp_5,0.9458614077286658,5.358304408550404,4.764883779666392,1.4973983958533759,18.996527001421285,0.9203869554323374,0.3420950587160417,7.8670309667307325,2.0858819824516015,3.33626057328588,4.613891360756624,9.952912949182334,1.035275027168999,0.015918931347042996,20.09339822487776,0.9469232513752563,19.349978099970656,1.0352750271689903,0.9999999999999988,1.0000000000000002,0.9599000991699027,2000.0,4.474671834248736,0.9816266824494007,0.19931036983383305
"justgrpo[ppo_epochs=1, eps_clip=0.2] mlp_w32 from mlp_5 {context_source=uniform, contexts=256, group=5, learning_rate=0.0001, reference=initial, ppo_epochs=1, steps=10000, reward=potts_tfbind8}",2,models/port_grid3/justgrpo/seed_2/finetune_mlp_5,0.9458510183472865,5.358952326893841,4.819292651100258,1.5143208377448012,18.976173057240356,0.9199765545689379,0.35019535430264986,7.957147202099554,2.12832433282105,3.363548041173778,4.609449360972811,10.085471534920604,1.0366603548224957,0.01646371394582608,20.093297944596447,0.9469186868220787,19.3497812930353,1.0366603548224869,0.9999999999999989,1.0000000000000002,0.9859890156574952,2048.0,4.5254866463409495,0.9813792909059761,0.20523968921899896
"justgrpo[ppo_epochs=1, eps_clip=0.2] mlp_w32 from mlp_5 {context_source=uniform, contexts=256, group=5, learning_rate=0.0001, reference=initial, ppo_epochs=1, steps=10000, reward=potts_tfbind8}",2,models/port_grid3/justgrpo/seed_2/finetune_mlp_5,0.9458628280619996,5.355628399485651,5.192721060401524,1.651445527246201,18.87444817116764,0.9193008091472733,0.37794467098378415,8.07491832357231,2.4461872140438956,3.3151818351467432,4.5678659932069845,10.521105537616206,1.0404916147736452,0.01795519532331933,20.09302028383541,0.946906027913792,19.34925366382199,1.0404916147736274,0.9999999999999986,1.0000000000000002,1.0969929770007478,2500.0,4.927160643391367,0.9832119422147326,0.24437017508562855
"justgrpo[ppo_epochs=1, eps_clip=0.2] mlp_w32 from mlp_5 {context_source=uniform, contexts=256, group=5, learning_rate=0.0001, reference=initial, ppo_epochs=1, steps=10000, reward=potts_tfbind8}",2,models/port_grid3/justgrpo/seed_2/finetune_mlp_5,0.9458452273748202,5.354443624129712,5.0883279796645215,1.6198406762196376,18.913116274201627,0.9232967235329678,0.4267618702533876,8.662288547717143,2.683593966697064,3.4987059248923997,4.644959920955262,11.345882514414207,1.023921520952349,0.01133270553008518,20.09421497832013,0.9469604309836157,19.35173011582661,1.0239215209523471,0.9999999999999997,0.9999999999999999,1.1160847501980389,3000.0,4.885203439665309,0.9871457111450426,0.2636667265484761
"justgrpo[ppo_epochs=1, eps_clip=0.2] mlp_w32 from mlp_5 {context_source=uniform, contexts=256, group=5, learning_rate=0.0001, reference=initial, ppo_epochs=1, steps=10000, reward=potts_tfbind8}",2,models/port_grid3/justgrpo/seed_2/finetune_mlp_5,0.9455540691139162,5.336947570811458,5.377472965150263,1.7635700545560957,18.772285537396513,0.9231887500028692,0.5094305157111794,8.894085302230323,2.8931692776792417,3.466786996473626,4.6562966368290155,11.787254579909565,1.0140414192219769,0.0070961903009341964,20.094918448607345,0.9469924577470764,19.353525455322686,1.014041419221975,0.9999999999999998,1.0000000000000002,1.3386675712794678,3500.0,5.200350955790558,0.9888512414052147,0.3257695884436655
"justgrpo[ppo_epochs=1, eps_clip=0.2] mlp_w32 from mlp_5 {context_source=uniform, contexts=256, group=5, learning_rate=0.0001, reference=initial, ppo_epochs=1, steps=10000, reward=potts_tfbind8}",2,models/port_grid3/justgrpo/seed_2/finetune_mlp_5,0.9453708277447936,5.331784904178649,5.3658135887107905,1.7958310535532185,18.689063128239848,0.9253329222211182,0.612212800226489,9.564629049003726,3.1768414742881124,3.69296406422895,4.764952011824384,12.741470523291838,1.0113930761960943,0.005901252084917924,20.0951058951782,0.9470009912756875,19.354069921887888,1.0113930761960925,0.9999999999999993,0.9999999999999997,1.572156560009863,4000.0,5.225349760864236,0.9911763534020054,0.3771793388971972
"justgrpo[ppo_epochs=1, eps_clip=0.2] mlp_w32 from mlp_5 {context_source=uniform, contexts=256, group=5, learning_rate=0.0001, reference=initial, ppo_epochs=1, steps=10000, reward=potts_tfbind8}",2,models/port_grid3/justgrpo/seed_2/finetune_mlp_5,0.9452920383638784,5.339887590861662,5.2720307354533436,1.7305005033134024,18.78287944338053,0.925339958073088,0.561415270439427,9.515221894673255,3.200522718320931,3.6543464649603354,4.726199460404424,12.715744612994186,1.0085048847741462,0.004556271418435036,20.09530975708773,0.9470102734659165,19.354707447157274,1.0085048847741462,0.9999999999999997,1.0,1.3926795358788726,4096.0,5.130094886465451,0.9910618382911526,0.3393836322194937
"justgrpo[ppo_epochs=1, eps_clip=0.2] mlp_w32 from mlp_5 {context_source=uniform, contexts=256, group=5, learning_rate=0.0001, reference=initial, ppo_epochs=1, steps=10000, reward=potts_tfbind8}",2,models/port_grid3/justgrpo/seed_2/finetune_mlp_5,0.9455205793987081,5.343951558736494,5.329666695314749,1.7732928065218125,18.722144054877553,0.9259994829222612,0.6125009914146422,9.802299102033853,3.4111767964619197,3.6872126416257984,4.764859146039064,13.213475898495773,1.0064062360796486,0.0035424779420800516,20.09545770450498,0.9470170010841138,19.35520797620195,1.0064062360796486,1.0000000000000002,0.9999999999999997,1.522442304267956,4500.0,5.196972954629085,0.9916612989077126,0.3691483521468752
"justgrpo[ppo_epochs=1, eps_clip=0.2] mlp_w32 from mlp_5 {context_source=uniform, contexts=256, group=5, learning_rate=0.0001, reference=initial, ppo_epochs=1, steps=10000, reward=potts_tfbind8}",2,models/port_grid3/justgrpo/seed_2/finetune_mlp_5,0.945165738707583,5.333049621781867,5.374214491437372,1.791263897603106,18.67623682126432,0.9263143469524295,0.6858231570066858,10.316747544252145,3.6696055880506613,3.835265054322268,4.809793964916961,13.986353132302806,1.002807236738465,0.0016950076838926126,20.095710502940168,0.9470285091822314,19.35617820561342,1.002807236738465,0.9999999999999997,0.9999999999999997,1.6362379735657162,5000.0,5.2676390643766675,0.9933037016358407,0.4001465783980212
"justgrpo[ppo_epochs=1, eps_clip=0.2] mlp_w32 from mlp_5 {context_source=uniform, contexts=256, group=5, learning_rate=0.0001, reference=initial, ppo_epochs=1, steps=10000, reward=potts_tfbind8}",2,models/port_grid3/justgrpo/seed_2/finetune_mlp_5,0.9450003262065537,5.330674985353899,5.538344434617459,1.875579461809345,18.56028413513886,0.9253733928622703,0.7471839901462497,10.428956632621231,3.8821983742895174,3.8169285072337225,4.8292220800281225,14.311155006910749,1.0020810903307695,0.001295102358225719,20.09576142398184,0.9470308262209589,19.356401425038,1.0020810903307695,0.9999999999999997,0.9999999999999999,1.8295951178650618,5500.0,5.435619251360903,0.993562542673042,0.4398696352134626
"justgrpo[ppo_epochs=1, eps_clip=0.2] mlp_w32 from mlp_5 {context_source=uniform, contexts=256, group=5, learning_rate=0.0001, reference=initial, ppo_epochs=1, steps=10000, reward=potts_tfbind8}",2,models/port_grid3/justgrpo/seed_2/finetune_mlp_5,0.9452217980008322,5.338596728573896,5.492081559157199,1.8803260898940988,18.49280977455182,0.9266853148134626,0.8477193829706512,10.795850150722526,4.1845612750082495,3.9170480166130037,4.935120336725232,14.980411425730775,1.0010115816654919,0.0006748627700846252,20.095836335676594,0.947034236216825,19.356761715917795,1.0010115816654919,0.9999999999999994,1.0,2.0367049154427357,6000.0,5.403855393033072,0.9944732090746,0.48262921113117313
"justgrpo[ppo_epochs=1, eps_clip=0.2] mlp_w32 from mlp_5 {context_source=uniform, contexts=256, group=5, learning_rate=0.0001, reference=initial, ppo_epochs=1, steps=10000, reward=potts_tfbind8}",2,models/port_grid3/justgrpo/seed_2/finetune_mlp_5,0.9447443723093231,5.321217287709223,5.513868500020165,1.885882058395216,18.502130608858376,0.9269760979129842,0.85111823440426,10.881446339079627,4.376530592277549,3.902354588001416,4.928422061696575,15.257976931357176,1.0006327684249339,0.00044064243102648456,20.09586284664128,0.9470354432206306,19.356903936664487,1.0006327684249339,0.9999999999999994,1.0000000000000002,2.016025388954247,6500.0,5.42843691181231,0.9946509901341098,0.48073154252820927
"justgrpo[ppo_epochs=1, eps_clip=0.2] mlp_w32 from mlp_5 {context_source=uniform, contexts=256, group=5, learning_rate=0.0001, reference=initial, ppo_epochs=1, steps=10000, reward=potts_tfbind8}",2,models/port_grid3/justgrpo/seed_2/finetune_mlp_5,0.9452141726983793,5.346649957110772,5.548479590720017,1.8968556497090752,18.470656756358682,0.9266467112263036,0.9396223554996772,11.223869215955085,4.641543123218613,4.037864027464648,4.950640213544374,15.865412339173698,1.00015132035109,0.00011890117325122045,20.09589652783206,0.9470369765891642,19.357108786468427,1.0001513203510901,1.0000000000000004,0.9999999999999998,2.0854543195515736,7000.0,5.469251689656869,0.9950403401303796,0.4995940915743673
"justgrpo[ppo_epochs=1, eps_clip=0.2] mlp_w32 from mlp_5 {context_source=uniform, contexts=256, group=5, learning_rate=0.0001, reference=initial, ppo_epochs=1, steps=10000, reward=potts_tfbind8}",2,models/port_grid3/justgrpo/seed_2/finetune_mlp_5,0.9449752161171212,5.338574904876751,5.74368296363561,1.9818020519855326,18.363116737327168,0.924705390841808,0.9763065270399189,10.774699532046359,4.926944662462461,3.834815122544812,4.945077292432284,15.70164419450882,1.000162038083095,0.000126622672450316,20.09589577954168,0.9470369425584,19.357103679083348,1.000162038083095,0.9999999999999999,0.9999999999999999,2.241201426986734,7500.0,5.642954482107221,0.9936841769757566,0.5362885190212202
"justgrpo[ppo_epochs=1, eps_clip=0.2] mlp_w32 from mlp_5 {context_source=uniform, contexts=256, group=5, learning_rate=0.0001, reference=initial, ppo_epochs=1, steps=10000, reward=potts_tfbind8}",2,models/port_grid3/justgrpo/seed_2/finetune_mlp_5,0.9449963617464996,5.34572950023903,5.72067299780782,1.9622828947096558,18.380708694893713,0.9247463995488938,0.9917490215151731,11.515142334354248,5.17816526965154,3.9739377539189897,4.954365394038794,16.69330760400579,1.000110595131333,8.906436262553264e-05,20.095899377548445,0.9470371063557342,19.35712875142582,1.000110595131333,0.9999999999999998,0.9999999999999999,2.2241015922434753,8000.0,5.644802133646214,0.9952485531853262,0.5364536968851914
"justgrpo[ppo_epochs=1, eps_clip=0.2] mlp_w32 from mlp_5 {context_source=uniform, contexts=256, group=5, learning_rate=0.0001, reference=initial, ppo_epochs=1, steps=10000, reward=potts_tfbind8}",2,models/port_grid3/justgrpo/seed_2/finetune_mlp_5,0.9451169813889694,5.349234999862529,6.058110741846751,2.0678531426916162,18.311316081524925,0.9228136563167116,0.9970881887498286,11.302561744425809,5.539227574798026,3.9067287653090403,4.881204383951705,16.841789319223835,1.0001047049685075,8.46782804991209e-05,20.095899789962285,0.9470371251165501,19.357131707087206,1.0001047049685075,0.9999999999999992,1.0000000000000004,2.2550295022095534,8500.0,5.945214268068365,0.9929170422792278,0.5406749181554704
"justgrpo[ppo_epochs=1, eps_clip=0.2] mlp_w32 from mlp_5 {context_source=uniform, contexts=256, group=5, learning_rate=0.0001, reference=initial, ppo_epochs=1, steps=10000, reward=potts_tfbind8}",2,models/port_grid3/justgrpo/seed_2/finetune_mlp_5,0.9447457991583208,5.338585730346791,5.957782226998087,2.0528482652071447,18.234888276597232,0.9225269923627265,1.1260040527579447,11.61556727262812,5.722868988672705,4.088274230928446,4.985398143668924,17.338436261300824,1.000066762188536,5.587552678105366e-05,20.095902443081226,0.9470372459394965,19.357151302359014,1.000066762188536,1.0000000000000004,1.0000000000000002,2.4738649693182895,9000.0,5.8557890141707984,0.9936011047325689,0.584944849696903
"justgrpo[ppo_epochs=1, eps_clip=0.2] mlp_w32 from mlp_5 {context_source=uniform, contexts=256, group=5, learning_rate=0.0001, reference=initial, ppo_epochs=1, steps=10000, reward=potts_tfbind8}",2,models/port_grid3/justgrpo/seed_2/finetune_mlp_5,0.9451375218773433,5.359593477577564,6.060911524697115,2.073482031471051,18.228232308157,0.9205233955445279,1.1542818489847315,11.816586603913365,5.930405110142704,4.169245998315011,4.927608872167215,17.74699171405607,1.0000284184799968,2.530222686327504e-05,20.095905125463258,0.9470373679871943,19.357172567245883,1.0000284184799968,0.9999999999999998,0.9999999999999999,2.426059650476991,9500.0,5.958197342255887,0.9935531739206066,0.5866002000436664
"justgrpo[ppo_epochs=1, eps_clip=0.2] mlp_w32 from mlp_5 {context_source=uniform, contexts=256, group=5, learning_rate=0.0001, reference=initial, ppo_epochs=1, steps=10000, reward=potts_tfbind8}",2,models/port_grid3/justgrpo/seed_2/finetune_mlp_5,0.9455757246245658,5.383630178928165,6.054556886043681,2.0367011924013196,18.364135482115138,0.9210130085037819,1.0395569810379648,12.381237474724259,6.2618344200859894,4.260799510143247,4.828525674911911,18.643071894810248,1.0000170930030672,1.5758757007487203e-05,20.09590591821994,0.9470374039918042,19.357179358205194,1.0000170930030672,0.9999999999999994,1.0,2.1231216922844345,10000.0,5.962314186771644,0.9942202543881903,0.5241028966464533
"rspo[rspo_lambda=0.01, advantage_std=True, mask_scheme=iid, mask_samples=4, rollout=uniform, rollout_temperature=1.0] mlp_w32 from mlp_5 {context_source=uniform, contexts=256, group=5, learning_rate=0.0001, reference=initial, ppo_epochs=1, steps=10000, reward=potts_tfbind8}",1,models/port_grid3/rspo/seed_1/finetune_mlp_5,0.40089774494688835,0.0,15.58400929863198,7.3350796144291905,7.274364485999048,0.40059227009566606,4.745069725420644,0.0,0.0,3.3845174252188786,0.0,0.0,4.896481007458549,1.5766628960892644,8.347072093028896,0.2951274947079451,0.0,0.36194497535363446,0.02441464572044008,1.0000000000000013,13.929252511546688,0.0,1.8270649549340976,0.11713328142727052,0.9521731131251499
"rspo[rspo_lambda=0.01, advantage_std=True, mask_scheme=iid, mask_samples=4, rollout=uniform, rollout_temperature=1.0] mlp_w32 from mlp_5 {context_source=uniform, contexts=256, group=5, learning_rate=0.0001, reference=initial, ppo_epochs=1, steps=10000, reward=potts_tfbind8}",1,models/port_grid3/rspo/seed_1/finetune_mlp_5,0.4019611803682197,7.684945575698525e-05,15.584965575270605,7.33314378549975,7.299952378342578,0.40171961942380746,4.727362453085145,7.919543192911943e-05,6.655242998957758e-06,3.3712525108250673,7.924652293940905e-05,8.585067492807719e-05,4.909555493531347,1.5825983359914593,8.356776103363686,0.2956748832404958,8.174913845833214e-05,0.370732382939542,0.025053259784541114,1.000000000000001,13.890949919554318,1.0,1.8543708249900626,0.11895880036331298,0.9514288024912083
"rspo[rspo_lambda=0.01, advantage_std=True, mask_scheme=iid, mask_samples=4, rollout=uniform, rollout_temperature=1.0] mlp_w32 from mlp_5 {context_source=uniform, contexts=256, group=5, learning_rate=0.0001, reference=initial, ppo_epochs=1, steps=10000, reward=potts_tfbind8}",1,models/port_grid3/rspo/seed_1/finetune_mlp_5,0.4029355489717328,0.00027562775350329846,15.586100793838236,7.331148284808162,7.325468716791652,0.4028287518192394,4.709757175391125,0.0002919722815167853,2.415550546728748e-05,3.3580382073747557,0.0002924718064588358,0.0003161277869840728,4.918882484068042,1.5849816442556253,8.383085832152009,0.2970076143113658,0.0008021786723824758,0.39993016604734766,0.027261607727650083,1.0000000000000013,13.852888637164233,2.0,1.8817117185522076,0.12078697706415185,0.9506958053825905
"rspo[rspo_lambda=0.01, advantage_std=True, mask_scheme=iid, mask_samples=4, rollout=uniform, rollout_temperature=1.0] mlp_w32 from mlp_5 {context_source=uniform, contexts=256, group=5, learning_rate=0.0001, reference=initial, ppo_epochs=1, steps=10000, reward=potts_tfbind8}",1,models/port_grid3/rspo/seed_1/finetune_mlp_5,0.40485489731255736,0.0009708922982740987,15.586902593416117,7.32541310682001,7.376093925880077,0.4049722368629557,4.6753943461352865,0.0010411201121733587,8.663239553814315e-05,3.3312067243921417,0.0010456575190416276,0.0011277525077115018,4.927032564600804,1.589361412181911,8.40310046295854,0.2980693088815014,0.0019380870441770368,0.4187137475089979,0.028667904929244654,1.0000000000000013,13.777704009244186,4.0,1.937052770659414,0.12450154774968952,0.9491786588606791
"rspo[rspo_lambda=0.01, advantage_std=True, mask_scheme=iid, mask_samples=4, rollout=uniform, rollout_temperature=1.0] mlp_w32 from mlp_5 {context_source=uniform, contexts=256, group=5, learning_rate=0.0001, reference=initial, ppo_epochs=1, steps=10000, reward=potts_tfbind8}",1,models/port_grid3/rspo/seed_1/finetune_mlp_5,0.40814745443272266,0.0035405023591438683,15.583048693056956,7.302322240966234,7.475925862586522,0.40871918583552774,4.626717272661208,0.0038446187733296253,0.0003119436685950633,3.292646129254728,0.0038728348436934974,0.004156562441924689,4.957562453907619,1.6016685848935346,8.45571215773556,0.3007905854000492,0.004886327619306678,0.47807138186122966,0.03339284339084908,1.000000000000001,13.630783281509164,8.0,2.039028817499133,0.1314567445841731,0.9461503489213396
"rspo[rspo_lambda=0.01, advantage_std=True, mask_scheme=iid, mask_samples=4, rollout=uniform, rollout_temperature=1.0] mlp_w32 from mlp_5 {context_source=uniform, contexts=256, group=5, learning_rate=0.0001, reference=initial, ppo_epochs=1, steps=10000, reward=potts_tfbind8}",1,models/port_grid3/rspo/seed_1/finetune_mlp_5,0.4157592397503864,0.013621385228598541,15.574647061717751,7.2576005088068785,7.684768410096648,0.4170065927958824,4.516235608957582,0.01481534285615441,0.0011489776909243132,3.2074355560410903,0.015010390953855052,0.015964320547078723,5.529457231069708,1.7714418608115072,8.794889184256744,0.3187047953170663,0.05983860659829021,0.8758767947788565,0.06588196863692682,1.000000000000001,13.328657016354134,16.0,2.262150428780021,0.1468278486427942,0.9396805106398299
"rspo[rspo_lambda=0.01, advantage_std=True, mask_scheme=iid, mask_samples=4, rollout=uniform, rollout_temperature=1.0] mlp_w32 from mlp_5 {context_source=uniform, contexts=256, group=5, learning_rate=0.0001, reference=initial, ppo_epochs=1, steps=10000, reward=potts_tfbind8}",1,models/port_grid3/rspo/seed_1/finetune_mlp_5,0.43341254872416,0.05557281699768612,15.54314611101906,7.1557184524762025,8.138076966049722,0.4357543644468577,4.307562492727722,0.059041142317521736,0.004345097007894774,3.054186803377982,0.060542079022062344,0.06338623932541651,6.412858438547962,2.000205668287763,11.792616463192822,0.475776982764847,1.7344470155307672,2.4876242527886143,0.4333830054647604,1.000000000000001,12.694225870492732,32.0,2.771804338543776,0.18295824215618423,0.9326435606146788
"rspo[rspo_lambda=0.01, advantage_std=True, mask_scheme=iid, mask_samples=4, rollout=uniform, rollout_temperature=1.0] mlp_w32 from mlp_5 {context_source=uniform, contexts=256, group=5, learning_rate=0.0001, reference=initial, ppo_epochs=1, steps=10000, reward=potts_tfbind8}",1,models/port_grid3/rspo/seed_1/finetune_mlp_5,0.4786163998175214,0.23701870358832344,15.364092337888259,6.88854918364285,9.229856306312275,0.48435544053879365,3.8558670702983844,0.24577017649278782,0.017908540848146692,2.7474040796163033,0.2549004818496798,0.2636787173409345,3.1446601136770824,0.845984060209687,16.30877158238694,0.6970176763031398,3.673926457782658,2.569698093684581,0.9607377762575483,1.000000000000001,11.250915262926515,64.0,4.048357191744093,0.27916836740722634,0.9182053058855109
"rspo[rspo_lambda=0.01, advantage_std=True, mask_scheme=iid, mask_samples=4, rollout=uniform, rollout_temperature=1.0] mlp_w32 from mlp_5 {context_source=uniform, contexts=256, group=5, learning_rate=0.0001, reference=initial, ppo_epochs=1, steps=10000, reward=potts_tfbind8}",1,models/port_grid3/rspo/seed_1/finetune_mlp_5,0.597783995350838,1.010271327698633,14.34731599916849,5.964739332333571,11.870175441258786,0.6039623736765032,2.9982553849994087,1.0439676229437134,0.08110954158682104,2.327662986534904,1.0064387132433188,1.1250771645305344,2.952626584215289,0.7069292087786195,16.719610100968207,0.7212891123569865,5.292432050569764,2.9409142214913118,0.9992669137908147,1.0000000000000007,8.041974791900387,128.0,6.95098397133067,0.5312872810603927,0.8886857786048273
"rspo[rspo_lambda=0.01, advantage_std=True, mask_scheme=iid, mask_samples=4, rollout=uniform, rollout_temperature=1.0] mlp_w32 from mlp_5 {context_source=uniform, contexts=256, group=5, learning_rate=0.0001, reference=initial, ppo_epochs=1, steps=10000, reward=potts_tfbind8}",1,models/port_grid3/rspo/seed_1/finetune_mlp_5,0.771597459433376,2.594908431154418,12.044423398562527,4.416449838425843,15.412923341825199,0.7749309446642609,1.2428749327893622,3.0492598550711407,0.2981383016716119,1.9434858390620844,2.439428262828276,3.3473981567427527,1.7992501206305853,0.301190865911473,19.993176589090663,0.9424817604564856,19.316848810041137,1.7991001060638474,0.9999906236206795,1.0,4.160842490635712,256.0,9.3403271211088,0.8293370582460403,0.6951242490774086
"rspo[rspo_lambda=0.01, advantage_std=True, mask_scheme=iid, mask_samples=4, rollout=uniform, rollout_temperature=1.0] mlp_w32 from mlp_5 {context_source=uniform, contexts=256, group=5, learning_rate=0.0001, reference=initial, ppo_epochs=1, steps=10000, reward=potts_tfbind8}",1,models/port_grid3/rspo/seed_1/finetune_mlp_5,0.9264291070739081,4.767545653440358,3.548928221547105,1.088528692761073,19.327715940575807,0.9268462705443715,0.3459593537408092,6.831469977312532,1.0063494083240592,3.428051291087878,4.791176445906014,7.837819385636591,1.0179371596093854,0.008814278489233215,20.094637791791055,0.9469798929319512,19.35277764745887,1.017937159400749,0.99999999998696,1.0000000000000002,0.6404017755875533,500.0,3.2639217552873148,0.9821031041983594,0.12883947020901096
"rspo[rspo_lambda=0.01, advantage_std=True, mask_scheme=iid, mask_samples=4, rollout=uniform, rollout_temperature=1.0] mlp_w32 from mlp_5 {context_source=uniform, contexts=256, group=5, learning_rate=0.0001, reference=initial, ppo_epochs=1, steps=10000, reward=potts_tfbind8}",1,models/port_grid3/rspo/seed_1/finetune_mlp_5,0.9278211299458226,4.803123510058345,3.405912116431263,1.030308770060797,19.37307945640718,0.9282570867576088,0.35518995958770866,6.9732734110167165,1.0343629322398655,3.5105637107312013,4.830688997220794,8.007636343256582,1.0147506123287688,0.00742065405259994,20.09486481587453,0.9469901913197832,19.353384105593438,1.0147506121961498,0.9999999999917109,0.9999999999999998,0.6118690531552189,512.0,3.1414462924432227,0.9834004677177949,0.13258144283461634
"rspo[rspo_lambda=0.01, advantage_std=True, mask_scheme=iid, mask_samples=4, rollout=uniform, rollout_temperature=1.0] mlp_w32 from mlp_5 {context_source=uniform, contexts=256, group=5, learning_rate=0.0001, reference=initial, ppo_epochs=1, steps=10000, reward=potts_tfbind8}",1,models/port_grid3/rspo/seed_1/finetune_mlp_5,0.941972292685029,5.189710739368166,1.9324697253243133,0.4053921136022523,19.859227990858837,0.9411270882087664,0.5250006859526914,10.013840642491534,1.5630360105029304,5.092551383885196,5.2279322427134485,11.576876652994464,1.0010404986515669,0.0006925076809362591,20.09583425787518,0.9470341444062896,19.356751236982472,1.0010404986515509,0.9999999999999987,0.9999999999999997,0.2798894969703411,1000.0,1.872252081199528,0.9962241916328765,0.16230997206229267
"rspo[rspo_lambda=0.01, advantage_std=True, mask_scheme=iid, mask_samples=4, rollout=uniform, rollout_temperature=1.0] mlp_w32 from mlp_5 {context_source=uniform, contexts=256, group=5, learning_rate=0.0001, reference=initial, ppo_epochs=1, steps=10000, reward=potts_tfbind8}",1,models/port_grid3/rspo/seed_1/finetune_mlp_5,0.9419002117393075,5.186704169136017,1.935969222445324,0.4069583963309565,19.857075983108643,0.9410515520834923,0.5258845175161269,9.995395041406855,1.5647438919593988,5.089663603023279,5.226689073744033,11.560138933366254,1.0008723945321578,0.0005902170365117051,20.095846026457853,0.9470346800880788,19.356812689981794,1.0008723945321436,0.9999999999999989,0.9999999999999997,0.2818743396262354,1024.0,1.8755120423413594,0.996208322160979,0.16321175329871965
"rspo[rspo_lambda=0.01, advantage_std=True, mask_scheme=iid, mask_samples=4, rollout=uniform, rollout_temperature=1.0] mlp_w32 from mlp_5 {context_source=uniform, contexts=256, group=5, learning_rate=0.0001, reference=initial, ppo_epochs=1, steps=10000, reward=potts_tfbind8}",1,models/port_grid3/rspo/seed_1/finetune_mlp_5,0.9436129372704537,5.244950827761712,1.723995752232386,0.31888855934213356,19.928159198760948,0.9428796378542748,0.5610189899208752,11.070493491013636,1.8897418806888258,5.499216832813419,5.28130391497878,12.960235371702462,1.0004834731613155,0.00034478826498624156,20.095873293474856,0.9470359187937978,19.356963542349387,1.0004834731613155,0.9999999999999994,1.0,0.22986435738260158,1500.0,1.689105224898614,0.9978140245676684,0.1655490670350771
"rspo[rspo_lambda=0.01, advantage_std=True, mask_scheme=iid, mask_samples=4, rollout=uniform, rollout_temperature=1.0] mlp_w32 from mlp_5 {context_source=uniform, contexts=256, group=5, learning_rate=0.0001, reference=initial, ppo_epochs=1, steps=10000, reward=potts_tfbind8}",1,models/port_grid3/rspo/seed_1/finetune_mlp_5,0.9448347172278728,5.29410273561263,1.6321030885209962,0.28132447077793343,19.955443420034644,0.943767518908934,0.5970931441769877,12.109671653842913,2.287802470709181,5.7634159830542915,5.310799589419807,14.397474124552094,1.000315909135065,0.00023366181282608584,20.09588502074534,0.9470364524563629,19.35703397700501,1.000315909135065,0.9999999999999998,1.0,0.21843369991307354,2000.0,1.6078844754394606,0.9984827870330678,0.1682524270589805
"rspo[rspo_lambda=0.01, advantage_std=True, mask_scheme=iid, mask_samples=4, rollout=uniform, rollout_temperature=1.0] mlp_w32 from mlp_5 {context_source=uniform, contexts=256, group=5, learning_rate=0.0001, reference=initial, ppo_epochs=1, steps=10000, reward=potts_tfbind8}",1,models/port_grid3/rspo/seed_1/finetune_mlp_5,0.9450963222195032,5.305776031477679,1.5782518550551674,0.26073323162871304,19.965566590432733,0.9441187531230127,0.6195885350568053,12.22759971262743,2.3889937261178797,5.821454396591721,5.327126367806429,14.61659343874531,1.0002135489448705,0.0001631717934995546,20.09589217987917,0.9470367784396162,19.35707962256862,1.0002135489448705,0.9999999999999998,0.9999999999999999,0.2195757227025237,2048.0,1.5562629522454474,0.9986228613036353,0.170663890678014
"rspo[rspo_lambda=0.01, advantage_std=True, mask_scheme=iid, mask_samples=4, rollout=uniform, rollout_temperature=1.0] mlp_w32 from mlp_5 {context_source=uniform, contexts=256, group=5, learning_rate=0.0001, reference=initial, ppo_epochs=1, steps=10000, reward=potts_tfbind8}",1,models/port_grid3/rspo/seed_1/finetune_mlp_5,0.9448561165862506,5.279719123527553,1.8672997855383,0.3740882490163711,19.90092808234277,0.9430118134585407,0.5626648457301889,11.940116357626897,2.6629288285232118,5.437822001322498,5.258934735861122,14.603045186150108,1.0001307751536905,0.00010392851399409557,20.095897968976086,0.9470370420218985,19.357118776136318,1.0001307751536905,0.9999999999999999,0.9999999999999999,0.24834185289219565,2500.0,1.8427971121942515,0.9984647455027277,0.16621507339279284
"rspo[rspo_lambda=0.01, advantage_std=True, mask_scheme=iid, mask_samples=4, rollout=uniform, rollout_temperature=1.0] mlp_w32 from mlp_5 {context_source=uniform, contexts=256, group=5, learning_rate=0.0001, reference=initial, ppo_epochs=1, steps=10000, reward=potts_tfbind8}",1,models/port_grid3/rspo/seed_1/finetune_mlp_5,0.9456101491995766,5.3555096235582225,1.7035203191523047,0.3077584624310069,19.942673604849915,0.9437980396437001,0.6200434563615135,13.425493378502745,3.3022162255351564,5.899142093207485,5.299679059163718,16.7277096040379,1.0000629159085648,5.287563364100235e-05,20.095902714358864,0.9470372580970676,19.357153361045146,1.0000629159085648,0.9999999999999999,1.0,0.22646789243402882,3000.0,1.6913451407885647,0.9992379135658901,0.16922842628908022
"rspo[rspo_lambda=0.01, advantage_std=True, mask_scheme=iid, mask_samples=4, rollout=uniform, rollout_temperature=1.0] mlp_w32 from mlp_5 {context_source=uniform, contexts=256, group=5, learning_rate=0.0001, reference=initial, ppo_epochs=1, steps=10000, reward=potts_tfbind8}",1,models/port_grid3/rspo/seed_1/finetune_mlp_5,0.9454331413330026,5.351340866969735,1.8836822559724635,0.3735857121652641,19.909655049718697,0.9433489229096356,0.579727954013846,13.4054349454981,3.795700228740408,5.688753759889295,5.261246025235218,17.20113517423851,1.000049619103792,4.2436808210040497e-05,20.095903644161204,0.9470373004347287,19.35716057315991,1.000049619103792,0.9999999999999994,0.9999999999999999,0.23756269120234572,3500.0,1.872909307950132,0.9993260806975546,0.16438564087550386
"rspo[rspo_lambda=0.01, advantage_std=True, mask_scheme=iid, mask_samples=4, rollout=uniform, rollout_temperature=1.0] mlp_w32 from mlp_5 {context_source=uniform, contexts=256, group=5, learning_rate=0.0001, reference=initial, ppo_epochs=1, steps=10000, reward=potts_tfbind8}",1,models/port_grid3/rspo/seed_1/finetune_mlp_5,0.9460070216869346,5.401462225188269,1.715305413855565,0.31271101818359043,19.945433029669548,0.9437592779130264,0.5931231676571432,13.814344199928644,4.372774991195836,5.752682972846358,5.2940935443890185,18.18711919112448,1.0000187978626094,1.721705443979083e-05,20.0959057993309,0.9470373985690835,19.357178313775524,1.0000187978626094,0.9999999999999994,1.0000000000000002,0.21674324042990517,4000.0,1.7064205911843269,0.9994443118989886,0.16710116815373377
"rspo[rspo_lambda=0.01, advantage_std=True, mask_scheme=iid, mask_samples=4, rollout=uniform, rollout_temperature=1.0] mlp_w32 from mlp_5 {context_source=uniform, contexts=256, group=5, learning_rate=0.0001, reference=initial, ppo_epochs=1, steps=10000, reward=potts_tfbind8}",1,models/port_grid3/rspo/seed_1/finetune_mlp_5,0.9459276115377778,5.397588323417943,1.806750713013884,0.34684048561254527,19.927006984680347,0.9433976959531369,0.5881397189072151,13.739619838663756,4.397721699100103,5.707625384914444,5.273517368532634,18.13734153776386,1.0000204364506247,1.8611105881119622e-05,20.095905684754687,0.9470373933519157,19.357177317340874,1.0000204364506247,0.9999999999999999,1.0000000000000002,0.22380613205734928,4096.0,1.7959260987943857,0.999322911151569,0.1645949200565261
"rspo[rspo_lambda=0.01, advantage_std=True, mask_scheme=iid, mask_samples=4, rollout=uniform, rollout_temperature=1.0] mlp_w32 from mlp_5 {context_source=uniform, contexts=256, group=5, learning_rate=0.0001, reference=initial, ppo_epochs=1, steps=10000, reward=potts_tfbind8}",1,models/port_grid3/rspo/seed_1/finetune_mlp_5,0.9460601972913825,5.413243490512697,1.669439429871417,0.29428860057073997,19.957434062973174,0.9440107992157856,0.6075490931375224,14.29796599309845,4.674819980233218,5.86967100862679,5.306023816158622,18.972785973331668,1.000010970122212,1.0416815535939683e-05,20.095906346673996,0.947037423492038,19.357183214556063,1.000010970122212,0.9999999999999998,1.0000000000000004,0.21067196224414966,4500.0,1.6603827538781855,0.9994335416972847,0.1680554995109154
"rspo[rspo_lambda=0.01, advantage_std=True, mask_scheme=iid, mask_samples=4, rollout=uniform, rollout_temperature=1.0] mlp_w32 from mlp_5 {context_source=uniform, contexts=256, group=5, learning_rate=0.0001, reference=initial, ppo_epochs=1, steps=10000, reward=potts_tfbind8}",1,models/port_grid3/rspo/seed_1/finetune_mlp_5,0.9460474520953205,5.418235732164689,1.8042822889566108,0.34431026731583364,19.931213067174728,0.9432625665424534,0.5672188748983971,14.094527727803863,5.17696053699108,5.698473766270752,5.271114725099153,19.271488264794943,1.0000057982020634,5.736810837768461e-06,20.095906708310572,0.9470374399589541,19.357186639564294,1.0000057982020634,0.9999999999999996,0.9999999999999997,0.21509436488226252,5000.0,1.794646400448533,0.9993975150371978,0.16481160620910854
"rspo[rspo_lambda=0.01, advantage_std=True, mask_scheme=iid, mask_samples=4, rollout=uniform, rollout_temperature=1.0] mlp_w32 from mlp_5 {context_source=uniform, contexts=256, group=5, learning_rate=0.0001, reference=initial, ppo_epochs=1, steps=10000, reward=potts_tfbind8}",1,models/port_grid3/rspo/seed_1/finetune_mlp_5,0.9463494544139908,5.441785357587713,1.7757311853146636,0.33195961612650876,19.935550384876212,0.943162290235159,0.6286005753987319,14.629482717716305,5.8498360267884255,5.952616409125124,5.278297881065568,20.47931874450473,1.0000015118124919,1.6228175465761927e-06,20.095907008026725,0.9470374536063626,19.35718971344511,1.0000015118124919,0.9999999999999998,0.9999999999999997,0.2157715442964714,5500.0,1.7673806587411538,0.9994779878431619,0.16667314463780972
"rspo[rspo_lambda=0.01, advantage_std=True, mask_scheme=iid, mask_samples=4, rollout=uniform, rollout_temperature=1.0] mlp_w32 from mlp_5 {context_source=uniform, contexts=256, group=5, learning_rate=0.0001, reference=initial, ppo_epochs=1, steps=10000, reward=potts_tfbind8}",1,models/port_grid3/rspo/seed_1/finetune_mlp_5,0.9463938059597284,5.44326675299317,1.7795267808098478,0.3299070861660554,19.93910126848445,0.9431292415786618,0.5984112409346877,15.043273424037192,6.267682493209616,5.963120896837638,5.276854138661588,21.310955917246808,1.0000017928586806,1.9053944279133495e-06,20.09590698837523,0.9470374527115427,19.357189499065264,1.0000017928586806,0.9999999999999993,1.0000000000000002,0.20900147648010658,6000.0,1.7728336774264104,0.9995815992197564,0.1664864346523783
"rspo[rspo_lambda=0.01, advantage_std=True, mask_scheme=iid, mask_samples=4, rollout=uniform, rollout_temperature=1.0] mlp_w32 from mlp_5 {context_source=uniform, contexts=256, group=5, learning_rate=0.0001, reference=initial, ppo_epochs=1, steps=10000, reward=potts_tfbind8}",1,models/port_grid3/rspo/seed_1/finetune_mlp_5,0.9466531540878795,5.461119025796488,1.6153675147464046,0.26845133167520063,19.972382762894362,0.9438651382124615,0.6527357274258239,15.450750411569759,7.045867100339207,6.195258063624497,5.316971691676608,22.496617511908966,1.0000005705689272,6.472115379871137e-07,20.095907073840895,0.9470374566031743,19.35719046065452,1.0000005705689272,0.9999999999999994,0.9999999999999999,0.199196787880222,6500.0,1.6102856121455722,0.9996823472361949,0.1679976499428222
"rspo[rspo_lambda=0.01, advantage_std=True, mask_scheme=iid, mask_samples=4, rollout=uniform, rollout_temperature=1.0] mlp_w32 from mlp_5 {context_source=uniform, contexts=256, group=5, learning_rate=0.0001, reference=initial, ppo_epochs=1, steps=10000, reward=potts_tfbind8}",1,models/port_grid3/rspo/seed_1/finetune_mlp_5,0.9466679067981759,5.464016967720758,1.607491738363855,0.2650499652110802,19.975521176934617,0.944045112035966,0.6561712055529563,15.845144907584775,7.504165232955614,6.288497616119946,5.321269123692471,23.34931014054039,1.0000004076439135,4.709679515147628e-07,20.095907085233026,0.9470374571219087,19.357190597363704,1.0000004076439135,0.9999999999999994,1.0000000000000002,0.1987865988357286,7000.0,1.601795523665443,0.9996439471628134,0.1687174216013893
"rspo[rspo_lambda=0.01, advantage_std=True, mask_scheme=iid, mask_samples=4, rollout=uniform, rollout_temperature=1.0] mlp_w32 from mlp_5 {context_source=uniform, contexts=256, group=5, learning_rate=0.0001, reference=initial, ppo_epochs=1, steps=10000, reward=potts_tfbind8}",1,models/port_grid3/rspo/seed_1/finetune_mlp_5,0.9466903821923056,5.46633666613499,1.6858686524093205,0.29172766092785324,19.957325351908132,0.9435134456487527,0.7032344134655562,16.585098865341863,8.285446093575274,6.517814634490357,5.305401362098793,24.870544958917137,1.0000002294636607,2.7335019956994277e-07,20.095907097691846,0.947037457689214,19.35719075174532,1.0000002294636607,0.9999999999999996,1.0000000000000002,0.21021257478175942,7500.0,1.680019062109412,0.9996343490769097,0.16961479105885813
"rspo[rspo_lambda=0.01, advantage_std=True, mask_scheme=iid, mask_samples=4, rollout=uniform, rollout_temperature=1.0] mlp_w32 from mlp_5 {context_source=uniform, contexts=256, group=5, learning_rate=0.0001, reference=initial, ppo_epochs=1, steps=10000, reward=potts_tfbind8}",1,models/port_grid3/rspo/seed_1/finetune_mlp_5,0.9466818273853358,5.467939299405411,1.5502708797903986,0.2413419470779987,19.98733886211671,0.9442884890401014,0.700262500754046,17.072825613571805,8.870085910223477,6.5982586474465625,5.337856007138691,25.94291152379528,1.0000001427089515,1.7423914994810138e-07,20.09590710375796,0.947037457965431,19.357190829805006,1.0000001427089515,0.9999999999999998,1.0000000000000002,0.19764695450880004,8000.0,1.5453449083826236,0.9996920906943708,0.16992226215432818
"rspo[rspo_lambda=0.01, advantage_std=True, mask_scheme=iid, mask_samples=4, rollout=uniform, rollout_temperature=1.0] mlp_w32 from mlp_5 {context_source=uniform, contexts=256, group=5, learning_rate=0.0001, reference=initial, ppo_epochs=1, steps=10000, reward=potts_tfbind8}",1,models/port_grid3/rspo/seed_1/finetune_mlp_5,0.9467228991968372,5.470832866589289,1.5430233261423647,0.23484278729333505,19.98892934514156,0.9442727571320895,0.7420182705774049,17.853517521289938,9.686281400751781,6.7476368767987545,5.342480572489946,27.53979892204172,1.0000000415867047,5.3979739341393444e-08,20.095907110828673,0.9470374582873922,19.35719092552671,1.0000000415867047,0.9999999999999994,1.0000000000000002,0.19988579532283748,8500.0,1.539184676494455,0.9997600615620698,0.17072515793143783
"rspo[rspo_lambda=0.01, advantage_std=True, mask_scheme=iid, mask_samples=4, rollout=uniform, rollout_temperature=1.0] mlp_w32 from mlp_5 {context_source=uniform, contexts=256, group=5, learning_rate=0.0001, reference=initial, ppo_epochs=1, steps=10000, reward=potts_tfbind8}",1,models/port_grid3/rspo/seed_1/finetune_mlp_5,0.9467122990933352,5.471718854993003,1.559514586784592,0.24202906362854634,19.985207085076304,0.9441460986734971,0.7131142194721313,18.010338644922328,10.101077505668965,6.64550515455221,5.337482611974491,28.111416150591293,1.0000000421139825,5.463098420190115e-08,20.09590711079181,0.9470374582857136,19.357190925003415,1.0000000421139825,0.9999999999999998,0.9999999999999998,0.2004712249052626,9000.0,1.5543683606604461,0.9996783238946516,0.17067209394802488
"rspo[rspo_lambda=0.01, advantage_std=True, mask_scheme=iid, mask_samples=4, rollout=uniform, rollout_temperature=1.0] mlp_w32 from mlp_5 {context_source=uniform, contexts=256, group=5, learning_rate=0.0001, reference=initial, ppo_epochs=1, steps=10000, reward=potts_tfbind8}",1,models/port_grid3/rspo/seed_1/finetune_mlp_5,0.9468285783219546,5.476071031516181,1.3768752338340398,0.17083125532833374,20.02418420658887,0.9451331981159056,0.7722038648260325,18.872089578993986,11.210492644662441,7.108605568200862,5.384285838906429,30.082582223656427,1.0000000271042544,3.5906640031691006e-08,20.095907111841324,0.9470374583335026,19.357190940085584,1.0000000271042544,0.9999999999999996,1.0,0.18880876956831374,9500.0,1.3745104422981353,0.9998521935095028,0.17167868888340165
"rspo[rspo_lambda=0.01, advantage_std=True, mask_scheme=iid, mask_samples=4, rollout=uniform, rollout_temperature=1.0] mlp_w32 from mlp_5 {context_source=uniform, contexts=256, group=5, learning_rate=0.0001, reference=initial, ppo_epochs=1, steps=10000, reward=potts_tfbind8}",1,models/port_grid3/rspo/seed_1/finetune_mlp_5,0.9466637783856062,5.471199438995032,1.4909905178506766,0.21850503771467902,19.9977148956936,0.9444304457682514,0.753816253573396,18.80740654598056,11.699776768474134,6.893676631082267,5.352446745305169,30.507183314454693,1.0000000310237307,4.0837124633549685e-08,20.095907111567264,0.9470374583210235,19.35719093610618,1.0000000310237307,0.9999999999999996,1.0000000000000002,0.1966736423099851,10000.0,1.4853392782516701,0.9996467503577664,0.1707370945078152
"rspo[rspo_lambda=0.01, advantage_std=True, mask_scheme=iid, mask_samples=4, rollout=uniform, rollout_temperature=1.0] mlp_w32 from mlp_5 {context_source=uniform, contexts=256, group=5, learning_rate=0.0001, reference=initial, ppo_epochs=1, steps=10000, reward=potts_tfbind8}",2,models/port_grid3/rspo/seed_2/finetune_mlp_5,0.40089774494688835,0.0,15.58400929863198,7.3350796144291905,7.274364485999048,0.40059227009566606,4.745069725420644,0.0,0.0,3.3845174252188786,0.0,0.0,4.896481007458549,1.5766628960892644,8.347072093028896,0.2951274947079451,0.0,0.36194497535363446,0.02441464572044008,1.0000000000000013,13.929252511546688,0.0,1.8270649549340976,0.11713328142727052,0.9521731131251499
"rspo[rspo_lambda=0.01, advantage_std=True, mask_scheme=iid, mask_samples=4, rollout=uniform, rollout_temperature=1.0] mlp_w32 from mlp_5 {context_source=uniform, contexts=256, group=5, learning_rate=0.0001, reference=initial, ppo_epochs=1, steps=10000, reward=potts_tfbind8}",2,models/port_grid3/rspo/seed_2/finetune_mlp_5,0.40191171086066,9.192602956464369e-05,15.582584866181051,7.327488034328965,7.301429728202662,0.4015354919193582,4.732968426684215,9.010341063897076e-05,7.3865342767067115e-06,3.3733518850549027,9.013476811467816e-05,9.748994491567747e-05,4.893321132919591,1.5769845636573285,8.354061572811478,0.29550510630173077,6.470325645592133e-05,0.36816735633272923,0.024876069721596627,1.0000000000000013,13.888744783009379,1.0,1.8538606291989947,0.11895445729798657,0.9513526998865737
"rspo[rspo_lambda=0.01, advantage_std=True, mask_scheme=iid, mask_samples=4, rollout=uniform, rollout_temperature=1.0] mlp_w32 from mlp_5 {context_source=uniform, contexts=256, group=5, learning_rate=0.0001, reference=initial, ppo_epochs=1, steps=10000, reward=potts_tfbind8}",2,models/port_grid3/rspo/seed_2/finetune_mlp_5,0.40315792903134534,0.00035574576950815964,15.58295785477522,7.322776189179122,7.329769180695118,0.4026657626308735,4.714147384675846,0.0003506936528491055,2.6664744634925255e-05,3.3583887425910888,0.00035108201823786604,0.00037735839748403077,4.8915933199752875,1.5760019383364297,8.379910805216594,0.2968180418572752,0.0009934793589262225,0.3959022272695073,0.026997424213002795,1.0000000000000013,13.846496551520815,2.0,1.8843706092965835,0.12101375397108,0.9504445410012481
"rspo[rspo_lambda=0.01, advantage_std=True, mask_scheme=iid, mask_samples=4, rollout=uniform, rollout_temperature=1.0] mlp_w32 from mlp_5 {context_source=uniform, contexts=256, group=5, learning_rate=0.0001, reference=initial, ppo_epochs=1, steps=10000, reward=potts_tfbind8}",2,models/port_grid3/rspo/seed_2/finetune_mlp_5,0.40536934009151554,0.001265789037775012,15.583698738839274,7.3152766851058,7.383300680357607,0.40488353541821753,4.680698520088563,0.0012859773383097836,9.34731806809903e-05,3.3325402536251687,0.0012894058294579437,0.001379450518990774,4.9116959596586725,1.5841159203772444,8.402196948873744,0.29801636000258314,0.002168863923612537,0.4163292101235496,0.028540456180519015,1.000000000000001,13.767137625838298,4.0,1.9409686220636653,0.12484961631174042,0.9487543978007045
"rspo[rspo_lambda=0.01, advantage_std=True, mask_scheme=iid, mask_samples=4, rollout=uniform, rollout_temperature=1.0] mlp_w32 from mlp_5 {context_source=uniform, contexts=256, group=5, learning_rate=0.0001, reference=initial, ppo_epochs=1, steps=10000, reward=potts_tfbind8}",2,models/port_grid3/rspo/seed_2/finetune_mlp_5,0.40954667071204165,0.004499910631267956,15.582980119699238,7.297985751294679,7.488807141227199,0.4091961638120258,4.622538580327308,0.004655272257078357,0.00033214009627557505,3.2851796788689325,0.0046855119739642945,0.004987412353353932,4.980364756042528,1.6065002167468303,8.455017710285308,0.3008577120016176,0.005576289043740408,0.482865672048606,0.033841974745886995,1.000000000000001,13.61227404067842,8.0,2.053871841297038,0.1325567368936242,0.9453889467673704
"rspo[rspo_lambda=0.01, advantage_std=True, mask_scheme=iid, mask_samples=4, rollout=uniform, rollout_temperature=1.0] mlp_w32 from mlp_5 {context_source=uniform, contexts=256, group=5, learning_rate=0.0001, reference=initial, ppo_epochs=1, steps=10000, reward=potts_tfbind8}",2,models/port_grid3/rspo/seed_2/finetune_mlp_5,0.4183433009856322,0.01627895605422964,15.577830700532832,7.264107713718332,7.704799236742291,0.41840651210292173,4.492420507127468,0.016869113073827317,0.0011925507021182911,3.185029616825787,0.017108448245600778,0.01806166377594561,4.946954532994432,1.6036941933371007,8.645891745620833,0.3103873937273807,0.02836353178957036,0.6421940642267828,0.04635742217107377,1.0000000000000013,13.300708833677414,16.0,2.295612401187154,0.14921335983115866,0.9392577566962595
"rspo[rspo_lambda=0.01, advantage_std=True, mask_scheme=iid, mask_samples=4, rollout=uniform, rollout_temperature=1.0] mlp_w32 from mlp_5 {context_source=uniform, contexts=256, group=5, learning_rate=0.0001, reference=initial, ppo_epochs=1, steps=10000, reward=potts_tfbind8}",2,models/port_grid3/rspo/seed_2/finetune_mlp_5,0.43717462959137254,0.060581206658213586,15.553929628496757,7.1823572851499495,8.167172262833631,0.43869976392466514,4.232763173861091,0.06381924073712769,0.004532803699573068,2.9985984367632903,0.06514558729555811,0.06835204443670076,6.375741364848855,1.9919548679862573,11.769587907954493,0.47471225352413793,1.7477431085116644,2.489084713721989,0.43079005699721484,1.0000000000000013,12.655186433590362,32.0,2.8269098680052496,0.1866034140164241,0.9313614715028329
"rspo[rspo_lambda=0.01, advantage_std=True, mask_scheme=iid, mask_samples=4, rollout=uniform, rollout_temperature=1.0] mlp_w32 from mlp_5 {context_source=uniform, contexts=256, group=5, learning_rate=0.0001, reference=initial, ppo_epochs=1, steps=10000, reward=potts_tfbind8}",2,models/port_grid3/rspo/seed_2/finetune_mlp_5,0.4838331241428524,0.2509243084179099,15.376693627821723,6.915915791412233,9.265774879713378,0.4879027550681073,3.7602130362296053,0.2555062049076219,0.017998744442596415,2.690820534330263,0.26367924817718397,0.2735049493502183,3.1956881938528565,0.8600083657281732,16.287947814305493,0.6961070410417106,3.671255817137834,2.581497629745589,0.9577490626193074,1.000000000000001,11.205816169152373,64.0,4.105066572060219,0.2826366751620812,0.9157767654912088
"rspo[rspo_lambda=0.01, advantage_std=True, mask_scheme=iid, mask_samples=4, rollout=uniform, rollout_temperature=1.0] mlp_w32 from mlp_5 {context_source=uniform, contexts=256, group=5, learning_rate=0.0001, reference=initial, ppo_epochs=1, steps=10000, reward=potts_tfbind8}",2,models/port_grid3/rspo/seed_2/finetune_mlp_5,0.5980937310637322,0.9913675771729703,14.408379930475757,6.012062909134032,11.82372402013599,0.603044016788376,2.861214729691894,1.0071994493998184,0.07852972286676785,2.2628358614744255,0.9801066102506237,1.0857291722665863,3.2696302241142283,0.8275315749508245,16.762469185883173,0.7257117227661167,5.663335839038026,3.2584045115299283,0.9992973417613994,1.0000000000000009,8.085319820591891,128.0,6.902406928125232,0.5243621143870443,0.8813942354206997
"rspo[rspo_lambda=0.01, advantage_std=True, mask_scheme=iid, mask_samples=4, rollout=uniform, rollout_temperature=1.0] mlp_w32 from mlp_5 {context_source=uniform, contexts=256, group=5, learning_rate=0.0001, reference=initial, ppo_epochs=1, steps=10000, reward=potts_tfbind8}",2,models/port_grid3/rspo/seed_2/finetune_mlp_5,0.7631191980560661,2.4957920318641773,12.093172956036659,4.418618857403505,15.349114487350988,0.7676292957879701,1.3254862103618432,2.9931765089540887,0.2905856987417894,1.9916091668548417,2.3504790307782857,3.283762207695878,2.430297792521969,0.5200525657759439,19.830452108502406,0.9348253672952769,18.92507954780583,2.429963162319572,0.9999790843097406,1.0000000000000004,4.167606540297056,256.0,9.400159238584738,0.8301374988187878,0.7167624626477138
"rspo[rspo_lambda=0.01, advantage_std=True, mask_scheme=iid, mask_samples=4, rollout=uniform, rollout_temperature=1.0] mlp_w32 from mlp_5 {context_source=uniform, contexts=256, group=5, learning_rate=0.0001, reference=initial, ppo_epochs=1, steps=10000, reward=potts_tfbind8}",2,models/port_grid3/rspo/seed_2/finetune_mlp_5,0.9218244541552776,4.67194085067773,3.797053373470363,1.1972569906349313,19.224689917465025,0.9238638710480213,0.34244230830540934,6.557941380792216,0.9603072700714756,3.3191585000693657,4.723050122473864,7.518248650863692,1.01885414319029,0.009210569455485904,20.09457175477092,0.94697692719813,19.352609774856145,1.0188541428316717,0.9999999999775863,1.0000000000000002,0.7268144868215616,500.0,3.4534866643055286,0.9784101132222331,0.13556573723666412
"rspo[rspo_lambda=0.01, advantage_std=True, mask_scheme=iid, mask_samples=4, rollout=uniform, rollout_temperature=1.0] mlp_w32 from mlp_5 {context_source=uniform, contexts=256, group=5, learning_rate=0.0001, reference=initial, ppo_epochs=1, steps=10000, reward=potts_tfbind8}",2,models/port_grid3/rspo/seed_2/finetune_mlp_5,0.9233857000448603,4.707648746955121,3.658396393650106,1.1399446639682955,19.275347641210256,0.9253005255514873,0.3469129898960183,6.660496542519521,0.9872085774383272,3.387331423751203,4.758191611118608,7.647705119957848,1.017802450979317,0.008755061510646997,20.09464781885883,0.9469803255356364,19.35280248144701,1.0178024507500267,0.9999999999856688,1.0000000000000002,0.6859693898484291,512.0,3.3365454507083223,0.9797843641152169,0.1296244218088859
"rspo[rspo_lambda=0.01, advantage_std=True, mask_scheme=iid, mask_samples=4, rollout=uniform, rollout_temperature=1.0] mlp_w32 from mlp_5 {context_source=uniform, contexts=256, group=5, learning_rate=0.0001, reference=initial, ppo_epochs=1, steps=10000, reward=potts_tfbind8}",2,models/port_grid3/rspo/seed_2/finetune_mlp_5,0.9414393926823429,5.172186603833195,1.969986884361435,0.42611671583097793,19.844504640241063,0.9407227887598083,0.4987563377824643,9.556139707577723,1.5302568445863347,4.886964918967289,5.2118562608804515,11.086396552164057,1.0010492529479378,0.0006977510578491287,20.095833656244466,0.9470341164302242,19.356748091531202,1.0010492529479182,0.999999999999999,1.0,0.28589854106400525,1000.0,1.9040947322520279,0.9958705337043808,0.16220236856996925
"rspo[rspo_lambda=0.01, advantage_std=True, mask_scheme=iid, mask_samples=4, rollout=uniform, rollout_temperature=1.0] mlp_w32 from mlp_5 {context_source=uniform, contexts=256, group=5, learning_rate=0.0001, reference=initial, ppo_epochs=1, steps=10000, reward=potts_tfbind8}",2,models/port_grid3/rspo/seed_2/finetune_mlp_5,0.9416223082846129,5.179496082433593,1.9397582546559817,0.41505804958452885,19.85350379800825,0.9409909803735785,0.5016802799028358,9.600223860117639,1.5388279010184611,4.905734166749605,5.219377738438998,11.1390517611361,1.00103416134802,0.0006886227551478905,20.095834721139045,0.9470341644697909,19.35675353200261,1.0010341613480076,0.9999999999999996,1.0000000000000002,0.2799212819718477,1024.0,1.8766312319479228,0.9960450632457712,0.16231434740079814
"rspo[rspo_lambda=0.01, advantage_std=True, mask_scheme=iid, mask_samples=4, rollout=uniform, rollout_temperature=1.0] mlp_w32 from mlp_5 {context_source=uniform, contexts=256, group=5, learning_rate=0.0001, reference=initial, ppo_epochs=1, steps=10000, reward=potts_tfbind8}",2,models/port_grid3/rspo/seed_2/finetune_mlp_5,0.9440480449487901,5.265655190590459,1.635753960759427,0.28493986512288866,19.94659393963946,0.9435049229096525,0.5825657651167371,11.316144703857514,1.9059433371811352,5.578662832852679,5.308423609977881,13.22208804103865,1.0003695611892973,0.00026975193069611375,20.09588126179651,0.9470362816191467,19.357010926216887,1.0003695611892973,0.9999999999999997,1.0000000000000002,0.22933194106398974,1500.0,1.6066622275787132,0.9981779873954153,0.167911300075966
"rspo[rspo_lambda=0.01, advantage_std=True, mask_scheme=iid, mask_samples=4, rollout=uniform, rollout_temperature=1.0] mlp_w32 from mlp_5 {context_source=uniform, contexts=256, group=5, learning_rate=0.0001, reference=initial, ppo_epochs=1, steps=10000, reward=potts_tfbind8}",2,models/port_grid3/rspo/seed_2/finetune_mlp_5,0.94458831368473,5.271183483401281,1.7716340697185426,0.33731577076475394,19.916579726168948,0.9431417753476509,0.5991800845564781,11.93832677811951,2.2947578580620114,5.641266065043841,5.28058437601495,14.233084636181522,1.0001631671521274,0.00012741818445385206,20.095895703168534,0.9470369388783874,19.357103149101754,1.0001631671521274,1.0000000000000004,1.0,0.24651402730681354,2000.0,1.742512954115319,0.9981741650413161,0.1678317560641016
"rspo[rspo_lambda=0.01, advantage_std=True, mask_scheme=iid, mask_samples=4, rollout=uniform, rollout_temperature=1.0] mlp_w32 from mlp_5 {context_source=uniform, contexts=256, group=5, learning_rate=0.0001, reference=initial, ppo_epochs=1, steps=10000, reward=potts_tfbind8}",2,models/port_grid3/rspo/seed_2/finetune_mlp_5,0.94456158362335,5.2708635026586075,1.7665827578231954,0.33404534611867465,19.92029221189618,0.9432244376990978,0.5928930545020444,12.180013893788061,2.35279496200436,5.678508709174997,5.282070088118854,14.532808855792421,1.000180394532219,0.00013973971469679773,20.095894498488587,0.9470368840191853,19.35709500827192,1.000180394532219,0.9999999999999992,0.9999999999999998,0.24243101081982957,2048.0,1.7391380002405672,0.9982791829491757,0.16739268988749054
"rspo[rspo_lambda=0.01, advantage_std=True, mask_scheme=iid, mask_samples=4, rollout=uniform, rollout_temperature=1.0] mlp_w32 from mlp_5 {context_source=uniform, contexts=256, group=5, learning_rate=0.0001, reference=initial, ppo_epochs=1, steps=10000, reward=potts_tfbind8}",2,models/port_grid3/rspo/seed_2/finetune_mlp_5,0.9450496196354764,5.309951455977036,1.7281664910734804,0.3201545615582135,19.93441864148283,0.9434620848009797,0.5860809476805869,12.457496619011431,2.7890344200555166,5.6557634965573484,5.287632954339065,15.246531039066948,1.0001257677425108,0.00010025563776303887,20.09589831917707,0.9470370579666333,19.357121233726758,1.0001257677425108,0.9999999999999996,0.9999999999999996,0.22680423266000088,2500.0,1.709606891846743,0.9988376926228519,0.16737951222571562
"rspo[rspo_lambda=0.01, advantage_std=True, mask_scheme=iid, mask_samples=4, rollout=uniform, rollout_temperature=1.0] mlp_w32 from mlp_5 {context_source=uniform, contexts=256, group=5, learning_rate=0.0001, reference=initial, ppo_epochs=1, steps=10000, reward=potts_tfbind8}",2,models/port_grid3/rspo/seed_2/finetune_mlp_5,0.9457574102350629,5.35669276469613,1.7233805379601048,0.31682285880062716,19.94048014019878,0.9436577713453346,0.5770368526427528,12.967666432085332,3.322316101048065,5.673041891602954,5.289921906304216,16.289982533133397,1.0000664780796287,5.564056520852107e-05,20.0959024652736,0.9470372467548072,19.35715146052552,1.0000664780796287,0.9999999999999997,1.0000000000000002,0.2200009365512347,3000.0,1.710306933989754,0.9991818908965491,0.1676198935885713
"rspo[rspo_lambda=0.01, advantage_std=True, mask_scheme=iid, mask_samples=4, rollout=uniform, rollout_temperature=1.0] mlp_w32 from mlp_5 {context_source=uniform, contexts=256, group=5, learning_rate=0.0001, reference=initial, ppo_epochs=1, steps=10000, reward=potts_tfbind8}",2,models/port_grid3/rspo/seed_2/finetune_mlp_5,0.9458974947122716,5.377185250392735,1.807516227657265,0.3499353747054673,19.91787348380772,0.9434952615600504,0.5917482541951303,12.942724621740748,3.7746699224710376,5.508858772360923,5.278470691585012,16.717394544211786,1.0000186956087094,1.7129777138483697e-05,20.095905806480136,0.9470373988946562,19.357178376242256,1.0000186956087094,1.0,1.0,0.24245970641859638,3500.0,1.7924108308009972,0.9990543534129964,0.16871032133554825
"rspo[rspo_lambda=0.01, advantage_std=True, mask_scheme=iid, mask_samples=4, rollout=uniform, rollout_temperature=1.0] mlp_w32 from mlp_5 {context_source=uniform, contexts=256, group=5, learning_rate=0.0001, reference=initial, ppo_epochs=1, steps=10000, reward=potts_tfbind8}",2,models/port_grid3/rspo/seed_2/finetune_mlp_5,0.946008260915226,5.399060481160527,1.7843441664212518,0.3370898955864051,19.93465371087292,0.9435702995912366,0.5825820409452322,14.106416255615171,4.304803911925285,5.79391937372992,5.278481186330665,18.411220167540456,1.0000315295018347,2.7859015492077804e-05,20.09590490908177,0.9470373580320814,19.35717076126841,1.0000315295018347,0.9999999999999992,1.0,0.21729986056644915,4000.0,1.7759380036451153,0.9994743035832393,0.16500395317423386
"rspo[rspo_lambda=0.01, advantage_std=True, mask_scheme=iid, mask_samples=4, rollout=uniform, rollout_temperature=1.0] mlp_w32 from mlp_5 {context_source=uniform, contexts=256, group=5, learning_rate=0.0001, reference=initial, ppo_epochs=1, steps=10000, reward=potts_tfbind8}",2,models/port_grid3/rspo/seed_2/finetune_mlp_5,0.9458309574482008,5.3925736481203845,1.7922042435978178,0.3406689523651406,19.932663440557437,0.9435396355262122,0.5672844191060239,13.736770738236899,4.340202013291396,5.677973098423386,5.275802546106583,18.076972751528295,1.0000296692173523,2.6328043916358888e-05,20.095905039161227,0.9470373639551798,19.357171840821984,1.0000296692173523,0.9999999999999998,1.0,0.21760662581568826,4096.0,1.7835719604704021,0.9994601581552632,0.16442979488256762
"rspo[rspo_lambda=0.01, advantage_std=True, mask_scheme=iid, mask_samples=4, rollout=uniform, rollout_temperature=1.0] mlp_w32 from mlp_5 {context_source=uniform, contexts=256, group=5, learning_rate=0.0001, reference=initial, ppo_epochs=1, steps=10000, reward=potts_tfbind8}",2,models/port_grid3/rspo/seed_2/finetune_mlp_5,0.9461280320580046,5.417250431929096,1.6954247147333883,0.30165013030741433,19.957457790641715,0.9438432173864343,0.5908179481854691,14.561937207948155,4.842803008107964,5.974635325443124,5.295737147466124,19.40474021605612,1.0000226719279013,2.049983720211472e-05,20.095905528441506,0.947037386234274,19.35717597106721,1.0000226719279013,0.9999999999999998,1.0,0.20034970204878433,4500.0,1.6895386722136003,0.9996320169646964,0.16450858623796738
"rspo[rspo_lambda=0.01, advantage_std=True, mask_scheme=iid, mask_samples=4, rollout=uniform, rollout_temperature=1.0] mlp_w32 from mlp_5 {context_source=uniform, contexts=256, group=5, learning_rate=0.0001, reference=initial, ppo_epochs=1, steps=10000, reward=potts_tfbind8}",2,models/port_grid3/rspo/seed_2/finetune_mlp_5,0.9462117454772664,5.426824965310238,1.8071892245114465,0.34216197080159644,19.93443493964743,0.943189352936293,0.5744735147622625,14.404206267901998,5.274406177794884,5.832238915562613,5.268444665912745,19.67861244569688,1.0000074612393073,7.2646492934056854e-06,20.095906592026118,0.9470374346640057,19.357185515270707,1.0000074612393073,0.9999999999999997,0.9999999999999999,0.20759149698679602,5000.0,1.8003868337250433,0.9995747544698176,0.16437183001133535
"rspo[rspo_lambda=0.01, advantage_std=True, mask_scheme=iid, mask_samples=4, rollout=uniform, rollout_temperature=1.0] mlp_w32 from mlp_5 {context_source=uniform, contexts=256, group=5, learning_rate=0.0001, reference=initial, ppo_epochs=1, steps=10000, reward=potts_tfbind8}",2,models/port_grid3/rspo/seed_2/finetune_mlp_5,0.9461592179599458,5.429900238192209,1.7529210246461728,0.3233680387172771,19.944415378701752,0.9433207145766191,0.561629719102774,14.723787713162332,5.816678243081645,5.81655168544629,5.280593580967077,20.540465956243978,1.0000051595156063,5.14251920427559e-06,20.09590675296939,0.9470374419924679,19.357187078875363,1.0000051595156063,1.0,0.9999999999999998,0.20476975345966117,5500.0,1.7452599154397412,0.9995210880048913,0.16543682050655031
"rspo[rspo_lambda=0.01, advantage_std=True, mask_scheme=iid, mask_samples=4, rollout=uniform, rollout_temperature=1.0] mlp_w32 from mlp_5 {context_source=uniform, contexts=256, group=5, learning_rate=0.0001, reference=initial, ppo_epochs=1, steps=10000, reward=potts_tfbind8}",2,models/port_grid3/rspo/seed_2/finetune_mlp_5,0.9464844677704306,5.448257412089122,1.6699411648600675,0.2878415259012246,19.967409202887456,0.943783946942643,0.5574219791530425,15.251487915924855,6.198846275553677,5.9323933241234394,5.302028597203406,21.450334191478532,1.000005376929051,5.345346181483214e-06,20.095906737767226,0.9470374413002451,19.35718692880483,1.000005376929051,0.9999999999999998,1.0,0.19171403341739823,6000.0,1.665607082487727,0.9997290929758144,0.16615606441029476
"rspo[rspo_lambda=0.01, advantage_std=True, mask_scheme=iid, mask_samples=4, rollout=uniform, rollout_temperature=1.0] mlp_w32 from mlp_5 {context_source=uniform, contexts=256, group=5, learning_rate=0.0001, reference=initial, ppo_epochs=1, steps=10000, reward=potts_tfbind8}",2,models/port_grid3/rspo/seed_2/finetune_mlp_5,0.9465545156172359,5.45519403532325,1.5812318931464207,0.2537047575853947,19.983671128894777,0.9441782690719943,0.62164699285643,16.132400852490548,6.776501290253744,6.258922134110356,5.3267539516765945,22.908902142744292,1.0000022370141322,2.3464844010149387e-06,20.09590695731872,0.9470374512974016,19.3571891657515,1.0000022370141322,0.9999999999999998,1.0000000000000004,0.19204649887964043,6500.0,1.5768940433561682,0.9997288532165032,0.16773772190967443
"rspo[rspo_lambda=0.01, advantage_std=True, mask_scheme=iid, mask_samples=4, rollout=uniform, rollout_temperature=1.0] mlp_w32 from mlp_5 {context_source=uniform, contexts=256, group=5, learning_rate=0.0001, reference=initial, ppo_epochs=1, steps=10000, reward=potts_tfbind8}",2,models/port_grid3/rspo/seed_2/finetune_mlp_5,0.9466164498336357,5.459742503142832,1.592418035894968,0.25943301461391943,19.982026622232276,0.9441322132966762,0.6067514119951098,16.120950736405682,7.424345419335587,6.146603626033916,5.321787075101617,23.54529615574127,1.000000957220824,1.0548470635244879e-06,20.095907046805213,0.9470374553721193,19.357190146841614,1.000000957220824,0.9999999999999997,1.0,0.18954638229838514,7000.0,1.5875729514949501,0.9996971483670992,0.16727469386391583
"rspo[rspo_lambda=0.01, advantage_std=True, mask_scheme=iid, mask_samples=4, rollout=uniform, rollout_temperature=1.0] mlp_w32 from mlp_5 {context_source=uniform, contexts=256, group=5, learning_rate=0.0001, reference=initial, ppo_epochs=1, steps=10000, reward=potts_tfbind8}",2,models/port_grid3/rspo/seed_2/finetune_mlp_5,0.9466342888039548,5.463369040436847,1.728473110591239,0.3099108377260418,19.952793513365382,0.9433496032476844,0.602164788136581,16.197643474473647,8.026417831564348,6.060988555326814,5.28915197458608,24.224061306037996,1.0000005616571541,6.376552569213834e-07,20.095907074464034,0.9470374566315484,19.357190468048316,1.0000005616571541,0.9999999999999996,0.9999999999999999,0.20076094508320239,7500.0,1.7220490591376865,0.9995984401830307,0.16746839852391424
"rspo[rspo_lambda=0.01, advantage_std=True, mask_scheme=iid, mask_samples=4, rollout=uniform, rollout_temperature=1.0] mlp_w32 from mlp_5 {context_source=uniform, contexts=256, group=5, learning_rate=0.0001, reference=initial, ppo_epochs=1, steps=10000, reward=potts_tfbind8}",2,models/port_grid3/rspo/seed_2/finetune_mlp_5,0.9466243299912381,5.462738212440892,1.639246068991844,0.27393147540985213,19.973125917560928,0.9438132034184847,0.6093434679362248,17.15853117102708,8.74015463228308,6.268382896068293,5.311573482420046,25.89868580331016,1.0000004153494872,4.793843798630752e-07,20.095907084694236,0.947037457097375,19.357190590817055,1.0000004153494872,0.9999999999999994,1.0,0.19268384662383903,8000.0,1.634447843878617,0.9997000701935643,0.16762932285028695
"rspo[rspo_lambda=0.01, advantage_std=True, mask_scheme=iid, mask_samples=4, rollout=uniform, rollout_temperature=1.0] mlp_w32 from mlp_5 {context_source=uniform, contexts=256, group=5, learning_rate=0.0001, reference=initial, ppo_epochs=1, steps=10000, reward=potts_tfbind8}",2,models/port_grid3/rspo/seed_2/finetune_mlp_5,0.9466039039814335,5.4649506613108505,1.530597465649607,0.2345447032807385,19.990932450774388,0.9443570585552997,0.658972567314104,17.331485578627245,9.471421851292153,6.381153976276142,5.341931440548178,26.802907429919397,1.0000001863134016,2.2437287614491373e-07,20.095907100709017,0.9470374578265991,19.357190790252055,1.0000001863134016,0.9999999999999993,1.0000000000000002,0.19633200493184583,8500.0,1.526103618049217,0.9997191073227633,0.1694446460830045
"rspo[rspo_lambda=0.01, advantage_std=True, mask_scheme=iid, mask_samples=4, rollout=uniform, rollout_temperature=1.0] mlp_w32 from mlp_5 {context_source=uniform, contexts=256, group=5, learning_rate=0.0001, reference=initial, ppo_epochs=1, steps=10000, reward=potts_tfbind8}",2,models/port_grid3/rspo/seed_2/finetune_mlp_5,0.9467954680897512,5.473420081181196,1.5026190851894339,0.2206174952094579,19.999071193432407,0.9445387345551315,0.6942306727726982,18.036653987217452,10.10745705402621,6.576008623220437,5.3508567497720545,28.14411104124366,1.0000000562224582,7.191744697386378e-08,20.09590710980531,0.9470374582407939,19.357190911140425,1.0000000562224582,0.9999999999999997,1.0000000000000004,0.19304920016867883,9000.0,1.4989752831579328,0.9997722425810142,0.1703040591887234
"rspo[rspo_lambda=0.01, advantage_std=True, mask_scheme=iid, mask_samples=4, rollout=uniform, rollout_temperature=1.0] mlp_w32 from mlp_5 {context_source=uniform, contexts=256, group=5, learning_rate=0.0001, reference=initial, ppo_epochs=1, steps=10000, reward=potts_tfbind8}",2,models/port_grid3/rspo/seed_2/finetune_mlp_5,0.9467515056382557,5.472069334220417,1.5598925083683968,0.2423741141053701,19.98939563508366,0.944163501745026,0.6395560796405432,18.484262208143754,10.866391197747834,6.535945281088249,5.332405636947988,29.350653405891588,1.0000001039861781,1.2901823551648713e-07,20.09590710646555,0.9470374580887198,19.357190865629686,1.0000001039861781,0.9999999999999997,1.0000000000000002,0.1891114248677018,9500.0,1.5566463143331597,0.9997970955674678,0.16856348331656934
"rspo[rspo_lambda=0.01, advantage_std=True, mask_scheme=iid, mask_samples=4, rollout=uniform, rollout_temperature=1.0] mlp_w32 from mlp_5 {context_source=uniform, contexts=256, group=5, learning_rate=0.0001, reference=initial, ppo_epochs=1, steps=10000, reward=potts_tfbind8}",2,models/port_grid3/rspo/seed_2/finetune_mlp_5,0.9467904344810519,5.474746499238935,1.533870562996987,0.22993584517412663,19.98953155399041,0.9442494581641304,0.7519289117613197,19.085163633832487,11.691036143291868,6.790751057179759,5.346975051022525,30.776199777124354,1.0000000001248743,2.0943615806879808e-10,20.09590711369102,0.9470374584183996,19.357190969259054,1.0000000001248743,0.9999999999999994,1.0000000000000004,0.2034769605821389,10000.0,1.529969778543594,0.9997561791949159,0.17112250276230773
"rspo[rspo_lambda=0.01, advantage_std=True, mask_scheme=iid, mask_samples=4, rollout=decoder, rollout_temperature=1.0] mlp_w32 from mlp_5 {context_source=uniform, contexts=256, group=5, learning_rate=0.0001, reference=initial, ppo_epochs=1, steps=10000, reward=potts_tfbind8}",1,models/port_grid3/rspo_dec/seed_1/finetune_mlp_5,0.40089774494688835,0.0,15.58400929863198,7.3350796144291905,7.274364485999048,0.40059227009566606,4.745069725420644,0.0,0.0,3.3845174252188786,0.0,0.0,4.896481007458549,1.5766628960892644,8.347072093028896,0.2951274947079451,0.0,0.36194497535363446,0.02441464572044008,1.0000000000000013,13.929252511546688,0.0,1.8270649549340976,0.11713328142727052,0.9521731131251499
"rspo[rspo_lambda=0.01, advantage_std=True, mask_scheme=iid, mask_samples=4, rollout=decoder, rollout_temperature=1.0] mlp_w32 from mlp_5 {context_source=uniform, contexts=256, group=5, learning_rate=0.0001, reference=initial, ppo_epochs=1, steps=10000, reward=potts_tfbind8}",1,models/port_grid3/rspo_dec/seed_1/finetune_mlp_5,0.4019059122700263,7.628232311087096e-05,15.58807144950629,7.340395339412074,7.291484679989141,0.40164980082107077,4.730148697751113,7.27394833620232e-05,6.043988141402127e-06,3.372660807342529,7.280611384417228e-05,7.878347150342533e-05,4.914344530879492,1.5845146082740302,8.362854244484833,0.2959575300986626,0.00011017854252511864,0.3749032152204278,0.025362342885021837,1.000000000000001,13.903645026675381,1.0,1.8488503926735156,0.11857246858471088,0.9516496351462658
"rspo[rspo_lambda=0.01, advantage_std=True, mask_scheme=iid, mask_samples=4, rollout=decoder, rollout_temperature=1.0] mlp_w32 from mlp_5 {context_source=uniform, contexts=256, group=5, learning_rate=0.0001, reference=initial, ppo_epochs=1, steps=10000, reward=potts_tfbind8}",1,models/port_grid3/rspo_dec/seed_1/finetune_mlp_5,0.4029236473285197,0.00026661828114542697,15.592093820846571,7.345571188102484,7.3087897495157135,0.4027192217065204,4.710854361458935,0.00026012120692144123,2.0436874163018914e-05,3.3584400785471873,0.0002605208178643242,0.00028055808108446014,4.929879044515955,1.5892579665175102,8.394238579282067,0.29751681464881236,0.0006935186585367448,0.4072906354419732,0.027831670942170407,1.000000000000001,13.877875137089548,2.0,1.8719101524123243,0.1200948910340811,0.9510550974609786
"rspo[rspo_lambda=0.01, advantage_std=True, mask_scheme=iid, mask_samples=4, rollout=decoder, rollout_temperature=1.0] mlp_w32 from mlp_5 {context_source=uniform, contexts=256, group=5, learning_rate=0.0001, reference=initial, ppo_epochs=1, steps=10000, reward=potts_tfbind8}",1,models/port_grid3/rspo_dec/seed_1/finetune_mlp_5,0.40517343085848034,0.0009523089132564468,15.600183214926266,7.355830172062839,7.347147063818099,0.40504701416836647,4.665639273892747,0.0009572585264009167,6.863523929680508e-05,3.325346471892016,0.0009602107447818763,0.0010258937656977218,4.950601566906963,1.5996160984683763,8.429347762911123,0.29931953488870544,0.0021414011258438616,0.43462741031819163,0.02990209534773741,1.0000000000000013,13.821038855562884,4.0,1.9243672490723247,0.12356308055732913,0.9496683692965222
"rspo[rspo_lambda=0.01, advantage_std=True, mask_scheme=iid, mask_samples=4, rollout=decoder, rollout_temperature=1.0] mlp_w32 from mlp_5 {context_source=uniform, contexts=256, group=5, learning_rate=0.0001, reference=initial, ppo_epochs=1, steps=10000, reward=potts_tfbind8}",1,models/port_grid3/rspo_dec/seed_1/finetune_mlp_5,0.4096089709721905,0.003707383679408413,15.614649943779714,7.374175820781922,7.428287753807291,0.4098700174443873,4.585097920666197,0.0038497845099531216,0.00026578954689457455,3.2636017485674853,0.0038717554589760006,0.004115574056847696,5.6387679263951345,1.8062049580812722,8.665170657301188,0.3123198623948074,0.04195762176242082,0.7850715051887859,0.05774588867790868,1.000000000000001,13.702239365293288,8.0,2.0322978681197643,0.13074401609013742,0.9467717574105787
"rspo[rspo_lambda=0.01, advantage_std=True, mask_scheme=iid, mask_samples=4, rollout=decoder, rollout_temperature=1.0] mlp_w32 from mlp_5 {context_source=uniform, contexts=256, group=5, learning_rate=0.0001, reference=initial, ppo_epochs=1, steps=10000, reward=potts_tfbind8}",1,models/port_grid3/rspo_dec/seed_1/finetune_mlp_5,0.4194185384518526,0.014912227046105956,15.633945836410607,7.395280322149305,7.616879233262893,0.4203354345721516,4.419360457988838,0.015710260219619777,0.0010619245981762088,3.1397990320842006,0.015862055994303695,0.016772184817795986,5.683526322853252,1.8311469044765967,8.96199110215694,0.32737102426226633,0.10993944754277113,1.012516359635518,0.07942712335970516,1.000000000000001,13.431342446645218,16.0,2.2747005187949063,0.14702647195144786,0.9400985907734041
"rspo[rspo_lambda=0.01, advantage_std=True, mask_scheme=iid, mask_samples=4, rollout=decoder, rollout_temperature=1.0] mlp_w32 from mlp_5 {context_source=uniform, contexts=256, group=5, learning_rate=0.0001, reference=initial, ppo_epochs=1, steps=10000, reward=potts_tfbind8}",1,models/port_grid3/rspo_dec/seed_1/finetune_mlp_5,0.44123134423363136,0.06095095868054793,15.639273190562076,7.398780863564059,8.045836739081734,0.4432217472849257,4.103204920181069,0.061710034189443666,0.004151559076950875,2.9086243042715862,0.06338291442369201,0.06586159326639454,5.679091362987365,1.737378565901125,13.875520744284751,0.5773212318095707,2.275998513509534,2.55677846185873,0.6723008417723876,1.000000000000001,12.835427046346346,32.0,2.8313999338548754,0.18528211904446645,0.9293694418443127
"rspo[rspo_lambda=0.01, advantage_std=True, mask_scheme=iid, mask_samples=4, rollout=decoder, rollout_temperature=1.0] mlp_w32 from mlp_5 {context_source=uniform, contexts=256, group=5, learning_rate=0.0001, reference=initial, ppo_epochs=1, steps=10000, reward=potts_tfbind8}",1,models/port_grid3/rspo_dec/seed_1/finetune_mlp_5,0.479018482564685,0.21085409666651325,15.53634218390947,7.290283843870991,8.888281646210148,0.4863724827132584,3.6374024946818633,0.20469217398822248,0.015469133412757657,2.5809214610818727,0.218098738867456,0.22016130740098014,2.571566708179002,0.6296421802650789,16.554949411181674,0.7073325669978309,3.8644247838504704,2.286738342454695,0.9815954025915471,1.000000000000001,11.72647551009749,64.0,3.8709664306794123,0.2610386775012231,0.9156011749851545
"rspo[rspo_lambda=0.01, advantage_std=True, mask_scheme=iid, mask_samples=4, rollout=decoder, rollout_temperature=1.0] mlp_w32 from mlp_5 {context_source=uniform, contexts=256, group=5, learning_rate=0.0001, reference=initial, ppo_epochs=1, steps=10000, reward=potts_tfbind8}",1,models/port_grid3/rspo_dec/seed_1/finetune_mlp_5,0.5277700392197429,0.5401373251135907,15.282557174580774,7.00948775408454,10.096022438691213,0.5484408986692301,2.923055582673557,0.523034282294351,0.046286435725779174,2.1980154986761073,0.562157516543575,0.5693207180201302,2.3854883889063427,0.5450485458165927,16.839353500861616,0.7269561837558268,4.898781375420612,2.356718366401741,0.9981974837198021,1.000000000000001,10.25892309905202,128.0,5.275610856723047,0.36792535766895373,0.8900913828445818
"rspo[rspo_lambda=0.01, advantage_std=True, mask_scheme=iid, mask_samples=4, rollout=decoder, rollout_temperature=1.0] mlp_w32 from mlp_5 {context_source=uniform, contexts=256, group=5, learning_rate=0.0001, reference=initial, ppo_epochs=1, steps=10000, reward=potts_tfbind8}",1,models/port_grid3/rspo_dec/seed_1/finetune_mlp_5,0.6302911826092683,1.3218336363726637,13.87426910217576,6.242911516019353,12.477824959534878,0.6757967990442082,1.4025143233940658,1.2155789372806325,0.12711824718814269,1.5724074382901712,1.5045882007888978,1.3426971844687752,1.2802620908308704,0.10405305440112428,20.070723896999038,0.9459408187623558,19.325995596605924,1.280209235341019,0.9999966964815745,1.0000000000000009,7.628650002031815,256.0,6.847947477826782,0.558366562324133,0.7299686268104146
"rspo[rspo_lambda=0.01, advantage_std=True, mask_scheme=iid, mask_samples=4, rollout=decoder, rollout_temperature=1.0] mlp_w32 from mlp_5 {context_source=uniform, contexts=256, group=5, learning_rate=0.0001, reference=initial, ppo_epochs=1, steps=10000, reward=potts_tfbind8}",1,models/port_grid3/rspo_dec/seed_1/finetune_mlp_5,0.7245700343236661,2.361449738172004,11.618436620965308,4.865790228461687,14.789900466371801,0.7735942077374289,0.9501403027731203,2.1966549344465154,0.27614623948361805,1.650769665865326,2.5269431292974103,2.4728011739301334,1.04073417695689,0.01855878164654033,20.09271193030283,0.9469065772676978,19.349321075661145,1.040732701915593,0.999999907809887,1.0000000000000004,5.182891670284933,500.0,7.3944076464187924,0.7343416904599299,0.6037524792496932
"rspo[rspo_lambda=0.01, advantage_std=True, mask_scheme=iid, mask_samples=4, rollout=decoder, rollout_temperature=1.0] mlp_w32 from mlp_5 {context_source=uniform, contexts=256, group=5, learning_rate=0.0001, reference=initial, ppo_epochs=1, steps=10000, reward=potts_tfbind8}",1,models/port_grid3/rspo_dec/seed_1/finetune_mlp_5,0.728497746137823,2.4107167638651337,11.491837545834063,4.803942404689126,14.885616273843794,0.7777656322275452,0.9317400921996567,2.2490305808595097,0.2847933367342814,1.6574522311891062,2.575125351827972,2.533823917593791,1.0372654469947435,0.017152542014575008,20.092996582251377,0.9469179396250053,19.349796793437044,1.0372638072374984,0.9999998975151275,1.0000000000000007,5.087500181607514,512.0,7.372128425303143,0.7409118160940522,0.5962798324419686
"rspo[rspo_lambda=0.01, advantage_std=True, mask_scheme=iid, mask_samples=4, rollout=decoder, rollout_temperature=1.0] mlp_w32 from mlp_5 {context_source=uniform, contexts=256, group=5, learning_rate=0.0001, reference=initial, ppo_epochs=1, steps=10000, reward=potts_tfbind8}",1,models/port_grid3/rspo_dec/seed_1/finetune_mlp_5,0.822843371802874,3.4486914828657422,9.475637035878016,3.6308020363442637,16.605907227654882,0.846780658498698,0.7581289022819456,3.5559407434433785,0.46212260509486125,2.020788766844753,3.4276134691015088,4.01806334853824,1.011588828425051,0.006147077025432922,20.09499000416147,0.9470010408308345,19.354121850914243,1.0115887959765542,0.9999999979719681,1.0000000000000002,3.3595518681643988,1000.0,7.37779206835548,0.8681396454492056,0.5115760493871119
"rspo[rspo_lambda=0.01, advantage_std=True, mask_scheme=iid, mask_samples=4, rollout=decoder, rollout_temperature=1.0] mlp_w32 from mlp_5 {context_source=uniform, contexts=256, group=5, learning_rate=0.0001, reference=initial, ppo_epochs=1, steps=10000, reward=potts_tfbind8}",1,models/port_grid3/rspo_dec/seed_1/finetune_mlp_5,0.8268986752180817,3.4782965386064966,9.284532344973606,3.544739870349615,16.722192128858136,0.8506095674715429,0.7349759155609271,3.6444693403974933,0.48015134886707056,2.0497742351593446,3.4701602623822834,4.124620689264564,1.0109412573478007,0.005842764271137788,20.095039368289093,0.9470031157283157,19.354260901655657,1.0109412374875133,0.9999999987587318,1.0000000000000004,3.2276713096403213,1024.0,7.290612406699489,0.8746626016347033,0.49888899455465074
"rspo[rspo_lambda=0.01, advantage_std=True, mask_scheme=iid, mask_samples=4, rollout=decoder, rollout_temperature=1.0] mlp_w32 from mlp_5 {context_source=uniform, contexts=256, group=5, learning_rate=0.0001, reference=initial, ppo_epochs=1, steps=10000, reward=potts_tfbind8}",1,models/port_grid3/rspo_dec/seed_1/finetune_mlp_5,0.8590646450017367,3.692138822007884,8.47697674198157,3.1291155426782984,17.31851064126461,0.8690417757245249,0.6681069181882372,4.150386926303966,0.5881120471815855,2.145952490423805,3.673370307066615,4.738498973485552,1.0083182954208914,0.004553728167278592,20.095274190963607,0.9470111628789114,19.354773322376065,1.0083182937066484,0.9999999998928596,1.0000000000000002,2.536403585714893,1500.0,7.148374458183914,0.916585132244609,0.4640966210961575
"rspo[rspo_lambda=0.01, advantage_std=True, mask_scheme=iid, mask_samples=4, rollout=decoder, rollout_temperature=1.0] mlp_w32 from mlp_5 {context_source=uniform, contexts=256, group=5, learning_rate=0.0001, reference=initial, ppo_epochs=1, steps=10000, reward=potts_tfbind8}",1,models/port_grid3/rspo_dec/seed_1/finetune_mlp_5,0.8783592890385736,3.8869973243764,8.081898163747965,2.942665171661391,17.58585293141654,0.8781152055298622,0.6233012683265476,4.646203898353136,0.7608986141180143,2.1846751635655868,3.7914487171235707,5.40710251247115,1.0069345790412867,0.003851321531489386,20.09539409859716,0.9470154772412244,19.3550889855378,1.0069345786352897,0.9999999999746244,1.0000000000000002,2.253468560543965,2000.0,7.009804969234317,0.9327389632465398,0.4412297436269503
"rspo[rspo_lambda=0.01, advantage_std=True, mask_scheme=iid, mask_samples=4, rollout=decoder, rollout_temperature=1.0] mlp_w32 from mlp_5 {context_source=uniform, contexts=256, group=5, learning_rate=0.0001, reference=initial, ppo_epochs=1, steps=10000, reward=potts_tfbind8}",1,models/port_grid3/rspo_dec/seed_1/finetune_mlp_5,0.8843192826774724,3.983777115887659,7.905955917113814,2.8625846385492126,17.671437190573442,0.8823526257914837,0.6271386686626831,4.845743957096163,0.8037072335596225,2.246783147479533,3.871654103534732,5.649451190655785,1.0048690528133153,0.0028199413253973816,20.09553836710088,0.9470221162037799,19.355623953110687,1.0048690516997847,0.9999999999304039,1.0000000000000002,2.205297558219797,2048.0,6.937535844140918,0.9392678444636425,0.4373755067699167
"rspo[rspo_lambda=0.01, advantage_std=True, mask_scheme=iid, mask_samples=4, rollout=decoder, rollout_temperature=1.0] mlp_w32 from mlp_5 {context_source=uniform, contexts=256, group=5, learning_rate=0.0001, reference=initial, ppo_epochs=1, steps=10000, reward=potts_tfbind8}",1,models/port_grid3/rspo_dec/seed_1/finetune_mlp_5,0.8866543289088056,4.0042031926429,8.14066022209506,2.941150932533084,17.578291996988987,0.8783253898406748,0.6954806114901227,5.152047280815538,0.9658525071646045,2.3089209910244755,3.8299150797273436,6.117899787980143,1.002783273447671,0.0017146689464238175,20.095694948723715,0.9470286682708925,19.356185154468506,1.0027832733888664,0.9999999999963243,1.0000000000000002,2.3032763247890835,2500.0,7.1854655066916795,0.9401048953543619,0.4779165411338398
"rspo[rspo_lambda=0.01, advantage_std=True, mask_scheme=iid, mask_samples=4, rollout=decoder, rollout_temperature=1.0] mlp_w32 from mlp_5 {context_source=uniform, contexts=256, group=5, learning_rate=0.0001, reference=initial, ppo_epochs=1, steps=10000, reward=potts_tfbind8}",1,models/port_grid3/rspo_dec/seed_1/finetune_mlp_5,0.8857205787045163,3.9703486332775655,8.519910987374933,3.0873913969426128,17.377090185361965,0.8704846356205502,0.7597637894781986,5.501029711386392,1.110712779358117,2.3890092074301252,3.757558333682339,6.6117424907445095,1.0030450306469694,0.0018663069341237032,20.09567145439802,0.947027842983395,19.356099710394087,1.0030450306236847,0.9999999999985445,1.0,2.5327222961846334,3000.0,7.444315915072213,0.932531539397962,0.5164039173061271
"rspo[rspo_lambda=0.01, advantage_std=True, mask_scheme=iid, mask_samples=4, rollout=decoder, rollout_temperature=1.0] mlp_w32 from mlp_5 {context_source=uniform, contexts=256, group=5, learning_rate=0.0001, reference=initial, ppo_epochs=1, steps=10000, reward=potts_tfbind8}",1,models/port_grid3/rspo_dec/seed_1/finetune_mlp_5,0.8879561597003401,4.047994510304294,8.717745423179167,3.1805402048220426,17.269938089669548,0.8676435586662433,0.775565150083051,5.572567242366912,1.2849295096554156,2.321400949503116,3.7232711995616805,6.857496752022327,1.0026942696498256,0.001679413081041412,20.095695740685546,0.9470289316421387,19.356188838453786,1.002694269630483,0.9999999999987906,1.0,2.6591633056025787,3500.0,7.5455649558689855,0.9264804290112105,0.5265827621503989
"rspo[rspo_lambda=0.01, advantage_std=True, mask_scheme=iid, mask_samples=4, rollout=decoder, rollout_temperature=1.0] mlp_w32 from mlp_5 {context_source=uniform, contexts=256, group=5, learning_rate=0.0001, reference=initial, ppo_epochs=1, steps=10000, reward=potts_tfbind8}",1,models/port_grid3/rspo_dec/seed_1/finetune_mlp_5,0.8835870859768664,4.065263075363608,8.940161649514039,3.269085609855561,17.113773188642703,0.8629685107872338,0.8047059505618099,5.87276574844624,1.523047662028893,2.426860712542503,3.72222235864352,7.395813410475133,1.0054065029577615,0.0031163808211734324,20.095502213312912,0.9470201330665106,19.355364991694714,1.0054065028164625,0.9999999999911681,0.9999999999999998,2.8923618162246836,4000.0,7.6052445247673495,0.9161781603257553,0.5406929829142961
"rspo[rspo_lambda=0.01, advantage_std=True, mask_scheme=iid, mask_samples=4, rollout=decoder, rollout_temperature=1.0] mlp_w32 from mlp_5 {context_source=uniform, contexts=256, group=5, learning_rate=0.0001, reference=initial, ppo_epochs=1, steps=10000, reward=potts_tfbind8}",1,models/port_grid3/rspo_dec/seed_1/finetune_mlp_5,0.8800866306482736,4.035168051628421,9.110680309499788,3.3506121056469835,17.030570960730508,0.8633720340325665,0.8315353525389203,5.791533999838305,1.553521191581944,2.3786305262755167,3.7322265947022233,7.345055191420249,1.0052266130489382,0.0030724405581700944,20.09549868541499,0.9470203509925507,19.35523762145846,1.0052266128931238,0.9999999999902606,1.0,3.027169394151665,4096.0,7.6888842574608995,0.9107593979613753,0.5517872541775799
"rspo[rspo_lambda=0.01, advantage_std=True, mask_scheme=iid, mask_samples=4, rollout=decoder, rollout_temperature=1.0] mlp_w32 from mlp_5 {context_source=uniform, contexts=256, group=5, learning_rate=0.0001, reference=initial, ppo_epochs=1, steps=10000, reward=potts_tfbind8}",1,models/port_grid3/rspo_dec/seed_1/finetune_mlp_5,0.877844422490414,4.127264310353884,9.185214140147956,3.3921838188234767,16.9397226099724,0.8618391115119144,0.8393281889009687,5.85120243337056,1.6832443401478203,2.3845582297780634,3.748130236535474,7.53444677351838,1.05865595491363,0.026478083440901978,20.087787496765245,0.9467627290338038,19.318633954083975,1.0586559215401499,0.9999999979141565,1.0000000000000002,3.1793455621221263,4500.0,7.66522513753629,0.9046118776577168,0.5484719546107151
"rspo[rspo_lambda=0.01, advantage_std=True, mask_scheme=iid, mask_samples=4, rollout=decoder, rollout_temperature=1.0] mlp_w32 from mlp_5 {context_source=uniform, contexts=256, group=5, learning_rate=0.0001, reference=initial, ppo_epochs=1, steps=10000, reward=potts_tfbind8}",1,models/port_grid3/rspo_dec/seed_1/finetune_mlp_5,0.8699837156373006,4.094990274976751,9.422099720670975,3.468612150505365,16.78758797768832,0.8559251998735102,0.8809875661668325,5.994817831218125,1.8768592891776077,2.442233419532274,3.7245088338630827,7.8716771203957325,1.0070057198257785,0.004195350505675778,20.09514798542118,0.9470094552552335,19.352742040765058,1.0070057164662574,0.9999999997900285,1.0000000000000004,3.3839261078758223,5000.0,7.807241100183262,0.8986086677991718,0.5651861465038692
"rspo[rspo_lambda=0.01, advantage_std=True, mask_scheme=iid, mask_samples=4, rollout=decoder, rollout_temperature=1.0] mlp_w32 from mlp_5 {context_source=uniform, contexts=256, group=5, learning_rate=0.0001, reference=initial, ppo_epochs=1, steps=10000, reward=potts_tfbind8}",1,models/port_grid3/rspo_dec/seed_1/finetune_mlp_5,0.872992748011651,4.220085395314926,9.246393613443619,3.406585528918904,16.858114570080406,0.8582059771358475,0.8668013852648437,6.139799666875149,2.0755265409651518,2.5500296102507436,3.7515463474307276,8.2153262078403,1.0060325633564764,0.0036904957423094546,20.095167120657003,0.9470119849406291,19.353017454497618,1.006032552492143,0.9999999993209778,1.0,3.305173732855337,5500.0,7.702260581690199,0.9030842026578139,0.550089307188955
"rspo[rspo_lambda=0.01, advantage_std=True, mask_scheme=iid, mask_samples=4, rollout=decoder, rollout_temperature=1.0] mlp_w32 from mlp_5 {context_source=uniform, contexts=256, group=5, learning_rate=0.0001, reference=initial, ppo_epochs=1, steps=10000, reward=potts_tfbind8}",1,models/port_grid3/rspo_dec/seed_1/finetune_mlp_5,0.8650864422565815,4.277449893275158,9.43796844231085,3.4573746919621584,16.74505424368086,0.8540749659439281,0.8951804445362775,6.305159468536427,2.2670908900950213,2.5925387919272507,3.7453642658508985,8.572250358631448,1.0020818691625506,0.0013488404629166176,20.09573470181782,0.9470307982889504,19.35640631382576,1.0020818406201117,0.9999999982160969,1.0000000000000002,3.46858214087486,6000.0,7.837144888460776,0.8994000677538159,0.5600607853350335
"rspo[rspo_lambda=0.01, advantage_std=True, mask_scheme=iid, mask_samples=4, rollout=decoder, rollout_temperature=1.0] mlp_w32 from mlp_5 {context_source=uniform, contexts=256, group=5, learning_rate=0.0001, reference=initial, ppo_epochs=1, steps=10000, reward=potts_tfbind8}",1,models/port_grid3/rspo_dec/seed_1/finetune_mlp_5,0.8633223071801057,4.2842169954972205,9.951786512412067,3.6819364602579396,16.432142517814675,0.8491613953997946,0.9767984925003009,6.228266129010787,2.4494475243028804,2.5857851576787207,3.7585833003784206,8.677713653313667,1.00460352641378,0.0027497728322875364,20.095264396990405,0.9470160859225903,19.35349209099873,1.0046026047998469,0.999999942399115,1.0000000000000004,3.951168764201646,6500.0,8.0703911299299,0.8817501636879268,0.5929978721459098
"rspo[rspo_lambda=0.01, advantage_std=True, mask_scheme=iid, mask_samples=4, rollout=decoder, rollout_temperature=1.0] mlp_w32 from mlp_5 {context_source=uniform, contexts=256, group=5, learning_rate=0.0001, reference=initial, ppo_epochs=1, steps=10000, reward=potts_tfbind8}",1,models/port_grid3/rspo_dec/seed_1/finetune_mlp_5,0.8572580907118035,4.416312497136158,10.139267502556077,3.7261868874123225,16.32770598033118,0.8427710957720701,0.9735293362513936,6.309815860029374,2.5610179119993646,2.584382821399847,3.691567388754804,8.870833772028739,1.0001454499736826,0.00012505405511783888,20.095885179670653,0.9470367852478734,19.35706412089034,1.0001454285143412,0.9999999986587906,1.0000000000000002,4.040807658803249,7000.0,8.157818987189861,0.8752712394108239,0.5986066486071755
"rspo[rspo_lambda=0.01, advantage_std=True, mask_scheme=iid, mask_samples=4, rollout=decoder, rollout_temperature=1.0] mlp_w32 from mlp_5 {context_source=uniform, contexts=256, group=5, learning_rate=0.0001, reference=initial, ppo_epochs=1, steps=10000, reward=potts_tfbind8}",1,models/port_grid3/rspo_dec/seed_1/finetune_mlp_5,0.870217102771337,4.597183783545378,9.748453844157428,3.5331883326249116,16.618612054034273,0.849659299720299,0.9130856295768622,6.645665126452039,2.7450597841877222,2.6287643532116274,3.724897802183691,9.390724910639761,1.0000432471407155,4.10293240412405e-05,20.095899480187835,0.9470372526134109,19.357159292185266,1.0000432461312474,0.9999999999369074,1.0000000000000004,3.6377789616775225,7500.0,8.107296980511105,0.8966768208324797,0.5728360569437452
"rspo[rspo_lambda=0.01, advantage_std=True, mask_scheme=iid, mask_samples=4, rollout=decoder, rollout_temperature=1.0] mlp_w32 from mlp_5 {context_source=uniform, contexts=256, group=5, learning_rate=0.0001, reference=initial, ppo_epochs=1, steps=10000, reward=potts_tfbind8}",1,models/port_grid3/rspo_dec/seed_1/finetune_mlp_5,0.8609835526893552,4.675342476568752,10.36170275726544,3.7621379854349466,16.299868519789264,0.8413475364721982,1.0493381620750581,6.536349293812886,2.9344385666993933,2.6661907779197014,3.6677033823691443,9.47078786051228,1.000054009501571,5.058678421760451e-05,20.095898806071602,0.947037219944537,19.35714901606322,1.000054008828081,0.9999999999579061,1.0000000000000002,4.058699843230456,8000.0,8.497496537547342,0.882568058444525,0.6236233347187629
"rspo[rspo_lambda=0.01, advantage_std=True, mask_scheme=iid, mask_samples=4, rollout=decoder, rollout_temperature=1.0] mlp_w32 from mlp_5 {context_source=uniform, contexts=256, group=5, learning_rate=0.0001, reference=initial, ppo_epochs=1, steps=10000, reward=potts_tfbind8}",1,models/port_grid3/rspo_dec/seed_1/finetune_mlp_5,0.8589565496551165,4.967608353097495,10.32021350556595,3.699252731765161,16.313104449792366,0.8392513447917902,1.0564710542840066,6.902598695392575,3.157833618841819,2.7333584784078795,3.6820172689501316,10.060432314234394,1.0000425946696176,4.054992260731766e-05,20.095899563136108,0.9470372704182878,19.357165360950425,1.00004259448811,0.9999999999886557,1.0000000000000004,4.0531598348068165,8500.0,8.526817325988775,0.8867489922429301,0.6253603561405414
"rspo[rspo_lambda=0.01, advantage_std=True, mask_scheme=iid, mask_samples=4, rollout=decoder, rollout_temperature=1.0] mlp_w32 from mlp_5 {context_source=uniform, contexts=256, group=5, learning_rate=0.0001, reference=initial, ppo_epochs=1, steps=10000, reward=potts_tfbind8}",1,models/port_grid3/rspo_dec/seed_1/finetune_mlp_5,0.8668474535829902,5.280430438425181,10.42889234037785,3.7452341689901907,16.297512680387666,0.8443919177593688,1.0762521384955268,6.989715105705424,3.3562877865734935,2.777813410637511,3.7584072658812513,10.346002892278918,1.0010919196829975,0.0007311162729601353,20.09582714766735,0.9470339970062841,19.356731501507475,1.001091919522815,0.9999999999899879,1.0,4.152937485844944,9000.0,8.625284532892987,0.8862795432601666,0.6229533892097279
"rspo[rspo_lambda=0.01, advantage_std=True, mask_scheme=iid, mask_samples=4, rollout=decoder, rollout_temperature=1.0] mlp_w32 from mlp_5 {context_source=uniform, contexts=256, group=5, learning_rate=0.0001, reference=initial, ppo_epochs=1, steps=10000, reward=potts_tfbind8}",1,models/port_grid3/rspo_dec/seed_1/finetune_mlp_5,0.8542123263798314,5.331583195549097,10.671142511395148,3.8365113645879227,16.157760194542035,0.8403482099290908,1.152051967238544,7.137466066505648,3.598429634512935,2.794514244110057,3.7332103639248024,10.735895701018583,1.0006624873632344,0.00046697079999468306,20.095857288002627,0.9470353604612072,19.356889536138524,1.000662487205062,0.9999999999901137,1.0,4.3373693126569925,9500.0,8.760115904721857,0.8794667699666096,0.6448211535469796
"rspo[rspo_lambda=0.01, advantage_std=True, mask_scheme=iid, mask_samples=4, rollout=decoder, rollout_temperature=1.0] mlp_w32 from mlp_5 {context_source=uniform, contexts=256, group=5, learning_rate=0.0001, reference=initial, ppo_epochs=1, steps=10000, reward=potts_tfbind8}",1,models/port_grid3/rspo_dec/seed_1/finetune_mlp_5,0.8513420897516619,5.5889559119503565,10.778500487190945,3.805050599857484,16.133397388670176,0.840217142650085,1.2181136056660922,7.532741361600161,3.88508365199443,2.90440184825025,3.8053952615478575,11.417825013594591,1.0006175084513993,0.0004497182813121348,20.095850176469558,0.9470352685397546,19.35693440587197,1.0006175081009436,0.9999999999780961,1.0000000000000004,4.4460984190878206,10000.0,8.95356524527839,0.8845226243987099,0.6620744285897083
"rspo[rspo_lambda=0.01, advantage_std=True, mask_scheme=iid, mask_samples=4, rollout=decoder, rollout_temperature=1.0] mlp_w32 from mlp_5 {context_source=uniform, contexts=256, group=5, learning_rate=0.0001, reference=initial, ppo_epochs=1, steps=10000, reward=potts_tfbind8}",2,models/port_grid3/rspo_dec/seed_2/finetune_mlp_5,0.40089774494688835,0.0,15.58400929863198,7.3350796144291905,7.274364485999048,0.40059227009566606,4.745069725420644,0.0,0.0,3.3845174252188786,0.0,0.0,4.896481007458549,1.5766628960892644,8.347072093028896,0.2951274947079451,0.0,0.36194497535363446,0.02441464572044008,1.0000000000000013,13.929252511546688,0.0,1.8270649549340976,0.11713328142727052,0.9521731131251499
"rspo[rspo_lambda=0.01, advantage_std=True, mask_scheme=iid, mask_samples=4, rollout=decoder, rollout_temperature=1.0] mlp_w32 from mlp_5 {context_source=uniform, contexts=256, group=5, learning_rate=0.0001, reference=initial, ppo_epochs=1, steps=10000, reward=potts_tfbind8}",2,models/port_grid3/rspo_dec/seed_2/finetune_mlp_5,0.4019710623003695,6.690323316819536e-05,15.588183455774821,7.339956622589205,7.2936592525529385,0.4017298379462093,4.722242361123271,6.680292331745323e-05,4.776965093000602e-06,3.367580814374558,6.685063728373254e-05,7.157988841045383e-05,4.914472246323764,1.5836059407587675,8.364557757891726,0.2960110389234578,0.00015138183003929632,0.37554274648569086,0.025419063235441394,1.0000000000000013,13.900377212353128,1.0,1.8522787921346389,0.11879879174655095,0.951481245317102
"rspo[rspo_lambda=0.01, advantage_std=True, mask_scheme=iid, mask_samples=4, rollout=decoder, rollout_temperature=1.0] mlp_w32 from mlp_5 {context_source=uniform, contexts=256, group=5, learning_rate=0.0001, reference=initial, ppo_epochs=1, steps=10000, reward=potts_tfbind8}",2,models/port_grid3/rspo_dec/seed_2/finetune_mlp_5,0.4029982052255837,0.000244677980544446,15.59269748896578,7.345142985616604,7.311328969375236,0.40279906742568883,4.698718855033325,0.00025003353291181037,1.7626948320390338e-05,3.351264601316686,0.00025027751169754905,0.0002676604812322007,4.945020067806981,1.5934944042241739,8.395470780268962,0.2975786547679263,0.0007431215016513787,0.4089707250148896,0.027967715064575762,1.0000000000000013,13.874056063994097,2.0,1.8760892404755514,0.120359281640464,0.9508699019883305
"rspo[rspo_lambda=0.01, advantage_std=True, mask_scheme=iid, mask_samples=4, rollout=decoder, rollout_temperature=1.0] mlp_w32 from mlp_5 {context_source=uniform, contexts=256, group=5, learning_rate=0.0001, reference=initial, ppo_epochs=1, steps=10000, reward=potts_tfbind8}",2,models/port_grid3/rspo_dec/seed_2/finetune_mlp_5,0.4051774252771367,0.0009431404744376023,15.600177246107572,7.352637018987769,7.35277789783056,0.4051101714542118,4.65605459365721,0.000974560916902437,6.651880204062294e-05,3.319575245891503,0.0009767375039020972,0.00104107971894306,5.002797107748977,1.6147514251961654,8.428195457390462,0.2993284569024279,0.0021357317490697924,0.4395179492812792,0.03028123112000491,1.0000000000000013,13.812609131303313,4.0,1.9283759293650629,0.12382438493484524,0.9494764376620419
"rspo[rspo_lambda=0.01, advantage_std=True, mask_scheme=iid, mask_samples=4, rollout=decoder, rollout_temperature=1.0] mlp_w32 from mlp_5 {context_source=uniform, contexts=256, group=5, learning_rate=0.0001, reference=initial, ppo_epochs=1, steps=10000, reward=potts_tfbind8}",2,models/port_grid3/rspo_dec/seed_2/finetune_mlp_5,0.409329659812533,0.0035074593824329595,15.61399459354583,7.369432863316339,7.431598100866966,0.4097131773668398,4.578823542299095,0.00370982813637364,0.0002527770995712454,3.2605055821619406,0.003724464358256515,0.003962605235944885,5.622721973562644,1.8047710579796878,8.590499185673844,0.3086296971108136,0.04307715824316227,0.6724691276659986,0.04859397771582146,1.0000000000000013,13.697126553603061,8.0,2.0290421313967486,0.13051704416742893,0.9468087694110967
"rspo[rspo_lambda=0.01, advantage_std=True, mask_scheme=iid, mask_samples=4, rollout=decoder, rollout_temperature=1.0] mlp_w32 from mlp_5 {context_source=uniform, contexts=256, group=5, learning_rate=0.0001, reference=initial, ppo_epochs=1, steps=10000, reward=potts_tfbind8}",2,models/port_grid3/rspo_dec/seed_2/finetune_mlp_5,0.4178232866565222,0.013273112910398862,15.629954716795304,7.383982377026189,7.60835023776578,0.41924075888985246,4.432186827557579,0.014303579460252739,0.0009924450045259402,3.1502081338813985,0.01441230285372484,0.01529602446477868,5.51407894692297,1.788042499014254,8.986608266791148,0.3283253025087731,0.12754731671296513,0.984120770999427,0.07607062568118747,1.0000000000000013,13.442686186750304,16.0,2.2501664930142513,0.14541071197187472,0.9405986571077054
"rspo[rspo_lambda=0.01, advantage_std=True, mask_scheme=iid, mask_samples=4, rollout=decoder, rollout_temperature=1.0] mlp_w32 from mlp_5 {context_source=uniform, contexts=256, group=5, learning_rate=0.0001, reference=initial, ppo_epochs=1, steps=10000, reward=potts_tfbind8}",2,models/port_grid3/rspo_dec/seed_2/finetune_mlp_5,0.4401771552776641,0.05887964805583043,15.642362717305197,7.404730587521334,8.037089489708734,0.44291010880789194,4.1143497946612,0.06107399334298309,0.004250692179312718,2.911508904532153,0.0624600567197723,0.06532468552229581,5.763563892603708,1.7612500465024228,13.733283173993758,0.5703141648703733,2.2232533908615415,2.483811078609933,0.6559173648203942,1.000000000000001,12.847625062701923,32.0,2.813652896484695,0.18404559200529913,0.9298084780569353
"rspo[rspo_lambda=0.01, advantage_std=True, mask_scheme=iid, mask_samples=4, rollout=decoder, rollout_temperature=1.0] mlp_w32 from mlp_5 {context_source=uniform, contexts=256, group=5, learning_rate=0.0001, reference=initial, ppo_epochs=1, steps=10000, reward=potts_tfbind8}",2,models/port_grid3/rspo_dec/seed_2/finetune_mlp_5,0.48319680674406046,0.2263323017168041,15.537670317272433,7.304080913523119,8.925704270181594,0.48925267739580924,3.5852718250292375,0.2152495577194803,0.01622972711909229,2.5517434647465542,0.2294545357762256,0.23147928483857258,2.5097386024708856,0.607334943785935,16.575406082114636,0.7082736080497766,3.8974351767719333,2.2426443644077096,0.9829196479018523,1.000000000000001,11.68169737104909,64.0,3.923198112024278,0.26463446768609455,0.9141245088045127
"rspo[rspo_lambda=0.01, advantage_std=True, mask_scheme=iid, mask_samples=4, rollout=decoder, rollout_temperature=1.0] mlp_w32 from mlp_5 {context_source=uniform, contexts=256, group=5, learning_rate=0.0001, reference=initial, ppo_epochs=1, steps=10000, reward=potts_tfbind8}",2,models/port_grid3/rspo_dec/seed_2/finetune_mlp_5,0.5362534637126288,0.5678753035225965,15.252695657446493,6.978702763586465,10.19855333341746,0.5527297996996304,2.8448744785782814,0.5378010393600422,0.0464978953374352,2.1583096073165913,0.579815278151959,0.5842989346974774,2.2671103449811993,0.5077000735265103,16.82994276345728,0.7259562521426312,4.820015577093102,2.2076779435628895,0.9962525642820654,1.0000000000000009,10.122784518571017,128.0,5.364105279078433,0.3755161901709408,0.8859725654219937
"rspo[rspo_lambda=0.01, advantage_std=True, mask_scheme=iid, mask_samples=4, rollout=decoder, rollout_temperature=1.0] mlp_w32 from mlp_5 {context_source=uniform, contexts=256, group=5, learning_rate=0.0001, reference=initial, ppo_epochs=1, steps=10000, reward=potts_tfbind8}",2,models/port_grid3/rspo_dec/seed_2/finetune_mlp_5,0.641970826592904,1.4069409617706663,13.81173915118429,6.178325357701718,12.618059996006522,0.681359334857259,1.38667144863728,1.2552301520673081,0.13424939474461728,1.5598863547268544,1.5434518966177893,1.3894795468119254,1.2528413571815693,0.09697685430858309,20.07181218807463,0.9460297316906827,19.32199717799223,1.2527776438940352,0.9999960178646645,1.0000000000000009,7.457161143153246,256.0,7.003965685381809,0.5722097157117044,0.7276084372510967
"rspo[rspo_lambda=0.01, advantage_std=True, mask_scheme=iid, mask_samples=4, rollout=decoder, rollout_temperature=1.0] mlp_w32 from mlp_5 {context_source=uniform, contexts=256, group=5, learning_rate=0.0001, reference=initial, ppo_epochs=1, steps=10000, reward=potts_tfbind8}",2,models/port_grid3/rspo_dec/seed_2/finetune_mlp_5,0.7191295234661531,2.303360141996305,11.634113909275836,4.897381549070826,14.731746808931241,0.7695179874348705,0.9502987113871796,2.1154189194593203,0.26853323326585876,1.6437501212386134,2.464014538945969,2.383952152725179,1.0433868600618936,0.019611897336601174,20.092503790474435,0.9468977791746775,19.34897014301614,1.0433858140565295,0.999999934624647,1.0000000000000007,5.207193566094344,500.0,7.315669749923109,0.7283687337495552,0.6045426676026707
"rspo[rspo_lambda=0.01, advantage_std=True, mask_scheme=iid, mask_samples=4, rollout=decoder, rollout_temperature=1.0] mlp_w32 from mlp_5 {context_source=uniform, contexts=256, group=5, learning_rate=0.0001, reference=initial, ppo_epochs=1, steps=10000, reward=potts_tfbind8}",2,models/port_grid3/rspo_dec/seed_2/finetune_mlp_5,0.7216962744740236,2.344154384357644,11.51820200613855,4.843654977972849,14.812718949565172,0.7731587325752933,0.9328435027628129,2.159746001373419,0.27637321551219785,1.653594570027996,2.509201474154525,2.4361192168856167,1.0410434163001714,0.018648065683272676,20.092713250292096,0.9469054296562275,19.349269859242114,1.041042622769576,0.9999999504043272,1.0000000000000004,5.130922290351997,512.0,7.282793101699321,0.7336204556176923,0.5973883944424565
"rspo[rspo_lambda=0.01, advantage_std=True, mask_scheme=iid, mask_samples=4, rollout=decoder, rollout_temperature=1.0] mlp_w32 from mlp_5 {context_source=uniform, contexts=256, group=5, learning_rate=0.0001, reference=initial, ppo_epochs=1, steps=10000, reward=potts_tfbind8}",2,models/port_grid3/rspo_dec/seed_2/finetune_mlp_5,0.8206544150184887,3.365666324331714,9.535683530204452,3.665653436450259,16.570526794934867,0.841474795252589,0.7518236422179293,3.368052716538193,0.4507204400449645,1.9817404686832665,3.3205208924565577,3.8187731565831573,1.0133906210136585,0.006933079197931716,20.09489315674452,0.9469949876151745,19.35369674695504,1.0133906121018064,0.9999999994430091,1.0,3.305529940599497,1000.0,7.403798846528679,0.8660239124883609,0.5122669201532214
"rspo[rspo_lambda=0.01, advantage_std=True, mask_scheme=iid, mask_samples=4, rollout=decoder, rollout_temperature=1.0] mlp_w32 from mlp_5 {context_source=uniform, contexts=256, group=5, learning_rate=0.0001, reference=initial, ppo_epochs=1, steps=10000, reward=potts_tfbind8}",2,models/port_grid3/rspo_dec/seed_2/finetune_mlp_5,0.8278188041354912,3.432679217581478,9.317804979290559,3.581871428353345,16.69094157494243,0.8459924011506701,0.7218489921016569,3.4214230189686714,0.45577339683102336,1.9816109021479336,3.3710841062205916,3.8771964157996948,1.01283599252297,0.006665106367754818,20.094947668349022,0.9469965814985465,19.35378202432355,1.0128359861916931,0.9999999996042948,1.0000000000000002,3.175470984352173,1024.0,7.282400673808638,0.8721500055532425,0.49808426305370396
"rspo[rspo_lambda=0.01, advantage_std=True, mask_scheme=iid, mask_samples=4, rollout=decoder, rollout_temperature=1.0] mlp_w32 from mlp_5 {context_source=uniform, contexts=256, group=5, learning_rate=0.0001, reference=initial, ppo_epochs=1, steps=10000, reward=potts_tfbind8}",2,models/port_grid3/rspo_dec/seed_2/finetune_mlp_5,0.8728942348244585,3.917822960385585,8.233939310330959,3.0255484049867096,17.44674771651677,0.8754289548728125,0.6614011056679933,4.336989879537312,0.6040416301210705,2.1455945239789544,3.7799166986160078,4.941031509658383,1.0050178228763633,0.002904222465578636,20.095522392263316,0.9470216677395001,19.35558857370015,1.0050178192578958,0.9999999997738452,1.0000000000000002,2.4505943643861015,1500.0,7.039162999248939,0.9250200384103389,0.4540189136157614
"rspo[rspo_lambda=0.01, advantage_std=True, mask_scheme=iid, mask_samples=4, rollout=decoder, rollout_temperature=1.0] mlp_w32 from mlp_5 {context_source=uniform, contexts=256, group=5, learning_rate=0.0001, reference=initial, ppo_epochs=1, steps=10000, reward=potts_tfbind8}",2,models/port_grid3/rspo_dec/seed_2/finetune_mlp_5,0.8835851149099622,3.9674549305555384,7.844766173819001,2.8556753288672168,17.693675073313088,0.8833396428458641,0.6070266939204335,4.759206878218175,0.7770155856460912,2.182898597161351,3.873648016626278,5.5362224638642665,1.005229344310029,0.003011548580270146,20.095508135695436,0.9470209866545832,19.355529260416905,1.0052293441346385,0.9999999999890383,1.0,2.1739346472018926,2000.0,6.864754885065413,0.938556819411576,0.4281109892863963
"rspo[rspo_lambda=0.01, advantage_std=True, mask_scheme=iid, mask_samples=4, rollout=decoder, rollout_temperature=1.0] mlp_w32 from mlp_5 {context_source=uniform, contexts=256, group=5, learning_rate=0.0001, reference=initial, ppo_epochs=1, steps=10000, reward=potts_tfbind8}",2,models/port_grid3/rspo_dec/seed_2/finetune_mlp_5,0.8840496139716962,3.922908556520909,7.956907497036412,2.8696874430445036,17.68343398295999,0.881689519434311,0.6230523471670323,4.830498544172139,0.7746568713685669,2.1883258508572005,3.8491413076698304,5.605155415540706,1.0056784052057743,0.003246112501199949,20.095471525612133,0.9470195699815548,19.35541171512484,1.005678404952823,0.9999999999841904,1.0000000000000002,2.164789573775091,2048.0,7.033798135326089,0.9421026215149692,0.4411152546601508
"rspo[rspo_lambda=0.01, advantage_std=True, mask_scheme=iid, mask_samples=4, rollout=decoder, rollout_temperature=1.0] mlp_w32 from mlp_5 {context_source=uniform, contexts=256, group=5, learning_rate=0.0001, reference=initial, ppo_epochs=1, steps=10000, reward=potts_tfbind8}",2,models/port_grid3/rspo_dec/seed_2/finetune_mlp_5,0.8910466101643201,4.0241698582811685,8.084775511920979,2.9075561963879424,17.649735680116287,0.8798640995968596,0.6496452451110267,5.166416376771609,0.9330034003695378,2.215243909009465,3.8240433415230575,6.099419777141147,1.0040373641744695,0.0023884670722189964,20.095603006036182,0.9470246894390735,19.355823965623657,1.0040373641250153,0.999999999996909,1.0000000000000002,2.190239061893868,2500.0,7.2023006599749815,0.944677917861176,0.4621641140133719
"rspo[rspo_lambda=0.01, advantage_std=True, mask_scheme=iid, mask_samples=4, rollout=decoder, rollout_temperature=1.0] mlp_w32 from mlp_5 {context_source=uniform, contexts=256, group=5, learning_rate=0.0001, reference=initial, ppo_epochs=1, steps=10000, reward=potts_tfbind8}",2,models/port_grid3/rspo_dec/seed_2/finetune_mlp_5,0.8888691967405198,3.997095682613235,8.33681609942656,2.9925228854818715,17.527724634833667,0.8762515650825977,0.7271039220583383,5.489879277200344,1.108957339294646,2.3490483597102427,3.8108871241633193,6.59883661649499,1.0054355915745106,0.0031168405607240562,20.09549619105044,0.9470202760812717,19.35545557580401,1.0054355915515263,0.9999999999985629,0.9999999999999999,2.3600994124580144,3000.0,7.431975283444205,0.943258164979125,0.5063313365168428
"rspo[rspo_lambda=0.01, advantage_std=True, mask_scheme=iid, mask_samples=4, rollout=decoder, rollout_temperature=1.0] mlp_w32 from mlp_5 {context_source=uniform, contexts=256, group=5, learning_rate=0.0001, reference=initial, ppo_epochs=1, steps=10000, reward=potts_tfbind8}",2,models/port_grid3/rspo_dec/seed_2/finetune_mlp_5,0.8858258953526337,3.9819554893125813,8.59930517531703,3.1152491794246404,17.34786641454413,0.8690497566324255,0.7618233516818744,5.690225231592297,1.2786556516892569,2.3856945332005544,3.7409296123155897,6.968880883281554,1.0050434471151748,0.002912911901312937,20.095529627281714,0.9470214727297743,19.355543302122012,1.0050434471020586,0.9999999999991799,1.0000000000000002,2.5599292310446016,3500.0,7.491421619393057,0.9305041134396757,0.5230609224229582
"rspo[rspo_lambda=0.01, advantage_std=True, mask_scheme=iid, mask_samples=4, rollout=decoder, rollout_temperature=1.0] mlp_w32 from mlp_5 {context_source=uniform, contexts=256, group=5, learning_rate=0.0001, reference=initial, ppo_epochs=1, steps=10000, reward=potts_tfbind8}",2,models/port_grid3/rspo_dec/seed_2/finetune_mlp_5,0.8945475762756266,4.22182872090064,8.882247150790935,3.2532537130945407,17.11304674410224,0.8670770702375267,0.8668985995454423,5.833836685013749,1.5094346096773537,2.4221499598895018,3.821926672414866,7.343271294691102,1.0042172447228093,0.0026302547674023767,20.095512941108936,0.9470220037936108,19.354879408338732,1.0042172442034965,0.9999999999675425,1.0,2.9931557968067395,4000.0,7.6149147230078595,0.920524395229704,0.5633243701464287
"rspo[rspo_lambda=0.01, advantage_std=True, mask_scheme=iid, mask_samples=4, rollout=decoder, rollout_temperature=1.0] mlp_w32 from mlp_5 {context_source=uniform, contexts=256, group=5, learning_rate=0.0001, reference=initial, ppo_epochs=1, steps=10000, reward=potts_tfbind8}",2,models/port_grid3/rspo_dec/seed_2/finetune_mlp_5,0.8870570974782996,4.19221153481987,8.787563527318046,3.2577344653554325,17.102086175426834,0.8661558687854642,0.7498646681845166,5.734943899591199,1.542483013874759,2.3627816742361167,3.782114762723986,7.277426913465958,1.0067065174101089,0.0040354601802407375,20.095161864319874,0.9470101813390872,19.3527981168342,1.0067065057755271,0.9999999992728383,1.0000000000000002,2.969784740128946,4096.0,7.329388536120213,0.9085504055521367,0.5060870107944226
"rspo[rspo_lambda=0.01, advantage_std=True, mask_scheme=iid, mask_samples=4, rollout=decoder, rollout_temperature=1.0] mlp_w32 from mlp_5 {context_source=uniform, contexts=256, group=5, learning_rate=0.0001, reference=initial, ppo_epochs=1, steps=10000, reward=potts_tfbind8}",2,models/port_grid3/rspo_dec/seed_2/finetune_mlp_5,0.8839659481122236,4.116740706336982,8.887029892904215,3.269328012127973,17.125819500835306,0.8652957047027963,0.7752150360096557,5.9243501794218485,1.667138377156446,2.3907912009107055,3.744971701722367,7.591488556578295,1.0062296015538466,0.0037568461059406975,20.0952945091677,0.9470140196520722,19.35367576984703,1.0062295976485442,0.9999999997559177,1.0,2.8970416910146604,4500.0,7.514651078884247,0.9139226165566231,0.5222611512442163
"rspo[rspo_lambda=0.01, advantage_std=True, mask_scheme=iid, mask_samples=4, rollout=decoder, rollout_temperature=1.0] mlp_w32 from mlp_5 {context_source=uniform, contexts=256, group=5, learning_rate=0.0001, reference=initial, ppo_epochs=1, steps=10000, reward=potts_tfbind8}",2,models/port_grid3/rspo_dec/seed_2/finetune_mlp_5,0.8809852969156938,4.218507201568164,8.950918826535164,3.3089118065576364,17.006879470671393,0.8632510754090212,0.7809621311962897,6.197018310515574,1.8629579157805995,2.4873505458132885,3.787515795000067,8.059976226296174,1.006348536423844,0.0039091528658575575,20.095129391158725,0.9470112905661531,19.353140087672116,1.0063485319869963,0.9999999997226966,1.0000000000000002,3.1179958295382075,5000.0,7.442276673447451,0.9053352634128623,0.5156514214143405
"rspo[rspo_lambda=0.01, advantage_std=True, mask_scheme=iid, mask_samples=4, rollout=decoder, rollout_temperature=1.0] mlp_w32 from mlp_5 {context_source=uniform, contexts=256, group=5, learning_rate=0.0001, reference=initial, ppo_epochs=1, steps=10000, reward=potts_tfbind8}",2,models/port_grid3/rspo_dec/seed_2/finetune_mlp_5,0.8753643044923936,4.185022560693172,9.243924297998309,3.3944759808407294,16.9270918720233,0.8608239492082095,0.8101041735611607,6.310959337415993,2.0218355799444288,2.473539335526491,3.745643355426467,8.332794917360422,1.0069248006012974,0.004208173863778925,20.09514107873647,0.9470100444237352,19.35305897359567,1.0069226899014028,0.9999998680811931,1.0000000000000004,3.195804787936737,5500.0,7.756718160434639,0.9066553919207244,0.5335767819043737
"rspo[rspo_lambda=0.01, advantage_std=True, mask_scheme=iid, mask_samples=4, rollout=decoder, rollout_temperature=1.0] mlp_w32 from mlp_5 {context_source=uniform, contexts=256, group=5, learning_rate=0.0001, reference=initial, ppo_epochs=1, steps=10000, reward=potts_tfbind8}",2,models/port_grid3/rspo_dec/seed_2/finetune_mlp_5,0.889494607558433,4.356703040835543,9.025912360005403,3.307226815824236,16.985695113000876,0.8624956350126337,0.8425535270658847,6.572941824557143,2.2108295706045897,2.5865954551231756,3.8223980043094956,8.783771395161732,1.0042420361056306,0.002651467559661292,20.09550031058294,0.9470216153165109,19.35475776738583,1.0042420320904317,0.9999999997490489,0.9999999999999998,3.184654575353421,6000.0,7.612146202303644,0.9112223782818766,0.5405925389153827
"rspo[rspo_lambda=0.01, advantage_std=True, mask_scheme=iid, mask_samples=4, rollout=decoder, rollout_temperature=1.0] mlp_w32 from mlp_5 {context_source=uniform, contexts=256, group=5, learning_rate=0.0001, reference=initial, ppo_epochs=1, steps=10000, reward=potts_tfbind8}",2,models/port_grid3/rspo_dec/seed_2/finetune_mlp_5,0.875832970812274,4.319169386665878,9.492767494944134,3.477928480849389,16.748333901223244,0.8557183780604916,0.8936235563952764,6.604137411684535,2.378363440208153,2.6123624354828006,3.761818824822798,8.982500851892688,1.002135728883597,0.0013890034926078544,20.09560655278413,0.9470276226673261,19.355408542931585,1.0021351506749077,0.9999999638619513,1.0,3.4801172135331715,6500.0,7.8985978893830335,0.8998394567802482,0.5643901525081735
"rspo[rspo_lambda=0.01, advantage_std=True, mask_scheme=iid, mask_samples=4, rollout=decoder, rollout_temperature=1.0] mlp_w32 from mlp_5 {context_source=uniform, contexts=256, group=5, learning_rate=0.0001, reference=initial, ppo_epochs=1, steps=10000, reward=potts_tfbind8}",2,models/port_grid3/rspo_dec/seed_2/finetune_mlp_5,0.8795958945241265,4.419344086708868,9.620583854252734,3.5189546377744896,16.689079724356848,0.8539756405934052,0.9251597780304457,6.795811848520216,2.5773096131486533,2.701882187011181,3.75068325022966,9.37312146166887,1.0000936098088355,8.25037888164189e-05,20.095893215449774,0.9470370262495114,19.35710349350423,1.0000936017640938,0.9999999994972031,0.9999999999999999,3.55786290423958,7000.0,8.002088997831553,0.8982995670727824,0.5762069742444798
"rspo[rspo_lambda=0.01, advantage_std=True, mask_scheme=iid, mask_samples=4, rollout=decoder, rollout_temperature=1.0] mlp_w32 from mlp_5 {context_source=uniform, contexts=256, group=5, learning_rate=0.0001, reference=initial, ppo_epochs=1, steps=10000, reward=potts_tfbind8}",2,models/port_grid3/rspo_dec/seed_2/finetune_mlp_5,0.8671737363322294,4.555766464198152,10.15137543768752,3.6854210038707196,16.428288394154382,0.8446637033625025,0.9933591855454422,6.705147074355029,2.719186342161427,2.670651598053409,3.6769265625809635,9.424333416516456,1.0000934413072966,8.268257872495456e-05,20.095896419357103,0.947037089413767,19.357118058855427,1.0000934383399458,0.9999999998145399,0.9999999999999999,3.87529321189463,7500.0,8.346606103859141,0.8863661705222485,0.6089661383166153
"rspo[rspo_lambda=0.01, advantage_std=True, mask_scheme=iid, mask_samples=4, rollout=decoder, rollout_temperature=1.0] mlp_w32 from mlp_5 {context_source=uniform, contexts=256, group=5, learning_rate=0.0001, reference=initial, ppo_epochs=1, steps=10000, reward=potts_tfbind8}",2,models/port_grid3/rspo_dec/seed_2/finetune_mlp_5,0.8662889673410303,4.537093324108875,10.101585190373541,3.6407979834473463,16.471482938887156,0.8465136445786908,1.0147632891317913,7.0238765577948765,2.9005429106418994,2.7071678535704016,3.7274036455509543,9.924419468436776,1.0000614036081843,5.709032799770941e-05,20.095896367946736,0.9470371762930297,19.35715002780612,1.0000614008236117,0.9999999998259632,1.0000000000000002,3.8609784777654323,8000.0,8.409713899590892,0.8934376111295226,0.6143363592421065
"rspo[rspo_lambda=0.01, advantage_std=True, mask_scheme=iid, mask_samples=4, rollout=decoder, rollout_temperature=1.0] mlp_w32 from mlp_5 {context_source=uniform, contexts=256, group=5, learning_rate=0.0001, reference=initial, ppo_epochs=1, steps=10000, reward=potts_tfbind8}",2,models/port_grid3/rspo_dec/seed_2/finetune_mlp_5,0.8681035729763256,4.675381628554132,10.624121683929857,3.837639260631705,16.197771989600746,0.8382282633515504,1.0842363423246497,6.903440054214235,3.117448663810615,2.7051698658391623,3.645085485924409,10.02088871802485,1.0000493717350647,4.641397766628346e-05,20.095899878438207,0.9470372537351521,19.357157621826122,1.0000493711043568,0.99999999996058,1.0000000000000002,4.189226742068507,8500.0,8.70683075410515,0.879248511008718,0.6433332152147989
"rspo[rspo_lambda=0.01, advantage_std=True, mask_scheme=iid, mask_samples=4, rollout=decoder, rollout_temperature=1.0] mlp_w32 from mlp_5 {context_source=uniform, contexts=256, group=5, learning_rate=0.0001, reference=initial, ppo_epochs=1, steps=10000, reward=potts_tfbind8}",2,models/port_grid3/rspo_dec/seed_2/finetune_mlp_5,0.8652976611849512,4.741759406589142,10.407937408062171,3.7173876588740984,16.335509458930943,0.844895337684964,1.1297323246358406,7.347913803738665,3.414545409864269,2.868746265766033,3.768419831972836,10.762459213602934,1.0018567433263512,0.0011889133870417975,20.09576518548792,0.9470316218202006,19.3564813598196,1.0018567430788996,0.999999999984534,1.0000000000000004,4.105954884121669,9000.0,8.702896935990596,0.8925627314553807,0.6465670182659045
"rspo[rspo_lambda=0.01, advantage_std=True, mask_scheme=iid, mask_samples=4, rollout=decoder, rollout_temperature=1.0] mlp_w32 from mlp_5 {context_source=uniform, contexts=256, group=5, learning_rate=0.0001, reference=initial, ppo_epochs=1, steps=10000, reward=potts_tfbind8}",2,models/port_grid3/rspo_dec/seed_2/finetune_mlp_5,0.8533805000843885,5.297020275011925,11.022220270798131,3.9469945548859977,15.935814600566243,0.8301275741873416,1.253440715641942,7.239168401105887,3.675727402318012,2.923315658965022,3.644809342500642,10.9148958034239,1.00121499120111,0.0008114454785018791,20.095816057610126,0.9470335941770606,19.35667693133131,1.001214990429258,0.9999999999517584,1.0000000000000002,4.581886682196488,9500.0,8.906138205567066,0.8663672260209465,0.6816437285520152
"rspo[rspo_lambda=0.01, advantage_std=True, mask_scheme=iid, mask_samples=4, rollout=decoder, rollout_temperature=1.0] mlp_w32 from mlp_5 {context_source=uniform, contexts=256, group=5, learning_rate=0.0001, reference=initial, ppo_epochs=1, steps=10000, reward=potts_tfbind8}",2,models/port_grid3/rspo_dec/seed_2/finetune_mlp_5,0.8664911818776219,5.7011930260756545,10.973242435514704,3.930021160937705,15.995284819687473,0.8367103828744983,1.2740613970915853,7.348890835366984,3.964461756080989,2.9564636419496395,3.743523680948567,11.313352591447973,1.0010794578881632,0.000773015585064783,20.095761608513172,0.947033774392097,19.356876289278087,1.0010794571462287,0.9999999999536285,1.0000000000000002,4.5913956919625685,10000.0,8.946478020930323,0.871949134429769,0.6740109102703623
"subtb[beta=0.25, subtb_lambda=0.9] mlp_w32 from mlp_5 {context_source=uniform, contexts=256, group=5, learning_rate=0.0001, reference=initial, ppo_epochs=1, steps=10000, reward=potts_tfbind8}",1,models/port_grid3/subtb_b0.25/seed_1/finetune_mlp_5,0.40089774494688835,0.0,15.58400929863198,7.3350796144291905,7.274364485999048,0.40059227009566606,0.6753682702836997,0.0,0.0,3.3845174252188786,0.0,0.0,4.896481007458549,1.5766628960892644,8.347072093028896,0.2951274947079451,0.0,0.36194497535363446,0.02441464572044008,1.0000000000000013,0.5865081907766789,0.0,1.8270649549340976,0.11713328142727052,0.43648081792806004
"subtb[beta=0.25, subtb_lambda=0.9] mlp_w32 from mlp_5 {context_source=uniform, contexts=256, group=5, learning_rate=0.0001, reference=initial, ppo_epochs=1, steps=10000, reward=potts_tfbind8}",1,models/port_grid3/subtb_b0.25/seed_1/finetune_mlp_5,0.40184388211109484,8.292627930786165e-05,15.5865373517639,7.33602412014864,7.295932251466049,0.4016399948301624,0.6675023041474729,7.908433010328378e-05,8.886393209823313e-06,3.3734089783863688,7.914332229532958e-05,8.79707233131071e-05,4.917517568988231,1.584585691555242,8.358597446687789,0.2957582669828575,0.00012886828867570538,0.37302726636504335,0.025218221982668664,1.0000000000000013,0.5811953927322234,1.0,1.8519336025089834,0.11879063554758955,0.4344156657448457
"subtb[beta=0.25, subtb_lambda=0.9] mlp_w32 from mlp_5 {context_source=uniform, contexts=256, group=5, learning_rate=0.0001, reference=initial, ppo_epochs=1, steps=10000, reward=potts_tfbind8}",1,models/port_grid3/subtb_b0.25/seed_1/finetune_mlp_5,0.4027116805019101,0.0003031229931341777,15.58844010481626,7.336085282680514,7.317659944429057,0.4026574884300374,0.6598778915020427,0.0002976285996925303,3.0264083652201492e-05,3.3626505655610854,0.0002980509192249039,0.0003278926833447318,4.9359394376349375,1.5901772877422433,8.38466192398024,0.2970820929183927,0.0005773304004483941,0.40464229750479686,0.027613433103013164,1.000000000000001,0.5759823770884009,2.0,1.8763912987595988,0.12042783467984466,0.43237384652463084
"subtb[beta=0.25, subtb_lambda=0.9] mlp_w32 from mlp_5 {context_source=uniform, contexts=256, group=5, learning_rate=0.0001, reference=initial, ppo_epochs=1, steps=10000, reward=potts_tfbind8}",1,models/port_grid3/subtb_b0.25/seed_1/finetune_mlp_5,0.40444206229682433,0.0010223760433824267,15.59019443840302,7.331600027953978,7.363245252504278,0.40459543672746745,0.6442276815807613,0.0010211186709571758,9.714616670755227e-05,3.338874375233229,0.0010240859540957869,0.001118264837664728,4.9447959888952315,1.5951129366021843,8.409843625740839,0.2983942332196122,0.0017729127568239444,0.4264653133079407,0.029254013393031658,1.0000000000000013,0.5653120851044671,4.0,1.9270614274705626,0.12382454554727645,0.428378370118588
"subtb[beta=0.25, subtb_lambda=0.9] mlp_w32 from mlp_5 {context_source=uniform, contexts=256, group=5, learning_rate=0.0001, reference=initial, ppo_epochs=1, steps=10000, reward=potts_tfbind8}",1,models/port_grid3/subtb_b0.25/seed_1/finetune_mlp_5,0.40797064325027377,0.0035690082359437505,15.593093915632139,7.322689317022722,7.4569696621435995,0.4086768040921894,0.6137703582347209,0.0036785944525580417,0.0003354128282076433,3.291225723784228,0.0037035673381909315,0.004014007280765685,5.573306184779521,1.7818657028521305,8.544544934644101,0.30626175380451276,0.034407894251850105,0.6497822147023534,0.0465725130796356,1.0000000000000013,0.5445604640787319,8.0,2.032494808489956,0.1309128955651801,0.4203279287370416
"subtb[beta=0.25, subtb_lambda=0.9] mlp_w32 from mlp_5 {context_source=uniform, contexts=256, group=5, learning_rate=0.0001, reference=initial, ppo_epochs=1, steps=10000, reward=potts_tfbind8}",1,models/port_grid3/subtb_b0.25/seed_1/finetune_mlp_5,0.41521992052734813,0.011985430157296983,15.584375855945115,7.278278427703556,7.649260315530647,0.4161187294960093,0.5585540288445278,0.012434582187580952,0.0010250618160085444,3.2068768234424074,0.01259079201616585,0.013459644003589497,5.573455401034657,1.7881580095531548,8.798925139253084,0.31896314821337013,0.0639506230184396,0.8839403279991456,0.06617901221569121,1.000000000000001,0.5053750254099454,16.0,2.240560147050001,0.14512173674736842,0.4050652186882281
"subtb[beta=0.25, subtb_lambda=0.9] mlp_w32 from mlp_5 {context_source=uniform, contexts=256, group=5, learning_rate=0.0001, reference=initial, ppo_epochs=1, steps=10000, reward=potts_tfbind8}",1,models/port_grid3/subtb_b0.25/seed_1/finetune_mlp_5,0.4303413998326656,0.04867406543993161,15.52186189560841,7.105500766944587,8.061328361578475,0.42926182076924924,0.47168011536688337,0.0480716453692579,0.003494375996495311,3.104196593460082,0.0488639386631483,0.05156602136575321,6.9188301406322825,2.1217028682577763,10.662110079111294,0.41804092463641607,1.1409739576387143,2.3348795227845383,0.2956193067778193,1.0000000000000013,0.4386311605449699,32.0,2.6668691070397372,0.17575795499653663,0.3787246810354407
"subtb[beta=0.25, subtb_lambda=0.9] mlp_w32 from mlp_5 {context_source=uniform, contexts=256, group=5, learning_rate=0.0001, reference=initial, ppo_epochs=1, steps=10000, reward=potts_tfbind8}",1,models/port_grid3/subtb_b0.25/seed_1/finetune_mlp_5,0.45599252764965914,0.12342993950772946,15.44626517648549,6.945186831962201,8.645967804439406,0.45301698461982143,0.36518373929223025,0.11541891525058055,0.008793346189353637,2.8433896904810085,0.11884655496553087,0.12421226143993419,5.776506075151987,1.7407246069900357,13.872023608218614,0.5759301559431235,2.064741928241308,2.5853907516800407,0.6709385369901382,1.0000000000000009,0.3624539161321191,64.0,3.370851015766549,0.22623755567971476,0.34104332597543385
"subtb[beta=0.25, subtb_lambda=0.9] mlp_w32 from mlp_5 {context_source=uniform, contexts=256, group=5, learning_rate=0.0001, reference=initial, ppo_epochs=1, steps=10000, reward=potts_tfbind8}",1,models/port_grid3/subtb_b0.25/seed_1/finetune_mlp_5,0.48745160466420123,0.21702745767418977,15.346481493245056,6.785455567472857,9.327113255279437,0.48213866702504066,0.25780994144266967,0.18161373084859728,0.014512703897226392,2.512437373220548,0.19829922985242235,0.19612643474582367,4.430803881545637,1.299708643194627,15.591294843020334,0.6630571042856641,3.0472458947873653,2.8591443782354182,0.8773628879967235,1.0000000000000013,0.2716202283090022,128.0,4.180695134564157,0.28513324336167345,0.2909648124233927
"subtb[beta=0.25, subtb_lambda=0.9] mlp_w32 from mlp_5 {context_source=uniform, contexts=256, group=5, learning_rate=0.0001, reference=initial, ppo_epochs=1, steps=10000, reward=potts_tfbind8}",1,models/port_grid3/subtb_b0.25/seed_1/finetune_mlp_5,0.5145777867844322,0.31764642187950276,15.165207431900507,6.565966028930673,9.939802639577396,0.5048937621043957,0.1835028036375386,0.23831037917034809,0.02201114043139807,2.304556585289581,0.27440848345902996,0.26032151960174615,3.397533253826974,0.9823113071018807,16.22875998728761,0.6945063384528519,3.5288297133901048,2.769940862538021,0.9536360153465856,1.0000000000000009,0.19455713584112166,256.0,4.820376264147348,0.337283700187637,0.24391852838199815
"subtb[beta=0.25, subtb_lambda=0.9] mlp_w32 from mlp_5 {context_source=uniform, contexts=256, group=5, learning_rate=0.0001, reference=initial, ppo_epochs=1, steps=10000, reward=potts_tfbind8}",1,models/port_grid3/subtb_b0.25/seed_1/finetune_mlp_5,0.5275992610619927,0.37586598955377437,15.02705409590415,6.4177723265776425,10.37952307992839,0.5221136089588894,0.13797252343455735,0.2868398419713276,0.028852165693097565,2.145061480983598,0.3363202275044333,0.3156920076644252,2.7357281065199857,0.7399956973496996,16.55499311283929,0.7091268725864267,3.765844415276743,2.5624893688300405,0.9886046704453856,1.0000000000000009,0.14653876979877617,500.0,5.264029576002874,0.3742373201858364,0.20936750941565857
"subtb[beta=0.25, subtb_lambda=0.9] mlp_w32 from mlp_5 {context_source=uniform, contexts=256, group=5, learning_rate=0.0001, reference=initial, ppo_epochs=1, steps=10000, reward=potts_tfbind8}",1,models/port_grid3/subtb_b0.25/seed_1/finetune_mlp_5,0.5296649017943877,0.38345263875240465,15.018427525357911,6.409065563927998,10.400105091089873,0.5229886156282285,0.13541436293154305,0.28616869992625943,0.0288187399336694,2.127544917346991,0.3388162951492044,0.31498743985992883,2.949737133576833,0.8218570304816176,16.451580874431297,0.7044455585835003,3.6768446017797274,2.6164049942294896,0.9771660698103878,1.0000000000000009,0.14388933465317547,512.0,5.290689714098087,0.37623458905261753,0.20660465803149297
"subtb[beta=0.25, subtb_lambda=0.9] mlp_w32 from mlp_5 {context_source=uniform, contexts=256, group=5, learning_rate=0.0001, reference=initial, ppo_epochs=1, steps=10000, reward=potts_tfbind8}",1,models/port_grid3/subtb_b0.25/seed_1/finetune_mlp_5,0.5428856822863093,0.4492125141840617,14.875325760621465,6.2730098477157865,10.782865610238197,0.5380548067438784,0.10987636755282588,0.3430439637670839,0.034095239515042064,2.0237524115794,0.40679522878257107,0.37713920328212597,2.526835110396012,0.6555491148518076,16.626577553317887,0.711881209676851,3.8252344627916277,2.4496965165137485,0.9950742308918977,1.000000000000001,0.11617813849946255,1000.0,5.684017408839233,0.41080521636230904,0.18138374445421568
"subtb[beta=0.25, subtb_lambda=0.9] mlp_w32 from mlp_5 {context_source=uniform, contexts=256, group=5, learning_rate=0.0001, reference=initial, ppo_epochs=1, steps=10000, reward=potts_tfbind8}",1,models/port_grid3/subtb_b0.25/seed_1/finetune_mlp_5,0.5392091105701161,0.4295702268131376,14.900760617895067,6.2955804011197625,10.718629576785231,0.5352985648259809,0.11045071614576048,0.3324925872943131,0.03398182648297399,2.022483093065681,0.39200541226644753,0.36647441377728707,2.5153545471997147,0.6482517041162659,16.62317554655568,0.7115165730208078,3.8237488197945675,2.4281714840146913,0.9944186829881421,1.0000000000000009,0.11744733034658007,1024.0,5.605537342757715,0.4038829590354748,0.18328789351177624
"subtb[beta=0.25, subtb_lambda=0.9] mlp_w32 from mlp_5 {context_source=uniform, contexts=256, group=5, learning_rate=0.0001, reference=initial, ppo_epochs=1, steps=10000, reward=potts_tfbind8}",1,models/port_grid3/subtb_b0.25/seed_1/finetune_mlp_5,0.5452333543763157,0.45435821141968225,14.891934193425303,6.281709075429367,10.810134176948779,0.5396917927499745,0.10254849925622736,0.3445064757635339,0.03541567356963815,1.9784640144801826,0.40672519857984246,0.37992214933317203,2.5636641461316945,0.6672508518425362,16.61846325672427,0.7115317286323825,3.8149546865421353,2.4736222196376216,0.9942216566879967,1.0000000000000009,0.10929096661908808,1500.0,5.721371686672706,0.4119357364922001,0.1762170004506421
"subtb[beta=0.25, subtb_lambda=0.9] mlp_w32 from mlp_5 {context_source=uniform, contexts=256, group=5, learning_rate=0.0001, reference=initial, ppo_epochs=1, steps=10000, reward=potts_tfbind8}",1,models/port_grid3/subtb_b0.25/seed_1/finetune_mlp_5,0.5522474490581306,0.48135912721665136,14.837481348513311,6.248753416185663,10.947663852004869,0.5462454627663116,0.09380615272898477,0.36064357125495783,0.03689096364481825,1.9265629128375141,0.4319539059355755,0.3975345348997761,2.488541190834319,0.6255041741279291,16.65087672947073,0.7126079616303551,3.849688019642086,2.4264157429181754,0.9960526324803181,1.0000000000000009,0.10013725521079939,2000.0,5.863973386656059,0.4249427186515947,0.16586275427658
"subtb[beta=0.25, subtb_lambda=0.9] mlp_w32 from mlp_5 {context_source=uniform, contexts=256, group=5, learning_rate=0.0001, reference=initial, ppo_epochs=1, steps=10000, reward=potts_tfbind8}",1,models/port_grid3/subtb_b0.25/seed_1/finetune_mlp_5,0.5538581767135048,0.4891278720232598,14.820435102832617,6.240438649454374,10.955728064238354,0.5462399062389115,0.09374088574212677,0.3618129068049629,0.03701650258024192,1.9282345140827135,0.43349011993529835,0.39882940938520484,2.4441163242973736,0.6133755264521389,16.656873644043262,0.7128420596364713,3.857031141754184,2.3975812303880892,0.9970559029661953,1.0000000000000009,0.09965741615214957,2048.0,5.870080575037345,0.4261659278359006,0.16511914734894734
"subtb[beta=0.25, subtb_lambda=0.9] mlp_w32 from mlp_5 {context_source=uniform, contexts=256, group=5, learning_rate=0.0001, reference=initial, ppo_epochs=1, steps=10000, reward=potts_tfbind8}",1,models/port_grid3/subtb_b0.25/seed_1/finetune_mlp_5,0.5527302341948374,0.4928841704800274,14.759536800279388,6.191690153385661,11.023139981881966,0.5478160018609122,0.0926057284141385,0.3761562865180226,0.03717927807367882,1.942979363644157,0.4483889939263771,0.4133355645917014,2.3630881503647623,0.5727360503312663,16.672702645110437,0.7131332468523462,3.873182014285405,2.3323155894032075,0.9980631852331994,1.000000000000001,0.09770331073232517,2500.0,5.909275338434508,0.43247697473437213,0.16248410050847326
"subtb[beta=0.25, subtb_lambda=0.9] mlp_w32 from mlp_5 {context_source=uniform, contexts=256, group=5, learning_rate=0.0001, reference=initial, ppo_epochs=1, steps=10000, reward=potts_tfbind8}",1,models/port_grid3/subtb_b0.25/seed_1/finetune_mlp_5,0.5528779318632833,0.4830455601096109,14.822509394733235,6.231782438217848,10.99319323266096,0.5478096729978549,0.08898164746973251,0.36590821136035456,0.03628954769142667,1.9009646854914088,0.4378335402417932,0.40219775905178123,2.4795770882232704,0.6230718872271832,16.64761722656573,0.7123642636434903,3.846358167725883,2.4120735001757474,0.9956986902571615,1.0000000000000009,0.09463454435299393,3000.0,5.909346686636608,0.4284018015521171,0.1611789851191191
"subtb[beta=0.25, subtb_lambda=0.9] mlp_w32 from mlp_5 {context_source=uniform, contexts=256, group=5, learning_rate=0.0001, reference=initial, ppo_epochs=1, steps=10000, reward=potts_tfbind8}",1,models/port_grid3/subtb_b0.25/seed_1/finetune_mlp_5,0.5552493073910549,0.500895513325945,14.769485584195003,6.1977114819209485,11.032310119451907,0.5484509826944464,0.08854379539683255,0.37365528261621217,0.03656634833695549,1.920855696744948,0.4461586235188286,0.41022163095316766,2.3315589604424063,0.5542230279317504,16.67761836535101,0.7130578622317011,3.880869149633983,2.300690052777073,0.9980575008630806,1.0000000000000013,0.09318040593229233,3500.0,5.922464112212772,0.4325737994610433,0.1582487071346688
"subtb[beta=0.25, subtb_lambda=0.9] mlp_w32 from mlp_5 {context_source=uniform, contexts=256, group=5, learning_rate=0.0001, reference=initial, ppo_epochs=1, steps=10000, reward=potts_tfbind8}",1,models/port_grid3/subtb_b0.25/seed_1/finetune_mlp_5,0.558169901451473,0.5136996853911898,14.752315590721057,6.170919821194728,11.091675991238155,0.5506424742627984,0.08551693179291561,0.381012553876747,0.036777548688797346,1.8999403373500028,0.45774801918253555,0.41779010256554433,2.443336468884428,0.6119379611539815,16.656900340453255,0.7128178908854632,3.85285441230726,2.3987133282033564,0.9971750369638683,1.0000000000000009,0.08992833364943753,4000.0,5.9953342923756665,0.43808448312588644,0.15595558554494993
"subtb[beta=0.25, subtb_lambda=0.9] mlp_w32 from mlp_5 {context_source=uniform, contexts=256, group=5, learning_rate=0.0001, reference=initial, ppo_epochs=1, steps=10000, reward=potts_tfbind8}",1,models/port_grid3/subtb_b0.25/seed_1/finetune_mlp_5,0.5598251361607358,0.516167360767764,14.758042202754694,6.179693159727959,11.150681279709197,0.5545535081305115,0.0831987420105207,0.3894329867281815,0.03645234900885208,1.8623785322092417,0.4704128904895421,0.4258853357370336,2.4508540697655214,0.6083686174400013,16.661788350991923,0.7129998357236498,3.8549058992645184,2.409586304217132,0.9973923357798042,1.0000000000000009,0.08784188283868397,4096.0,6.083532412598302,0.44405477612150573,0.15318989179789425
"subtb[beta=0.25, subtb_lambda=0.9] mlp_w32 from mlp_5 {context_source=uniform, contexts=256, group=5, learning_rate=0.0001, reference=initial, ppo_epochs=1, steps=10000, reward=potts_tfbind8}",1,models/port_grid3/subtb_b0.25/seed_1/finetune_mlp_5,0.5647120198428129,0.5389326118021189,14.726122692459882,6.168451384842551,11.225359814194283,0.55852953434224,0.08122562503674491,0.40016252531163243,0.03674464997154425,1.8396204951746757,0.48685711101121987,0.4369071752831767,2.426044774239767,0.591418558957507,16.67373641574175,0.7133409917265414,3.871709391748701,2.391137351828185,0.9977988305376682,1.0000000000000009,0.08561646973908862,4500.0,6.158987156653325,0.4512946335395147,0.1495817584546568
"subtb[beta=0.25, subtb_lambda=0.9] mlp_w32 from mlp_5 {context_source=uniform, contexts=256, group=5, learning_rate=0.0001, reference=initial, ppo_epochs=1, steps=10000, reward=potts_tfbind8}",1,models/port_grid3/subtb_b0.25/seed_1/finetune_mlp_5,0.5598163970466186,0.5150561265681324,14.756353260656518,6.180263308833341,11.130270295493169,0.5533183814696506,0.08231642917957,0.3840846655317229,0.036018249634069466,1.8639658699638426,0.46419210369570196,0.42010291516579235,2.4220543309983187,0.5896587239435257,16.66303745780456,0.7126550872377009,3.8634560019817745,2.3649202465883654,0.9963698645781885,1.0000000000000009,0.0867238420988489,5000.0,6.041288812399562,0.4411468332325112,0.15257378949878897
"subtb[beta=0.25, subtb_lambda=0.9] mlp_w32 from mlp_5 {context_source=uniform, contexts=256, group=5, learning_rate=0.0001, reference=initial, ppo_epochs=1, steps=10000, reward=potts_tfbind8}",1,models/port_grid3/subtb_b0.25/seed_1/finetune_mlp_5,0.5607649492479356,0.517264798790411,14.755155949414556,6.183288155077314,11.129259130307329,0.5534415890199404,0.08125900394402026,0.382458375754854,0.03577061751155031,1.8575308212064237,0.46286208040261,0.4182289932664043,2.3673276480329353,0.5689664283203715,16.67965610697234,0.7133635290967303,3.8837616594183477,2.339269183841324,0.9982365382735606,1.0000000000000007,0.08564661010221791,5500.0,6.038444082710715,0.44091387262342174,0.1514235653261915
"subtb[beta=0.25, subtb_lambda=0.9] mlp_w32 from mlp_5 {context_source=uniform, contexts=256, group=5, learning_rate=0.0001, reference=initial, ppo_epochs=1, steps=10000, reward=potts_tfbind8}",1,models/port_grid3/subtb_b0.25/seed_1/finetune_mlp_5,0.5643032157917506,0.5360046533237955,14.747830496525953,6.171997785812285,11.170753461278252,0.5552771937665109,0.07984226300452855,0.38892613045474045,0.03576665060811052,1.8532617806433491,0.4716058797784193,0.42469278106285097,2.4354572011212903,0.6008794368328262,16.66984623832097,0.7133058597017007,3.869215112839714,2.399550061343221,0.997734858461171,1.0000000000000009,0.08401682673529517,6000.0,6.105723374435691,0.44589078012039435,0.14935716464399038
"subtb[beta=0.25, subtb_lambda=0.9] mlp_w32 from mlp_5 {context_source=uniform, contexts=256, group=5, learning_rate=0.0001, reference=initial, ppo_epochs=1, steps=10000, reward=potts_tfbind8}",1,models/port_grid3/subtb_b0.25/seed_1/finetune_mlp_5,0.566073915245918,0.5463262231688125,14.70409407118748,6.136827126127294,11.253967079719562,0.5585109684558874,0.0785681159932199,0.40384157534876763,0.03652693813907437,1.8456911978315156,0.4902291768664426,0.440368513487842,2.385137623297237,0.5761257156418451,16.682684351016075,0.713671346584463,3.884664504711655,2.363053667203163,0.9986136034177138,1.0000000000000009,0.08183671921299297,6500.0,6.185655796710821,0.4538954142494208,0.14647814886906718
"subtb[beta=0.25, subtb_lambda=0.9] mlp_w32 from mlp_5 {context_source=uniform, contexts=256, group=5, learning_rate=0.0001, reference=initial, ppo_epochs=1, steps=10000, reward=potts_tfbind8}",1,models/port_grid3/subtb_b0.25/seed_1/finetune_mlp_5,0.5620708304533605,0.5236429884479521,14.723710458220847,6.16105505014214,11.181740175556216,0.5553613925443309,0.07903695895428307,0.39154663785413063,0.03531545294294974,1.855182530343074,0.473560571076514,0.4268620907970804,2.3910455061451534,0.5808114840593812,16.67147187691174,0.713119025802322,3.8699779068938445,2.356189103388534,0.9978018373418531,1.0000000000000009,0.08322483946390122,7000.0,6.099225387010195,0.4470157367261708,0.14866223415127283
"subtb[beta=0.25, subtb_lambda=0.9] mlp_w32 from mlp_5 {context_source=uniform, contexts=256, group=5, learning_rate=0.0001, reference=initial, ppo_epochs=1, steps=10000, reward=potts_tfbind8}",1,models/port_grid3/subtb_b0.25/seed_1/finetune_mlp_5,0.5706565991770891,0.5664613328245087,14.695343147706208,6.124072316105142,11.284123014235538,0.5597306181214239,0.07786866267655357,0.4082893649012098,0.0359961254978145,1.834547513028863,0.49718432708480514,0.4442854903990243,2.471502909007821,0.6124427917279914,16.67077998171618,0.713546778159843,3.8633843868335815,2.437964536138426,0.997884743621191,1.0000000000000009,0.08125288580235906,7500.0,6.228935754543401,0.4572191900115447,0.1459382272082299
"subtb[beta=0.25, subtb_lambda=0.9] mlp_w32 from mlp_5 {context_source=uniform, contexts=256, group=5, learning_rate=0.0001, reference=initial, ppo_epochs=1, steps=10000, reward=potts_tfbind8}",1,models/port_grid3/subtb_b0.25/seed_1/finetune_mlp_5,0.5670879997508307,0.5487466168853655,14.661756818635826,6.123016593064587,11.290244596372425,0.5601261037047264,0.07800179404673828,0.4089941923563331,0.03554388617654708,1.8391217051300814,0.4984200991335926,0.4445380785328802,2.3012476792994994,0.530153726201364,16.69581101185033,0.7137509634235583,3.901924765329887,2.288990456990563,0.9992327812873294,1.0000000000000007,0.08095826231692715,8000.0,6.199016754977109,0.4575450969123073,0.1439390113184664
"subtb[beta=0.25, subtb_lambda=0.9] mlp_w32 from mlp_5 {context_source=uniform, contexts=256, group=5, learning_rate=0.0001, reference=initial, ppo_epochs=1, steps=10000, reward=potts_tfbind8}",1,models/port_grid3/subtb_b0.25/seed_1/finetune_mlp_5,0.5670132048972817,0.546966951139329,14.70988596118934,6.140310533064458,11.262734303437217,0.5591528305505413,0.0771415765439652,0.40498445387090176,0.03488257971253894,1.8365441793234707,0.4914001417635177,0.4398670335834407,2.4249055914348294,0.5924453040787165,16.678327424315302,0.7136900301184703,3.8760810927540814,2.4007384184894143,0.9984823300050306,1.0000000000000009,0.08081587818065272,8500.0,6.205159837782191,0.4549617061899738,0.14570078365621958
"subtb[beta=0.25, subtb_lambda=0.9] mlp_w32 from mlp_5 {context_source=uniform, contexts=256, group=5, learning_rate=0.0001, reference=initial, ppo_epochs=1, steps=10000, reward=potts_tfbind8}",1,models/port_grid3/subtb_b0.25/seed_1/finetune_mlp_5,0.5657649922612631,0.5400187700361881,14.720862136920164,6.144732769783641,11.254605726327243,0.5588324939466854,0.07642974953305659,0.4020188366641483,0.03477468394576688,1.834982452645844,0.48840320629517925,0.43679352060991516,2.4536489364545995,0.6035518584823213,16.67702598942666,0.7138039818039644,3.875227079257051,2.429606952210533,0.9984902658521309,1.0000000000000009,0.07985108698980944,9000.0,6.193775619986959,0.4533151489400515,0.14539006652702
"subtb[beta=0.25, subtb_lambda=0.9] mlp_w32 from mlp_5 {context_source=uniform, contexts=256, group=5, learning_rate=0.0001, reference=initial, ppo_epochs=1, steps=10000, reward=potts_tfbind8}",1,models/port_grid3/subtb_b0.25/seed_1/finetune_mlp_5,0.5659028287842482,0.5366948974337497,14.70402975162466,6.152308096309415,11.260549350755463,0.5596009633941968,0.07567786101428908,0.401943799613687,0.03461056804914009,1.8249973276355613,0.4895118647495401,0.43655436766282707,2.3183292828561566,0.5356845431971438,16.6982314742721,0.713905880768816,3.905741979914626,2.3053509727686476,0.9991877357286545,1.0000000000000009,0.07947383933711505,9500.0,6.180896717954433,0.4540702993031786,0.14474279990969596
"subtb[beta=0.25, subtb_lambda=0.9] mlp_w32 from mlp_5 {context_source=uniform, contexts=256, group=5, learning_rate=0.0001, reference=initial, ppo_epochs=1, steps=10000, reward=potts_tfbind8}",1,models/port_grid3/subtb_b0.25/seed_1/finetune_mlp_5,0.5701439633425672,0.5548279196345923,14.72934473186028,6.157412904236555,11.286540559930575,0.5613315026732769,0.07497839498058483,0.40418376038763126,0.0344296916761323,1.7994916188919643,0.495055444348673,0.43861345206376356,2.4812824584902,0.6173183417587271,16.669290982708894,0.7135340582323483,3.867660460406392,2.445220960095064,0.9977243281315198,1.000000000000001,0.07851961664246833,10000.0,6.248415204166008,0.4566853778234461,0.1436865751991582
"subtb[beta=0.25, subtb_lambda=0.9] mlp_w32 from mlp_5 {context_source=uniform, contexts=256, group=5, learning_rate=0.0001, reference=initial, ppo_epochs=1, steps=10000, reward=potts_tfbind8}",2,models/port_grid3/subtb_b0.25/seed_2/finetune_mlp_5,0.40089774494688835,0.0,15.58400929863198,7.3350796144291905,7.274364485999048,0.40059227009566606,0.6753682702836997,0.0,0.0,3.3845174252188786,0.0,0.0,4.896481007458549,1.5766628960892644,8.347072093028896,0.2951274947079451,0.0,0.36194497535363446,0.02441464572044008,1.0000000000000013,0.5865081907766789,0.0,1.8270649549340976,0.11713328142727052,0.43648081792806004
"subtb[beta=0.25, subtb_lambda=0.9] mlp_w32 from mlp_5 {context_source=uniform, contexts=256, group=5, learning_rate=0.0001, reference=initial, ppo_epochs=1, steps=10000, reward=potts_tfbind8}",2,models/port_grid3/subtb_b0.25/seed_2/finetune_mlp_5,0.4014351370283573,5.089690789910435e-05,15.582562323980714,7.32833150554527,7.295321686018445,0.4012664527253945,0.6682745998211783,5.0126739914662906e-05,6.907380634494328e-06,3.374159146980107,5.0109543874541e-05,5.7034120549157235e-05,4.905517035677724,1.5803314968914097,8.352926087081197,0.2954487454619469,0.00014893736116032306,0.36891437561944695,0.02490453919739039,1.000000000000001,0.5813190003157034,1.0,1.8474022010564413,0.11849892303872142,0.4348285530857822
"subtb[beta=0.25, subtb_lambda=0.9] mlp_w32 from mlp_5 {context_source=uniform, contexts=256, group=5, learning_rate=0.0001, reference=initial, ppo_epochs=1, steps=10000, reward=potts_tfbind8}",2,models/port_grid3/subtb_b0.25/seed_2/finetune_mlp_5,0.4024253284257397,0.00020441859351751535,15.583367595637855,7.324948624539891,7.320108181433077,0.40227362089436736,0.6590413436610463,0.00021280677533771272,2.199704298164984e-05,3.3590567011221237,0.00021284376192562448,0.00023480381831936256,4.923620098594804,1.5857135507760434,8.371202235987994,0.29639461802083467,0.00044042884641316057,0.3903455291754073,0.026533722348356593,1.000000000000001,0.5752851106800967,2.0,1.8754574387031318,0.12037268306866222,0.43262096528356736
"subtb[beta=0.25, subtb_lambda=0.9] mlp_w32 from mlp_5 {context_source=uniform, contexts=256, group=5, learning_rate=0.0001, reference=initial, ppo_epochs=1, steps=10000, reward=potts_tfbind8}",2,models/port_grid3/subtb_b0.25/seed_2/finetune_mlp_5,0.4042740640978713,0.0007762538206165671,15.583071967785674,7.316557602636691,7.367548947869511,0.4041499142338222,0.6419607601553773,0.0008044560573943708,7.456706551632489e-05,3.330775805193018,0.0008058111801580578,0.0008790231229106957,4.934193864212823,1.591542563736211,8.39277361997119,0.2975549010054295,0.00159761437195246,0.4103267162403227,0.028031760693124897,1.0000000000000013,0.5640178864892211,4.0,1.927955398058761,0.12389385692209741,0.42851448620693505
"subtb[beta=0.25, subtb_lambda=0.9] mlp_w32 from mlp_5 {context_source=uniform, contexts=256, group=5, learning_rate=0.0001, reference=initial, ppo_epochs=1, steps=10000, reward=potts_tfbind8}",2,models/port_grid3/subtb_b0.25/seed_2/finetune_mlp_5,0.4077968653011058,0.0027838718306224097,15.582793082755414,7.303580968167779,7.454780199887451,0.4077631240014981,0.612921872966478,0.0028301227516278928,0.0002531150482917976,3.2838775319327183,0.002845496044307113,0.0030832377999196903,4.954511621351694,1.6020154018454986,8.432359820218316,0.2996453731573502,0.004276904923676067,0.4438819592689781,0.03057931503994157,1.0000000000000009,0.5442497583488846,8.0,2.0238252653742013,0.1303725081611043,0.421070681758882
"subtb[beta=0.25, subtb_lambda=0.9] mlp_w32 from mlp_5 {context_source=uniform, contexts=256, group=5, learning_rate=0.0001, reference=initial, ppo_epochs=1, steps=10000, reward=potts_tfbind8}",2,models/port_grid3/subtb_b0.25/seed_2/finetune_mlp_5,0.41387424747954404,0.008617906596866577,15.576453227396184,7.276966026264928,7.596454855346859,0.4135234711945715,0.5689540361348541,0.008200967993977354,0.0007184862360462996,3.2060495990868425,0.00832293895884128,0.008919454230023653,4.77075030549652,1.5573986777272422,8.628646676226053,0.30897711841241327,0.02673392460872742,0.5879741281888665,0.041614200048182774,1.0000000000000013,0.5143085373985675,16.0,2.1836974657496566,0.14125332212565322,0.40916013998894074
"subtb[beta=0.25, subtb_lambda=0.9] mlp_w32 from mlp_5 {context_source=uniform, contexts=256, group=5, learning_rate=0.0001, reference=initial, ppo_epochs=1, steps=10000, reward=potts_tfbind8}",2,models/port_grid3/subtb_b0.25/seed_2/finetune_mlp_5,0.4319953683597079,0.046685754519269984,15.534726954049205,7.13984037068719,8.046017365549861,0.4300613446002086,0.4687745652341066,0.04499106548194807,0.0033588668556643123,3.0752923778582013,0.046058960826540395,0.04834993233761238,6.837582610315653,2.098893029711685,11.006420405165622,0.4357012308046243,1.3088365771293486,2.415195774756981,0.3368383098486535,1.000000000000001,0.4396539317155163,32.0,2.674500765307212,0.1761516547420223,0.37800714936713886
"subtb[beta=0.25, subtb_lambda=0.9] mlp_w32 from mlp_5 {context_source=uniform, contexts=256, group=5, learning_rate=0.0001, reference=initial, ppo_epochs=1, steps=10000, reward=potts_tfbind8}",2,models/port_grid3/subtb_b0.25/seed_2/finetune_mlp_5,0.45299710511350033,0.11723162890553715,15.427722531778223,6.921337444631739,8.605708393341434,0.4496858499768971,0.3784717123366966,0.11118731635249637,0.008427651865766786,2.904014581905219,0.11423834412506688,0.11961496821826316,5.145967662026161,1.5228279155834437,14.65117062613974,0.6149849606015894,2.5711566708101175,2.5761561412719973,0.763342256209172,1.000000000000001,0.36791055806614803,64.0,3.2710909772522503,0.2201612695014316,0.3448480935743873
"subtb[beta=0.25, subtb_lambda=0.9] mlp_w32 from mlp_5 {context_source=uniform, contexts=256, group=5, learning_rate=0.0001, reference=initial, ppo_epochs=1, steps=10000, reward=potts_tfbind8}",2,models/port_grid3/subtb_b0.25/seed_2/finetune_mlp_5,0.48144291909578807,0.19600707646935328,15.34713835858352,6.781093784631484,9.24231597373474,0.47710548033854616,0.26582401506599546,0.16902017178305478,0.014569093347021611,2.5495463804302743,0.18324210960806686,0.1835892651300764,4.456094634778306,1.3107671545585045,15.559138853162798,0.6614547373428875,3.0311976645700796,2.8571864883243423,0.873623990111689,1.000000000000001,0.2777624284508222,128.0,4.051763613284252,0.2761295819995835,0.29639879286517945
"subtb[beta=0.25, subtb_lambda=0.9] mlp_w32 from mlp_5 {context_source=uniform, contexts=256, group=5, learning_rate=0.0001, reference=initial, ppo_epochs=1, steps=10000, reward=potts_tfbind8}",2,models/port_grid3/subtb_b0.25/seed_2/finetune_mlp_5,0.5100437325897356,0.29650313451138877,15.20362674908791,6.595881669518616,9.85475121377376,0.5014519578296804,0.18491125778760042,0.22163760654974368,0.021511650296967888,2.2849307832711796,0.25574621939584674,0.24314925684671157,3.5878956190453177,1.0525649492813038,16.112155580356827,0.6888922557001552,3.4374966034086274,2.781673187166409,0.9398703261295821,1.000000000000001,0.19715772822884692,256.0,4.725537651158293,0.3282367784449548,0.24775338691966498
"subtb[beta=0.25, subtb_lambda=0.9] mlp_w32 from mlp_5 {context_source=uniform, contexts=256, group=5, learning_rate=0.0001, reference=initial, ppo_epochs=1, steps=10000, reward=potts_tfbind8}",2,models/port_grid3/subtb_b0.25/seed_2/finetune_mlp_5,0.5294745058527134,0.3814141743068943,15.020038529055144,6.4128096375874275,10.373841591631448,0.5216437127720279,0.13758997184890137,0.28280513836472615,0.028454631577541634,2.130184891626061,0.3349238337986239,0.3112597699422678,3.0519718497959514,0.8636991053521936,16.386180135024485,0.701445312856813,3.6344781583753694,2.6311694456813517,0.970221286318397,1.0000000000000009,0.14656274816720144,500.0,5.255312856417778,0.37382875787274183,0.20909075681077877
"subtb[beta=0.25, subtb_lambda=0.9] mlp_w32 from mlp_5 {context_source=uniform, contexts=256, group=5, learning_rate=0.0001, reference=initial, ppo_epochs=1, steps=10000, reward=potts_tfbind8}",2,models/port_grid3/subtb_b0.25/seed_2/finetune_mlp_5,0.5264091293200517,0.3658567055551347,15.03688788612884,6.427666182255635,10.325093859290163,0.5193852031313236,0.1396518445130319,0.27713026328721974,0.02851704365295188,2.142064639791492,0.3251073698743301,0.3056473069401716,3.100738053527477,0.8828388517461572,16.347080390891268,0.6993631077463686,3.598215671558046,2.6122387000986915,0.9656239181345438,1.0000000000000009,0.1489332173282304,512.0,5.189836238962282,0.36857533913461193,0.21128886590303503
"subtb[beta=0.25, subtb_lambda=0.9] mlp_w32 from mlp_5 {context_source=uniform, contexts=256, group=5, learning_rate=0.0001, reference=initial, ppo_epochs=1, steps=10000, reward=potts_tfbind8}",2,models/port_grid3/subtb_b0.25/seed_2/finetune_mlp_5,0.543445845542613,0.44314189025146744,14.937799666522112,6.327244823010905,10.745032532357447,0.5383442558775573,0.10927269574382648,0.3339130209624185,0.03402300761902788,1.9849498980684808,0.39785055554958815,0.36793602858144636,2.6021890239895726,0.683377714391387,16.614494525248535,0.7114996522270044,3.8145269183295647,2.504031612788583,0.9936845091673342,1.0000000000000009,0.1166917347366653,1000.0,5.680489929933014,0.4070220680974595,0.18402581082079633
"subtb[beta=0.25, subtb_lambda=0.9] mlp_w32 from mlp_5 {context_source=uniform, contexts=256, group=5, learning_rate=0.0001, reference=initial, ppo_epochs=1, steps=10000, reward=potts_tfbind8}",2,models/port_grid3/subtb_b0.25/seed_2/finetune_mlp_5,0.5387434401369449,0.4254823218267061,14.932271479195666,6.312549781401971,10.660513148326903,0.5327309513834733,0.11196726681007552,0.322304626317121,0.03401106314777097,2.0289404702780995,0.37928294632666815,0.35631568946489195,2.5708306893173303,0.6673066886754917,16.608419123806645,0.7109050968788226,3.808359156647229,2.4595878267628843,0.9928110390907153,1.000000000000001,0.11925397152138364,1024.0,5.545536089078971,0.3977568333109631,0.18623883714118722
"subtb[beta=0.25, subtb_lambda=0.9] mlp_w32 from mlp_5 {context_source=uniform, contexts=256, group=5, learning_rate=0.0001, reference=initial, ppo_epochs=1, steps=10000, reward=potts_tfbind8}",2,models/port_grid3/subtb_b0.25/seed_2/finetune_mlp_5,0.5507445767187185,0.47633191552077625,14.856466161793595,6.272459357225818,10.887732059691466,0.5439067154160121,0.09927402647115471,0.3540158300882973,0.03581940668963779,1.9468584368019337,0.42267422302769975,0.3898352367779351,2.4563841461014713,0.6141972977233296,16.64483526922974,0.7120634742034724,3.8481658408976873,2.3827791393493647,0.9953037240829377,1.0000000000000009,0.10584052038127285,1500.0,5.799806972251438,0.41980267543958427,0.17186683139728348
"subtb[beta=0.25, subtb_lambda=0.9] mlp_w32 from mlp_5 {context_source=uniform, contexts=256, group=5, learning_rate=0.0001, reference=initial, ppo_epochs=1, steps=10000, reward=potts_tfbind8}",2,models/port_grid3/subtb_b0.25/seed_2/finetune_mlp_5,0.549225902037909,0.47096315005396394,14.832705666397112,6.240287981886905,10.884570336485046,0.5420211201213109,0.09618744176761596,0.3534876503981095,0.03722928323511243,1.9521007925203628,0.4182364881546078,0.3907169336332219,2.4136873841612148,0.6043610462659019,16.649572645730583,0.7122933974275073,3.847327904778738,2.3577477752938694,0.9964644238556581,1.0000000000000009,0.10219321630978578,2000.0,5.765900540159983,0.41818490655062124,0.16756443370037727
"subtb[beta=0.25, subtb_lambda=0.9] mlp_w32 from mlp_5 {context_source=uniform, contexts=256, group=5, learning_rate=0.0001, reference=initial, ppo_epochs=1, steps=10000, reward=potts_tfbind8}",2,models/port_grid3/subtb_b0.25/seed_2/finetune_mlp_5,0.5512604463982878,0.4833797863722648,14.818623450456618,6.23183253703494,10.94861236085686,0.5453464610783358,0.09549887089316597,0.36450479476516645,0.03695747431170787,1.9483187659658638,0.4330942492462688,0.4014622690768743,2.4245172238372668,0.6044448633971684,16.647718991699556,0.7121482779736161,3.845512859404934,2.3598471313904765,0.9958823604755248,1.000000000000001,0.10104047130849433,2048.0,5.850886266760489,0.42501538320649,0.16658458984480645
"subtb[beta=0.25, subtb_lambda=0.9] mlp_w32 from mlp_5 {context_source=uniform, contexts=256, group=5, learning_rate=0.0001, reference=initial, ppo_epochs=1, steps=10000, reward=potts_tfbind8}",2,models/port_grid3/subtb_b0.25/seed_2/finetune_mlp_5,0.5471067869328456,0.4559173018568474,14.85525924667788,6.261029264052215,10.850885967850802,0.5410121509346455,0.09536267649228586,0.34655956073027594,0.03628656919638251,1.9424548520503646,0.4094153761101954,0.38284612992665845,2.4589478996094316,0.6100611198456135,16.64333698202616,0.7118980553460119,3.8379211002024762,2.379989841611808,0.9949762383564688,1.000000000000001,0.10179319642393622,2500.0,5.730832729982243,0.4143964760914574,0.1687938702838731
"subtb[beta=0.25, subtb_lambda=0.9] mlp_w32 from mlp_5 {context_source=uniform, contexts=256, group=5, learning_rate=0.0001, reference=initial, ppo_epochs=1, steps=10000, reward=potts_tfbind8}",2,models/port_grid3/subtb_b0.25/seed_2/finetune_mlp_5,0.556640226438764,0.5016020474118572,14.805788277451443,6.223307677586968,11.000851470163173,0.5478065391685678,0.0898657763645039,0.3678704142619541,0.03691013299695178,1.9124430468779026,0.4400471170783384,0.4047805472589059,2.3835065976560204,0.5856086448016004,16.66903512958813,0.7130771314613881,3.8710765034531276,2.3484265755403797,0.9977899123921984,1.0000000000000009,0.09493356181398539,3000.0,5.904446997128217,0.42930930664232403,0.1609055431022559
"subtb[beta=0.25, subtb_lambda=0.9] mlp_w32 from mlp_5 {context_source=uniform, contexts=256, group=5, learning_rate=0.0001, reference=initial, ppo_epochs=1, steps=10000, reward=potts_tfbind8}",2,models/port_grid3/subtb_b0.25/seed_2/finetune_mlp_5,0.5561183157309738,0.49525473772135375,14.813183138890304,6.233420026371878,10.997104997285275,0.5480343329758175,0.08864153326399297,0.3671093513940721,0.03609724620261623,1.8950796708128659,0.43837258170995674,0.4032065975966883,2.4401707307881413,0.6081903465723816,16.650190711161294,0.712273602075231,3.8518724596748393,2.373336805779985,0.9957411582004188,1.0000000000000009,0.09419564466507845,3500.0,5.899254743146884,0.4285598282317944,0.16058203034630614
"subtb[beta=0.25, subtb_lambda=0.9] mlp_w32 from mlp_5 {context_source=uniform, contexts=256, group=5, learning_rate=0.0001, reference=initial, ppo_epochs=1, steps=10000, reward=potts_tfbind8}",2,models/port_grid3/subtb_b0.25/seed_2/finetune_mlp_5,0.5604912532538017,0.5149333576649948,14.773451573439129,6.199115786429488,11.107017260164088,0.5528868640837958,0.08444284772326782,0.38155268763019484,0.03664496031090775,1.8683981496338713,0.46097481928398965,0.4181976479411026,2.4238284662355287,0.6018532393194667,16.665909212158194,0.7131391398289451,3.8670748181897245,2.384995007892834,0.9975472733832117,1.0000000000000009,0.08931981651940926,4000.0,6.035095334009371,0.439947524590539,0.1554211134305929
"subtb[beta=0.25, subtb_lambda=0.9] mlp_w32 from mlp_5 {context_source=uniform, contexts=256, group=5, learning_rate=0.0001, reference=initial, ppo_epochs=1, steps=10000, reward=potts_tfbind8}",2,models/port_grid3/subtb_b0.25/seed_2/finetune_mlp_5,0.5591293127732231,0.5092163266124043,14.784945436318399,6.203142104897477,11.085439951651875,0.5518237479158332,0.08575830614310898,0.380913905397331,0.036216707332390075,1.8741082586096356,0.4569527345754887,0.4171306127297211,2.429937343835431,0.5978259926296587,16.660869685455257,0.7127199282394416,3.8629142716807072,2.374167343343801,0.9964572190263369,1.000000000000001,0.09069205893896004,4096.0,6.002157308718679,0.436955843206086,0.156639606779216
"subtb[beta=0.25, subtb_lambda=0.9] mlp_w32 from mlp_5 {context_source=uniform, contexts=256, group=5, learning_rate=0.0001, reference=initial, ppo_epochs=1, steps=10000, reward=potts_tfbind8}",2,models/port_grid3/subtb_b0.25/seed_2/finetune_mlp_5,0.563312046366022,0.5312597011864402,14.778678059799189,6.1839712468409544,11.14154302216515,0.55420836784438,0.0840369067805192,0.3876230374377534,0.036454532942730045,1.8581184252829588,0.46859507842661796,0.42407757038048344,2.4554999113758793,0.6123224680053907,16.66647923760567,0.7133249211930254,3.864361333290528,2.4173968780043897,0.9975940507290653,1.0000000000000009,0.08830863516177215,4500.0,6.090083902583645,0.4430397025373526,0.15373088732314205
"subtb[beta=0.25, subtb_lambda=0.9] mlp_w32 from mlp_5 {context_source=uniform, contexts=256, group=5, learning_rate=0.0001, reference=initial, ppo_epochs=1, steps=10000, reward=potts_tfbind8}",2,models/port_grid3/subtb_b0.25/seed_2/finetune_mlp_5,0.5607398308647414,0.5153717552338946,14.773460531164728,6.196902522899839,11.117546793584168,0.5532939260855801,0.08310986061763947,0.38388283882344054,0.03602411324212851,1.8660738583761856,0.4619446005555141,0.41990695206556905,2.4101091187174655,0.5878508774405028,16.67315325201421,0.7132816410268912,3.8740197636285414,2.372861573564884,0.9976488031290579,1.0000000000000009,0.08765721443591143,5000.0,6.039267542039532,0.4402035042360868,0.15390365993949812
"subtb[beta=0.25, subtb_lambda=0.9] mlp_w32 from mlp_5 {context_source=uniform, contexts=256, group=5, learning_rate=0.0001, reference=initial, ppo_epochs=1, steps=10000, reward=potts_tfbind8}",2,models/port_grid3/subtb_b0.25/seed_2/finetune_mlp_5,0.5608919222848924,0.5107905149620289,14.768959648066923,6.202570121342736,11.153293269052146,0.5558436768152405,0.0803020823636085,0.3848929340076028,0.03596973867143549,1.826280808110429,0.46855094207396836,0.4208626726790383,2.4245297245836133,0.5901186320621419,16.67356878331266,0.7132923753759609,3.874804419776019,2.3822094693727234,0.997325282754994,1.0000000000000009,0.08532693708737302,5500.0,6.0840626544643035,0.44342802923736346,0.15078643433189962
"subtb[beta=0.25, subtb_lambda=0.9] mlp_w32 from mlp_5 {context_source=uniform, contexts=256, group=5, learning_rate=0.0001, reference=initial, ppo_epochs=1, steps=10000, reward=potts_tfbind8}",2,models/port_grid3/subtb_b0.25/seed_2/finetune_mlp_5,0.5618634823752974,0.5192133824371231,14.742048235382804,6.171018929387864,11.171247509186538,0.5553245932677537,0.08107648453168317,0.39271905272101437,0.03565207374539836,1.8517078544641281,0.47318131554405285,0.42837112646641273,2.452621529386488,0.6079895283190907,16.66611706887567,0.713197446520129,3.862139077364101,2.4097102213530555,0.997285365369471,1.0000000000000009,0.08546875052385955,6000.0,6.083249450358673,0.4448712029059056,0.15064459737089617
"subtb[beta=0.25, subtb_lambda=0.9] mlp_w32 from mlp_5 {context_source=uniform, contexts=256, group=5, learning_rate=0.0001, reference=initial, ppo_epochs=1, steps=10000, reward=potts_tfbind8}",2,models/port_grid3/subtb_b0.25/seed_2/finetune_mlp_5,0.5658908844543492,0.5359863556605841,14.737548230866134,6.171310548884552,11.213700156064608,0.557818182378812,0.07938176558674856,0.39837998185630336,0.03527402758411352,1.8285053766755461,0.481986293355396,0.4336540094404169,2.426360462414697,0.5950098693830338,16.67114889693978,0.713272355184345,3.8714832881027506,2.3872605720083717,0.9975298214542099,1.0000000000000009,0.0836605666156821,6500.0,6.142177392680147,0.449201656778287,0.14929262638955873
"subtb[beta=0.25, subtb_lambda=0.9] mlp_w32 from mlp_5 {context_source=uniform, contexts=256, group=5, learning_rate=0.0001, reference=initial, ppo_epochs=1, steps=10000, reward=potts_tfbind8}",2,models/port_grid3/subtb_b0.25/seed_2/finetune_mlp_5,0.5658725127653389,0.537520301923895,14.71966296530744,6.160931846916235,11.214471713490532,0.5573795467714775,0.07883644652039881,0.39738926246527156,0.0354836072844098,1.8385276421968442,0.4813680126022013,0.43287286974968137,2.348734778635536,0.5543616046797589,16.68817458050144,0.7136045884092536,3.892734723123063,2.3236446050425332,0.9984239703822864,1.0000000000000007,0.08284939650600778,7000.0,6.1326599177056975,0.4496107713168159,0.14712564951246554
"subtb[beta=0.25, subtb_lambda=0.9] mlp_w32 from mlp_5 {context_source=uniform, contexts=256, group=5, learning_rate=0.0001, reference=initial, ppo_epochs=1, steps=10000, reward=potts_tfbind8}",2,models/port_grid3/subtb_b0.25/seed_2/finetune_mlp_5,0.5636410005029561,0.5230528584379488,14.747629488054299,6.186841409041717,11.190267969536482,0.5571352720094929,0.07877930772982362,0.3919041088494931,0.03491027443456618,1.8336753103290182,0.4757451833155334,0.4268143832840593,2.3164460112279897,0.5356869766915979,16.696921657148494,0.7138349322212729,3.904845235869444,2.3004303289472583,0.9989969883754781,1.0000000000000009,0.08327750320785177,7500.0,6.121339813001724,0.4475565251294442,0.1492098002250954
"subtb[beta=0.25, subtb_lambda=0.9] mlp_w32 from mlp_5 {context_source=uniform, contexts=256, group=5, learning_rate=0.0001, reference=initial, ppo_epochs=1, steps=10000, reward=potts_tfbind8}",2,models/port_grid3/subtb_b0.25/seed_2/finetune_mlp_5,0.5652239808113719,0.5347532316496968,14.729748716530729,6.161294993796625,11.205189959493708,0.5567774991892622,0.07790884546913966,0.394045358974806,0.03520882983198864,1.8328470998130335,0.47809483307092215,0.42925418880679467,2.4065336431732267,0.5807792861732421,16.673659571628214,0.7131415007406363,3.874676057753775,2.3632896559663332,0.997263860599022,1.0000000000000009,0.0818966554739351,8000.0,6.127937209232015,0.4484923790710541,0.14760543202203052
"subtb[beta=0.25, subtb_lambda=0.9] mlp_w32 from mlp_5 {context_source=uniform, contexts=256, group=5, learning_rate=0.0001, reference=initial, ppo_epochs=1, steps=10000, reward=potts_tfbind8}",2,models/port_grid3/subtb_b0.25/seed_2/finetune_mlp_5,0.5649197381474033,0.5326416586829947,14.722374679703504,6.161748547603093,11.216482618717734,0.5575107685922485,0.07748094076281889,0.3956914657039285,0.035110580292362525,1.8285417268610928,0.4803503551621561,0.430802045996291,2.3288680279089453,0.5426605095135366,16.69510690775931,0.7138142072932995,3.9021904842381008,2.3094446170645986,0.9987825382824168,1.000000000000001,0.08132901275916321,8500.0,6.128355327461058,0.4490458711957854,0.1459232414385156
"subtb[beta=0.25, subtb_lambda=0.9] mlp_w32 from mlp_5 {context_source=uniform, contexts=256, group=5, learning_rate=0.0001, reference=initial, ppo_epochs=1, steps=10000, reward=potts_tfbind8}",2,models/port_grid3/subtb_b0.25/seed_2/finetune_mlp_5,0.5707795175072989,0.5557139813419271,14.72887203827516,6.164841031785821,11.304211395051272,0.5627076105348805,0.07568906959667424,0.409977004584555,0.03517863918861408,1.7959955986722547,0.5002491309534722,0.4451556437731691,2.4253469833939114,0.5883314012539231,16.683715930292333,0.7138696296563469,3.885623351513635,2.400430603865148,0.9984349010418334,1.0000000000000009,0.07929559446709475,9000.0,6.2675724578037375,0.4583674211999869,0.14418160158599327
"subtb[beta=0.25, subtb_lambda=0.9] mlp_w32 from mlp_5 {context_source=uniform, contexts=256, group=5, learning_rate=0.0001, reference=initial, ppo_epochs=1, steps=10000, reward=potts_tfbind8}",2,models/port_grid3/subtb_b0.25/seed_2/finetune_mlp_5,0.5690534808739512,0.5478326660889186,14.717368782348835,6.15519071142303,11.297463523668005,0.5618911216893552,0.07519886187091926,0.40848996268847937,0.034866281297633694,1.803472895484217,0.4980753813000146,0.44335624398611306,2.4059587009328873,0.5817270700967433,16.6833699614525,0.7137759534476498,3.8848387314029176,2.3807886116807513,0.998418820963958,1.0000000000000009,0.07880881265945365,9500.0,6.23748270856996,0.45699247406042925,0.14331483695452352
"subtb[beta=0.25, subtb_lambda=0.9] mlp_w32 from mlp_5 {context_source=uniform, contexts=256, group=5, learning_rate=0.0001, reference=initial, ppo_epochs=1, steps=10000, reward=potts_tfbind8}",2,models/port_grid3/subtb_b0.25/seed_2/finetune_mlp_5,0.5675304706231435,0.5404280827087308,14.722514476900617,6.158459915940701,11.264591485440105,0.5600764004010022,0.07548792433461544,0.40315500920422703,0.03459030753267073,1.8060572521475116,0.4900754939160832,0.43774531673689776,2.3577945322571923,0.5619700274972148,16.68905873214759,0.7138356789995763,3.8951294031730477,2.3423310623840443,0.9990316947915631,1.0000000000000009,0.07902693483249748,10000.0,6.1999163429207504,0.4538244288673852,0.14375219925805588
"subtb[beta=0.5, subtb_lambda=0.9] mlp_w32 from mlp_5 {context_source=uniform, contexts=256, group=5, learning_rate=0.0001, reference=initial, ppo_epochs=1, steps=10000, reward=potts_tfbind8}",1,models/port_grid3/subtb_b0.5/seed_1/finetune_mlp_5,0.40089774494688835,0.0,15.58400929863198,7.3350796144291905,7.274364485999048,0.40059227009566606,2.2007286308340355,0.0,0.0,3.3845174252188786,0.0,0.0,4.896481007458549,1.5766628960892644,8.347072093028896,0.2951274947079451,0.0,0.36194497535363446,0.02441464572044008,1.0000000000000013,2.4505464727693775,0.0,1.8270649549340976,0.11713328142727052,0.7909839602924758
"subtb[beta=0.5, subtb_lambda=0.9] mlp_w32 from mlp_5 {context_source=uniform, contexts=256, group=5, learning_rate=0.0001, reference=initial, ppo_epochs=1, steps=10000, reward=potts_tfbind8}",1,models/port_grid3/subtb_b0.5/seed_1/finetune_mlp_5,0.40184386318807336,8.287889373986661e-05,15.586537344542537,7.336024109551196,7.295932225973737,0.40163999327530475,2.1867892643698816,7.908419666046015e-05,8.886400687282327e-06,3.3734090050234635,7.914318902749792e-05,8.797059734774248e-05,4.91751740776672,1.5845856090399095,8.358597357668492,0.2957582624838112,0.00012886643776034625,0.37302723598393495,0.025218219771514495,1.0000000000000013,2.43984174597106,1.0,1.851933571833295,0.11879063360908003,0.7894648416006368
"subtb[beta=0.5, subtb_lambda=0.9] mlp_w32 from mlp_5 {context_source=uniform, contexts=256, group=5, learning_rate=0.0001, reference=initial, ppo_epochs=1, steps=10000, reward=potts_tfbind8}",1,models/port_grid3/subtb_b0.5/seed_1/finetune_mlp_5,0.40271663368359467,0.000304924128038181,15.588461309788926,7.336127108614335,7.317719486116086,0.40266245356488417,2.173380224318281,0.0002993296303163166,3.0409062294789783e-05,3.362627787449765,0.00029975539860174283,0.00032973869261110637,4.935995162492992,1.5902023064865511,8.384710014033057,0.2970847947840428,0.0005789123135671133,0.40469691051910106,0.02761756833924532,1.000000000000001,2.429168728109458,2.0,1.8764847057073921,0.12043427649397072,0.7879571551761202
"subtb[beta=0.5, subtb_lambda=0.9] mlp_w32 from mlp_5 {context_source=uniform, contexts=256, group=5, learning_rate=0.0001, reference=initial, ppo_epochs=1, steps=10000, reward=potts_tfbind8}",1,models/port_grid3/subtb_b0.5/seed_1/finetune_mlp_5,0.4044567489956974,0.0010449937307708077,15.590238932185814,7.331613561957598,7.363666556977854,0.4046164235395582,2.1449534969464126,0.0010423271751311587,9.925623867691833e-05,3.339012237585487,0.0010453220252276182,0.001141583413808077,4.945443106220825,1.5953617639442526,8.410099376752797,0.29841051762929005,0.0017954658803593891,0.4268046514263344,0.029280388774843704,1.0000000000000013,2.4069407593052015,4.0,1.92746702948997,0.12385418738986063,0.7848055813810542
"subtb[beta=0.5, subtb_lambda=0.9] mlp_w32 from mlp_5 {context_source=uniform, contexts=256, group=5, learning_rate=0.0001, reference=initial, ppo_epochs=1, steps=10000, reward=potts_tfbind8}",1,models/port_grid3/subtb_b0.5/seed_1/finetune_mlp_5,0.4080023494972577,0.003711038595899093,15.592949447950282,7.3219334333174935,7.459027636281839,0.40873879803557733,2.088129732025293,0.003821812884903959,0.00034954564922000213,3.2918665752484975,0.0038468921038301972,0.004171358534123961,5.576906018007429,1.7825736006046382,8.545128247358905,0.3063023611159459,0.03453770293221925,0.6520384407662774,0.046763602519115315,1.000000000000001,2.3620617897318112,8.0,2.034240245839857,0.13104383901118735,0.7782572960161708
"subtb[beta=0.5, subtb_lambda=0.9] mlp_w32 from mlp_5 {context_source=uniform, contexts=256, group=5, learning_rate=0.0001, reference=initial, ppo_epochs=1, steps=10000, reward=potts_tfbind8}",1,models/port_grid3/subtb_b0.5/seed_1/finetune_mlp_5,0.4153688869931837,0.012520160230267006,15.587765536972384,7.284267139218697,7.654128299653031,0.41661868396488366,1.9783668561723042,0.013085407271180122,0.0011084861480849927,3.2015500084157416,0.013256379908056753,0.014193893419265115,5.6026349795350985,1.7958832219081824,8.80534429203983,0.3193407376907512,0.06595343039687183,0.8982195635973514,0.06746624129987669,1.0000000000000013,2.27392094585044,16.0,2.249381799771636,0.14569258912789476,0.7650890916166178
"subtb[beta=0.5, subtb_lambda=0.9] mlp_w32 from mlp_5 {context_source=uniform, contexts=256, group=5, learning_rate=0.0001, reference=initial, ppo_epochs=1, steps=10000, reward=potts_tfbind8}",1,models/port_grid3/subtb_b0.5/seed_1/finetune_mlp_5,0.4323048868745858,0.05255984302136128,15.540188216446143,7.138237801392245,8.101639444966743,0.4328754139737529,1.7803836809282587,0.05354079797788756,0.0039873582449244035,3.069179453541721,0.054504082899197025,0.05752815622281196,6.877784464375661,2.1093673617569415,10.890758580059423,0.42996635196820515,1.2806435227308821,2.4036949933784495,0.3241485733268239,1.000000000000001,2.0914130761847263,32.0,2.732976682274004,0.1800371182166865,0.7351066478757431
"subtb[beta=0.5, subtb_lambda=0.9] mlp_w32 from mlp_5 {context_source=uniform, contexts=256, group=5, learning_rate=0.0001, reference=initial, ppo_epochs=1, steps=10000, reward=potts_tfbind8}",1,models/port_grid3/subtb_b0.5/seed_1/finetune_mlp_5,0.47978143455113187,0.25246654985006944,15.275147425556675,6.732117717942089,9.230698984907665,0.47693180991359707,1.4251624025995937,0.2457186148499569,0.017336477279117773,2.8388228827941955,0.25136644663764096,0.2630550921290747,3.662640741951351,1.0251325476731596,15.975152145493409,0.6812864762613765,3.4297453710685413,2.679519382588816,0.9258953255480707,1.0000000000000009,1.723745669952709,64.0,3.999074138057839,0.27905355984318214,0.6533879521177497
"subtb[beta=0.5, subtb_lambda=0.9] mlp_w32 from mlp_5 {context_source=uniform, contexts=256, group=5, learning_rate=0.0001, reference=initial, ppo_epochs=1, steps=10000, reward=potts_tfbind8}",1,models/port_grid3/subtb_b0.5/seed_1/finetune_mlp_5,0.5546604496920006,0.6061210590864622,14.799260992987067,6.274776328958598,10.812198833725917,0.5474276352588436,0.9485355283858876,0.5541575017652329,0.036021589521937014,2.359900337056836,0.5752946367462004,0.5901790912871699,2.2581557877218983,0.501629439691909,16.709568256090847,0.7143924169219195,4.009100704138967,2.234125509542002,0.9984950793140684,1.0000000000000009,1.256923935652142,128.0,5.835909953750536,0.42946560091985775,0.537465588901319
"subtb[beta=0.5, subtb_lambda=0.9] mlp_w32 from mlp_5 {context_source=uniform, contexts=256, group=5, learning_rate=0.0001, reference=initial, ppo_epochs=1, steps=10000, reward=potts_tfbind8}",1,models/port_grid3/subtb_b0.5/seed_1/finetune_mlp_5,0.6265679261713109,1.018559205966697,14.13191000468492,5.724762069055343,12.420259788949947,0.6166060390777417,0.5759733230730193,0.8478880496363672,0.065548083423707,1.9373779156452646,0.9256439805144987,0.9134361330600742,3.145264051423882,0.7793052721701165,16.86807418997921,0.7280270834161388,4.888815528392143,3.1435014896513835,0.999889821782179,1.0000000000000009,0.8032428018084221,256.0,7.439378750593915,0.5755583453323055,0.42201660221211246
"subtb[beta=0.5, subtb_lambda=0.9] mlp_w32 from mlp_5 {context_source=uniform, contexts=256, group=5, learning_rate=0.0001, reference=initial, ppo_epochs=1, steps=10000, reward=potts_tfbind8}",1,models/port_grid3/subtb_b0.5/seed_1/finetune_mlp_5,0.676512318646767,1.3784604268888776,13.216594214495927,5.177122623488867,13.673847057459994,0.6674551514594366,0.36375703788185776,1.1128717645180592,0.10026347373079458,1.6943771682580524,1.2467538241783496,1.2131352382488538,3.1057218206528496,0.7937624487079566,16.897974439117224,0.7292569975157164,4.858258531111685,3.1048730951577572,0.9999469485532824,1.0000000000000007,0.49755901121725293,500.0,8.192406060357104,0.6819064061691992,0.32585930264338336
"subtb[beta=0.5, subtb_lambda=0.9] mlp_w32 from mlp_5 {context_source=uniform, contexts=256, group=5, learning_rate=0.0001, reference=initial, ppo_epochs=1, steps=10000, reward=potts_tfbind8}",1,models/port_grid3/subtb_b0.5/seed_1/finetune_mlp_5,0.6826137512415038,1.4232386595913904,13.128135830429958,5.130978899754415,13.797797995310127,0.6734918388918905,0.3499008943484761,1.1461230958743598,0.10194803217945081,1.6739453933733255,1.2883321330897164,1.2480711280538106,3.1615719321998803,0.8142170560745906,16.91121843792323,0.7304340955560833,4.92121923027074,3.1607945231361536,0.9999514069245042,1.0000000000000004,0.4771618512035472,512.0,8.266272124535867,0.6923351762071912,0.3189865776903872
"subtb[beta=0.5, subtb_lambda=0.9] mlp_w32 from mlp_5 {context_source=uniform, contexts=256, group=5, learning_rate=0.0001, reference=initial, ppo_epochs=1, steps=10000, reward=potts_tfbind8}",1,models/port_grid3/subtb_b0.5/seed_1/finetune_mlp_5,0.7104471955735356,1.6641622436040944,12.295794777769615,4.683995871562496,14.674654313828793,0.7079246799217619,0.2486199805929049,1.4287725542620833,0.13310155368367416,1.5425786363624416,1.559658527584086,1.5618741079457574,2.9702296193553694,0.753582753432353,16.934433079725395,0.7303618102218293,4.890554034470153,2.969998027676136,0.9999855250273983,1.0000000000000007,0.31006008643858685,1000.0,8.614472129092864,0.7673684826815843,0.2487154296426516
"subtb[beta=0.5, subtb_lambda=0.9] mlp_w32 from mlp_5 {context_source=uniform, contexts=256, group=5, learning_rate=0.0001, reference=initial, ppo_epochs=1, steps=10000, reward=potts_tfbind8}",1,models/port_grid3/subtb_b0.5/seed_1/finetune_mlp_5,0.7117965239651481,1.6704287870112118,12.299152969206819,4.680391429134047,14.716147851573368,0.7104493276053891,0.24291420173937098,1.4421052918470991,0.13572159871541323,1.5216360320387246,1.5732261451656646,1.5778268905625124,3.009399125591264,0.7671366457318824,16.94629446803004,0.7312704162332305,4.947180513066111,3.0091601873687823,0.9999850658518541,1.0000000000000004,0.30288093514787695,1024.0,8.663268989996919,0.7702743167759475,0.24564577299312898
"subtb[beta=0.5, subtb_lambda=0.9] mlp_w32 from mlp_5 {context_source=uniform, contexts=256, group=5, learning_rate=0.0001, reference=initial, ppo_epochs=1, steps=10000, reward=potts_tfbind8}",1,models/port_grid3/subtb_b0.5/seed_1/finetune_mlp_5,0.7198550842722995,1.7323664966478534,12.12467842653427,4.583315519126954,14.952951232563557,0.7206825443125128,0.21028770878223493,1.518999615360889,0.1552241861869379,1.4467185124711615,1.6439693834800484,1.6742238015478268,2.9866793547608497,0.7572702350954097,16.9471510933329,0.7311945956547234,4.945227890621398,2.986509818624457,0.9999894037524881,1.0000000000000004,0.25522248296716377,1500.0,8.789515799335927,0.7894246525536854,0.2264143515442925
"subtb[beta=0.5, subtb_lambda=0.9] mlp_w32 from mlp_5 {context_source=uniform, contexts=256, group=5, learning_rate=0.0001, reference=initial, ppo_epochs=1, steps=10000, reward=potts_tfbind8}",1,models/port_grid3/subtb_b0.5/seed_1/finetune_mlp_5,0.7257436162839079,1.7695437560369804,11.988600756190596,4.516622013836831,15.077482366253765,0.7256176157714147,0.19189223235503042,1.5645105988252979,0.16595465212496685,1.4038353519691933,1.6832653285215162,1.7304652509502647,3.025442603505521,0.7760493993501751,17.00733166229872,0.7351382387218011,5.145463638896218,3.025338452762175,0.9999934904916626,1.0000000000000002,0.2322528611635333,2000.0,8.795410671401758,0.7984048995136885,0.21320206838288633
"subtb[beta=0.5, subtb_lambda=0.9] mlp_w32 from mlp_5 {context_source=uniform, contexts=256, group=5, learning_rate=0.0001, reference=initial, ppo_epochs=1, steps=10000, reward=potts_tfbind8}",1,models/port_grid3/subtb_b0.5/seed_1/finetune_mlp_5,0.7334324278527687,1.8347418109717175,11.90298827201636,4.468955584912232,15.180383286663327,0.7305085282470027,0.1887172545152097,1.605053894349552,0.16911984353352638,1.3952457346668625,1.7270986336436496,1.7741737378830784,3.108965116551249,0.8212197271622489,17.030937231592233,0.737348804342223,5.256055636952256,3.108881539205316,0.9999947763690167,1.0000000000000002,0.22463570608088274,2048.0,8.84943328772874,0.8072743391104895,0.21104101141903653
"subtb[beta=0.5, subtb_lambda=0.9] mlp_w32 from mlp_5 {context_source=uniform, contexts=256, group=5, learning_rate=0.0001, reference=initial, ppo_epochs=1, steps=10000, reward=potts_tfbind8}",1,models/port_grid3/subtb_b0.5/seed_1/finetune_mlp_5,0.7290489923911491,1.8133054448846133,11.776299099273968,4.402951030106322,15.244265436223229,0.7312862882101876,0.18262588181793432,1.6619547598724962,0.17665555899770125,1.3987043385976976,1.7471454005550842,1.8386103188701974,2.927265797891275,0.7338767715507114,17.006509120654616,0.7340884107328789,5.092827811706419,2.927201850552862,0.9999960032521649,1.0000000000000002,0.21274139821235952,2500.0,8.842299232032092,0.8148024742322746,0.20959986639649847
"subtb[beta=0.5, subtb_lambda=0.9] mlp_w32 from mlp_5 {context_source=uniform, contexts=256, group=5, learning_rate=0.0001, reference=initial, ppo_epochs=1, steps=10000, reward=potts_tfbind8}",1,models/port_grid3/subtb_b0.5/seed_1/finetune_mlp_5,0.7362028115097804,1.865996762259762,11.71933022558661,4.371288812897239,15.36219928652141,0.7376844533098422,0.16930348301607043,1.7063410894981665,0.18100693193013861,1.3429859236276918,1.7904533947391184,1.8873480214283052,3.011240944794995,0.7834381321831458,17.075639752262617,0.739261757378524,5.372897777275583,3.0111667013651253,0.9999953597384587,1.0000000000000004,0.19708246724730655,3000.0,8.912836298705606,0.8229241381957043,0.19691600099125964
"subtb[beta=0.5, subtb_lambda=0.9] mlp_w32 from mlp_5 {context_source=uniform, contexts=256, group=5, learning_rate=0.0001, reference=initial, ppo_epochs=1, steps=10000, reward=potts_tfbind8}",1,models/port_grid3/subtb_b0.5/seed_1/finetune_mlp_5,0.7373420415897188,1.8750981833917435,11.688950427864226,4.366922734427646,15.340133611951288,0.7358882750645486,0.17113138174897655,1.696108073695555,0.1820153816717791,1.3437536052227739,1.779365665018355,1.878123455367334,2.8947115842474935,0.7358225837521108,17.082704529364307,0.7389043261219146,5.35478994570788,2.894664648170493,0.9999970664752059,1.0000000000000002,0.19702757481160832,3500.0,8.884756926794191,0.8230428767965386,0.20344626290693119
"subtb[beta=0.5, subtb_lambda=0.9] mlp_w32 from mlp_5 {context_source=uniform, contexts=256, group=5, learning_rate=0.0001, reference=initial, ppo_epochs=1, steps=10000, reward=potts_tfbind8}",1,models/port_grid3/subtb_b0.5/seed_1/finetune_mlp_5,0.739362982374127,1.8911811902799032,11.594384588040533,4.322473704361004,15.40692309160417,0.7382432601412163,0.1619204652808363,1.7139625163392131,0.18551845449691307,1.3287396823046713,1.8022731190578303,1.8994809708361262,2.985947123148038,0.7762825585695134,17.105959013950105,0.7410018650893089,5.48087899482361,2.9858930374556807,0.9999966196177569,1.0000000000000004,0.1865402890246431,4000.0,8.836430960466569,0.8258950882756053,0.19625742869926305
"subtb[beta=0.5, subtb_lambda=0.9] mlp_w32 from mlp_5 {context_source=uniform, contexts=256, group=5, learning_rate=0.0001, reference=initial, ppo_epochs=1, steps=10000, reward=potts_tfbind8}",1,models/port_grid3/subtb_b0.5/seed_1/finetune_mlp_5,0.7437724303656806,1.9184106854639287,11.578540742934626,4.30970438950126,15.484289106938126,0.7430108669154989,0.15748433879731866,1.7489168188376718,0.18609190396020137,1.3059903778333335,1.8351322855118526,1.9350087227978732,3.055145246208644,0.8152623775212535,17.14634339820575,0.7440850860311983,5.645819096359264,3.055088854498094,0.9999964754873885,1.0000000000000004,0.18071644781168425,4096.0,8.911016337623161,0.8317199661595714,0.18574554653913894
"subtb[beta=0.5, subtb_lambda=0.9] mlp_w32 from mlp_5 {context_source=uniform, contexts=256, group=5, learning_rate=0.0001, reference=initial, ppo_epochs=1, steps=10000, reward=potts_tfbind8}",1,models/port_grid3/subtb_b0.5/seed_1/finetune_mlp_5,0.7460073541686563,1.945100013193955,11.434387733002598,4.250809257261068,15.575828911049962,0.7468595413605976,0.15599497960120592,1.7904034384934329,0.18898057691284698,1.3031968791876838,1.8751326694808486,1.9793840154062798,2.9796031073628186,0.7797012458465258,17.15445979367852,0.7440582877379546,5.663618857848632,2.9795474914017253,0.9999965239701937,1.0000000000000007,0.17494692972476245,4500.0,8.882321206480924,0.8390678809594434,0.1838568607488653
"subtb[beta=0.5, subtb_lambda=0.9] mlp_w32 from mlp_5 {context_source=uniform, contexts=256, group=5, learning_rate=0.0001, reference=initial, ppo_epochs=1, steps=10000, reward=potts_tfbind8}",1,models/port_grid3/subtb_b0.5/seed_1/finetune_mlp_5,0.7507911666526186,1.9792312217508712,11.416015721304788,4.245995128680543,15.616434630585582,0.7493226421230061,0.14969541419867072,1.7897020040233105,0.18742564066542067,1.2773367226642178,1.888863793828594,1.9771276446887311,3.0478795203550275,0.8244891628370098,17.219096537996265,0.7489257952885863,5.9562995182971905,3.0478214652204865,0.9999963715257462,1.0000000000000004,0.16837519430470205,5000.0,8.873336926577663,0.8396232415563121,0.17541655078241025
"subtb[beta=0.5, subtb_lambda=0.9] mlp_w32 from mlp_5 {context_source=uniform, contexts=256, group=5, learning_rate=0.0001, reference=initial, ppo_epochs=1, steps=10000, reward=potts_tfbind8}",1,models/port_grid3/subtb_b0.5/seed_1/finetune_mlp_5,0.7486049225325723,1.959064171987472,11.414781927601423,4.245250874740816,15.635052124545252,0.7502741305145251,0.14648733806695313,1.7988697555220081,0.18581579436952445,1.267639096738347,1.894385339582532,1.9846855498915326,3.062173051738693,0.8219265546062792,17.202005019002083,0.7478072545196053,5.913686385215352,3.0621211669490673,0.9999967571819915,1.0000000000000002,0.1645879930788003,5500.0,8.905672334834618,0.8418186674068688,0.1759412644400419
"subtb[beta=0.5, subtb_lambda=0.9] mlp_w32 from mlp_5 {context_source=uniform, contexts=256, group=5, learning_rate=0.0001, reference=initial, ppo_epochs=1, steps=10000, reward=potts_tfbind8}",1,models/port_grid3/subtb_b0.5/seed_1/finetune_mlp_5,0.7493342720616329,1.9685773257785635,11.453671723012134,4.254266086651262,15.586482613913743,0.747239520016775,0.14767948352699004,1.7689839043378726,0.18424685986618083,1.283462265245125,1.8716084947239968,1.9532307642040534,3.1243696366871623,0.8423289210003088,17.185752670341532,0.7471487110023176,5.867058151475147,3.124320785858413,0.9999969468062242,1.0000000000000004,0.16609590353602594,6000.0,8.889234798130857,0.838209677367636,0.17864864452614507
"subtb[beta=0.5, subtb_lambda=0.9] mlp_w32 from mlp_5 {context_source=uniform, contexts=256, group=5, learning_rate=0.0001, reference=initial, ppo_epochs=1, steps=10000, reward=potts_tfbind8}",1,models/port_grid3/subtb_b0.5/seed_1/finetune_mlp_5,0.7540192631440682,2.018064278906077,11.333388395247155,4.186810629089744,15.695503670449533,0.7515743133784419,0.14502330066073787,1.8437992644738643,0.18788170083684497,1.277722407872588,1.9187620288786782,2.0316809653107093,3.0647593397836608,0.8316647621324532,17.2268781396816,0.749472324424854,6.007010292269844,3.064714110339893,0.999997173144986,1.0000000000000002,0.15873890942280697,6500.0,8.938055716448318,0.8489727876880407,0.17717036921553087
"subtb[beta=0.5, subtb_lambda=0.9] mlp_w32 from mlp_5 {context_source=uniform, contexts=256, group=5, learning_rate=0.0001, reference=initial, ppo_epochs=1, steps=10000, reward=potts_tfbind8}",1,models/port_grid3/subtb_b0.5/seed_1/finetune_mlp_5,0.7498195980214453,1.9745347726836442,11.306614955670513,4.201661780094521,15.661194880962222,0.749870580044434,0.14342004728197308,1.8115057664392205,0.18261715738205364,1.2649482636711626,1.9023074071502883,1.994122923821274,3.019780512639266,0.814366743109235,17.228792225269856,0.7493264314413504,5.997832897732158,3.0197430146050306,0.9999976563611738,1.0000000000000004,0.15943868243807208,7000.0,8.854924816034133,0.845436333815655,0.17979952846333336
"subtb[beta=0.5, subtb_lambda=0.9] mlp_w32 from mlp_5 {context_source=uniform, contexts=256, group=5, learning_rate=0.0001, reference=initial, ppo_epochs=1, steps=10000, reward=potts_tfbind8}",1,models/port_grid3/subtb_b0.5/seed_1/finetune_mlp_5,0.7583024735502246,2.0487112497401103,11.257812575762955,4.157929940191514,15.750994579598796,0.7542571461236417,0.14234435292235453,1.8649333972239948,0.18448737544480798,1.2646382114377939,1.9430979560194879,2.0494207726688027,3.0858988315642546,0.8635198199869992,17.303428530464817,0.7548822600593332,6.310776191045883,3.085849259554875,0.9999969017277577,1.0000000000000004,0.15532938198898724,7500.0,8.924330437892158,0.8528739017758785,0.17295176637680718
"subtb[beta=0.5, subtb_lambda=0.9] mlp_w32 from mlp_5 {context_source=uniform, contexts=256, group=5, learning_rate=0.0001, reference=initial, ppo_epochs=1, steps=10000, reward=potts_tfbind8}",1,models/port_grid3/subtb_b0.5/seed_1/finetune_mlp_5,0.754603872491779,2.013993892838411,11.175999372499149,4.138759159970456,15.760819254497857,0.7540092799988737,0.14349700838692975,1.8771901484658629,0.18318211960674224,1.2693694147372598,1.94706670531902,2.060372268072605,2.9707070682880543,0.8149718547716254,17.292348867642794,0.7532573593314285,6.227921525466882,2.9706674240554154,0.9999975222209068,1.0000000000000004,0.15438579383898718,8000.0,8.864198228311993,0.8543085656948671,0.17864740767647258
"subtb[beta=0.5, subtb_lambda=0.9] mlp_w32 from mlp_5 {context_source=uniform, contexts=256, group=5, learning_rate=0.0001, reference=initial, ppo_epochs=1, steps=10000, reward=potts_tfbind8}",1,models/port_grid3/subtb_b0.5/seed_1/finetune_mlp_5,0.7570494748842708,2.0354647297752386,11.212335750286424,4.147465843971088,15.795971343410706,0.7565466959721456,0.13603598731281008,1.8829666892366848,0.1803965299987671,1.2476002495370935,1.9585897812599005,2.063363219235452,3.090037089500354,0.8643346252610734,17.305356870332727,0.7549323188102304,6.332004656974862,3.089994558729285,0.9999973418134404,1.0000000000000004,0.14833282532343495,8500.0,8.912779958177783,0.855104626089378,0.1669266809564154
"subtb[beta=0.5, subtb_lambda=0.9] mlp_w32 from mlp_5 {context_source=uniform, contexts=256, group=5, learning_rate=0.0001, reference=initial, ppo_epochs=1, steps=10000, reward=potts_tfbind8}",1,models/port_grid3/subtb_b0.5/seed_1/finetune_mlp_5,0.7604175847503869,2.055294623200153,11.209148156680662,4.142318592811494,15.82398967168762,0.758509899684546,0.1357032121194177,1.8809510025037484,0.17977301127612,1.2464830829533886,1.9715653536296232,2.0607240137798684,3.190622843877637,0.9185172259039307,17.366868413009293,0.7599197454057521,6.622545597594707,3.1905663743739296,0.9999964706276294,0.9999999999999998,0.1472992335547066,9000.0,8.91323750865571,0.8553131645199783,0.15791165129975657
"subtb[beta=0.5, subtb_lambda=0.9] mlp_w32 from mlp_5 {context_source=uniform, contexts=256, group=5, learning_rate=0.0001, reference=initial, ppo_epochs=1, steps=10000, reward=potts_tfbind8}",1,models/port_grid3/subtb_b0.5/seed_1/finetune_mlp_5,0.7584514496450012,2.034197823857187,11.188813768068691,4.152120292995104,15.786259885992214,0.7561614054384618,0.13410903214581016,1.8668008045495343,0.17899673958226958,1.2341182372826882,1.9521039059538188,2.045797544131804,2.978450109442299,0.8560280592111413,17.40957384525765,0.7615011078161761,6.713410175519624,2.9784057186155044,0.9999972255541018,1.0000000000000002,0.14670267872660556,9500.0,8.865669806627217,0.8535975213841777,0.16583055991578283
"subtb[beta=0.5, subtb_lambda=0.9] mlp_w32 from mlp_5 {context_source=uniform, contexts=256, group=5, learning_rate=0.0001, reference=initial, ppo_epochs=1, steps=10000, reward=potts_tfbind8}",1,models/port_grid3/subtb_b0.5/seed_1/finetune_mlp_5,0.764094324133957,2.083558928607531,11.187624925989955,4.139864676938713,15.849163723830035,0.7601283138907116,0.13301522084905573,1.8708115445874092,0.17831593400607515,1.2162451577055464,1.9807058204468344,2.0491274785934843,2.4328803049368335,0.5797983006528951,19.56449032041115,0.9122257490459256,16.70905586238196,2.4328557783978546,0.9999984670819446,1.0000000000000002,0.14385267430071713,10000.0,8.901716761199815,0.8559190653887963,0.15489520965302955
"subtb[beta=0.5, subtb_lambda=0.9] mlp_w32 from mlp_5 {context_source=uniform, contexts=256, group=5, learning_rate=0.0001, reference=initial, ppo_epochs=1, steps=10000, reward=potts_tfbind8}",2,models/port_grid3/subtb_b0.5/seed_2/finetune_mlp_5,0.40089774494688835,0.0,15.58400929863198,7.3350796144291905,7.274364485999048,0.40059227009566606,2.2007286308340355,0.0,0.0,3.3845174252188786,0.0,0.0,4.896481007458549,1.5766628960892644,8.347072093028896,0.2951274947079451,0.0,0.36194497535363446,0.02441464572044008,1.0000000000000013,2.4505464727693775,0.0,1.8270649549340976,0.11713328142727052,0.7909839602924758
"subtb[beta=0.5, subtb_lambda=0.9] mlp_w32 from mlp_5 {context_source=uniform, contexts=256, group=5, learning_rate=0.0001, reference=initial, ppo_epochs=1, steps=10000, reward=potts_tfbind8}",2,models/port_grid3/subtb_b0.5/seed_2/finetune_mlp_5,0.4014351634380452,5.095290348325191e-05,15.582562357119288,7.328331571823229,7.295321691377529,0.4012664561687774,2.187861806223202,5.0127047292045025e-05,6.9074150366223795e-06,3.374159080338167,5.010985111790153e-05,5.7034462328667405e-05,4.905517108957187,1.5803315152693658,8.352926046237904,0.29544874382632424,0.00014893743939958998,0.36891434069612494,0.02490453653599888,1.000000000000001,2.440117979931254,1.0,1.8474022553407212,0.11849892636382893,0.7897261991764882
"subtb[beta=0.5, subtb_lambda=0.9] mlp_w32 from mlp_5 {context_source=uniform, contexts=256, group=5, learning_rate=0.0001, reference=initial, ppo_epochs=1, steps=10000, reward=potts_tfbind8}",2,models/port_grid3/subtb_b0.5/seed_2/finetune_mlp_5,0.4024246090714703,0.00020548911614144943,15.583338149925758,7.324874404042705,7.32019104646425,0.40227421380762685,2.170374828843756,0.00021401907558486278,2.2132719616215884e-05,3.3590611214384065,0.00021405076783868665,0.00023615179520107866,4.923761038256694,1.585745483777722,8.371093229018598,0.29638984791887757,0.00044068534808012604,0.3903000094578586,0.026530376774072738,1.000000000000001,2.4278472433046145,2.0,1.8754958202276866,0.12037546219526059,0.7880103623826638
"subtb[beta=0.5, subtb_lambda=0.9] mlp_w32 from mlp_5 {context_source=uniform, contexts=256, group=5, learning_rate=0.0001, reference=initial, ppo_epochs=1, steps=10000, reward=potts_tfbind8}",2,models/port_grid3/subtb_b0.5/seed_2/finetune_mlp_5,0.4043049711978432,0.000798573198141805,15.583085898501729,7.316184329115714,7.368687505558094,0.4041855241827377,2.137028777590909,0.000831791130762905,7.639932507424205e-05,3.330556419049149,0.0008331005056907781,0.000908190455837147,4.936350569945592,1.5921459028882978,8.392418872069879,0.29754402190299595,0.0016097973246337318,0.410540889328042,0.028047898927351492,1.0000000000000009,2.4042180634955437,4.0,1.9290793378438917,0.12397102733792828,0.7847003974369979
"subtb[beta=0.5, subtb_lambda=0.9] mlp_w32 from mlp_5 {context_source=uniform, contexts=256, group=5, learning_rate=0.0001, reference=initial, ppo_epochs=1, steps=10000, reward=potts_tfbind8}",2,models/port_grid3/subtb_b0.5/seed_2/finetune_mlp_5,0.40810843720798273,0.003037267383788147,15.583687456486814,7.3031914525771136,7.462414218433903,0.408109799959537,2.0782460966720553,0.0031401479792810202,0.0002721848673108637,3.2807517033885825,0.003156582520592789,0.003412332846591884,4.9778726931062955,1.6087496445628187,8.433103999202972,0.2997443406069723,0.004495858313497122,0.4488791676648992,0.03096233511070102,1.0000000000000013,2.3596781890725422,8.0,2.032358829655394,0.1309536387393268,0.7783066897870117
"subtb[beta=0.5, subtb_lambda=0.9] mlp_w32 from mlp_5 {context_source=uniform, contexts=256, group=5, learning_rate=0.0001, reference=initial, ppo_epochs=1, steps=10000, reward=potts_tfbind8}",2,models/port_grid3/subtb_b0.5/seed_2/finetune_mlp_5,0.4149581955744741,0.009880676199230222,15.581300962305066,7.282009642534757,7.620808520765723,0.41495552841622824,1.9817626860180184,0.009712914621438282,0.0008232750018782407,3.1927418339401323,0.009857300010818696,0.010536189623316523,4.850360352163362,1.5801020438918072,8.639711596203352,0.3097302556998699,0.0274391905316304,0.6092547989342004,0.04336598059588672,1.000000000000001,2.2871817553968565,16.0,2.2123595518347363,0.14320062959190735,0.7672405068710286
"subtb[beta=0.5, subtb_lambda=0.9] mlp_w32 from mlp_5 {context_source=uniform, contexts=256, group=5, learning_rate=0.0001, reference=initial, ppo_epochs=1, steps=10000, reward=potts_tfbind8}",2,models/port_grid3/subtb_b0.5/seed_2/finetune_mlp_5,0.433123511686625,0.05044534514839455,15.53669078126359,7.14578269702738,8.075619904097326,0.4319948101125873,1.7807507861710279,0.04927261651077942,0.0037809158235881032,3.0544210891664014,0.05032040148295599,0.05305353233436752,6.846233128326888,2.1032942914930337,11.069440518145301,0.43891267014855995,1.318857466100073,2.421391977219446,0.3439359111803699,1.0000000000000013,2.1002391652031935,32.0,2.7102581226658327,0.17862299789036762,0.7360952764565669
"subtb[beta=0.5, subtb_lambda=0.9] mlp_w32 from mlp_5 {context_source=uniform, contexts=256, group=5, learning_rate=0.0001, reference=initial, ppo_epochs=1, steps=10000, reward=potts_tfbind8}",2,models/port_grid3/subtb_b0.5/seed_2/finetune_mlp_5,0.47965275368862326,0.24829102454328303,15.267998589121415,6.735485224992726,9.20321484110718,0.47545445223450183,1.4450783639989129,0.23997465575192822,0.016689105162176587,2.854655372663518,0.245729233559401,0.2566637609141048,3.6098106855020657,1.0123024043840199,15.97028750494452,0.6808246767699075,3.430471013441835,2.611371881935028,0.9246272579549417,1.0000000000000009,1.73185052877471,64.0,3.9342518197174092,0.2752461198224315,0.6555074392363829
"subtb[beta=0.5, subtb_lambda=0.9] mlp_w32 from mlp_5 {context_source=uniform, contexts=256, group=5, learning_rate=0.0001, reference=initial, ppo_epochs=1, steps=10000, reward=potts_tfbind8}",2,models/port_grid3/subtb_b0.5/seed_2/finetune_mlp_5,0.5463356811186302,0.5611653650675158,14.8301435141029,6.2884943228181,10.719028952595899,0.5422155818275204,0.9584843460296008,0.5213142477509842,0.037404157609069344,2.366002104371592,0.544799908935088,0.5587184053600536,2.434077231122476,0.5754751526489793,16.684317184747012,0.7139878806878336,3.9626601255929357,2.3964050398560386,0.9976384930815471,1.0000000000000009,1.2730141484060393,128.0,5.720872827838295,0.4196469723347078,0.543497703543339
"subtb[beta=0.5, subtb_lambda=0.9] mlp_w32 from mlp_5 {context_source=uniform, contexts=256, group=5, learning_rate=0.0001, reference=initial, ppo_epochs=1, steps=10000, reward=potts_tfbind8}",2,models/port_grid3/subtb_b0.5/seed_2/finetune_mlp_5,0.6269761170906974,1.0185377481482674,14.13187408277296,5.715515901011578,12.438559223445935,0.6172236531920143,0.5572524583461667,0.8426628184726324,0.06682931429423689,1.9065445521936477,0.9253457364925585,0.9094921327668692,3.3033864573305447,0.8370033125002261,16.908100450489872,0.7313769727500952,5.091904567576335,3.301601937284201,0.999888448424142,1.0000000000000007,0.7937948405384855,256.0,7.431175062519014,0.5748333246414297,0.42005881949572527
"subtb[beta=0.5, subtb_lambda=0.9] mlp_w32 from mlp_5 {context_source=uniform, contexts=256, group=5, learning_rate=0.0001, reference=initial, ppo_epochs=1, steps=10000, reward=potts_tfbind8}",2,models/port_grid3/subtb_b0.5/seed_2/finetune_mlp_5,0.6811933238138859,1.4200923233328435,13.12379857015908,5.126600304506871,13.787203463671036,0.6726823020860753,0.3520942265022843,1.1398559486430146,0.10050828725705307,1.684521076482282,1.2877430087066966,1.2403642359000677,3.1647085224435485,0.8064766073874964,16.944244003944654,0.732461764468892,5.061495728101819,3.1641182473167944,0.9999631045316446,1.0000000000000004,0.48186999264007147,500.0,8.231100015351778,0.6903485996215432,0.32296770678576603
"subtb[beta=0.5, subtb_lambda=0.9] mlp_w32 from mlp_5 {context_source=uniform, contexts=256, group=5, learning_rate=0.0001, reference=initial, ppo_epochs=1, steps=10000, reward=potts_tfbind8}",2,models/port_grid3/subtb_b0.5/seed_2/finetune_mlp_5,0.6827652141125683,1.4209217869422954,13.13842186054672,5.141118912134341,13.795738725098126,0.6737256770225567,0.34574704045276955,1.1368905318400977,0.10197685036026294,1.65688363754048,1.2871165311465538,1.2388673822003606,3.1708475893842127,0.8101850746868672,16.960917673290904,0.7334253538915888,5.118323132611915,3.1704276797658446,0.999973753577555,1.0000000000000007,0.4769758843663895,512.0,8.24835957055794,0.6906015878933844,0.32050359279557117
"subtb[beta=0.5, subtb_lambda=0.9] mlp_w32 from mlp_5 {context_source=uniform, contexts=256, group=5, learning_rate=0.0001, reference=initial, ppo_epochs=1, steps=10000, reward=potts_tfbind8}",2,models/port_grid3/subtb_b0.5/seed_2/finetune_mlp_5,0.7145869625763027,1.689951970470861,12.296735894068773,4.693908693138218,14.746254403009836,0.7135181798557296,0.23786584721319654,1.4375140917535847,0.1355040956013316,1.494314415368772,1.5877719166291009,1.5730181873549163,3.1620332617356985,0.8313398670118548,16.975298149748607,0.7345249733251786,5.129489055034634,3.1617230569770207,0.9999806113662284,1.0000000000000007,0.3023734308930798,1000.0,8.623319420888716,0.767841537244283,0.24694559863508658
"subtb[beta=0.5, subtb_lambda=0.9] mlp_w32 from mlp_5 {context_source=uniform, contexts=256, group=5, learning_rate=0.0001, reference=initial, ppo_epochs=1, steps=10000, reward=potts_tfbind8}",2,models/port_grid3/subtb_b0.5/seed_2/finetune_mlp_5,0.7110067584743704,1.6579874841534352,12.379464824918056,4.732518197350089,14.637283697426657,0.7077372450822498,0.2409672457884225,1.3855055979545394,0.1351707530080848,1.4965913265329243,1.5411437693495442,1.5206763509626242,3.1114748061618873,0.8136979472242661,16.97354993972688,0.7340176937581698,5.092188053816354,3.111155923265009,0.9999800688934244,1.0000000000000007,0.31023063640511306,1024.0,8.57068771329441,0.7591620836696332,0.25056768159281845
"subtb[beta=0.5, subtb_lambda=0.9] mlp_w32 from mlp_5 {context_source=uniform, contexts=256, group=5, learning_rate=0.0001, reference=initial, ppo_epochs=1, steps=10000, reward=potts_tfbind8}",2,models/port_grid3/subtb_b0.5/seed_2/finetune_mlp_5,0.7245166566972837,1.7675618920442038,12.035703211749707,4.5575696909585215,15.015305719578354,0.7238534015848822,0.20207929977350925,1.5452141541808628,0.1547485834270348,1.4213626436649875,1.6692584192333766,1.6999627376078976,3.0146983840307717,0.7817654100757268,17.023897429750548,0.7362992614244461,5.216407637962596,3.0145332848857573,0.9999896811001683,1.0000000000000004,0.24933427521309615,1500.0,8.734320888803696,0.7915141035485542,0.21900049430354662
"subtb[beta=0.5, subtb_lambda=0.9] mlp_w32 from mlp_5 {context_source=uniform, contexts=256, group=5, learning_rate=0.0001, reference=initial, ppo_epochs=1, steps=10000, reward=potts_tfbind8}",2,models/port_grid3/subtb_b0.5/seed_2/finetune_mlp_5,0.7253668238910006,1.7707109462710853,11.906532530110116,4.493242971349156,15.11777930492172,0.7271695680193215,0.18530705663960112,1.567938327332206,0.16751651687020908,1.390445629724629,1.6974288998707854,1.7354548442024151,3.0473939598702118,0.8011300970550017,17.029854305960114,0.7368971742778258,5.228204427652058,3.0472957285526023,0.9999938604560931,1.0000000000000004,0.2262679631788136,2000.0,8.715864268222726,0.7984969877555993,0.2097977987359699
"subtb[beta=0.5, subtb_lambda=0.9] mlp_w32 from mlp_5 {context_source=uniform, contexts=256, group=5, learning_rate=0.0001, reference=initial, ppo_epochs=1, steps=10000, reward=potts_tfbind8}",2,models/port_grid3/subtb_b0.5/seed_2/finetune_mlp_5,0.7253713649887845,1.7780655073497529,11.890185897336748,4.477372008195957,15.119588598586835,0.7264420762598813,0.1854063434524079,1.5817745040930673,0.16769536305824917,1.4009396873087336,1.6972593546600514,1.7494698671513165,2.975257787016794,0.7686224399308477,17.021256020231235,0.7357286247391889,5.151790666491039,2.9751665673788366,0.9999942986906548,1.0000000000000004,0.22519377113552905,2048.0,8.720526111575838,0.7997053257782738,0.20863735365815722
"subtb[beta=0.5, subtb_lambda=0.9] mlp_w32 from mlp_5 {context_source=uniform, contexts=256, group=5, learning_rate=0.0001, reference=initial, ppo_epochs=1, steps=10000, reward=potts_tfbind8}",2,models/port_grid3/subtb_b0.5/seed_2/finetune_mlp_5,0.7339926624324796,1.8325922806683768,11.753858063199335,4.427396265403161,15.247141857334451,0.7327770913897881,0.1710230507173363,1.6105150991240516,0.17349250006810513,1.3576625230449568,1.7435029572538994,1.7840075991921567,3.0706828464399214,0.8200505040985945,17.134647432473134,0.7435111739980728,5.6248615131378195,3.070597939320526,0.9999946932375192,1.0000000000000004,0.20766074435556986,2500.0,8.707988274151242,0.807719483196876,0.19562812163588789
"subtb[beta=0.5, subtb_lambda=0.9] mlp_w32 from mlp_5 {context_source=uniform, contexts=256, group=5, learning_rate=0.0001, reference=initial, ppo_epochs=1, steps=10000, reward=potts_tfbind8}",2,models/port_grid3/subtb_b0.5/seed_2/finetune_mlp_5,0.7358185696155057,1.8572693435011998,11.719033977358034,4.39317482691923,15.31886823472609,0.7354211863959816,0.1644084887254521,1.6564213533452152,0.17807386460296404,1.3438207676132352,1.7670461654041445,1.8344952179481793,3.038165712416226,0.7979362548109592,17.085671515217527,0.7401927464423209,5.441151092162908,3.038103536957362,0.9999961140049991,1.0000000000000004,0.19534076380999288,3000.0,8.79361291608778,0.8153449610024213,0.19451906825671997
"subtb[beta=0.5, subtb_lambda=0.9] mlp_w32 from mlp_5 {context_source=uniform, contexts=256, group=5, learning_rate=0.0001, reference=initial, ppo_epochs=1, steps=10000, reward=potts_tfbind8}",2,models/port_grid3/subtb_b0.5/seed_2/finetune_mlp_5,0.7396742158084526,1.8806414505615203,11.63660343745147,4.3544302985205245,15.407210107423253,0.7395715109979215,0.1555481820412359,1.7014161375100356,0.18147653384686757,1.3093931192740467,1.8010445160640696,1.8828926713569032,3.059951995049105,0.8289755173782933,17.173824141007945,0.7460247248287525,5.770439036792145,3.0598949880975974,0.9999964370373048,1.0000000000000004,0.18516817812134212,3500.0,8.819202375934191,0.8221761095387939,0.1845913742650125
"subtb[beta=0.5, subtb_lambda=0.9] mlp_w32 from mlp_5 {context_source=uniform, contexts=256, group=5, learning_rate=0.0001, reference=initial, ppo_epochs=1, steps=10000, reward=potts_tfbind8}",2,models/port_grid3/subtb_b0.5/seed_2/finetune_mlp_5,0.7421459405754351,1.9034538184218919,11.507264464164262,4.302583145639352,15.511921285325949,0.7444011779320074,0.14983857449322321,1.7272356694196125,0.18352187129369923,1.295676395084447,1.842881178004271,1.9107575407133117,3.0739757937638323,0.8343109784697857,17.182338089986885,0.7466757059116471,5.817765605029515,3.0739256645547166,0.9999968669059709,1.0000000000000002,0.17464925111019364,4000.0,8.811665113134701,0.829963751509333,0.1775111638455512
"subtb[beta=0.5, subtb_lambda=0.9] mlp_w32 from mlp_5 {context_source=uniform, contexts=256, group=5, learning_rate=0.0001, reference=initial, ppo_epochs=1, steps=10000, reward=potts_tfbind8}",2,models/port_grid3/subtb_b0.5/seed_2/finetune_mlp_5,0.7431042192030914,1.905077279939164,11.513260776426087,4.3023210505681915,15.500435218739383,0.7437569231012554,0.15002431967539728,1.7189657838921906,0.18241411257628615,1.2993729989443281,1.838240490870088,1.9013798964684767,3.06051340663391,0.8317426793652538,17.2043406531223,0.7479582920459765,5.891789404102335,3.0604660926778804,0.9999970428584498,1.0000000000000004,0.1757515972692926,4096.0,8.797429542682533,0.8286081682790559,0.17728458642682537
"subtb[beta=0.5, subtb_lambda=0.9] mlp_w32 from mlp_5 {context_source=uniform, contexts=256, group=5, learning_rate=0.0001, reference=initial, ppo_epochs=1, steps=10000, reward=potts_tfbind8}",2,models/port_grid3/subtb_b0.5/seed_2/finetune_mlp_5,0.7478142568746362,1.9456645002058832,11.471142304245225,4.272227012416004,15.59212592126082,0.7486390968035873,0.1454441542109971,1.7581445295537526,0.18512563312547758,1.2735662840967372,1.8766123374399488,1.9432701626792301,3.172145913852032,0.8928753109178423,17.24658997505959,0.7517039296816359,6.106084710909774,3.172098448423324,0.9999970333919652,1.0000000000000004,0.16827809257843027,4500.0,8.861000630815974,0.8353493988393683,0.17401571718653855
"subtb[beta=0.5, subtb_lambda=0.9] mlp_w32 from mlp_5 {context_source=uniform, contexts=256, group=5, learning_rate=0.0001, reference=initial, ppo_epochs=1, steps=10000, reward=potts_tfbind8}",2,models/port_grid3/subtb_b0.5/seed_2/finetune_mlp_5,0.7474248854943208,1.9485835358101495,11.456660104039575,4.265449447152927,15.622204604078087,0.7501473395324144,0.14189414119184032,1.782905142386765,0.18297140247607202,1.2613619738863524,1.8869596547850311,1.965876544862837,3.1074047250637706,0.8626550484266942,17.25513599389823,0.7516972951755376,6.123328951117645,3.107353768425206,0.9999968151894318,1.0000000000000004,0.16358606851488292,5000.0,8.897164552560945,0.8386184080753799,0.16899766382258688
"subtb[beta=0.5, subtb_lambda=0.9] mlp_w32 from mlp_5 {context_source=uniform, contexts=256, group=5, learning_rate=0.0001, reference=initial, ppo_epochs=1, steps=10000, reward=potts_tfbind8}",2,models/port_grid3/subtb_b0.5/seed_2/finetune_mlp_5,0.749150222455051,1.962028496729948,11.378228121886362,4.241061051684779,15.65807659450804,0.7517179462375305,0.14043217654208678,1.7819874281865065,0.18504318969485767,1.2458684647854146,1.9021314357988304,1.9670306178813641,3.0914840411254434,0.8632749349968191,17.278763359607925,0.7531978753443638,6.200437447378902,3.0914355009350674,0.999996966215471,1.0000000000000002,0.16082185431370744,5500.0,8.847320963297744,0.8404180043501622,0.16503339521342122
"subtb[beta=0.5, subtb_lambda=0.9] mlp_w32 from mlp_5 {context_source=uniform, contexts=256, group=5, learning_rate=0.0001, reference=initial, ppo_epochs=1, steps=10000, reward=potts_tfbind8}",2,models/port_grid3/subtb_b0.5/seed_2/finetune_mlp_5,0.7516708879943715,1.98785889875066,11.34552646363657,4.209023171663821,15.695619902945014,0.7526618803095346,0.1389895912624722,1.8195453291005586,0.18508627051392246,1.259921206406976,1.917346241645033,2.004631599614481,3.1493359289348684,0.882864319035366,17.276170878985287,0.7533801035700944,6.216946819424433,3.1492787649024745,0.9999964272166587,1.0000000000000004,0.15726500594142237,6000.0,8.875652661429763,0.8442103634958911,0.16383022413649811
"subtb[beta=0.5, subtb_lambda=0.9] mlp_w32 from mlp_5 {context_source=uniform, contexts=256, group=5, learning_rate=0.0001, reference=initial, ppo_epochs=1, steps=10000, reward=potts_tfbind8}",2,models/port_grid3/subtb_b0.5/seed_2/finetune_mlp_5,0.7584333133407892,2.0452797964873497,11.231111733340784,4.14982696376693,15.835928728723877,0.759729271245379,0.13655800574202703,1.9075496276230997,0.18558362791054828,1.2413346506912308,1.9802805029475075,2.093133255533648,3.1331312003636453,0.8900062321695061,17.320400398714867,0.75626924135538,6.394235656965076,3.1330736647059183,0.9999964039889259,1.0000000000000002,0.1500448543544698,6500.0,8.947642362516985,0.8561342749360612,0.15688518843592175
"subtb[beta=0.5, subtb_lambda=0.9] mlp_w32 from mlp_5 {context_source=uniform, contexts=256, group=5, learning_rate=0.0001, reference=initial, ppo_epochs=1, steps=10000, reward=potts_tfbind8}",2,models/port_grid3/subtb_b0.5/seed_2/finetune_mlp_5,0.7533647629472877,2.0005985827344777,11.232154049503595,4.1661963083279705,15.767276657166482,0.7556084044789597,0.13612816343152012,1.8603384539763883,0.18389007535220503,1.2432378086601357,1.9473798010915617,2.0442285293285933,3.0006369925865437,0.8318601893983056,17.301648540964518,0.7540895070197465,6.269848203707275,3.0005899839115,0.9999970619369701,1.0000000000000002,0.15147018827721614,7000.0,8.869907075210046,0.8510744995587141,0.16518817358296306
"subtb[beta=0.5, subtb_lambda=0.9] mlp_w32 from mlp_5 {context_source=uniform, contexts=256, group=5, learning_rate=0.0001, reference=initial, ppo_epochs=1, steps=10000, reward=potts_tfbind8}",2,models/port_grid3/subtb_b0.5/seed_2/finetune_mlp_5,0.7548181859547993,2.0062516947341837,11.282098663802666,4.197797236125767,15.717724658722048,0.7537126298479571,0.13709637762035679,1.8155168994527977,0.1797147286943881,1.2396091015384834,1.9248409508642563,1.9952316281471858,3.0300156984849127,0.8450643622942839,17.311899265154995,0.7551094637992732,6.333463708771234,3.029964878058032,0.9999968236958604,1.0000000000000004,0.15370733727212704,7500.0,8.85387107362942,0.8469428549887891,0.1666961963144297
"subtb[beta=0.5, subtb_lambda=0.9] mlp_w32 from mlp_5 {context_source=uniform, contexts=256, group=5, learning_rate=0.0001, reference=initial, ppo_epochs=1, steps=10000, reward=potts_tfbind8}",2,models/port_grid3/subtb_b0.5/seed_2/finetune_mlp_5,0.7559201075438905,2.0240311026382094,11.226738188871423,4.163635624398156,15.771294876819619,0.7558776240880991,0.13625016242132595,1.8453745258871967,0.18158332045714443,1.2389419185910224,1.9487423957927794,2.026957846344341,3.05982603922648,0.8491462360592728,17.292174682094185,0.7539414339144332,6.261581698080487,3.05977241714496,0.9999966485910275,1.0000000000000004,0.15082367315186732,8000.0,8.853465246203509,0.850354902467491,0.16222073449968974
"subtb[beta=0.5, subtb_lambda=0.9] mlp_w32 from mlp_5 {context_source=uniform, contexts=256, group=5, learning_rate=0.0001, reference=initial, ppo_epochs=1, steps=10000, reward=potts_tfbind8}",2,models/port_grid3/subtb_b0.5/seed_2/finetune_mlp_5,0.7554087609856425,2.021509191066702,11.187839293541312,4.148761431775212,15.790222689065764,0.7563779861277672,0.13597040423285855,1.86627965730304,0.1791096221781321,1.239767030318547,1.9560215686089173,2.045389279481172,3.003028039643124,0.8326521058518088,17.30379763214723,0.7543556190231728,6.278440685860589,3.002977878664794,0.9999968649116039,1.0000000000000004,0.14863893984492788,8500.0,8.862731071046632,0.8534413709220948,0.1652149706651682
"subtb[beta=0.5, subtb_lambda=0.9] mlp_w32 from mlp_5 {context_source=uniform, contexts=256, group=5, learning_rate=0.0001, reference=initial, ppo_epochs=1, steps=10000, reward=potts_tfbind8}",2,models/port_grid3/subtb_b0.5/seed_2/finetune_mlp_5,0.7577695065879975,2.033850051362649,11.2433471188957,4.159264761738291,15.819920223956549,0.7587083591404765,0.13186106132156647,1.883821796950105,0.1795482055821236,1.2170151585035351,1.967313756159485,2.0633700025322286,2.4231807690512386,0.5863924954560268,19.54676476881545,0.9107171688886849,16.590947783615206,2.4231528499560735,0.9999982550460729,1.0000000000000004,0.14508235995011382,9000.0,8.93893172991002,0.8547727546680475,0.15754636120446874
"subtb[beta=0.5, subtb_lambda=0.9] mlp_w32 from mlp_5 {context_source=uniform, contexts=256, group=5, learning_rate=0.0001, reference=initial, ppo_epochs=1, steps=10000, reward=potts_tfbind8}",2,models/port_grid3/subtb_b0.5/seed_2/finetune_mlp_5,0.7615832159055274,2.0756177359004213,11.110329710315849,4.10291670141437,15.912383838566834,0.7627717169544345,0.13071317141998104,1.9192078808007984,0.17859429677449534,1.226761481869653,2.009118869862834,2.0978021775752937,2.4333101324936264,0.5971536380108793,19.527981722334907,0.9093755966327746,16.492966817617756,2.4332809831038986,0.9999981781515458,1.0000000000000004,0.1406556663483164,9500.0,8.903847501072573,0.861024973135215,0.15012926701120344
"subtb[beta=0.5, subtb_lambda=0.9] mlp_w32 from mlp_5 {context_source=uniform, contexts=256, group=5, learning_rate=0.0001, reference=initial, ppo_epochs=1, steps=10000, reward=potts_tfbind8}",2,models/port_grid3/subtb_b0.5/seed_2/finetune_mlp_5,0.7607480361833338,2.055763251537008,11.188452588655274,4.144051819987632,15.850891202925144,0.7603828594008779,0.13177442175056842,1.8762741059794372,0.1758269432399553,1.208536965114933,1.9814755662882262,2.0521010492193925,2.440731322715453,0.5946481394957652,19.53646357333073,0.9101190212208513,16.552699826370187,2.4407041526348405,0.999998301861034,1.0000000000000004,0.1437586805945484,10000.0,8.90980331660969,0.8564321186302514,0.1531416092844885
"tb[beta=0.25] mlp_w32 from mlp_5 {context_source=uniform, contexts=256, group=5, learning_rate=0.0001, reference=initial, ppo_epochs=1, steps=10000, reward=potts_tfbind8}",1,models/port_grid3/tb_b0.25/seed_1/finetune_mlp_5,0.40089774494688835,0.0,15.58400929863198,7.3350796144291905,7.274364485999048,0.40059227009566606,0.6753682702836997,0.0,0.0,3.3845174252188786,0.0,0.0,4.896481007458549,1.5766628960892644,8.347072093028896,0.2951274947079451,0.0,0.36194497535363446,0.02441464572044008,1.0000000000000013,0.5865081907766789,0.0,1.8270649549340976,0.11713328142727052,0.43648081792806004
"tb[beta=0.25] mlp_w32 from mlp_5 {context_source=uniform, contexts=256, group=5, learning_rate=0.0001, reference=initial, ppo_epochs=1, steps=10000, reward=potts_tfbind8}",1,models/port_grid3/tb_b0.25/seed_1/finetune_mlp_5,0.40218599638498576,9.490629747242545e-05,15.586637131091647,7.336182544365356,7.3046328550586495,0.40207124266891947,0.6638641639337444,0.00010553310714206204,9.709045088204625e-06,3.3646764345175315,0.0001056586972805161,0.00011524215223026666,4.919716192478073,1.584712357013198,8.357291344709772,0.29570525959754346,0.00019039928126781563,0.37523081075829834,0.025370272379117986,1.0000000000000013,0.5790467572090587,1.0,1.8623923070123478,0.11948234091192805,0.4336030457022034
"tb[beta=0.25] mlp_w32 from mlp_5 {context_source=uniform, contexts=256, group=5, learning_rate=0.0001, reference=initial, ppo_epochs=1, steps=10000, reward=potts_tfbind8}",1,models/port_grid3/tb_b0.25/seed_1/finetune_mlp_5,0.4034573897720314,0.00036613262603446745,15.588632828150796,7.335408227981514,7.335376940048391,0.40348990285136876,0.6525638468421525,0.0004077177053104994,3.577660131400982e-05,3.3454476390584644,0.00040863457769820975,0.0004434943066245092,4.9363072603658855,1.5895925734418392,8.382680673824597,0.2970186293799397,0.000806598960265404,0.40524604867643244,0.027664677786041664,1.0000000000000013,0.5716637118420413,2.0,1.897910406311183,0.12185333278643598,0.43074570666949386
"tb[beta=0.25] mlp_w32 from mlp_5 {context_source=uniform, contexts=256, group=5, learning_rate=0.0001, reference=initial, ppo_epochs=1, steps=10000, reward=potts_tfbind8}",1,models/port_grid3/tb_b0.25/seed_1/finetune_mlp_5,0.40599440579750834,0.0013637789800241664,15.590189197241145,7.330189135470726,7.396164177732876,0.4061618979493257,0.6309894519012115,0.0014768575171758766,0.00012165138593694578,3.3086380427952253,0.0014849688123191908,0.0015985089031128224,4.95527073031454,1.5969475560550954,8.403921738178731,0.29816307764248406,0.0020178224823678556,0.4286489581051881,0.029426530513440532,1.0000000000000013,0.5575432366555411,4.0,1.9683905513233237,0.12657476685935223,0.4252866177911865
"tb[beta=0.25] mlp_w32 from mlp_5 {context_source=uniform, contexts=256, group=5, learning_rate=0.0001, reference=initial, ppo_epochs=1, steps=10000, reward=potts_tfbind8}",1,models/port_grid3/tb_b0.25/seed_1/finetune_mlp_5,0.41124372407027854,0.005285920425044444,15.591176874334405,7.313391846904918,7.520691861677845,0.4114366173864551,0.5903643826882083,0.005563808380539574,0.00042091854593447834,3.241968283209559,0.0056260473118597,0.005984726926474052,5.621633334202602,1.792546185902118,8.598214802573734,0.309074000278295,0.03929880048725748,0.7471489357792227,0.053807130024697766,1.000000000000001,0.5305523941688391,8.0,2.1120524330623924,0.13628513187586913,0.4144129647069662
"tb[beta=0.25] mlp_w32 from mlp_5 {context_source=uniform, contexts=256, group=5, learning_rate=0.0001, reference=initial, ppo_epochs=1, steps=10000, reward=potts_tfbind8}",1,models/port_grid3/tb_b0.25/seed_1/finetune_mlp_5,0.42099792319241625,0.018494164770123812,15.583404569883523,7.267816387987175,7.755024753929567,0.4210174290527795,0.5249059484405345,0.01881406769318194,0.0013369602953651888,3.1305097892039058,0.019203345744739114,0.020151027988547128,5.655798757874599,1.80657726346303,8.844613246432253,0.32134385765728646,0.07239634714770264,0.9575100519635459,0.07362207635405978,1.000000000000001,0.4855464695387879,16.0,2.379299191730144,0.15460379980067102,0.39621353104912044
"tb[beta=0.25] mlp_w32 from mlp_5 {context_source=uniform, contexts=256, group=5, learning_rate=0.0001, reference=initial, ppo_epochs=1, steps=10000, reward=potts_tfbind8}",1,models/port_grid3/tb_b0.25/seed_1/finetune_mlp_5,0.4365320728361125,0.05139933069215745,15.550579377523608,7.1739276739680005,8.146017101805137,0.43678666707835456,0.4356259132097514,0.05028320377863214,0.0035590969603355033,2.954959245864653,0.0523542817193504,0.05384230073896765,6.75633699125232,2.0760293883115777,11.033474150860993,0.4367436080435357,1.3234947134585815,2.4148952683399942,0.33999478028005126,1.000000000000001,0.42094931854450696,32.0,2.8320345199537003,0.18616707726172277,0.36845753366653766
"tb[beta=0.25] mlp_w32 from mlp_5 {context_source=uniform, contexts=256, group=5, learning_rate=0.0001, reference=initial, ppo_epochs=1, steps=10000, reward=potts_tfbind8}",1,models/port_grid3/tb_b0.25/seed_1/finetune_mlp_5,0.45451940335364216,0.09541503764878242,15.499521314132732,7.064604792678521,8.580287188359113,0.4544704673314137,0.34849112580155917,0.08512228094796936,0.006528489696816228,2.7242752103995866,0.09224334262126571,0.09165077064478559,5.467642983568398,1.6413215441302504,14.340090016707423,0.6001574936834546,2.394623409449417,2.660993917215496,0.7275060672829111,1.000000000000001,0.35227085780792833,64.0,3.3490769759780292,0.2222232151807565,0.3359957661504165
"tb[beta=0.25] mlp_w32 from mlp_5 {context_source=uniform, contexts=256, group=5, learning_rate=0.0001, reference=initial, ppo_epochs=1, steps=10000, reward=potts_tfbind8}",1,models/port_grid3/tb_b0.25/seed_1/finetune_mlp_5,0.47401771108043045,0.15252550270462503,15.40993922877003,6.896482197912931,9.061318764761163,0.47201586034131093,0.2691608772244958,0.12399937364291339,0.010878123759853475,2.518246296082155,0.1404488477228088,0.13487749740276686,4.875388438878483,1.4457355786447816,15.018813808609472,0.6337302535760068,2.734951313410886,2.7406401529624373,0.8056200679399974,1.000000000000001,0.28021846880895995,128.0,3.8809837656232933,0.26140663303901174,0.30034147297483177
"tb[beta=0.25] mlp_w32 from mlp_5 {context_source=uniform, contexts=256, group=5, learning_rate=0.0001, reference=initial, ppo_epochs=1, steps=10000, reward=potts_tfbind8}",1,models/port_grid3/tb_b0.25/seed_1/finetune_mlp_5,0.4936084108973407,0.21960321846167627,15.271557025152433,6.707001492107706,9.576003295384414,0.4908656875620367,0.2012138426022831,0.17323829408488134,0.01623869673430023,2.35069428500313,0.20256522856099785,0.18947699081918157,4.019198830855835,1.1854072193967102,15.824148251979462,0.6742550349305593,3.1933904891315685,2.7535930008308074,0.9049283141086816,1.000000000000001,0.2136637169913338,256.0,4.423014037328586,0.30453216670128946,0.26046605566552716
"tb[beta=0.25] mlp_w32 from mlp_5 {context_source=uniform, contexts=256, group=5, learning_rate=0.0001, reference=initial, ppo_epochs=1, steps=10000, reward=potts_tfbind8}",1,models/port_grid3/tb_b0.25/seed_1/finetune_mlp_5,0.5079842343280583,0.2772534820292767,15.168576809299546,6.578847954466257,9.937105614447422,0.504523583778016,0.15830168314841306,0.2083405424003753,0.02090043528363489,2.2107830326550144,0.24865711092477952,0.2292409776840102,3.613129914729802,1.0436833113919695,16.071573505293923,0.6857278787820582,3.3562252803315857,2.6709458072861043,0.9327235922806699,1.000000000000001,0.16948001958936448,500.0,4.801356163049089,0.3345251702676629,0.23143915263908804
"tb[beta=0.25] mlp_w32 from mlp_5 {context_source=uniform, contexts=256, group=5, learning_rate=0.0001, reference=initial, ppo_epochs=1, steps=10000, reward=potts_tfbind8}",1,models/port_grid3/tb_b0.25/seed_1/finetune_mlp_5,0.5075940371020403,0.2774171020896936,15.161545292951434,6.563738178919435,9.943789559528094,0.5041701003353669,0.1579262849839787,0.21002699321604,0.020970356314052446,2.2196102040141046,0.2495668681391522,0.23099734953009243,3.618532948871331,1.0449519096193436,16.068009883013637,0.6855364065424747,3.351418978960619,2.669660262165464,0.9322452528819442,1.0000000000000009,0.16871879053356942,512.0,4.795877833852368,0.3344033831847873,0.23165783917006813
"tb[beta=0.25] mlp_w32 from mlp_5 {context_source=uniform, contexts=256, group=5, learning_rate=0.0001, reference=initial, ppo_epochs=1, steps=10000, reward=potts_tfbind8}",1,models/port_grid3/tb_b0.25/seed_1/finetune_mlp_5,0.515583003900114,0.3076275594140123,15.103080227176621,6.497738069381088,10.162179943608374,0.5128818230953879,0.13387976765824477,0.23429849947857817,0.02336067901879685,2.1287592336687093,0.27961696332091907,0.257659178497375,3.170615637963155,0.8879172630558716,16.31891453543341,0.6974150450410997,3.557074222325766,2.6062712478754926,0.9605190686746619,1.000000000000001,0.14417128969526483,1000.0,5.022102768940906,0.3528022444823183,0.21273875910758938
"tb[beta=0.25] mlp_w32 from mlp_5 {context_source=uniform, contexts=256, group=5, learning_rate=0.0001, reference=initial, ppo_epochs=1, steps=10000, reward=potts_tfbind8}",1,models/port_grid3/tb_b0.25/seed_1/finetune_mlp_5,0.5158091011416033,0.3062209215081522,15.097101636141055,6.502530665977437,10.17622853982136,0.5139274257818658,0.13223908246982266,0.23567490402801833,0.023739888754203353,2.1153680447870684,0.2816135747745465,0.2594147927822217,3.3184814530503024,0.9326569652813534,16.205963068664726,0.6913759002508868,3.4496716392560294,2.545234057721699,0.9462334483827163,1.0000000000000009,0.1426557520956462,1024.0,5.032368354326739,0.35388461121126336,0.21152013459301575
"tb[beta=0.25] mlp_w32 from mlp_5 {context_source=uniform, contexts=256, group=5, learning_rate=0.0001, reference=initial, ppo_epochs=1, steps=10000, reward=potts_tfbind8}",1,models/port_grid3/tb_b0.25/seed_1/finetune_mlp_5,0.517126098599598,0.3124739361717257,15.085732246966202,6.480164227809714,10.20275002727664,0.5141093168862295,0.12731762100074617,0.2377649418496675,0.024107296109629195,2.100976619331352,0.2828091899046117,0.2618722379592967,3.1333817597292555,0.8743725136272626,16.323917620561694,0.6974960783169322,3.5635792572089184,2.5757705739616936,0.9610161028556105,1.000000000000001,0.13722099536189342,1500.0,5.051240255036133,0.3552215379511448,0.20863817111978666
"tb[beta=0.25] mlp_w32 from mlp_5 {context_source=uniform, contexts=256, group=5, learning_rate=0.0001, reference=initial, ppo_epochs=1, steps=10000, reward=potts_tfbind8}",1,models/port_grid3/tb_b0.25/seed_1/finetune_mlp_5,0.5256481513715654,0.3429647901623949,15.061880975194242,6.455268883458594,10.31192482197089,0.5192185932556793,0.11790939879554041,0.2498151834860921,0.024933587035034288,2.050033098132786,0.3009871265796567,0.2747487705211264,3.0445040331457744,0.8335535422869305,16.386017722194673,0.7002735261016002,3.603952675478916,2.560446362570599,0.9669042411772434,1.0000000000000009,0.12810523336337387,2000.0,5.187456876373061,0.3655031515449762,0.20098432050979834
"tb[beta=0.25] mlp_w32 from mlp_5 {context_source=uniform, contexts=256, group=5, learning_rate=0.0001, reference=initial, ppo_epochs=1, steps=10000, reward=potts_tfbind8}",1,models/port_grid3/tb_b0.25/seed_1/finetune_mlp_5,0.5250101155878805,0.3423180313962424,15.042698622090505,6.439128827697292,10.31064141329391,0.5182855301588901,0.11837457029654579,0.25058933243275694,0.02472460669118015,2.0696793599387013,0.30067200716980236,0.2753139391239371,2.989094604282336,0.817267988747241,16.40149314146246,0.7009650721110875,3.618432307077481,2.53206703272317,0.9688064467138009,1.0000000000000009,0.12811096612276507,2048.0,5.1778763246646475,0.36591596629473744,0.20046405526333888
"tb[beta=0.25] mlp_w32 from mlp_5 {context_source=uniform, contexts=256, group=5, learning_rate=0.0001, reference=initial, ppo_epochs=1, steps=10000, reward=potts_tfbind8}",1,models/port_grid3/tb_b0.25/seed_1/finetune_mlp_5,0.5243174920082013,0.33879255269856545,15.025827803551673,6.428106347962557,10.360370911257785,0.5205775850441735,0.1138568438855177,0.2563804995818041,0.02509002637800012,2.051379874244071,0.30824278818868767,0.2814705259598042,2.904446965738699,0.7714295498413658,16.438049906594404,0.7022352374283254,3.6516326406055684,2.48599432952062,0.9715684271274173,1.0000000000000009,0.12324937265068249,2500.0,5.220471669636218,0.36996940684175855,0.196043281433013
"tb[beta=0.25] mlp_w32 from mlp_5 {context_source=uniform, contexts=256, group=5, learning_rate=0.0001, reference=initial, ppo_epochs=1, steps=10000, reward=potts_tfbind8}",1,models/port_grid3/tb_b0.25/seed_1/finetune_mlp_5,0.5279819332378628,0.34871241952640386,15.048168801575724,6.442113752954739,10.380958923188114,0.522320454072124,0.11138112838403108,0.25876558953615814,0.024594289138815506,2.0250875006353386,0.3112082680899141,0.28335987867497364,2.9954502013869337,0.8151372573325567,16.41223344358225,0.7015203344595748,3.626708100432853,2.551936093042019,0.9696840859170326,1.000000000000001,0.12106784956932656,3000.0,5.263870246198859,0.3716187493030708,0.19451650175933327
"tb[beta=0.25] mlp_w32 from mlp_5 {context_source=uniform, contexts=256, group=5, learning_rate=0.0001, reference=initial, ppo_epochs=1, steps=10000, reward=potts_tfbind8}",1,models/port_grid3/tb_b0.25/seed_1/finetune_mlp_5,0.5228200459541322,0.3321662881634048,15.028062707059231,6.425603721846339,10.334831729179827,0.518918648853081,0.11408032282138197,0.2526265469590533,0.024371453154998113,2.054331595386871,0.301535552035637,0.2769980001140514,2.556951706972248,0.6356581201512043,16.48143494174844,0.7026137026462094,3.7037106757509393,2.161786607635026,0.9738996920380701,1.000000000000001,0.12292693201712124,3500.0,5.180235161634794,0.3665242130784321,0.1981303817548535
"tb[beta=0.25] mlp_w32 from mlp_5 {context_source=uniform, contexts=256, group=5, learning_rate=0.0001, reference=initial, ppo_epochs=1, steps=10000, reward=potts_tfbind8}",1,models/port_grid3/tb_b0.25/seed_1/finetune_mlp_5,0.5254939295627522,0.338668326043137,15.034902317916858,6.430377660758772,10.372765230155258,0.5211801975697739,0.11074664024404225,0.2573901301993147,0.024197388572706202,2.040470763844311,0.3079451564136728,0.28158751877202093,2.970245577285377,0.8043034721286789,16.417631194205875,0.7016434532659861,3.632116081515012,2.531606075389173,0.97006457552707,1.000000000000001,0.11985316115129908,4000.0,5.244169823553246,0.3708751524292928,0.19393450100173704
"tb[beta=0.25] mlp_w32 from mlp_5 {context_source=uniform, contexts=256, group=5, learning_rate=0.0001, reference=initial, ppo_epochs=1, steps=10000, reward=potts_tfbind8}",1,models/port_grid3/tb_b0.25/seed_1/finetune_mlp_5,0.5276345978260667,0.3449237819607074,15.039890334239294,6.4424092720472155,10.396611005362786,0.5231366120697076,0.10882019061680262,0.25964421035365615,0.02412075646468248,2.0148878605049614,0.3122967535621714,0.2837649668183386,2.9641662930335624,0.7956476494580192,16.421863318539284,0.7016927124343998,3.6350391124747605,2.5241865218083523,0.9700642190006912,1.000000000000001,0.11824331449791535,4096.0,5.273968199524722,0.37293262425780094,0.1916236592608037
"tb[beta=0.25] mlp_w32 from mlp_5 {context_source=uniform, contexts=256, group=5, learning_rate=0.0001, reference=initial, ppo_epochs=1, steps=10000, reward=potts_tfbind8}",1,models/port_grid3/tb_b0.25/seed_1/finetune_mlp_5,0.527743671128392,0.3470055338975878,15.041610895536138,6.44080777454665,10.357757852642905,0.5207654112529965,0.11124103387655926,0.2535997288708848,0.024061845281693195,2.041916617195246,0.304572725211446,0.277661574152578,2.5639494522440005,0.6387427461825128,16.48971238360215,0.7031445307756312,3.7088576026667988,2.1858299608962963,0.9750761879937423,1.000000000000001,0.12023257432715956,4500.0,5.227812749426894,0.3694920736908991,0.19435224485572378
"tb[beta=0.25] mlp_w32 from mlp_5 {context_source=uniform, contexts=256, group=5, learning_rate=0.0001, reference=initial, ppo_epochs=1, steps=10000, reward=potts_tfbind8}",1,models/port_grid3/tb_b0.25/seed_1/finetune_mlp_5,0.525735845944172,0.33697275284798844,15.045057026050937,6.446648112780267,10.352696096202983,0.5208281552301187,0.11073425200107571,0.25236950929507856,0.023760774177807253,2.0243386690432383,0.30310061047351333,0.2761302834728858,2.5632359464193746,0.6342084055731185,16.483333585661576,0.702650664724826,3.7047057797347867,2.1672221396144047,0.973864267637891,1.0000000000000013,0.12002589869920904,5000.0,5.217571184981732,0.3685142720827215,0.1951788906408284
"tb[beta=0.25] mlp_w32 from mlp_5 {context_source=uniform, contexts=256, group=5, learning_rate=0.0001, reference=initial, ppo_epochs=1, steps=10000, reward=potts_tfbind8}",1,models/port_grid3/tb_b0.25/seed_1/finetune_mlp_5,0.5299136504318215,0.3545028386038579,15.016248909658977,6.410038133535192,10.453356394586438,0.5247984478916121,0.10455291367430836,0.26704779682856383,0.024116410691604973,2.0007651539829228,0.32155739931737387,0.2911642075201688,2.5286675691270615,0.6271903154944453,16.509708025779336,0.7041548462177506,3.728086816851266,2.1831740561226787,0.9773389280688728,1.000000000000001,0.11331761294720452,5500.0,5.32956522822491,0.377499383701822,0.18862435786485363
"tb[beta=0.25] mlp_w32 from mlp_5 {context_source=uniform, contexts=256, group=5, learning_rate=0.0001, reference=initial, ppo_epochs=1, steps=10000, reward=potts_tfbind8}",1,models/port_grid3/tb_b0.25/seed_1/finetune_mlp_5,0.5309312384459046,0.3598751032764008,15.020011483128219,6.410258005124769,10.42086357629822,0.5230024737385619,0.10605402682259914,0.261570280494518,0.023940161937725635,2.0158722983657853,0.31509030657662346,0.28551044243224366,2.5598922063657485,0.6395681266728196,16.50728463300173,0.7041782406899022,3.72127373481457,2.213234659821539,0.97727866843679,1.000000000000001,0.11497372477850831,6000.0,5.304005921499706,0.37532818447666183,0.1904195343050883
"tb[beta=0.25] mlp_w32 from mlp_5 {context_source=uniform, contexts=256, group=5, learning_rate=0.0001, reference=initial, ppo_epochs=1, steps=10000, reward=potts_tfbind8}",1,models/port_grid3/tb_b0.25/seed_1/finetune_mlp_5,0.5316541261701476,0.3591541569219918,15.020701319164509,6.413361170868262,10.47012716106151,0.5258823826185807,0.10271660727696498,0.26738855166054015,0.023835025033134116,1.9925922784080605,0.32408577365248054,0.29122357669367427,3.001141181244951,0.8200449011785819,16.42419732807356,0.7022671359506799,3.636812495595045,2.571812383923303,0.9707486199217359,1.0000000000000009,0.11165329566354375,6500.0,5.367604543242023,0.3800518440994918,0.1862001925737966
"tb[beta=0.25] mlp_w32 from mlp_5 {context_source=uniform, contexts=256, group=5, learning_rate=0.0001, reference=initial, ppo_epochs=1, steps=10000, reward=potts_tfbind8}",1,models/port_grid3/tb_b0.25/seed_1/finetune_mlp_5,0.5285615379052926,0.3466837929372741,15.007243845235013,6.410295566429731,10.416508510779954,0.5227153537610563,0.10578627508797801,0.26060310983480445,0.023607873732506945,2.017202711447581,0.3135760745940711,0.2842109835673114,2.512016005751189,0.6152075329550721,16.513327388488047,0.7041813340154335,3.734278570214022,2.167806446978895,0.9774407094374539,1.0000000000000009,0.11454825917552224,7000.0,5.281725204325875,0.37473988150510157,0.18977887701891055
"tb[beta=0.25] mlp_w32 from mlp_5 {context_source=uniform, contexts=256, group=5, learning_rate=0.0001, reference=initial, ppo_epochs=1, steps=10000, reward=potts_tfbind8}",1,models/port_grid3/tb_b0.25/seed_1/finetune_mlp_5,0.534670156849989,0.3726505954001703,14.98672477693451,6.386804561857956,10.523124482121318,0.5277489318239968,0.0991285019231826,0.2744909443280259,0.02378782082563491,1.9889321197306788,0.3335213245058957,0.2982787651536608,2.8799065956070495,0.7673139411646541,16.474063717337216,0.7042957296264349,3.6737398223436832,2.520968112272076,0.9760030766202192,1.0000000000000009,0.10783951625200647,7500.0,5.422047481009993,0.38562108236667314,0.18255320882469195
"tb[beta=0.25] mlp_w32 from mlp_5 {context_source=uniform, contexts=256, group=5, learning_rate=0.0001, reference=initial, ppo_epochs=1, steps=10000, reward=potts_tfbind8}",1,models/port_grid3/tb_b0.25/seed_1/finetune_mlp_5,0.5334093495082844,0.3675660247449954,14.97958167616899,6.389928258695289,10.511927798668887,0.5272709510321445,0.09997908669328194,0.2733275222257362,0.023683095201295745,1.9939217783644505,0.33133529983362514,0.29701061742703194,2.8786825013898296,0.7583923904616751,16.46496224626388,0.7035597234311441,3.6690547122215342,2.4960294440731503,0.9742354479589121,1.0000000000000009,0.1084526624428446,8000.0,5.390060856059212,0.38405931662435183,0.18301581070891582
"tb[beta=0.25] mlp_w32 from mlp_5 {context_source=uniform, contexts=256, group=5, learning_rate=0.0001, reference=initial, ppo_epochs=1, steps=10000, reward=potts_tfbind8}",1,models/port_grid3/tb_b0.25/seed_1/finetune_mlp_5,0.5359741455190244,0.3740676831285775,14.999308388130041,6.405103263704361,10.542472397892675,0.5296609965567761,0.09744351101528423,0.27628523194702936,0.02355527382472028,1.9683426779280198,0.3368370770677925,0.29984050577174964,2.9104442790211484,0.7791483939063385,16.462124476882725,0.7037644295258724,3.6718341273762305,2.531312255877545,0.9744773341302386,1.0000000000000009,0.10631828987106338,8500.0,5.449988316064333,0.3870424094713326,0.1803886127655802
"tb[beta=0.25] mlp_w32 from mlp_5 {context_source=uniform, contexts=256, group=5, learning_rate=0.0001, reference=initial, ppo_epochs=1, steps=10000, reward=potts_tfbind8}",1,models/port_grid3/tb_b0.25/seed_1/finetune_mlp_5,0.5356358172593212,0.3777695228415373,14.977348831340283,6.38138456258323,10.561863926961992,0.5297306424363496,0.09650494914918024,0.2803067220207909,0.02356905837101997,1.9684374296548834,0.34054741789679743,0.30387578039181085,2.424536822000805,0.5804872934049369,16.56764699827327,0.7067853661092549,3.7870042859438895,2.167525062858828,0.9834285207348619,1.0000000000000009,0.10518074843273878,9000.0,5.4587848795595155,0.38854682733252044,0.18014041425388527
"tb[beta=0.25] mlp_w32 from mlp_5 {context_source=uniform, contexts=256, group=5, learning_rate=0.0001, reference=initial, ppo_epochs=1, steps=10000, reward=potts_tfbind8}",1,models/port_grid3/tb_b0.25/seed_1/finetune_mlp_5,0.529247915830868,0.3464316776816651,15.017579716263617,6.421198618597332,10.445497771196843,0.5247717212284287,0.10260815313904945,0.2638194924206633,0.022893243555126175,2.000831041817583,0.3178667312902135,0.2867127359757895,2.966615510354866,0.7900372457403325,16.43113803456942,0.7021598723008592,3.644739403983958,2.5394082046366266,0.9706727730854682,1.0000000000000009,0.1115916007674434,9500.0,5.323807645375931,0.377471931652134,0.18712707545283724
"tb[beta=0.25] mlp_w32 from mlp_5 {context_source=uniform, contexts=256, group=5, learning_rate=0.0001, reference=initial, ppo_epochs=1, steps=10000, reward=potts_tfbind8}",1,models/port_grid3/tb_b0.25/seed_1/finetune_mlp_5,0.5331124177463766,0.3629306588154872,15.006824219805225,6.402399316875098,10.449626952779175,0.5242087213357919,0.10216732440066441,0.26302227156117075,0.02317514787090763,1.9969556808064692,0.3181627171009232,0.2861974194320784,2.54464638030137,0.6299324806800556,16.512204493330696,0.7043334358663582,3.7296783932182134,2.2025446686866066,0.9776139855437033,1.0000000000000009,0.11085529118257109,10000.0,5.324046365964476,0.37751048073016313,0.18713512225377615
"tb[beta=0.25] mlp_w32 from mlp_5 {context_source=uniform, contexts=256, group=5, learning_rate=0.0001, reference=initial, ppo_epochs=1, steps=10000, reward=potts_tfbind8}",2,models/port_grid3/tb_b0.25/seed_2/finetune_mlp_5,0.40089774494688835,0.0,15.58400929863198,7.3350796144291905,7.274364485999048,0.40059227009566606,0.6753682702836997,0.0,0.0,3.3845174252188786,0.0,0.0,4.896481007458549,1.5766628960892644,8.347072093028896,0.2951274947079451,0.0,0.36194497535363446,0.02441464572044008,1.0000000000000013,0.5865081907766789,0.0,1.8270649549340976,0.11713328142727052,0.43648081792806004
"tb[beta=0.25] mlp_w32 from mlp_5 {context_source=uniform, contexts=256, group=5, learning_rate=0.0001, reference=initial, ppo_epochs=1, steps=10000, reward=potts_tfbind8}",2,models/port_grid3/tb_b0.25/seed_2/finetune_mlp_5,0.4018800833263624,8.474657150362927e-05,15.582545252741665,7.32729066831552,7.305020834551217,0.4016786778386633,0.6647723644434229,9.171440344641832e-05,8.304060377083182e-06,3.3699590120673104,9.176311656621428e-05,0.0001000184638235015,4.897306251148667,1.5770715975919636,8.354825207026456,0.2955179276133566,7.683748141230571e-05,0.37056428297566124,0.025046690837731953,1.000000000000001,0.5789358667552029,1.0,1.857959316444528,0.11921627007613753,0.43391628892100215
"tb[beta=0.25] mlp_w32 from mlp_5 {context_source=uniform, contexts=256, group=5, learning_rate=0.0001, reference=initial, ppo_epochs=1, steps=10000, reward=potts_tfbind8}",2,models/port_grid3/tb_b0.25/seed_2/finetune_mlp_5,0.4031510671241998,0.0003601236673283952,15.582660320780917,7.3217568923949905,7.336864160236837,0.40293124665707825,0.6535443393953875,0.00038336515165441915,3.011506813809439e-05,3.3535627120421165,0.00038399274137621963,0.00041348021979251354,4.90135714800684,1.5776244178236964,8.379058078979675,0.29674554904734163,0.0006860813291400356,0.4004297059381353,0.027316294178810936,1.0000000000000009,0.5712672649586066,2.0,1.892179593499519,0.12152250777825963,0.4310999876644353
"tb[beta=0.25] mlp_w32 from mlp_5 {context_source=uniform, contexts=256, group=5, learning_rate=0.0001, reference=initial, ppo_epochs=1, steps=10000, reward=potts_tfbind8}",2,models/port_grid3/tb_b0.25/seed_2/finetune_mlp_5,0.40579497972225487,0.0014333218940602733,15.584453736901473,7.31456052223909,7.399011336916125,0.405565263263306,0.6321087091325683,0.0015094317110263492,0.00011084053187563345,3.3204698184077763,0.0015155399768473493,0.0016202722429019827,4.920880037775522,1.5855118034931879,8.402378067703332,0.29800421592583987,0.0018822436649499363,0.4235862127275978,0.029069272031909545,1.000000000000001,0.5568620180242567,4.0,1.961015260256392,0.12616408958207442,0.4255523560637504
"tb[beta=0.25] mlp_w32 from mlp_5 {context_source=uniform, contexts=256, group=5, learning_rate=0.0001, reference=initial, ppo_epochs=1, steps=10000, reward=potts_tfbind8}",2,models/port_grid3/tb_b0.25/seed_2/finetune_mlp_5,0.41136807661753616,0.005685725427621004,15.586256056875051,7.300102960394815,7.525074278470951,0.4110300696079441,0.5908254388507953,0.005841404532263643,0.00041599459899859404,3.251368872324948,0.005897713473899752,0.006257399131262237,5.0303571870819574,1.6189636256949294,8.497006165440915,0.30297711953511625,0.0075392753289795465,0.563193058044511,0.03965886254233958,1.0000000000000013,0.5297284561326029,8.0,2.106877531658937,0.13604704795372802,0.41443129080490454
"tb[beta=0.25] mlp_w32 from mlp_5 {context_source=uniform, contexts=256, group=5, learning_rate=0.0001, reference=initial, ppo_epochs=1, steps=10000, reward=potts_tfbind8}",2,models/port_grid3/tb_b0.25/seed_2/finetune_mlp_5,0.42215299902424697,0.02006321082491434,15.582941920140312,7.26956057232332,7.76662600060803,0.42173442570917385,0.5216071181076992,0.020095109989533073,0.0013945107072974444,3.123222081705359,0.02052542100038233,0.021489620696830518,5.67074457196813,1.8070205536461006,8.849955125002811,0.32167807753323924,0.072367448171698,0.9738991238792689,0.07525535343815941,1.0000000000000009,0.4839682331248146,16.0,2.395280462320376,0.15578101128934096,0.3954281311905332
"tb[beta=0.25] mlp_w32 from mlp_5 {context_source=uniform, contexts=256, group=5, learning_rate=0.0001, reference=initial, ppo_epochs=1, steps=10000, reward=potts_tfbind8}",2,models/port_grid3/tb_b0.25/seed_2/finetune_mlp_5,0.43833119989392455,0.05367971097941847,15.554925926967854,7.185018253830444,8.166060673743484,0.438345907509067,0.4296182496554381,0.05252158233009096,0.003686750429511061,2.930642026049825,0.054815495043864876,0.05620833275960202,6.783503930125607,2.080011489224194,11.098771377488118,0.4402453208021703,1.356021381557458,2.4931763244802085,0.3482110218087432,1.0000000000000009,0.4183996388844349,32.0,2.8730666201768265,0.18888445039108331,0.3670915107679815
"tb[beta=0.25] mlp_w32 from mlp_5 {context_source=uniform, contexts=256, group=5, learning_rate=0.0001, reference=initial, ppo_epochs=1, steps=10000, reward=potts_tfbind8}",2,models/port_grid3/tb_b0.25/seed_2/finetune_mlp_5,0.4535960556537707,0.091884491939606,15.501908921651797,7.071755009172249,8.564603787116656,0.45403709772054796,0.3505319768470765,0.08345603350886818,0.0063164991628685,2.7298727668045952,0.09055603762199027,0.08977253267173668,5.478280148091473,1.6421577399791407,14.316652252785083,0.5987957432713992,2.3818847441738575,2.6238442790639445,0.72485382001889,1.000000000000001,0.35450440311926623,64.0,3.3259434257059457,0.22073487090270744,0.3367761355762193
"tb[beta=0.25] mlp_w32 from mlp_5 {context_source=uniform, contexts=256, group=5, learning_rate=0.0001, reference=initial, ppo_epochs=1, steps=10000, reward=potts_tfbind8}",2,models/port_grid3/tb_b0.25/seed_2/finetune_mlp_5,0.47337979198055485,0.1513722411933964,15.410051805886459,6.892375333694821,9.04199880031975,0.47075077584282987,0.27220260044526084,0.1224813025636675,0.010789908500981507,2.5324318291039503,0.1383724131854974,0.133271211064649,4.997505892154213,1.482882504741113,14.895201596153637,0.6276344075656514,2.6742486125617586,2.6866663061385383,0.7924174470343094,1.000000000000001,0.282972025382,128.0,3.8526572208599332,0.2594614607283361,0.30208360472461193
"tb[beta=0.25] mlp_w32 from mlp_5 {context_source=uniform, contexts=256, group=5, learning_rate=0.0001, reference=initial, ppo_epochs=1, steps=10000, reward=potts_tfbind8}",2,models/port_grid3/tb_b0.25/seed_2/finetune_mlp_5,0.49717851397961543,0.23186794688462395,15.280529843859988,6.715113081060096,9.586663752246546,0.4919127912522874,0.1994951324884338,0.17323376562748555,0.016358791259481253,2.3218846628467333,0.20428887337095225,0.1895925568869668,4.096235774200146,1.20885234001529,15.764639432866886,0.6712453325669456,3.151854242797887,2.749655845126502,0.8978671183138063,1.0000000000000009,0.21272224758575708,256.0,4.445125983724037,0.3054183261661257,0.26063435367498444
"tb[beta=0.25] mlp_w32 from mlp_5 {context_source=uniform, contexts=256, group=5, learning_rate=0.0001, reference=initial, ppo_epochs=1, steps=10000, reward=potts_tfbind8}",2,models/port_grid3/tb_b0.25/seed_2/finetune_mlp_5,0.505662076586895,0.26397581257034886,15.182981133057286,6.596644760335135,9.884066507146153,0.5023928723996671,0.16195367139339617,0.19977841837326238,0.020875458546603498,2.2137029835451703,0.23908085701320733,0.22065387691986588,3.649349570741246,1.0585504261515821,16.04774455684858,0.6846527402519332,3.341483272241668,2.6756020631675574,0.9299380354868108,1.000000000000001,0.17316354250310925,500.0,4.7370871799078875,0.32944958094507715,0.23497060549583065
"tb[beta=0.25] mlp_w32 from mlp_5 {context_source=uniform, contexts=256, group=5, learning_rate=0.0001, reference=initial, ppo_epochs=1, steps=10000, reward=potts_tfbind8}",2,models/port_grid3/tb_b0.25/seed_2/finetune_mlp_5,0.5036495987993364,0.25730425611419344,15.186256870636392,6.590629713622885,9.856212511690709,0.500397099356382,0.16417435524459895,0.19674017357122608,0.020790839721786247,2.2288166275825394,0.23376042317817838,0.21753101329301233,3.684994478614705,1.0759538069270702,16.022501525877097,0.6835544259547834,3.3264057525591015,2.685257472173057,0.927758415709208,1.0000000000000009,0.17480660753194135,512.0,4.6978871910211675,0.3263507748864865,0.2371706995035668
"tb[beta=0.25] mlp_w32 from mlp_5 {context_source=uniform, contexts=256, group=5, learning_rate=0.0001, reference=initial, ppo_epochs=1, steps=10000, reward=potts_tfbind8}",2,models/port_grid3/tb_b0.25/seed_2/finetune_mlp_5,0.5144164097652799,0.30129229065843144,15.118879045437305,6.508470026788737,10.124426255296221,0.5112372341303977,0.13578436447587164,0.22771875625736265,0.023763573575537322,2.122864669093621,0.2721302652660632,0.2514823298329,3.472970019113574,0.9945790833206672,16.14102773926234,0.6887680881597733,3.4004119560921064,2.623219422010746,0.9403438349018091,1.0000000000000009,0.14612301371844832,1000.0,4.992451303244855,0.3494218501245276,0.21568299390018025
"tb[beta=0.25] mlp_w32 from mlp_5 {context_source=uniform, contexts=256, group=5, learning_rate=0.0001, reference=initial, ppo_epochs=1, steps=10000, reward=potts_tfbind8}",2,models/port_grid3/tb_b0.25/seed_2/finetune_mlp_5,0.5160472299397447,0.306452687988687,15.10535814180355,6.502572089358964,10.150526681865935,0.5123666681118856,0.13387674223484558,0.23250483071786876,0.02393331063734494,2.124232372374072,0.276690835497236,0.2564381413552137,3.140228561355429,0.879576519724118,16.321842041639663,0.6974797104985037,3.564685951567131,2.5840256453040333,0.9612326957423,1.000000000000001,0.14415847730719172,1024.0,5.004156404242602,0.3514367299578552,0.2132217504183771
"tb[beta=0.25] mlp_w32 from mlp_5 {context_source=uniform, contexts=256, group=5, learning_rate=0.0001, reference=initial, ppo_epochs=1, steps=10000, reward=potts_tfbind8}",2,models/port_grid3/tb_b0.25/seed_2/finetune_mlp_5,0.5204721783780037,0.3248866910109993,15.070847812729326,6.466100037755098,10.253380788259586,0.5163655667288195,0.12451406268795073,0.24398130357956563,0.024458541145371687,2.0989006641862558,0.29229376417723407,0.2684398447249373,3.0060994216448504,0.8203484036612317,16.389195817831723,0.7002634121448361,3.6100392781468593,2.527684466189501,0.9673403791625004,1.000000000000001,0.1340478793887781,1500.0,5.115317649297469,0.36064251970940336,0.20480155818450496
"tb[beta=0.25] mlp_w32 from mlp_5 {context_source=uniform, contexts=256, group=5, learning_rate=0.0001, reference=initial, ppo_epochs=1, steps=10000, reward=potts_tfbind8}",2,models/port_grid3/tb_b0.25/seed_2/finetune_mlp_5,0.523445929309307,0.33523951185245804,15.055186250658215,6.45292763214761,10.329002728895617,0.5198865100123546,0.11739344603302948,0.2536201474155545,0.0250827628760123,2.0686818890174963,0.30409213422087045,0.2787029102915668,2.9218449498452452,0.789872341002195,16.43097628047674,0.7021913387421199,3.6449303976410934,2.506616216734991,0.971932500424441,1.0000000000000009,0.1269407642734071,2000.0,5.2043922121275354,0.36770315107156043,0.1976976693903988
"tb[beta=0.25] mlp_w32 from mlp_5 {context_source=uniform, contexts=256, group=5, learning_rate=0.0001, reference=initial, ppo_epochs=1, steps=10000, reward=potts_tfbind8}",2,models/port_grid3/tb_b0.25/seed_2/finetune_mlp_5,0.5230181993192862,0.3342980862000675,15.056834878347948,6.452446564134981,10.27833682074926,0.5171233437009373,0.12006320112576539,0.2455273286618867,0.024963279630307145,2.071336222283468,0.29418472147154073,0.27049060829219385,2.5815990081331783,0.6490912029737551,16.471906047175008,0.7022792660228298,3.6927478534107214,2.1756817700588424,0.9730562373108418,1.000000000000001,0.12969982856066709,2048.0,5.139924178080904,0.3625221247167801,0.20238897894233254
"tb[beta=0.25] mlp_w32 from mlp_5 {context_source=uniform, contexts=256, group=5, learning_rate=0.0001, reference=initial, ppo_epochs=1, steps=10000, reward=potts_tfbind8}",2,models/port_grid3/tb_b0.25/seed_2/finetune_mlp_5,0.5221335895304025,0.3277304904148939,15.052147119171607,6.4545324535189685,10.292268699304072,0.5180262733634675,0.11807029020238427,0.2467271485016378,0.024145599468680112,2.062259394837755,0.2958737026812663,0.2708727479703179,2.9912580080836513,0.8050510826083739,16.40495737481047,0.7008535396079381,3.6190402577044387,2.52489826541225,0.9681870488935103,1.0000000000000009,0.12790584013168946,2500.0,5.149268094810786,0.3635943916749711,0.20122505797326118
"tb[beta=0.25] mlp_w32 from mlp_5 {context_source=uniform, contexts=256, group=5, learning_rate=0.0001, reference=initial, ppo_epochs=1, steps=10000, reward=potts_tfbind8}",2,models/port_grid3/tb_b0.25/seed_2/finetune_mlp_5,0.5255239867452626,0.3383448499668104,15.03524300151679,6.439762836848601,10.36194083568196,0.5211561653273192,0.11233855783260317,0.25563236241302356,0.024774506806507446,2.033326871426183,0.30751469592397146,0.280406869219531,2.5225685760415693,0.627136667733937,16.498949988548407,0.7035406757314036,3.720388718890112,2.160060011633413,0.9761147652315444,1.0000000000000009,0.12212879927992124,3000.0,5.228017908292707,0.3699111334072205,0.19545291667020273
"tb[beta=0.25] mlp_w32 from mlp_5 {context_source=uniform, contexts=256, group=5, learning_rate=0.0001, reference=initial, ppo_epochs=1, steps=10000, reward=potts_tfbind8}",2,models/port_grid3/tb_b0.25/seed_2/finetune_mlp_5,0.5233534144731276,0.33136573873907993,15.05214091768165,6.4481080557774675,10.29782793171438,0.5178525102427065,0.11586071554343295,0.24662514514368472,0.02407332659152278,2.051130637877922,0.2946214166460612,0.2706984717352075,2.5880630288611117,0.6451268272160561,16.466440283134872,0.7018662665388339,3.688160577580107,2.168202759288283,0.9721320945857247,1.0000000000000009,0.12526374599390733,3500.0,5.144436164520768,0.36299856013083276,0.20029759429033503
"tb[beta=0.25] mlp_w32 from mlp_5 {context_source=uniform, contexts=256, group=5, learning_rate=0.0001, reference=initial, ppo_epochs=1, steps=10000, reward=potts_tfbind8}",2,models/port_grid3/tb_b0.25/seed_2/finetune_mlp_5,0.5263909550164487,0.34201237750442837,15.031856282855626,6.430597515833922,10.349926981436868,0.5199494536867373,0.1121817607468671,0.25276669951009023,0.02432272992992557,2.0460168317389282,0.30361661025085934,0.2770894294400158,2.5337379629612604,0.6240820077191056,16.49490300932153,0.7032020175166587,3.71745813399848,2.157422301279605,0.9752569472591154,1.000000000000001,0.12123417716808277,4000.0,5.200592436759367,0.3680573423548712,0.19598795339567382
"tb[beta=0.25] mlp_w32 from mlp_5 {context_source=uniform, contexts=256, group=5, learning_rate=0.0001, reference=initial, ppo_epochs=1, steps=10000, reward=potts_tfbind8}",2,models/port_grid3/tb_b0.25/seed_2/finetune_mlp_5,0.5293613405017724,0.35458596511651774,15.025849709315386,6.425267873524899,10.443642974229132,0.5250304512197796,0.10670267208186152,0.2661766204906845,0.02422310775341685,2.010766141327782,0.32165814049133157,0.2903997282441014,2.95821716340932,0.7969137991105003,16.41919445204822,0.7016235809793608,3.637758740101508,2.522805553271987,0.9700725530008603,1.0000000000000013,0.11584670921048897,4096.0,5.336261801856381,0.37786470572426134,0.18893406775207822
"tb[beta=0.25] mlp_w32 from mlp_5 {context_source=uniform, contexts=256, group=5, learning_rate=0.0001, reference=initial, ppo_epochs=1, steps=10000, reward=potts_tfbind8}",2,models/port_grid3/tb_b0.25/seed_2/finetune_mlp_5,0.5300227573496968,0.35786630502204897,15.033281260526373,6.425514236031351,10.428639382341622,0.5240883549768338,0.1071029826647729,0.2626901662862018,0.024304905390560627,2.016052363192612,0.317971688421375,0.2869950716767624,2.9482562987730634,0.7968592586776708,16.432723667693747,0.702406670628224,3.643199251923354,2.531789714143272,0.9717594622198927,1.0000000000000009,0.11591115511240864,4500.0,5.328206290242761,0.37664828682701484,0.1897392283048202
"tb[beta=0.25] mlp_w32 from mlp_5 {context_source=uniform, contexts=256, group=5, learning_rate=0.0001, reference=initial, ppo_epochs=1, steps=10000, reward=potts_tfbind8}",2,models/port_grid3/tb_b0.25/seed_2/finetune_mlp_5,0.5323207674201724,0.3656852304383331,15.013134478879621,6.412787109475758,10.453562661641312,0.5249399609586191,0.10495841650525485,0.26711830665020514,0.02423427248728588,2.011314571105012,0.3222107314918301,0.291352579137491,2.904332284476813,0.7794707803482038,16.450514456467882,0.7031649475654664,3.6599438219177047,2.5148149256644503,0.973617012401067,1.0000000000000009,0.11391937835794128,5000.0,5.333885060423847,0.3784096175590296,0.18775973757775694
"tb[beta=0.25] mlp_w32 from mlp_5 {context_source=uniform, contexts=256, group=5, learning_rate=0.0001, reference=initial, ppo_epochs=1, steps=10000, reward=potts_tfbind8}",2,models/port_grid3/tb_b0.25/seed_2/finetune_mlp_5,0.5289568410272438,0.35328219830107715,15.006534848244435,6.408956981814606,10.427920293636282,0.5232965700979845,0.1061354336644664,0.2639025372763749,0.024160615729807988,2.0258890396831415,0.31671223621310274,0.2880631530061829,2.4201246755012606,0.5840267684466652,16.564347520589568,0.7067030346171894,3.782659078367674,2.1652593210966065,0.9835698221245643,1.0000000000000009,0.11483147508047283,5500.0,5.290762299694215,0.37557594147057666,0.1897171496394045
"tb[beta=0.25] mlp_w32 from mlp_5 {context_source=uniform, contexts=256, group=5, learning_rate=0.0001, reference=initial, ppo_epochs=1, steps=10000, reward=potts_tfbind8}",2,models/port_grid3/tb_b0.25/seed_2/finetune_mlp_5,0.5289024181065659,0.35082741182861465,15.014159996537984,6.409908607889353,10.451186871951032,0.5246543923041019,0.10416920649772482,0.26722583251321674,0.023967733385664602,2.0052439705140896,0.3208113431351004,0.29119356589888135,2.465588085040349,0.608583261306597,16.549496219428267,0.7062218970662381,3.766375690656055,2.192910231213928,0.9823970170489186,1.0000000000000009,0.11311393742378362,6000.0,5.320705498223567,0.3771103073609923,0.1884805319027809
"tb[beta=0.25] mlp_w32 from mlp_5 {context_source=uniform, contexts=256, group=5, learning_rate=0.0001, reference=initial, ppo_epochs=1, steps=10000, reward=potts_tfbind8}",2,models/port_grid3/tb_b0.25/seed_2/finetune_mlp_5,0.5306215260272114,0.3557521164597937,15.01969078883508,6.424032077317565,10.448063223681494,0.5251078061395864,0.10390523408213619,0.26533943964940226,0.023579728709771375,2.003581376721946,0.3198273084302028,0.28891916835917364,2.8901607655022636,0.7724961294085446,16.454775823605644,0.7032882954905685,3.664872368708254,2.5062560180014932,0.9740580380541277,1.000000000000001,0.11291081478626885,6500.0,5.337430565971557,0.3781792737727343,0.18751684679143593
"tb[beta=0.25] mlp_w32 from mlp_5 {context_source=uniform, contexts=256, group=5, learning_rate=0.0001, reference=initial, ppo_epochs=1, steps=10000, reward=potts_tfbind8}",2,models/port_grid3/tb_b0.25/seed_2/finetune_mlp_5,0.5327899380003908,0.36416725755712365,15.002538755008903,6.403319671190422,10.459863246699094,0.5249572024675473,0.103068190090208,0.2661684735389266,0.023726517924076596,1.9993447864092675,0.32192989536924177,0.2898949914630032,2.442540579977581,0.5939378854532882,16.56134002368843,0.7066869864029429,3.7795707810513512,2.1830804890647992,0.9832615602922139,1.000000000000001,0.11206339597090896,7000.0,5.337111861297203,0.3788302417811585,0.18744266709053253
"tb[beta=0.25] mlp_w32 from mlp_5 {context_source=uniform, contexts=256, group=5, learning_rate=0.0001, reference=initial, ppo_epochs=1, steps=10000, reward=potts_tfbind8}",2,models/port_grid3/tb_b0.25/seed_2/finetune_mlp_5,0.5328158930188813,0.36296714852476675,14.997626329316965,6.40933771979007,10.49418776987925,0.5271131750282463,0.10051023357353012,0.2700457761673105,0.02350151925182592,1.985446510660501,0.3280046098414131,0.29354729541913643,2.857247465836064,0.7544551718045298,16.46670935914196,0.7036453291560647,3.675254052506482,2.4822613791947274,0.9746862749534203,1.000000000000001,0.10955697964804062,7500.0,5.379501115741116,0.38248424051181457,0.18388568511754153
"tb[beta=0.25] mlp_w32 from mlp_5 {context_source=uniform, contexts=256, group=5, learning_rate=0.0001, reference=initial, ppo_epochs=1, steps=10000, reward=potts_tfbind8}",2,models/port_grid3/tb_b0.25/seed_2/finetune_mlp_5,0.5325015910576585,0.3642875027400728,14.99272468714679,6.393294226732477,10.461022119951602,0.5245101056814313,0.10222169988369867,0.2659792412759997,0.023919242678176023,1.9952160215443722,0.3212774381305048,0.2898984839541757,2.5231890092381626,0.6217704733270772,16.51104042317981,0.7040906895035538,3.7326844757478845,2.174828034688513,0.9771227842505736,1.0000000000000009,0.11112122041904396,8000.0,5.330465262304572,0.37860928204363953,0.18745356648276934
"tb[beta=0.25] mlp_w32 from mlp_5 {context_source=uniform, contexts=256, group=5, learning_rate=0.0001, reference=initial, ppo_epochs=1, steps=10000, reward=potts_tfbind8}",2,models/port_grid3/tb_b0.25/seed_2/finetune_mlp_5,0.5330125292420252,0.36701728537011413,14.984774149272763,6.392021231672869,10.512972295364012,0.527278084003352,0.09933335659728657,0.2733290782046682,0.02347565444634936,1.995224024074469,0.33082902181202783,0.29680473265101753,2.884991706243279,0.7664724745436017,16.460362335755473,0.7034879017907252,3.6682617337015215,2.504310125952764,0.9743406941013644,1.000000000000001,0.10768526024746561,8500.0,5.393006896281692,0.38392220673309113,0.18216196543518873
"tb[beta=0.25] mlp_w32 from mlp_5 {context_source=uniform, contexts=256, group=5, learning_rate=0.0001, reference=initial, ppo_epochs=1, steps=10000, reward=potts_tfbind8}",2,models/port_grid3/tb_b0.25/seed_2/finetune_mlp_5,0.5341621901664866,0.3664542161566538,15.015998454638156,6.422316092022657,10.443615218132532,0.5248266939746501,0.10288756646644182,0.2629651695719309,0.023201687900935963,1.998264658409231,0.31773944914260144,0.28616685747286685,2.5632198637032317,0.6366619823047392,16.49844302898475,0.7036202138129435,3.7212080478417873,2.1934173456888564,0.9756169910330833,1.000000000000001,0.11193495688590915,9000.0,5.318453138903294,0.3770275824637973,0.18758254198389263
"tb[beta=0.25] mlp_w32 from mlp_5 {context_source=uniform, contexts=256, group=5, learning_rate=0.0001, reference=initial, ppo_epochs=1, steps=10000, reward=potts_tfbind8}",2,models/port_grid3/tb_b0.25/seed_2/finetune_mlp_5,0.5322356309903918,0.3592891921076543,15.01247407904803,6.410669832039019,10.473950938017959,0.5258881889047894,0.1009164926468268,0.26737862549226843,0.02319211397155657,1.993693949586436,0.3230039487216186,0.290570739463825,2.981727070986688,0.8043310070275453,16.432718031935174,0.7025515087404531,3.6441610675796605,2.5672043568058207,0.971690439036179,1.000000000000001,0.10961552649356963,9500.0,5.366169316024091,0.3804182685743179,0.1849000394552014
"tb[beta=0.25] mlp_w32 from mlp_5 {context_source=uniform, contexts=256, group=5, learning_rate=0.0001, reference=initial, ppo_epochs=1, steps=10000, reward=potts_tfbind8}",2,models/port_grid3/tb_b0.25/seed_2/finetune_mlp_5,0.534353304271049,0.36801110656136915,14.993174987030383,6.395728779549017,10.503130111392746,0.5269366167616152,0.09899274126788296,0.27161255071177015,0.023512957505431253,1.9751734166009816,0.328304094371862,0.2951255082172014,2.439962883494849,0.5935580572473885,16.562399053111534,0.7066931533440961,3.78311371434231,2.1790987539500213,0.9831725390207038,1.000000000000001,0.10762087880011655,10000.0,5.385385979964451,0.38252569691952437,0.18373885488160535
"tb[beta=0.5] mlp_w32 from mlp_5 {context_source=uniform, contexts=256, group=5, learning_rate=0.0001, reference=initial, ppo_epochs=1, steps=10000, reward=potts_tfbind8}",1,models/port_grid3/tb_b0.5/seed_1/finetune_mlp_5,0.40089774494688835,0.0,15.58400929863198,7.3350796144291905,7.274364485999048,0.40059227009566606,2.2007286308340355,0.0,0.0,3.3845174252188786,0.0,0.0,4.896481007458549,1.5766628960892644,8.347072093028896,0.2951274947079451,0.0,0.36194497535363446,0.02441464572044008,1.0000000000000013,2.4505464727693775,0.0,1.8270649549340976,0.11713328142727052,0.7909839602924758
"tb[beta=0.5] mlp_w32 from mlp_5 {context_source=uniform, contexts=256, group=5, learning_rate=0.0001, reference=initial, ppo_epochs=1, steps=10000, reward=potts_tfbind8}",1,models/port_grid3/tb_b0.5/seed_1/finetune_mlp_5,0.40218601346655086,9.492505036220848e-05,15.586637131575191,7.336182543865073,7.304632866558917,0.4020712432271394,2.1792607257802983,0.00010553321525092309,9.70904423088447e-06,3.3646764329189613,0.00010565880534094889,0.00011524225948180756,4.919716190515021,1.5847123939368382,8.357291465396234,0.29570526586322265,0.00019040047107858008,0.375230860183804,0.02537027596218456,1.0000000000000013,2.4355179412947865,1.0,1.8623923209660718,0.11948234191759508,0.7888281684969383
"tb[beta=0.5] mlp_w32 from mlp_5 {context_source=uniform, contexts=256, group=5, learning_rate=0.0001, reference=initial, ppo_epochs=1, steps=10000, reward=potts_tfbind8}",1,models/port_grid3/tb_b0.5/seed_1/finetune_mlp_5,0.4034620761451633,0.000367042279074402,15.588667054837074,7.335483657600746,7.335409625993066,0.4034949469212947,2.158015501436851,0.00040873442974935243,3.585976117414575e-05,3.3453923177602003,0.00040965393012900274,0.0004445941909234982,4.936611503720379,1.5896814311043044,8.382671823586556,0.29701901857718715,0.0008079278646486222,0.4052943044085784,0.027668226477350677,1.000000000000001,2.420433556702496,2.0,1.8979914247980645,0.12185851618450433,0.7866432259805962
"tb[beta=0.5] mlp_w32 from mlp_5 {context_source=uniform, contexts=256, group=5, learning_rate=0.0001, reference=initial, ppo_epochs=1, steps=10000, reward=potts_tfbind8}",1,models/port_grid3/tb_b0.5/seed_1/finetune_mlp_5,0.40602968152937713,0.0013806225624844386,15.59046261245496,7.330671935934101,7.396544451913744,0.4062023712861689,2.116507761878647,0.0014964839312150008,0.0001233449055683968,3.308262240326025,0.0015046430366030712,0.0016198288367833976,4.957687316660005,1.5977179642461712,8.404083793772834,0.2981783306701581,0.0020444043866310246,0.42909810615806765,0.02946051186794122,1.0000000000000009,2.39096113284863,4.0,1.9690900402844194,0.12662059953890334,0.7822650530470783
"tb[beta=0.5] mlp_w32 from mlp_5 {context_source=uniform, contexts=256, group=5, learning_rate=0.0001, reference=initial, ppo_epochs=1, steps=10000, reward=potts_tfbind8}",1,models/port_grid3/tb_b0.5/seed_1/finetune_mlp_5,0.41144467099095294,0.00547834326309651,15.592227492072556,7.315159908019753,7.523421917279997,0.41165522047828984,2.036042134665618,0.005774170355981097,0.00043822445655302376,3.240001044350013,0.005837949518268652,0.006212394812534121,5.637816330149036,1.7970564977724375,8.604917462915324,0.30944982405826615,0.04109066959575909,0.7563654804225506,0.05460214555214049,1.0000000000000009,2.331855706647169,8.0,2.1163495108026846,0.13657272633371925,0.7732105441689132
"tb[beta=0.5] mlp_w32 from mlp_5 {context_source=uniform, contexts=256, group=5, learning_rate=0.0001, reference=initial, ppo_epochs=1, steps=10000, reward=potts_tfbind8}",1,models/port_grid3/tb_b0.5/seed_1/finetune_mlp_5,0.4224088589673508,0.021005128268133288,15.586894504641979,7.27225864508986,7.77824477330064,0.4224280164398381,1.8921750059364588,0.021411586556641014,0.0015277373433418978,3.1192548594792786,0.0218439988372076,0.022939323899982912,5.721191801358105,1.825265132581896,8.863857538156525,0.32249524797285994,0.07871936599588718,0.983518305576464,0.07613476103766137,1.0000000000000013,2.2204503279557866,16.0,2.411820202573926,0.15684137254184594,0.7551487420420853
"tb[beta=0.5] mlp_w32 from mlp_5 {context_source=uniform, contexts=256, group=5, learning_rate=0.0001, reference=initial, ppo_epochs=1, steps=10000, reward=potts_tfbind8}",1,models/port_grid3/tb_b0.5/seed_1/finetune_mlp_5,0.4445944629549197,0.07506985067539895,15.546229990426049,7.160492827240223,8.295929957001366,0.4443284077555381,1.6454731271252705,0.07348267986307905,0.005118278323070519,2.9087739295197754,0.07625882890082462,0.07860095818614957,6.232228463952048,1.9480508183229743,11.88203242693787,0.4801552442905307,1.819405974806819,2.567902157062457,0.4432913952804623,1.0000000000000009,2.016022566169039,32.0,3.025091820878133,0.20005555459309407,0.71807438546968
"tb[beta=0.5] mlp_w32 from mlp_5 {context_source=uniform, contexts=256, group=5, learning_rate=0.0001, reference=initial, ppo_epochs=1, steps=10000, reward=potts_tfbind8}",1,models/port_grid3/tb_b0.5/seed_1/finetune_mlp_5,0.48545180351825207,0.21598568941745094,15.41940091084369,6.955699450387164,9.219495729137863,0.4855780914539262,1.2814604319849132,0.1975245372628051,0.013751866372878285,2.556743705976765,0.2134844479498308,0.2112764036356834,3.4363432814198913,0.9702034544939169,16.25237184133751,0.6959274353429082,3.616592807188399,2.8108716930188167,0.955936353521393,1.000000000000001,1.6914652991498003,64.0,4.16425952155258,0.28292678670939186,0.6492435338025468
"tb[beta=0.5] mlp_w32 from mlp_5 {context_source=uniform, contexts=256, group=5, learning_rate=0.0001, reference=initial, ppo_epochs=1, steps=10000, reward=potts_tfbind8}",1,models/port_grid3/tb_b0.5/seed_1/finetune_mlp_5,0.5409592254008235,0.47271777738153187,15.08175234775808,6.534037508744399,10.530210542198164,0.5407168923977652,0.8965028081212029,0.3986363434705983,0.028395849394716288,2.175449463312378,0.4527938398444008,0.4270321928653146,2.7382609187816835,0.6985671488796615,16.68916364769239,0.7163463963508381,4.070947637263809,2.697247110537439,0.9974239879356275,1.000000000000001,1.2754172845142189,128.0,5.666489644716355,0.4012588585033754,0.5554393260315034
"tb[beta=0.5] mlp_w32 from mlp_5 {context_source=uniform, contexts=256, group=5, learning_rate=0.0001, reference=initial, ppo_epochs=1, steps=10000, reward=potts_tfbind8}",1,models/port_grid3/tb_b0.5/seed_1/finetune_mlp_5,0.5982639980246952,0.7936285676265479,14.431521031109106,5.98601870064072,11.922407615777393,0.5967619150664292,0.5970665335076506,0.635817671948862,0.049648634670443115,1.8955994179008293,0.7506982920335437,0.6854663066193051,3.308117979675707,0.844909771719717,16.906564114989987,0.7311657295253947,5.040695639493841,3.306170856463203,0.9998782742712694,1.0000000000000007,0.8772231999137453,256.0,6.940734605734477,0.5244818499517205,0.45143722935626884
"tb[beta=0.5] mlp_w32 from mlp_5 {context_source=uniform, contexts=256, group=5, learning_rate=0.0001, reference=initial, ppo_epochs=1, steps=10000, reward=potts_tfbind8}",1,models/port_grid3/tb_b0.5/seed_1/finetune_mlp_5,0.6403646699956816,1.0698286842965719,13.725569891638377,5.539996272388514,12.999694438618185,0.6405424836677701,0.40756285708714385,0.8284642444286456,0.07584456408358609,1.6859716391365267,1.0085461280618355,0.9043088085122317,3.0893393044159843,0.7761297311192104,16.933455816366518,0.7309906882635367,4.992438551094955,3.0888630534788413,0.9999702328225353,1.0000000000000007,0.5964276245216407,500.0,7.666322858894501,0.6159276629573653,0.3637941351646008
"tb[beta=0.5] mlp_w32 from mlp_5 {context_source=uniform, contexts=256, group=5, learning_rate=0.0001, reference=initial, ppo_epochs=1, steps=10000, reward=potts_tfbind8}",1,models/port_grid3/tb_b0.5/seed_1/finetune_mlp_5,0.6428299822816176,1.087218546435526,13.691309790583375,5.5109631926102045,13.06231647166048,0.6431089985930553,0.3982306368474158,0.8416265715311119,0.07655189607101065,1.6792778702222722,1.0263999318335801,0.9181784676021225,3.2034797491232,0.8289829815432388,16.92892487018677,0.7315126833712416,4.995450652796022,3.202642657439009,0.9999476761345328,1.0000000000000007,0.582970411772239,512.0,7.714187613097448,0.6211151271145015,0.3594811956568902
"tb[beta=0.5] mlp_w32 from mlp_5 {context_source=uniform, contexts=256, group=5, learning_rate=0.0001, reference=initial, ppo_epochs=1, steps=10000, reward=potts_tfbind8}",1,models/port_grid3/tb_b0.5/seed_1/finetune_mlp_5,0.668709608358633,1.2751330423321785,13.104374237920283,5.166980995127179,13.801698975968781,0.672420970780505,0.2894545225391145,1.016769394163894,0.09771389047723811,1.5360125081197304,1.2260825992662205,1.114483284641132,3.0689561629293927,0.7809108568604308,16.95845494939618,0.7321884197837994,5.011381991443074,3.0685152461834835,0.9999724407921192,1.0000000000000007,0.41296182705072815,1000.0,8.094690050968373,0.6826220787757658,0.2956355325750199
"tb[beta=0.5] mlp_w32 from mlp_5 {context_source=uniform, contexts=256, group=5, learning_rate=0.0001, reference=initial, ppo_epochs=1, steps=10000, reward=potts_tfbind8}",1,models/port_grid3/tb_b0.5/seed_1/finetune_mlp_5,0.6694998134663575,1.281957017052616,13.064994451541619,5.143814316433767,13.836883020524978,0.6734781100276027,0.28709193956464374,1.0248724006755805,0.09956452207238686,1.530069214504084,1.2363042347083755,1.1244369227479674,3.0559508264857476,0.7815907803111809,16.941208642796653,0.731254806433318,4.961875980904355,3.055595707735983,0.9999778039416429,1.0000000000000002,0.4055914402147841,1024.0,8.116370640653653,0.6864816010588473,0.2956084636481674
"tb[beta=0.5] mlp_w32 from mlp_5 {context_source=uniform, contexts=256, group=5, learning_rate=0.0001, reference=initial, ppo_epochs=1, steps=10000, reward=potts_tfbind8}",1,models/port_grid3/tb_b0.5/seed_1/finetune_mlp_5,0.6748035752498518,1.3190124486285595,12.920614479915837,5.066593954896382,13.97900062584887,0.6780506703853225,0.25958166503261654,1.0597001905429095,0.10932982890801446,1.4745482320411492,1.2669337949645794,1.169030019450924,2.7996499796222025,0.6862229185161539,16.958834806478023,0.7306027138135478,4.882744456029039,2.7994200030584975,0.999985625988165,1.0000000000000004,0.36516219780903914,1500.0,8.157129856768881,0.6980615247865821,0.2789332896271093
"tb[beta=0.5] mlp_w32 from mlp_5 {context_source=uniform, contexts=256, group=5, learning_rate=0.0001, reference=initial, ppo_epochs=1, steps=10000, reward=potts_tfbind8}",1,models/port_grid3/tb_b0.5/seed_1/finetune_mlp_5,0.6848073449170934,1.3820714897351214,12.865625675521105,5.01780482229008,14.107003505535326,0.6837105382166719,0.23617276054021594,1.092467407408051,0.11569249947745863,1.4243213624664943,1.3020915218526932,1.2081599068855096,3.0669427275541286,0.7949741040097866,17.03779151255,0.7370879614222383,5.254529152817793,3.0666968270283794,0.9999846306475849,1.0000000000000004,0.3363184848539328,2000.0,8.251010002195676,0.7073934220897649,0.26595070090748285
"tb[beta=0.5] mlp_w32 from mlp_5 {context_source=uniform, contexts=256, group=5, learning_rate=0.0001, reference=initial, ppo_epochs=1, steps=10000, reward=potts_tfbind8}",1,models/port_grid3/tb_b0.5/seed_1/finetune_mlp_5,0.6846859009151234,1.3861751054347082,12.787337407145078,4.97500152657462,14.138321912963203,0.6838032232751946,0.23631673093876315,1.11018685959971,0.11721066636975941,1.441605010341183,1.3137255598676705,1.2273975259694694,3.0025772913635844,0.7713178936084177,17.016046866723457,0.7353745622471685,5.139301018841784,3.002395807157479,0.9999886569349775,1.0000000000000007,0.33229331915496674,2048.0,8.231246383326747,0.7108832126302802,0.26608376490416746
"tb[beta=0.5] mlp_w32 from mlp_5 {context_source=uniform, contexts=256, group=5, learning_rate=0.0001, reference=initial, ppo_epochs=1, steps=10000, reward=potts_tfbind8}",1,models/port_grid3/tb_b0.5/seed_1/finetune_mlp_5,0.6846702222018443,1.377986956364135,12.732500277160423,4.94950530390773,14.238092511896689,0.6887121179853586,0.22005232525428076,1.1323584387592975,0.12015940946779202,1.3923129107746668,1.3416819628319447,1.2525178482270896,3.004535677093382,0.7708851317635512,17.054602534060127,0.73778566252407,5.321463054175117,3.0043461241821485,0.9999881527109173,1.0000000000000007,0.31036442265249947,2500.0,8.292669950777181,0.7184646939694357,0.2551646359418769
"tb[beta=0.5] mlp_w32 from mlp_5 {context_source=uniform, contexts=256, group=5, learning_rate=0.0001, reference=initial, ppo_epochs=1, steps=10000, reward=potts_tfbind8}",1,models/port_grid3/tb_b0.5/seed_1/finetune_mlp_5,0.6939305245649567,1.442180079750943,12.714072882663089,4.9174899447569125,14.323895141101204,0.6925967517355051,0.20990875968481956,1.1641656006230168,0.12176304441955255,1.3692512439958042,1.368419913995981,1.2859286450425693,3.126636246515817,0.8336661879286092,17.090622071840695,0.7409126996587423,5.444021167861181,3.126438976261049,0.999987670256212,1.0000000000000004,0.2942010592142714,3000.0,8.424980618377372,0.7280783006512708,0.24899006654559463
"tb[beta=0.5] mlp_w32 from mlp_5 {context_source=uniform, contexts=256, group=5, learning_rate=0.0001, reference=initial, ppo_epochs=1, steps=10000, reward=potts_tfbind8}",1,models/port_grid3/tb_b0.5/seed_1/finetune_mlp_5,0.6935252503538243,1.4445150233246054,12.640669437767738,4.8932709660397675,14.356955965009135,0.6935663168542967,0.2037922580760147,1.1670786007196168,0.12240986240849616,1.3611896587619452,1.37611450571572,1.289488463128113,3.023966651034686,0.7863952234016615,17.090373298479854,0.7400244166302824,5.416793490077522,3.0238199127147607,0.9999908286641815,1.0000000000000007,0.28536523898004973,3500.0,8.369508860565503,0.7290763618966203,0.242626168461587
"tb[beta=0.5] mlp_w32 from mlp_5 {context_source=uniform, contexts=256, group=5, learning_rate=0.0001, reference=initial, ppo_epochs=1, steps=10000, reward=potts_tfbind8}",1,models/port_grid3/tb_b0.5/seed_1/finetune_mlp_5,0.6917973979890489,1.4276394901527867,12.611002722145553,4.872841448470086,14.384465715161356,0.6940812316059253,0.2017357648242038,1.1891434047300093,0.12250810374797272,1.3676393110135954,1.3841227512993362,1.311651508477982,3.018820212265463,0.7819412294213628,17.07425602917251,0.7389448530800792,5.350117303114805,3.0186699309704057,0.9999906072132615,1.0000000000000004,0.2796186094875617,4000.0,8.39547293176589,0.7326968657898706,0.24078843067128367
"tb[beta=0.5] mlp_w32 from mlp_5 {context_source=uniform, contexts=256, group=5, learning_rate=0.0001, reference=initial, ppo_epochs=1, steps=10000, reward=potts_tfbind8}",1,models/port_grid3/tb_b0.5/seed_1/finetune_mlp_5,0.6934097750334278,1.4339130111564296,12.620613280059613,4.874885139468235,14.396368432848345,0.6949479154584662,0.19881975854968154,1.1859365031435942,0.12256674665035705,1.3555631131082322,1.3872194299407807,1.3085032497939513,3.0637077253229688,0.8061387698889373,17.09754212838028,0.7407270075324829,5.442370375861266,3.0635507167071925,0.9999901867239261,1.0000000000000009,0.27676392928550647,4096.0,8.412151804623981,0.7331669609019735,0.2397461389981499
"tb[beta=0.5] mlp_w32 from mlp_5 {context_source=uniform, contexts=256, group=5, learning_rate=0.0001, reference=initial, ppo_epochs=1, steps=10000, reward=potts_tfbind8}",1,models/port_grid3/tb_b0.5/seed_1/finetune_mlp_5,0.7014983210814897,1.509125527803567,12.503220740780096,4.814294043793456,14.521400857694285,0.7003541203148206,0.18884171819256532,1.2280931902819767,0.12468002015310797,1.3519223804158986,1.4327066515532043,1.3527732104350847,3.035713443849248,0.7905258222538304,17.094721582468555,0.7403118225328653,5.427670074239329,3.035549488750636,0.999989752553685,1.0000000000000004,0.25973493847495566,4500.0,8.480389949906687,0.7451223830876248,0.2300562246861288
"tb[beta=0.5] mlp_w32 from mlp_5 {context_source=uniform, contexts=256, group=5, learning_rate=0.0001, reference=initial, ppo_epochs=1, steps=10000, reward=potts_tfbind8}",1,models/port_grid3/tb_b0.5/seed_1/finetune_mlp_5,0.6997722523756091,1.486322473446139,12.554963814578715,4.838585106910773,14.48709208968986,0.6990496166326227,0.18906003978414915,1.217352387186768,0.12417332634968625,1.3288411262701327,1.4173086270876263,1.3415257135364542,3.0291207364327404,0.7973067679277965,17.125442333202393,0.7423991553518124,5.5446974375851035,3.0289634103145326,0.9999901668910546,1.0000000000000004,0.26149129801158927,5000.0,8.469380624074828,0.7410030147136448,0.23148110492373258
"tb[beta=0.5] mlp_w32 from mlp_5 {context_source=uniform, contexts=256, group=5, learning_rate=0.0001, reference=initial, ppo_epochs=1, steps=10000, reward=potts_tfbind8}",1,models/port_grid3/tb_b0.5/seed_1/finetune_mlp_5,0.7018719420534806,1.4959494012727206,12.482514493875547,4.799782868220904,14.5912658356307,0.7041115660380002,0.17964718152233686,1.249989412893346,0.12337204933336166,1.3107360895913043,1.4552442847844627,1.3733614622267076,3.1059027216891146,0.8281527969026198,17.135705023430496,0.7435740413972216,5.634736241669673,3.1057723727651596,0.999991853057639,1.0000000000000004,0.24734008273801164,5500.0,8.52867424580458,0.749514658053061,0.2257470599153537
"tb[beta=0.5] mlp_w32 from mlp_5 {context_source=uniform, contexts=256, group=5, learning_rate=0.0001, reference=initial, ppo_epochs=1, steps=10000, reward=potts_tfbind8}",1,models/port_grid3/tb_b0.5/seed_1/finetune_mlp_5,0.7030220520360139,1.5037848629229558,12.506604442782594,4.816256461928348,14.545576612988631,0.7018966504176692,0.18094892181459088,1.2203180268012621,0.12285180265750806,1.312332359645384,1.4359734459565647,1.3431698294587702,3.1796036020757508,0.860256925920383,17.151103935255442,0.7450306409191536,5.709364306147086,3.17944926069847,0.9999903534452678,1.0000000000000004,0.2509138552311493,6000.0,8.482095879173388,0.7448769198253163,0.22612189305847938
"tb[beta=0.5] mlp_w32 from mlp_5 {context_source=uniform, contexts=256, group=5, learning_rate=0.0001, reference=initial, ppo_epochs=1, steps=10000, reward=potts_tfbind8}",1,models/port_grid3/tb_b0.5/seed_1/finetune_mlp_5,0.7102624019473049,1.561163926340035,12.395161546132563,4.760873145806079,14.68138971469154,0.7083111203248929,0.16992898462514747,1.2685772583048065,0.12324540166303133,1.294621206149865,1.4861454880798022,1.3918226599678378,3.1573627724255067,0.859347432661464,17.196162900994963,0.7477990795221376,5.8850042576377035,3.1572005803574834,0.9999898627551476,1.0000000000000002,0.2331793465029305,6500.0,8.549605282404261,0.7564245686309381,0.2159949768727176
"tb[beta=0.5] mlp_w32 from mlp_5 {context_source=uniform, contexts=256, group=5, learning_rate=0.0001, reference=initial, ppo_epochs=1, steps=10000, reward=potts_tfbind8}",1,models/port_grid3/tb_b0.5/seed_1/finetune_mlp_5,0.702414407238255,1.4920795292709803,12.504584441078137,4.8168983899866,14.536566977691335,0.7011899476629695,0.17992337045931173,1.2208130150935965,0.12051090112182394,1.3047186346119162,1.4298853085195384,1.3413239162154205,3.121549396759717,0.8414022278391837,17.168999352817455,0.745835719096489,5.7432180865703835,3.1213946731848345,0.9999903295484193,1.0000000000000002,0.24933053544276423,7000.0,8.480626835908389,0.744873264844427,0.2245470233713382
"tb[beta=0.5] mlp_w32 from mlp_5 {context_source=uniform, contexts=256, group=5, learning_rate=0.0001, reference=initial, ppo_epochs=1, steps=10000, reward=potts_tfbind8}",1,models/port_grid3/tb_b0.5/seed_1/finetune_mlp_5,0.710229507047762,1.5653174832676837,12.342486566623165,4.726784263625567,14.694911896105033,0.7075405884937709,0.16847053687949612,1.2787064253672575,0.12359528641939055,1.3046166280338383,1.4892864301742796,1.402301711786648,3.1479900544389725,0.8578162031789018,17.202195733241005,0.7481043848169748,5.892467968464498,3.147840677049697,0.9999906636877111,1.0000000000000002,0.22955919789065796,7500.0,8.542802069558634,0.759221229311718,0.21181340433543241
"tb[beta=0.5] mlp_w32 from mlp_5 {context_source=uniform, contexts=256, group=5, learning_rate=0.0001, reference=initial, ppo_epochs=1, steps=10000, reward=potts_tfbind8}",1,models/port_grid3/tb_b0.5/seed_1/finetune_mlp_5,0.7094055906900697,1.554970297766701,12.288468944527779,4.716400492016753,14.714887496642834,0.708389948118091,0.167293829145333,1.2883249501683052,0.12317228271609348,1.2956950056049878,1.4961864573604138,1.4114972328843987,3.0133651328622797,0.8030564883713103,17.193800053830646,0.7468088391197579,5.8239462542592735,3.01323324077826,0.9999917565638593,1.0000000000000007,0.2264714248078964,8000.0,8.518258539257275,0.761125685988046,0.21074948732371163
"tb[beta=0.5] mlp_w32 from mlp_5 {context_source=uniform, contexts=256, group=5, learning_rate=0.0001, reference=initial, ppo_epochs=1, steps=10000, reward=potts_tfbind8}",1,models/port_grid3/tb_b0.5/seed_1/finetune_mlp_5,0.7127845198461743,1.5787963298288321,12.325396937538901,4.725301450966997,14.757280979732023,0.7114792922095929,0.16146706425071222,1.2951092918477842,0.12155438675003372,1.2764612413462932,1.5108402875340858,1.416663678597818,3.1849845011560096,0.8760469719799325,17.217194835485625,0.7493436311805315,5.971943134102458,3.1848381568708657,0.9999908532742308,1.0000000000000004,0.21992851343697117,8500.0,8.591691606245984,0.7635709949451198,0.20885793656569102
"tb[beta=0.5] mlp_w32 from mlp_5 {context_source=uniform, contexts=256, group=5, learning_rate=0.0001, reference=initial, ppo_epochs=1, steps=10000, reward=potts_tfbind8}",1,models/port_grid3/tb_b0.5/seed_1/finetune_mlp_5,0.712549803838177,1.5750139985359877,12.361083499519216,4.739917018047405,14.716270991898224,0.7095340574775499,0.16287161560035707,1.2749273912039096,0.12032007207529727,1.273665313918702,1.4951928463765332,1.395247463279207,3.1825969429591807,0.8928754584919141,17.274508822490656,0.7533069494712998,6.184307080716943,3.1824204469178863,0.9999889686746983,1.0000000000000004,0.22478606619631294,9000.0,8.556330733143371,0.7588972286812921,0.2092178283925344
"tb[beta=0.5] mlp_w32 from mlp_5 {context_source=uniform, contexts=256, group=5, learning_rate=0.0001, reference=initial, ppo_epochs=1, steps=10000, reward=potts_tfbind8}",1,models/port_grid3/tb_b0.5/seed_1/finetune_mlp_5,0.7087412668370858,1.5414591854548279,12.39384340019756,4.75666905148884,14.656239416253499,0.7060252635422929,0.16713624935535284,1.2634366094947982,0.11959074031334826,1.2867934019938811,1.4698071026012869,1.3830273498081465,3.12412956036266,0.8606825926972035,17.231489652709868,0.7498785811083725,5.940060871308527,3.123957095973288,0.9999892206442137,1.0000000000000004,0.229416110243432,9500.0,8.521828281656482,0.7545600663645492,0.21391216390493722
"tb[beta=0.5] mlp_w32 from mlp_5 {context_source=uniform, contexts=256, group=5, learning_rate=0.0001, reference=initial, ppo_epochs=1, steps=10000, reward=potts_tfbind8}",1,models/port_grid3/tb_b0.5/seed_1/finetune_mlp_5,0.712505432267807,1.5691609661326986,12.355269051213188,4.731917648740649,14.714755460426435,0.7088131242499145,0.1637727355606396,1.2800133063269907,0.12058558562785304,1.2772588870387986,1.492157487489763,1.4005988919548438,3.2010123657016645,0.8931640183224514,17.237477708005848,0.7509755633200736,6.027234529942692,3.2008595315469193,0.9999904476310789,1.0000000000000004,0.22250847304543633,10000.0,8.581577523230935,0.7608663037303681,0.21066407868763615
"tb[beta=0.5] mlp_w32 from mlp_5 {context_source=uniform, contexts=256, group=5, learning_rate=0.0001, reference=initial, ppo_epochs=1, steps=10000, reward=potts_tfbind8}",2,models/port_grid3/tb_b0.5/seed_2/finetune_mlp_5,0.40089774494688835,0.0,15.58400929863198,7.3350796144291905,7.274364485999048,0.40059227009566606,2.2007286308340355,0.0,0.0,3.3845174252188786,0.0,0.0,4.896481007458549,1.5766628960892644,8.347072093028896,0.2951274947079451,0.0,0.36194497535363446,0.02441464572044008,1.0000000000000013,2.4505464727693775,0.0,1.8270649549340976,0.11713328142727052,0.7909839602924758
"tb[beta=0.5] mlp_w32 from mlp_5 {context_source=uniform, contexts=256, group=5, learning_rate=0.0001, reference=initial, ppo_epochs=1, steps=10000, reward=potts_tfbind8}",2,models/port_grid3/tb_b0.5/seed_2/finetune_mlp_5,0.40188007202086795,8.470364313458768e-05,15.582545262545475,7.327290675113883,7.3050208602715045,0.4016786793239596,2.181976270673076,9.171454679876502e-05,8.304032954818162e-06,3.3699589823320255,9.17632599086208e-05,0.00010001857975358318,4.897306520969919,1.5770716765067734,8.354825245512766,0.2955179299084893,7.683746447578013e-05,0.3705643526986985,0.025046695883445318,1.0000000000000013,2.435310048893057,1.0,1.8579593589282801,0.11921627284190227,0.7890527810223735
"tb[beta=0.5] mlp_w32 from mlp_5 {context_source=uniform, contexts=256, group=5, learning_rate=0.0001, reference=initial, ppo_epochs=1, steps=10000, reward=potts_tfbind8}",2,models/port_grid3/tb_b0.5/seed_2/finetune_mlp_5,0.40315035372661545,0.00036069655125528337,15.582644070510945,7.321712762519894,7.33687839899681,0.4029298944234877,2.1616124501825387,0.0003840407987400806,3.0190500203473728e-05,3.3536087384206756,0.00038466512138196976,0.0004142312989435543,4.901313557174227,1.5776151236225882,8.379027824749038,0.2967441787758619,0.000686558706199811,0.4004024367490622,0.02731423279344062,1.000000000000001,2.4196741813918763,2.0,1.8921742118560778,0.1215224333199666,0.7869270556155442
"tb[beta=0.5] mlp_w32 from mlp_5 {context_source=uniform, contexts=256, group=5, learning_rate=0.0001, reference=initial, ppo_epochs=1, steps=10000, reward=potts_tfbind8}",2,models/port_grid3/tb_b0.5/seed_2/finetune_mlp_5,0.4058100373660296,0.0014504090241672643,15.58440467324696,7.314306475594885,7.399453461118016,0.40557449864064365,2.1215189098119147,0.001526435372485417,0.0001121205631112827,3.3205430545084944,0.0015325249919367206,0.0016385559355966998,4.921134055042787,1.58560115610132,8.402297697966203,0.298002290302316,0.0018931623214429334,0.423612833652558,0.02907130305090069,1.0000000000000013,2.3895345102018295,4.0,1.9614246218612874,0.1261934886072779,0.7826481441267634
"tb[beta=0.5] mlp_w32 from mlp_5 {context_source=uniform, contexts=256, group=5, learning_rate=0.0001, reference=initial, ppo_epochs=1, steps=10000, reward=potts_tfbind8}",2,models/port_grid3/tb_b0.5/seed_2/finetune_mlp_5,0.41150623387192176,0.005899988674149327,15.586312294209003,7.299316395381265,7.528042767326005,0.41114077436876995,2.040143995901942,0.006058981588212654,0.00043151425783853874,3.251264655010876,0.006115483431576824,0.006490495846051192,5.034708946006642,1.6203966303956987,8.497291165383825,0.30301152326748904,0.007687965785635662,0.5640039417387036,0.03972688098105755,1.0000000000000013,2.329822815537475,8.0,2.1099809706673085,0.13626799730484218,0.77353312400909
"tb[beta=0.5] mlp_w32 from mlp_5 {context_source=uniform, contexts=256, group=5, learning_rate=0.0001, reference=initial, ppo_epochs=1, steps=10000, reward=potts_tfbind8}",2,models/port_grid3/tb_b0.5/seed_2/finetune_mlp_5,0.4233341014273818,0.02263169666125221,15.58366439312558,7.267336490206281,7.7884527264944845,0.42276367907814194,1.8883033629212187,0.022654745861035802,0.0015719497354764397,3.118115428528049,0.023106858634787703,0.024226695596512242,5.718220991889849,1.8204475898195827,8.863050048105494,0.32248404014741827,0.07676675793820201,0.9909639393664833,0.07692908562254319,1.000000000000001,2.2166092111564457,16.0,2.4214157395171187,0.15763822446818598,0.7545061793204988
"tb[beta=0.5] mlp_w32 from mlp_5 {context_source=uniform, contexts=256, group=5, learning_rate=0.0001, reference=initial, ppo_epochs=1, steps=10000, reward=potts_tfbind8}",2,models/port_grid3/tb_b0.5/seed_2/finetune_mlp_5,0.4463758491982476,0.07830282366722363,15.549117817542253,7.171738509437412,8.316960704743897,0.4460130731667433,1.6304044280651702,0.07685565374088044,0.005299116119311095,2.8872812080106702,0.07975713723521446,0.08215476986019153,6.218991937513146,1.9443418125559075,11.907753923150407,0.4816656849697639,1.8420442145522702,2.599993436642918,0.44689962595820004,1.000000000000001,2.009005500632167,32.0,3.065283645800007,0.20277448984490196,0.7157384225415946
"tb[beta=0.5] mlp_w32 from mlp_5 {context_source=uniform, contexts=256, group=5, learning_rate=0.0001, reference=initial, ppo_epochs=1, steps=10000, reward=potts_tfbind8}",2,models/port_grid3/tb_b0.5/seed_2/finetune_mlp_5,0.4851634477307791,0.21438813883247262,15.422419464780035,6.963531742080483,9.21451459683758,0.48576149329116447,1.28247680109792,0.19881836178767237,0.013559395669190344,2.5580087098090196,0.21444740268478446,0.21237775745686271,3.4136439134388787,0.9596041179422474,16.25218569330896,0.6956905832202948,3.6155960055022085,2.7806718323773123,0.9555431662470497,1.000000000000001,1.6949188200348921,64.0,4.157382776560621,0.28252262242876713,0.6493741025951076
"tb[beta=0.5] mlp_w32 from mlp_5 {context_source=uniform, contexts=256, group=5, learning_rate=0.0001, reference=initial, ppo_epochs=1, steps=10000, reward=potts_tfbind8}",2,models/port_grid3/tb_b0.5/seed_2/finetune_mlp_5,0.5397831290837166,0.4659841664001474,15.095732792063128,6.538656801185372,10.489780495997437,0.5385102602961318,0.9008579413405097,0.39109224494610567,0.02773561381565437,2.1848834810472657,0.4436020293990892,0.41882785876176004,2.9448658930620484,0.7892528864579872,16.647805761196093,0.7153429732857343,4.00459193355531,2.873860651677762,0.9955189069044154,1.0000000000000009,1.2864404971692682,128.0,5.61958186732877,0.39725728601481414,0.5579529768790753
"tb[beta=0.5] mlp_w32 from mlp_5 {context_source=uniform, contexts=256, group=5, learning_rate=0.0001, reference=initial, ppo_epochs=1, steps=10000, reward=potts_tfbind8}",2,models/port_grid3/tb_b0.5/seed_2/finetune_mlp_5,0.6020137974628338,0.8137137651652449,14.472746069088362,6.009185013876133,11.94374814283469,0.5993960113389075,0.5841738998216417,0.6324151045391827,0.05077433475383486,1.8587539785202032,0.7576316991474167,0.6831894392930176,3.664866562757017,0.9907414964712719,16.924755781589578,0.7347868170356733,5.275725348671457,3.6602047226316916,0.999708523949616,1.0000000000000009,0.8734863434989684,256.0,7.002156722282109,0.525929411942442,0.45197401118007613
"tb[beta=0.5] mlp_w32 from mlp_5 {context_source=uniform, contexts=256, group=5, learning_rate=0.0001, reference=initial, ppo_epochs=1, steps=10000, reward=potts_tfbind8}",2,models/port_grid3/tb_b0.5/seed_2/finetune_mlp_5,0.6444324598720457,1.0993082684625233,13.701632753423302,5.515962546457846,13.078979243028103,0.644573085438988,0.3969434684698405,0.8410864190664773,0.07662625171657556,1.669729834297321,1.0350853111249014,0.9177126707830529,3.257972664955651,0.844948958699219,16.938680775334085,0.7325974026813677,5.094100421658575,3.25733163307804,0.9999599327160801,1.0000000000000007,0.5833244053797504,500.0,7.739711997017261,0.6222079472094171,0.3599789072991336
"tb[beta=0.5] mlp_w32 from mlp_5 {context_source=uniform, contexts=256, group=5, learning_rate=0.0001, reference=initial, ppo_epochs=1, steps=10000, reward=potts_tfbind8}",2,models/port_grid3/tb_b0.5/seed_2/finetune_mlp_5,0.6428465762174486,1.0841465292594767,13.72080455171531,5.522376729410217,13.051578130350928,0.6429062807243925,0.3974024350923757,0.8313832079996075,0.07737024643518942,1.6667054209388272,1.0227242357410202,0.9087534544347969,3.3163890540450742,0.8812841068213682,16.928949380815602,0.7324810945002921,5.044173717005591,3.315301927164737,0.999932044505208,1.0000000000000009,0.5846638863344547,512.0,7.72239153251712,0.6197116255130888,0.36170944329407495
"tb[beta=0.5] mlp_w32 from mlp_5 {context_source=uniform, contexts=256, group=5, learning_rate=0.0001, reference=initial, ppo_epochs=1, steps=10000, reward=potts_tfbind8}",2,models/port_grid3/tb_b0.5/seed_2/finetune_mlp_5,0.6686384990560241,1.2752370912697866,13.096147443284504,5.158731477196612,13.838306055589342,0.6743562533607421,0.28607044404785603,1.0248186048633678,0.09952030860169425,1.5168871920825997,1.2392838133343014,1.124338913465062,3.1466547984527145,0.8199558654819755,16.93921665315162,0.7319170299317518,4.979724136766623,3.146200233261228,0.9999715877192191,1.0000000000000007,0.4078595013085333,1000.0,8.137353821957085,0.6858484247869264,0.296717104318988
"tb[beta=0.5] mlp_w32 from mlp_5 {context_source=uniform, contexts=256, group=5, learning_rate=0.0001, reference=initial, ppo_epochs=1, steps=10000, reward=potts_tfbind8}",2,models/port_grid3/tb_b0.5/seed_2/finetune_mlp_5,0.6674294197696468,1.2619028829910415,13.130071999465802,5.1772845566547065,13.778376297710674,0.6711201120673338,0.2890655993758476,1.0107790136768084,0.10038666918649852,1.5126176417870079,1.2159326376642383,1.111165682863307,3.0498527475576767,0.7811891518118957,16.932576077032735,0.7307645756990795,4.915092519576497,3.0494057381330864,0.999972059958,1.0000000000000004,0.4144732045777955,1024.0,8.08913903247459,0.6805227984318947,0.299633344863632
"tb[beta=0.5] mlp_w32 from mlp_5 {context_source=uniform, contexts=256, group=5, learning_rate=0.0001, reference=initial, ppo_epochs=1, steps=10000, reward=potts_tfbind8}",2,models/port_grid3/tb_b0.5/seed_2/finetune_mlp_5,0.678799845932149,1.3504143654295406,12.906983583361278,5.043525483999977,14.035894815885174,0.6807579327317997,0.25530069284301854,1.0795478423376847,0.10992016117496695,1.4775454174766394,1.2873226631324364,1.1894680035126517,2.8546820359081737,0.7090834367475587,16.954814631091708,0.7306976904096723,4.872663913883008,2.8544417976249314,0.9999849845294914,1.0000000000000007,0.3571039709587469,1500.0,8.235757781276153,0.7039699656940899,0.2745481518487134
"tb[beta=0.5] mlp_w32 from mlp_5 {context_source=uniform, contexts=256, group=5, learning_rate=0.0001, reference=initial, ppo_epochs=1, steps=10000, reward=potts_tfbind8}",2,models/port_grid3/tb_b0.5/seed_2/finetune_mlp_5,0.6799426817755908,1.3514724793182187,12.826015121943204,4.992420846530334,14.16894884307634,0.6865479937333704,0.23398904862794692,1.115044274062571,0.11643281716466425,1.4286358044172742,1.3241092648942132,1.2314770912272353,3.0116357174325845,0.7673477720215727,16.976996956359546,0.7330301283446387,5.016117218961033,3.011408134447062,0.999985775574002,1.0000000000000004,0.32736355912493764,2000.0,8.317340803248054,0.7142971088407303,0.26322247856580716
"tb[beta=0.5] mlp_w32 from mlp_5 {context_source=uniform, contexts=256, group=5, learning_rate=0.0001, reference=initial, ppo_epochs=1, steps=10000, reward=potts_tfbind8}",2,models/port_grid3/tb_b0.5/seed_2/finetune_mlp_5,0.681077924162537,1.3555089480360487,12.83447868152595,4.9924870283661535,14.175008382588123,0.6869026245206719,0.23187442255246926,1.1185717229502838,0.11673293834806087,1.413181329388964,1.3256259847126308,1.2353046612983447,3.0380579597012125,0.7801117529844588,16.983047132147988,0.7337200828070748,5.079602915303436,3.037818185414587,0.9999850136845027,1.0000000000000007,0.3258505091874656,2048.0,8.326286767495818,0.7142549246263113,0.26341661774027614
"tb[beta=0.5] mlp_w32 from mlp_5 {context_source=uniform, contexts=256, group=5, learning_rate=0.0001, reference=initial, ppo_epochs=1, steps=10000, reward=potts_tfbind8}",2,models/port_grid3/tb_b0.5/seed_2/finetune_mlp_5,0.6865597851809312,1.3951661142310678,12.761783818392516,4.950442117774701,14.222804892933448,0.6878103530223879,0.2227519164600726,1.1314912586117636,0.11847588715187474,1.411021112033649,1.336545060258569,1.2499671457636383,3.0331876324719755,0.7817968221733484,17.03483058098008,0.736624779183385,5.213837427172751,3.0329750717943638,0.9999867144912891,1.0000000000000007,0.31287132956073815,2500.0,8.317270748295682,0.7181889917599176,0.25525674947454063
"tb[beta=0.5] mlp_w32 from mlp_5 {context_source=uniform, contexts=256, group=5, learning_rate=0.0001, reference=initial, ppo_epochs=1, steps=10000, reward=potts_tfbind8}",2,models/port_grid3/tb_b0.5/seed_2/finetune_mlp_5,0.6897051650014818,1.4115505251484457,12.677983146746202,4.910118214680153,14.326014754360607,0.6923556055683369,0.21004942065779786,1.163172517463094,0.12297974950570256,1.370692588436317,1.369072048633977,1.2861522669687966,3.067421719699375,0.8075755793291165,17.062283805778225,0.7387433267629347,5.333378943336693,3.0672807442590178,0.9999911888762008,1.0000000000000002,0.2937933872225674,3000.0,8.369533310620655,0.7268390270099625,0.24938995647230888
"tb[beta=0.5] mlp_w32 from mlp_5 {context_source=uniform, contexts=256, group=5, learning_rate=0.0001, reference=initial, ppo_epochs=1, steps=10000, reward=potts_tfbind8}",2,models/port_grid3/tb_b0.5/seed_2/finetune_mlp_5,0.6930715851216592,1.4411762278895968,12.635713770649875,4.882168005838925,14.375034020132828,0.6940944067557298,0.20243129779545374,1.1819672410833655,0.12260757110323772,1.365811492479601,1.3833451963865506,1.3045748121866032,3.058994356477827,0.805402361266218,17.096875955913998,0.7406843688316836,5.43763948000851,3.0588214107018628,0.9999891905878867,1.0000000000000004,0.2835569020890316,3500.0,8.395158846720149,0.7311296844257755,0.2413875945427842
"tb[beta=0.5] mlp_w32 from mlp_5 {context_source=uniform, contexts=256, group=5, learning_rate=0.0001, reference=initial, ppo_epochs=1, steps=10000, reward=potts_tfbind8}",2,models/port_grid3/tb_b0.5/seed_2/finetune_mlp_5,0.6936243012394936,1.4415125039107068,12.620307907284706,4.884446087977172,14.355924552944145,0.6928424701312402,0.20404608213842146,1.1688435778454642,0.12306557406746488,1.3661122963688206,1.3736573860746533,1.291909151912929,3.0138515475387204,0.7827786134881304,17.08478303458439,0.7396550913745235,5.3897063919382,3.0137272711352763,0.9999922325957925,1.0000000000000009,0.2834238253714777,4000.0,8.358498836123957,0.7296573728359983,0.24322648837970104
"tb[beta=0.5] mlp_w32 from mlp_5 {context_source=uniform, contexts=256, group=5, learning_rate=0.0001, reference=initial, ppo_epochs=1, steps=10000, reward=potts_tfbind8}",2,models/port_grid3/tb_b0.5/seed_2/finetune_mlp_5,0.7015274880012419,1.4953456619901222,12.531687273819422,4.83151585408662,14.529255043845488,0.7018013770499997,0.1883602766169506,1.224950059190445,0.12457004091264468,1.3296825365270046,1.4369349816033108,1.3495201001030896,3.0916701221447047,0.8192633775993499,17.117506105195,0.7422837563090667,5.555153497927996,3.091536798526615,0.9999916671250083,1.0000000000000004,0.260036175449463,4096.0,8.507563566905256,0.7451231050239202,0.23152280422357235
"tb[beta=0.5] mlp_w32 from mlp_5 {context_source=uniform, contexts=256, group=5, learning_rate=0.0001, reference=initial, ppo_epochs=1, steps=10000, reward=potts_tfbind8}",2,models/port_grid3/tb_b0.5/seed_2/finetune_mlp_5,0.6983768185071052,1.4738973892656315,12.570678393868839,4.840971757668109,14.462272409967888,0.6978489276145627,0.19152693156094913,1.1960489971229675,0.1248596241000488,1.3412101611283536,1.4101399505947454,1.3209086212230163,3.1018467791051068,0.8265731044579484,17.119340280269796,0.7425094452985659,5.555366784082873,3.101704122147138,0.9999910837516987,1.0000000000000004,0.26673246137969775,4500.0,8.433348528503782,0.7375194384227636,0.23480823268195106
"tb[beta=0.5] mlp_w32 from mlp_5 {context_source=uniform, contexts=256, group=5, learning_rate=0.0001, reference=initial, ppo_epochs=1, steps=10000, reward=potts_tfbind8}",2,models/port_grid3/tb_b0.5/seed_2/finetune_mlp_5,0.6980716036481791,1.4795344993494621,12.529423922637186,4.8174181229379816,14.494663233409756,0.6985982927758543,0.189729268871974,1.225387015985992,0.12382666751641014,1.3434197920885735,1.420643960118478,1.3492136835024022,3.06690410463382,0.8060112332905947,17.098319467190056,0.740800825507373,5.450397280720691,3.066749439791508,0.9999903332187109,1.0000000000000004,0.2610410591824961,5000.0,8.485535420253091,0.7436503956998739,0.2305601450697613
"tb[beta=0.5] mlp_w32 from mlp_5 {context_source=uniform, contexts=256, group=5, learning_rate=0.0001, reference=initial, ppo_epochs=1, steps=10000, reward=potts_tfbind8}",2,models/port_grid3/tb_b0.5/seed_2/finetune_mlp_5,0.6953667400422725,1.4539006480980055,12.515696120575441,4.826119646764329,14.500529531994735,0.6992219074630728,0.18748969585023637,1.2223573197416362,0.1247194067588202,1.3276222817973131,1.4206624470341958,1.3470767265004564,2.965410075725858,0.7689262128155853,17.09985831699487,0.7402444611403651,5.417211783304876,2.965279433397489,0.999991834695398,1.0000000000000002,0.2581263968057215,5500.0,8.462488772005528,0.7431167470452865,0.22977435948276523
"tb[beta=0.5] mlp_w32 from mlp_5 {context_source=uniform, contexts=256, group=5, learning_rate=0.0001, reference=initial, ppo_epochs=1, steps=10000, reward=potts_tfbind8}",2,models/port_grid3/tb_b0.5/seed_2/finetune_mlp_5,0.7004376325005691,1.4893690774777635,12.545953208827429,4.825752534372467,14.505779747254657,0.6995084302305797,0.18332485471754922,1.2144969940667423,0.12403534732075983,1.323403962992039,1.4199445721758452,1.338532341387502,3.1396200891008803,0.8456990528275801,17.152606071176272,0.7449252018525371,5.7014537679259965,3.1394443844327347,0.9999890181636025,1.0000000000000002,0.2547834143174092,6000.0,8.467579998371924,0.7413228075273798,0.22880484904950815
"tb[beta=0.5] mlp_w32 from mlp_5 {context_source=uniform, contexts=256, group=5, learning_rate=0.0001, reference=initial, ppo_epochs=1, steps=10000, reward=potts_tfbind8}",2,models/port_grid3/tb_b0.5/seed_2/finetune_mlp_5,0.7095921936140596,1.563839303992172,12.349984620350215,4.7280718704304805,14.71323531133018,0.7087277649236782,0.17015391589049658,1.2989828539075283,0.12381554928334615,1.3126204885563817,1.4984467653413291,1.4227984031908745,3.1098108711409513,0.8332008037052553,17.159377964550874,0.7450202492332219,5.716873491503552,3.109668594269161,0.9999911075035756,1.0000000000000007,0.22955782544513503,6500.0,8.594102742716766,0.7621749987243813,0.2140140538790844
"tb[beta=0.5] mlp_w32 from mlp_5 {context_source=uniform, contexts=256, group=5, learning_rate=0.0001, reference=initial, ppo_epochs=1, steps=10000, reward=potts_tfbind8}",2,models/port_grid3/tb_b0.5/seed_2/finetune_mlp_5,0.70598032375883,1.5240539424719581,12.406730897642303,4.777216709831521,14.611599714994012,0.7044025032042034,0.1737273732277335,1.2498872396181295,0.12363995803549876,1.2910527296863532,1.4585064527562133,1.3735271976536283,3.0783852093006234,0.844159881115306,17.23722572312459,0.750009361611337,5.998745677918998,3.0782590158837073,0.9999921127669262,1.0000000000000004,0.24043531102810417,7000.0,8.470419385515559,0.7504214896103317,0.21898198263064417
"tb[beta=0.5] mlp_w32 from mlp_5 {context_source=uniform, contexts=256, group=5, learning_rate=0.0001, reference=initial, ppo_epochs=1, steps=10000, reward=potts_tfbind8}",2,models/port_grid3/tb_b0.5/seed_2/finetune_mlp_5,0.7058588836953288,1.5252734851055143,12.410415893358923,4.776330587075055,14.607994668212672,0.7039616644464242,0.1737519073637705,1.2451931511210432,0.1208036406762183,1.2967474320643364,1.4555217106327545,1.3659967917972615,3.067479867077858,0.8309266795325972,17.207603438789754,0.7480530050370562,5.880976202710675,3.067332054193532,0.9999907614849417,1.0000000000000007,0.23925309229531078,7500.0,8.486583156809894,0.7513392532781563,0.2181867701597321
"tb[beta=0.5] mlp_w32 from mlp_5 {context_source=uniform, contexts=256, group=5, learning_rate=0.0001, reference=initial, ppo_epochs=1, steps=10000, reward=potts_tfbind8}",2,models/port_grid3/tb_b0.5/seed_2/finetune_mlp_5,0.706337726289025,1.5322039040678583,12.433836328499638,4.780030371861522,14.56982118819335,0.7016235468445469,0.1767254475337363,1.2321403439180783,0.12194376792360062,1.299822464077922,1.4408130866346058,1.3540841118416789,3.099300128888961,0.8424439676309331,17.201184730239433,0.7478289824074382,5.85677203590734,3.099158706086075,0.9999911608827204,1.0000000000000007,0.24363120830682317,8000.0,8.456942152507766,0.7477209023387309,0.22119295610466658
"tb[beta=0.5] mlp_w32 from mlp_5 {context_source=uniform, contexts=256, group=5, learning_rate=0.0001, reference=initial, ppo_epochs=1, steps=10000, reward=potts_tfbind8}",2,models/port_grid3/tb_b0.5/seed_2/finetune_mlp_5,0.7007199950196231,1.482468331058998,12.471888413280464,4.81315154768261,14.553008311370146,0.7019259151692518,0.17656845429162235,1.222359398840622,0.11993748241583324,1.2879536924161452,1.4331919504584787,1.3422968812564553,2.9953431961437715,0.7923747864147133,17.16356777756506,0.7446471451485511,5.683988235839436,2.995195826180777,0.9999907891547025,1.0000000000000007,0.24441651054230634,8500.0,8.46341140332046,0.7458888370600436,0.22155423016989545
"tb[beta=0.5] mlp_w32 from mlp_5 {context_source=uniform, contexts=256, group=5, learning_rate=0.0001, reference=initial, ppo_epochs=1, steps=10000, reward=potts_tfbind8}",2,models/port_grid3/tb_b0.5/seed_2/finetune_mlp_5,0.7075653336667634,1.5318021027483117,12.41443803712103,4.776892577135315,14.626294547786353,0.7051349416338926,0.16970222666160514,1.248368152144404,0.12017404008435117,1.2815925218213862,1.4597645736956173,1.3685421922287553,3.1428446664952734,0.8692071518865092,17.246743166590544,0.7511940602293443,6.07134602782105,3.1426756266304405,0.999989434720401,1.0000000000000004,0.2343460155713357,9000.0,8.488925788726277,0.7511558164236963,0.21545194016316066
"tb[beta=0.5] mlp_w32 from mlp_5 {context_source=uniform, contexts=256, group=5, learning_rate=0.0001, reference=initial, ppo_epochs=1, steps=10000, reward=potts_tfbind8}",2,models/port_grid3/tb_b0.5/seed_2/finetune_mlp_5,0.7158471299976223,1.5971495471071329,12.29708277131094,4.711367098001169,14.790937557613997,0.7131022216331229,0.1574653863775875,1.307428745180385,0.12143386586133054,1.2684772018683796,1.521863456706102,1.4288626110417155,3.1242464421937655,0.8714326669034468,17.27926697598015,0.7532916529863137,6.193622220225848,3.1240810597673687,0.999989663308302,1.0000000000000004,0.21412339366799615,9500.0,8.597887575810642,0.7657650624842686,0.203888721858605
"tb[beta=0.5] mlp_w32 from mlp_5 {context_source=uniform, contexts=256, group=5, learning_rate=0.0001, reference=initial, ppo_epochs=1, steps=10000, reward=potts_tfbind8}",2,models/port_grid3/tb_b0.5/seed_2/finetune_mlp_5,0.7138850265392683,1.580365936622892,12.344373434282945,4.730872754243476,14.719196185440273,0.7091312417044484,0.1622167887791876,1.2796966470588713,0.11978180002367833,1.265211290533064,1.494046324046511,1.3994784470825496,3.1472562958325883,0.8829234089404888,17.275238459148227,0.7531426107961282,6.1649736575438725,3.147096947988803,0.9999900404995321,1.0000000000000002,0.22217694709526725,10000.0,8.55616010495142,0.7599079925726505,0.20979734881211803
"trafl[beta=0.25, estimator=square, mask_scheme=comp, mask_samples=4, var_lambda=0.0, normalization=paper, rollout=uniform, rollout_temperature=1.0] mlp_w32 from mlp_5 {context_source=uniform, contexts=256, group=5, learning_rate=0.0001, reference=initial, ppo_epochs=1, steps=10000, reward=potts_tfbind8}",1,models/port_grid3/trafl_comp4_b0.25/seed_1/finetune_mlp_5,0.40089774494688835,0.0,15.58400929863198,7.3350796144291905,7.274364485999048,0.40059227009566606,0.6753682702836997,0.0,0.0,3.3845174252188786,0.0,0.0,4.896481007458549,1.5766628960892644,8.347072093028896,0.2951274947079451,0.0,0.36194497535363446,0.02441464572044008,1.0000000000000013,0.5865081907766789,0.0,1.8270649549340976,0.11713328142727052,0.43648081792806004
"trafl[beta=0.25, estimator=square, mask_scheme=comp, mask_samples=4, var_lambda=0.0, normalization=paper, rollout=uniform, rollout_temperature=1.0] mlp_w32 from mlp_5 {context_source=uniform, contexts=256, group=5, learning_rate=0.0001, reference=initial, ppo_epochs=1, steps=10000, reward=potts_tfbind8}",1,models/port_grid3/trafl_comp4_b0.25/seed_1/finetune_mlp_5,0.4015059875660027,4.7072858698425895e-05,15.582497862374824,7.330149430226262,7.290463883846211,0.4011379875151117,0.6704475669611629,4.2450743032082234e-05,4.540664347055457e-06,3.3797412540640948,4.2443743088005326e-05,4.699140737913769e-05,4.892698957488378,1.5767128144240807,8.353315542811776,0.2954549192923516,3.589224016627851e-05,0.3666754753265694,0.02475667440964449,1.000000000000001,0.5825257850579756,1.0,1.8411399235140928,0.11808528611030818,0.4353208774620968
"trafl[beta=0.25, estimator=square, mask_scheme=comp, mask_samples=4, var_lambda=0.0, normalization=paper, rollout=uniform, rollout_temperature=1.0] mlp_w32 from mlp_5 {context_source=uniform, contexts=256, group=5, learning_rate=0.0001, reference=initial, ppo_epochs=1, steps=10000, reward=potts_tfbind8}",1,models/port_grid3/trafl_comp4_b0.25/seed_1/finetune_mlp_5,0.4021040494878667,0.00017918043599213934,15.581985378396842,7.326496516990098,7.308659795853649,0.40183157167104827,0.6647460158823582,0.00016718765793936256,1.6504349841072943e-05,3.3737757897126,0.000167252039527719,0.0001836920077804355,4.90022138293121,1.5804591033582422,8.364226141514958,0.2960322932397334,0.00023678503491624458,0.379499177416706,0.025694075372743104,1.000000000000001,0.5781016153525562,2.0,1.8581930236766653,0.11923806997247269,0.4338670150574821
"trafl[beta=0.25, estimator=square, mask_scheme=comp, mask_samples=4, var_lambda=0.0, normalization=paper, rollout=uniform, rollout_temperature=1.0] mlp_w32 from mlp_5 {context_source=uniform, contexts=256, group=5, learning_rate=0.0001, reference=initial, ppo_epochs=1, steps=10000, reward=potts_tfbind8}",1,models/port_grid3/trafl_comp4_b0.25/seed_1/finetune_mlp_5,0.40345745871201966,0.0006147410234275757,15.580804593985125,7.31836718561048,7.348466283428033,0.403336735256667,0.6513977100267604,0.0005921011670490803,5.6057985168917455e-05,3.355297133768221,0.0005932069793920965,0.0006481591522179978,4.895270054689215,1.5777046850856595,8.390743173790007,0.2973502729938615,0.001144913368068176,0.4078770222385286,0.027858012590465348,1.000000000000001,0.568575948398824,4.0,1.8999566701763397,0.12204789249061393,0.4305025800960652
"trafl[beta=0.25, estimator=square, mask_scheme=comp, mask_samples=4, var_lambda=0.0, normalization=paper, rollout=uniform, rollout_temperature=1.0] mlp_w32 from mlp_5 {context_source=uniform, contexts=256, group=5, learning_rate=0.0001, reference=initial, ppo_epochs=1, steps=10000, reward=potts_tfbind8}",1,models/port_grid3/trafl_comp4_b0.25/seed_1/finetune_mlp_5,0.40586840055876466,0.0021689608099405115,15.577814399190071,7.301004726646593,7.425036150853326,0.4061825645656711,0.6272733100207475,0.0021729297514340795,0.0002033009166662993,3.3224675446033705,0.002182952743537196,0.002376230668100379,4.9251270417985085,1.5874143650001538,8.4300713283792,0.2993759762305947,0.0027880595973240273,0.4603021539739126,0.03200137149325451,1.000000000000001,0.551023227306646,8.0,1.9784597487694064,0.1273651151883095,0.42429525221093956
"trafl[beta=0.25, estimator=square, mask_scheme=comp, mask_samples=4, var_lambda=0.0, normalization=paper, rollout=uniform, rollout_temperature=1.0] mlp_w32 from mlp_5 {context_source=uniform, contexts=256, group=5, learning_rate=0.0001, reference=initial, ppo_epochs=1, steps=10000, reward=potts_tfbind8}",1,models/port_grid3/trafl_comp4_b0.25/seed_1/finetune_mlp_5,0.41085363174483225,0.006955587824096743,15.571310136639632,7.271353904410702,7.566329621459386,0.4117103914379726,0.5842999708045863,0.007156951374867863,0.0006423472175835941,3.2513618671016706,0.007229125349458085,0.007799298592451457,4.9726641026110245,1.6041010465508716,8.493859855013831,0.3027519478082666,0.007870333232811902,0.555786810230452,0.039068467037310615,1.000000000000001,0.5207460322610523,16.0,2.129145713584232,0.1376250615192279,0.41276099593035587
"trafl[beta=0.25, estimator=square, mask_scheme=comp, mask_samples=4, var_lambda=0.0, normalization=paper, rollout=uniform, rollout_temperature=1.0] mlp_w32 from mlp_5 {context_source=uniform, contexts=256, group=5, learning_rate=0.0001, reference=initial, ppo_epochs=1, steps=10000, reward=potts_tfbind8}",1,models/port_grid3/trafl_comp4_b0.25/seed_1/finetune_mlp_5,0.4203728542446482,0.020275585853401428,15.56261307813728,7.224078238602932,7.798230479017693,0.42105594472823626,0.5209354972358768,0.02014141139177396,0.0016377647931404907,3.144286587844612,0.02063874199082765,0.02177917618491445,5.569684225518961,1.776108482831215,8.938294779505993,0.3257051673311983,0.07322413335156014,1.041318429477934,0.08350818146843927,1.0000000000000013,0.4761804345128452,32.0,2.386379366621913,0.15535319637435668,0.3943052779720299
"trafl[beta=0.25, estimator=square, mask_scheme=comp, mask_samples=4, var_lambda=0.0, normalization=paper, rollout=uniform, rollout_temperature=1.0] mlp_w32 from mlp_5 {context_source=uniform, contexts=256, group=5, learning_rate=0.0001, reference=initial, ppo_epochs=1, steps=10000, reward=potts_tfbind8}",1,models/port_grid3/trafl_comp4_b0.25/seed_1/finetune_mlp_5,0.4327572314538975,0.04415537032975994,15.545253209700405,7.16360102656776,8.102571396535895,0.4338979674733854,0.44651224890011526,0.04255561944335619,0.0037587568014386744,2.9666154118855146,0.04422259163591222,0.04631437624479486,5.73996540247477,1.8252361210979566,9.120727954306465,0.3352653835595605,0.10953012673187373,1.2059085732133714,0.10197604750087505,1.000000000000001,0.42367905477837914,64.0,2.730777822251308,0.1790354780165754,0.37209385273831075
"trafl[beta=0.25, estimator=square, mask_scheme=comp, mask_samples=4, var_lambda=0.0, normalization=paper, rollout=uniform, rollout_temperature=1.0] mlp_w32 from mlp_5 {context_source=uniform, contexts=256, group=5, learning_rate=0.0001, reference=initial, ppo_epochs=1, steps=10000, reward=potts_tfbind8}",1,models/port_grid3/trafl_comp4_b0.25/seed_1/finetune_mlp_5,0.44906625856082316,0.0797904732000673,15.507192616046646,7.058094708274744,8.493246126784655,0.44905743856243197,0.36306965312021844,0.07229433997400045,0.006884318962169733,2.7625312635830226,0.07700235892359653,0.07917865893617018,6.230498755937124,1.9175419139468148,13.113868702063527,0.5385891709613994,1.7110520654544823,2.5761457179519915,0.5827592509421599,1.000000000000001,0.3587901395038732,128.0,3.186931734220483,0.2108063931096782,0.34288376468260373
"trafl[beta=0.25, estimator=square, mask_scheme=comp, mask_samples=4, var_lambda=0.0, normalization=paper, rollout=uniform, rollout_temperature=1.0] mlp_w32 from mlp_5 {context_source=uniform, contexts=256, group=5, learning_rate=0.0001, reference=initial, ppo_epochs=1, steps=10000, reward=potts_tfbind8}",1,models/port_grid3/trafl_comp4_b0.25/seed_1/finetune_mlp_5,0.47524210308861153,0.15373462587866307,15.42036897427532,6.902123100514227,9.048381912328978,0.47124229422026787,0.274650891662981,0.12829826003415978,0.013210152263858854,2.5468080062238676,0.14117200962635423,0.14150841229801864,5.085343355906801,1.5283288010581912,14.769776375021932,0.621871707548521,2.6431679851622905,2.7067697268236888,0.7801302792842888,1.0000000000000009,0.28417584382055017,256.0,3.8286111074961706,0.2581336989023042,0.3039160514224569
"trafl[beta=0.25, estimator=square, mask_scheme=comp, mask_samples=4, var_lambda=0.0, normalization=paper, rollout=uniform, rollout_temperature=1.0] mlp_w32 from mlp_5 {context_source=uniform, contexts=256, group=5, learning_rate=0.0001, reference=initial, ppo_epochs=1, steps=10000, reward=potts_tfbind8}",1,models/port_grid3/trafl_comp4_b0.25/seed_1/finetune_mlp_5,0.4961190546330708,0.23239397513109522,15.327881881881932,6.765566705112166,9.529423629269793,0.4909743145385935,0.21478007692590637,0.1819192662911136,0.02210702152911656,2.3573975339402984,0.20680501016967273,0.20402628782023016,4.595238557300367,1.3870033735374954,15.143936554823446,0.6406155772916967,2.907572913209188,2.758308916781747,0.8248768198716154,1.000000000000001,0.22954841512866508,500.0,4.398637601446079,0.30096400027201886,0.27081138083031303
"trafl[beta=0.25, estimator=square, mask_scheme=comp, mask_samples=4, var_lambda=0.0, normalization=paper, rollout=uniform, rollout_temperature=1.0] mlp_w32 from mlp_5 {context_source=uniform, contexts=256, group=5, learning_rate=0.0001, reference=initial, ppo_epochs=1, steps=10000, reward=potts_tfbind8}",1,models/port_grid3/trafl_comp4_b0.25/seed_1/finetune_mlp_5,0.4977428991352575,0.23528304220101068,15.325589164733572,6.7745973936721455,9.560980675404531,0.4932650434524816,0.2102477968766711,0.18483329380381047,0.022505130260943085,2.330206114178862,0.2115819868503055,0.20733842406475356,4.433353818688809,1.3329402386640639,15.337129774731313,0.6501072659724729,2.992205570467729,2.7954763390346704,0.8462277060349445,1.000000000000001,0.2264361302756122,512.0,4.444330277080234,0.30443781599226355,0.2680935258090107
"trafl[beta=0.25, estimator=square, mask_scheme=comp, mask_samples=4, var_lambda=0.0, normalization=paper, rollout=uniform, rollout_temperature=1.0] mlp_w32 from mlp_5 {context_source=uniform, contexts=256, group=5, learning_rate=0.0001, reference=initial, ppo_epochs=1, steps=10000, reward=potts_tfbind8}",1,models/port_grid3/trafl_comp4_b0.25/seed_1/finetune_mlp_5,0.5173258534810943,0.32538855443327397,15.225211928455284,6.65680822824353,10.017689517065737,0.513269761180448,0.17302075807662892,0.24606906215450447,0.03187409314539924,2.188858431244527,0.288894308076611,0.2779431552999037,3.3436164310283405,0.9694712382762405,16.34311239863136,0.7009899363364578,3.62309747496415,2.9035582477875423,0.9687685661625147,1.000000000000001,0.18957124108661788,1000.0,5.010129415301218,0.34803819750977766,0.23983130668344002
"trafl[beta=0.25, estimator=square, mask_scheme=comp, mask_samples=4, var_lambda=0.0, normalization=paper, rollout=uniform, rollout_temperature=1.0] mlp_w32 from mlp_5 {context_source=uniform, contexts=256, group=5, learning_rate=0.0001, reference=initial, ppo_epochs=1, steps=10000, reward=potts_tfbind8}",1,models/port_grid3/trafl_comp4_b0.25/seed_1/finetune_mlp_5,0.516993439029726,0.32187432954472656,15.217239420422427,6.65166444042521,10.0247433622877,0.5133838568852334,0.1709034125717189,0.2462825568661472,0.03239282471793781,2.1771992973186434,0.2884464365280611,0.278675381584085,3.300443005036879,0.9570994508180483,16.32896228593447,0.6999146493841629,3.6125201887659486,2.8322713964899813,0.9664321851092721,1.000000000000001,0.18735990823257753,1024.0,5.001998980758773,0.347705706997051,0.2385186298332455
"trafl[beta=0.25, estimator=square, mask_scheme=comp, mask_samples=4, var_lambda=0.0, normalization=paper, rollout=uniform, rollout_temperature=1.0] mlp_w32 from mlp_5 {context_source=uniform, contexts=256, group=5, learning_rate=0.0001, reference=initial, ppo_epochs=1, steps=10000, reward=potts_tfbind8}",1,models/port_grid3/trafl_comp4_b0.25/seed_1/finetune_mlp_5,0.5174503047022802,0.322448065112796,15.232192993559053,6.668824614223428,10.068586786962042,0.5162544343102429,0.16351750458116532,0.24996798294242628,0.03686912287579386,2.1299313705245386,0.29215490573769215,0.28683710581822014,3.5258171093355686,1.0232470765967618,16.15812114964874,0.6910531235527333,3.507131645586566,2.8245309437427792,0.9455329178625943,1.0000000000000009,0.18010752127362128,1500.0,5.0597931038626145,0.3508115291061095,0.23311593910641784
"trafl[beta=0.25, estimator=square, mask_scheme=comp, mask_samples=4, var_lambda=0.0, normalization=paper, rollout=uniform, rollout_temperature=1.0] mlp_w32 from mlp_5 {context_source=uniform, contexts=256, group=5, learning_rate=0.0001, reference=initial, ppo_epochs=1, steps=10000, reward=potts_tfbind8}",1,models/port_grid3/trafl_comp4_b0.25/seed_1/finetune_mlp_5,0.5141013892872677,0.3107779452898389,15.219830821655322,6.65500434110279,10.014085240255845,0.5123515331887354,0.16057872800588718,0.234654328496191,0.038303124536714694,2.1377380365484053,0.27492382313665975,0.2729574530329057,3.4975498398446625,1.001578102995292,16.16893942233873,0.6910849557924907,3.5011441606914135,2.782048867082488,0.9450914032809392,1.000000000000001,0.1765018253491399,2000.0,4.974503903311392,0.34533070354886053,0.2313281926297775
"trafl[beta=0.25, estimator=square, mask_scheme=comp, mask_samples=4, var_lambda=0.0, normalization=paper, rollout=uniform, rollout_temperature=1.0] mlp_w32 from mlp_5 {context_source=uniform, contexts=256, group=5, learning_rate=0.0001, reference=initial, ppo_epochs=1, steps=10000, reward=potts_tfbind8}",1,models/port_grid3/trafl_comp4_b0.25/seed_1/finetune_mlp_5,0.5194298122543886,0.33673955010429546,15.183160362361704,6.611231305759018,10.151248986280299,0.5183169354064756,0.1533951782948296,0.25537756269687584,0.039645230517172114,2.100696046504586,0.3019036467421795,0.29502279321404795,3.4785507387155157,0.996193209167686,16.205884577849893,0.6932149682328217,3.5259510673853063,2.8163634558124597,0.9488165821801021,1.0000000000000009,0.1691907124485453,2048.0,5.139566032915832,0.3580249003606895,0.22504718060054865
"trafl[beta=0.25, estimator=square, mask_scheme=comp, mask_samples=4, var_lambda=0.0, normalization=paper, rollout=uniform, rollout_temperature=1.0] mlp_w32 from mlp_5 {context_source=uniform, contexts=256, group=5, learning_rate=0.0001, reference=initial, ppo_epochs=1, steps=10000, reward=potts_tfbind8}",1,models/port_grid3/trafl_comp4_b0.25/seed_1/finetune_mlp_5,0.5156699983866808,0.3195817276658725,15.177135389132463,6.612772781362352,10.144137940636899,0.5177698689826885,0.15293255259244035,0.25460800847923953,0.04062283713331338,2.1108571372302993,0.29945230949020935,0.2952308456125529,3.2188279667301734,0.9002596612129522,16.30758417172265,0.6969670966508968,3.573814139245658,2.6280499287868038,0.9586828065975853,1.000000000000001,0.16851713660742496,2500.0,5.111415968573314,0.35678508291031397,0.2251127385456046
"trafl[beta=0.25, estimator=square, mask_scheme=comp, mask_samples=4, var_lambda=0.0, normalization=paper, rollout=uniform, rollout_temperature=1.0] mlp_w32 from mlp_5 {context_source=uniform, contexts=256, group=5, learning_rate=0.0001, reference=initial, ppo_epochs=1, steps=10000, reward=potts_tfbind8}",1,models/port_grid3/trafl_comp4_b0.25/seed_1/finetune_mlp_5,0.5203176090782392,0.33752331760822873,15.182621508336139,6.594284366777149,10.241280553673711,0.522237590280499,0.14751604212052383,0.2718943837239364,0.04305748365459183,2.0658944169648517,0.3177589459615143,0.3149518673785282,3.4930713636731476,1.0093476326232973,16.186916246894093,0.692505819758736,3.5403871047551774,2.843429263968928,0.9480668206788825,1.000000000000001,0.16253811981952687,3000.0,5.239228620242003,0.3648229705590888,0.2217517209143875
"trafl[beta=0.25, estimator=square, mask_scheme=comp, mask_samples=4, var_lambda=0.0, normalization=paper, rollout=uniform, rollout_temperature=1.0] mlp_w32 from mlp_5 {context_source=uniform, contexts=256, group=5, learning_rate=0.0001, reference=initial, ppo_epochs=1, steps=10000, reward=potts_tfbind8}",1,models/port_grid3/trafl_comp4_b0.25/seed_1/finetune_mlp_5,0.5184988067679676,0.3340339535309871,15.176529189300158,6.600340679103086,10.228562816407667,0.5219335915744168,0.1458507768936755,0.26642869857399454,0.04408918913506088,2.0621835069037275,0.3132156020326052,0.3105178877090554,3.230968916636677,0.9173540635025687,16.34853932193473,0.699592178105734,3.596982431204376,2.7107581173422983,0.9646567311850922,1.0000000000000009,0.1611742102071292,3500.0,5.234086763568712,0.36472739795274567,0.21867283047097297
"trafl[beta=0.25, estimator=square, mask_scheme=comp, mask_samples=4, var_lambda=0.0, normalization=paper, rollout=uniform, rollout_temperature=1.0] mlp_w32 from mlp_5 {context_source=uniform, contexts=256, group=5, learning_rate=0.0001, reference=initial, ppo_epochs=1, steps=10000, reward=potts_tfbind8}",1,models/port_grid3/trafl_comp4_b0.25/seed_1/finetune_mlp_5,0.5194272152773095,0.344730920407945,15.13905682105206,6.560153239805908,10.263727243856867,0.5221065356565832,0.14564661886512134,0.2750350756421519,0.04534314059111083,2.086300329407819,0.3205406123222479,0.32037821623326274,3.2429159235909424,0.8919966493419895,16.11172656320231,0.6854864756651551,3.4002561049863465,2.301587039600941,0.9319188772906778,1.000000000000001,0.15970811363447157,4000.0,5.237838398481887,0.3670271983468425,0.218425061280134
"trafl[beta=0.25, estimator=square, mask_scheme=comp, mask_samples=4, var_lambda=0.0, normalization=paper, rollout=uniform, rollout_temperature=1.0] mlp_w32 from mlp_5 {context_source=uniform, contexts=256, group=5, learning_rate=0.0001, reference=initial, ppo_epochs=1, steps=10000, reward=potts_tfbind8}",1,models/port_grid3/trafl_comp4_b0.25/seed_1/finetune_mlp_5,0.5186993775079446,0.3323202704068219,15.184621759985752,6.60900092174505,10.203695041347647,0.5209036647617589,0.1479122839260614,0.2624633463236815,0.04313174078593618,2.070969417310088,0.30870099301096776,0.3055950871096177,3.345143345795345,0.9528728479266626,16.278541227060458,0.6961592182120235,3.5529934774653755,2.719826791103034,0.9560532972302579,1.000000000000001,0.16287654495049553,4096.0,5.194260615549626,0.36164435362372593,0.22171575490310683
"trafl[beta=0.25, estimator=square, mask_scheme=comp, mask_samples=4, var_lambda=0.0, normalization=paper, rollout=uniform, rollout_temperature=1.0] mlp_w32 from mlp_5 {context_source=uniform, contexts=256, group=5, learning_rate=0.0001, reference=initial, ppo_epochs=1, steps=10000, reward=potts_tfbind8}",1,models/port_grid3/trafl_comp4_b0.25/seed_1/finetune_mlp_5,0.5086612980935044,0.2894902109067445,15.217026399945297,6.646080620606304,10.0598713253001,0.5143747991549976,0.15272523390098733,0.23680719785677604,0.04247009600392129,2.087087039594298,0.2776897355163727,0.27927729386069733,3.750208826876727,1.0498957707724437,15.67317392405553,0.6631728074057126,3.077182758713993,2.2459571328230084,0.8783881493616704,1.000000000000001,0.167821216467788,4500.0,5.008204105630771,0.34698833898530407,0.2266268462518346
"trafl[beta=0.25, estimator=square, mask_scheme=comp, mask_samples=4, var_lambda=0.0, normalization=paper, rollout=uniform, rollout_temperature=1.0] mlp_w32 from mlp_5 {context_source=uniform, contexts=256, group=5, learning_rate=0.0001, reference=initial, ppo_epochs=1, steps=10000, reward=potts_tfbind8}",1,models/port_grid3/trafl_comp4_b0.25/seed_1/finetune_mlp_5,0.5186207454814424,0.32625582871599146,15.193076815708885,6.6196891737229135,10.24573164463439,0.523866011582741,0.14370475218071913,0.26395764084429196,0.04515339573974375,2.0125428207209297,0.3152435450272975,0.3091110365840357,3.4615655649160026,0.9636129943035903,15.995318615122066,0.6798731478675397,3.319867244963225,2.344544109088841,0.918207432526976,1.000000000000001,0.15890994614514062,5000.0,5.259699121194705,0.36537213791322865,0.21830809604697837
"trafl[beta=0.25, estimator=square, mask_scheme=comp, mask_samples=4, var_lambda=0.0, normalization=paper, rollout=uniform, rollout_temperature=1.0] mlp_w32 from mlp_5 {context_source=uniform, contexts=256, group=5, learning_rate=0.0001, reference=initial, ppo_epochs=1, steps=10000, reward=potts_tfbind8}",1,models/port_grid3/trafl_comp4_b0.25/seed_1/finetune_mlp_5,0.5146382911262675,0.3119392034413173,15.204943389467331,6.619345052467962,10.18302234326585,0.5200863242026138,0.14473087760952172,0.2555860997343391,0.04505668312715533,2.0321904962856445,0.30085709822831685,0.30064278286149443,3.715120032616336,1.058503296844271,15.796856685106933,0.6702809707964222,3.1712524305987193,2.356786583280396,0.8956752772069214,1.000000000000001,0.160200824688295,5500.0,5.175043938983443,0.35863485348698,0.2207360944979501
"trafl[beta=0.25, estimator=square, mask_scheme=comp, mask_samples=4, var_lambda=0.0, normalization=paper, rollout=uniform, rollout_temperature=1.0] mlp_w32 from mlp_5 {context_source=uniform, contexts=256, group=5, learning_rate=0.0001, reference=initial, ppo_epochs=1, steps=10000, reward=potts_tfbind8}",1,models/port_grid3/trafl_comp4_b0.25/seed_1/finetune_mlp_5,0.5152207804475757,0.31640715037506356,15.19150347013821,6.611523567983886,10.181608794665628,0.519673134071185,0.14559016937821112,0.25580805102811827,0.044923607638376384,2.048481989807426,0.3005933738829459,0.30073165866649465,3.4354147163134856,0.9733767885853202,16.19410314486904,0.6914882705789615,3.4888405280867585,2.668371278741663,0.944773887711467,1.000000000000001,0.16029048749297886,6000.0,5.157499705570785,0.3583243091627845,0.2211943015387081
"trafl[beta=0.25, estimator=square, mask_scheme=comp, mask_samples=4, var_lambda=0.0, normalization=paper, rollout=uniform, rollout_temperature=1.0] mlp_w32 from mlp_5 {context_source=uniform, contexts=256, group=5, learning_rate=0.0001, reference=initial, ppo_epochs=1, steps=10000, reward=potts_tfbind8}",1,models/port_grid3/trafl_comp4_b0.25/seed_1/finetune_mlp_5,0.515248969398116,0.31770432084336786,15.176735440033356,6.597268974741063,10.238383305008117,0.5222545143114634,0.14226768418638397,0.2641503904534249,0.047677610434200046,2.0271972218305425,0.3117774982199947,0.31182800088762497,3.592025186830757,1.0050133482562156,15.849515042886221,0.6724050315094218,3.2114016561222445,2.297323224061436,0.9005274055900007,1.000000000000001,0.15728098424440598,6500.0,5.225992535443862,0.3636559968344332,0.21855900763199465
"trafl[beta=0.25, estimator=square, mask_scheme=comp, mask_samples=4, var_lambda=0.0, normalization=paper, rollout=uniform, rollout_temperature=1.0] mlp_w32 from mlp_5 {context_source=uniform, contexts=256, group=5, learning_rate=0.0001, reference=initial, ppo_epochs=1, steps=10000, reward=potts_tfbind8}",1,models/port_grid3/trafl_comp4_b0.25/seed_1/finetune_mlp_5,0.5157300589733964,0.32391728124438723,15.1749204734208,6.6062239497144795,10.21038259315292,0.5210722939454093,0.14558237903117457,0.26236199370131147,0.04604908659308943,2.0553528124935263,0.3075048659061541,0.3084110802944009,3.300866404906525,0.9286757715519678,16.24879429532627,0.6939749184094879,3.5354885539584573,2.617962197718164,0.9511746321406905,1.000000000000001,0.16000852989436415,7000.0,5.1776845591058205,0.36098864916397844,0.220033137413538
"trafl[beta=0.25, estimator=square, mask_scheme=comp, mask_samples=4, var_lambda=0.0, normalization=paper, rollout=uniform, rollout_temperature=1.0] mlp_w32 from mlp_5 {context_source=uniform, contexts=256, group=5, learning_rate=0.0001, reference=initial, ppo_epochs=1, steps=10000, reward=potts_tfbind8}",1,models/port_grid3/trafl_comp4_b0.25/seed_1/finetune_mlp_5,0.5200983318411749,0.3375098614319114,15.170292327183208,6.591932623893723,10.285437492139506,0.5248221364570782,0.14069453425246917,0.2703888207553105,0.0478141675731974,2.035226484304565,0.3219023848303699,0.3182029883285079,3.4033619329578153,0.952507737775914,16.053884359339943,0.6832358862200196,3.3507997088053485,2.39632880608725,0.9260053818778609,1.0000000000000009,0.1556423240719334,7500.0,5.309214420161319,0.369987180918755,0.2153568546706724
"trafl[beta=0.25, estimator=square, mask_scheme=comp, mask_samples=4, var_lambda=0.0, normalization=paper, rollout=uniform, rollout_temperature=1.0] mlp_w32 from mlp_5 {context_source=uniform, contexts=256, group=5, learning_rate=0.0001, reference=initial, ppo_epochs=1, steps=10000, reward=potts_tfbind8}",1,models/port_grid3/trafl_comp4_b0.25/seed_1/finetune_mlp_5,0.5195937665972672,0.3302016568564033,15.186209234868404,6.62317628259343,10.264951425282096,0.5251020925869037,0.14079735525003903,0.26708623700863976,0.0483156090784127,2.007789413638972,0.31747242315153246,0.31540184608705246,3.46744242399287,0.9656900766712322,15.986988896122963,0.6794859580787288,3.3113497251744537,2.3433220164605317,0.9170244017243737,1.000000000000001,0.15633387910744972,8000.0,5.270556825134632,0.3667732501072234,0.21643010876165558
"trafl[beta=0.25, estimator=square, mask_scheme=comp, mask_samples=4, var_lambda=0.0, normalization=paper, rollout=uniform, rollout_temperature=1.0] mlp_w32 from mlp_5 {context_source=uniform, contexts=256, group=5, learning_rate=0.0001, reference=initial, ppo_epochs=1, steps=10000, reward=potts_tfbind8}",1,models/port_grid3/trafl_comp4_b0.25/seed_1/finetune_mlp_5,0.5203791428931709,0.33865141968950874,15.175543296275173,6.595304294767211,10.310986760907578,0.5262897814149868,0.1399954697937877,0.27720724662230345,0.048129183669485875,2.02189148563624,0.32711991687506675,0.3253364302917893,3.1977223486886195,0.9148703882420633,16.393134914277905,0.7022039664952087,3.6276329759332793,2.75263878182713,0.9705557488737769,1.0000000000000013,0.15447253892461205,8500.0,5.332055521609419,0.3713674451704595,0.2147199256816047
"trafl[beta=0.25, estimator=square, mask_scheme=comp, mask_samples=4, var_lambda=0.0, normalization=paper, rollout=uniform, rollout_temperature=1.0] mlp_w32 from mlp_5 {context_source=uniform, contexts=256, group=5, learning_rate=0.0001, reference=initial, ppo_epochs=1, steps=10000, reward=potts_tfbind8}",1,models/port_grid3/trafl_comp4_b0.25/seed_1/finetune_mlp_5,0.5180515602487777,0.329252997993549,15.171799615946355,6.5890498841008895,10.25720519467925,0.5229272196795478,0.1403850151086336,0.2678163726153796,0.04715743414984441,2.042246192883006,0.31387023762712996,0.314973806765224,3.46981586211878,0.9594645938726181,15.965891172478525,0.6782077637997151,3.2917983180361134,2.31929974017397,0.9139020552590419,1.0000000000000009,0.15466825123375755,9000.0,5.245011759046189,0.36536703596913167,0.21608472919394153
"trafl[beta=0.25, estimator=square, mask_scheme=comp, mask_samples=4, var_lambda=0.0, normalization=paper, rollout=uniform, rollout_temperature=1.0] mlp_w32 from mlp_5 {context_source=uniform, contexts=256, group=5, learning_rate=0.0001, reference=initial, ppo_epochs=1, steps=10000, reward=potts_tfbind8}",1,models/port_grid3/trafl_comp4_b0.25/seed_1/finetune_mlp_5,0.514475663623774,0.3170295766210708,15.1657960060273,6.590729964815919,10.265970012245198,0.523524624656227,0.13951551785843969,0.2691011268237967,0.047638199520523394,2.0291915034716745,0.3156562661725581,0.3167393263443201,3.235354052082432,0.8982826704017085,16.310800789997018,0.6969697816791902,3.57972800168818,2.633548100280085,0.9576488702387626,1.000000000000001,0.15426307538769912,9500.0,5.243238685575768,0.36595419809917906,0.21611288331176523
"trafl[beta=0.25, estimator=square, mask_scheme=comp, mask_samples=4, var_lambda=0.0, normalization=paper, rollout=uniform, rollout_temperature=1.0] mlp_w32 from mlp_5 {context_source=uniform, contexts=256, group=5, learning_rate=0.0001, reference=initial, ppo_epochs=1, steps=10000, reward=potts_tfbind8}",1,models/port_grid3/trafl_comp4_b0.25/seed_1/finetune_mlp_5,0.5166787268711424,0.32321731858232106,15.188973872498359,6.59771795112624,10.257211696498794,0.5233142284482517,0.14020283509731793,0.26509652703612485,0.0486667758442042,2.021869544674318,0.31349286781394853,0.31376330288032905,3.5315534184404003,0.9812827258381212,15.951236180789273,0.6776568872711238,3.2823805242093607,2.3534006459932693,0.9121926291618323,1.000000000000001,0.15428925596568938,10000.0,5.264706456219594,0.365583460651964,0.2155854717623431
"trafl[beta=0.25, estimator=square, mask_scheme=comp, mask_samples=4, var_lambda=0.0, normalization=paper, rollout=uniform, rollout_temperature=1.0] mlp_w32 from mlp_5 {context_source=uniform, contexts=256, group=5, learning_rate=0.0001, reference=initial, ppo_epochs=1, steps=10000, reward=potts_tfbind8}",2,models/port_grid3/trafl_comp4_b0.25/seed_2/finetune_mlp_5,0.40089774494688835,0.0,15.58400929863198,7.3350796144291905,7.274364485999048,0.40059227009566606,0.6753682702836997,0.0,0.0,3.3845174252188786,0.0,0.0,4.896481007458549,1.5766628960892644,8.347072093028896,0.2951274947079451,0.0,0.36194497535363446,0.02441464572044008,1.0000000000000013,0.5865081907766789,0.0,1.8270649549340976,0.11713328142727052,0.43648081792806004
"trafl[beta=0.25, estimator=square, mask_scheme=comp, mask_samples=4, var_lambda=0.0, normalization=paper, rollout=uniform, rollout_temperature=1.0] mlp_w32 from mlp_5 {context_source=uniform, contexts=256, group=5, learning_rate=0.0001, reference=initial, ppo_epochs=1, steps=10000, reward=potts_tfbind8}",2,models/port_grid3/trafl_comp4_b0.25/seed_2/finetune_mlp_5,0.40150630762375206,7.196029780776438e-05,15.58168145229548,7.325862272958219,7.2958445788392785,0.4011895900539513,0.6687937266186933,6.937387581990354e-05,6.21965351510583e-06,3.379752702874083,6.935816113115317e-05,7.559352933500937e-05,4.88857815724381,1.5758638686988258,8.354854899729938,0.2955287608018099,6.302125074084542e-05,0.3663623247212334,0.024744673958366353,1.000000000000001,0.5812075257277524,1.0,1.8457717767490134,0.11842093293998907,0.4348202832761977
"trafl[beta=0.25, estimator=square, mask_scheme=comp, mask_samples=4, var_lambda=0.0, normalization=paper, rollout=uniform, rollout_temperature=1.0] mlp_w32 from mlp_5 {context_source=uniform, contexts=256, group=5, learning_rate=0.0001, reference=initial, ppo_epochs=1, steps=10000, reward=potts_tfbind8}",2,models/port_grid3/trafl_comp4_b0.25/seed_2/finetune_mlp_5,0.40237695444804544,0.00023875223396479205,15.581352496287673,7.319911677475535,7.318356119913513,0.4019789921412992,0.660933563650044,0.0002354322103332242,1.9334934503684534e-05,3.368940955243796,0.00023542275103373032,0.0002547671448369087,4.89109747276967,1.5763448933743331,8.377275888372646,0.2966378284623782,0.00046310952244636716,0.3913084888528665,0.02665056768042934,1.0000000000000013,0.5757457050490964,2.0,1.86895158668026,0.11998734722778459,0.43289877102539753
"trafl[beta=0.25, estimator=square, mask_scheme=comp, mask_samples=4, var_lambda=0.0, normalization=paper, rollout=uniform, rollout_temperature=1.0] mlp_w32 from mlp_5 {context_source=uniform, contexts=256, group=5, learning_rate=0.0001, reference=initial, ppo_epochs=1, steps=10000, reward=potts_tfbind8}",2,models/port_grid3/trafl_comp4_b0.25/seed_2/finetune_mlp_5,0.40387353962630645,0.0007602622402460993,15.580551040556527,7.311304917203762,7.3580287971280285,0.4034800201116617,0.6476867223565107,0.0007603703700704637,6.017356625617743e-05,3.3502353193146606,0.0007606884441188769,0.0008205439363266411,4.896579580357258,1.5795432719857054,8.395600477039668,0.29761994307145123,0.0015600180970325988,0.40524267023143346,0.02770175423851654,1.000000000000001,0.5663528014385525,4.0,1.9085835204021988,0.12266734018452707,0.4296669208581565
"trafl[beta=0.25, estimator=square, mask_scheme=comp, mask_samples=4, var_lambda=0.0, normalization=paper, rollout=uniform, rollout_temperature=1.0] mlp_w32 from mlp_5 {context_source=uniform, contexts=256, group=5, learning_rate=0.0001, reference=initial, ppo_epochs=1, steps=10000, reward=potts_tfbind8}",2,models/port_grid3/trafl_comp4_b0.25/seed_2/finetune_mlp_5,0.4067361864794308,0.0024390128261896887,15.580034496944762,7.299105339720077,7.432901185813977,0.40652596002343083,0.6234443331244663,0.002474206055402408,0.0001939149347340175,3.313925865531184,0.0024830264421204697,0.0026681209901364255,4.93503448438106,1.5941419921961024,8.44515227347152,0.30021350590145696,0.00416254470623709,0.4600232179993441,0.03202534604716677,1.000000000000001,0.5493570422650667,8.0,1.9865797837000976,0.12795697594024738,0.423474879849673
"trafl[beta=0.25, estimator=square, mask_scheme=comp, mask_samples=4, var_lambda=0.0, normalization=paper, rollout=uniform, rollout_temperature=1.0] mlp_w32 from mlp_5 {context_source=uniform, contexts=256, group=5, learning_rate=0.0001, reference=initial, ppo_epochs=1, steps=10000, reward=potts_tfbind8}",2,models/port_grid3/trafl_comp4_b0.25/seed_2/finetune_mlp_5,0.41228715112652736,0.007598254117096386,15.578294711986201,7.281014775994564,7.57311362880439,0.4125555262885956,0.5794507013541302,0.007662289588437971,0.000608978984015093,3.2374716795436105,0.00775842396459317,0.008271268572453064,4.838452516290356,1.5738128630689796,8.610617312988596,0.30824892865385856,0.021881438777531202,0.5870034072384159,0.0417034175672106,1.000000000000001,0.5195793290399361,16.0,2.1435190677151303,0.13863466566301313,0.4116162272269484
"trafl[beta=0.25, estimator=square, mask_scheme=comp, mask_samples=4, var_lambda=0.0, normalization=paper, rollout=uniform, rollout_temperature=1.0] mlp_w32 from mlp_5 {context_source=uniform, contexts=256, group=5, learning_rate=0.0001, reference=initial, ppo_epochs=1, steps=10000, reward=potts_tfbind8}",2,models/port_grid3/trafl_comp4_b0.25/seed_2/finetune_mlp_5,0.42133756839679243,0.02054094247586476,15.574927186246361,7.247152583641428,7.804313457662451,0.422572903281624,0.5141617814541691,0.020711177205110513,0.0017514211185966772,3.1041057387216435,0.021190111150184453,0.02246259832370719,5.612531534521873,1.7953525271226751,8.977358256884141,0.32788013764904284,0.08329552031201128,1.0480429344795876,0.08427882225829446,1.000000000000001,0.47521105901101224,32.0,2.406898655690787,0.15652838973620864,0.3931791779981105
"trafl[beta=0.25, estimator=square, mask_scheme=comp, mask_samples=4, var_lambda=0.0, normalization=paper, rollout=uniform, rollout_temperature=1.0] mlp_w32 from mlp_5 {context_source=uniform, contexts=256, group=5, learning_rate=0.0001, reference=initial, ppo_epochs=1, steps=10000, reward=potts_tfbind8}",2,models/port_grid3/trafl_comp4_b0.25/seed_2/finetune_mlp_5,0.43291167997719127,0.04488446035553218,15.5488172737865,7.175311736497428,8.098119854148031,0.4343109910418588,0.44648994175802703,0.042312398065601886,0.003757174310274447,2.960006561438354,0.04419428513545652,0.04606957237587633,5.146144462783157,1.6952898054929406,9.894003075735657,0.3726321704427293,0.2976240639955181,1.493795251917096,0.1791385320034599,1.0000000000000013,0.4247636338748896,64.0,2.727403253131303,0.17872546985808366,0.37261615900292333
"trafl[beta=0.25, estimator=square, mask_scheme=comp, mask_samples=4, var_lambda=0.0, normalization=paper, rollout=uniform, rollout_temperature=1.0] mlp_w32 from mlp_5 {context_source=uniform, contexts=256, group=5, learning_rate=0.0001, reference=initial, ppo_epochs=1, steps=10000, reward=potts_tfbind8}",2,models/port_grid3/trafl_comp4_b0.25/seed_2/finetune_mlp_5,0.4509284622859685,0.08585668002573202,15.505888094610516,7.063714366090907,8.516863826667874,0.4508264307538628,0.35972561298241157,0.07657113233539739,0.007565630311042917,2.747907321498369,0.08208183938722897,0.08413676264644031,6.0381986962267185,1.8408773506661178,13.488025081358721,0.5570552362760608,1.8842256900044576,2.5742450528793572,0.627081740240022,1.000000000000001,0.3579651949967003,128.0,3.219723377869511,0.2133627778267092,0.3413637873684602
"trafl[beta=0.25, estimator=square, mask_scheme=comp, mask_samples=4, var_lambda=0.0, normalization=paper, rollout=uniform, rollout_temperature=1.0] mlp_w32 from mlp_5 {context_source=uniform, contexts=256, group=5, learning_rate=0.0001, reference=initial, ppo_epochs=1, steps=10000, reward=potts_tfbind8}",2,models/port_grid3/trafl_comp4_b0.25/seed_2/finetune_mlp_5,0.4772597824366919,0.16209042675376767,15.422731419265556,6.902427398720631,9.059001312384254,0.4717859339070779,0.2720463718903913,0.12738623837701712,0.013137914706450676,2.533274578425115,0.1418569340764418,0.1405241530834678,5.063580794222021,1.5234509898498292,14.807362492344561,0.6239236660708587,2.663901640213884,2.7304043773399886,0.7848307809623304,1.0000000000000013,0.2822059182568184,256.0,3.8642063942862577,0.2602513299072884,0.3022798989014097
"trafl[beta=0.25, estimator=square, mask_scheme=comp, mask_samples=4, var_lambda=0.0, normalization=paper, rollout=uniform, rollout_temperature=1.0] mlp_w32 from mlp_5 {context_source=uniform, contexts=256, group=5, learning_rate=0.0001, reference=initial, ppo_epochs=1, steps=10000, reward=potts_tfbind8}",2,models/port_grid3/trafl_comp4_b0.25/seed_2/finetune_mlp_5,0.5055959766558145,0.2684682124590036,15.320942850139947,6.765595887129562,9.653592147573896,0.49817019186024225,0.20493862286464254,0.19914515118382092,0.02237418856326065,2.293721007344157,0.2304755588886911,0.22151933974708157,3.70046530693622,1.0897610296680067,16.075756314882884,0.6879073209628715,3.470940086717528,2.9248509623695593,0.9365380821170037,1.000000000000001,0.2221768342716585,500.0,4.594509933276486,0.3148101188771875,0.2649362088023926
"trafl[beta=0.25, estimator=square, mask_scheme=comp, mask_samples=4, var_lambda=0.0, normalization=paper, rollout=uniform, rollout_temperature=1.0] mlp_w32 from mlp_5 {context_source=uniform, contexts=256, group=5, learning_rate=0.0001, reference=initial, ppo_epochs=1, steps=10000, reward=potts_tfbind8}",2,models/port_grid3/trafl_comp4_b0.25/seed_2/finetune_mlp_5,0.49977858372740946,0.24538404144613746,15.32241060777926,6.762010143861847,9.5665050883951,0.49288636792037166,0.21018045304494135,0.18511990024088648,0.022389285036454154,2.3349203307447253,0.21208364709340655,0.20750918527734064,4.517549346629554,1.3617277075771406,15.274329221527697,0.6471992521403667,2.9576682456508587,2.751371044838977,0.8406386376802553,1.000000000000001,0.22555668727107203,512.0,4.461701117803439,0.30552807494044104,0.2682516045448462
"trafl[beta=0.25, estimator=square, mask_scheme=comp, mask_samples=4, var_lambda=0.0, normalization=paper, rollout=uniform, rollout_temperature=1.0] mlp_w32 from mlp_5 {context_source=uniform, contexts=256, group=5, learning_rate=0.0001, reference=initial, ppo_epochs=1, steps=10000, reward=potts_tfbind8}",2,models/port_grid3/trafl_comp4_b0.25/seed_2/finetune_mlp_5,0.5144237035600984,0.30875911106740284,15.260330878271345,6.691238285738418,9.917624575040263,0.5090839778631304,0.17709739362497345,0.23099843340170004,0.030278991468973587,2.190023944487977,0.26861870357918677,0.2612774248706736,3.543952380383656,1.0336012406659483,16.16348164859877,0.6918706682463998,3.524257086195687,2.876534861891909,0.9465793385520956,1.0000000000000009,0.19431187209556156,1000.0,4.894973662775799,0.33800297588673145,0.24533046924318608
"trafl[beta=0.25, estimator=square, mask_scheme=comp, mask_samples=4, var_lambda=0.0, normalization=paper, rollout=uniform, rollout_temperature=1.0] mlp_w32 from mlp_5 {context_source=uniform, contexts=256, group=5, learning_rate=0.0001, reference=initial, ppo_epochs=1, steps=10000, reward=potts_tfbind8}",2,models/port_grid3/trafl_comp4_b0.25/seed_2/finetune_mlp_5,0.5111368907269811,0.291942172023581,15.279400307041854,6.718866777779923,9.845557471830302,0.5062100398253155,0.18024788346351323,0.21831283494605286,0.03034536400521609,2.1955085951249,0.2539183297425999,0.24865819895126895,3.4534719441381894,1.0130855206422869,16.25229599285835,0.6965345848624326,3.565519025295949,2.898045863696356,0.9593479595918479,1.000000000000001,0.1976282740614658,1024.0,4.802860714616322,0.3309345250882014,0.2481164227037953
"trafl[beta=0.25, estimator=square, mask_scheme=comp, mask_samples=4, var_lambda=0.0, normalization=paper, rollout=uniform, rollout_temperature=1.0] mlp_w32 from mlp_5 {context_source=uniform, contexts=256, group=5, learning_rate=0.0001, reference=initial, ppo_epochs=1, steps=10000, reward=potts_tfbind8}",2,models/port_grid3/trafl_comp4_b0.25/seed_2/finetune_mlp_5,0.5211840355112052,0.3444029374242945,15.189804673996264,6.6200910770775865,10.086548023088104,0.5153163904174339,0.16286927543268379,0.25298135620800527,0.03616624001184704,2.152128328575128,0.29561608193634603,0.2891475962198523,3.705933337527196,1.0990083548735485,16.01904997736836,0.6846247113488876,3.3973157782531227,2.834771509021231,0.9306730665517192,1.000000000000001,0.17907838844076096,1500.0,5.074343016322947,0.35373730783921326,0.23213109171900587
"trafl[beta=0.25, estimator=square, mask_scheme=comp, mask_samples=4, var_lambda=0.0, normalization=paper, rollout=uniform, rollout_temperature=1.0] mlp_w32 from mlp_5 {context_source=uniform, contexts=256, group=5, learning_rate=0.0001, reference=initial, ppo_epochs=1, steps=10000, reward=potts_tfbind8}",2,models/port_grid3/trafl_comp4_b0.25/seed_2/finetune_mlp_5,0.5198936329711773,0.3468422753114491,15.17178503833739,6.600506924137418,10.180152815899365,0.5193938577864814,0.15453166392034903,0.26524008887627964,0.04082396320779064,2.114631515437501,0.31006245926082615,0.3060640520840703,3.2474800284259917,0.941735204006899,16.33635377029972,0.6998449373365571,3.601154925600654,2.770211885404702,0.9667482229953422,1.0000000000000009,0.17012356756242353,2000.0,5.167285880576652,0.3609410454210653,0.22511166640239905
"trafl[beta=0.25, estimator=square, mask_scheme=comp, mask_samples=4, var_lambda=0.0, normalization=paper, rollout=uniform, rollout_temperature=1.0] mlp_w32 from mlp_5 {context_source=uniform, contexts=256, group=5, learning_rate=0.0001, reference=initial, ppo_epochs=1, steps=10000, reward=potts_tfbind8}",2,models/port_grid3/trafl_comp4_b0.25/seed_2/finetune_mlp_5,0.5179452862706642,0.33552989327195415,15.182760189544972,6.604060666446484,10.131119607712867,0.5166310494883849,0.15589796933293348,0.2566020083024368,0.03946702586179801,2.1217780518887297,0.2988525499383816,0.2960690341642348,3.4248663691746617,0.9815402143545245,16.172649420595352,0.6910328729315418,3.5061619376561453,2.722325837606137,0.9453722837397782,1.0000000000000009,0.1711719602866047,2048.0,5.104465833337588,0.3559479070648257,0.227769825012432
"trafl[beta=0.25, estimator=square, mask_scheme=comp, mask_samples=4, var_lambda=0.0, normalization=paper, rollout=uniform, rollout_temperature=1.0] mlp_w32 from mlp_5 {context_source=uniform, contexts=256, group=5, learning_rate=0.0001, reference=initial, ppo_epochs=1, steps=10000, reward=potts_tfbind8}",2,models/port_grid3/trafl_comp4_b0.25/seed_2/finetune_mlp_5,0.5175231443756986,0.3244894272449697,15.190921289876169,6.627502827130505,10.142379871058434,0.5184653259741061,0.15299862497678993,0.2573601915399869,0.04027678463901524,2.090746732821371,0.30012558725933103,0.29763697617900214,3.324557454058521,0.9279502422261581,16.0708412548112,0.6837925662324852,3.3648103943549907,2.3279366880474215,0.9279184171229944,1.0000000000000009,0.16962993177116265,2500.0,5.116989928154091,0.35647472143551306,0.22618307777730184
"trafl[beta=0.25, estimator=square, mask_scheme=comp, mask_samples=4, var_lambda=0.0, normalization=paper, rollout=uniform, rollout_temperature=1.0] mlp_w32 from mlp_5 {context_source=uniform, contexts=256, group=5, learning_rate=0.0001, reference=initial, ppo_epochs=1, steps=10000, reward=potts_tfbind8}",2,models/port_grid3/trafl_comp4_b0.25/seed_2/finetune_mlp_5,0.5176214552703403,0.32633120943377153,15.19420633875421,6.615257021863906,10.151975765511516,0.5180849894632286,0.15099982257188801,0.25420831701838653,0.041930499049826264,2.0989420909170424,0.2984915309376404,0.2961388160682128,3.2831362386659197,0.9431698118682774,16.30466057177239,0.6975447807532401,3.5518768765343918,2.703531177237144,0.9609815340068608,1.0000000000000009,0.1655969018362025,3000.0,5.131760299215647,0.35701295671489536,0.22292369935894474
"trafl[beta=0.25, estimator=square, mask_scheme=comp, mask_samples=4, var_lambda=0.0, normalization=paper, rollout=uniform, rollout_temperature=1.0] mlp_w32 from mlp_5 {context_source=uniform, contexts=256, group=5, learning_rate=0.0001, reference=initial, ppo_epochs=1, steps=10000, reward=potts_tfbind8}",2,models/port_grid3/trafl_comp4_b0.25/seed_2/finetune_mlp_5,0.5176493608073627,0.32652991519222546,15.187068399522241,6.614266174125717,10.197745569882244,0.5207494987657919,0.1483475600210859,0.26158080056137695,0.04403446524837101,2.071929000403084,0.30779608827149596,0.30561526580974796,3.2642343131709564,0.9420737988678939,16.331220847676512,0.6991856894164726,3.57680674211356,2.740924325173029,0.9649055899860041,1.000000000000001,0.1634590080773748,3500.0,5.184369433941758,0.3611059124655834,0.22143491638197937
"trafl[beta=0.25, estimator=square, mask_scheme=comp, mask_samples=4, var_lambda=0.0, normalization=paper, rollout=uniform, rollout_temperature=1.0] mlp_w32 from mlp_5 {context_source=uniform, contexts=256, group=5, learning_rate=0.0001, reference=initial, ppo_epochs=1, steps=10000, reward=potts_tfbind8}",2,models/port_grid3/trafl_comp4_b0.25/seed_2/finetune_mlp_5,0.5200598074435792,0.33390174231847747,15.185741219775583,6.628453778072433,10.21053972677111,0.5221750853704823,0.14774406444131302,0.2618181156006116,0.04420028321614361,2.0606380852141317,0.3105196226232435,0.3060183988167552,3.1454789691333054,0.8957706227611575,16.386216642770282,0.7015716534749389,3.623638047355151,2.6964356809914447,0.9701577784796744,1.0000000000000013,0.16298400320690667,4000.0,5.205611400155015,0.3628498431601769,0.22033044504821575
"trafl[beta=0.25, estimator=square, mask_scheme=comp, mask_samples=4, var_lambda=0.0, normalization=paper, rollout=uniform, rollout_temperature=1.0] mlp_w32 from mlp_5 {context_source=uniform, contexts=256, group=5, learning_rate=0.0001, reference=initial, ppo_epochs=1, steps=10000, reward=potts_tfbind8}",2,models/port_grid3/trafl_comp4_b0.25/seed_2/finetune_mlp_5,0.5175627944381436,0.3332250130519551,15.146271946176032,6.565328559602456,10.239671892110366,0.5210231070526699,0.1458393174847075,0.27178832998823077,0.04572520598340024,2.0644946673753797,0.3159796603617413,0.317513535971631,3.3341148075785156,0.9257593789863037,16.048881228696285,0.6824308633198947,3.3587047050856467,2.2885522942803496,0.9244517220822088,1.0000000000000009,0.1611609996105906,4096.0,5.205308177100284,0.3641345616149956,0.2201868215556959
"trafl[beta=0.25, estimator=square, mask_scheme=comp, mask_samples=4, var_lambda=0.0, normalization=paper, rollout=uniform, rollout_temperature=1.0] mlp_w32 from mlp_5 {context_source=uniform, contexts=256, group=5, learning_rate=0.0001, reference=initial, ppo_epochs=1, steps=10000, reward=potts_tfbind8}",2,models/port_grid3/trafl_comp4_b0.25/seed_2/finetune_mlp_5,0.5180504813028891,0.33267093884450805,15.172386776924046,6.585000951624786,10.220983825666298,0.5207246134992868,0.1458220072939691,0.26331587290264197,0.04480211703547271,2.062409791144316,0.31077842636391784,0.3081179899381147,3.3202639306626223,0.9492990868801671,16.282025021125726,0.6963504505693415,3.554315336035517,2.7028437570234063,0.9567006341731217,1.0000000000000009,0.16063178222378485,4500.0,5.210449142497126,0.36309458670609973,0.21881167718061534
"trafl[beta=0.25, estimator=square, mask_scheme=comp, mask_samples=4, var_lambda=0.0, normalization=paper, rollout=uniform, rollout_temperature=1.0] mlp_w32 from mlp_5 {context_source=uniform, contexts=256, group=5, learning_rate=0.0001, reference=initial, ppo_epochs=1, steps=10000, reward=potts_tfbind8}",2,models/port_grid3/trafl_comp4_b0.25/seed_2/finetune_mlp_5,0.5205170065110961,0.33611737982761813,15.184556329706137,6.6015528968789425,10.270614657095251,0.5244384282793021,0.1423730364637455,0.2691001561368374,0.04549596614389423,2.015257585118796,0.3203130687112239,0.31459612228073164,3.3432365049968196,0.9584337343400546,16.299371274357878,0.6974876741776014,3.5662451064597116,2.7515127656822695,0.9587405851727422,1.000000000000001,0.15775871671385117,5000.0,5.296243264125478,0.36814434677466723,0.21690493484353704
"trafl[beta=0.25, estimator=square, mask_scheme=comp, mask_samples=4, var_lambda=0.0, normalization=paper, rollout=uniform, rollout_temperature=1.0] mlp_w32 from mlp_5 {context_source=uniform, contexts=256, group=5, learning_rate=0.0001, reference=initial, ppo_epochs=1, steps=10000, reward=potts_tfbind8}",2,models/port_grid3/trafl_comp4_b0.25/seed_2/finetune_mlp_5,0.5151288431967774,0.31914986537287426,15.181959387810895,6.605344184695948,10.232818761938088,0.5225507685900048,0.14479466385903172,0.2632266477644082,0.045372649490259986,2.0428974953110295,0.31272989637072357,0.30859929725466817,3.39960988450467,0.931367279414086,16.010000267291417,0.6803221816712601,3.324048389226297,2.3152288049342196,0.9196007996183208,1.0000000000000009,0.1596245181626423,5500.0,5.226858753228201,0.3637781184372135,0.2182216209326358
"trafl[beta=0.25, estimator=square, mask_scheme=comp, mask_samples=4, var_lambda=0.0, normalization=paper, rollout=uniform, rollout_temperature=1.0] mlp_w32 from mlp_5 {context_source=uniform, contexts=256, group=5, learning_rate=0.0001, reference=initial, ppo_epochs=1, steps=10000, reward=potts_tfbind8}",2,models/port_grid3/trafl_comp4_b0.25/seed_2/finetune_mlp_5,0.5197252147614344,0.3324045863629337,15.196011507552731,6.60974442482568,10.253100713343343,0.5236867463742106,0.14173730168535448,0.26614126933261173,0.04587314993667946,2.014807617154847,0.31483167163168135,0.3120144192692912,3.5392509462625874,0.9977321097253442,15.96362749144137,0.6787237257553969,3.2883179771076523,2.393877380375562,0.9149854665640406,1.000000000000001,0.15665580557228653,6000.0,5.2653995260403645,0.36543014190319695,0.2162908426483886
"trafl[beta=0.25, estimator=square, mask_scheme=comp, mask_samples=4, var_lambda=0.0, normalization=paper, rollout=uniform, rollout_temperature=1.0] mlp_w32 from mlp_5 {context_source=uniform, contexts=256, group=5, learning_rate=0.0001, reference=initial, ppo_epochs=1, steps=10000, reward=potts_tfbind8}",2,models/port_grid3/trafl_comp4_b0.25/seed_2/finetune_mlp_5,0.5216559141898793,0.3460878083455441,15.151794990326106,6.586036300975962,10.344965042867603,0.528014303248628,0.13948879166764475,0.28344037559342866,0.0472132071027615,2.0215427014757674,0.33561910102726744,0.33065358269619016,3.226630054469271,0.9132388319490956,16.34868832713712,0.6995302175230269,3.6020458931213635,2.7033841114299983,0.964210290125563,1.000000000000001,0.1544771525868079,6500.0,5.364510290038924,0.3750567163371329,0.21415192366125663
"trafl[beta=0.25, estimator=square, mask_scheme=comp, mask_samples=4, var_lambda=0.0, normalization=paper, rollout=uniform, rollout_temperature=1.0] mlp_w32 from mlp_5 {context_source=uniform, contexts=256, group=5, learning_rate=0.0001, reference=initial, ppo_epochs=1, steps=10000, reward=potts_tfbind8}",2,models/port_grid3/trafl_comp4_b0.25/seed_2/finetune_mlp_5,0.5160989490902201,0.32876355795324724,15.163755460645698,6.566806153231607,10.21825634352264,0.5196171148092467,0.1437693568415021,0.2638073979546497,0.047183958076829846,2.071478788773705,0.30752748589245005,0.31099135603147954,3.4011502894000114,0.951740029178991,16.0174741661297,0.6811351403901208,3.328930623457163,2.3432162929363427,0.9220146917173813,1.000000000000001,0.15806271228823168,7000.0,5.2007597970069845,0.36244710019306675,0.21843218365499714
"trafl[beta=0.25, estimator=square, mask_scheme=comp, mask_samples=4, var_lambda=0.0, normalization=paper, rollout=uniform, rollout_temperature=1.0] mlp_w32 from mlp_5 {context_source=uniform, contexts=256, group=5, learning_rate=0.0001, reference=initial, ppo_epochs=1, steps=10000, reward=potts_tfbind8}",2,models/port_grid3/trafl_comp4_b0.25/seed_2/finetune_mlp_5,0.5130085789207938,0.31014303138876714,15.177118884338306,6.6030523542135064,10.191521547690298,0.5199064690948092,0.14383659249013198,0.25623014229954016,0.04671852767716328,2.0437313559060017,0.3016471766077032,0.30294866997670344,3.591756482218076,0.9980636510118293,15.825927794473303,0.6709178544266207,3.195058457418438,2.259670443399621,0.8969884383312762,1.0000000000000009,0.15886610196156847,7500.0,5.16218750359361,0.3594632021287256,0.22035336805308753
"trafl[beta=0.25, estimator=square, mask_scheme=comp, mask_samples=4, var_lambda=0.0, normalization=paper, rollout=uniform, rollout_temperature=1.0] mlp_w32 from mlp_5 {context_source=uniform, contexts=256, group=5, learning_rate=0.0001, reference=initial, ppo_epochs=1, steps=10000, reward=potts_tfbind8}",2,models/port_grid3/trafl_comp4_b0.25/seed_2/finetune_mlp_5,0.5142310475929542,0.3176197361623471,15.176589591417265,6.597606634627665,10.201058837135394,0.520008658497385,0.14254824767426486,0.25767295154217995,0.0470491975864461,2.0424950154984636,0.3024129067875818,0.30472214912862605,3.3904582714689884,0.9400514637426066,16.011589443752506,0.6805046802408802,3.3305177590376385,2.2941069788676236,0.9197843531972525,1.000000000000001,0.1572475097801743,8000.0,5.170883842782182,0.35991592811888706,0.21867498449159517
"trafl[beta=0.25, estimator=square, mask_scheme=comp, mask_samples=4, var_lambda=0.0, normalization=paper, rollout=uniform, rollout_temperature=1.0] mlp_w32 from mlp_5 {context_source=uniform, contexts=256, group=5, learning_rate=0.0001, reference=initial, ppo_epochs=1, steps=10000, reward=potts_tfbind8}",2,models/port_grid3/trafl_comp4_b0.25/seed_2/finetune_mlp_5,0.5148149734053067,0.3137850440524333,15.203786611706821,6.6247662990607346,10.205320669683772,0.5214818044970995,0.14287592796818305,0.25608462928448605,0.0473634396631174,2.019083131351447,0.30341018665881747,0.30344806894760346,3.495327441808084,0.9751966749119633,15.952631205194336,0.6776855531826471,3.2901764608706374,2.3261894563162,0.9128953892979347,1.0000000000000009,0.15717933151431362,8500.0,5.199554630482043,0.36062431829420394,0.2180493692845965
"trafl[beta=0.25, estimator=square, mask_scheme=comp, mask_samples=4, var_lambda=0.0, normalization=paper, rollout=uniform, rollout_temperature=1.0] mlp_w32 from mlp_5 {context_source=uniform, contexts=256, group=5, learning_rate=0.0001, reference=initial, ppo_epochs=1, steps=10000, reward=potts_tfbind8}",2,models/port_grid3/trafl_comp4_b0.25/seed_2/finetune_mlp_5,0.5201037921651139,0.3424459909622577,15.15631849600068,6.580776773262987,10.341676495516154,0.5275179349217836,0.13784864694191212,0.28101919384064605,0.05140575839578171,1.995623990497165,0.3328883472957167,0.33242495223642776,3.32183786506707,0.9198391128569214,16.07980462001726,0.6840940619753265,3.3801121320463174,2.3355995423844056,0.9283802798642763,1.000000000000001,0.15256853569311757,9000.0,5.3498767142783,0.37340243167489773,0.21325554333676916
"trafl[beta=0.25, estimator=square, mask_scheme=comp, mask_samples=4, var_lambda=0.0, normalization=paper, rollout=uniform, rollout_temperature=1.0] mlp_w32 from mlp_5 {context_source=uniform, contexts=256, group=5, learning_rate=0.0001, reference=initial, ppo_epochs=1, steps=10000, reward=potts_tfbind8}",2,models/port_grid3/trafl_comp4_b0.25/seed_2/finetune_mlp_5,0.5171579347457954,0.3273978644713588,15.16411568668742,6.5808605677518015,10.29170044931369,0.5245730717422538,0.13949205515161886,0.2735123008730907,0.04834397564250614,2.0259837590211687,0.3216934350205127,0.32185627651559684,3.3815068033177433,0.9440131165699311,16.03912206762416,0.6822416048412528,3.345868954379668,2.3455606468733645,0.9236060504205671,1.0000000000000009,0.1538676349685299,9500.0,5.281788952558847,0.3684036078930629,0.21491646471763115
"trafl[beta=0.25, estimator=square, mask_scheme=comp, mask_samples=4, var_lambda=0.0, normalization=paper, rollout=uniform, rollout_temperature=1.0] mlp_w32 from mlp_5 {context_source=uniform, contexts=256, group=5, learning_rate=0.0001, reference=initial, ppo_epochs=1, steps=10000, reward=potts_tfbind8}",2,models/port_grid3/trafl_comp4_b0.25/seed_2/finetune_mlp_5,0.5154917972618369,0.3195465414152822,15.19792621545118,6.61636455084872,10.248724571552152,0.5236078783517939,0.14093071413904976,0.2659653191810538,0.049186494172978434,2.0172621639918034,0.3126621872850285,0.31515181335403225,3.483864913917086,0.977647736401755,15.981778662991243,0.6793393944756725,3.3078188883680495,2.34660497341983,0.9169855062501394,1.0000000000000009,0.15558035667343156,10000.0,5.257881049286939,0.36480404542121325,0.21708357266693026
"trafl[beta=0.5, estimator=square, mask_scheme=comp, mask_samples=4, var_lambda=0.0, normalization=paper, rollout=uniform, rollout_temperature=1.0] mlp_w32 from mlp_5 {context_source=uniform, contexts=256, group=5, learning_rate=0.0001, reference=initial, ppo_epochs=1, steps=10000, reward=potts_tfbind8}",1,models/port_grid3/trafl_comp4_b0.5/seed_1/finetune_mlp_5,0.40089774494688835,0.0,15.58400929863198,7.3350796144291905,7.274364485999048,0.40059227009566606,2.2007286308340355,0.0,0.0,3.3845174252188786,0.0,0.0,4.896481007458549,1.5766628960892644,8.347072093028896,0.2951274947079451,0.0,0.36194497535363446,0.02441464572044008,1.0000000000000013,2.4505464727693775,0.0,1.8270649549340976,0.11713328142727052,0.7909839602924758
"trafl[beta=0.5, estimator=square, mask_scheme=comp, mask_samples=4, var_lambda=0.0, normalization=paper, rollout=uniform, rollout_temperature=1.0] mlp_w32 from mlp_5 {context_source=uniform, contexts=256, group=5, learning_rate=0.0001, reference=initial, ppo_epochs=1, steps=10000, reward=potts_tfbind8}",1,models/port_grid3/trafl_comp4_b0.5/seed_1/finetune_mlp_5,0.4015060169528984,4.7140858042914646e-05,15.582497875500675,7.330149433561439,7.290463822869414,0.40113798481707585,2.192741911951927,4.2449968916366586e-05,4.540614406848038e-06,3.3797412345210742,4.244296871923646e-05,4.6990583323214624e-05,4.892698808386614,1.5767127406498989,8.353315382457385,0.29545491039600524,3.5890404192378145e-05,0.3666753895084185,0.024756668145826596,1.0000000000000013,2.4425392473029124,1.0,1.8411398295687031,0.11808528026748927,0.7901018614878166
"trafl[beta=0.5, estimator=square, mask_scheme=comp, mask_samples=4, var_lambda=0.0, normalization=paper, rollout=uniform, rollout_temperature=1.0] mlp_w32 from mlp_5 {context_source=uniform, contexts=256, group=5, learning_rate=0.0001, reference=initial, ppo_epochs=1, steps=10000, reward=potts_tfbind8}",1,models/port_grid3/trafl_comp4_b0.5/seed_1/finetune_mlp_5,0.40210597434951967,0.00017974380855632487,15.581987460969728,7.32649336566431,7.3086905837289,0.40183291574766933,2.183327660390755,0.00016774620403022986,1.6534441538255436e-05,3.3737892145200785,0.0001678109643239188,0.0001842806455684853,4.900246871379837,1.5804707766329857,8.364248039511672,0.29603361680170676,0.00023748189485150263,0.37951691423901857,0.02569539559474011,1.0000000000000013,2.433551234868774,2.0,1.858210593780516,0.11923934060306178,0.789033979852303
"trafl[beta=0.5, estimator=square, mask_scheme=comp, mask_samples=4, var_lambda=0.0, normalization=paper, rollout=uniform, rollout_temperature=1.0] mlp_w32 from mlp_5 {context_source=uniform, contexts=256, group=5, learning_rate=0.0001, reference=initial, ppo_epochs=1, steps=10000, reward=potts_tfbind8}",1,models/port_grid3/trafl_comp4_b0.5/seed_1/finetune_mlp_5,0.40346866950901017,0.0006239042739598216,15.580820810385458,7.318320951694184,7.348753104415444,0.40334826245263855,2.1597177190720127,0.0006011660995222073,5.6701639023145744e-05,3.3554403755249855,0.0006022842721718967,0.000657867738545353,4.8953252654824,1.5777837803259407,8.391077527359355,0.2973679584628379,0.001157613793781812,0.40806936156938733,0.02787279649962199,1.0000000000000013,2.4139544478333517,4.0,1.9001416499148984,0.12206140145751865,0.7864268213112453
"trafl[beta=0.5, estimator=square, mask_scheme=comp, mask_samples=4, var_lambda=0.0, normalization=paper, rollout=uniform, rollout_temperature=1.0] mlp_w32 from mlp_5 {context_source=uniform, contexts=256, group=5, learning_rate=0.0001, reference=initial, ppo_epochs=1, steps=10000, reward=potts_tfbind8}",1,models/port_grid3/trafl_comp4_b0.5/seed_1/finetune_mlp_5,0.4059517596214202,0.00226258600765572,15.577948423904077,7.300772875351974,7.427176429676244,0.40627565110295366,2.115906300248798,0.0022688774332224834,0.0002104783830136482,3.3225740588207637,0.0022794131184076683,0.0024793558162361316,4.926874924713099,1.5882262698646554,8.431743673158781,0.2994678945472279,0.0028939876258754077,0.46163165087908475,0.03210593513690058,1.000000000000001,2.376419914049185,8.0,1.9805154230948645,0.1275087065207951,0.7814252788175812
"trafl[beta=0.5, estimator=square, mask_scheme=comp, mask_samples=4, var_lambda=0.0, normalization=paper, rollout=uniform, rollout_temperature=1.0] mlp_w32 from mlp_5 {context_source=uniform, contexts=256, group=5, learning_rate=0.0001, reference=initial, ppo_epochs=1, steps=10000, reward=potts_tfbind8}",1,models/port_grid3/trafl_comp4_b0.5/seed_1/finetune_mlp_5,0.4112644593322154,0.007740595043606625,15.57162674726679,7.269588056314659,7.578111688480364,0.41221329603932055,2.030040487646748,0.007984329977435454,0.0007098151108583771,3.2503203913337835,0.00806496540888239,0.008694145088293831,4.967901323029286,1.603033975639639,8.497768368866664,0.3029370750938113,0.009843527701288216,0.5652232855592153,0.03978666216467809,1.0000000000000013,2.3067378369375997,16.0,2.1413667827965686,0.1384819587574791,0.771454360627343
"trafl[beta=0.5, estimator=square, mask_scheme=comp, mask_samples=4, var_lambda=0.0, normalization=paper, rollout=uniform, rollout_temperature=1.0] mlp_w32 from mlp_5 {context_source=uniform, contexts=256, group=5, learning_rate=0.0001, reference=initial, ppo_epochs=1, steps=10000, reward=potts_tfbind8}",1,models/port_grid3/trafl_comp4_b0.5/seed_1/finetune_mlp_5,0.42263907214661584,0.026232045848410747,15.561455420007242,7.215095431973982,7.858706546190007,0.423770927151163,1.88278657093157,0.026404368959508998,0.0021332867414774054,3.1318806390005194,0.027068918741014292,0.028537655700986403,5.6968555568939685,1.812408904038726,9.035137964605706,0.33084849870973676,0.09278297628679008,1.133303847972639,0.09455065482414916,1.000000000000001,2.1854443614149117,32.0,2.453979718478288,0.16016353582780418,0.7522966167914827
"trafl[beta=0.5, estimator=square, mask_scheme=comp, mask_samples=4, var_lambda=0.0, normalization=paper, rollout=uniform, rollout_temperature=1.0] mlp_w32 from mlp_5 {context_source=uniform, contexts=256, group=5, learning_rate=0.0001, reference=initial, ppo_epochs=1, steps=10000, reward=potts_tfbind8}",1,models/port_grid3/trafl_comp4_b0.5/seed_1/finetune_mlp_5,0.44299055277799887,0.0775704325785068,15.529299423818388,7.125030076291272,8.350196240903944,0.44547516350906224,1.643376929955688,0.07613159504630809,0.006374872094023681,2.9046774908487656,0.07969591093517187,0.08250646714033177,5.421056427770026,1.6080942935927063,14.342371150856147,0.5998408421985078,2.4381018495240165,2.48122706280372,0.7294643379402421,1.0000000000000013,1.9923265062521,64.0,3.0258416037916462,0.20044005422724104,0.7182303234540035
"trafl[beta=0.5, estimator=square, mask_scheme=comp, mask_samples=4, var_lambda=0.0, normalization=paper, rollout=uniform, rollout_temperature=1.0] mlp_w32 from mlp_5 {context_source=uniform, contexts=256, group=5, learning_rate=0.0001, reference=initial, ppo_epochs=1, steps=10000, reward=potts_tfbind8}",1,models/port_grid3/trafl_comp4_b0.5/seed_1/finetune_mlp_5,0.47261863375654045,0.17499829888181778,15.43022465481073,6.933337097584417,9.072393568116535,0.47555532087681407,1.3397510456106305,0.16291350173755773,0.014031526388447652,2.606519922122529,0.17483277825502044,0.17694502812600538,4.5739057208973835,1.3332733658631384,15.397544721989389,0.6529271439449771,2.9563921880422246,2.707522869534066,0.8566118852705675,1.0000000000000009,1.7263647099656532,128.0,3.87861455246226,0.26197515030409657,0.6656821618043942
"trafl[beta=0.5, estimator=square, mask_scheme=comp, mask_samples=4, var_lambda=0.0, normalization=paper, rollout=uniform, rollout_temperature=1.0] mlp_w32 from mlp_5 {context_source=uniform, contexts=256, group=5, learning_rate=0.0001, reference=initial, ppo_epochs=1, steps=10000, reward=potts_tfbind8}",1,models/port_grid3/trafl_comp4_b0.5/seed_1/finetune_mlp_5,0.5235184114245695,0.37423226909851415,15.209431311766638,6.65053044077282,10.139751594664654,0.522262963094125,0.9849730082474977,0.316431207897456,0.028612388036602654,2.225514959688568,0.3553324732091337,0.34504359593405864,2.9003921813055356,0.7794010223970732,16.59785930182244,0.7121231773262575,3.9821878526571988,2.746249366749521,0.990153704348961,1.0000000000000009,1.3731853916457044,256.0,5.1163630370800455,0.35695245948706805,0.5873799828863221
"trafl[beta=0.5, estimator=square, mask_scheme=comp, mask_samples=4, var_lambda=0.0, normalization=paper, rollout=uniform, rollout_temperature=1.0] mlp_w32 from mlp_5 {context_source=uniform, contexts=256, group=5, learning_rate=0.0001, reference=initial, ppo_epochs=1, steps=10000, reward=potts_tfbind8}",1,models/port_grid3/trafl_comp4_b0.5/seed_1/finetune_mlp_5,0.5847855528008601,0.7003082555409726,14.750502284235614,6.206662106221584,11.438649524751764,0.5773517327947116,0.6766990670990479,0.5371964885567359,0.05658102841896506,1.9166490990645428,0.6282543364200077,0.5937775169757009,3.879173764962967,1.0636620176940976,16.853269097413435,0.7322212866208085,5.317499467664988,3.868391108838675,0.9993253241301576,1.0000000000000007,0.9966582898130223,500.0,6.502034481220497,0.47591170449149917,0.49324415809200894
"trafl[beta=0.5, estimator=square, mask_scheme=comp, mask_samples=4, var_lambda=0.0, normalization=paper, rollout=uniform, rollout_temperature=1.0] mlp_w32 from mlp_5 {context_source=uniform, contexts=256, group=5, learning_rate=0.0001, reference=initial, ppo_epochs=1, steps=10000, reward=potts_tfbind8}",1,models/port_grid3/trafl_comp4_b0.5/seed_1/finetune_mlp_5,0.5875407357006214,0.7137008711325233,14.725523337600432,6.194090292311115,11.503388813650847,0.5807311852431023,0.6608369486343821,0.5486281611446306,0.05780370765158649,1.895156246968908,0.6441567888259991,0.6064318687962171,3.902288285091725,1.072287061663743,16.861087851639482,0.7329131613979128,5.35211641498984,3.8917500120409527,0.9993406601798316,1.000000000000001,0.9801910977694721,512.0,6.565775536603175,0.4817797369260086,0.4881291914304558
"trafl[beta=0.5, estimator=square, mask_scheme=comp, mask_samples=4, var_lambda=0.0, normalization=paper, rollout=uniform, rollout_temperature=1.0] mlp_w32 from mlp_5 {context_source=uniform, contexts=256, group=5, learning_rate=0.0001, reference=initial, ppo_epochs=1, steps=10000, reward=potts_tfbind8}",1,models/port_grid3/trafl_comp4_b0.5/seed_1/finetune_mlp_5,0.6475169012698767,1.1480896710975892,13.962658656007589,5.637382128710671,12.909452298398083,0.6412834316580887,0.45184596624196677,0.8981223107338732,0.11081810595027575,1.6882010658844178,1.032414349207153,1.008940416684149,3.6050553606126785,0.9752572495227292,16.84390549324141,0.7301374338228452,5.093823530766654,3.6008609709527097,0.9997376702732942,1.0000000000000009,0.6654169157770115,1000.0,7.854291132042067,0.6132967408152485,0.3926587943204175
"trafl[beta=0.5, estimator=square, mask_scheme=comp, mask_samples=4, var_lambda=0.0, normalization=paper, rollout=uniform, rollout_temperature=1.0] mlp_w32 from mlp_5 {context_source=uniform, contexts=256, group=5, learning_rate=0.0001, reference=initial, ppo_epochs=1, steps=10000, reward=potts_tfbind8}",1,models/port_grid3/trafl_comp4_b0.5/seed_1/finetune_mlp_5,0.6528163807922167,1.1790784785686523,13.917523360753275,5.620517330588448,13.001638182576656,0.6465201240941834,0.4375295177779916,0.9218709310071413,0.11304058681135398,1.6479899908229918,1.062963414430772,1.0349115178184953,3.6794297106894427,0.9974579883161641,16.862036915861655,0.731777953499781,5.243172273798011,3.6771468708656085,0.999857291608716,1.0000000000000007,0.6498730389113445,1024.0,7.916348384369123,0.6202442605056188,0.38774910325945855
"trafl[beta=0.5, estimator=square, mask_scheme=comp, mask_samples=4, var_lambda=0.0, normalization=paper, rollout=uniform, rollout_temperature=1.0] mlp_w32 from mlp_5 {context_source=uniform, contexts=256, group=5, learning_rate=0.0001, reference=initial, ppo_epochs=1, steps=10000, reward=potts_tfbind8}",1,models/port_grid3/trafl_comp4_b0.5/seed_1/finetune_mlp_5,0.6588425611409326,1.2137078122353704,13.797397936848055,5.54095013701753,13.230024478812888,0.656284839401087,0.39889549797846985,0.9717710163202131,0.1397280128189542,1.567560739497737,1.1168446904219074,1.1114990291391673,3.5565122842810672,0.9536255656326937,16.852196035425997,0.7299318897453867,5.126732929564033,3.5543606071409215,0.9998654923759129,1.0000000000000007,0.589561166784357,1500.0,8.072747207160994,0.6378350023229006,0.37079092964861693
"trafl[beta=0.5, estimator=square, mask_scheme=comp, mask_samples=4, var_lambda=0.0, normalization=paper, rollout=uniform, rollout_temperature=1.0] mlp_w32 from mlp_5 {context_source=uniform, contexts=256, group=5, learning_rate=0.0001, reference=initial, ppo_epochs=1, steps=10000, reward=potts_tfbind8}",1,models/port_grid3/trafl_comp4_b0.5/seed_1/finetune_mlp_5,0.6637109351272537,1.2615180427747723,13.678728190125637,5.474025935340398,13.393356055226333,0.6632492875148968,0.37267664227082026,1.012313542015284,0.16076900526346516,1.5213145006696256,1.1594495629206931,1.1730825472787492,3.4622471575070572,0.908124763255286,16.845960997893517,0.7287508367954142,5.094433111229741,3.4606891406993796,0.9999026043126034,1.0000000000000009,0.5505002510764274,2000.0,8.20383753572932,0.6539707787317018,0.3555706937146732
"trafl[beta=0.5, estimator=square, mask_scheme=comp, mask_samples=4, var_lambda=0.0, normalization=paper, rollout=uniform, rollout_temperature=1.0] mlp_w32 from mlp_5 {context_source=uniform, contexts=256, group=5, learning_rate=0.0001, reference=initial, ppo_epochs=1, steps=10000, reward=potts_tfbind8}",1,models/port_grid3/trafl_comp4_b0.5/seed_1/finetune_mlp_5,0.6695948160829956,1.3086403403274929,13.570616526049601,5.415881285080605,13.535748095800288,0.670397026545614,0.36085332954319804,1.0412607386154802,0.1644628282821301,1.4967928974984466,1.2119510586097586,1.2057235668976103,3.89655296173357,1.0643384707693149,16.856714224401152,0.7337593921157254,5.615858445836704,3.894427982068713,0.999867132131051,1.0000000000000007,0.5318057264785092,2048.0,8.266407963700193,0.6646993700059508,0.34878207990868915
"trafl[beta=0.5, estimator=square, mask_scheme=comp, mask_samples=4, var_lambda=0.0, normalization=paper, rollout=uniform, rollout_temperature=1.0] mlp_w32 from mlp_5 {context_source=uniform, contexts=256, group=5, learning_rate=0.0001, reference=initial, ppo_epochs=1, steps=10000, reward=potts_tfbind8}",1,models/port_grid3/trafl_comp4_b0.5/seed_1/finetune_mlp_5,0.6633673317001425,1.2567458112640193,13.595205429423732,5.409787951924962,13.509822699852348,0.6673967753626363,0.35535934001857883,1.0379104389438036,0.17039077914032852,1.499972529237291,1.1893624963265497,1.2083012180841322,3.4610053523806807,0.9203667163825479,16.839623894705277,0.7282964747978449,4.985868645204432,3.4595039273467028,0.9999061446505466,1.0000000000000007,0.5221798621692703,2500.0,8.267416552905669,0.6629409574068459,0.3452146067741211
"trafl[beta=0.5, estimator=square, mask_scheme=comp, mask_samples=4, var_lambda=0.0, normalization=paper, rollout=uniform, rollout_temperature=1.0] mlp_w32 from mlp_5 {context_source=uniform, contexts=256, group=5, learning_rate=0.0001, reference=initial, ppo_epochs=1, steps=10000, reward=potts_tfbind8}",1,models/port_grid3/trafl_comp4_b0.5/seed_1/finetune_mlp_5,0.671685495275065,1.3273623526158616,13.506108039103106,5.337842548204762,13.716629415575166,0.6771192746551706,0.33475198395481853,1.1235017506209823,0.18834912386621383,1.4534050123799294,1.258730265562743,1.3118508744871962,3.4929862875320303,0.9389638941747305,16.832097923453823,0.7282368982086614,5.025582448093994,3.4914691905175252,0.9999051672197088,1.0000000000000004,0.488144273544053,3000.0,8.475896313217904,0.6820228815639424,0.3328432741454073
"trafl[beta=0.5, estimator=square, mask_scheme=comp, mask_samples=4, var_lambda=0.0, normalization=paper, rollout=uniform, rollout_temperature=1.0] mlp_w32 from mlp_5 {context_source=uniform, contexts=256, group=5, learning_rate=0.0001, reference=initial, ppo_epochs=1, steps=10000, reward=potts_tfbind8}",1,models/port_grid3/trafl_comp4_b0.5/seed_1/finetune_mlp_5,0.6689885529172178,1.3168604756235187,13.477862999257837,5.328468843094389,13.730051143163326,0.6776477633373428,0.33150879504457725,1.1129311803152975,0.19541006854649612,1.4394556982243223,1.2597130948303987,1.3083412488617936,3.372177898214956,0.8937784753652908,16.82359506861603,0.7270317806544859,4.946529177702038,3.3710148041533374,0.9999272932508364,1.0000000000000004,0.4824162390176331,3500.0,8.479050402386747,0.6840626217962376,0.33129097149121167
"trafl[beta=0.5, estimator=square, mask_scheme=comp, mask_samples=4, var_lambda=0.0, normalization=paper, rollout=uniform, rollout_temperature=1.0] mlp_w32 from mlp_5 {context_source=uniform, contexts=256, group=5, learning_rate=0.0001, reference=initial, ppo_epochs=1, steps=10000, reward=potts_tfbind8}",1,models/port_grid3/trafl_comp4_b0.5/seed_1/finetune_mlp_5,0.6704023313322534,1.3274064351904422,13.415420227813838,5.307161255687764,13.780922603613295,0.6800804074658163,0.32965608581086914,1.1331983024797467,0.19764274743705168,1.4347426762267348,1.2794875139237245,1.3308410499167984,3.390069777300373,0.8819659619246928,16.841014549468355,0.7278643307621637,5.052970129005865,3.3885335865220982,0.9999039724893187,1.0000000000000007,0.47675492788598006,4000.0,8.483795524808823,0.688463179408493,0.329093625890587
"trafl[beta=0.5, estimator=square, mask_scheme=comp, mask_samples=4, var_lambda=0.0, normalization=paper, rollout=uniform, rollout_temperature=1.0] mlp_w32 from mlp_5 {context_source=uniform, contexts=256, group=5, learning_rate=0.0001, reference=initial, ppo_epochs=1, steps=10000, reward=potts_tfbind8}",1,models/port_grid3/trafl_comp4_b0.5/seed_1/finetune_mlp_5,0.6740489010751369,1.3473378209447429,13.437946699857045,5.32107468212563,13.805558165469668,0.6823845289358803,0.3276204541982331,1.1386384296115297,0.1994891655412907,1.4168388519090402,1.289746188834585,1.3381275951528204,3.896596442325874,1.0508414729500588,16.838715974492853,0.7322272839019762,5.725932265644338,3.8946385987583927,0.999877595595639,1.0000000000000004,0.4746958218686504,4096.0,8.526229359529712,0.6898129908428197,0.327650567503855
"trafl[beta=0.5, estimator=square, mask_scheme=comp, mask_samples=4, var_lambda=0.0, normalization=paper, rollout=uniform, rollout_temperature=1.0] mlp_w32 from mlp_5 {context_source=uniform, contexts=256, group=5, learning_rate=0.0001, reference=initial, ppo_epochs=1, steps=10000, reward=potts_tfbind8}",1,models/port_grid3/trafl_comp4_b0.5/seed_1/finetune_mlp_5,0.6575650412083812,1.203106094596152,13.604923349174229,5.438797737329178,13.542920712123383,0.6703020636139424,0.34006234269659125,1.0263374579870173,0.19300457252514547,1.402758160347981,1.1881855305707771,1.2193420305121627,3.389979656406117,0.8774182418141093,16.866826136815256,0.7290027213772162,5.125329941382829,3.388953017627793,0.9999358239083751,1.0000000000000007,0.5044538902779823,4500.0,8.277658911831493,0.6631245214237824,0.3403532931212195
"trafl[beta=0.5, estimator=square, mask_scheme=comp, mask_samples=4, var_lambda=0.0, normalization=paper, rollout=uniform, rollout_temperature=1.0] mlp_w32 from mlp_5 {context_source=uniform, contexts=256, group=5, learning_rate=0.0001, reference=initial, ppo_epochs=1, steps=10000, reward=potts_tfbind8}",1,models/port_grid3/trafl_comp4_b0.5/seed_1/finetune_mlp_5,0.6685477608540705,1.285143682036093,13.486920950204608,5.360225765572297,13.786490750475942,0.6830171851562906,0.3225092549823759,1.0934200669596947,0.20632359689817248,1.3509518866919243,1.2781338924266534,1.2997436638578672,4.445866118257458,1.3380697427310704,16.82008590161599,0.7442633993465201,8.013011764970965,4.442307768030702,0.9997773184186675,1.0000000000000004,0.47261723295758146,5000.0,8.492276165783759,0.6844289344112737,0.33072719336264267
"trafl[beta=0.5, estimator=square, mask_scheme=comp, mask_samples=4, var_lambda=0.0, normalization=paper, rollout=uniform, rollout_temperature=1.0] mlp_w32 from mlp_5 {context_source=uniform, contexts=256, group=5, learning_rate=0.0001, reference=initial, ppo_epochs=1, steps=10000, reward=potts_tfbind8}",1,models/port_grid3/trafl_comp4_b0.5/seed_1/finetune_mlp_5,0.6674456658558081,1.2730124909299927,13.482480310400778,5.356298969433793,13.767015612848358,0.6811345457548601,0.315817856103665,1.0906846961920715,0.20700304358309007,1.356288635577725,1.2641652618578656,1.2976877397751616,4.091692846635359,1.129475619719998,16.85487068474127,0.7349043794419031,6.0060472530711895,4.089297568687968,0.9998502372438519,1.0000000000000009,0.4683861712025812,5500.0,8.45504847812716,0.6822261309917449,0.3245317445154079
"trafl[beta=0.5, estimator=square, mask_scheme=comp, mask_samples=4, var_lambda=0.0, normalization=paper, rollout=uniform, rollout_temperature=1.0] mlp_w32 from mlp_5 {context_source=uniform, contexts=256, group=5, learning_rate=0.0001, reference=initial, ppo_epochs=1, steps=10000, reward=potts_tfbind8}",1,models/port_grid3/trafl_comp4_b0.5/seed_1/finetune_mlp_5,0.6653573749259339,1.2658756870296999,13.531022264349303,5.37152700231444,13.68344144048633,0.6761777948293705,0.3293808735823043,1.0698153049318746,0.2070871977317177,1.385577778293597,1.2323411063925125,1.2769025026635923,3.9043027394327274,1.055780362797461,16.83526755097504,0.7324545754879322,5.80556897278076,3.902717688667955,0.9999008987259178,1.0000000000000007,0.47834910191824387,6000.0,8.428837533842664,0.6773280925876796,0.33265684136585544
"trafl[beta=0.5, estimator=square, mask_scheme=comp, mask_samples=4, var_lambda=0.0, normalization=paper, rollout=uniform, rollout_temperature=1.0] mlp_w32 from mlp_5 {context_source=uniform, contexts=256, group=5, learning_rate=0.0001, reference=initial, ppo_epochs=1, steps=10000, reward=potts_tfbind8}",1,models/port_grid3/trafl_comp4_b0.5/seed_1/finetune_mlp_5,0.6681310552912927,1.2898119411259812,13.448999701613573,5.3330052812460025,13.8109302379702,0.6828954883873881,0.31969520372864896,1.1206615041980184,0.2243263321137261,1.3561749041479643,1.2826257609016463,1.3449878363117445,3.863574053246052,1.0321930370243115,16.84608727861943,0.73212396596103,5.761768310057165,3.861671504002033,0.9998810523335054,1.0000000000000007,0.46488935768544515,6500.0,8.51156988273115,0.6880017970516156,0.32542798835750136
"trafl[beta=0.5, estimator=square, mask_scheme=comp, mask_samples=4, var_lambda=0.0, normalization=paper, rollout=uniform, rollout_temperature=1.0] mlp_w32 from mlp_5 {context_source=uniform, contexts=256, group=5, learning_rate=0.0001, reference=initial, ppo_epochs=1, steps=10000, reward=potts_tfbind8}",1,models/port_grid3/trafl_comp4_b0.5/seed_1/finetune_mlp_5,0.6683736039563056,1.2987217073055528,13.452899885531778,5.321609229593256,13.790730375189844,0.6807590783759417,0.32121277520107716,1.122231681718693,0.21942542968233458,1.373821148052266,1.2708211792603645,1.3416571114010276,3.3024884306792055,0.8442313600675805,16.850331592287976,0.7274833095702284,5.0253425568120225,3.3015024865342593,0.9999383724227201,1.0000000000000007,0.4631847074343352,7000.0,8.514678278788418,0.6878744412106752,0.3245350708567507
"trafl[beta=0.5, estimator=square, mask_scheme=comp, mask_samples=4, var_lambda=0.0, normalization=paper, rollout=uniform, rollout_temperature=1.0] mlp_w32 from mlp_5 {context_source=uniform, contexts=256, group=5, learning_rate=0.0001, reference=initial, ppo_epochs=1, steps=10000, reward=potts_tfbind8}",1,models/port_grid3/trafl_comp4_b0.5/seed_1/finetune_mlp_5,0.6729068672224788,1.3175289876160556,13.469883333850095,5.323112691776008,13.831344114111719,0.6837635184339237,0.317879587783791,1.1226003223396066,0.22491686307838998,1.3568180462530788,1.2878005716462024,1.3475171854179966,4.207942969329313,1.4349380918125927,16.698303777356223,0.7664970023950364,13.549234548106245,4.2023724308326695,0.9996510198268314,1.0000000000000007,0.4598572303592391,7500.0,8.59333429358018,0.691853602028644,0.3249661051435745
"trafl[beta=0.5, estimator=square, mask_scheme=comp, mask_samples=4, var_lambda=0.0, normalization=paper, rollout=uniform, rollout_temperature=1.0] mlp_w32 from mlp_5 {context_source=uniform, contexts=256, group=5, learning_rate=0.0001, reference=initial, ppo_epochs=1, steps=10000, reward=potts_tfbind8}",1,models/port_grid3/trafl_comp4_b0.5/seed_1/finetune_mlp_5,0.6688318459770264,1.286958102011679,13.50813875600833,5.37342986340656,13.74511524618734,0.6803340045174711,0.32127541585187613,1.086967717812311,0.2241734467598584,1.341808783714121,1.2544470859055412,1.3111411645721693,4.369643785042271,1.2787469234701996,16.823853312760445,0.7411959056437063,7.544713096704236,4.3673237059693975,0.9998548930102648,1.0000000000000007,0.46961817858077226,8000.0,8.475363283799904,0.6819333020772725,0.3274614331352919
"trafl[beta=0.5, estimator=square, mask_scheme=comp, mask_samples=4, var_lambda=0.0, normalization=paper, rollout=uniform, rollout_temperature=1.0] mlp_w32 from mlp_5 {context_source=uniform, contexts=256, group=5, learning_rate=0.0001, reference=initial, ppo_epochs=1, steps=10000, reward=potts_tfbind8}",1,models/port_grid3/trafl_comp4_b0.5/seed_1/finetune_mlp_5,0.6769453157805372,1.3609631015126926,13.388382659959829,5.2806926298486845,13.967369247173337,0.6907768158158104,0.309981889241564,1.1840250997413033,0.2337149388384483,1.334916228993771,1.3402593555867655,1.4177400385797516,4.379634036569081,1.2838047776057948,16.800493757631525,0.739795130648878,7.42056853663141,4.377551371599193,0.9998697490446261,1.0000000000000007,0.44430344776899333,8500.0,8.698632612583095,0.7039704882319515,0.3196191542992468
"trafl[beta=0.5, estimator=square, mask_scheme=comp, mask_samples=4, var_lambda=0.0, normalization=paper, rollout=uniform, rollout_temperature=1.0] mlp_w32 from mlp_5 {context_source=uniform, contexts=256, group=5, learning_rate=0.0001, reference=initial, ppo_epochs=1, steps=10000, reward=potts_tfbind8}",1,models/port_grid3/trafl_comp4_b0.5/seed_1/finetune_mlp_5,0.6722578156843818,1.3092322779594197,13.46216848845845,5.331081345862984,13.844206938952988,0.6848262388950803,0.31196161602619216,1.1264579953827782,0.22493563114728365,1.3372552705617629,1.2880913796263271,1.351393626530062,4.407052298870022,1.295894752098057,16.824996676034175,0.7416040554430116,7.533242955352529,4.404775736219927,0.9998576055009233,1.0000000000000004,0.45371662591872086,9000.0,8.578252143139428,0.6914427125989515,0.32536862296639557
"trafl[beta=0.5, estimator=square, mask_scheme=comp, mask_samples=4, var_lambda=0.0, normalization=paper, rollout=uniform, rollout_temperature=1.0] mlp_w32 from mlp_5 {context_source=uniform, contexts=256, group=5, learning_rate=0.0001, reference=initial, ppo_epochs=1, steps=10000, reward=potts_tfbind8}",1,models/port_grid3/trafl_comp4_b0.5/seed_1/finetune_mlp_5,0.6693631329558088,1.2969097072821312,13.40297562554274,5.293421825577448,13.885350676424773,0.6854773196398529,0.30889508514807645,1.1423602470969603,0.2242337629983675,1.3505409221260996,1.2982150634214313,1.3665940100953278,3.8106690942212413,1.0083897050990056,16.844651083692757,0.7316392482255996,5.739399163991613,3.8093106930192593,0.9999150767776528,1.0000000000000004,0.44326844097793633,9500.0,8.59246395768272,0.6960632369689617,0.32034696593303164
"trafl[beta=0.5, estimator=square, mask_scheme=comp, mask_samples=4, var_lambda=0.0, normalization=paper, rollout=uniform, rollout_temperature=1.0] mlp_w32 from mlp_5 {context_source=uniform, contexts=256, group=5, learning_rate=0.0001, reference=initial, ppo_epochs=1, steps=10000, reward=potts_tfbind8}",1,models/port_grid3/trafl_comp4_b0.5/seed_1/finetune_mlp_5,0.6677611041236934,1.28261153772886,13.530000813711602,5.365313242112757,13.777110827149391,0.6818622994922593,0.3186157354859588,1.1043206047328487,0.2306555826043546,1.3406421770401393,1.2630301764085174,1.3349761873372032,4.1010158732603825,1.1259748753067962,16.833621469425594,0.7343580614920361,6.252347403522405,4.098950743688142,0.9998708938391235,1.0000000000000009,0.4622034786027169,10000.0,8.563571321631128,0.6861510910258588,0.3288676536340479
"trafl[beta=0.5, estimator=square, mask_scheme=comp, mask_samples=4, var_lambda=0.0, normalization=paper, rollout=uniform, rollout_temperature=1.0] mlp_w32 from mlp_5 {context_source=uniform, contexts=256, group=5, learning_rate=0.0001, reference=initial, ppo_epochs=1, steps=10000, reward=potts_tfbind8}",2,models/port_grid3/trafl_comp4_b0.5/seed_2/finetune_mlp_5,0.40089774494688835,0.0,15.58400929863198,7.3350796144291905,7.274364485999048,0.40059227009566606,2.2007286308340355,0.0,0.0,3.3845174252188786,0.0,0.0,4.896481007458549,1.5766628960892644,8.347072093028896,0.2951274947079451,0.0,0.36194497535363446,0.02441464572044008,1.0000000000000013,2.4505464727693775,0.0,1.8270649549340976,0.11713328142727052,0.7909839602924758
"trafl[beta=0.5, estimator=square, mask_scheme=comp, mask_samples=4, var_lambda=0.0, normalization=paper, rollout=uniform, rollout_temperature=1.0] mlp_w32 from mlp_5 {context_source=uniform, contexts=256, group=5, learning_rate=0.0001, reference=initial, ppo_epochs=1, steps=10000, reward=potts_tfbind8}",2,models/port_grid3/trafl_comp4_b0.5/seed_2/finetune_mlp_5,0.4015063654143749,7.191895355602063e-05,15.581681791276026,7.325863168236639,7.295844664555069,0.4011896363728958,2.1906543812923633,6.937026563512763e-05,6.219393025411738e-06,3.3797513529763945,6.935455405562819e-05,7.558965866053937e-05,4.888580362361621,1.5758645610859114,8.354855258206607,0.2955287830426407,6.302024184792266e-05,0.36636292093767764,0.024744716090225057,1.0000000000000009,2.4398757380454215,1.0,1.8457725878840132,0.11842098213581044,0.7897987759576517
"trafl[beta=0.5, estimator=square, mask_scheme=comp, mask_samples=4, var_lambda=0.0, normalization=paper, rollout=uniform, rollout_temperature=1.0] mlp_w32 from mlp_5 {context_source=uniform, contexts=256, group=5, learning_rate=0.0001, reference=initial, ppo_epochs=1, steps=10000, reward=potts_tfbind8}",2,models/port_grid3/trafl_comp4_b0.5/seed_2/finetune_mlp_5,0.4023767304691426,0.00023972591483410527,15.581329829762227,7.319843108210961,7.318414231292684,0.4019785334404774,2.176565989466085,0.00023655217001586262,1.9417124878519073e-05,3.3690097725589405,0.00023654209877465703,0.0002559692948943817,4.89097801248997,1.5763165383784585,8.377291034089371,0.2966385692277047,0.00046434594905957107,0.3912982953908021,0.02664987542309729,1.0000000000000013,2.4287581422213345,2.0,1.86896528735008,0.11998874513762715,0.7883453681614514
"trafl[beta=0.5, estimator=square, mask_scheme=comp, mask_samples=4, var_lambda=0.0, normalization=paper, rollout=uniform, rollout_temperature=1.0] mlp_w32 from mlp_5 {context_source=uniform, contexts=256, group=5, learning_rate=0.0001, reference=initial, ppo_epochs=1, steps=10000, reward=potts_tfbind8}",2,models/port_grid3/trafl_comp4_b0.5/seed_2/finetune_mlp_5,0.40388191249588756,0.0007729819216109289,15.5803830908384,7.310830291983097,7.358559911190768,0.4034835399362813,2.15226553528948,0.000772843782065053,6.0993028816684136e-05,3.3503917646329544,0.0007731419809851869,0.0008338368108817371,4.895379073763181,1.579219688655509,8.395724115987132,0.29762468394680536,0.001573909344725328,0.405174436519647,0.02769684063250041,1.000000000000001,2.4092219021545014,4.0,1.9089501259622823,0.12269454531187782,0.7858533153359073
"trafl[beta=0.5, estimator=square, mask_scheme=comp, mask_samples=4, var_lambda=0.0, normalization=paper, rollout=uniform, rollout_temperature=1.0] mlp_w32 from mlp_5 {context_source=uniform, contexts=256, group=5, learning_rate=0.0001, reference=initial, ppo_epochs=1, steps=10000, reward=potts_tfbind8}",2,models/port_grid3/trafl_comp4_b0.5/seed_2/finetune_mlp_5,0.40681698753568635,0.0025478128877720226,15.579622348876981,7.297603225856442,7.4356024401329455,0.40658807888571774,2.1066050013511495,0.002583748652890589,0.00020105285302916658,3.31406338364015,0.0025926224627928346,0.0027848015059197557,4.933669335555397,1.5938782948687509,8.445923443488724,0.3002545895787775,0.004283693774143166,0.4603626424002525,0.032053581062902806,1.0000000000000013,2.372520118165221,8.0,1.988879317447211,0.12812228616376958,0.7808865227846116
"trafl[beta=0.5, estimator=square, mask_scheme=comp, mask_samples=4, var_lambda=0.0, normalization=paper, rollout=uniform, rollout_temperature=1.0] mlp_w32 from mlp_5 {context_source=uniform, contexts=256, group=5, learning_rate=0.0001, reference=initial, ppo_epochs=1, steps=10000, reward=potts_tfbind8}",2,models/port_grid3/trafl_comp4_b0.5/seed_2/finetune_mlp_5,0.41280807850696044,0.00846532391151838,15.577651720318325,7.276977025739185,7.5867298548226225,0.41304845093004505,2.015894177255878,0.008550655395674577,0.0006700005289686853,3.2355743111007578,0.008655524883392236,0.009220655924643262,4.853984704866523,1.5785301225418087,8.619741627723165,0.3087545078230907,0.02341316847371714,0.5962776061141601,0.04245360508646864,1.000000000000001,2.303019313240983,16.0,2.1572771321806443,0.139609515555814,0.7705495040288451
"trafl[beta=0.5, estimator=square, mask_scheme=comp, mask_samples=4, var_lambda=0.0, normalization=paper, rollout=uniform, rollout_temperature=1.0] mlp_w32 from mlp_5 {context_source=uniform, contexts=256, group=5, learning_rate=0.0001, reference=initial, ppo_epochs=1, steps=10000, reward=potts_tfbind8}",2,models/port_grid3/trafl_comp4_b0.5/seed_2/finetune_mlp_5,0.4242606879723143,0.026923465856402304,15.574112895439125,7.238719019435537,7.870631558061733,0.4256297519897374,1.8522251965973555,0.02727791247253575,0.0022332383759341816,3.0855030393304745,0.0279338123537356,0.029511150848469933,5.708975102806894,1.8217403463036386,9.040174209672784,0.33132345925100526,0.09883725367289076,1.1086611001521294,0.09090174189904698,1.0000000000000013,2.180346749091769,32.0,2.4839647247417287,0.16198605275488184,0.7506991692460342
"trafl[beta=0.5, estimator=square, mask_scheme=comp, mask_samples=4, var_lambda=0.0, normalization=paper, rollout=uniform, rollout_temperature=1.0] mlp_w32 from mlp_5 {context_source=uniform, contexts=256, group=5, learning_rate=0.0001, reference=initial, ppo_epochs=1, steps=10000, reward=potts_tfbind8}",2,models/port_grid3/trafl_comp4_b0.5/seed_2/finetune_mlp_5,0.44341295986777995,0.07763854342851316,15.53760119057797,7.145651852859772,8.340692002250078,0.44607073746919734,1.6319813941804675,0.07464204661474472,0.006221329210552615,2.883798213681349,0.07843988743624597,0.08086337582529733,5.416786610318099,1.6048634696656416,14.363393516674545,0.6006860947014029,2.425796536611956,2.466563457515442,0.7295109088658698,1.0000000000000013,1.9958226020801075,64.0,3.020222642184031,0.19975940897722796,0.7184082731285371
"trafl[beta=0.5, estimator=square, mask_scheme=comp, mask_samples=4, var_lambda=0.0, normalization=paper, rollout=uniform, rollout_temperature=1.0] mlp_w32 from mlp_5 {context_source=uniform, contexts=256, group=5, learning_rate=0.0001, reference=initial, ppo_epochs=1, steps=10000, reward=potts_tfbind8}",2,models/port_grid3/trafl_comp4_b0.5/seed_2/finetune_mlp_5,0.47454004068461186,0.18249861757594393,15.431997160493463,6.952318634373452,9.074552639278865,0.4770365118434051,1.3277849808522555,0.165315048144471,0.014874997687527314,2.5808193745187125,0.17910780047080954,0.18019004583199832,4.415291161301782,1.264676658743583,15.500040857492085,0.6573512275403243,3.022234030420463,2.652143957803317,0.86688195792508,1.000000000000001,1.7295601966002772,128.0,3.8847274293013587,0.26266824327853305,0.6652295279090175
"trafl[beta=0.5, estimator=square, mask_scheme=comp, mask_samples=4, var_lambda=0.0, normalization=paper, rollout=uniform, rollout_temperature=1.0] mlp_w32 from mlp_5 {context_source=uniform, contexts=256, group=5, learning_rate=0.0001, reference=initial, ppo_epochs=1, steps=10000, reward=potts_tfbind8}",2,models/port_grid3/trafl_comp4_b0.5/seed_2/finetune_mlp_5,0.5253131987672954,0.3890199832235344,15.182561739946046,6.6129949025837105,10.175854868568456,0.5224569740398748,0.9789815035333743,0.3187983806736071,0.029492686585257666,2.238531611370798,0.35947536493643173,0.3482910672588648,2.851121583230762,0.7616350248122024,16.616530522905418,0.7129728242522152,3.9859626285615066,2.7286850354467775,0.9921996196307875,1.000000000000001,1.3592766464211028,256.0,5.164320712420395,0.36132563113897714,0.5833161269131514
"trafl[beta=0.5, estimator=square, mask_scheme=comp, mask_samples=4, var_lambda=0.0, normalization=paper, rollout=uniform, rollout_temperature=1.0] mlp_w32 from mlp_5 {context_source=uniform, contexts=256, group=5, learning_rate=0.0001, reference=initial, ppo_epochs=1, steps=10000, reward=potts_tfbind8}",2,models/port_grid3/trafl_comp4_b0.5/seed_2/finetune_mlp_5,0.5957781499036239,0.7769257178253823,14.691147563349723,6.160025307929429,11.643673911750595,0.5880388357954852,0.6412234489199548,0.5830422234132011,0.05870685684392296,1.8644875048913354,0.6887373964302606,0.6417490802571241,4.425488194249203,1.2757603415202674,16.86164807949927,0.741703623004442,6.734642393151653,4.417886626131959,0.9995245953679371,1.0000000000000009,0.9546291563238665,500.0,6.750343138407143,0.4960291851090721,0.48259735452627267
"trafl[beta=0.5, estimator=square, mask_scheme=comp, mask_samples=4, var_lambda=0.0, normalization=paper, rollout=uniform, rollout_temperature=1.0] mlp_w32 from mlp_5 {context_source=uniform, contexts=256, group=5, learning_rate=0.0001, reference=initial, ppo_epochs=1, steps=10000, reward=potts_tfbind8}",2,models/port_grid3/trafl_comp4_b0.5/seed_2/finetune_mlp_5,0.5918780078051733,0.7498779998165186,14.705137653374948,6.167005970820419,11.590719505538516,0.5848319012504036,0.6486564628262883,0.5714439210360709,0.059464588741010904,1.875841554500794,0.6703574113907044,0.6309085097770818,4.357717809013111,1.2483058180111155,16.85994367489228,0.7404483368393716,6.58384911840565,4.352230486546434,0.999656853420073,1.0000000000000007,0.9627263743903418,512.0,6.6832496592716195,0.4906548403581207,0.48472140078914705
"trafl[beta=0.5, estimator=square, mask_scheme=comp, mask_samples=4, var_lambda=0.0, normalization=paper, rollout=uniform, rollout_temperature=1.0] mlp_w32 from mlp_5 {context_source=uniform, contexts=256, group=5, learning_rate=0.0001, reference=initial, ppo_epochs=1, steps=10000, reward=potts_tfbind8}",2,models/port_grid3/trafl_comp4_b0.5/seed_2/finetune_mlp_5,0.6485429846930436,1.142434192371268,14.002475904428264,5.6640083052418415,12.89448416360099,0.6416081038008216,0.4476182535048151,0.8884709416747527,0.10825797380731461,1.646212317980083,1.0270931883558874,0.9967289154820673,3.7515320708373556,1.0300391702100875,16.86321986362054,0.732536750825174,5.285746509638768,3.7490746397397734,0.9998463678743946,1.0000000000000009,0.667579822324288,1000.0,7.840155101723329,0.6098262181371272,0.39401641140574933
"trafl[beta=0.5, estimator=square, mask_scheme=comp, mask_samples=4, var_lambda=0.0, normalization=paper, rollout=uniform, rollout_temperature=1.0] mlp_w32 from mlp_5 {context_source=uniform, contexts=256, group=5, learning_rate=0.0001, reference=initial, ppo_epochs=1, steps=10000, reward=potts_tfbind8}",2,models/port_grid3/trafl_comp4_b0.5/seed_2/finetune_mlp_5,0.6497979551485872,1.1477356368737215,14.022572711652018,5.6816538506145715,12.882561629894118,0.6417325848627569,0.44576169854950876,0.8836844481783489,0.10910707339310022,1.6306464660047297,1.0246075433127257,0.9927915215714491,3.857114256807063,1.0700826340256533,16.873730704509608,0.7338588005843537,5.403709673179162,3.853458416870687,0.9997714079009699,1.0000000000000007,0.6710554441345654,1024.0,7.827660533830725,0.607817751027539,0.39429010707260537
"trafl[beta=0.5, estimator=square, mask_scheme=comp, mask_samples=4, var_lambda=0.0, normalization=paper, rollout=uniform, rollout_temperature=1.0] mlp_w32 from mlp_5 {context_source=uniform, contexts=256, group=5, learning_rate=0.0001, reference=initial, ppo_epochs=1, steps=10000, reward=potts_tfbind8}",2,models/port_grid3/trafl_comp4_b0.5/seed_2/finetune_mlp_5,0.6663260560560942,1.283632709579913,13.720247754455674,5.481460520188769,13.32626819160536,0.6602573538649111,0.3940833675142313,1.010459108321667,0.14140817656048355,1.5788805386385458,1.1535114323271303,1.1518672848821505,3.486840389146363,0.9384459557207389,16.84601764459955,0.7295238297415628,5.02561269934918,3.484640899336932,0.999862494914083,1.0000000000000007,0.5781060522933448,1500.0,8.178188963262583,0.6494367025517442,0.36440518090267215
"trafl[beta=0.5, estimator=square, mask_scheme=comp, mask_samples=4, var_lambda=0.0, normalization=paper, rollout=uniform, rollout_temperature=1.0] mlp_w32 from mlp_5 {context_source=uniform, contexts=256, group=5, learning_rate=0.0001, reference=initial, ppo_epochs=1, steps=10000, reward=potts_tfbind8}",2,models/port_grid3/trafl_comp4_b0.5/seed_2/finetune_mlp_5,0.6699471094733391,1.3254827303025716,13.576976542734663,5.396845833954198,13.55982752787333,0.670679890549106,0.36433725380857274,1.083598639469663,0.16956160178698076,1.5137380580027027,1.222231670759346,1.2531602412566438,3.3794613941312517,0.9097803582449353,16.82181192351821,0.7274627101812717,4.904460006922229,3.377932298227988,0.9999044104850543,1.0000000000000004,0.5300466225915829,2000.0,8.357094951303129,0.670125908704129,0.34656504820948086
"trafl[beta=0.5, estimator=square, mask_scheme=comp, mask_samples=4, var_lambda=0.0, normalization=paper, rollout=uniform, rollout_temperature=1.0] mlp_w32 from mlp_5 {context_source=uniform, contexts=256, group=5, learning_rate=0.0001, reference=initial, ppo_epochs=1, steps=10000, reward=potts_tfbind8}",2,models/port_grid3/trafl_comp4_b0.5/seed_2/finetune_mlp_5,0.6678084694956858,1.3041708142426445,13.591129230093088,5.3998523417134585,13.49966161705936,0.6665476472955378,0.365769499318082,1.0626655252566484,0.16457384700052358,1.525917038528398,1.1939852138800253,1.227239372257172,3.2810440037487547,0.8619131582061668,16.83158667061794,0.726997625598325,4.876894993443283,3.2799474793621624,0.99993145694583,1.0000000000000009,0.5318831211192423,2048.0,8.28380302096998,0.6642713695824264,0.34721513582462477
"trafl[beta=0.5, estimator=square, mask_scheme=comp, mask_samples=4, var_lambda=0.0, normalization=paper, rollout=uniform, rollout_temperature=1.0] mlp_w32 from mlp_5 {context_source=uniform, contexts=256, group=5, learning_rate=0.0001, reference=initial, ppo_epochs=1, steps=10000, reward=potts_tfbind8}",2,models/port_grid3/trafl_comp4_b0.5/seed_2/finetune_mlp_5,0.6713102988196261,1.322125556553817,13.524510133938199,5.378028757646112,13.60010559185363,0.6720949015954242,0.3476384421200068,1.0746573643196884,0.17101899893594474,1.4806558684503865,1.2239025998000141,1.2456763632556331,3.550308311199775,0.9489959146747057,16.840468805606708,0.7294846937925791,5.14239620375515,3.5487591077717795,0.9999031540635057,1.0000000000000004,0.5115785196420961,2500.0,8.322621060802842,0.6711765034013176,0.3411137411838362
"trafl[beta=0.5, estimator=square, mask_scheme=comp, mask_samples=4, var_lambda=0.0, normalization=paper, rollout=uniform, rollout_temperature=1.0] mlp_w32 from mlp_5 {context_source=uniform, contexts=256, group=5, learning_rate=0.0001, reference=initial, ppo_epochs=1, steps=10000, reward=potts_tfbind8}",2,models/port_grid3/trafl_comp4_b0.5/seed_2/finetune_mlp_5,0.6699542410636083,1.3111200269490553,13.54875085816283,5.3654324137956255,13.65136181757323,0.674130454914982,0.34349283098765543,1.0882485317755033,0.1844244223298772,1.4620685125311592,1.2358928328738514,1.2726729541053805,3.4467948630596914,0.9161590208546794,16.819368056595767,0.7273149550612239,5.013337699378743,3.44531545513653,0.9999075181505794,1.0000000000000004,0.4979406398561324,3000.0,8.423489456520793,0.6760150393979263,0.33998488575593316
"trafl[beta=0.5, estimator=square, mask_scheme=comp, mask_samples=4, var_lambda=0.0, normalization=paper, rollout=uniform, rollout_temperature=1.0] mlp_w32 from mlp_5 {context_source=uniform, contexts=256, group=5, learning_rate=0.0001, reference=initial, ppo_epochs=1, steps=10000, reward=potts_tfbind8}",2,models/port_grid3/trafl_comp4_b0.5/seed_2/finetune_mlp_5,0.6689016485657349,1.3057585071565387,13.538304141265339,5.366414934243164,13.642326227666,0.6733278359464838,0.33951298365124344,1.081731662273917,0.19423535763584132,1.4452014947622247,1.2267958696954624,1.2759670199097584,3.4211923292575506,0.9178574899059629,16.80917805139313,0.7266842243510188,4.970112216314885,3.4196521596253033,0.9999037179884078,1.0000000000000004,0.4933614716313609,3500.0,8.415231730289008,0.6761816227291917,0.33614733759074633
"trafl[beta=0.5, estimator=square, mask_scheme=comp, mask_samples=4, var_lambda=0.0, normalization=paper, rollout=uniform, rollout_temperature=1.0] mlp_w32 from mlp_5 {context_source=uniform, contexts=256, group=5, learning_rate=0.0001, reference=initial, ppo_epochs=1, steps=10000, reward=potts_tfbind8}",2,models/port_grid3/trafl_comp4_b0.5/seed_2/finetune_mlp_5,0.6717881976381004,1.3155315395879705,13.519439935021039,5.382997149079204,13.710506420980124,0.6788173139075067,0.33357368865870335,1.0944553415899185,0.1989155023627298,1.40197828630729,1.2550814485432502,1.2933708439526483,3.46095104207119,0.911873091276593,16.83012953292586,0.7277042590666853,5.084777414773786,3.4591299383824623,0.999886156684168,1.0000000000000004,0.4875569538220838,4000.0,8.464847459975527,0.680816937679754,0.3344044017148404
"trafl[beta=0.5, estimator=square, mask_scheme=comp, mask_samples=4, var_lambda=0.0, normalization=paper, rollout=uniform, rollout_temperature=1.0] mlp_w32 from mlp_5 {context_source=uniform, contexts=256, group=5, learning_rate=0.0001, reference=initial, ppo_epochs=1, steps=10000, reward=potts_tfbind8}",2,models/port_grid3/trafl_comp4_b0.5/seed_2/finetune_mlp_5,0.6720852536677788,1.3313959672411868,13.438345112861729,5.321467947146294,13.754956921536836,0.6789541610851069,0.3257466470487026,1.1155201584193155,0.20424418842171055,1.4115247132514959,1.2663833555537902,1.319764346841026,3.2877547676769345,0.8458646348862519,16.859919049102174,0.7280600159863883,4.9893827679845435,3.286779374562759,0.9999390268480003,1.0000000000000004,0.47663361055427633,4096.0,8.45631080392267,0.6851222739545699,0.3243009171903245
"trafl[beta=0.5, estimator=square, mask_scheme=comp, mask_samples=4, var_lambda=0.0, normalization=paper, rollout=uniform, rollout_temperature=1.0] mlp_w32 from mlp_5 {context_source=uniform, contexts=256, group=5, learning_rate=0.0001, reference=initial, ppo_epochs=1, steps=10000, reward=potts_tfbind8}",2,models/port_grid3/trafl_comp4_b0.5/seed_2/finetune_mlp_5,0.6772280042685542,1.3631856695373716,13.414687286941973,5.290403656456946,13.838339639907218,0.6828005401805232,0.3198980628713537,1.1411121457884508,0.2080511941123988,1.4080774786698862,1.2943964411919835,1.3491633399008496,3.9035201504630965,1.0566781024459477,16.822923983088685,0.7314362557935897,5.718904179341922,3.901379849191637,0.9998661865491001,1.0000000000000007,0.4629553370072698,4500.0,8.556718426165855,0.6930863241576944,0.32451147347836423
"trafl[beta=0.5, estimator=square, mask_scheme=comp, mask_samples=4, var_lambda=0.0, normalization=paper, rollout=uniform, rollout_temperature=1.0] mlp_w32 from mlp_5 {context_source=uniform, contexts=256, group=5, learning_rate=0.0001, reference=initial, ppo_epochs=1, steps=10000, reward=potts_tfbind8}",2,models/port_grid3/trafl_comp4_b0.5/seed_2/finetune_mlp_5,0.6744876221368247,1.3297274335831721,13.46458583879804,5.332512309430354,13.820935462121858,0.683624684954414,0.31694793338464455,1.1227342819235517,0.2042068889793669,1.366962693960855,1.2872262534672934,1.3269411709029186,4.3608400914648024,1.2656260481293833,16.81826222981981,0.7397271706831946,7.168659218658004,4.358344834637134,0.9998439264339127,1.0000000000000007,0.464487238175258,5000.0,8.557016176433185,0.6899475874331044,0.3247732737829465
"trafl[beta=0.5, estimator=square, mask_scheme=comp, mask_samples=4, var_lambda=0.0, normalization=paper, rollout=uniform, rollout_temperature=1.0] mlp_w32 from mlp_5 {context_source=uniform, contexts=256, group=5, learning_rate=0.0001, reference=initial, ppo_epochs=1, steps=10000, reward=potts_tfbind8}",2,models/port_grid3/trafl_comp4_b0.5/seed_2/finetune_mlp_5,0.666372752176716,1.2860081526368137,13.473057329430887,5.337666208391065,13.768031497329531,0.680480714044202,0.3275732845565987,1.101406564489264,0.2109241784164677,1.3944276555006767,1.2697164495821958,1.3123307429057318,4.2237844645878475,1.2080346547293952,16.7930621833032,0.7368090992280576,7.134785086162228,4.2213319527985576,0.9998466084423718,1.0000000000000004,0.47342941668633676,5500.0,8.490673579098008,0.6852345749504497,0.3310098049730958
"trafl[beta=0.5, estimator=square, mask_scheme=comp, mask_samples=4, var_lambda=0.0, normalization=paper, rollout=uniform, rollout_temperature=1.0] mlp_w32 from mlp_5 {context_source=uniform, contexts=256, group=5, learning_rate=0.0001, reference=initial, ppo_epochs=1, steps=10000, reward=potts_tfbind8}",2,models/port_grid3/trafl_comp4_b0.5/seed_2/finetune_mlp_5,0.6748332295891659,1.3287483419740331,13.478297745598805,5.324674790064365,13.830507799505789,0.6833699758012538,0.31116502515854444,1.1244743067313228,0.2146547023210621,1.358536800304796,1.2825340498218458,1.3391290090523849,4.401354933894522,1.2845321869094315,16.815345362826616,0.7399075960882869,7.3357349758637875,4.399165100684357,0.9998630424264201,1.0000000000000007,0.45500886583784456,6000.0,8.580172938259288,0.6904934241510162,0.3225159003476867
"trafl[beta=0.5, estimator=square, mask_scheme=comp, mask_samples=4, var_lambda=0.0, normalization=paper, rollout=uniform, rollout_temperature=1.0] mlp_w32 from mlp_5 {context_source=uniform, contexts=256, group=5, learning_rate=0.0001, reference=initial, ppo_epochs=1, steps=10000, reward=potts_tfbind8}",2,models/port_grid3/trafl_comp4_b0.5/seed_2/finetune_mlp_5,0.6714585855414258,1.3238070970435312,13.406335129514256,5.301764635539612,13.876518848620089,0.685825733009729,0.31393607856837474,1.140501799992613,0.22103266517791198,1.362335329632676,1.3061341689859307,1.361534465170525,4.321539864808853,1.2483666880954483,16.80814864545358,0.7385071813279983,7.16472945373516,4.319265338608719,0.9998577360415758,1.0000000000000004,0.4556034604447858,6500.0,8.581098353088207,0.6952332233574291,0.32231164581620914
"trafl[beta=0.5, estimator=square, mask_scheme=comp, mask_samples=4, var_lambda=0.0, normalization=paper, rollout=uniform, rollout_temperature=1.0] mlp_w32 from mlp_5 {context_source=uniform, contexts=256, group=5, learning_rate=0.0001, reference=initial, ppo_epochs=1, steps=10000, reward=potts_tfbind8}",2,models/port_grid3/trafl_comp4_b0.5/seed_2/finetune_mlp_5,0.6682761436521163,1.2968366163488745,13.532754546301373,5.343373595521891,13.749054343401127,0.6789364841665674,0.3204604515165851,1.1012904732679512,0.22051629307720266,1.372862241825696,1.2537716860616936,1.3218067663451538,3.417568103447565,0.9010029317815617,16.852724383118513,0.7284925818698519,5.028945155181471,3.416444503425775,0.9999297645070709,1.0000000000000007,0.4669732301300298,7000.0,8.54766424335063,0.6847333821541288,0.3263331232262656
"trafl[beta=0.5, estimator=square, mask_scheme=comp, mask_samples=4, var_lambda=0.0, normalization=paper, rollout=uniform, rollout_temperature=1.0] mlp_w32 from mlp_5 {context_source=uniform, contexts=256, group=5, learning_rate=0.0001, reference=initial, ppo_epochs=1, steps=10000, reward=potts_tfbind8}",2,models/port_grid3/trafl_comp4_b0.5/seed_2/finetune_mlp_5,0.66233047191188,1.24957568294289,13.530791410549599,5.373440387772942,13.644557344920841,0.673367542815035,0.3266863550361808,1.0576827293385016,0.2134762100726002,1.38099025513195,1.2112009389651222,1.2711589394111018,3.352446502423594,0.8641471002725436,16.85898587184741,0.7283342191253512,5.064631455397202,3.351525174247226,0.9999424083090819,1.0000000000000007,0.47665098227360025,7500.0,8.387449557721416,0.6745596382704496,0.3294641062808488
"trafl[beta=0.5, estimator=square, mask_scheme=comp, mask_samples=4, var_lambda=0.0, normalization=paper, rollout=uniform, rollout_temperature=1.0] mlp_w32 from mlp_5 {context_source=uniform, contexts=256, group=5, learning_rate=0.0001, reference=initial, ppo_epochs=1, steps=10000, reward=potts_tfbind8}",2,models/port_grid3/trafl_comp4_b0.5/seed_2/finetune_mlp_5,0.6664997012720648,1.2743751156690277,13.524099245767779,5.358984786322585,13.723065278349406,0.6778356652685668,0.31964909655133994,1.0840962285374793,0.21771733154837802,1.3543116889421476,1.240933118916275,1.3018135600858574,4.367136705164077,1.2652365282229285,16.832741721220806,0.7404606149140729,7.296351350544771,4.364900966560097,0.9998601609766868,1.0000000000000007,0.4671291955104666,8000.0,8.480946071142599,0.6810486869994296,0.32622763893431395
"trafl[beta=0.5, estimator=square, mask_scheme=comp, mask_samples=4, var_lambda=0.0, normalization=paper, rollout=uniform, rollout_temperature=1.0] mlp_w32 from mlp_5 {context_source=uniform, contexts=256, group=5, learning_rate=0.0001, reference=initial, ppo_epochs=1, steps=10000, reward=potts_tfbind8}",2,models/port_grid3/trafl_comp4_b0.5/seed_2/finetune_mlp_5,0.6708920540693604,1.2943088920588963,13.487713073835621,5.361188266396285,13.825197495403975,0.6849088032509236,0.3122941310228865,1.1070557751736962,0.22842841025935412,1.304695904701616,1.2819090035964438,1.3354841854330504,4.501774056534463,1.3378617100567416,16.839401824409368,0.7438230802873699,7.961656594340968,4.499119191529116,0.99983392873893,1.0000000000000007,0.4570389716633565,8500.0,8.54198846090044,0.6875888368426228,0.32497894183577347
"trafl[beta=0.5, estimator=square, mask_scheme=comp, mask_samples=4, var_lambda=0.0, normalization=paper, rollout=uniform, rollout_temperature=1.0] mlp_w32 from mlp_5 {context_source=uniform, contexts=256, group=5, learning_rate=0.0001, reference=initial, ppo_epochs=1, steps=10000, reward=potts_tfbind8}",2,models/port_grid3/trafl_comp4_b0.5/seed_2/finetune_mlp_5,0.6707685056978381,1.3244695329041298,13.450279801061315,5.316448776816449,13.862138812420111,0.6852964847921128,0.31542256106439726,1.1329846176329563,0.2358513617077751,1.339457090511095,1.2974546498310948,1.3688359793407314,4.152435260430753,1.4060355255742953,16.636044430117675,0.7637187214079858,14.094226899791115,4.145993313475758,0.9995962690838751,1.0000000000000007,0.45411395938993576,9000.0,8.59461297266339,0.6932007173992156,0.3252274208812546
"trafl[beta=0.5, estimator=square, mask_scheme=comp, mask_samples=4, var_lambda=0.0, normalization=paper, rollout=uniform, rollout_temperature=1.0] mlp_w32 from mlp_5 {context_source=uniform, contexts=256, group=5, learning_rate=0.0001, reference=initial, ppo_epochs=1, steps=10000, reward=potts_tfbind8}",2,models/port_grid3/trafl_comp4_b0.5/seed_2/finetune_mlp_5,0.6672430642803177,1.2916904700426919,13.503211673314237,5.333539249176943,13.775099758352322,0.6799810986371991,0.31780179518972773,1.1124063021888417,0.2247118965396846,1.3596876105857232,1.2588466630343746,1.3371181987285263,3.832096456497543,1.0249811236533228,16.836793313526854,0.731131159819367,5.672217595881474,3.830812719782825,0.9999197496077332,1.0000000000000007,0.4590254996271069,9500.0,8.54510913333574,0.6865142910910124,0.324725507745629
"trafl[beta=0.5, estimator=square, mask_scheme=comp, mask_samples=4, var_lambda=0.0, normalization=paper, rollout=uniform, rollout_temperature=1.0] mlp_w32 from mlp_5 {context_source=uniform, contexts=256, group=5, learning_rate=0.0001, reference=initial, ppo_epochs=1, steps=10000, reward=potts_tfbind8}",2,models/port_grid3/trafl_comp4_b0.5/seed_2/finetune_mlp_5,0.673404391827517,1.3316372233604241,13.498318867054888,5.340016193535732,13.843541272675397,0.6849516709399611,0.31119570473265273,1.1317481476392193,0.23480033086325713,1.3212519611546103,1.2863311544566394,1.3665484785024764,3.979528312191397,1.0784874020029165,16.851758279472257,0.733338033067676,5.907595838069145,3.977625027351732,0.9998810148383649,1.0000000000000004,0.4522892338878327,10000.0,8.635285204164049,0.6927812461812158,0.3232603208857512
"trafl[beta=0.25, estimator=square, mask_scheme=comp, mask_samples=4, var_lambda=1.0, normalization=paper, rollout=uniform, rollout_temperature=1.0] mlp_w32 from mlp_5 {context_source=uniform, contexts=256, group=5, learning_rate=0.0001, reference=initial, ppo_epochs=1, steps=10000, reward=potts_tfbind8}",1,models/port_grid3/trafl_comp4_var1_b0.25/seed_1/finetune_mlp_5,0.40089774494688835,0.0,15.58400929863198,7.3350796144291905,7.274364485999048,0.40059227009566606,0.6753682702836997,0.0,0.0,3.3845174252188786,0.0,0.0,4.896481007458549,1.5766628960892644,8.347072093028896,0.2951274947079451,0.0,0.36194497535363446,0.02441464572044008,1.0000000000000013,0.5865081907766789,0.0,1.8270649549340976,0.11713328142727052,0.43648081792806004
"trafl[beta=0.25, estimator=square, mask_scheme=comp, mask_samples=4, var_lambda=1.0, normalization=paper, rollout=uniform, rollout_temperature=1.0] mlp_w32 from mlp_5 {context_source=uniform, contexts=256, group=5, learning_rate=0.0001, reference=initial, ppo_epochs=1, steps=10000, reward=potts_tfbind8}",1,models/port_grid3/trafl_comp4_var1_b0.25/seed_1/finetune_mlp_5,0.4015059875660027,4.7072858698425895e-05,15.582497862374824,7.330149430226262,7.290463883846211,0.4011379875151117,0.6704475669611629,4.2450743032082234e-05,4.540664347055457e-06,3.3797412540640948,4.2443743088005326e-05,4.699140737913769e-05,4.892698957488378,1.5767128144240807,8.353315542811776,0.2954549192923516,3.589224016627851e-05,0.3666754753265694,0.02475667440964449,1.000000000000001,0.5825257850579756,1.0,1.8411399235140928,0.11808528611030818,0.4353208774620968
"trafl[beta=0.25, estimator=square, mask_scheme=comp, mask_samples=4, var_lambda=1.0, normalization=paper, rollout=uniform, rollout_temperature=1.0] mlp_w32 from mlp_5 {context_source=uniform, contexts=256, group=5, learning_rate=0.0001, reference=initial, ppo_epochs=1, steps=10000, reward=potts_tfbind8}",1,models/port_grid3/trafl_comp4_var1_b0.25/seed_1/finetune_mlp_5,0.4021041025756714,0.0001790567451206422,15.581986771119443,7.326499573657051,7.308658038686398,0.4018316241583867,0.6647459571793948,0.00016714761958851502,1.6496456118729794e-05,3.37377360460442,0.00016721209574277495,0.00018364407570724481,4.9002245233892525,1.580459992773917,8.364225926821407,0.2960322845746572,0.00023676503119918,0.3794991802494835,0.02569407645411656,1.0000000000000013,0.5781020147005833,2.0,1.8581933651843612,0.11923808444470593,0.4338669864819317
"trafl[beta=0.25, estimator=square, mask_scheme=comp, mask_samples=4, var_lambda=1.0, normalization=paper, rollout=uniform, rollout_temperature=1.0] mlp_w32 from mlp_5 {context_source=uniform, contexts=256, group=5, learning_rate=0.0001, reference=initial, ppo_epochs=1, steps=10000, reward=potts_tfbind8}",1,models/port_grid3/trafl_comp4_var1_b0.25/seed_1/finetune_mlp_5,0.4034577756641876,0.0006142067121866234,15.580808782881315,7.318377500824968,7.348452172173216,0.40333650772820684,0.651398946743493,0.0005916198745005744,5.597587162652236e-05,3.3552881331450894,0.0005927268276686407,0.0006475957461270968,4.89526382257098,1.57770060209451,8.3907402614022,0.2973500353980769,0.0011444070102191856,0.40787516288870174,0.02785786944130543,1.000000000000001,0.5685789960608052,4.0,1.8999517584825976,0.12204751433687444,0.43050300083122206
"trafl[beta=0.25, estimator=square, mask_scheme=comp, mask_samples=4, var_lambda=1.0, normalization=paper, rollout=uniform, rollout_temperature=1.0] mlp_w32 from mlp_5 {context_source=uniform, contexts=256, group=5, learning_rate=0.0001, reference=initial, ppo_epochs=1, steps=10000, reward=potts_tfbind8}",1,models/port_grid3/trafl_comp4_var1_b0.25/seed_1/finetune_mlp_5,0.40586626018087457,0.0021636884107845288,15.577813370284318,7.301021338950636,7.424912604544783,0.40617728356816274,0.627304932163355,0.002167704359595723,0.00020250179756410363,3.3224909194331445,0.0021777116132989734,0.0023702061571598265,4.924992795581682,1.587364101937601,8.430022147254332,0.2993729414382738,0.0027836568164139558,0.46023918772661354,0.03199646843975544,1.0000000000000013,0.5510488727535441,8.0,1.978334655916836,0.1273565955178029,0.4243049011109177
"trafl[beta=0.25, estimator=square, mask_scheme=comp, mask_samples=4, var_lambda=1.0, normalization=paper, rollout=uniform, rollout_temperature=1.0] mlp_w32 from mlp_5 {context_source=uniform, contexts=256, group=5, learning_rate=0.0001, reference=initial, ppo_epochs=1, steps=10000, reward=potts_tfbind8}",1,models/port_grid3/trafl_comp4_var1_b0.25/seed_1/finetune_mlp_5,0.41084126867484727,0.006911109136125858,15.571278362214683,7.271407808771179,7.5655648801869955,0.4116749185620723,0.5844927748293464,0.007106670655502887,0.000634988290614976,3.2516005333705054,0.0071784341038646435,0.007741658946117863,4.97154015127602,1.6037484596587008,8.493640958280348,0.30273709819193007,0.007833863031363825,0.5553650950049994,0.03903485398104454,1.0000000000000013,0.5208865263335563,16.0,2.1282881728829945,0.1375664555965353,0.4128251127798723
"trafl[beta=0.25, estimator=square, mask_scheme=comp, mask_samples=4, var_lambda=1.0, normalization=paper, rollout=uniform, rollout_temperature=1.0] mlp_w32 from mlp_5 {context_source=uniform, contexts=256, group=5, learning_rate=0.0001, reference=initial, ppo_epochs=1, steps=10000, reward=potts_tfbind8}",1,models/port_grid3/trafl_comp4_var1_b0.25/seed_1/finetune_mlp_5,0.4202899643876047,0.019982191562460616,15.562566682215106,7.224394642366002,7.79440218202135,0.4208746799154097,0.5217846697498643,0.0197928553572429,0.0015904392311227242,3.145556418724374,0.02028015012520583,0.021383294588365624,5.562080535524215,1.7737592085318636,8.935513032693054,0.3255463050422515,0.07266608487537857,1.0376760888602363,0.0831421612205009,1.000000000000001,0.4767789168963083,32.0,2.3818222958125266,0.15503685895849706,0.39458970000246163
"trafl[beta=0.25, estimator=square, mask_scheme=comp, mask_samples=4, var_lambda=1.0, normalization=paper, rollout=uniform, rollout_temperature=1.0] mlp_w32 from mlp_5 {context_source=uniform, contexts=256, group=5, learning_rate=0.0001, reference=initial, ppo_epochs=1, steps=10000, reward=potts_tfbind8}",1,models/port_grid3/trafl_comp4_var1_b0.25/seed_1/finetune_mlp_5,0.432368091798053,0.04274488195444789,15.54567459912861,7.165457788160946,8.089429039252582,0.43329556676090775,0.44896979417610755,0.0411099738579736,0.0035381598357310876,2.971032159278584,0.04269790985967825,0.04464813369370469,5.721111105451978,1.8199991758131793,9.109230583839246,0.334641893877775,0.10662184868785461,1.193442493272888,0.10057456513458356,1.0000000000000009,0.42543996232297354,64.0,2.7147258691605938,0.1779089867538832,0.37299965417622716
"trafl[beta=0.25, estimator=square, mask_scheme=comp, mask_samples=4, var_lambda=1.0, normalization=paper, rollout=uniform, rollout_temperature=1.0] mlp_w32 from mlp_5 {context_source=uniform, contexts=256, group=5, learning_rate=0.0001, reference=initial, ppo_epochs=1, steps=10000, reward=potts_tfbind8}",1,models/port_grid3/trafl_comp4_var1_b0.25/seed_1/finetune_mlp_5,0.44833179076087143,0.07597757271516764,15.51161620848565,7.068245543527462,8.462163209220035,0.4478682747169984,0.36751283965242115,0.06847233072128002,0.006148155872467406,2.7700417210680484,0.07296267810390197,0.07462048659374743,6.2505570101200085,1.9268968725121605,13.051507147538537,0.5354397237400431,1.6812603265561674,2.565681070961814,0.5752132769822685,1.0000000000000013,0.3625211880753342,128.0,3.1517865431995284,0.2082694530097642,0.3447478853014103
"trafl[beta=0.25, estimator=square, mask_scheme=comp, mask_samples=4, var_lambda=1.0, normalization=paper, rollout=uniform, rollout_temperature=1.0] mlp_w32 from mlp_5 {context_source=uniform, contexts=256, group=5, learning_rate=0.0001, reference=initial, ppo_epochs=1, steps=10000, reward=potts_tfbind8}",1,models/port_grid3/trafl_comp4_var1_b0.25/seed_1/finetune_mlp_5,0.4712221458899148,0.13724533422740592,15.441820953547722,6.9388361196904125,8.939784218976184,0.46703564887970433,0.2864405440424901,0.11334771429207685,0.010777493662202459,2.5680540065746795,0.1246189296213545,0.12412520795427931,5.183008255813035,1.5600801871924643,14.659038529551507,0.6162890531931289,2.5781927734269416,2.6887414376111676,0.7670352804202192,1.000000000000001,0.29477218715374953,256.0,3.702801090682345,0.24855959582139342,0.31005896123877935
"trafl[beta=0.25, estimator=square, mask_scheme=comp, mask_samples=4, var_lambda=1.0, normalization=paper, rollout=uniform, rollout_temperature=1.0] mlp_w32 from mlp_5 {context_source=uniform, contexts=256, group=5, learning_rate=0.0001, reference=initial, ppo_epochs=1, steps=10000, reward=potts_tfbind8}",1,models/port_grid3/trafl_comp4_var1_b0.25/seed_1/finetune_mlp_5,0.485948961998092,0.18881892362090336,15.38180785665649,6.841831322676092,9.30321089414318,0.48196090444194056,0.23370945381452723,0.14790829226154933,0.015733883741222032,2.399653794201796,0.16816989718457326,0.16364217600277137,4.862842977124492,1.465090143127436,14.917391764297133,0.6290363353752735,2.741384237857361,2.7230620485247137,0.7975084990713278,1.0000000000000009,0.24746648592521855,500.0,4.137512638095206,0.2804422199429226,0.2830201008088932
"trafl[beta=0.25, estimator=square, mask_scheme=comp, mask_samples=4, var_lambda=1.0, normalization=paper, rollout=uniform, rollout_temperature=1.0] mlp_w32 from mlp_5 {context_source=uniform, contexts=256, group=5, learning_rate=0.0001, reference=initial, ppo_epochs=1, steps=10000, reward=potts_tfbind8}",1,models/port_grid3/trafl_comp4_var1_b0.25/seed_1/finetune_mlp_5,0.48719868313633397,0.1904988987973782,15.380929567188772,6.851366120076811,9.326692928625157,0.48382291004995276,0.2297739310822277,0.14993540145995854,0.015853442627047187,2.375596390908601,0.171626205218849,0.16578884408700573,4.803957105129497,1.441628810342751,14.988357625856532,0.6323804642749331,2.76608419363376,2.6999855500224945,0.805210164255346,1.0000000000000009,0.24505228533899964,512.0,4.173505536316561,0.283140140381463,0.28042969166480713
"trafl[beta=0.25, estimator=square, mask_scheme=comp, mask_samples=4, var_lambda=1.0, normalization=paper, rollout=uniform, rollout_temperature=1.0] mlp_w32 from mlp_5 {context_source=uniform, contexts=256, group=5, learning_rate=0.0001, reference=initial, ppo_epochs=1, steps=10000, reward=potts_tfbind8}",1,models/port_grid3/trafl_comp4_var1_b0.25/seed_1/finetune_mlp_5,0.5020249158396405,0.24898753059244788,15.330997847099667,6.785257874436162,9.65153110332144,0.498535703194995,0.19575194376251212,0.18834526652652964,0.019200532192332254,2.2524803652312855,0.22081127377365692,0.2075457987188619,3.858752637534958,1.14930931132881,15.95988552333031,0.6820550596577448,3.351300137651798,2.903655981174038,0.9245500595323386,1.0000000000000013,0.21302781021973807,1000.0,4.592522976684666,0.3140747549443183,0.25768510613870005
"trafl[beta=0.25, estimator=square, mask_scheme=comp, mask_samples=4, var_lambda=1.0, normalization=paper, rollout=uniform, rollout_temperature=1.0] mlp_w32 from mlp_5 {context_source=uniform, contexts=256, group=5, learning_rate=0.0001, reference=initial, ppo_epochs=1, steps=10000, reward=potts_tfbind8}",1,models/port_grid3/trafl_comp4_var1_b0.25/seed_1/finetune_mlp_5,0.5012136034114492,0.2437837283684941,15.324302531637823,6.78030934671605,9.643084400916656,0.49777455821588895,0.19476628565524884,0.18604760666531295,0.019375675569272416,2.2472089515395535,0.21732307205481516,0.20542328223458536,4.143350899859518,1.2378084955057311,15.733595237170345,0.6702460412323469,3.159011745626325,2.8155595814187935,0.8966156188533608,1.000000000000001,0.21165128410209183,1024.0,4.563545904302247,0.31216327682787004,0.2569747996921562
"trafl[beta=0.25, estimator=square, mask_scheme=comp, mask_samples=4, var_lambda=1.0, normalization=paper, rollout=uniform, rollout_temperature=1.0] mlp_w32 from mlp_5 {context_source=uniform, contexts=256, group=5, learning_rate=0.0001, reference=initial, ppo_epochs=1, steps=10000, reward=potts_tfbind8}",1,models/port_grid3/trafl_comp4_var1_b0.25/seed_1/finetune_mlp_5,0.5025614499616824,0.24490737076213576,15.34598160948186,6.806395096610393,9.663328541834355,0.49975886399473246,0.19081858465450724,0.18823475902602316,0.020708894468932038,2.209765285584419,0.21850512750187534,0.2089436534949552,3.6025761118852793,1.0521795161575738,16.09206200450535,0.6876870717912581,3.4568564690179895,2.806245336721026,0.9375683607448386,1.0000000000000009,0.20777230431972687,1500.0,4.593877189617864,0.31326232872599646,0.25449233137817917
"trafl[beta=0.25, estimator=square, mask_scheme=comp, mask_samples=4, var_lambda=1.0, normalization=paper, rollout=uniform, rollout_temperature=1.0] mlp_w32 from mlp_5 {context_source=uniform, contexts=256, group=5, learning_rate=0.0001, reference=initial, ppo_epochs=1, steps=10000, reward=potts_tfbind8}",1,models/port_grid3/trafl_comp4_var1_b0.25/seed_1/finetune_mlp_5,0.5000752513478232,0.2338164203986128,15.341318778928546,6.798335225812986,9.603893455097918,0.495973658283874,0.19060552457247565,0.17410482587691428,0.020744564365535567,2.2150651306164,0.20270149703166207,0.19484939024244985,4.355438654053071,1.2911802371426122,15.589357619125021,0.6626983256949788,3.038552935954832,2.813106457804437,0.8785659563855502,1.0000000000000013,0.20682744553362337,2000.0,4.510824765661008,0.30744978086587416,0.2548090550224399
"trafl[beta=0.25, estimator=square, mask_scheme=comp, mask_samples=4, var_lambda=1.0, normalization=paper, rollout=uniform, rollout_temperature=1.0] mlp_w32 from mlp_5 {context_source=uniform, contexts=256, group=5, learning_rate=0.0001, reference=initial, ppo_epochs=1, steps=10000, reward=potts_tfbind8}",1,models/port_grid3/trafl_comp4_var1_b0.25/seed_1/finetune_mlp_5,0.5055753313109377,0.25644701193315295,15.310703065028115,6.760604715526624,9.738755824048592,0.5019247783848719,0.18005247091450557,0.1924001786480345,0.021610785770664387,2.1750214091162308,0.22647949337538797,0.21401096441869888,4.169326173210602,1.228400802677873,15.603272889583867,0.6627299386156525,3.111673325466958,2.7457993413851005,0.8759326114096198,1.000000000000001,0.19688984963967954,2048.0,4.678437534743412,0.32003061841463654,0.24728879377067037
"trafl[beta=0.25, estimator=square, mask_scheme=comp, mask_samples=4, var_lambda=1.0, normalization=paper, rollout=uniform, rollout_temperature=1.0] mlp_w32 from mlp_5 {context_source=uniform, contexts=256, group=5, learning_rate=0.0001, reference=initial, ppo_epochs=1, steps=10000, reward=potts_tfbind8}",1,models/port_grid3/trafl_comp4_var1_b0.25/seed_1/finetune_mlp_5,0.5010545993127894,0.23863071915747944,15.310961056460254,6.76628988039004,9.702280103670379,0.4999530859056184,0.1821495258486367,0.18781337551887117,0.021668544781463045,2.1976943749392723,0.21916444623438114,0.20948192030033422,4.1071662044645825,1.2006091220832424,15.602977136500536,0.6621291234134551,3.111819875656927,2.6732558176787697,0.8753489812351894,1.0000000000000013,0.19869373259322667,2500.0,4.615947431735352,0.31609369144909144,0.2497989449908854
"trafl[beta=0.25, estimator=square, mask_scheme=comp, mask_samples=4, var_lambda=1.0, normalization=paper, rollout=uniform, rollout_temperature=1.0] mlp_w32 from mlp_5 {context_source=uniform, contexts=256, group=5, learning_rate=0.0001, reference=initial, ppo_epochs=1, steps=10000, reward=potts_tfbind8}",1,models/port_grid3/trafl_comp4_var1_b0.25/seed_1/finetune_mlp_5,0.5062743199760681,0.25622846790751586,15.320309876454193,6.7555530378569575,9.79143476368876,0.5042746373850098,0.17603786254608755,0.20219036426313797,0.0221355431581437,2.1506931529170767,0.23511714602515077,0.22432590742128167,3.590093601738221,1.0482291125923264,16.111155451218725,0.6887423863222981,3.4678596725654858,2.825883729935156,0.9391822221429297,1.0000000000000009,0.19235776737940086,3000.0,4.736659254568703,0.3235606240876494,0.2459927397670265
"trafl[beta=0.25, estimator=square, mask_scheme=comp, mask_samples=4, var_lambda=1.0, normalization=paper, rollout=uniform, rollout_temperature=1.0] mlp_w32 from mlp_5 {context_source=uniform, contexts=256, group=5, learning_rate=0.0001, reference=initial, ppo_epochs=1, steps=10000, reward=potts_tfbind8}",1,models/port_grid3/trafl_comp4_var1_b0.25/seed_1/finetune_mlp_5,0.5066006996191345,0.2575978565241677,15.313933275601249,6.76108169002622,9.778679135566978,0.5039228981433247,0.17488079095008324,0.1982266087339336,0.021917218998975252,2.154217484614975,0.23118203138186583,0.22014382773290886,3.3081449455218914,0.9263381809093902,16.117023365959632,0.686341118364039,3.392884091336591,2.387216904000927,0.9345242094801657,1.0000000000000009,0.19161155976656166,3500.0,4.734189214382564,0.323774770964014,0.24356501709388248
"trafl[beta=0.25, estimator=square, mask_scheme=comp, mask_samples=4, var_lambda=1.0, normalization=paper, rollout=uniform, rollout_temperature=1.0] mlp_w32 from mlp_5 {context_source=uniform, contexts=256, group=5, learning_rate=0.0001, reference=initial, ppo_epochs=1, steps=10000, reward=potts_tfbind8}",1,models/port_grid3/trafl_comp4_var1_b0.25/seed_1/finetune_mlp_5,0.5074262533130869,0.262517137585795,15.285075398802288,6.7277635257090616,9.813782403488876,0.5043290928751633,0.17211145232936492,0.2036565876030556,0.02243732029127804,2.1723450029984472,0.2361306847246795,0.22609390789433365,3.4702212548933806,0.9646262095396776,15.938982317965777,0.6768635110263526,3.2598608754586356,2.306956431685908,0.9117137564495603,1.000000000000001,0.1877843961288999,4000.0,4.748386241631246,0.3262723053825481,0.24206743950670012
"trafl[beta=0.25, estimator=square, mask_scheme=comp, mask_samples=4, var_lambda=1.0, normalization=paper, rollout=uniform, rollout_temperature=1.0] mlp_w32 from mlp_5 {context_source=uniform, contexts=256, group=5, learning_rate=0.0001, reference=initial, ppo_epochs=1, steps=10000, reward=potts_tfbind8}",1,models/port_grid3/trafl_comp4_var1_b0.25/seed_1/finetune_mlp_5,0.5073851695205225,0.25740911367782554,15.319018812081936,6.772000828906909,9.770299154439204,0.5039693621426692,0.17623525712265267,0.19678967998828845,0.02134196612793421,2.156707804410907,0.23023541321045055,0.21813164611622265,3.418491557405765,0.9799314321961023,16.21522268395415,0.6929854556788503,3.4942966735567587,2.696964703249016,0.9489946837999227,1.000000000000001,0.1927599368770901,4096.0,4.719953860984494,0.32273311574327235,0.24591078020585685
"trafl[beta=0.25, estimator=square, mask_scheme=comp, mask_samples=4, var_lambda=1.0, normalization=paper, rollout=uniform, rollout_temperature=1.0] mlp_w32 from mlp_5 {context_source=uniform, contexts=256, group=5, learning_rate=0.0001, reference=initial, ppo_epochs=1, steps=10000, reward=potts_tfbind8}",1,models/port_grid3/trafl_comp4_var1_b0.25/seed_1/finetune_mlp_5,0.4976703427274746,0.2203314038077516,15.345594527504224,6.807122989261816,9.61060793331023,0.4966486839941505,0.18724766603097381,0.1724034797133388,0.020761382324485073,2.1876606278009842,0.20031562764367628,0.19316486203782388,4.34981994723461,1.2822589337580426,14.849731422026249,0.621706362272092,2.527395455704426,2.209984450972466,0.7791582423534383,1.000000000000001,0.2027629565925584,4500.0,4.511752684763113,0.30696846848004666,0.25355843997811933
"trafl[beta=0.25, estimator=square, mask_scheme=comp, mask_samples=4, var_lambda=1.0, normalization=paper, rollout=uniform, rollout_temperature=1.0] mlp_w32 from mlp_5 {context_source=uniform, contexts=256, group=5, learning_rate=0.0001, reference=initial, ppo_epochs=1, steps=10000, reward=potts_tfbind8}",1,models/port_grid3/trafl_comp4_var1_b0.25/seed_1/finetune_mlp_5,0.5063652418194663,0.25034236310701585,15.331037580097226,6.790206656795749,9.77743185444795,0.505261273959604,0.1745254289361477,0.19434927347493275,0.02157549473751305,2.1119887015075984,0.23045214517263968,0.2159247682124458,4.186119248335321,1.227791945887223,15.553177409771795,0.6597951249611315,3.083491813023776,2.7107999551181594,0.869869227737096,1.000000000000001,0.19119349383709358,5000.0,4.7449604466048445,0.3235664383799021,0.2444262118238999
"trafl[beta=0.25, estimator=square, mask_scheme=comp, mask_samples=4, var_lambda=1.0, normalization=paper, rollout=uniform, rollout_temperature=1.0] mlp_w32 from mlp_5 {context_source=uniform, contexts=256, group=5, learning_rate=0.0001, reference=initial, ppo_epochs=1, steps=10000, reward=potts_tfbind8}",1,models/port_grid3/trafl_comp4_var1_b0.25/seed_1/finetune_mlp_5,0.5043627377165856,0.24178854524208887,15.334590953768561,6.78105955499527,9.736956746650415,0.5024430984489633,0.17601874632565379,0.1890880134379069,0.02125913100167126,2.129866553039677,0.2215770770133485,0.21034714443957817,4.270225921584002,1.261999316693358,15.512276532445838,0.6581004609519302,3.0491192365047315,2.743052899115741,0.8658433883277177,1.000000000000001,0.1924372026271856,5500.0,4.6830660916673645,0.3188402746549247,0.24654364348301527
"trafl[beta=0.25, estimator=square, mask_scheme=comp, mask_samples=4, var_lambda=1.0, normalization=paper, rollout=uniform, rollout_temperature=1.0] mlp_w32 from mlp_5 {context_source=uniform, contexts=256, group=5, learning_rate=0.0001, reference=initial, ppo_epochs=1, steps=10000, reward=potts_tfbind8}",1,models/port_grid3/trafl_comp4_var1_b0.25/seed_1/finetune_mlp_5,0.5042619230081178,0.24327025594168503,15.32935580683301,6.785054079958895,9.711861174354873,0.5012730479525452,0.17840365540595696,0.18595775629903863,0.02112996659889471,2.1487193534127353,0.21735808627139466,0.20708772289793334,4.229168678657116,1.225995696195616,15.112624520401774,0.6351197527521705,2.6945921294945068,2.2518136743480905,0.8114408605834557,1.0000000000000009,0.19449210495911629,6000.0,4.646284283360364,0.3168026504908205,0.24846566012575103
"trafl[beta=0.25, estimator=square, mask_scheme=comp, mask_samples=4, var_lambda=1.0, normalization=paper, rollout=uniform, rollout_temperature=1.0] mlp_w32 from mlp_5 {context_source=uniform, contexts=256, group=5, learning_rate=0.0001, reference=initial, ppo_epochs=1, steps=10000, reward=potts_tfbind8}",1,models/port_grid3/trafl_comp4_var1_b0.25/seed_1/finetune_mlp_5,0.5050243102454365,0.2445871944911863,15.316546403960329,6.769248312462526,9.76655790413964,0.5035635145307724,0.17324714711935835,0.1924124073658668,0.02200132968168836,2.1295941865910355,0.22603912042203317,0.21441373704755515,3.726354483100943,1.0445904908081505,15.740971329293323,0.6669260708563082,3.1236738058582345,2.3006688391262875,0.8878813349361941,1.0000000000000013,0.18949895666356326,6500.0,4.712686618669218,0.3218486504643686,0.24499886377444768
"trafl[beta=0.25, estimator=square, mask_scheme=comp, mask_samples=4, var_lambda=1.0, normalization=paper, rollout=uniform, rollout_temperature=1.0] mlp_w32 from mlp_5 {context_source=uniform, contexts=256, group=5, learning_rate=0.0001, reference=initial, ppo_epochs=1, steps=10000, reward=potts_tfbind8}",1,models/port_grid3/trafl_comp4_var1_b0.25/seed_1/finetune_mlp_5,0.504995561119747,0.2453093712095433,15.322110599446766,6.7859004912647265,9.744233693444825,0.5031085748297405,0.17632374893979258,0.19142142106545032,0.020975462324868993,2.1470471351772664,0.223332424158952,0.2123968833903193,3.657435466808445,1.0240579852889733,15.812704938406709,0.670608193227437,3.1780331075326456,2.3001384497723105,0.8962317794139871,1.0000000000000009,0.1923733130741863,7000.0,4.680607576518752,0.3198579724141768,0.24634239547606004
"trafl[beta=0.25, estimator=square, mask_scheme=comp, mask_samples=4, var_lambda=1.0, normalization=paper, rollout=uniform, rollout_temperature=1.0] mlp_w32 from mlp_5 {context_source=uniform, contexts=256, group=5, learning_rate=0.0001, reference=initial, ppo_epochs=1, steps=10000, reward=potts_tfbind8}",1,models/port_grid3/trafl_comp4_var1_b0.25/seed_1/finetune_mlp_5,0.5079651768654496,0.2545405959069349,15.314933410097545,6.769672944233461,9.800999970757577,0.5056090401787122,0.17078005387100706,0.19624160481644823,0.021609767012924275,2.136870145024636,0.23240597357203763,0.2178513718293725,3.3361116074150585,0.9316785625562726,16.115703928255645,0.6864177172999149,3.392336272708092,2.4102473829542816,0.9341260360553153,1.000000000000001,0.1872552931590844,7500.0,4.781454707881627,0.3268822884721902,0.24160228328264843
"trafl[beta=0.25, estimator=square, mask_scheme=comp, mask_samples=4, var_lambda=1.0, normalization=paper, rollout=uniform, rollout_temperature=1.0] mlp_w32 from mlp_5 {context_source=uniform, contexts=256, group=5, learning_rate=0.0001, reference=initial, ppo_epochs=1, steps=10000, reward=potts_tfbind8}",1,models/port_grid3/trafl_comp4_var1_b0.25/seed_1/finetune_mlp_5,0.5088539049122542,0.2548286064794979,15.32810669222495,6.796997656281066,9.787245631095448,0.506138386958544,0.1717528853947492,0.19477411520092253,0.021453450830187126,2.1099896302164205,0.23065532709617545,0.21622756603110965,3.1756866547147715,0.8716135113966974,16.21445886617435,0.6909743696609167,3.490599995986546,2.3757922417971464,0.9448093165201086,1.000000000000001,0.1889432315987547,8000.0,4.756829383924,0.3248214983564628,0.24272766366386841
"trafl[beta=0.25, estimator=square, mask_scheme=comp, mask_samples=4, var_lambda=1.0, normalization=paper, rollout=uniform, rollout_temperature=1.0] mlp_w32 from mlp_5 {context_source=uniform, contexts=256, group=5, learning_rate=0.0001, reference=initial, ppo_epochs=1, steps=10000, reward=potts_tfbind8}",1,models/port_grid3/trafl_comp4_var1_b0.25/seed_1/finetune_mlp_5,0.5106879239458657,0.2646756434929832,15.31551575308017,6.76975817912329,9.849295510385295,0.5082199558230377,0.16777589279019275,0.20508727781086347,0.02158533779544744,2.116398049059679,0.24147845803664247,0.2266726156063109,3.2914052916634287,0.9453717012860399,16.357375125655903,0.7011028884927994,3.6208005872726496,2.8401066914596584,0.9680995767887166,1.0000000000000009,0.1842538927167595,8500.0,4.838763807439992,0.33093352700612366,0.23930719294362818
"trafl[beta=0.25, estimator=square, mask_scheme=comp, mask_samples=4, var_lambda=1.0, normalization=paper, rollout=uniform, rollout_temperature=1.0] mlp_w32 from mlp_5 {context_source=uniform, contexts=256, group=5, learning_rate=0.0001, reference=initial, ppo_epochs=1, steps=10000, reward=potts_tfbind8}",1,models/port_grid3/trafl_comp4_var1_b0.25/seed_1/finetune_mlp_5,0.5078433683389404,0.25558099397256906,15.311278955678592,6.764644280640332,9.800844164873563,0.5052772684403012,0.17003983376375018,0.19726560715901004,0.021269271312282734,2.1385529169358812,0.23108687422032187,0.21853487847129277,3.597411732394077,1.004356967327828,15.857779543900836,0.6728941921301608,3.1974644986419616,2.337182559906365,0.9020206449327741,1.0000000000000009,0.18597514527837067,9000.0,4.760217738308888,0.32559950910716257,0.24153039231960502
"trafl[beta=0.25, estimator=square, mask_scheme=comp, mask_samples=4, var_lambda=1.0, normalization=paper, rollout=uniform, rollout_temperature=1.0] mlp_w32 from mlp_5 {context_source=uniform, contexts=256, group=5, learning_rate=0.0001, reference=initial, ppo_epochs=1, steps=10000, reward=potts_tfbind8}",1,models/port_grid3/trafl_comp4_var1_b0.25/seed_1/finetune_mlp_5,0.5068558051132732,0.2505253462314727,15.305436526845236,6.765356050872836,9.82340114572054,0.5065769275894222,0.16784088044664142,0.20082467479604335,0.021471955837646134,2.122291888904552,0.23511534062998585,0.22229663063368948,3.3030427978623673,0.9321698474735749,16.310137193553853,0.6977724404726113,3.5739850069901316,2.741874021767439,0.9600838650492254,1.000000000000001,0.18436436647629145,9500.0,4.778155631273679,0.32751861121389936,0.2405786811777352
"trafl[beta=0.25, estimator=square, mask_scheme=comp, mask_samples=4, var_lambda=1.0, normalization=paper, rollout=uniform, rollout_temperature=1.0] mlp_w32 from mlp_5 {context_source=uniform, contexts=256, group=5, learning_rate=0.0001, reference=initial, ppo_epochs=1, steps=10000, reward=potts_tfbind8}",1,models/port_grid3/trafl_comp4_var1_b0.25/seed_1/finetune_mlp_5,0.5074228008772492,0.2523259444646938,15.330337264075876,6.780002732147621,9.775024190951694,0.504534537926144,0.17236180922628339,0.1924379289801548,0.02121268743771057,2.1241296720440737,0.22678154213694912,0.21365061641786537,3.770907373456324,1.0586724197988926,15.749467933204981,0.667548178572057,3.1280438142355145,2.3407476003714778,0.8888579999052756,1.000000000000001,0.18812480667546633,10000.0,4.741783514682426,0.3232577635548197,0.2426806553498278
"trafl[beta=0.25, estimator=square, mask_scheme=comp, mask_samples=4, var_lambda=1.0, normalization=paper, rollout=uniform, rollout_temperature=1.0] mlp_w32 from mlp_5 {context_source=uniform, contexts=256, group=5, learning_rate=0.0001, reference=initial, ppo_epochs=1, steps=10000, reward=potts_tfbind8}",2,models/port_grid3/trafl_comp4_var1_b0.25/seed_2/finetune_mlp_5,0.40089774494688835,0.0,15.58400929863198,7.3350796144291905,7.274364485999048,0.40059227009566606,0.6753682702836997,0.0,0.0,3.3845174252188786,0.0,0.0,4.896481007458549,1.5766628960892644,8.347072093028896,0.2951274947079451,0.0,0.36194497535363446,0.02441464572044008,1.0000000000000013,0.5865081907766789,0.0,1.8270649549340976,0.11713328142727052,0.43648081792806004
"trafl[beta=0.25, estimator=square, mask_scheme=comp, mask_samples=4, var_lambda=1.0, normalization=paper, rollout=uniform, rollout_temperature=1.0] mlp_w32 from mlp_5 {context_source=uniform, contexts=256, group=5, learning_rate=0.0001, reference=initial, ppo_epochs=1, steps=10000, reward=potts_tfbind8}",2,models/port_grid3/trafl_comp4_var1_b0.25/seed_2/finetune_mlp_5,0.40150630762375206,7.196029780776438e-05,15.58168145229548,7.325862272958206,7.295844578839165,0.40118959005395816,0.6687937266187031,6.937387581794525e-05,6.219653513309131e-06,3.379752702874083,6.935816112923435e-05,7.559352933125439e-05,4.88857815724381,1.5758638686988258,8.354854899729938,0.2955287608018099,6.302125074084542e-05,0.3663623247212334,0.024744673958366353,1.000000000000001,0.5812075257277789,1.0,1.8457717767490134,0.11842093293998907,0.4348202832761977
"trafl[beta=0.25, estimator=square, mask_scheme=comp, mask_samples=4, var_lambda=1.0, normalization=paper, rollout=uniform, rollout_temperature=1.0] mlp_w32 from mlp_5 {context_source=uniform, contexts=256, group=5, learning_rate=0.0001, reference=initial, ppo_epochs=1, steps=10000, reward=potts_tfbind8}",2,models/port_grid3/trafl_comp4_var1_b0.25/seed_2/finetune_mlp_5,0.4023768338913771,0.00023867268890563186,15.581352947694569,7.319913401840813,7.318352128609468,0.40197888096912976,0.6609346601978145,0.0002353774993687865,1.932759214722142e-05,3.3689407969913345,0.00023536806073046375,0.0002547050915160079,4.89109689546433,1.5763444919132874,8.377275695185677,0.29663780255535355,0.0004630608160955498,0.3913083819871884,0.026650557777683992,1.0000000000000013,0.5757466481848039,2.0,1.8689478673581235,0.11998708662165634,0.43289910211721294
"trafl[beta=0.25, estimator=square, mask_scheme=comp, mask_samples=4, var_lambda=1.0, normalization=paper, rollout=uniform, rollout_temperature=1.0] mlp_w32 from mlp_5 {context_source=uniform, contexts=256, group=5, learning_rate=0.0001, reference=initial, ppo_epochs=1, steps=10000, reward=potts_tfbind8}",2,models/port_grid3/trafl_comp4_var1_b0.25/seed_2/finetune_mlp_5,0.4038723686444972,0.0007596136639970268,15.580551704866766,7.311312005749317,7.357999758654236,0.40347894426142344,0.6476960440115894,0.0007597489063162245,6.009439607206394e-05,3.350243022010243,0.0007600664809609111,0.0008198433023882885,4.896575559017679,1.5795406033393715,8.39559426749352,0.2976195608157528,0.001559399744251384,0.40523724944031847,0.027701340050564495,1.000000000000001,0.5663594390938426,4.0,1.9085513236261846,0.12266512598712581,0.4296695980901576
"trafl[beta=0.25, estimator=square, mask_scheme=comp, mask_samples=4, var_lambda=1.0, normalization=paper, rollout=uniform, rollout_temperature=1.0] mlp_w32 from mlp_5 {context_source=uniform, contexts=256, group=5, learning_rate=0.0001, reference=initial, ppo_epochs=1, steps=10000, reward=potts_tfbind8}",2,models/port_grid3/trafl_comp4_var1_b0.25/seed_2/finetune_mlp_5,0.40672921764847214,0.0024325527013974915,15.580034715281691,7.299136275894981,7.432732410364199,0.4065190790549589,0.6234960022213426,0.002467882559381301,0.00019313760115168433,3.3139792278528484,0.002476678689389368,0.0026610201605329854,4.934916747408168,1.5940987929582828,8.4451124499819,0.3002108684034774,0.004156332630478259,0.459979318565533,0.03202187506366314,1.0000000000000013,0.5493928883747797,8.0,1.9863900587854504,0.12794393644495874,0.42348984246166604
"trafl[beta=0.25, estimator=square, mask_scheme=comp, mask_samples=4, var_lambda=1.0, normalization=paper, rollout=uniform, rollout_temperature=1.0] mlp_w32 from mlp_5 {context_source=uniform, contexts=256, group=5, learning_rate=0.0001, reference=initial, ppo_epochs=1, steps=10000, reward=potts_tfbind8}",2,models/port_grid3/trafl_comp4_var1_b0.25/seed_2/finetune_mlp_5,0.41225559689319385,0.0075481755609023695,15.578281980956637,7.281118518888481,7.572285314091413,0.41251883312224186,0.5796740366812067,0.007612103826904085,0.0006027793106141884,3.2377480332087014,0.007707564017114008,0.008214883137518274,4.8374259547348695,1.5734962563381014,8.610279382142565,0.3082282841083466,0.021826948902198974,0.5866170738997504,0.04167155293445845,1.000000000000001,0.5197355477707009,16.0,2.1425755782356126,0.13856959440493552,0.41168735908407583
"trafl[beta=0.25, estimator=square, mask_scheme=comp, mask_samples=4, var_lambda=1.0, normalization=paper, rollout=uniform, rollout_temperature=1.0] mlp_w32 from mlp_5 {context_source=uniform, contexts=256, group=5, learning_rate=0.0001, reference=initial, ppo_epochs=1, steps=10000, reward=potts_tfbind8}",2,models/port_grid3/trafl_comp4_var1_b0.25/seed_2/finetune_mlp_5,0.4212063529498814,0.02020343985740711,15.574948297030723,7.2475194205634015,7.800427979284494,0.42238906269736903,0.515066429377101,0.02036660566081737,0.0017032618909142497,3.1055259043679393,0.0208357184696395,0.02206986755173162,5.605595082489607,1.7934546753972853,8.974320172812295,0.3277093625086663,0.0824505188682313,1.0445205408596796,0.08391851431645987,1.000000000000001,0.47582803592495604,32.0,2.4021838860029106,0.1562010255374366,0.39348315929218136
"trafl[beta=0.25, estimator=square, mask_scheme=comp, mask_samples=4, var_lambda=1.0, normalization=paper, rollout=uniform, rollout_temperature=1.0] mlp_w32 from mlp_5 {context_source=uniform, contexts=256, group=5, learning_rate=0.0001, reference=initial, ppo_epochs=1, steps=10000, reward=potts_tfbind8}",2,models/port_grid3/trafl_comp4_var1_b0.25/seed_2/finetune_mlp_5,0.43252545239742896,0.04337783778705836,15.549648505433066,7.177837711502164,8.084142203691538,0.4336905538041169,0.44919592896267807,0.04083902946383161,0.003530921484471969,2.964902168669974,0.04262925524305851,0.04436995094830358,5.12337613473154,1.6861122700933797,9.840130037465547,0.36987845380247886,0.2829070138104219,1.472298468212497,0.17261154754175723,1.0000000000000009,0.42669301659661435,64.0,2.7103110487323834,0.17752593264009603,0.37362084733338274
"trafl[beta=0.25, estimator=square, mask_scheme=comp, mask_samples=4, var_lambda=1.0, normalization=paper, rollout=uniform, rollout_temperature=1.0] mlp_w32 from mlp_5 {context_source=uniform, contexts=256, group=5, learning_rate=0.0001, reference=initial, ppo_epochs=1, steps=10000, reward=potts_tfbind8}",2,models/port_grid3/trafl_comp4_var1_b0.25/seed_2/finetune_mlp_5,0.45014419576697373,0.08186732715311412,15.510593241577302,7.074861919570654,8.485856903931175,0.4496856688457838,0.36407337188798966,0.07274712778627715,0.006815007180153987,2.7551379194187127,0.07799332386792401,0.07956213496643114,6.116767657318261,1.8753041314085936,13.282290201977897,0.5466543106690016,1.7711985472255136,2.5515662713058864,0.6021538179524967,1.000000000000001,0.3616284101615706,128.0,3.1847926075296327,0.21082934337894824,0.3431451795069757
"trafl[beta=0.25, estimator=square, mask_scheme=comp, mask_samples=4, var_lambda=1.0, normalization=paper, rollout=uniform, rollout_temperature=1.0] mlp_w32 from mlp_5 {context_source=uniform, contexts=256, group=5, learning_rate=0.0001, reference=initial, ppo_epochs=1, steps=10000, reward=potts_tfbind8}",2,models/port_grid3/trafl_comp4_var1_b0.25/seed_2/finetune_mlp_5,0.4735313206850076,0.14618400077579657,15.440661172089829,6.9352052747163455,8.961159032827794,0.4679784312711243,0.2824154369735308,0.11386623951657965,0.010815691542947106,2.5538252649212745,0.12679406956395484,0.12468193105952675,5.14947214783014,1.5502034494508736,14.709897165493373,0.6189734586203403,2.6033068309048857,2.7099916622410145,0.7732281055873965,1.0000000000000013,0.29160362363344783,256.0,3.7513591369086754,0.2517617660513669,0.30778968458701705
"trafl[beta=0.25, estimator=square, mask_scheme=comp, mask_samples=4, var_lambda=1.0, normalization=paper, rollout=uniform, rollout_temperature=1.0] mlp_w32 from mlp_5 {context_source=uniform, contexts=256, group=5, learning_rate=0.0001, reference=initial, ppo_epochs=1, steps=10000, reward=potts_tfbind8}",2,models/port_grid3/trafl_comp4_var1_b0.25/seed_2/finetune_mlp_5,0.4944012412529823,0.21697775900301708,15.377953086973667,6.844790848169475,9.415678397773048,0.4885659582482985,0.22252082493952896,0.16245460014695495,0.01587827317461965,2.3373638071653575,0.188163464324482,0.1783328733215746,4.557527115734359,1.3760763481953422,15.272258736480092,0.647115041298025,2.9357385954062782,2.820487984687364,0.8393983573822463,1.0000000000000009,0.23934317715766049,500.0,4.316495808851251,0.29301880586227846,0.2761640854109576
"trafl[beta=0.25, estimator=square, mask_scheme=comp, mask_samples=4, var_lambda=1.0, normalization=paper, rollout=uniform, rollout_temperature=1.0] mlp_w32 from mlp_5 {context_source=uniform, contexts=256, group=5, learning_rate=0.0001, reference=initial, ppo_epochs=1, steps=10000, reward=potts_tfbind8}",2,models/port_grid3/trafl_comp4_var1_b0.25/seed_2/finetune_mlp_5,0.4888072592143118,0.19684148623493147,15.378576895358925,6.839666021922526,9.331035793420362,0.48341007563608174,0.22943418209588545,0.1499701121349591,0.015729718375944612,2.379728791066012,0.1716066117697851,0.1656998305109037,4.8470145317713245,1.4607865297453233,14.977960452939206,0.6322086317130349,2.7585145054247326,2.7226135110320913,0.8051437345033348,1.0000000000000009,0.24394697569113552,512.0,4.18702903817641,0.28394670395530525,0.27985857298637556
"trafl[beta=0.25, estimator=square, mask_scheme=comp, mask_samples=4, var_lambda=1.0, normalization=paper, rollout=uniform, rollout_temperature=1.0] mlp_w32 from mlp_5 {context_source=uniform, contexts=256, group=5, learning_rate=0.0001, reference=initial, ppo_epochs=1, steps=10000, reward=potts_tfbind8}",2,models/port_grid3/trafl_comp4_var1_b0.25/seed_2/finetune_mlp_5,0.498840715790305,0.23485499034664498,15.357336073731243,6.811412009881067,9.56213283517728,0.4947005101524513,0.2025952246550055,0.17732453620345903,0.018622994014593358,2.256974476734495,0.20537193384420954,0.1959475302180524,4.407260094739438,1.3268060752349216,15.39896703685824,0.6532522692157383,3.0049067681117045,2.803170336488964,0.8546090841823566,1.0000000000000009,0.21993803732632883,1000.0,4.481802979264691,0.3048663184263104,0.26352824957961657
"trafl[beta=0.25, estimator=square, mask_scheme=comp, mask_samples=4, var_lambda=1.0, normalization=paper, rollout=uniform, rollout_temperature=1.0] mlp_w32 from mlp_5 {context_source=uniform, contexts=256, group=5, learning_rate=0.0001, reference=initial, ppo_epochs=1, steps=10000, reward=potts_tfbind8}",2,models/port_grid3/trafl_comp4_var1_b0.25/seed_2/finetune_mlp_5,0.495974987051042,0.2210085832271823,15.372613461590714,6.83658334168423,9.4960250924517,0.4921173626212559,0.2074113149594762,0.16676143195716367,0.01847220787318113,2.263585192354467,0.19322765688496069,0.1852336398303448,4.563420648768851,1.36813578305374,15.280148834092577,0.6470685260624484,2.9076550572566724,2.775868010279886,0.8402877790201521,1.000000000000001,0.22432069604847615,1024.0,4.3976199059807755,0.2985584363778337,0.2665128529321732
"trafl[beta=0.25, estimator=square, mask_scheme=comp, mask_samples=4, var_lambda=1.0, normalization=paper, rollout=uniform, rollout_temperature=1.0] mlp_w32 from mlp_5 {context_source=uniform, contexts=256, group=5, learning_rate=0.0001, reference=initial, ppo_epochs=1, steps=10000, reward=potts_tfbind8}",2,models/port_grid3/trafl_comp4_var1_b0.25/seed_2/finetune_mlp_5,0.5043442779281647,0.2563691699741777,15.313353503657517,6.76405709859842,9.666064041416304,0.49822465729603677,0.18955569944886988,0.18818374603978036,0.020512540097147453,2.230545793884156,0.21815901800561321,0.2086962861369278,4.110153063368131,1.225107951587993,15.7553764834086,0.671168749810787,3.164156825709929,2.797196767116824,0.898518718449149,1.000000000000001,0.20674231992797756,1500.0,4.593751390798142,0.3144797728836429,0.25315395832347976
"trafl[beta=0.25, estimator=square, mask_scheme=comp, mask_samples=4, var_lambda=1.0, normalization=paper, rollout=uniform, rollout_temperature=1.0] mlp_w32 from mlp_5 {context_source=uniform, contexts=256, group=5, learning_rate=0.0001, reference=initial, ppo_epochs=1, steps=10000, reward=potts_tfbind8}",2,models/port_grid3/trafl_comp4_var1_b0.25/seed_2/finetune_mlp_5,0.5047089301535478,0.2567236712555341,15.304657349528446,6.753540496110885,9.743244711778692,0.5016604345738072,0.1803267221869452,0.1957467796805729,0.0220291142045205,2.1962776972148927,0.2274144255363263,0.2177758938850934,3.9409478265295634,1.1726389763323308,15.867650706256583,0.6766805452947343,3.2434653864984684,2.773960255265064,0.9118382087715207,1.000000000000001,0.19670255986809354,2000.0,4.674033805987743,0.32043145274396756,0.24699426641200875
"trafl[beta=0.25, estimator=square, mask_scheme=comp, mask_samples=4, var_lambda=1.0, normalization=paper, rollout=uniform, rollout_temperature=1.0] mlp_w32 from mlp_5 {context_source=uniform, contexts=256, group=5, learning_rate=0.0001, reference=initial, ppo_epochs=1, steps=10000, reward=potts_tfbind8}",2,models/port_grid3/trafl_comp4_var1_b0.25/seed_2/finetune_mlp_5,0.5025112016317537,0.24898843474571092,15.313105186077665,6.755917757989587,9.698230877620905,0.4991810995194537,0.18375690271194298,0.18953212911371495,0.021384391136721387,2.2042141160105073,0.2193463704188266,0.21091652025043633,4.173277952702299,1.2449394642291345,15.672894448285891,0.6669458158631385,3.1276632650097134,2.7889572350210043,0.8892600431653526,1.000000000000001,0.1998879632900403,2048.0,4.615134382456121,0.3158746248544722,0.2506245708362115
"trafl[beta=0.25, estimator=square, mask_scheme=comp, mask_samples=4, var_lambda=1.0, normalization=paper, rollout=uniform, rollout_temperature=1.0] mlp_w32 from mlp_5 {context_source=uniform, contexts=256, group=5, learning_rate=0.0001, reference=initial, ppo_epochs=1, steps=10000, reward=potts_tfbind8}",2,models/port_grid3/trafl_comp4_var1_b0.25/seed_2/finetune_mlp_5,0.5018719590341679,0.2401627648473985,15.325242366215988,6.782590595648733,9.686914299909663,0.4999550806275801,0.18404463348461397,0.1887801299234532,0.021242368857805644,2.1869991661576833,0.2180955620578626,0.21002249878125884,3.5870664389984275,1.013501073244438,15.870642649606863,0.673823663703408,3.2094866432766564,2.3348073151212527,0.9041867939484802,1.000000000000001,0.20146629935688742,2500.0,4.602546717180928,0.31452836621742775,0.25072608883329445
"trafl[beta=0.25, estimator=square, mask_scheme=comp, mask_samples=4, var_lambda=1.0, normalization=paper, rollout=uniform, rollout_temperature=1.0] mlp_w32 from mlp_5 {context_source=uniform, contexts=256, group=5, learning_rate=0.0001, reference=initial, ppo_epochs=1, steps=10000, reward=potts_tfbind8}",2,models/port_grid3/trafl_comp4_var1_b0.25/seed_2/finetune_mlp_5,0.5041503511209031,0.2476826327176073,15.326336632126896,6.771594747608226,9.709512553247503,0.5003867296866726,0.18103103824024536,0.18812456196872884,0.021970472898316273,2.187099154284113,0.21898105002924023,0.21009503486704512,3.4635064840380627,1.011082436373203,16.22174468818004,0.6941228584910254,3.502671549922276,2.7966803753728375,0.9529630732995626,1.000000000000001,0.1967022239938045,3000.0,4.636469265799057,0.31657846360605985,0.24774190449148814
"trafl[beta=0.25, estimator=square, mask_scheme=comp, mask_samples=4, var_lambda=1.0, normalization=paper, rollout=uniform, rollout_temperature=1.0] mlp_w32 from mlp_5 {context_source=uniform, contexts=256, group=5, learning_rate=0.0001, reference=initial, ppo_epochs=1, steps=10000, reward=potts_tfbind8}",2,models/port_grid3/trafl_comp4_var1_b0.25/seed_2/finetune_mlp_5,0.504785159725219,0.24780121394481053,15.323652002789544,6.7762090211648776,9.758430255020413,0.5034443986604846,0.17719669855921294,0.19512766842398424,0.021934078858368455,2.1583464458537507,0.22817322026113981,0.2170617472823527,4.077396394965267,1.2120578543937044,15.79349761748358,0.6730700788339548,3.189682992622144,2.816331652611038,0.9031630836779728,1.0000000000000009,0.19366496878247658,3500.0,4.701506909941336,0.3213541552375552,0.24598930452249806
"trafl[beta=0.25, estimator=square, mask_scheme=comp, mask_samples=4, var_lambda=1.0, normalization=paper, rollout=uniform, rollout_temperature=1.0] mlp_w32 from mlp_5 {context_source=uniform, contexts=256, group=5, learning_rate=0.0001, reference=initial, ppo_epochs=1, steps=10000, reward=potts_tfbind8}",2,models/port_grid3/trafl_comp4_var1_b0.25/seed_2/finetune_mlp_5,0.506864551471595,0.2525904735138988,15.32370969264434,6.791910976187328,9.747692010161353,0.5035822706046891,0.17749698430195313,0.19197149775916372,0.021743338243551957,2.156584773230689,0.22583237862417196,0.21371483600271568,3.1995346495011314,0.9165033521730215,16.347563136538323,0.6997156112090748,3.5968792865147816,2.695960091235114,0.9658969337440324,1.000000000000001,0.19400868836027418,4000.0,4.694396499045556,0.3210704998834209,0.2458177812251257
"trafl[beta=0.25, estimator=square, mask_scheme=comp, mask_samples=4, var_lambda=1.0, normalization=paper, rollout=uniform, rollout_temperature=1.0] mlp_w32 from mlp_5 {context_source=uniform, contexts=256, group=5, learning_rate=0.0001, reference=initial, ppo_epochs=1, steps=10000, reward=potts_tfbind8}",2,models/port_grid3/trafl_comp4_var1_b0.25/seed_2/finetune_mlp_5,0.5049675939347664,0.25190226625142703,15.29270258808063,6.73413159227109,9.772217015719779,0.502323241226335,0.17493527388352456,0.19858409926226853,0.02225009721080598,2.1606001539998116,0.22944111752589355,0.2208341964730745,3.591258864220867,1.0065710923663638,15.851684594009683,0.6725591462447607,3.2035504109803945,2.288026949628862,0.9012642018210096,1.0000000000000009,0.1914861758723886,4096.0,4.690003406984252,0.32160842719839117,0.24542325237172938
"trafl[beta=0.25, estimator=square, mask_scheme=comp, mask_samples=4, var_lambda=1.0, normalization=paper, rollout=uniform, rollout_temperature=1.0] mlp_w32 from mlp_5 {context_source=uniform, contexts=256, group=5, learning_rate=0.0001, reference=initial, ppo_epochs=1, steps=10000, reward=potts_tfbind8}",2,models/port_grid3/trafl_comp4_var1_b0.25/seed_2/finetune_mlp_5,0.5055531118963305,0.2545105588162364,15.305022509417235,6.742192628825575,9.769193702770615,0.5024259928938619,0.1748451107056536,0.1948068836006661,0.021800918765639582,2.1610260755112147,0.22815691231026447,0.21660780236630567,3.1014818167997538,0.8679219907158383,16.27461354658859,0.6946122435948041,3.528711389831752,2.4191409607881713,0.9538202952918852,1.000000000000001,0.19095779889405118,4500.0,4.711068066167753,0.3224316999424493,0.24424217718271243
"trafl[beta=0.25, estimator=square, mask_scheme=comp, mask_samples=4, var_lambda=1.0, normalization=paper, rollout=uniform, rollout_temperature=1.0] mlp_w32 from mlp_5 {context_source=uniform, contexts=256, group=5, learning_rate=0.0001, reference=initial, ppo_epochs=1, steps=10000, reward=potts_tfbind8}",2,models/port_grid3/trafl_comp4_var1_b0.25/seed_2/finetune_mlp_5,0.5094659902782939,0.26338985113897867,15.319063442513396,6.763425849835418,9.807646000636549,0.5057038223342863,0.17165410883241752,0.19913287261047077,0.022213683142612378,2.113613442613473,0.2354122526898208,0.22134655575308315,3.82391008411194,1.1214438707408267,15.835296031237371,0.6744951461443669,3.303575262500561,2.7692429665892306,0.9039948540547085,1.000000000000001,0.18860006480712438,5000.0,4.784283375954228,0.3265474724123755,0.24282537845014232
"trafl[beta=0.25, estimator=square, mask_scheme=comp, mask_samples=4, var_lambda=1.0, normalization=paper, rollout=uniform, rollout_temperature=1.0] mlp_w32 from mlp_5 {context_source=uniform, contexts=256, group=5, learning_rate=0.0001, reference=initial, ppo_epochs=1, steps=10000, reward=potts_tfbind8}",2,models/port_grid3/trafl_comp4_var1_b0.25/seed_2/finetune_mlp_5,0.5048236007329376,0.24587555172500575,15.320729984271338,6.777177204365337,9.768092215823016,0.5042400320438123,0.17484028240754004,0.19285340814700816,0.02157661281236714,2.1389298970252644,0.22793939011316317,0.2144300209593753,4.119387569167676,1.1864636568037077,15.203451683526461,0.6396620544776768,2.7512114841823943,2.2783162642450145,0.8218703830975029,1.000000000000001,0.19101564843384905,5500.0,4.716847156162249,0.3222770333325751,0.24418150007897754
"trafl[beta=0.25, estimator=square, mask_scheme=comp, mask_samples=4, var_lambda=1.0, normalization=paper, rollout=uniform, rollout_temperature=1.0] mlp_w32 from mlp_5 {context_source=uniform, contexts=256, group=5, learning_rate=0.0001, reference=initial, ppo_epochs=1, steps=10000, reward=potts_tfbind8}",2,models/port_grid3/trafl_comp4_var1_b0.25/seed_2/finetune_mlp_5,0.5087169085015167,0.2595394611607883,15.327425325167003,6.776365956414303,9.799055593300313,0.5057699004840248,0.17180271209806575,0.19776953049251694,0.021599411104447047,2.112143145509889,0.23298799940768988,0.219368941596964,3.9073404368059586,1.1496183530876907,15.781281297777019,0.671883976392031,3.26702945738823,2.78949705766276,0.8980748278547557,1.0000000000000009,0.18832341335905162,6000.0,4.768020732898941,0.3251869410067327,0.2418701345846425
"trafl[beta=0.25, estimator=square, mask_scheme=comp, mask_samples=4, var_lambda=1.0, normalization=paper, rollout=uniform, rollout_temperature=1.0] mlp_w32 from mlp_5 {context_source=uniform, contexts=256, group=5, learning_rate=0.0001, reference=initial, ppo_epochs=1, steps=10000, reward=potts_tfbind8}",2,models/port_grid3/trafl_comp4_var1_b0.25/seed_2/finetune_mlp_5,0.5106967099171008,0.26750622428664705,15.303646195184228,6.766487668780172,9.85454729007356,0.5085055281064489,0.16824835103009322,0.20690029931690224,0.02168278192848605,2.1211202341143935,0.2437088479341761,0.2285830812453883,3.063381253586006,0.8486046252003422,16.296590694603402,0.6954833080657962,3.5460491085307,2.410234460289276,0.9559691332185851,1.0000000000000009,0.18517133769222704,6500.0,4.833896295124726,0.33127908993986976,0.23984217189232446
"trafl[beta=0.25, estimator=square, mask_scheme=comp, mask_samples=4, var_lambda=1.0, normalization=paper, rollout=uniform, rollout_temperature=1.0] mlp_w32 from mlp_5 {context_source=uniform, contexts=256, group=5, learning_rate=0.0001, reference=initial, ppo_epochs=1, steps=10000, reward=potts_tfbind8}",2,models/port_grid3/trafl_comp4_var1_b0.25/seed_2/finetune_mlp_5,0.5053313082908059,0.2519973032040219,15.305174156667471,6.742442371210514,9.742559029601983,0.5008664165519364,0.1750435996723917,0.19048532889625974,0.02136881031779353,2.171664781104533,0.22094361818875177,0.21185413921405327,3.5969849199845756,1.0105584157801442,15.858640880503506,0.6731195601985557,3.1984739216115816,2.347450578149339,0.9030570224783718,1.0000000000000013,0.19040317306469684,7000.0,4.680617712836202,0.320080713664089,0.24460644552886082
"trafl[beta=0.25, estimator=square, mask_scheme=comp, mask_samples=4, var_lambda=1.0, normalization=paper, rollout=uniform, rollout_temperature=1.0] mlp_w32 from mlp_5 {context_source=uniform, contexts=256, group=5, learning_rate=0.0001, reference=initial, ppo_epochs=1, steps=10000, reward=potts_tfbind8}",2,models/port_grid3/trafl_comp4_var1_b0.25/seed_2/finetune_mlp_5,0.5039540601071946,0.2408740568801267,15.314508251553203,6.77390353104387,9.741159577485478,0.5024327113016618,0.1743926758001515,0.1879389989801779,0.021283260926153846,2.1391154838271365,0.22099841512998902,0.20922225990633175,3.702768812921244,1.0305933358184132,15.746794907867185,0.6669890723620887,3.129710024414382,2.273599933572186,0.887876193603313,1.000000000000001,0.19080783303506033,7500.0,4.6820939542464295,0.32009559435235935,0.24567351750606703
"trafl[beta=0.25, estimator=square, mask_scheme=comp, mask_samples=4, var_lambda=1.0, normalization=paper, rollout=uniform, rollout_temperature=1.0] mlp_w32 from mlp_5 {context_source=uniform, contexts=256, group=5, learning_rate=0.0001, reference=initial, ppo_epochs=1, steps=10000, reward=potts_tfbind8}",2,models/port_grid3/trafl_comp4_var1_b0.25/seed_2/finetune_mlp_5,0.5042911891146913,0.24108372550987425,15.316539656411653,6.775126480173878,9.738406692471708,0.5021447063713019,0.17353963798472796,0.18701467889277107,0.02133534836109563,2.1389939000537197,0.2189949688475178,0.2083500272538667,3.621372064936032,1.0120366297653223,15.835858580167088,0.6717092730508515,3.1912930679582483,2.299936777897824,0.8991220750004884,1.0000000000000009,0.18949260800603138,8000.0,4.67342143842595,0.31929431791000207,0.24499994257895413
"trafl[beta=0.25, estimator=square, mask_scheme=comp, mask_samples=4, var_lambda=1.0, normalization=paper, rollout=uniform, rollout_temperature=1.0] mlp_w32 from mlp_5 {context_source=uniform, contexts=256, group=5, learning_rate=0.0001, reference=initial, ppo_epochs=1, steps=10000, reward=potts_tfbind8}",2,models/port_grid3/trafl_comp4_var1_b0.25/seed_2/finetune_mlp_5,0.506674932326821,0.24912215469759236,15.335289375353867,6.794257874160206,9.756918036780306,0.5040832478744245,0.17395488689379432,0.18986588658262601,0.021237493067620378,2.1176960221330785,0.2239738587990045,0.2111033796502464,4.1563519737644885,1.212166484970466,15.591913014506863,0.6615701915213698,3.094932088318542,2.683486791142708,0.8739790112575877,1.000000000000001,0.18984366188036847,8500.0,4.719012695611772,0.3216738612165757,0.2436340108019323
"trafl[beta=0.25, estimator=square, mask_scheme=comp, mask_samples=4, var_lambda=1.0, normalization=paper, rollout=uniform, rollout_temperature=1.0] mlp_w32 from mlp_5 {context_source=uniform, contexts=256, group=5, learning_rate=0.0001, reference=initial, ppo_epochs=1, steps=10000, reward=potts_tfbind8}",2,models/port_grid3/trafl_comp4_var1_b0.25/seed_2/finetune_mlp_5,0.5104357091999857,0.26319371165432603,15.3067797360662,6.766327664702983,9.860094124559442,0.5087465128681256,0.1661564811557566,0.20512189887506554,0.02219874020465884,2.0941041028347582,0.24260688240312112,0.22732063907972438,3.549278872245606,0.9919608107032803,15.917114822781553,0.6760352557899466,3.245096858873743,2.3498130093400293,0.9094758336664482,1.000000000000001,0.18268266353970086,9000.0,4.834462388042994,0.33098345556086706,0.23832509874675523
"trafl[beta=0.25, estimator=square, mask_scheme=comp, mask_samples=4, var_lambda=1.0, normalization=paper, rollout=uniform, rollout_temperature=1.0] mlp_w32 from mlp_5 {context_source=uniform, contexts=256, group=5, learning_rate=0.0001, reference=initial, ppo_epochs=1, steps=10000, reward=potts_tfbind8}",2,models/port_grid3/trafl_comp4_var1_b0.25/seed_2/finetune_mlp_5,0.5070135797590372,0.2521423495717726,15.307266128536476,6.759823809111528,9.82113174477064,0.5062015705888128,0.16884830104360854,0.2006335905559639,0.021635373262318763,2.126997724083948,0.23515711208886692,0.22226896381828265,3.9849007803158703,1.1721790993213193,15.828107309778156,0.674213712059478,3.211376765679569,2.7473948444637597,0.9048722230359347,1.000000000000001,0.18497348817264697,9500.0,4.7770437633353175,0.3270593285397998,0.24055324138827971
"trafl[beta=0.25, estimator=square, mask_scheme=comp, mask_samples=4, var_lambda=1.0, normalization=paper, rollout=uniform, rollout_temperature=1.0] mlp_w32 from mlp_5 {context_source=uniform, contexts=256, group=5, learning_rate=0.0001, reference=initial, ppo_epochs=1, steps=10000, reward=potts_tfbind8}",2,models/port_grid3/trafl_comp4_var1_b0.25/seed_2/finetune_mlp_5,0.5071195553186211,0.25062148359263053,15.333565003450698,6.790929805200641,9.798587891842502,0.5062696473296878,0.17105380021134628,0.19724061115360617,0.02158140806260997,2.113847771575964,0.23153636691479407,0.21882201921621613,3.5538967400732115,1.0248540897185938,16.143551484935795,0.6899462094699015,3.475241229692118,2.7951989303751117,0.9411614731420161,1.0000000000000013,0.18698870623060898,10000.0,4.7774491438657485,0.3255815727680104,0.2422658658513681
"trafl[beta=0.5, estimator=square, mask_scheme=comp, mask_samples=4, var_lambda=1.0, normalization=paper, rollout=uniform, rollout_temperature=1.0] mlp_w32 from mlp_5 {context_source=uniform, contexts=256, group=5, learning_rate=0.0001, reference=initial, ppo_epochs=1, steps=10000, reward=potts_tfbind8}",1,models/port_grid3/trafl_comp4_var1_b0.5/seed_1/finetune_mlp_5,0.40089774494688835,0.0,15.58400929863198,7.3350796144291905,7.274364485999048,0.40059227009566606,2.2007286308340355,0.0,0.0,3.3845174252188786,0.0,0.0,4.896481007458549,1.5766628960892644,8.347072093028896,0.2951274947079451,0.0,0.36194497535363446,0.02441464572044008,1.0000000000000013,2.4505464727693775,0.0,1.8270649549340976,0.11713328142727052,0.7909839602924758
"trafl[beta=0.5, estimator=square, mask_scheme=comp, mask_samples=4, var_lambda=1.0, normalization=paper, rollout=uniform, rollout_temperature=1.0] mlp_w32 from mlp_5 {context_source=uniform, contexts=256, group=5, learning_rate=0.0001, reference=initial, ppo_epochs=1, steps=10000, reward=potts_tfbind8}",1,models/port_grid3/trafl_comp4_var1_b0.5/seed_1/finetune_mlp_5,0.40150601695747257,4.714086133929024e-05,15.582497875501224,7.330149433564138,7.290463822902465,0.40113798481821916,2.192741911950008,4.2449968995997875e-05,4.540614410011204e-06,3.379741234464942,4.244296879814876e-05,4.699058340600908e-05,4.892698808386614,1.5767127406498989,8.353315382457385,0.29545491039600524,3.5890404192378145e-05,0.3666753895084185,0.024756668145826596,1.0000000000000013,2.442539247286466,1.0,1.8411398295852444,0.11808528026852425,0.7901018614873668
"trafl[beta=0.5, estimator=square, mask_scheme=comp, mask_samples=4, var_lambda=1.0, normalization=paper, rollout=uniform, rollout_temperature=1.0] mlp_w32 from mlp_5 {context_source=uniform, contexts=256, group=5, learning_rate=0.0001, reference=initial, ppo_epochs=1, steps=10000, reward=potts_tfbind8}",1,models/port_grid3/trafl_comp4_var1_b0.5/seed_1/finetune_mlp_5,0.40210600152739645,0.00017973428119387295,15.581988156874656,7.326494868193199,7.308689644801724,0.40183293801191644,2.183327265415387,0.00016772555010576885,1.653058712569117e-05,3.373788143824889,0.00016779035302726228,0.00018425613723146002,4.900249435280468,1.580471502424032,8.364248077673832,0.2960336216161984,0.00023747095284235508,0.3795171441225532,0.02569541267585817,1.000000000000001,2.4335516837210647,2.0,1.8582107036235351,0.11923934361332857,0.7890339772249737
"trafl[beta=0.5, estimator=square, mask_scheme=comp, mask_samples=4, var_lambda=1.0, normalization=paper, rollout=uniform, rollout_temperature=1.0] mlp_w32 from mlp_5 {context_source=uniform, contexts=256, group=5, learning_rate=0.0001, reference=initial, ppo_epochs=1, steps=10000, reward=potts_tfbind8}",1,models/port_grid3/trafl_comp4_var1_b0.5/seed_1/finetune_mlp_5,0.4034688948783452,0.0006237707038320254,15.58082302126694,7.318326199275333,7.34874648754172,0.4033481732896448,2.159716554372203,0.0006009315639907546,5.666119577611261e-05,3.355435624160659,0.0006020503560531499,0.0006575927597668672,4.895323073927925,1.5777820938480225,8.391076519466084,0.2973678645134639,0.001157372443161641,0.408068872353449,0.027872759185209737,1.000000000000001,2.4139575223540928,4.0,1.9001396716007346,0.12206124462522752,0.786426963073715
"trafl[beta=0.5, estimator=square, mask_scheme=comp, mask_samples=4, var_lambda=1.0, normalization=paper, rollout=uniform, rollout_temperature=1.0] mlp_w32 from mlp_5 {context_source=uniform, contexts=256, group=5, learning_rate=0.0001, reference=initial, ppo_epochs=1, steps=10000, reward=potts_tfbind8}",1,models/port_grid3/trafl_comp4_var1_b0.5/seed_1/finetune_mlp_5,0.4059508069263205,0.0022599977331066476,15.577947970065678,7.300780917284724,7.427117684653259,0.40627314056121744,2.115928731787665,0.0022662948968170385,0.00021008040236726502,3.3225843998237545,0.002276823279261009,0.0024763752991843035,4.926808628550948,1.5882014172426915,8.431720077637525,0.29946642739218077,0.0028917620403270325,0.4616015853874075,0.03210359484418355,1.000000000000001,2.376446696721531,8.0,1.980456190120945,0.12750467327882598,0.7814289005263247
"trafl[beta=0.5, estimator=square, mask_scheme=comp, mask_samples=4, var_lambda=1.0, normalization=paper, rollout=uniform, rollout_temperature=1.0] mlp_w32 from mlp_5 {context_source=uniform, contexts=256, group=5, learning_rate=0.0001, reference=initial, ppo_epochs=1, steps=10000, reward=potts_tfbind8}",1,models/port_grid3/trafl_comp4_var1_b0.5/seed_1/finetune_mlp_5,0.4112585935892806,0.007717323872603456,15.571610692164334,7.269613017937809,7.577744244603686,0.41219612042990794,2.030199101788914,0.007958130115936074,0.0007059681908959826,3.2504284919944295,0.008038568588163467,0.008664098306832057,4.967358590265139,1.6028568607478653,8.497637645044279,0.30292876184891504,0.00982349276179845,0.5650127294016283,0.03976990156279861,1.0000000000000013,2.3068951620552207,16.0,2.1409535016023638,0.13845368717339768,0.7714793155301418
"trafl[beta=0.5, estimator=square, mask_scheme=comp, mask_samples=4, var_lambda=1.0, normalization=paper, rollout=uniform, rollout_temperature=1.0] mlp_w32 from mlp_5 {context_source=uniform, contexts=256, group=5, learning_rate=0.0001, reference=initial, ppo_epochs=1, steps=10000, reward=potts_tfbind8}",1,models/port_grid3/trafl_comp4_var1_b0.5/seed_1/finetune_mlp_5,0.4225880316980819,0.02604042303730321,15.561422611819982,7.215212432217963,7.856550206800791,0.4236638988399741,1.8837350277097324,0.026174482735923855,0.0021029903781551104,3.1326532356459555,0.026832853724318158,0.028277473114078966,5.686246811916762,1.8090968057783487,9.025364762991906,0.3303413289956332,0.09086110637101645,1.1251789208207932,0.09338743510612774,1.000000000000001,2.186286466092823,32.0,2.4513299071832444,0.1599791006079715,0.7524556235264201
"trafl[beta=0.5, estimator=square, mask_scheme=comp, mask_samples=4, var_lambda=1.0, normalization=paper, rollout=uniform, rollout_temperature=1.0] mlp_w32 from mlp_5 {context_source=uniform, contexts=256, group=5, learning_rate=0.0001, reference=initial, ppo_epochs=1, steps=10000, reward=potts_tfbind8}",1,models/port_grid3/trafl_comp4_var1_b0.5/seed_1/finetune_mlp_5,0.44267037465656617,0.07609045307359212,15.530113791467944,7.126507062375618,8.340098749198553,0.44498527330197235,1.6468823336477696,0.07456334528348893,0.0061652749971833065,2.907350967073202,0.07803559904089025,0.08072862028067224,5.440469594856637,1.6148675030917259,14.319507929559421,0.5987103770276166,2.4255157546434627,2.4800183355520855,0.7267819641282668,1.0000000000000009,1.995714940210513,64.0,3.0133366991816244,0.19953193267348857,0.7189678420373655
"trafl[beta=0.5, estimator=square, mask_scheme=comp, mask_samples=4, var_lambda=1.0, normalization=paper, rollout=uniform, rollout_temperature=1.0] mlp_w32 from mlp_5 {context_source=uniform, contexts=256, group=5, learning_rate=0.0001, reference=initial, ppo_epochs=1, steps=10000, reward=potts_tfbind8}",1,models/port_grid3/trafl_comp4_var1_b0.5/seed_1/finetune_mlp_5,0.47170134748338227,0.16904771039198646,15.435161614510204,6.94100396530594,9.040288100446254,0.4740724475150292,1.3486972500840733,0.15693936713081585,0.013106071683884973,2.613194615660911,0.1683725837645409,0.17004543881470083,4.618521758533124,1.3476447079567508,15.357833491596221,0.650955434462029,2.9310727895745954,2.704543998702143,0.8519275860917882,1.000000000000001,1.7359572493103135,128.0,3.8388605686984683,0.2590100961955288,0.6680431482640768
"trafl[beta=0.5, estimator=square, mask_scheme=comp, mask_samples=4, var_lambda=1.0, normalization=paper, rollout=uniform, rollout_temperature=1.0] mlp_w32 from mlp_5 {context_source=uniform, contexts=256, group=5, learning_rate=0.0001, reference=initial, ppo_epochs=1, steps=10000, reward=potts_tfbind8}",1,models/port_grid3/trafl_comp4_var1_b0.5/seed_1/finetune_mlp_5,0.5200946269788846,0.35249202558748205,15.234610238112243,6.680864832459939,10.039210097037973,0.5177652228215679,1.0065987411893793,0.2954302803741617,0.025259332570426563,2.2443564242387173,0.33210909019896323,0.32068961294458825,2.8987053473590185,0.7806459051964303,16.58434980698215,0.71131007143848,3.9578266742110575,2.723167174108011,0.988731446835809,1.0000000000000009,1.4002327574488738,256.0,4.997895548475515,0.34757075180703634,0.5940540848695793
"trafl[beta=0.5, estimator=square, mask_scheme=comp, mask_samples=4, var_lambda=1.0, normalization=paper, rollout=uniform, rollout_temperature=1.0] mlp_w32 from mlp_5 {context_source=uniform, contexts=256, group=5, learning_rate=0.0001, reference=initial, ppo_epochs=1, steps=10000, reward=potts_tfbind8}",1,models/port_grid3/trafl_comp4_var1_b0.5/seed_1/finetune_mlp_5,0.5748841326865475,0.6304741881614531,14.849526397009871,6.301578113804853,11.206942600421835,0.5677531804465844,0.710269918819499,0.47891248441040113,0.044849378741217305,1.9363504899898065,0.5664094374134716,0.5237618631516184,3.9370336595480366,1.0966015993815716,16.85224582455234,0.7322480292087367,5.252306490866833,3.924551636245117,0.9992190603888321,1.0000000000000009,1.050666852971455,500.0,6.259986390248683,0.45398146521915406,0.5082048637135461
"trafl[beta=0.5, estimator=square, mask_scheme=comp, mask_samples=4, var_lambda=1.0, normalization=paper, rollout=uniform, rollout_temperature=1.0] mlp_w32 from mlp_5 {context_source=uniform, contexts=256, group=5, learning_rate=0.0001, reference=initial, ppo_epochs=1, steps=10000, reward=potts_tfbind8}",1,models/port_grid3/trafl_comp4_var1_b0.5/seed_1/finetune_mlp_5,0.5774052778176506,0.6418411090948768,14.828759549958239,6.292871953998912,11.266434269454537,0.5709966153854829,0.694762191592085,0.4890223928026458,0.045559905501182385,1.9141857486078042,0.5809659367226465,0.5345822983038282,3.8514800445776487,1.0584193808900613,16.874670963546123,0.7330625731530318,5.310490555601002,3.8433289232198584,0.9994902370640051,1.0000000000000009,1.0354775177642768,512.0,6.32049095602909,0.459405196259847,0.5036945886148313
"trafl[beta=0.5, estimator=square, mask_scheme=comp, mask_samples=4, var_lambda=1.0, normalization=paper, rollout=uniform, rollout_temperature=1.0] mlp_w32 from mlp_5 {context_source=uniform, contexts=256, group=5, learning_rate=0.0001, reference=initial, ppo_epochs=1, steps=10000, reward=potts_tfbind8}",1,models/port_grid3/trafl_comp4_var1_b0.5/seed_1/finetune_mlp_5,0.6257867334188674,0.9653124432369269,14.25974620990052,5.861768799745796,12.422359047726648,0.6209248978020457,0.5012291527011671,0.7356050522075732,0.0711767930789946,1.7133198017724913,0.8774546996960633,0.8067818452865678,3.7701123945699533,1.054189882470285,16.842750983497783,0.7309902902079184,5.0974608995148065,3.764458102483658,0.9996464290007107,1.0000000000000007,0.7540038916016345,1000.0,7.425900418190951,0.5670014416675873,0.4216866316426329
"trafl[beta=0.5, estimator=square, mask_scheme=comp, mask_samples=4, var_lambda=1.0, normalization=paper, rollout=uniform, rollout_temperature=1.0] mlp_w32 from mlp_5 {context_source=uniform, contexts=256, group=5, learning_rate=0.0001, reference=initial, ppo_epochs=1, steps=10000, reward=potts_tfbind8}",1,models/port_grid3/trafl_comp4_var1_b0.5/seed_1/finetune_mlp_5,0.6294565592877582,0.9821008972050794,14.231991881127254,5.855767889342416,12.481962065778072,0.6244691751826482,0.4892283504509125,0.7471595630066005,0.07198451573194131,1.6775856953391894,0.8952550813001945,0.8191440787385418,3.685410223603781,1.010002721685879,16.880501287670345,0.7325936981420843,5.233879719217842,3.682922833801764,0.9998445085954658,1.0000000000000009,0.7420027641800551,1024.0,7.461939673310153,0.5711588109085727,0.41741000131158157
"trafl[beta=0.5, estimator=square, mask_scheme=comp, mask_samples=4, var_lambda=1.0, normalization=paper, rollout=uniform, rollout_temperature=1.0] mlp_w32 from mlp_5 {context_source=uniform, contexts=256, group=5, learning_rate=0.0001, reference=initial, ppo_epochs=1, steps=10000, reward=potts_tfbind8}",1,models/port_grid3/trafl_comp4_var1_b0.5/seed_1/finetune_mlp_5,0.6327727642410121,0.9879582702069989,14.190475422737885,5.829076414406086,12.619627973771019,0.6309046619177094,0.4605146818742072,0.7671240133209127,0.08221977309692663,1.5979417793722055,0.9206145306967028,0.8493437864178394,3.771266610404592,1.0561406932513737,16.874892537488716,0.7325255774069487,5.195673276239223,3.7662776305275334,0.9996880656165246,1.0000000000000007,0.6985292595800918,1500.0,7.561479144662147,0.5801626669184037,0.40858991422588653
"trafl[beta=0.5, estimator=square, mask_scheme=comp, mask_samples=4, var_lambda=1.0, normalization=paper, rollout=uniform, rollout_temperature=1.0] mlp_w32 from mlp_5 {context_source=uniform, contexts=256, group=5, learning_rate=0.0001, reference=initial, ppo_epochs=1, steps=10000, reward=potts_tfbind8}",1,models/port_grid3/trafl_comp4_var1_b0.5/seed_1/finetune_mlp_5,0.6355396690817605,1.003130151784149,14.144719549055324,5.807309120788028,12.697534170590405,0.634339657695952,0.4402222319737218,0.7762143222697039,0.0867206025336843,1.5506473028036902,0.9326543017232449,0.8629349248033882,3.774712960278729,1.0447501735338176,16.87482634813333,0.7321171891444334,5.176616024421989,3.7702657801517905,0.9997219193860284,1.0000000000000007,0.6716159321969442,2000.0,7.634038762658446,0.5878742854649175,0.3995699225087498
"trafl[beta=0.5, estimator=square, mask_scheme=comp, mask_samples=4, var_lambda=1.0, normalization=paper, rollout=uniform, rollout_temperature=1.0] mlp_w32 from mlp_5 {context_source=uniform, contexts=256, group=5, learning_rate=0.0001, reference=initial, ppo_epochs=1, steps=10000, reward=potts_tfbind8}",1,models/port_grid3/trafl_comp4_var1_b0.5/seed_1/finetune_mlp_5,0.642659237572442,1.0515874363981084,14.036691816015823,5.741352250138843,12.851415330057122,0.6415308598739202,0.4229762612655573,0.8051381584593778,0.0891603917899565,1.5252389926035046,0.9829859834978771,0.8942985502493342,3.919442773770248,1.1057878236810283,16.89480163754486,0.7346885697032182,5.282446299175406,3.916012007387695,0.9997854925232706,1.0000000000000009,0.6450070342382124,2048.0,7.726765996001693,0.6004511790702036,0.3879647977447749
"trafl[beta=0.5, estimator=square, mask_scheme=comp, mask_samples=4, var_lambda=1.0, normalization=paper, rollout=uniform, rollout_temperature=1.0] mlp_w32 from mlp_5 {context_source=uniform, contexts=256, group=5, learning_rate=0.0001, reference=initial, ppo_epochs=1, steps=10000, reward=potts_tfbind8}",1,models/port_grid3/trafl_comp4_var1_b0.5/seed_1/finetune_mlp_5,0.6349609403854394,0.9966325315016948,14.078848593635497,5.744941967718816,12.788101509837572,0.6367463262151163,0.4248545894636494,0.7971527142616532,0.09167789853950414,1.536690331155281,0.9522816780326167,0.8888306128011574,3.7100313500676196,1.034031053469514,16.874582206271956,0.7317939968634497,5.076758292395867,3.706921879694051,0.9998056028611365,1.0000000000000009,0.6459596388827299,2500.0,7.685913279364458,0.5947988029422406,0.3901157798074663
"trafl[beta=0.5, estimator=square, mask_scheme=comp, mask_samples=4, var_lambda=1.0, normalization=paper, rollout=uniform, rollout_temperature=1.0] mlp_w32 from mlp_5 {context_source=uniform, contexts=256, group=5, learning_rate=0.0001, reference=initial, ppo_epochs=1, steps=10000, reward=potts_tfbind8}",1,models/port_grid3/trafl_comp4_var1_b0.5/seed_1/finetune_mlp_5,0.6469402971324729,1.0791749042349112,13.986886602923033,5.666649634085427,13.037868943617609,0.6485816113011988,0.3949864725563617,0.8791597938051552,0.09693843331854057,1.4808067125729867,1.0292339895153009,0.9760982271236958,3.8247688206211587,1.0814437265618562,16.873617614047422,0.7326728988878813,5.17413738862612,3.82140597538075,0.999789762459676,1.0000000000000004,0.5980282334753952,3000.0,7.956897853766073,0.6182159343290301,0.3748530534809952
"trafl[beta=0.5, estimator=square, mask_scheme=comp, mask_samples=4, var_lambda=1.0, normalization=paper, rollout=uniform, rollout_temperature=1.0] mlp_w32 from mlp_5 {context_source=uniform, contexts=256, group=5, learning_rate=0.0001, reference=initial, ppo_epochs=1, steps=10000, reward=potts_tfbind8}",1,models/port_grid3/trafl_comp4_var1_b0.5/seed_1/finetune_mlp_5,0.645338482523412,1.070335695478924,13.969914903929348,5.662094183674067,13.038880095347533,0.6484508748973726,0.392827356753097,0.8674073571964688,0.09768122843198579,1.4732221252132816,1.0243781033071562,0.9650885856284546,3.7058463414227703,1.0354389648082505,16.867935562579287,0.7314335293256983,5.064570179174462,3.7032329571904348,0.999836624840901,1.0000000000000009,0.5926667714022921,3500.0,7.963308547098816,0.61972542927893,0.37338665952195166
"trafl[beta=0.5, estimator=square, mask_scheme=comp, mask_samples=4, var_lambda=1.0, normalization=paper, rollout=uniform, rollout_temperature=1.0] mlp_w32 from mlp_5 {context_source=uniform, contexts=256, group=5, learning_rate=0.0001, reference=initial, ppo_epochs=1, steps=10000, reward=potts_tfbind8}",1,models/port_grid3/trafl_comp4_var1_b0.5/seed_1/finetune_mlp_5,0.646635990414766,1.073877573209869,13.938368245237791,5.659603124487423,13.058898532565228,0.6496765509533357,0.3920953362189444,0.8745008008921332,0.0988385331355669,1.4670497480646087,1.0318705121293388,0.9733393340277001,3.5558218301249784,0.9553173215189079,16.90403894770694,0.7322534920164437,5.185115359024689,3.5543617126491363,0.9999087317860258,1.0000000000000009,0.5901499616156258,4000.0,7.949582389377464,0.6210098952500925,0.3725766218787581
"trafl[beta=0.5, estimator=square, mask_scheme=comp, mask_samples=4, var_lambda=1.0, normalization=paper, rollout=uniform, rollout_temperature=1.0] mlp_w32 from mlp_5 {context_source=uniform, contexts=256, group=5, learning_rate=0.0001, reference=initial, ppo_epochs=1, steps=10000, reward=potts_tfbind8}",1,models/port_grid3/trafl_comp4_var1_b0.5/seed_1/finetune_mlp_5,0.651427351223439,1.0994817687442675,13.935934198316867,5.658263566454831,13.114971035554525,0.6532369654921109,0.3863398483903762,0.8889983113788167,0.09884161735933783,1.4497238744762746,1.0515606660708388,0.9878399287381545,3.722855137317507,1.0171053602805828,16.920950074944116,0.7342216468270257,5.261544522050103,3.721438801006835,0.9999114681927218,1.0000000000000009,0.5818038640624674,4096.0,8.017545497369014,0.6256456522817943,0.3696956773099057
"trafl[beta=0.5, estimator=square, mask_scheme=comp, mask_samples=4, var_lambda=1.0, normalization=paper, rollout=uniform, rollout_temperature=1.0] mlp_w32 from mlp_5 {context_source=uniform, contexts=256, group=5, learning_rate=0.0001, reference=initial, ppo_epochs=1, steps=10000, reward=potts_tfbind8}",1,models/port_grid3/trafl_comp4_var1_b0.5/seed_1/finetune_mlp_5,0.6358514580520329,0.9821847488566389,14.091682486246356,5.774400330298697,12.842526050967093,0.6410692562257368,0.41009843227611575,0.8009818451322124,0.09638362987067839,1.4455174378960014,0.9597536220547855,0.8973654750028908,3.7738283846817304,1.0386163387264888,16.925348755006322,0.7345698639563366,5.291885225189324,3.7711404843523146,0.9998319662954217,1.0000000000000009,0.6262193123401355,4500.0,7.749189820138075,0.5983359145387086,0.38795462044827167
"trafl[beta=0.5, estimator=square, mask_scheme=comp, mask_samples=4, var_lambda=1.0, normalization=paper, rollout=uniform, rollout_temperature=1.0] mlp_w32 from mlp_5 {context_source=uniform, contexts=256, group=5, learning_rate=0.0001, reference=initial, ppo_epochs=1, steps=10000, reward=potts_tfbind8}",1,models/port_grid3/trafl_comp4_var1_b0.5/seed_1/finetune_mlp_5,0.6459783847637477,1.0477682989209356,13.995691216971316,5.705712789867805,13.060790061861823,0.6519345965539047,0.3871554880278128,0.847568967298808,0.09978137712829116,1.3963181061163916,1.0291427104151187,0.9473503444270992,4.092832914439144,1.152136346103408,16.926452051190683,0.7371053161332024,5.509688381291264,4.089782830053816,0.9998093193119622,1.0000000000000007,0.5864763952531061,5000.0,7.965784502864291,0.6184005399076616,0.3741967786592668
"trafl[beta=0.5, estimator=square, mask_scheme=comp, mask_samples=4, var_lambda=1.0, normalization=paper, rollout=uniform, rollout_temperature=1.0] mlp_w32 from mlp_5 {context_source=uniform, contexts=256, group=5, learning_rate=0.0001, reference=initial, ppo_epochs=1, steps=10000, reward=potts_tfbind8}",1,models/port_grid3/trafl_comp4_var1_b0.5/seed_1/finetune_mlp_5,0.6464195226521702,1.0421913402699543,13.991702534444766,5.7034905801624465,13.0447098594279,0.650614392330001,0.382618879414203,0.8445578597513839,0.09848606461439324,1.4004047142897187,1.0203206327375052,0.9430439243657771,3.9456762546611612,1.1014288544069397,16.96175207924781,0.7381798478924577,5.547555503994942,3.943935768178722,0.9998912048200135,1.0000000000000007,0.5856944187924482,5500.0,7.9269885134279745,0.6160421621279247,0.372297248622977
"trafl[beta=0.5, estimator=square, mask_scheme=comp, mask_samples=4, var_lambda=1.0, normalization=paper, rollout=uniform, rollout_temperature=1.0] mlp_w32 from mlp_5 {context_source=uniform, contexts=256, group=5, learning_rate=0.0001, reference=initial, ppo_epochs=1, steps=10000, reward=potts_tfbind8}",1,models/port_grid3/trafl_comp4_var1_b0.5/seed_1/finetune_mlp_5,0.644445204228128,1.0390933799457183,14.021467068524492,5.70754391564488,12.987947594122797,0.6469423862134678,0.39375876657766407,0.8356211445858228,0.09904535094146938,1.4279314056001935,0.9989085194825064,0.9346664955272922,3.736676436869304,1.0152768052391288,16.920346651113093,0.7343054245861083,5.3081338048169595,3.735281664578118,0.9999128178095837,1.0000000000000007,0.5926634381900024,6000.0,7.9142081475414345,0.613177706104167,0.3757477094764415
"trafl[beta=0.5, estimator=square, mask_scheme=comp, mask_samples=4, var_lambda=1.0, normalization=paper, rollout=uniform, rollout_temperature=1.0] mlp_w32 from mlp_5 {context_source=uniform, contexts=256, group=5, learning_rate=0.0001, reference=initial, ppo_epochs=1, steps=10000, reward=potts_tfbind8}",1,models/port_grid3/trafl_comp4_var1_b0.5/seed_1/finetune_mlp_5,0.647688248587396,1.0530870865062492,13.943843953980794,5.6747212285091155,13.125395646381481,0.6542427523863272,0.37861742502262175,0.8765642916836003,0.10361391747332727,1.3927803498321691,1.0460779998364695,0.9801782091569275,3.7452620192737553,1.0132881835708871,16.949149633555383,0.7357489682904937,5.409533759818341,3.743831685350872,0.9999105938460187,1.0000000000000004,0.5711088924146218,6500.0,8.020435434524375,0.6252218948076714,0.3684798104076102
"trafl[beta=0.5, estimator=square, mask_scheme=comp, mask_samples=4, var_lambda=1.0, normalization=paper, rollout=uniform, rollout_temperature=1.0] mlp_w32 from mlp_5 {context_source=uniform, contexts=256, group=5, learning_rate=0.0001, reference=initial, ppo_epochs=1, steps=10000, reward=potts_tfbind8}",1,models/port_grid3/trafl_comp4_var1_b0.5/seed_1/finetune_mlp_5,0.6470442881060194,1.0564175759580066,13.942777270929845,5.664028383116816,13.108064404029681,0.6523930836005462,0.37997626155511377,0.8795050515860228,0.10105526053761382,1.410909164085736,1.0360165246984128,0.9805603121236366,3.63880554917215,0.9808631776986046,16.920681573078326,0.7332831610040419,5.1967275445225685,3.637077192996518,0.9998919585214118,1.0000000000000007,0.5697130384524713,7000.0,8.02270878394597,0.625353382268905,0.3677577514541421
"trafl[beta=0.5, estimator=square, mask_scheme=comp, mask_samples=4, var_lambda=1.0, normalization=paper, rollout=uniform, rollout_temperature=1.0] mlp_w32 from mlp_5 {context_source=uniform, contexts=256, group=5, learning_rate=0.0001, reference=initial, ppo_epochs=1, steps=10000, reward=potts_tfbind8}",1,models/port_grid3/trafl_comp4_var1_b0.5/seed_1/finetune_mlp_5,0.6510650328768582,1.0756715368531624,13.957660333647208,5.667592911939626,13.134814647345069,0.6546120944041046,0.37843783050381474,0.8759193268997069,0.10189772871155722,1.3983020994791775,1.048957698841721,0.9778170556112641,4.927879719522252,1.4712774790466494,16.905231302550142,0.7485178773762837,7.630326447307742,4.924151213706128,0.9997668430644228,1.0000000000000007,0.5692790909380807,7500.0,8.076108321600406,0.6278431826198484,0.36759223409796166
"trafl[beta=0.5, estimator=square, mask_scheme=comp, mask_samples=4, var_lambda=1.0, normalization=paper, rollout=uniform, rollout_temperature=1.0] mlp_w32 from mlp_5 {context_source=uniform, contexts=256, group=5, learning_rate=0.0001, reference=initial, ppo_epochs=1, steps=10000, reward=potts_tfbind8}",1,models/port_grid3/trafl_comp4_var1_b0.5/seed_1/finetune_mlp_5,0.6496837541608428,1.0575443427532207,13.980368873790022,5.705237796629327,13.076627176017263,0.6524810803941571,0.37999140339422927,0.8515685567151831,0.10055337899348082,1.3832091054068236,1.026208075276107,0.9521219357086639,4.222280021335731,1.1700114657562033,16.96189586853318,0.74063492352543,6.0597251055926105,4.220517489782079,0.9998898232088975,1.0000000000000007,0.5756232030363686,8000.0,7.993621481189178,0.6212527144681302,0.3699845834127282
"trafl[beta=0.5, estimator=square, mask_scheme=comp, mask_samples=4, var_lambda=1.0, normalization=paper, rollout=uniform, rollout_temperature=1.0] mlp_w32 from mlp_5 {context_source=uniform, contexts=256, group=5, learning_rate=0.0001, reference=initial, ppo_epochs=1, steps=10000, reward=potts_tfbind8}",1,models/port_grid3/trafl_comp4_var1_b0.5/seed_1/finetune_mlp_5,0.656921133345794,1.1165265673248488,13.888636994661283,5.623869258146872,13.26539896799631,0.6607194027918988,0.3642719377975475,0.9212635334330233,0.10299778367041657,1.3800278287127785,1.0897537441751701,1.0242613171034398,3.787676084990236,1.0389239786503273,16.932648172160803,0.7353486579994163,5.385720760544907,3.786337478094506,0.9999163288285066,1.0000000000000007,0.5447829759459137,8500.0,8.209093655868594,0.640973046227081,0.3586130096573435
"trafl[beta=0.5, estimator=square, mask_scheme=comp, mask_samples=4, var_lambda=1.0, normalization=paper, rollout=uniform, rollout_temperature=1.0] mlp_w32 from mlp_5 {context_source=uniform, contexts=256, group=5, learning_rate=0.0001, reference=initial, ppo_epochs=1, steps=10000, reward=potts_tfbind8}",1,models/port_grid3/trafl_comp4_var1_b0.5/seed_1/finetune_mlp_5,0.6519830918047613,1.0787181116952038,13.949599821440884,5.669066107899382,13.15842156555756,0.6560110569598988,0.3722094063964972,0.8835285620694492,0.10131179488026365,1.3805009359002232,1.05230704688787,0.9848403569497128,4.0332161848886665,1.1259792894837233,16.948395576934516,0.737713946960986,5.487440093804134,4.030816280948221,0.9998499660918799,1.0000000000000007,0.5608249798779881,9000.0,8.096331669592944,0.6297477805641826,0.3657484572028175
"trafl[beta=0.5, estimator=square, mask_scheme=comp, mask_samples=4, var_lambda=1.0, normalization=paper, rollout=uniform, rollout_temperature=1.0] mlp_w32 from mlp_5 {context_source=uniform, contexts=256, group=5, learning_rate=0.0001, reference=initial, ppo_epochs=1, steps=10000, reward=potts_tfbind8}",1,models/port_grid3/trafl_comp4_var1_b0.5/seed_1/finetune_mlp_5,0.6509887554935786,1.073282270092896,13.909730027940615,5.646564050875606,13.196498127866525,0.6571424975406239,0.3669930314684784,0.8936147227848511,0.10146607628813942,1.38198701394064,1.0607710613915704,0.9950807990729905,3.727620994585419,1.0002306838796506,16.955703454732575,0.7359329340112137,5.4275898048758195,3.726372500117353,0.9999219613414044,1.0000000000000009,0.5502507132272059,9500.0,8.116794265737747,0.6336116747401003,0.36232670494954683
"trafl[beta=0.5, estimator=square, mask_scheme=comp, mask_samples=4, var_lambda=1.0, normalization=paper, rollout=uniform, rollout_temperature=1.0] mlp_w32 from mlp_5 {context_source=uniform, contexts=256, group=5, learning_rate=0.0001, reference=initial, ppo_epochs=1, steps=10000, reward=potts_tfbind8}",1,models/port_grid3/trafl_comp4_var1_b0.5/seed_1/finetune_mlp_5,0.6518430600880405,1.0757622445296202,13.983801664215108,5.691459614171213,13.146446579174581,0.6561654510145116,0.3739107172912268,0.876705812641255,0.1012034327084812,1.371981845824337,1.0479869267506714,0.9779092453497362,3.914426760471688,1.0667683992731223,16.956771554733013,0.7372511064335141,5.570530299791303,3.91282624011572,0.9998999572592916,1.0000000000000007,0.5624923529322792,10000.0,8.119049449572772,0.6291586938002635,0.36832944408271784
"trafl[beta=0.5, estimator=square, mask_scheme=comp, mask_samples=4, var_lambda=1.0, normalization=paper, rollout=uniform, rollout_temperature=1.0] mlp_w32 from mlp_5 {context_source=uniform, contexts=256, group=5, learning_rate=0.0001, reference=initial, ppo_epochs=1, steps=10000, reward=potts_tfbind8}",2,models/port_grid3/trafl_comp4_var1_b0.5/seed_2/finetune_mlp_5,0.40089774494688835,0.0,15.58400929863198,7.3350796144291905,7.274364485999048,0.40059227009566606,2.2007286308340355,0.0,0.0,3.3845174252188786,0.0,0.0,4.896481007458549,1.5766628960892644,8.347072093028896,0.2951274947079451,0.0,0.36194497535363446,0.02441464572044008,1.0000000000000013,2.4505464727693775,0.0,1.8270649549340976,0.11713328142727052,0.7909839602924758
"trafl[beta=0.5, estimator=square, mask_scheme=comp, mask_samples=4, var_lambda=1.0, normalization=paper, rollout=uniform, rollout_temperature=1.0] mlp_w32 from mlp_5 {context_source=uniform, contexts=256, group=5, learning_rate=0.0001, reference=initial, ppo_epochs=1, steps=10000, reward=potts_tfbind8}",2,models/port_grid3/trafl_comp4_var1_b0.5/seed_2/finetune_mlp_5,0.4015063654143749,7.191895355602063e-05,15.581681791275987,7.32586316823605,7.295844664555222,0.4011896363728741,2.1906543812923553,6.937026563333631e-05,6.219393024163144e-06,3.3797513529761862,6.935455405385834e-05,7.558965865749946e-05,4.888580362361621,1.5758645610859114,8.354855258206607,0.2955287830426407,6.302024184792266e-05,0.36636292093767764,0.024744716090225057,1.0000000000000009,2.4398757380453437,1.0,1.8457725878840239,0.11842098213581109,0.7897987759576509
"trafl[beta=0.5, estimator=square, mask_scheme=comp, mask_samples=4, var_lambda=1.0, normalization=paper, rollout=uniform, rollout_temperature=1.0] mlp_w32 from mlp_5 {context_source=uniform, contexts=256, group=5, learning_rate=0.0001, reference=initial, ppo_epochs=1, steps=10000, reward=potts_tfbind8}",2,models/port_grid3/trafl_comp4_var1_b0.5/seed_2/finetune_mlp_5,0.4023766667688149,0.00023965261112873825,15.581330059360521,7.3198439192992435,7.318412352581408,0.4019784808215797,2.176566560231551,0.000236526318140428,1.941350826432231e-05,3.369009639084667,0.00023651625149465278,0.0002559398264047503,4.890977529647452,1.5763161969141046,8.377290517754952,0.29663853518141703,0.00046431549262675203,0.3912980961526269,0.026649859956846184,1.000000000000001,2.42875905572969,2.0,1.8689635505104498,0.11998862307235197,0.7883454772882489
"trafl[beta=0.5, estimator=square, mask_scheme=comp, mask_samples=4, var_lambda=1.0, normalization=paper, rollout=uniform, rollout_temperature=1.0] mlp_w32 from mlp_5 {context_source=uniform, contexts=256, group=5, learning_rate=0.0001, reference=initial, ppo_epochs=1, steps=10000, reward=potts_tfbind8}",2,models/port_grid3/trafl_comp4_var1_b0.5/seed_2/finetune_mlp_5,0.4038813872104987,0.0007727368397844768,15.580383444662095,7.310833871987217,7.3585455374547095,0.4034830114023027,2.1522726441836304,0.0007725341773830632,6.095378656969749e-05,3.3503953852796733,0.0007728320838141182,0.0008334879639527607,4.8953764137837865,1.5792181220295303,8.395720894494978,0.2976244849174064,0.001573591598594852,0.4051716634400778,0.027696628142564052,1.000000000000001,2.4092287791253595,4.0,1.908934239115951,0.12269345202192156,0.7858543042719097
"trafl[beta=0.5, estimator=square, mask_scheme=comp, mask_samples=4, var_lambda=1.0, normalization=paper, rollout=uniform, rollout_temperature=1.0] mlp_w32 from mlp_5 {context_source=uniform, contexts=256, group=5, learning_rate=0.0001, reference=initial, ppo_epochs=1, steps=10000, reward=potts_tfbind8}",2,models/port_grid3/trafl_comp4_var1_b0.5/seed_2/finetune_mlp_5,0.4068135829113134,0.002544584469369956,15.579622694451059,7.297619040450648,7.435519965805131,0.40658474803640454,2.106647188206432,0.002580580604239843,0.00020066421704348185,3.3140885298642795,0.0025894428030752772,0.0027812448212833248,4.933614143799467,1.5938579351394953,8.445904735699065,0.3002533414083393,0.004280626235753941,0.4603422690903075,0.032051967227521155,1.000000000000001,2.3725581756694103,8.0,1.9887867836428326,0.12811591963380695,0.7808921874656551
"trafl[beta=0.5, estimator=square, mask_scheme=comp, mask_samples=4, var_lambda=1.0, normalization=paper, rollout=uniform, rollout_temperature=1.0] mlp_w32 from mlp_5 {context_source=uniform, contexts=256, group=5, learning_rate=0.0001, reference=initial, ppo_epochs=1, steps=10000, reward=potts_tfbind8}",2,models/port_grid3/trafl_comp4_var1_b0.5/seed_2/finetune_mlp_5,0.4127923907565131,0.008439006209285952,15.577647048011976,7.2770323503699395,7.5863193286870825,0.4130303857144832,2.0160885321589856,0.00852413442091641,0.0006667483259650518,3.23570461829467,0.00862866920007059,0.009190882746881462,4.853468984031163,1.5783727132488243,8.619581036163828,0.3087445696037906,0.02338541507340327,0.5960908061414681,0.04243810051739149,1.000000000000001,2.3031977206254304,16.0,2.156809857828643,0.13957719999195878,0.7705776725589928
"trafl[beta=0.5, estimator=square, mask_scheme=comp, mask_samples=4, var_lambda=1.0, normalization=paper, rollout=uniform, rollout_temperature=1.0] mlp_w32 from mlp_5 {context_source=uniform, contexts=256, group=5, learning_rate=0.0001, reference=initial, ppo_epochs=1, steps=10000, reward=potts_tfbind8}",2,models/port_grid3/trafl_comp4_var1_b0.5/seed_2/finetune_mlp_5,0.42418646193951015,0.026714004167751472,15.574095881145869,7.238885986200317,7.868564797213326,0.4255298335073934,1.85313339774011,0.027063532055483452,0.0022040443940581286,3.086181305225051,0.02771301788569791,0.02926757644954158,5.705122069752731,1.8206779928100447,9.038133849072373,0.33121041052276223,0.09832320081896335,1.1064921186744086,0.09066413701700986,1.0000000000000013,2.181159335047935,32.0,2.4813839450849864,0.16180583615447247,0.7508535691494893
"trafl[beta=0.5, estimator=square, mask_scheme=comp, mask_samples=4, var_lambda=1.0, normalization=paper, rollout=uniform, rollout_temperature=1.0] mlp_w32 from mlp_5 {context_source=uniform, contexts=256, group=5, learning_rate=0.0001, reference=initial, ppo_epochs=1, steps=10000, reward=potts_tfbind8}",2,models/port_grid3/trafl_comp4_var1_b0.5/seed_2/finetune_mlp_5,0.4430907820527883,0.07626914996161248,15.538065012909456,7.146699680927102,8.33132757849698,0.4456080774912463,1.6356443595538637,0.07330739737369334,0.006026348525030867,2.8870112551529257,0.07701133631243273,0.0793337458987242,5.431604807785381,1.6100962725419699,14.344702125793091,0.5997558764890498,2.4154605261357567,2.464260198967087,0.7273043714076018,1.0000000000000013,1.9990762628328431,64.0,3.007990200079644,0.1988901901052738,0.7191170521593355
"trafl[beta=0.5, estimator=square, mask_scheme=comp, mask_samples=4, var_lambda=1.0, normalization=paper, rollout=uniform, rollout_temperature=1.0] mlp_w32 from mlp_5 {context_source=uniform, contexts=256, group=5, learning_rate=0.0001, reference=initial, ppo_epochs=1, steps=10000, reward=potts_tfbind8}",2,models/port_grid3/trafl_comp4_var1_b0.5/seed_2/finetune_mlp_5,0.4735321231302078,0.17664685394031948,15.436662813044125,6.959360172979684,9.045264826908888,0.47568949760155427,1.3359360229014325,0.15998350366105293,0.013996326021736977,2.587405553048426,0.17328594578041107,0.1739798296827899,4.458654724324957,1.2792583613372317,15.464744429095706,0.6556129706212612,3.0008348964973335,2.651288608074812,0.8627724392931613,1.0000000000000009,1.7383822480948667,128.0,3.8485615017650536,0.2599668296007464,0.6673820357750129
"trafl[beta=0.5, estimator=square, mask_scheme=comp, mask_samples=4, var_lambda=1.0, normalization=paper, rollout=uniform, rollout_temperature=1.0] mlp_w32 from mlp_5 {context_source=uniform, contexts=256, group=5, learning_rate=0.0001, reference=initial, ppo_epochs=1, steps=10000, reward=potts_tfbind8}",2,models/port_grid3/trafl_comp4_var1_b0.5/seed_2/finetune_mlp_5,0.5227148556644748,0.37003626320576827,15.20851516147478,6.645415950237712,10.088423238787307,0.5188408069040975,0.9956160865268213,0.30026040814051747,0.026207654309845396,2.248836944357538,0.3393015033313188,0.32646806245036286,2.886450936162089,0.7784871561725827,16.59001238124628,0.7116361201479812,3.957053914134506,2.721814515659724,0.9894391841990046,1.000000000000001,1.3828185997065647,256.0,5.066328640334684,0.35331458341668676,0.5890581350093643
"trafl[beta=0.5, estimator=square, mask_scheme=comp, mask_samples=4, var_lambda=1.0, normalization=paper, rollout=uniform, rollout_temperature=1.0] mlp_w32 from mlp_5 {context_source=uniform, contexts=256, group=5, learning_rate=0.0001, reference=initial, ppo_epochs=1, steps=10000, reward=potts_tfbind8}",2,models/port_grid3/trafl_comp4_var1_b0.5/seed_2/finetune_mlp_5,0.5859259544755542,0.7018001948524452,14.794739489404654,6.25892452754208,11.413461415567792,0.5785809513935656,0.6728347338399228,0.522242758112058,0.04637081096530005,1.8818092714938546,0.6250531904131944,0.568613569077358,4.511666198239457,1.3095230256545012,16.860157578767307,0.7413893367585903,6.640259305719099,4.5026192663739,0.9994341394820072,1.0000000000000009,1.0060511983981986,500.0,6.516029621980782,0.47439784760718984,0.49655678263046626
"trafl[beta=0.5, estimator=square, mask_scheme=comp, mask_samples=4, var_lambda=1.0, normalization=paper, rollout=uniform, rollout_temperature=1.0] mlp_w32 from mlp_5 {context_source=uniform, contexts=256, group=5, learning_rate=0.0001, reference=initial, ppo_epochs=1, steps=10000, reward=potts_tfbind8}",2,models/port_grid3/trafl_comp4_var1_b0.5/seed_2/finetune_mlp_5,0.5815006245464301,0.672531647549349,14.81293722905404,6.269767649245075,11.35011186546262,0.5749569812735923,0.6823385134605087,0.5082856336170741,0.04661932750213804,1.8945314102089708,0.6043211080706834,0.5549049611192122,4.551645078338785,1.3264631024184144,16.839826791468145,0.739916436190908,6.487274984535317,4.539780217607365,0.9992578169574309,1.0000000000000007,1.0169938911082719,512.0,6.437330841687697,0.4679880909669126,0.49950171617254835
"trafl[beta=0.5, estimator=square, mask_scheme=comp, mask_samples=4, var_lambda=1.0, normalization=paper, rollout=uniform, rollout_temperature=1.0] mlp_w32 from mlp_5 {context_source=uniform, contexts=256, group=5, learning_rate=0.0001, reference=initial, ppo_epochs=1, steps=10000, reward=potts_tfbind8}",2,models/port_grid3/trafl_comp4_var1_b0.5/seed_2/finetune_mlp_5,0.6246525719262082,0.9448037604470156,14.308008083257306,5.901498698809526,12.374445418642093,0.6198560985366721,0.501632083981397,0.7188169181368402,0.07000397411464476,1.676178700797284,0.8628263434827662,0.788820892251485,3.891703445280097,1.1023652707792186,16.868832785512552,0.7334295749195924,5.251025496406394,3.8857744991923724,0.9996292577410129,1.0000000000000009,0.7633323499306207,1000.0,7.373196038784241,0.5605297038117127,0.4253735069711507
"trafl[beta=0.5, estimator=square, mask_scheme=comp, mask_samples=4, var_lambda=1.0, normalization=paper, rollout=uniform, rollout_temperature=1.0] mlp_w32 from mlp_5 {context_source=uniform, contexts=256, group=5, learning_rate=0.0001, reference=initial, ppo_epochs=1, steps=10000, reward=potts_tfbind8}",2,models/port_grid3/trafl_comp4_var1_b0.5/seed_2/finetune_mlp_5,0.625652586760734,0.9480953164347469,14.327703090845663,5.923525611437041,12.359648119926293,0.6200837185149294,0.5015669455630636,0.7133363883909905,0.06974252456961172,1.6596979075725944,0.8609025828771887,0.7830789129606022,4.00944580656688,1.1426926301407185,16.882550618908816,0.7349964877857752,5.393532537361308,4.002722906669309,0.9995795820897354,1.0000000000000007,0.7688072386829371,1024.0,7.354450878036366,0.55821774890941,0.42767414212894717
"trafl[beta=0.5, estimator=square, mask_scheme=comp, mask_samples=4, var_lambda=1.0, normalization=paper, rollout=uniform, rollout_temperature=1.0] mlp_w32 from mlp_5 {context_source=uniform, contexts=256, group=5, learning_rate=0.0001, reference=initial, ppo_epochs=1, steps=10000, reward=potts_tfbind8}",2,models/port_grid3/trafl_comp4_var1_b0.5/seed_2/finetune_mlp_5,0.6381664923482663,1.034593131893068,14.13448705767628,5.780885421771856,12.68903579154135,0.6334930070259073,0.4535264140101519,0.7902890168782937,0.08243758135231793,1.6050352455034593,0.9438351875239156,0.8727265982306116,3.5245873662278866,0.963195017566064,16.879898881720646,0.731490307844514,5.070008067957741,3.522935606914308,0.9998967471531585,1.0000000000000007,0.6870460075221398,1500.0,7.64489634520752,0.5888956405725555,0.4008102588753054
"trafl[beta=0.5, estimator=square, mask_scheme=comp, mask_samples=4, var_lambda=1.0, normalization=paper, rollout=uniform, rollout_temperature=1.0] mlp_w32 from mlp_5 {context_source=uniform, contexts=256, group=5, learning_rate=0.0001, reference=initial, ppo_epochs=1, steps=10000, reward=potts_tfbind8}",2,models/port_grid3/trafl_comp4_var1_b0.5/seed_2/finetune_mlp_5,0.6427532729634697,1.065938568947091,14.028329874369568,5.71635873813335,12.89877124726695,0.6428988113016538,0.42188411053869795,0.8421125670866851,0.09102968219569996,1.5383767177575085,0.997650945969038,0.9331422492823851,3.561837799096785,0.994800308909841,16.853773409983535,0.7302376503874694,4.9742986704481025,3.559547662710862,0.9998568395570958,1.0000000000000004,0.6359940381044622,2000.0,7.830707797949003,0.6077802284882936,0.384581676480698
"trafl[beta=0.5, estimator=square, mask_scheme=comp, mask_samples=4, var_lambda=1.0, normalization=paper, rollout=uniform, rollout_temperature=1.0] mlp_w32 from mlp_5 {context_source=uniform, contexts=256, group=5, learning_rate=0.0001, reference=initial, ppo_epochs=1, steps=10000, reward=potts_tfbind8}",2,models/port_grid3/trafl_comp4_var1_b0.5/seed_2/finetune_mlp_5,0.6382918692147795,1.0332054460215725,14.071317576259496,5.735037515572963,12.79239810927423,0.6367481457409215,0.43043244723509594,0.8134625726204829,0.08904768845658462,1.5536469964498727,0.9589952236546541,0.9025102610770676,3.5499395700051157,0.9855537427433388,16.85805583436083,0.7300655006780252,4.9586170012260204,3.5470235103812486,0.9998176918895647,1.0000000000000009,0.6505248847864389,2048.0,7.710319956545485,0.5969721153685144,0.3906408843966503
"trafl[beta=0.5, estimator=square, mask_scheme=comp, mask_samples=4, var_lambda=1.0, normalization=paper, rollout=uniform, rollout_temperature=1.0] mlp_w32 from mlp_5 {context_source=uniform, contexts=256, group=5, learning_rate=0.0001, reference=initial, ppo_epochs=1, steps=10000, reward=potts_tfbind8}",2,models/port_grid3/trafl_comp4_var1_b0.5/seed_2/finetune_mlp_5,0.6425696906452255,1.052497285187019,14.032007299194902,5.724548943961452,12.876753357046606,0.6417494148776228,0.41456526032337143,0.8260326518628925,0.09073811147604827,1.5124858508504153,0.9838697534040758,0.9167707633389408,3.8180161093792133,1.0704414468351906,16.87968935080293,0.7331258336210252,5.213312813109792,3.814809878439903,0.9997995489395958,1.0000000000000007,0.633221790649666,2500.0,7.770528537989036,0.6035384248523455,0.3840132861089894
"trafl[beta=0.5, estimator=square, mask_scheme=comp, mask_samples=4, var_lambda=1.0, normalization=paper, rollout=uniform, rollout_temperature=1.0] mlp_w32 from mlp_5 {context_source=uniform, contexts=256, group=5, learning_rate=0.0001, reference=initial, ppo_epochs=1, steps=10000, reward=potts_tfbind8}",2,models/port_grid3/trafl_comp4_var1_b0.5/seed_2/finetune_mlp_5,0.644133430727367,1.0532397693402582,14.044905197165427,5.711237543895745,12.932056687134232,0.6438902996286473,0.4084300517011764,0.8362735589419446,0.0950973133429367,1.492681780931159,0.9940257858494581,0.9313708722848812,3.7469764048136627,1.0427672583847423,16.87463528691978,0.7320276030840317,5.1618434593877875,3.7441061532125564,0.9998205652002886,1.0000000000000009,0.6157261580512408,3000.0,7.856317861541587,0.608150965988493,0.38372353879403254
"trafl[beta=0.5, estimator=square, mask_scheme=comp, mask_samples=4, var_lambda=1.0, normalization=paper, rollout=uniform, rollout_temperature=1.0] mlp_w32 from mlp_5 {context_source=uniform, contexts=256, group=5, learning_rate=0.0001, reference=initial, ppo_epochs=1, steps=10000, reward=potts_tfbind8}",2,models/port_grid3/trafl_comp4_var1_b0.5/seed_2/finetune_mlp_5,0.6426481853946374,1.0440599107101158,14.03115307681233,5.7048817370048805,12.94424329539065,0.6441647038386775,0.4038108393931176,0.8396658037101032,0.09736415797701359,1.476952253544337,0.9936720678518105,0.9370299616871168,3.756493463529947,1.0603264765295712,16.85288295884005,0.7310903765825534,5.09368574635411,3.753493005598243,0.999812419016194,1.0000000000000004,0.6092791359253825,3500.0,7.876431349701801,0.6103008658594817,0.38041431502526507
"trafl[beta=0.5, estimator=square, mask_scheme=comp, mask_samples=4, var_lambda=1.0, normalization=paper, rollout=uniform, rollout_temperature=1.0] mlp_w32 from mlp_5 {context_source=uniform, contexts=256, group=5, learning_rate=0.0001, reference=initial, ppo_epochs=1, steps=10000, reward=potts_tfbind8}",2,models/port_grid3/trafl_comp4_var1_b0.5/seed_2/finetune_mlp_5,0.6463987504531588,1.054424109099974,14.029387555300666,5.737447231577067,12.992983334354035,0.6489919762424619,0.3986419315618505,0.8451530061559507,0.09757938491976781,1.4338185540760313,1.0125385272027587,0.9427323910757185,3.6843086105317266,1.0065232582963624,16.90446071949813,0.7331756148866831,5.285502827262528,3.6825228862660553,0.9998883732739864,1.0000000000000007,0.6037755757946446,4000.0,7.924819482801744,0.6139187789551178,0.37935879337929823
"trafl[beta=0.5, estimator=square, mask_scheme=comp, mask_samples=4, var_lambda=1.0, normalization=paper, rollout=uniform, rollout_temperature=1.0] mlp_w32 from mlp_5 {context_source=uniform, contexts=256, group=5, learning_rate=0.0001, reference=initial, ppo_epochs=1, steps=10000, reward=potts_tfbind8}",2,models/port_grid3/trafl_comp4_var1_b0.5/seed_2/finetune_mlp_5,0.6478477989843074,1.0674876118581536,13.952223863142567,5.6667898830857135,13.04743147662532,0.6491519202969549,0.386300728952772,0.860881505503861,0.09943835319765837,1.440388492349208,1.023243912859032,0.9603198587015194,3.6673029468351657,1.011090741157446,16.923781807000424,0.7340519534619765,5.20177007672651,3.665105044137693,0.9998625997957735,1.0000000000000009,0.5872568903152701,4096.0,7.933118861617602,0.6188814534067486,0.3700364592283327
"trafl[beta=0.5, estimator=square, mask_scheme=comp, mask_samples=4, var_lambda=1.0, normalization=paper, rollout=uniform, rollout_temperature=1.0] mlp_w32 from mlp_5 {context_source=uniform, contexts=256, group=5, learning_rate=0.0001, reference=initial, ppo_epochs=1, steps=10000, reward=potts_tfbind8}",2,models/port_grid3/trafl_comp4_var1_b0.5/seed_2/finetune_mlp_5,0.6498150888990455,1.0882198001717718,13.93246944029523,5.641690334067435,13.11036434116427,0.651818268901852,0.3824176383637134,0.8817178909922985,0.10022314027201695,1.4482668333029673,1.0433061237083718,0.9819410312643154,3.77685828964272,1.0505264020519132,16.887573213861675,0.7327820565443448,5.167314266026152,3.7740911930982106,0.9998270144818515,1.0000000000000007,0.575852668895128,4500.0,8.024702187167017,0.6261494275857201,0.3679885157296661
"trafl[beta=0.5, estimator=square, mask_scheme=comp, mask_samples=4, var_lambda=1.0, normalization=paper, rollout=uniform, rollout_temperature=1.0] mlp_w32 from mlp_5 {context_source=uniform, contexts=256, group=5, learning_rate=0.0001, reference=initial, ppo_epochs=1, steps=10000, reward=potts_tfbind8}",2,models/port_grid3/trafl_comp4_var1_b0.5/seed_2/finetune_mlp_5,0.6523611024820655,1.0929464301011698,13.959313086475431,5.669617406131352,13.130697232957612,0.6545686641715756,0.37752583174773796,0.8798533212260138,0.10007758806682876,1.4009334942795253,1.0513522923651069,0.9799309092928425,3.8042894082171195,1.0553625777725728,16.94143608523014,0.7363063203142065,5.441703682448238,3.8028189895943907,0.9999080882484751,1.0000000000000007,0.5737323916552036,5000.0,8.053391747935837,0.6262678868109712,0.36770454545508147
"trafl[beta=0.5, estimator=square, mask_scheme=comp, mask_samples=4, var_lambda=1.0, normalization=paper, rollout=uniform, rollout_temperature=1.0] mlp_w32 from mlp_5 {context_source=uniform, contexts=256, group=5, learning_rate=0.0001, reference=initial, ppo_epochs=1, steps=10000, reward=potts_tfbind8}",2,models/port_grid3/trafl_comp4_var1_b0.5/seed_2/finetune_mlp_5,0.6453964137723562,1.0545804234233385,13.956633923918272,5.669083802611024,13.083704489940922,0.651408644331215,0.38709309970927375,0.8632357087647542,0.10134830886509727,1.4375794125852015,1.0339127869435978,0.9645840176298515,3.8139383165599217,1.0389190416351735,16.90378103693067,0.7334628316698919,5.25328684900905,3.8110102472592433,0.9998169262764909,1.0000000000000009,0.579789257742033,5500.0,7.988088998209347,0.6224249880095047,0.3727019849489994
"trafl[beta=0.5, estimator=square, mask_scheme=comp, mask_samples=4, var_lambda=1.0, normalization=paper, rollout=uniform, rollout_temperature=1.0] mlp_w32 from mlp_5 {context_source=uniform, contexts=256, group=5, learning_rate=0.0001, reference=initial, ppo_epochs=1, steps=10000, reward=potts_tfbind8}",2,models/port_grid3/trafl_comp4_var1_b0.5/seed_2/finetune_mlp_5,0.6540096588003412,1.1007535325059052,13.973011209843406,5.673355728308704,13.125235781146962,0.6540970134799383,0.3742507382600188,0.8754200210781315,0.10123289423033677,1.3918913176471033,1.044314448522346,0.9766529153084683,4.022345724451085,1.1346443665356283,16.955130567138575,0.7381853743619642,5.535870187502177,4.0196074313508525,0.9998288065213273,1.0000000000000007,0.5694252737177657,6000.0,8.051919631276249,0.6253271709682696,0.36823839290246346
"trafl[beta=0.5, estimator=square, mask_scheme=comp, mask_samples=4, var_lambda=1.0, normalization=paper, rollout=uniform, rollout_temperature=1.0] mlp_w32 from mlp_5 {context_source=uniform, contexts=256, group=5, learning_rate=0.0001, reference=initial, ppo_epochs=1, steps=10000, reward=potts_tfbind8}",2,models/port_grid3/trafl_comp4_var1_b0.5/seed_2/finetune_mlp_5,0.6515749159724982,1.089230526832683,13.909009921621834,5.6400684580638485,13.189849815005148,0.6567096196732156,0.37168022590003863,0.8956011593690665,0.1020580864547651,1.4067545542302489,1.0660159175598858,0.9976592458238316,3.8163822206937015,1.0561404292850507,16.913138902079197,0.7343390136919068,5.2948811097707305,3.814275551308697,0.9998683070271032,1.0000000000000007,0.5588197258262084,6500.0,8.109753869309566,0.6332161404106577,0.3638996568053424
"trafl[beta=0.5, estimator=square, mask_scheme=comp, mask_samples=4, var_lambda=1.0, normalization=paper, rollout=uniform, rollout_temperature=1.0] mlp_w32 from mlp_5 {context_source=uniform, contexts=256, group=5, learning_rate=0.0001, reference=initial, ppo_epochs=1, steps=10000, reward=potts_tfbind8}",2,models/port_grid3/trafl_comp4_var1_b0.5/seed_2/finetune_mlp_5,0.6472728179949827,1.0564386331146605,14.020138255860827,5.68698976322107,13.034223902484651,0.6485886683064799,0.38422340328011023,0.8512615832921842,0.10045547703923874,1.42019274201391,1.0089748325671943,0.9517170603314229,3.784461389031171,1.0489551220076034,16.92532329025221,0.7347213751914627,5.256486713482509,3.7822232315508053,0.9998600834762991,1.0000000000000007,0.5795915970937722,7000.0,8.005838267974589,0.6190874873199546,0.37224814352213365
"trafl[beta=0.5, estimator=square, mask_scheme=comp, mask_samples=4, var_lambda=1.0, normalization=paper, rollout=uniform, rollout_temperature=1.0] mlp_w32 from mlp_5 {context_source=uniform, contexts=256, group=5, learning_rate=0.0001, reference=initial, ppo_epochs=1, steps=10000, reward=potts_tfbind8}",2,models/port_grid3/trafl_comp4_var1_b0.5/seed_2/finetune_mlp_5,0.642090053481554,1.0155722885598977,14.027535371764305,5.72575169976662,12.934730947046816,0.6441273388869799,0.3938876664536872,0.814608423523518,0.09858041795359251,1.4235821663015251,0.9756650975049918,0.9131888414771105,3.6865081348669886,1.0012965463696903,16.942249094543886,0.735013057830988,5.318294026325852,3.6848677315006477,0.9998974605051187,1.0000000000000009,0.5960283397504796,7500.0,7.856702470935635,0.6090980827994306,0.3761419404484048
"trafl[beta=0.5, estimator=square, mask_scheme=comp, mask_samples=4, var_lambda=1.0, normalization=paper, rollout=uniform, rollout_temperature=1.0] mlp_w32 from mlp_5 {context_source=uniform, contexts=256, group=5, learning_rate=0.0001, reference=initial, ppo_epochs=1, steps=10000, reward=potts_tfbind8}",2,models/port_grid3/trafl_comp4_var1_b0.5/seed_2/finetune_mlp_5,0.6473990165368235,1.046447766525623,13.993526443882422,5.692046467243962,13.056150249574136,0.6501285446730759,0.3796386442453704,0.8504960900638914,0.10061109772325194,1.3960758723973798,1.0138730191057277,0.9511071877871433,3.890083047863954,1.0825726287582385,16.953471744950676,0.737093910066168,5.441837218370658,3.887905972127137,0.9998639032942662,1.0000000000000009,0.5735266100875533,8000.0,7.99714933229612,0.6203833477365058,0.3697422771280963
"trafl[beta=0.5, estimator=square, mask_scheme=comp, mask_samples=4, var_lambda=1.0, normalization=paper, rollout=uniform, rollout_temperature=1.0] mlp_w32 from mlp_5 {context_source=uniform, contexts=256, group=5, learning_rate=0.0001, reference=initial, ppo_epochs=1, steps=10000, reward=potts_tfbind8}",2,models/port_grid3/trafl_comp4_var1_b0.5/seed_2/finetune_mlp_5,0.6505673906230148,1.0620738101194014,13.987242752549086,5.705805412468577,13.105789441143525,0.654162156514173,0.3754659886982463,0.8572652174252278,0.10188176685356143,1.35849845944436,1.0339506950439785,0.9591469842787892,4.051822108594866,1.1282041020948788,16.99292348027094,0.7403394935721195,5.739764542784782,4.049346878724602,0.9998452642308888,1.0000000000000009,0.5687846902411162,8500.0,8.032890946240702,0.6234076560241454,0.3702767919410134
"trafl[beta=0.5, estimator=square, mask_scheme=comp, mask_samples=4, var_lambda=1.0, normalization=paper, rollout=uniform, rollout_temperature=1.0] mlp_w32 from mlp_5 {context_source=uniform, contexts=256, group=5, learning_rate=0.0001, reference=initial, ppo_epochs=1, steps=10000, reward=potts_tfbind8}",2,models/port_grid3/trafl_comp4_var1_b0.5/seed_2/finetune_mlp_5,0.6499030154000921,1.066263525346195,13.976633788157837,5.688916512686693,13.116534570787454,0.6540278230425297,0.3774742023717656,0.8634665729354039,0.10210947311544083,1.3767973052100166,1.03712563895319,0.9655760460508447,4.900768033193612,1.4795490773800768,16.90309519198784,0.7495940447197392,8.124232781656033,4.896782487630448,0.9997507402312827,1.0000000000000007,0.5665870693283542,9000.0,8.04844780601996,0.6249595923457107,0.3698496074490892
"trafl[beta=0.5, estimator=square, mask_scheme=comp, mask_samples=4, var_lambda=1.0, normalization=paper, rollout=uniform, rollout_temperature=1.0] mlp_w32 from mlp_5 {context_source=uniform, contexts=256, group=5, learning_rate=0.0001, reference=initial, ppo_epochs=1, steps=10000, reward=potts_tfbind8}",2,models/port_grid3/trafl_comp4_var1_b0.5/seed_2/finetune_mlp_5,0.6499099637098706,1.0658266187223098,13.9754827838445,5.668716521637951,13.107736766606456,0.652247316483076,0.37530873570638756,0.8694589384129876,0.10129373031188471,1.3969531283098413,1.028981447159615,0.9707526687248723,3.7662677413531056,1.0344408271831402,16.935514242255653,0.7351162581345712,5.338241889189881,3.7642984205198284,0.99987689344622,1.0000000000000004,0.5628417796252897,9500.0,8.065791854468012,0.6260072600661155,0.3666107363494573
"trafl[beta=0.5, estimator=square, mask_scheme=comp, mask_samples=4, var_lambda=1.0, normalization=paper, rollout=uniform, rollout_temperature=1.0] mlp_w32 from mlp_5 {context_source=uniform, contexts=256, group=5, learning_rate=0.0001, reference=initial, ppo_epochs=1, steps=10000, reward=potts_tfbind8}",2,models/port_grid3/trafl_comp4_var1_b0.5/seed_2/finetune_mlp_5,0.654627147146804,1.0906365726276404,13.964771485630845,5.677423713813829,13.18243462664487,0.6576053776777389,0.3670930385977295,0.8856069362996759,0.10203682637689493,1.3562327238728267,1.0563929543387918,0.9876437626765708,4.019872242141188,1.1212708777186968,16.960728329336963,0.7382442274010532,5.560779447250585,4.017073501867253,0.9998250347488773,1.0000000000000009,0.5529043567852491,10000.0,8.162190646802006,0.6331304986280925,0.3641506158053863
"trafl[beta=0.5, estimator=exact_lik, mask_scheme=iid, mask_samples=32, var_lambda=0.0, normalization=paper, rollout=decoder, rollout_temperature=1.0] mlp_w32 from mlp_5 {context_source=uniform, contexts=256, group=5, learning_rate=0.0001, reference=initial, ppo_epochs=1, steps=10000, reward=potts_tfbind8}",1,models/port_grid3/trafl_exactlik_dec_b0.5/seed_1/finetune_mlp_5,0.40089774494688835,0.0,15.58400929863198,7.3350796144291905,7.274364485999048,0.40059227009566606,2.2007286308340355,0.0,0.0,3.3845174252188786,0.0,0.0,4.896481007458549,1.5766628960892644,8.347072093028896,0.2951274947079451,0.0,0.36194497535363446,0.02441464572044008,1.0000000000000013,2.4505464727693775,0.0,1.8270649549340976,0.11713328142727052,0.7909839602924758
"trafl[beta=0.5, estimator=exact_lik, mask_scheme=iid, mask_samples=32, var_lambda=0.0, normalization=paper, rollout=decoder, rollout_temperature=1.0] mlp_w32 from mlp_5 {context_source=uniform, contexts=256, group=5, learning_rate=0.0001, reference=initial, ppo_epochs=1, steps=10000, reward=potts_tfbind8}",1,models/port_grid3/trafl_exactlik_dec_b0.5/seed_1/finetune_mlp_5,0.4017603649869513,6.696848163993555e-05,15.58692598275822,7.33874696999248,7.2882956121602085,0.40141928087239176,2.1906015208798006,6.154188588029059e-05,6.0770573825449535e-06,3.375388346798019,6.158550626618291e-05,6.761894326283554e-05,4.907542074023588,1.5811557005783698,8.359183245173943,0.2957491815293142,0.00010556518029120878,0.3725131747660949,0.025185382560730784,1.000000000000001,2.4436424951950624,1.0,1.844408214675914,0.11828134626945186,0.7899187484213418
"trafl[beta=0.5, estimator=exact_lik, mask_scheme=iid, mask_samples=32, var_lambda=0.0, normalization=paper, rollout=decoder, rollout_temperature=1.0] mlp_w32 from mlp_5 {context_source=uniform, contexts=256, group=5, learning_rate=0.0001, reference=initial, ppo_epochs=1, steps=10000, reward=potts_tfbind8}",1,models/port_grid3/trafl_exactlik_dec_b0.5/seed_1/finetune_mlp_5,0.40271712797945486,0.00023493168948584674,15.59099620192654,7.343799960052709,7.3032126341469406,0.40236034706369755,2.178867845713657,0.00021935397613829372,1.9076822613380413e-05,3.3643558108165106,0.00021966900772128588,0.00023843079875167413,4.932239251140672,1.5901223974713303,8.375148801508898,0.2965936534597664,0.00032057525339445996,0.3900248850605913,0.02649192205775772,1.000000000000001,2.436342067703152,2.0,1.8642751523014214,0.11959662379059809,0.7887105972359048
"trafl[beta=0.5, estimator=exact_lik, mask_scheme=iid, mask_samples=32, var_lambda=0.0, normalization=paper, rollout=decoder, rollout_temperature=1.0] mlp_w32 from mlp_5 {context_source=uniform, contexts=256, group=5, learning_rate=0.0001, reference=initial, ppo_epochs=1, steps=10000, reward=potts_tfbind8}",1,models/port_grid3/trafl_exactlik_dec_b0.5/seed_1/finetune_mlp_5,0.4047202186093358,0.0007743474199340232,15.598937579359184,7.354282460891912,7.3355159007701305,0.40439811138971105,2.150731576414728,0.0007502892413814915,5.786719502644754e-05,3.3352995260439506,0.0007527284003826682,0.0008081564364079391,4.976220110796129,1.6039397918803568,8.407231038966701,0.2982705268237272,0.0011248354908486293,0.4277288222718155,0.029375763124235926,1.0000000000000013,2.4207234937842186,4.0,1.9096255323200673,0.12259141135041937,0.785957604445375
"trafl[beta=0.5, estimator=exact_lik, mask_scheme=iid, mask_samples=32, var_lambda=0.0, normalization=paper, rollout=decoder, rollout_temperature=1.0] mlp_w32 from mlp_5 {context_source=uniform, contexts=256, group=5, learning_rate=0.0001, reference=initial, ppo_epochs=1, steps=10000, reward=potts_tfbind8}",1,models/port_grid3/trafl_exactlik_dec_b0.5/seed_1/finetune_mlp_5,0.4079613331723356,0.002464304754807446,15.609806515557809,7.368723834150483,7.396060187722312,0.40802073186365884,2.103606993567957,0.0024862564590842386,0.00018658351514933306,3.2868821850938748,0.0025060595112545055,0.0026728399742335716,5.5707496091204485,1.7819467444879482,8.535934538206428,0.30581575706867403,0.03259272577822135,0.6356641524537431,0.04556763629910669,1.0000000000000013,2.392204681418999,8.0,1.9896309090148518,0.12790115192608068,0.7811033343270939
"trafl[beta=0.5, estimator=exact_lik, mask_scheme=iid, mask_samples=32, var_lambda=0.0, normalization=paper, rollout=decoder, rollout_temperature=1.0] mlp_w32 from mlp_5 {context_source=uniform, contexts=256, group=5, learning_rate=0.0001, reference=initial, ppo_epochs=1, steps=10000, reward=potts_tfbind8}",1,models/port_grid3/trafl_exactlik_dec_b0.5/seed_1/finetune_mlp_5,0.4134600567706761,0.007465078538812222,15.618223085772009,7.372213953569086,7.519806199136578,0.4142898689876874,2.0229827839380907,0.007812788631688482,0.0005897626564326033,3.2088882709439823,0.00791546238292442,0.008402551288121085,5.760172511018746,1.8392836390452203,8.6716098959566,0.3130951293466238,0.051972180648665434,0.8208321326168937,0.06022463509581732,1.000000000000001,2.3357410785835366,16.0,2.135094101775758,0.1376640781403395,0.7722784721695063
"trafl[beta=0.5, estimator=exact_lik, mask_scheme=iid, mask_samples=32, var_lambda=0.0, normalization=paper, rollout=decoder, rollout_temperature=1.0] mlp_w32 from mlp_5 {context_source=uniform, contexts=256, group=5, learning_rate=0.0001, reference=initial, ppo_epochs=1, steps=10000, reward=potts_tfbind8}",1,models/port_grid3/trafl_exactlik_dec_b0.5/seed_1/finetune_mlp_5,0.42531602447522465,0.024589838562481894,15.629916254582717,7.374834166636811,7.771144002914527,0.42718408734530644,1.8660110253354456,0.025359763815462642,0.0018545692383403062,3.057583486494171,0.026141583568048465,0.02721433305380295,6.997496441992646,2.1559582267059514,10.411198915188654,0.4051888496559583,1.0366956059863286,2.1975789695836596,0.26790506051309404,1.000000000000001,2.2282982978796855,32.0,2.4482667846293493,0.1588422195068565,0.7536785000130686
"trafl[beta=0.5, estimator=exact_lik, mask_scheme=iid, mask_samples=32, var_lambda=0.0, normalization=paper, rollout=decoder, rollout_temperature=1.0] mlp_w32 from mlp_5 {context_source=uniform, contexts=256, group=5, learning_rate=0.0001, reference=initial, ppo_epochs=1, steps=10000, reward=potts_tfbind8}",1,models/port_grid3/trafl_exactlik_dec_b0.5/seed_1/finetune_mlp_5,0.44583475057615846,0.07460382862011199,15.602924086104437,7.319550401221143,8.236395764000719,0.4494252983723229,1.6344468794640397,0.07296628971388822,0.005530253098457921,2.8347836465880607,0.0775750518394424,0.07849654281234614,5.362915070277948,1.5956056689805305,14.454477768958876,0.6054950727856409,2.4816320657909956,2.518766409839764,0.7413072777488097,1.0000000000000013,2.0471058856079845,64.0,3.019914354257442,0.1989585030921488,0.7197526563421051
"trafl[beta=0.5, estimator=exact_lik, mask_scheme=iid, mask_samples=32, var_lambda=0.0, normalization=paper, rollout=decoder, rollout_temperature=1.0] mlp_w32 from mlp_5 {context_source=uniform, contexts=256, group=5, learning_rate=0.0001, reference=initial, ppo_epochs=1, steps=10000, reward=potts_tfbind8}",1,models/port_grid3/trafl_exactlik_dec_b0.5/seed_1/finetune_mlp_5,0.46919876213049594,0.15764270346374884,15.519533820319717,7.190560403863075,8.83603878447185,0.47648869095911667,1.3866628287490654,0.15195851003533242,0.012618524307501516,2.579829928522269,0.16547548726196923,0.16457703434283394,3.295477858293909,0.9120677271471263,16.243648744646027,0.6936153645732392,3.586402119900385,2.5787330827238986,0.9510052806421566,1.000000000000001,1.8351848107949433,128.0,3.712326083804587,0.24936019095066222,0.6772906765229985
"trafl[beta=0.5, estimator=exact_lik, mask_scheme=iid, mask_samples=32, var_lambda=0.0, normalization=paper, rollout=decoder, rollout_temperature=1.0] mlp_w32 from mlp_5 {context_source=uniform, contexts=256, group=5, learning_rate=0.0001, reference=initial, ppo_epochs=1, steps=10000, reward=potts_tfbind8}",1,models/port_grid3/trafl_exactlik_dec_b0.5/seed_1/finetune_mlp_5,0.49850229498225956,0.25378565493795924,15.390238338662591,6.979303582172744,9.51590936251248,0.5035051987796437,1.1359789615148987,0.22508061275746763,0.020613683544164263,2.3117449309523965,0.2554990674272437,0.2456942963016319,2.811790962823145,0.7352112122416528,16.49465407851266,0.705405567671743,3.7913180637763615,2.4474193044041863,0.9765681216115544,1.0000000000000009,1.5852731019399025,256.0,4.466756149959297,0.30555581966663287,0.6286171418032667
"trafl[beta=0.5, estimator=exact_lik, mask_scheme=iid, mask_samples=32, var_lambda=0.0, normalization=paper, rollout=decoder, rollout_temperature=1.0] mlp_w32 from mlp_5 {context_source=uniform, contexts=256, group=5, learning_rate=0.0001, reference=initial, ppo_epochs=1, steps=10000, reward=potts_tfbind8}",1,models/port_grid3/trafl_exactlik_dec_b0.5/seed_1/finetune_mlp_5,0.5261067200882936,0.36668810363227605,15.199955607632639,6.745663860004391,10.091127583692593,0.524312005134808,0.9611007168129402,0.2869383109593356,0.03294595322112265,2.1161954490859487,0.33668802186101165,0.31988426418045823,2.4582965893485227,0.5968152294610674,16.644061574366948,0.712140758065016,3.906707683110043,2.350284810821168,0.9931946716521953,1.0000000000000009,1.3788529457836152,500.0,5.032877384543267,0.3528263053965463,0.5879923926124765
"trafl[beta=0.5, estimator=exact_lik, mask_scheme=iid, mask_samples=32, var_lambda=0.0, normalization=paper, rollout=decoder, rollout_temperature=1.0] mlp_w32 from mlp_5 {context_source=uniform, contexts=256, group=5, learning_rate=0.0001, reference=initial, ppo_epochs=1, steps=10000, reward=potts_tfbind8}",1,models/port_grid3/trafl_exactlik_dec_b0.5/seed_1/finetune_mlp_5,0.5251331575800918,0.3655731978114028,15.18902199140392,6.732889972890767,10.097354687411874,0.5240522410180539,0.9618369131529808,0.2885118203768001,0.033737400732539724,2.1215063248703547,0.3378469086643045,0.32224922110933985,2.4773819854827375,0.604138338534606,16.62824954881965,0.711272161795835,3.8881529509043604,2.3373043400612037,0.9911298073035227,1.0000000000000009,1.3768982807272656,512.0,5.028483702735407,0.3530381600069064,0.5872082032149932
"trafl[beta=0.5, estimator=exact_lik, mask_scheme=iid, mask_samples=32, var_lambda=0.0, normalization=paper, rollout=decoder, rollout_temperature=1.0] mlp_w32 from mlp_5 {context_source=uniform, contexts=256, group=5, learning_rate=0.0001, reference=initial, ppo_epochs=1, steps=10000, reward=potts_tfbind8}",1,models/port_grid3/trafl_exactlik_dec_b0.5/seed_1/finetune_mlp_5,0.5505212342918079,0.5037079072416797,14.913322377326047,6.434699058858307,10.699944391531245,0.5436148449945508,0.8237161779855176,0.37111240233981857,0.054419722694262984,2.0219062387768405,0.43641580593193385,0.42553212503408155,2.333317719890414,0.5456625863726786,16.67050826711806,0.71299932263044,3.924023377929208,2.267073838655814,0.9958274020071578,1.000000000000001,1.1741723259352084,1000.0,5.569073927320129,0.4042347901415439,0.5391992861376607
"trafl[beta=0.5, estimator=exact_lik, mask_scheme=iid, mask_samples=32, var_lambda=0.0, normalization=paper, rollout=decoder, rollout_temperature=1.0] mlp_w32 from mlp_5 {context_source=uniform, contexts=256, group=5, learning_rate=0.0001, reference=initial, ppo_epochs=1, steps=10000, reward=potts_tfbind8}",1,models/port_grid3/trafl_exactlik_dec_b0.5/seed_1/finetune_mlp_5,0.5596664812466345,0.5456921269616932,14.910692053717838,6.446161382298897,10.861098626364353,0.5537944492894784,0.7738275203154852,0.3974725130067882,0.05714556078939359,1.9375622835324275,0.4735468346535007,0.4546180737961818,2.3899591818225954,0.5708116987220437,16.68258378391878,0.7142350889837646,3.949735260074125,2.360445440575349,0.9981477878247906,1.0000000000000009,1.1307262372402256,1024.0,5.794751475676412,0.4199465340092216,0.5289279516554347
"trafl[beta=0.5, estimator=exact_lik, mask_scheme=iid, mask_samples=32, var_lambda=0.0, normalization=paper, rollout=decoder, rollout_temperature=1.0] mlp_w32 from mlp_5 {context_source=uniform, contexts=256, group=5, learning_rate=0.0001, reference=initial, ppo_epochs=1, steps=10000, reward=potts_tfbind8}",1,models/port_grid3/trafl_exactlik_dec_b0.5/seed_1/finetune_mlp_5,0.565496667188071,0.5969776476034911,14.771278138178229,6.289850833731267,11.052998375430304,0.5567943157482868,0.7491532830603045,0.43428444268599975,0.07165469603426722,1.9204757037903426,0.5061919243432799,0.505939138720267,2.3245564100325438,0.5590934150686302,16.676097619403897,0.7136629793620034,3.9264696760607563,2.2970897368199066,0.9982780613745933,1.0000000000000009,1.0674214523970242,1500.0,5.890439802397355,0.433569099701112,0.5137868691920771
"trafl[beta=0.5, estimator=exact_lik, mask_scheme=iid, mask_samples=32, var_lambda=0.0, normalization=paper, rollout=decoder, rollout_temperature=1.0] mlp_w32 from mlp_5 {context_source=uniform, contexts=256, group=5, learning_rate=0.0001, reference=initial, ppo_epochs=1, steps=10000, reward=potts_tfbind8}",1,models/port_grid3/trafl_exactlik_dec_b0.5/seed_1/finetune_mlp_5,0.5569404350340741,0.5681486264223192,14.828469781879315,6.325253020777442,10.936993376880764,0.551415509041387,0.7673063925362794,0.4124688108021297,0.08099928496598613,1.8988025430738824,0.47367898773752226,0.49346809576811584,2.2727464665410047,0.5251203169125144,16.686335618438836,0.7135709529208306,3.9344446404189086,2.239940202737327,0.997943211524333,1.0000000000000009,1.0929110150660377,2000.0,5.754532233138708,0.41996184559414856,0.523831442320059
"trafl[beta=0.5, estimator=exact_lik, mask_scheme=iid, mask_samples=32, var_lambda=0.0, normalization=paper, rollout=decoder, rollout_temperature=1.0] mlp_w32 from mlp_5 {context_source=uniform, contexts=256, group=5, learning_rate=0.0001, reference=initial, ppo_epochs=1, steps=10000, reward=potts_tfbind8}",1,models/port_grid3/trafl_exactlik_dec_b0.5/seed_1/finetune_mlp_5,0.5642968269604135,0.6114618484490388,14.807047111640514,6.310938488477566,11.059148597774497,0.5583684385988925,0.7334574545678576,0.4347168877671107,0.08442103923800992,1.8492819295379896,0.5049480184892413,0.5191379270051206,2.351578542024891,0.5588663687008543,16.682254023746037,0.7139688344484493,3.936432906455249,2.3183842408002744,0.9979184508972833,1.0000000000000009,1.0631024353708942,2048.0,5.910930777564034,0.4314625048147961,0.5159546593907924
"trafl[beta=0.5, estimator=exact_lik, mask_scheme=iid, mask_samples=32, var_lambda=0.0, normalization=paper, rollout=decoder, rollout_temperature=1.0] mlp_w32 from mlp_5 {context_source=uniform, contexts=256, group=5, learning_rate=0.0001, reference=initial, ppo_epochs=1, steps=10000, reward=potts_tfbind8}",1,models/port_grid3/trafl_exactlik_dec_b0.5/seed_1/finetune_mlp_5,0.5716712798899617,0.6606161267121674,14.643014436237827,6.165056713231481,11.310635997889195,0.5656979277115534,0.7046663205491032,0.48609554127077476,0.0936282657634469,1.8669786317799675,0.5558789476142544,0.5797238070342217,2.189594876181007,0.4854909840268564,16.70160550783759,0.7138324098184954,3.9527718039724586,2.1713972914567012,0.9988602474034747,1.0000000000000009,0.9882896644385568,2500.0,6.127459907964129,0.4559010693209907,0.49410274171488366
"trafl[beta=0.5, estimator=exact_lik, mask_scheme=iid, mask_samples=32, var_lambda=0.0, normalization=paper, rollout=decoder, rollout_temperature=1.0] mlp_w32 from mlp_5 {context_source=uniform, contexts=256, group=5, learning_rate=0.0001, reference=initial, ppo_epochs=1, steps=10000, reward=potts_tfbind8}",1,models/port_grid3/trafl_exactlik_dec_b0.5/seed_1/finetune_mlp_5,0.5704509474022312,0.6509990238115023,14.693559523858179,6.1921319889387565,11.258134106041092,0.5635256192593713,0.7006851865684548,0.47682312068540955,0.09965461551866461,1.8218464126328338,0.5388555033749858,0.5764777362040742,2.2845449951619665,0.5299682219146115,16.691589676129492,0.7138119391483435,3.9143420615354643,2.2592182457361516,0.9984134771348453,1.000000000000001,0.9975171661233384,3000.0,6.060425694100566,0.4480868081786984,0.4995465693390762
"trafl[beta=0.5, estimator=exact_lik, mask_scheme=iid, mask_samples=32, var_lambda=0.0, normalization=paper, rollout=decoder, rollout_temperature=1.0] mlp_w32 from mlp_5 {context_source=uniform, contexts=256, group=5, learning_rate=0.0001, reference=initial, ppo_epochs=1, steps=10000, reward=potts_tfbind8}",1,models/port_grid3/trafl_exactlik_dec_b0.5/seed_1/finetune_mlp_5,0.5800518014628683,0.7310788581413722,14.601906357413053,6.131239298064394,11.48116572758127,0.5743557566216859,0.6596530639493515,0.52140360006598,0.11035131845736224,1.7698670022038745,0.59547746158568,0.6317549185233422,2.1295441882989365,0.4571062064653591,16.70333900036014,0.7133902842238274,3.9561156413466794,2.100732186398145,0.9981895074934942,1.0000000000000013,0.9426233135639445,3500.0,6.3203524423182245,0.4707657698786743,0.4826289695264202
"trafl[beta=0.5, estimator=exact_lik, mask_scheme=iid, mask_samples=32, var_lambda=0.0, normalization=paper, rollout=decoder, rollout_temperature=1.0] mlp_w32 from mlp_5 {context_source=uniform, contexts=256, group=5, learning_rate=0.0001, reference=initial, ppo_epochs=1, steps=10000, reward=potts_tfbind8}",1,models/port_grid3/trafl_exactlik_dec_b0.5/seed_1/finetune_mlp_5,0.5750154340206604,0.6969232905828036,14.659906321308556,6.154434857939228,11.377249218776447,0.5687045690604783,0.6873980701854114,0.5047231370679359,0.11513290133560172,1.7974622325922416,0.5668922084157701,0.6198560384035376,2.156127296648078,0.46374326219700607,16.71504849899872,0.7140785502953455,3.9509819615527593,2.1416038943937163,0.9990908027360691,1.0000000000000009,0.9659963147964454,4000.0,6.209138987795353,0.4594634819307785,0.4915593941715585
"trafl[beta=0.5, estimator=exact_lik, mask_scheme=iid, mask_samples=32, var_lambda=0.0, normalization=paper, rollout=decoder, rollout_temperature=1.0] mlp_w32 from mlp_5 {context_source=uniform, contexts=256, group=5, learning_rate=0.0001, reference=initial, ppo_epochs=1, steps=10000, reward=potts_tfbind8}",1,models/port_grid3/trafl_exactlik_dec_b0.5/seed_1/finetune_mlp_5,0.5839616677615777,0.746476032277419,14.589074588079326,6.104008058933199,11.519545609039065,0.5746391124748953,0.657064240931132,0.5298860277781149,0.11689253418654244,1.7681126473892497,0.597916331343989,0.6467785619646573,2.1584160104183376,0.4683144989207018,16.705709471435153,0.713749870338474,3.960912236560094,2.1378182471967957,0.9987085956909019,1.0000000000000009,0.9258722425933574,4096.0,6.34991518685936,0.4733542761341332,0.48042243093128234
"trafl[beta=0.5, estimator=exact_lik, mask_scheme=iid, mask_samples=32, var_lambda=0.0, normalization=paper, rollout=decoder, rollout_temperature=1.0] mlp_w32 from mlp_5 {context_source=uniform, contexts=256, group=5, learning_rate=0.0001, reference=initial, ppo_epochs=1, steps=10000, reward=potts_tfbind8}",1,models/port_grid3/trafl_exactlik_dec_b0.5/seed_1/finetune_mlp_5,0.5632122545068959,0.6555152921365639,14.709297866092356,6.198866263009428,11.208890211044174,0.5614078279461938,0.7250047573259328,0.4910010379169967,0.11994154723290718,1.8022834876191454,0.5391491008100949,0.6109425851499038,2.0655847737263056,0.4293657486969105,16.707356706473377,0.712962163602304,3.9437080555617476,2.0297751190148037,0.9977478296904871,1.0000000000000009,1.0224327110569056,4500.0,5.983530551061576,0.440784621297056,0.5074439210034692
"trafl[beta=0.5, estimator=exact_lik, mask_scheme=iid, mask_samples=32, var_lambda=0.0, normalization=paper, rollout=decoder, rollout_temperature=1.0] mlp_w32 from mlp_5 {context_source=uniform, contexts=256, group=5, learning_rate=0.0001, reference=initial, ppo_epochs=1, steps=10000, reward=potts_tfbind8}",1,models/port_grid3/trafl_exactlik_dec_b0.5/seed_1/finetune_mlp_5,0.577884963632313,0.7182683630475992,14.634484051827107,6.120902644447628,11.483589046773961,0.5734949815531328,0.6569278556267536,0.5278487160286764,0.1259165529795112,1.7322336311895667,0.5905555841237251,0.6537652690081877,2.15765395824199,0.463886352273222,16.711982288502814,0.7137635569029721,3.944016053309782,2.1336591044300968,0.9984932591520941,1.0000000000000009,0.9364897765056452,5000.0,6.333673853001299,0.4683567176045877,0.4845440446583753
"trafl[beta=0.5, estimator=exact_lik, mask_scheme=iid, mask_samples=32, var_lambda=0.0, normalization=paper, rollout=decoder, rollout_temperature=1.0] mlp_w32 from mlp_5 {context_source=uniform, contexts=256, group=5, learning_rate=0.0001, reference=initial, ppo_epochs=1, steps=10000, reward=potts_tfbind8}",1,models/port_grid3/trafl_exactlik_dec_b0.5/seed_1/finetune_mlp_5,0.5809665739460955,0.7396305415654376,14.648182926415775,6.139065116540102,11.509158547677384,0.5764337480071062,0.6468297084463431,0.5423406535988081,0.13253936397359778,1.6966579722271857,0.6049317870320204,0.6748800175724059,2.2845231001028026,0.5192673795267391,16.70252291685587,0.714174015387188,3.9299613225715424,2.2583504605566214,0.9983549853551769,1.0000000000000009,0.9380812289622268,5500.0,6.37274371411157,0.4701477430753767,0.48418081209081354
"trafl[beta=0.5, estimator=exact_lik, mask_scheme=iid, mask_samples=32, var_lambda=0.0, normalization=paper, rollout=decoder, rollout_temperature=1.0] mlp_w32 from mlp_5 {context_source=uniform, contexts=256, group=5, learning_rate=0.0001, reference=initial, ppo_epochs=1, steps=10000, reward=potts_tfbind8}",1,models/port_grid3/trafl_exactlik_dec_b0.5/seed_1/finetune_mlp_5,0.5861319632844983,0.7628626523335872,14.62969557483541,6.1215958200698894,11.534672986047743,0.5765967372102684,0.6429181502707638,0.5367787755042228,0.13273907583923017,1.6935084017246673,0.6025809381659977,0.669517851343453,2.2087794644895777,0.48086710254175813,16.711985451994902,0.7140847824652432,3.9434679126680945,2.1842333484264405,0.9984586443141105,1.0000000000000007,0.922973160911023,6000.0,6.392180090835435,0.4729736693200836,0.4818857008456435
"trafl[beta=0.5, estimator=exact_lik, mask_scheme=iid, mask_samples=32, var_lambda=0.0, normalization=paper, rollout=decoder, rollout_temperature=1.0] mlp_w32 from mlp_5 {context_source=uniform, contexts=256, group=5, learning_rate=0.0001, reference=initial, ppo_epochs=1, steps=10000, reward=potts_tfbind8}",1,models/port_grid3/trafl_exactlik_dec_b0.5/seed_1/finetune_mlp_5,0.58580849416349,0.7677637035500877,14.57622287446874,6.10565504592052,11.59377739911403,0.5795540871991853,0.6496180818212696,0.5587352721990877,0.1358287142839466,1.7044192839566747,0.625468679550818,0.6945639864830343,2.0570352088903965,0.4193844630537853,16.720368727472266,0.7136900954786044,3.9641070288683644,2.0391009318621625,0.998875368917531,1.0000000000000009,0.9163086957627005,6500.0,6.428690197483122,0.47935047285480115,0.47781747791967843
"trafl[beta=0.5, estimator=exact_lik, mask_scheme=iid, mask_samples=32, var_lambda=0.0, normalization=paper, rollout=decoder, rollout_temperature=1.0] mlp_w32 from mlp_5 {context_source=uniform, contexts=256, group=5, learning_rate=0.0001, reference=initial, ppo_epochs=1, steps=10000, reward=potts_tfbind8}",1,models/port_grid3/trafl_exactlik_dec_b0.5/seed_1/finetune_mlp_5,0.5884844980689825,0.7854012498456009,14.543449124879732,6.065596282086204,11.676447026183151,0.5822132451716655,0.6338065080090798,0.5752161585160276,0.13624072310198487,1.7058434287936275,0.6403190351791319,0.7114568816180125,2.0541686841800484,0.4185021053084921,16.720260113034833,0.7136343774940255,3.9621890001568025,2.0352261776829907,0.9988119952584469,1.0000000000000009,0.889824237856455,7000.0,6.510568457511761,0.48672845754755306,0.4723588850617068
"trafl[beta=0.5, estimator=exact_lik, mask_scheme=iid, mask_samples=32, var_lambda=0.0, normalization=paper, rollout=decoder, rollout_temperature=1.0] mlp_w32 from mlp_5 {context_source=uniform, contexts=256, group=5, learning_rate=0.0001, reference=initial, ppo_epochs=1, steps=10000, reward=potts_tfbind8}",1,models/port_grid3/trafl_exactlik_dec_b0.5/seed_1/finetune_mlp_5,0.586964691822836,0.7797137593731915,14.615700877727226,6.130006569296132,11.659979291694468,0.584680782659618,0.6232110315147399,0.5687309958436066,0.14176780079446827,1.6402215450849085,0.6393248733900978,0.7104987966380749,2.2175058818731546,0.4869537962751815,16.712322111459407,0.7141999330214758,3.9409498397701417,2.1952569087564653,0.9986037898871746,1.000000000000001,0.8970639433117658,7500.0,6.5611556217980915,0.4856533339764356,0.4741193866390795
"trafl[beta=0.5, estimator=exact_lik, mask_scheme=iid, mask_samples=32, var_lambda=0.0, normalization=paper, rollout=decoder, rollout_temperature=1.0] mlp_w32 from mlp_5 {context_source=uniform, contexts=256, group=5, learning_rate=0.0001, reference=initial, ppo_epochs=1, steps=10000, reward=potts_tfbind8}",1,models/port_grid3/trafl_exactlik_dec_b0.5/seed_1/finetune_mlp_5,0.5868282504378213,0.7876839249025142,14.58761163590398,6.120349562370237,11.646058572771013,0.583551130092256,0.6271129807333243,0.5654268566352563,0.14151473533148873,1.6461919765511546,0.6361532358125053,0.706941591966745,2.0935689365686523,0.42907498176124625,16.72445254163404,0.7140467342881534,3.971767221446482,2.0723636765976696,0.9986684709626773,1.0000000000000009,0.9008526651958977,8000.0,6.510639955748379,0.4835546822472515,0.47451224283729826
"trafl[beta=0.5, estimator=exact_lik, mask_scheme=iid, mask_samples=32, var_lambda=0.0, normalization=paper, rollout=decoder, rollout_temperature=1.0] mlp_w32 from mlp_5 {context_source=uniform, contexts=256, group=5, learning_rate=0.0001, reference=initial, ppo_epochs=1, steps=10000, reward=potts_tfbind8}",1,models/port_grid3/trafl_exactlik_dec_b0.5/seed_1/finetune_mlp_5,0.5918576574880807,0.8086975622238437,14.595557019479621,6.096377884987675,11.708090005355526,0.5855921880242739,0.6150605473082386,0.5762564913387758,0.14442781773895685,1.6587384094697322,0.6446024563415224,0.7206843090777326,2.1872042528491655,0.47362096890838373,16.714778680397274,0.7141177252492519,3.9436302059453436,2.1667593575994735,0.998716703538671,1.0000000000000009,0.8782861694326597,8500.0,6.642447801161639,0.49243126965560835,0.4678087975172055
"trafl[beta=0.5, estimator=exact_lik, mask_scheme=iid, mask_samples=32, var_lambda=0.0, normalization=paper, rollout=decoder, rollout_temperature=1.0] mlp_w32 from mlp_5 {context_source=uniform, contexts=256, group=5, learning_rate=0.0001, reference=initial, ppo_epochs=1, steps=10000, reward=potts_tfbind8}",1,models/port_grid3/trafl_exactlik_dec_b0.5/seed_1/finetune_mlp_5,0.5947179734031472,0.8190176096446371,14.597010122485095,6.0983372213278075,11.726524199458035,0.5869569718045524,0.6061416457168987,0.5831815070176533,0.1464332507656656,1.6247477507827184,0.6504272878021913,0.7296147577833189,2.2044833288278416,0.48076612218714365,16.71244941026311,0.7140838825311524,3.9428663187715522,2.1813884212636534,0.998549191334567,1.0000000000000009,0.8748939038420718,9000.0,6.654818990267029,0.49255688570876066,0.46826894314103307
"trafl[beta=0.5, estimator=exact_lik, mask_scheme=iid, mask_samples=32, var_lambda=0.0, normalization=paper, rollout=decoder, rollout_temperature=1.0] mlp_w32 from mlp_5 {context_source=uniform, contexts=256, group=5, learning_rate=0.0001, reference=initial, ppo_epochs=1, steps=10000, reward=potts_tfbind8}",1,models/port_grid3/trafl_exactlik_dec_b0.5/seed_1/finetune_mlp_5,0.584817215001675,0.7870659282546999,14.567385421648343,6.0824711599876515,11.717771229981592,0.5857066995423699,0.6214839151533096,0.5817412066204672,0.147988582851742,1.6403885131106735,0.6496529390708421,0.7297297894722092,2.0694106585274072,0.41913094567101605,16.726159278385143,0.7139081517262886,3.9677274093327735,2.0502068295772027,0.9987953332079466,1.0000000000000009,0.8784960398489453,9500.0,6.621794703303726,0.49226857297255744,0.4683848373512214
"trafl[beta=0.5, estimator=exact_lik, mask_scheme=iid, mask_samples=32, var_lambda=0.0, normalization=paper, rollout=decoder, rollout_temperature=1.0] mlp_w32 from mlp_5 {context_source=uniform, contexts=256, group=5, learning_rate=0.0001, reference=initial, ppo_epochs=1, steps=10000, reward=potts_tfbind8}",1,models/port_grid3/trafl_exactlik_dec_b0.5/seed_1/finetune_mlp_5,0.583250519562817,0.7756296892602081,14.627060356374285,6.102798340900965,11.561898553109526,0.5773946496755642,0.6542630130099376,0.5571787219521535,0.14723798650473718,1.6864807686564982,0.6147017574206236,0.7044167084568906,2.118173031278335,0.4452870874197952,16.71526034589109,0.7136912065796763,3.9513196369677597,2.093899744711004,0.9984745551414875,1.0000000000000009,0.9214811966347611,10000.0,6.452146854977057,0.47618871345373404,0.4819965615123878
"trafl[beta=0.5, estimator=exact_lik, mask_scheme=iid, mask_samples=32, var_lambda=0.0, normalization=paper, rollout=decoder, rollout_temperature=1.0] mlp_w32 from mlp_5 {context_source=uniform, contexts=256, group=5, learning_rate=0.0001, reference=initial, ppo_epochs=1, steps=10000, reward=potts_tfbind8}",2,models/port_grid3/trafl_exactlik_dec_b0.5/seed_2/finetune_mlp_5,0.40089774494688835,0.0,15.58400929863198,7.3350796144291905,7.274364485999048,0.40059227009566606,2.2007286308340355,0.0,0.0,3.3845174252188786,0.0,0.0,4.896481007458549,1.5766628960892644,8.347072093028896,0.2951274947079451,0.0,0.36194497535363446,0.02441464572044008,1.0000000000000013,2.4505464727693775,0.0,1.8270649549340976,0.11713328142727052,0.7909839602924758
"trafl[beta=0.5, estimator=exact_lik, mask_scheme=iid, mask_samples=32, var_lambda=0.0, normalization=paper, rollout=decoder, rollout_temperature=1.0] mlp_w32 from mlp_5 {context_source=uniform, contexts=256, group=5, learning_rate=0.0001, reference=initial, ppo_epochs=1, steps=10000, reward=potts_tfbind8}",2,models/port_grid3/trafl_exactlik_dec_b0.5/seed_2/finetune_mlp_5,0.40173399388167186,4.831811832671973e-05,15.587052915476814,7.3380047442312035,7.291635315983756,0.40154660339618803,2.1870176102055665,5.014115492343028e-05,4.8131678500200865e-06,3.371399473744767,5.0182366300297564e-05,5.4954322773450365e-05,4.920493492040795,1.585714860562283,8.35854073512959,0.29576613954586756,6.925651424208724e-05,0.3715736524204716,0.0251274369480834,1.000000000000001,2.441961240143324,1.0,1.8478087855616354,0.1185049623234282,0.7897444681806142
"trafl[beta=0.5, estimator=exact_lik, mask_scheme=iid, mask_samples=32, var_lambda=0.0, normalization=paper, rollout=decoder, rollout_temperature=1.0] mlp_w32 from mlp_5 {context_source=uniform, contexts=256, group=5, learning_rate=0.0001, reference=initial, ppo_epochs=1, steps=10000, reward=potts_tfbind8}",2,models/port_grid3/trafl_exactlik_dec_b0.5/seed_2/finetune_mlp_5,0.402549959294457,0.00017690933042629727,15.590752798373362,7.3414810126024586,7.307041931452796,0.40242449127488567,2.1741144217114363,0.00018360988455532606,1.5904723918971225e-05,3.3579298452659065,0.00018383806619548266,0.0001995146084742973,4.954791643470516,1.5967578597832666,8.372274224768354,0.29651370434546315,0.0003241642088088739,0.38747099717590383,0.026310200910109733,1.000000000000001,2.434391588108697,2.0,1.86741479629549,0.11978847157589423,0.7885960622208437
"trafl[beta=0.5, estimator=exact_lik, mask_scheme=iid, mask_samples=32, var_lambda=0.0, normalization=paper, rollout=decoder, rollout_temperature=1.0] mlp_w32 from mlp_5 {context_source=uniform, contexts=256, group=5, learning_rate=0.0001, reference=initial, ppo_epochs=1, steps=10000, reward=potts_tfbind8}",2,models/port_grid3/trafl_exactlik_dec_b0.5/seed_2/finetune_mlp_5,0.40425530052032466,0.0006549914259266218,15.597027946436665,7.347998507724657,7.340037810168687,0.4042862411604398,2.146983124542352,0.0006752877371993893,5.635358042912033e-05,3.3297136835154455,0.0006777437582381664,0.0007316413176285096,5.011950707211711,1.6144356624330274,8.40436553143522,0.2982233090530201,0.0013351636041226394,0.42630362034523006,0.02926951531386169,1.000000000000001,2.418387554442796,4.0,1.9097158431571934,0.12257802684418949,0.7860810480578821
"trafl[beta=0.5, estimator=exact_lik, mask_scheme=iid, mask_samples=32, var_lambda=0.0, normalization=paper, rollout=decoder, rollout_temperature=1.0] mlp_w32 from mlp_5 {context_source=uniform, contexts=256, group=5, learning_rate=0.0001, reference=initial, ppo_epochs=1, steps=10000, reward=potts_tfbind8}",2,models/port_grid3/trafl_exactlik_dec_b0.5/seed_2/finetune_mlp_5,0.4067165495789915,0.0018971612245229242,15.603735642547957,7.355718146777741,7.393270216807332,0.4072188254926841,2.1073701194298033,0.001973018178988971,0.00016420884590192912,3.289053926117585,0.0019878444669573034,0.0021372270248909003,5.052121286928453,1.6306701089137423,8.448967077228623,0.3005873024885711,0.003900459739745399,0.4654589886749606,0.03228770667496753,1.000000000000001,2.393081451832191,8.0,1.974162399749879,0.12686860347066045,0.7821752556396087
"trafl[beta=0.5, estimator=exact_lik, mask_scheme=iid, mask_samples=32, var_lambda=0.0, normalization=paper, rollout=decoder, rollout_temperature=1.0] mlp_w32 from mlp_5 {context_source=uniform, contexts=256, group=5, learning_rate=0.0001, reference=initial, ppo_epochs=1, steps=10000, reward=potts_tfbind8}",2,models/port_grid3/trafl_exactlik_dec_b0.5/seed_2/finetune_mlp_5,0.4112549312063707,0.005994028176988418,15.609355681810523,7.358303582337933,7.503496802038032,0.4127958558731248,2.032973171328388,0.006264208538007599,0.0005288964572447829,3.2166972136206087,0.0063533166938525495,0.006793104995252382,5.127791513445487,1.6582014180275402,8.583816386946921,0.3075445474500017,0.014503274606834121,0.6222103703183685,0.04456671768083847,1.0000000000000013,2.3423336314437377,16.0,2.1034684649890565,0.13556617224637776,0.7742780191475629
"trafl[beta=0.5, estimator=exact_lik, mask_scheme=iid, mask_samples=32, var_lambda=0.0, normalization=paper, rollout=decoder, rollout_temperature=1.0] mlp_w32 from mlp_5 {context_source=uniform, contexts=256, group=5, learning_rate=0.0001, reference=initial, ppo_epochs=1, steps=10000, reward=potts_tfbind8}",2,models/port_grid3/trafl_exactlik_dec_b0.5/seed_2/finetune_mlp_5,0.4241654957624286,0.02351054607905098,15.626447499436662,7.373672349327012,7.766968066796734,0.4269444159941671,1.8638978231604264,0.024404614968443036,0.0018884381506409816,3.050218389622563,0.025190981733748032,0.026293053119084017,5.846569460429082,1.866316521470525,9.1506752914357,0.33721047791453357,0.13198316468415974,1.2052961578497023,0.10237548709718886,1.000000000000001,2.2294356641042805,32.0,2.438375528261714,0.15823700817307693,0.7543917455850278
"trafl[beta=0.5, estimator=exact_lik, mask_scheme=iid, mask_samples=32, var_lambda=0.0, normalization=paper, rollout=decoder, rollout_temperature=1.0] mlp_w32 from mlp_5 {context_source=uniform, contexts=256, group=5, learning_rate=0.0001, reference=initial, ppo_epochs=1, steps=10000, reward=potts_tfbind8}",2,models/port_grid3/trafl_exactlik_dec_b0.5/seed_2/finetune_mlp_5,0.44720331112314704,0.0798418501213755,15.603638153140302,7.325033778825739,8.255779918213111,0.45078274173730504,1.6220070743239268,0.0765969147128372,0.005639184830387944,2.8180720155184407,0.08174122245556165,0.08223609954322514,5.289037975417109,1.5610771483980739,14.515504324870049,0.6080914301102294,2.4933058517522464,2.463185207425885,0.7463420556407576,1.000000000000001,2.0415799791179046,64.0,3.0341645118348683,0.19985553381820745,0.7190693565419236
"trafl[beta=0.5, estimator=exact_lik, mask_scheme=iid, mask_samples=32, var_lambda=0.0, normalization=paper, rollout=decoder, rollout_temperature=1.0] mlp_w32 from mlp_5 {context_source=uniform, contexts=256, group=5, learning_rate=0.0001, reference=initial, ppo_epochs=1, steps=10000, reward=potts_tfbind8}",2,models/port_grid3/trafl_exactlik_dec_b0.5/seed_2/finetune_mlp_5,0.47472491694430025,0.17462020992421212,15.503801149355516,7.160891816720071,8.920219719434328,0.4796647304818051,1.3578197324723864,0.16183171314762154,0.012878289197235465,2.559611655141497,0.1777595506328415,0.174710002344857,3.168734496831117,0.8566789768795222,16.26851284538296,0.6942955862264549,3.623704382569382,2.4676123198190556,0.952645219362655,1.0000000000000009,1.805378406684579,128.0,3.797511865649221,0.2558920989862541,0.6717782142351473
"trafl[beta=0.5, estimator=exact_lik, mask_scheme=iid, mask_samples=32, var_lambda=0.0, normalization=paper, rollout=decoder, rollout_temperature=1.0] mlp_w32 from mlp_5 {context_source=uniform, contexts=256, group=5, learning_rate=0.0001, reference=initial, ppo_epochs=1, steps=10000, reward=potts_tfbind8}",2,models/port_grid3/trafl_exactlik_dec_b0.5/seed_2/finetune_mlp_5,0.49756411874851114,0.26706473275458203,15.34862745583469,6.92471515239071,9.505878414498072,0.50061633526316,1.166727025904452,0.2308195847474798,0.021585279317204137,2.3656300604345817,0.2586033555750836,0.25240486406468393,2.5754876256604797,0.6331510213078511,16.523248462806837,0.7053937712384987,3.8032647926090055,2.2219516922369613,0.9769143258445547,1.0000000000000009,1.5933928640949477,256.0,4.408595254315748,0.3032949607836989,0.6304412426031691
"trafl[beta=0.5, estimator=exact_lik, mask_scheme=iid, mask_samples=32, var_lambda=0.0, normalization=paper, rollout=decoder, rollout_temperature=1.0] mlp_w32 from mlp_5 {context_source=uniform, contexts=256, group=5, learning_rate=0.0001, reference=initial, ppo_epochs=1, steps=10000, reward=potts_tfbind8}",2,models/port_grid3/trafl_exactlik_dec_b0.5/seed_2/finetune_mlp_5,0.5270982344653502,0.3806500840955903,15.21737031551035,6.755193991551023,10.146009781393246,0.5278383400663753,0.9403603288920888,0.2953276088622719,0.03453260806240571,2.093089244242165,0.34893994095503056,0.3298602169246776,2.5598054739807288,0.6395942631234025,16.643440491696435,0.7129900900508567,3.9256211055422856,2.4737861853325316,0.9945745284196131,1.000000000000001,1.3636637660273072,500.0,5.134022865196454,0.3589023888112453,0.5828707739953631
"trafl[beta=0.5, estimator=exact_lik, mask_scheme=iid, mask_samples=32, var_lambda=0.0, normalization=paper, rollout=decoder, rollout_temperature=1.0] mlp_w32 from mlp_5 {context_source=uniform, contexts=256, group=5, learning_rate=0.0001, reference=initial, ppo_epochs=1, steps=10000, reward=potts_tfbind8}",2,models/port_grid3/trafl_exactlik_dec_b0.5/seed_2/finetune_mlp_5,0.5236283185277933,0.3667099643823028,15.220889309964154,6.755204662237154,10.08868402469314,0.5244929513649703,0.9580036922250399,0.2871462345568556,0.0348517911335825,2.1151018320803647,0.33678029303746015,0.3219980256904381,2.5047441343712094,0.616020004976154,16.635454929171225,0.7120589150510577,3.907443498519496,2.3925732778439577,0.9929263584503111,1.000000000000001,1.3801669964597907,512.0,5.045963444024173,0.35261614641331296,0.5874064488165088
"trafl[beta=0.5, estimator=exact_lik, mask_scheme=iid, mask_samples=32, var_lambda=0.0, normalization=paper, rollout=decoder, rollout_temperature=1.0] mlp_w32 from mlp_5 {context_source=uniform, contexts=256, group=5, learning_rate=0.0001, reference=initial, ppo_epochs=1, steps=10000, reward=potts_tfbind8}",2,models/port_grid3/trafl_exactlik_dec_b0.5/seed_2/finetune_mlp_5,0.5522921335225666,0.5104322972705405,14.961384535006115,6.458626644711724,10.726587167015554,0.5460319352211813,0.8060211631363885,0.37110339420121236,0.056566562363657036,1.9719397545869568,0.4389737622819052,0.4276699565648694,2.4559796941261594,0.607783062217044,16.66271070410924,0.7136923443233347,3.922384933217421,2.405585294005196,0.9968335946071563,1.0000000000000013,1.1634088945430276,1000.0,5.643998016750913,0.4063306531687904,0.5393806486520067
"trafl[beta=0.5, estimator=exact_lik, mask_scheme=iid, mask_samples=32, var_lambda=0.0, normalization=paper, rollout=decoder, rollout_temperature=1.0] mlp_w32 from mlp_5 {context_source=uniform, contexts=256, group=5, learning_rate=0.0001, reference=initial, ppo_epochs=1, steps=10000, reward=potts_tfbind8}",2,models/port_grid3/trafl_exactlik_dec_b0.5/seed_2/finetune_mlp_5,0.554382793516267,0.5189976178212993,14.96353850883542,6.467111249426822,10.741276350616404,0.5472914531793099,0.7960563925704635,0.3712404473068017,0.05742597160439855,1.9476255063370516,0.4415427486165542,0.4286664189112003,2.45391414696122,0.6123677771940045,16.659608503307375,0.7135186142153943,3.913989502323403,2.4028466885550106,0.9967913383989649,1.0000000000000009,1.1586332890772484,1024.0,5.668724752911836,0.4080525574368754,0.5380108658278985
"trafl[beta=0.5, estimator=exact_lik, mask_scheme=iid, mask_samples=32, var_lambda=0.0, normalization=paper, rollout=decoder, rollout_temperature=1.0] mlp_w32 from mlp_5 {context_source=uniform, contexts=256, group=5, learning_rate=0.0001, reference=initial, ppo_epochs=1, steps=10000, reward=potts_tfbind8}",2,models/port_grid3/trafl_exactlik_dec_b0.5/seed_2/finetune_mlp_5,0.5686013158301413,0.6035892408877559,14.791925854755327,6.299745707621911,11.063525651454682,0.5578331314956333,0.7401268735057427,0.43203984365846104,0.07133474965841335,1.9099155461562245,0.5037446843638849,0.5033745933168744,2.3208346364167163,0.5462708000622335,16.68402107798614,0.7138093769169357,3.933552075370076,2.2880618067751675,0.9979440329382918,1.0000000000000009,1.0597105744054431,1500.0,5.929392596665326,0.43475089863579125,0.5138470905572488
"trafl[beta=0.5, estimator=exact_lik, mask_scheme=iid, mask_samples=32, var_lambda=0.0, normalization=paper, rollout=decoder, rollout_temperature=1.0] mlp_w32 from mlp_5 {context_source=uniform, contexts=256, group=5, learning_rate=0.0001, reference=initial, ppo_epochs=1, steps=10000, reward=potts_tfbind8}",2,models/port_grid3/trafl_exactlik_dec_b0.5/seed_2/finetune_mlp_5,0.5704635594917195,0.6529649148111878,14.754234481247577,6.280089774082251,11.17720102570741,0.5638967240063488,0.7277124565580568,0.4680040053299482,0.08583944748862299,1.8497224782686892,0.5396368791328557,0.5538434528185712,2.250246117922101,0.523122456185418,16.690908223564165,0.7138863999426067,3.938699567684577,2.2308205512940904,0.9987833541467334,1.0000000000000009,1.0387650820480467,2000.0,6.038258696002599,0.4439813521745738,0.5070105544787892
"trafl[beta=0.5, estimator=exact_lik, mask_scheme=iid, mask_samples=32, var_lambda=0.0, normalization=paper, rollout=decoder, rollout_temperature=1.0] mlp_w32 from mlp_5 {context_source=uniform, contexts=256, group=5, learning_rate=0.0001, reference=initial, ppo_epochs=1, steps=10000, reward=potts_tfbind8}",2,models/port_grid3/trafl_exactlik_dec_b0.5/seed_2/finetune_mlp_5,0.5713526610260315,0.6523361783606588,14.72587000241093,6.246443720752847,11.194865685610763,0.5629742292794381,0.720909339169717,0.4643279318071188,0.08491205343352276,1.8512671500881615,0.535401374579302,0.5492399852406415,2.2323127241809395,0.515264405367873,16.690667778247995,0.7137057115209882,3.936263944268755,2.2102441733145364,0.9986173840139635,1.0000000000000009,1.0256972475428188,2048.0,6.0264787810786125,0.4446624133153551,0.5048629734820358
"trafl[beta=0.5, estimator=exact_lik, mask_scheme=iid, mask_samples=32, var_lambda=0.0, normalization=paper, rollout=decoder, rollout_temperature=1.0] mlp_w32 from mlp_5 {context_source=uniform, contexts=256, group=5, learning_rate=0.0001, reference=initial, ppo_epochs=1, steps=10000, reward=potts_tfbind8}",2,models/port_grid3/trafl_exactlik_dec_b0.5/seed_2/finetune_mlp_5,0.5777441218938244,0.6920838215972721,14.690609468692005,6.192445933754133,11.288753059391757,0.5654960287811616,0.6986815166019679,0.479497416301104,0.09529860480797081,1.840690647563191,0.5481319442506601,0.5747960211090748,2.2916533068410843,0.5393384408445252,16.68872474824046,0.7139957196874219,3.9411570056695076,2.272813826723449,0.998820422729059,1.0000000000000009,0.9914841303236794,2500.0,6.125070829034822,0.45285769365788153,0.49648793708579664
"trafl[beta=0.5, estimator=exact_lik, mask_scheme=iid, mask_samples=32, var_lambda=0.0, normalization=paper, rollout=decoder, rollout_temperature=1.0] mlp_w32 from mlp_5 {context_source=uniform, contexts=256, group=5, learning_rate=0.0001, reference=initial, ppo_epochs=1, steps=10000, reward=potts_tfbind8}",2,models/port_grid3/trafl_exactlik_dec_b0.5/seed_2/finetune_mlp_5,0.5753654820046761,0.678763881885358,14.665276078315188,6.185022657546561,11.29305640155809,0.5654730462304497,0.7017403150548028,0.48897134242981416,0.10248314456502444,1.8181475018953608,0.5514357650936829,0.5914544869948386,2.166123501315807,0.47077194352553303,16.70532848158201,0.7137971820682687,3.957627049659082,2.1469217527985194,0.9987974545818578,1.0000000000000009,0.9926362800835375,3000.0,6.077674678198404,0.45081383344767517,0.4983162305299783
"trafl[beta=0.5, estimator=exact_lik, mask_scheme=iid, mask_samples=32, var_lambda=0.0, normalization=paper, rollout=decoder, rollout_temperature=1.0] mlp_w32 from mlp_5 {context_source=uniform, contexts=256, group=5, learning_rate=0.0001, reference=initial, ppo_epochs=1, steps=10000, reward=potts_tfbind8}",2,models/port_grid3/trafl_exactlik_dec_b0.5/seed_2/finetune_mlp_5,0.5716369634941193,0.6761697626089338,14.710986385505263,6.202111807223465,11.222230330372636,0.5616372626549875,0.7225518529356907,0.47175483042698163,0.10804533611619593,1.8379269787385986,0.5306751056706465,0.5798001665431776,2.1958891405784664,0.49039196409887065,16.7011623452602,0.7137605374858467,3.931124193594117,2.1761772468522524,0.9987651594095046,1.0000000000000009,1.0072886562532286,3500.0,6.049924652195166,0.44570110278588027,0.5025885593612625
"trafl[beta=0.5, estimator=exact_lik, mask_scheme=iid, mask_samples=32, var_lambda=0.0, normalization=paper, rollout=decoder, rollout_temperature=1.0] mlp_w32 from mlp_5 {context_source=uniform, contexts=256, group=5, learning_rate=0.0001, reference=initial, ppo_epochs=1, steps=10000, reward=potts_tfbind8}",2,models/port_grid3/trafl_exactlik_dec_b0.5/seed_2/finetune_mlp_5,0.5761160331388218,0.7010721520741519,14.730950086497426,6.213501474769235,11.280174674063037,0.5658440402516232,0.7087425853702075,0.4905205242840043,0.11485162276566563,1.7915695284908828,0.5497365106965088,0.6053721470496699,2.1647038834992136,0.4656429466167041,16.713749754319792,0.7140535230139708,3.9500498102836277,2.1479172959301023,0.9989486293698985,1.0000000000000009,0.9973778894338916,4000.0,6.136894742390198,0.45028679162332785,0.5017519916479563
"trafl[beta=0.5, estimator=exact_lik, mask_scheme=iid, mask_samples=32, var_lambda=0.0, normalization=paper, rollout=decoder, rollout_temperature=1.0] mlp_w32 from mlp_5 {context_source=uniform, contexts=256, group=5, learning_rate=0.0001, reference=initial, ppo_epochs=1, steps=10000, reward=potts_tfbind8}",2,models/port_grid3/trafl_exactlik_dec_b0.5/seed_2/finetune_mlp_5,0.5737678337916465,0.7014850068495434,14.649819995243794,6.12582775675841,11.32094791183948,0.5642129252585915,0.7027219698521852,0.5017949047409069,0.11777325418472206,1.8065826598996675,0.5570654057905917,0.619568158925629,2.176452639277737,0.474728728648913,16.710091931974183,0.7140344069609847,3.942276310277604,2.159719733145315,0.9989520855653261,1.000000000000001,0.984320165639751,4096.0,6.127405080283576,0.4531672300702526,0.496519088164346
"trafl[beta=0.5, estimator=exact_lik, mask_scheme=iid, mask_samples=32, var_lambda=0.0, normalization=paper, rollout=decoder, rollout_temperature=1.0] mlp_w32 from mlp_5 {context_source=uniform, contexts=256, group=5, learning_rate=0.0001, reference=initial, ppo_epochs=1, steps=10000, reward=potts_tfbind8}",2,models/port_grid3/trafl_exactlik_dec_b0.5/seed_2/finetune_mlp_5,0.5828640108347265,0.7565961576710372,14.634322183004628,6.1189677349803455,11.474434357410534,0.5730818968777462,0.667549470055492,0.5295744135739384,0.12398195689854608,1.7596307205750716,0.5941865550776793,0.6535563704724845,2.2854477014803694,0.5123874242431742,16.712232595448697,0.7147909278514705,3.946647188619987,2.2732187125546073,0.9992342096275086,1.000000000000001,0.9446980921413115,4500.0,6.340081502629934,0.469187594929899,0.4869049529618053
"trafl[beta=0.5, estimator=exact_lik, mask_scheme=iid, mask_samples=32, var_lambda=0.0, normalization=paper, rollout=decoder, rollout_temperature=1.0] mlp_w32 from mlp_5 {context_source=uniform, contexts=256, group=5, learning_rate=0.0001, reference=initial, ppo_epochs=1, steps=10000, reward=potts_tfbind8}",2,models/port_grid3/trafl_exactlik_dec_b0.5/seed_2/finetune_mlp_5,0.5809675845882513,0.7252731518147648,14.72406209849792,6.198646844515697,11.34187394959269,0.5687016898929562,0.6813080137289547,0.4969251830247292,0.12350354354478355,1.7421839530525356,0.5577210155105541,0.6204287265695128,2.268333053665573,0.505537861800677,16.712722960174755,0.7145109615415112,3.9393302695428014,2.249828422211622,0.9988403093880778,1.0000000000000009,0.9745127564831065,5000.0,6.233786017411358,0.45682053880667267,0.49490486641840864
"trafl[beta=0.5, estimator=exact_lik, mask_scheme=iid, mask_samples=32, var_lambda=0.0, normalization=paper, rollout=decoder, rollout_temperature=1.0] mlp_w32 from mlp_5 {context_source=uniform, contexts=256, group=5, learning_rate=0.0001, reference=initial, ppo_epochs=1, steps=10000, reward=potts_tfbind8}",2,models/port_grid3/trafl_exactlik_dec_b0.5/seed_2/finetune_mlp_5,0.5757868580708452,0.742319241699952,14.665023478976018,6.143345505341438,11.388063485588146,0.5692060039158088,0.700371998698279,0.5267470269397427,0.13081987393020744,1.7770077789173973,0.5803210964004305,0.6575669008699502,2.107019108608295,0.43530165643829766,16.712017705984625,0.7137355652531896,4.00217555239988,2.0861763083473424,0.9986919447707595,1.000000000000001,0.9740180693752569,5500.0,6.230349001839513,0.45947611427240603,0.4954816670755706
"trafl[beta=0.5, estimator=exact_lik, mask_scheme=iid, mask_samples=32, var_lambda=0.0, normalization=paper, rollout=decoder, rollout_temperature=1.0] mlp_w32 from mlp_5 {context_source=uniform, contexts=256, group=5, learning_rate=0.0001, reference=initial, ppo_epochs=1, steps=10000, reward=potts_tfbind8}",2,models/port_grid3/trafl_exactlik_dec_b0.5/seed_2/finetune_mlp_5,0.5779771186533393,0.7208337465897925,14.719871011606022,6.160032101045234,11.341006759381685,0.5664882541488737,0.6891420351550063,0.5038824304193479,0.12974722669670735,1.7410342455046661,0.5550071626676296,0.6336296571160552,2.2306545673602596,0.4923354276667016,16.702757331844413,0.7136747919323385,3.928552328920334,2.19205123842295,0.9975708093017823,1.0000000000000009,0.9722324987456872,6000.0,6.202407564706064,0.4538410690974393,0.4978847472254825
"trafl[beta=0.5, estimator=exact_lik, mask_scheme=iid, mask_samples=32, var_lambda=0.0, normalization=paper, rollout=decoder, rollout_temperature=1.0] mlp_w32 from mlp_5 {context_source=uniform, contexts=256, group=5, learning_rate=0.0001, reference=initial, ppo_epochs=1, steps=10000, reward=potts_tfbind8}",2,models/port_grid3/trafl_exactlik_dec_b0.5/seed_2/finetune_mlp_5,0.5888148782174845,0.772139053032698,14.626588391517124,6.110848578587591,11.593748437271042,0.57902612885803,0.6355571116638451,0.5458156884444504,0.13459087979770679,1.7116509695783666,0.611387743800164,0.6804065682421572,2.2626884785137142,0.5028717222557473,16.71500472182083,0.7146213749557836,3.9426929171432676,2.2478258479810354,0.9990692774348299,1.0000000000000009,0.9022422409335433,6500.0,6.4902176080170175,0.4802592570935242,0.4757128247114335
"trafl[beta=0.5, estimator=exact_lik, mask_scheme=iid, mask_samples=32, var_lambda=0.0, normalization=paper, rollout=decoder, rollout_temperature=1.0] mlp_w32 from mlp_5 {context_source=uniform, contexts=256, group=5, learning_rate=0.0001, reference=initial, ppo_epochs=1, steps=10000, reward=potts_tfbind8}",2,models/port_grid3/trafl_exactlik_dec_b0.5/seed_2/finetune_mlp_5,0.572076618250512,0.7258472146123782,14.691941362567782,6.149513526051294,11.367691852970337,0.5679745627776651,0.6984363743512096,0.5209412336747432,0.13778361736260147,1.7552186941252639,0.569801219300461,0.6587248510373447,2.1614517103986763,0.47195184553067665,16.702537842104867,0.7134203189639778,3.9295923757810765,2.12958256586029,0.9979957849884409,1.000000000000001,0.9736840085841915,7000.0,6.233046092438108,0.45753842897810015,0.4964152718815277
"trafl[beta=0.5, estimator=exact_lik, mask_scheme=iid, mask_samples=32, var_lambda=0.0, normalization=paper, rollout=decoder, rollout_temperature=1.0] mlp_w32 from mlp_5 {context_source=uniform, contexts=256, group=5, learning_rate=0.0001, reference=initial, ppo_epochs=1, steps=10000, reward=potts_tfbind8}",2,models/port_grid3/trafl_exactlik_dec_b0.5/seed_2/finetune_mlp_5,0.5770564401992457,0.7471095856338053,14.62768186111291,6.118880998279391,11.40463154360148,0.5689045484657871,0.6944747063083246,0.5308632804556908,0.13903399091418667,1.749827348828202,0.58049336001462,0.6698972713698774,2.0625100624993786,0.42219329827793745,16.714643448098943,0.7134132800495347,3.9545154558564914,2.0354759559321773,0.9983011917071609,1.000000000000001,0.9659063039827758,7500.0,6.2173599435937845,0.46035285912451596,0.49213257946451294
"trafl[beta=0.5, estimator=exact_lik, mask_scheme=iid, mask_samples=32, var_lambda=0.0, normalization=paper, rollout=decoder, rollout_temperature=1.0] mlp_w32 from mlp_5 {context_source=uniform, contexts=256, group=5, learning_rate=0.0001, reference=initial, ppo_epochs=1, steps=10000, reward=potts_tfbind8}",2,models/port_grid3/trafl_exactlik_dec_b0.5/seed_2/finetune_mlp_5,0.5766365280312968,0.7481522683268275,14.617044092674112,6.095655894824359,11.397105462049007,0.5677655892198654,0.7034651300021261,0.5423788712183228,0.14550536808375614,1.7638821285206265,0.5864064849665654,0.687884239302079,2.088260278897141,0.4354369047661341,16.707789396026662,0.7133669191195908,3.9650039894930846,2.0607569781038517,0.9982710925521193,1.0000000000000009,0.975582469710959,8000.0,6.200542812466961,0.45901371073503106,0.49396462396530294
"trafl[beta=0.5, estimator=exact_lik, mask_scheme=iid, mask_samples=32, var_lambda=0.0, normalization=paper, rollout=decoder, rollout_temperature=1.0] mlp_w32 from mlp_5 {context_source=uniform, contexts=256, group=5, learning_rate=0.0001, reference=initial, ppo_epochs=1, steps=10000, reward=potts_tfbind8}",2,models/port_grid3/trafl_exactlik_dec_b0.5/seed_2/finetune_mlp_5,0.5928433367932727,0.8132956332609084,14.5904446922886,6.09291275091795,11.609111906428042,0.5794760961914727,0.6395239141666881,0.557095634792101,0.14441155236425507,1.67359817756071,0.6224567275572164,0.7015071871563561,2.066882469650358,0.424592262136708,16.715836025907052,0.7134861122708038,3.957257858698515,2.0452355714377886,0.9986407297576391,1.0000000000000007,0.905629490112094,8500.0,6.487952785636764,0.4815005287263313,0.47693494547471843
"trafl[beta=0.5, estimator=exact_lik, mask_scheme=iid, mask_samples=32, var_lambda=0.0, normalization=paper, rollout=decoder, rollout_temperature=1.0] mlp_w32 from mlp_5 {context_source=uniform, contexts=256, group=5, learning_rate=0.0001, reference=initial, ppo_epochs=1, steps=10000, reward=potts_tfbind8}",2,models/port_grid3/trafl_exactlik_dec_b0.5/seed_2/finetune_mlp_5,0.5873014004242605,0.8135414954509858,14.53535948953968,6.049369141475145,11.72048704304245,0.5838344907286401,0.6259990528192234,0.5849202364978839,0.14905352169730057,1.6835369678003407,0.6488537119697162,0.7339737581951845,2.0011522389058527,0.3911849815955948,16.730922357575718,0.713888033172923,3.9815294995971526,1.9916825108749283,0.9994072260531833,1.0000000000000009,0.8763389062173911,9000.0,6.577661868379721,0.49130871236647333,0.4688409735676022
"trafl[beta=0.5, estimator=exact_lik, mask_scheme=iid, mask_samples=32, var_lambda=0.0, normalization=paper, rollout=decoder, rollout_temperature=1.0] mlp_w32 from mlp_5 {context_source=uniform, contexts=256, group=5, learning_rate=0.0001, reference=initial, ppo_epochs=1, steps=10000, reward=potts_tfbind8}",2,models/port_grid3/trafl_exactlik_dec_b0.5/seed_2/finetune_mlp_5,0.584909077072593,0.7930051210256672,14.587102985071555,6.058165103885836,11.616469600340539,0.578305867437044,0.6499040969851876,0.5718458790736817,0.14998842495852716,1.7005260456623743,0.6267366682192482,0.7218343040322088,2.0387569428985675,0.4130559793247445,16.716094537666446,0.7133028498749513,3.9578730342046593,2.013123861817686,0.9983895723136444,1.000000000000001,0.90623058381788,9500.0,6.48355979124046,0.4811355487001643,0.47718024234896134
"trafl[beta=0.5, estimator=exact_lik, mask_scheme=iid, mask_samples=32, var_lambda=0.0, normalization=paper, rollout=decoder, rollout_temperature=1.0] mlp_w32 from mlp_5 {context_source=uniform, contexts=256, group=5, learning_rate=0.0001, reference=initial, ppo_epochs=1, steps=10000, reward=potts_tfbind8}",2,models/port_grid3/trafl_exactlik_dec_b0.5/seed_2/finetune_mlp_5,0.5877490417084432,0.8193580945315084,14.626393343198512,6.117192759245611,11.593383265888155,0.5800402308952766,0.6530332064250276,0.5660654746967557,0.15011754636863228,1.6722319030187673,0.6268638848790696,0.716183021065388,2.07278988616567,0.42881742136456313,16.714031523450274,0.7134782200003216,3.9528588132010243,2.0498800057399764,0.9985605900091049,1.0000000000000009,0.9179009677038925,10000.0,6.502456665680136,0.48016313851992765,0.47992788102492057
"trafl[beta=0.25, estimator=pairwise, mask_scheme=iid, mask_samples=4, var_lambda=0.0, normalization=paper, rollout=uniform, rollout_temperature=1.0] mlp_w32 from mlp_5 {context_source=uniform, contexts=256, group=5, learning_rate=0.0001, reference=initial, ppo_epochs=1, steps=10000, reward=potts_tfbind8}",1,models/port_grid3/trafl_pairwise4_b0.25/seed_1/finetune_mlp_5,0.40089774494688835,0.0,15.58400929863198,7.3350796144291905,7.274364485999048,0.40059227009566606,0.6753682702836997,0.0,0.0,3.3845174252188786,0.0,0.0,4.896481007458549,1.5766628960892644,8.347072093028896,0.2951274947079451,0.0,0.36194497535363446,0.02441464572044008,1.0000000000000013,0.5865081907766789,0.0,1.8270649549340976,0.11713328142727052,0.43648081792806004
"trafl[beta=0.25, estimator=pairwise, mask_scheme=iid, mask_samples=4, var_lambda=0.0, normalization=paper, rollout=uniform, rollout_temperature=1.0] mlp_w32 from mlp_5 {context_source=uniform, contexts=256, group=5, learning_rate=0.0001, reference=initial, ppo_epochs=1, steps=10000, reward=potts_tfbind8}",1,models/port_grid3/trafl_pairwise4_b0.25/seed_1/finetune_mlp_5,0.401625864516547,5.402037356005756e-05,15.583051463327795,7.331025077571214,7.292382171816992,0.4012716350610914,0.6695261123806726,4.907055547579266e-05,4.66191141480249e-06,3.3780112400377122,4.908598584172285e-05,5.373246689059515e-05,4.894802125928695,1.5775230946638121,8.354791567020015,0.29553281771559575,4.3139753734578476e-05,0.3679834008074456,0.024852734109602474,1.000000000000001,0.5820528553080344,1.0,1.8439979033890928,0.1182745206046151,0.43507851406328235
"trafl[beta=0.25, estimator=pairwise, mask_scheme=iid, mask_samples=4, var_lambda=0.0, normalization=paper, rollout=uniform, rollout_temperature=1.0] mlp_w32 from mlp_5 {context_source=uniform, contexts=256, group=5, learning_rate=0.0001, reference=initial, ppo_epochs=1, steps=10000, reward=potts_tfbind8}",1,models/port_grid3/trafl_pairwise4_b0.25/seed_1/finetune_mlp_5,0.4023518344686621,0.0001937619037602837,15.583153690928402,7.3281615361063,7.312277231899688,0.4020807429132881,0.6629134074243457,0.00018401134505396195,1.6715851452703067e-05,3.3696914325992497,0.00018420356492404176,0.00020072719650666502,4.90482507187365,1.5820322745022142,8.366334116959706,0.29614319041702053,0.00024840378116200445,0.3817039352841146,0.02585432240159966,1.0000000000000013,0.5772142078664427,2.0,1.864066530947459,0.11962219302708406,0.43340322622621624
"trafl[beta=0.25, estimator=pairwise, mask_scheme=iid, mask_samples=4, var_lambda=0.0, normalization=paper, rollout=uniform, rollout_temperature=1.0] mlp_w32 from mlp_5 {context_source=uniform, contexts=256, group=5, learning_rate=0.0001, reference=initial, ppo_epochs=1, steps=10000, reward=potts_tfbind8}",1,models/port_grid3/trafl_pairwise4_b0.25/seed_1/finetune_mlp_5,0.4039059691247861,0.0006719684551821344,15.582964909570524,7.321498776255431,7.354676263635658,0.4037809370779996,0.6482508519943795,0.0006606323893075805,5.915640958106599e-05,3.3479225735826774,0.0006628132089273914,0.0007197887988886465,4.904547996949814,1.5807416656897837,8.39356880976695,0.29750875697769064,0.0012082105416856203,0.4112996105197363,0.028110126501475045,1.0000000000000013,0.5670930595764541,4.0,1.910352610945394,0.12272699483799232,0.42970345824593914
"trafl[beta=0.25, estimator=pairwise, mask_scheme=iid, mask_samples=4, var_lambda=0.0, normalization=paper, rollout=uniform, rollout_temperature=1.0] mlp_w32 from mlp_5 {context_source=uniform, contexts=256, group=5, learning_rate=0.0001, reference=initial, ppo_epochs=1, steps=10000, reward=potts_tfbind8}",1,models/port_grid3/trafl_pairwise4_b0.25/seed_1/finetune_mlp_5,0.40656754084424307,0.0023737567845117376,15.580703638611336,7.30458673701255,7.435842398265445,0.40687671558920413,0.6225096341083325,0.0024397572264906035,0.00021574042730115916,3.3124755387157423,0.002455756031016421,0.0026554976537917626,4.9380607696378505,1.5917437870261857,8.43582822695536,0.29969065788438604,0.003028714892965515,0.4663444477023796,0.03246502755915735,1.0000000000000013,0.548594468741096,8.0,1.995066366011786,0.1284651563952374,0.42298886083469106
"trafl[beta=0.25, estimator=pairwise, mask_scheme=iid, mask_samples=4, var_lambda=0.0, normalization=paper, rollout=uniform, rollout_temperature=1.0] mlp_w32 from mlp_5 {context_source=uniform, contexts=256, group=5, learning_rate=0.0001, reference=initial, ppo_epochs=1, steps=10000, reward=potts_tfbind8}",1,models/port_grid3/trafl_pairwise4_b0.25/seed_1/finetune_mlp_5,0.4120760334679461,0.00770119142094348,15.57606196058947,7.2771336425226965,7.58699172927156,0.41301222948330146,0.5766100632768583,0.008161780630244387,0.0006903122033298324,3.235588783219877,0.008268450434196712,0.008852092833574219,5.002327845240367,1.612756156466051,8.506623192464849,0.303450333744843,0.008746650465772617,0.5701397791072637,0.040207080356712256,1.000000000000001,0.5166198303927473,16.0,2.159403770193799,0.1396514216843349,0.410510905621175
"trafl[beta=0.25, estimator=pairwise, mask_scheme=iid, mask_samples=4, var_lambda=0.0, normalization=paper, rollout=uniform, rollout_temperature=1.0] mlp_w32 from mlp_5 {context_source=uniform, contexts=256, group=5, learning_rate=0.0001, reference=initial, ppo_epochs=1, steps=10000, reward=potts_tfbind8}",1,models/port_grid3/trafl_pairwise4_b0.25/seed_1/finetune_mlp_5,0.42216157252926223,0.02288467954658876,15.56761457699908,7.229266303138845,7.8363024984823095,0.4232496896896591,0.5105343181224878,0.0234370739662247,0.0017989183449998308,3.1224707102249294,0.02409539352316791,0.02523599231122453,5.664044881049492,1.8025477207231746,8.99887595949895,0.328908708749022,0.08625155954202163,1.1049928502175095,0.09090944921559987,1.0000000000000013,0.4701190811790314,32.0,2.4379279163207426,0.1588748711932184,0.3912289473055198
"trafl[beta=0.25, estimator=pairwise, mask_scheme=iid, mask_samples=4, var_lambda=0.0, normalization=paper, rollout=uniform, rollout_temperature=1.0] mlp_w32 from mlp_5 {context_source=uniform, contexts=256, group=5, learning_rate=0.0001, reference=initial, ppo_epochs=1, steps=10000, reward=potts_tfbind8}",1,models/port_grid3/trafl_pairwise4_b0.25/seed_1/finetune_mlp_5,0.43446829103700413,0.0488655476743658,15.543369943328866,7.159107429157081,8.153946501989363,0.43642717698206923,0.43636765253745713,0.048332047588604786,0.004136640416511857,2.944131000223985,0.050402097324771813,0.05246868800511664,5.7774342922043935,1.8341698073316557,9.189451999906662,0.3387537684652299,0.12347556453372034,1.2678936222138653,0.11028957761121184,1.0000000000000013,0.4170147841038711,64.0,2.794965971243103,0.18354108178773992,0.36851368808901397
"trafl[beta=0.25, estimator=pairwise, mask_scheme=iid, mask_samples=4, var_lambda=0.0, normalization=paper, rollout=uniform, rollout_temperature=1.0] mlp_w32 from mlp_5 {context_source=uniform, contexts=256, group=5, learning_rate=0.0001, reference=initial, ppo_epochs=1, steps=10000, reward=potts_tfbind8}",1,models/port_grid3/trafl_pairwise4_b0.25/seed_1/finetune_mlp_5,0.4499333445038314,0.08488676672369733,15.497046386365867,7.044038616309106,8.543337033643528,0.45117662084643073,0.355613432134417,0.07854023693546044,0.007688603778937569,2.741428739163901,0.08365975535073482,0.08622884071439801,6.12864074226968,1.8815680958186625,13.275240585899105,0.5464645537610893,1.7669150260097284,2.567181667634953,0.6009070421621086,1.000000000000001,0.3529248092162932,128.0,3.2421797260038523,0.2147216955072195,0.3398196977014578
"trafl[beta=0.25, estimator=pairwise, mask_scheme=iid, mask_samples=4, var_lambda=0.0, normalization=paper, rollout=uniform, rollout_temperature=1.0] mlp_w32 from mlp_5 {context_source=uniform, contexts=256, group=5, learning_rate=0.0001, reference=initial, ppo_epochs=1, steps=10000, reward=potts_tfbind8}",1,models/port_grid3/trafl_pairwise4_b0.25/seed_1/finetune_mlp_5,0.47630702512184575,0.15898102227314495,15.399681269831007,6.866118071292441,9.085766163576995,0.4715950216196079,0.2687577560594229,0.1305995129889008,0.014718741112783845,2.530794301372865,0.1436512773262162,0.14531825410168464,4.969486022669288,1.484103604132607,15.06735804476651,0.6373067147409552,2.7534618041726975,2.7837066169187223,0.8191576334152432,1.0000000000000013,0.2773090487084066,256.0,3.8470098747027457,0.2596442276810645,0.30101760503960323
"trafl[beta=0.25, estimator=pairwise, mask_scheme=iid, mask_samples=4, var_lambda=0.0, normalization=paper, rollout=uniform, rollout_temperature=1.0] mlp_w32 from mlp_5 {context_source=uniform, contexts=256, group=5, learning_rate=0.0001, reference=initial, ppo_epochs=1, steps=10000, reward=potts_tfbind8}",1,models/port_grid3/trafl_pairwise4_b0.25/seed_1/finetune_mlp_5,0.496019980183534,0.23343416275173628,15.302178333748259,6.707561548342882,9.526528494269426,0.4877638727211379,0.20939259649044484,0.17345135460759528,0.024065158348373833,2.3538748072454654,0.19680922986871013,0.19751651295596911,4.403165275325474,1.3199149016857916,15.393228951494692,0.6528360838145284,3.00192195483176,2.7707800560664078,0.8527320747433198,1.000000000000001,0.22027641857779418,500.0,4.331769876581143,0.2963946660174852,0.2674817651169992
"trafl[beta=0.25, estimator=pairwise, mask_scheme=iid, mask_samples=4, var_lambda=0.0, normalization=paper, rollout=uniform, rollout_temperature=1.0] mlp_w32 from mlp_5 {context_source=uniform, contexts=256, group=5, learning_rate=0.0001, reference=initial, ppo_epochs=1, steps=10000, reward=potts_tfbind8}",1,models/port_grid3/trafl_pairwise4_b0.25/seed_1/finetune_mlp_5,0.4979907963630226,0.23891624337333345,15.296452041479094,6.710934789937873,9.559610107124982,0.4898696446630073,0.20507876283668763,0.17661834486031197,0.024381002800863444,2.333049280306452,0.2019462424858794,0.20099934766117541,4.394271677733622,1.3179128687759107,15.558474390607087,0.6617672988101743,3.035874128046396,2.8333180886078484,0.8757312910807951,1.0000000000000013,0.21714302798107477,512.0,4.377047640958345,0.29999734854049986,0.2644142530166106
"trafl[beta=0.25, estimator=pairwise, mask_scheme=iid, mask_samples=4, var_lambda=0.0, normalization=paper, rollout=uniform, rollout_temperature=1.0] mlp_w32 from mlp_5 {context_source=uniform, contexts=256, group=5, learning_rate=0.0001, reference=initial, ppo_epochs=1, steps=10000, reward=potts_tfbind8}",1,models/port_grid3/trafl_pairwise4_b0.25/seed_1/finetune_mlp_5,0.5176868223000358,0.32835451164969054,15.193136750593286,6.594994311312121,9.966927420166673,0.5067661214228065,0.1638024516594199,0.22381500818579225,0.031579293030780387,2.200039089757759,0.26255648272903775,0.25539430121657264,3.649885174388668,1.0771592853711012,16.051955182845614,0.6854904260986413,3.3595579385364176,2.7097454868067077,0.9325679831471256,1.000000000000001,0.17592393996380867,1000.0,4.854771050349615,0.337954064875152,0.23358987453181607
"trafl[beta=0.25, estimator=pairwise, mask_scheme=iid, mask_samples=4, var_lambda=0.0, normalization=paper, rollout=uniform, rollout_temperature=1.0] mlp_w32 from mlp_5 {context_source=uniform, contexts=256, group=5, learning_rate=0.0001, reference=initial, ppo_epochs=1, steps=10000, reward=potts_tfbind8}",1,models/port_grid3/trafl_pairwise4_b0.25/seed_1/finetune_mlp_5,0.5167583152330264,0.3231660027113417,15.178242355721707,6.580367815077932,9.96441566756503,0.5059075387957701,0.16296599901915568,0.22327259944317324,0.03194363492587948,2.1974538435496904,0.26070793038815976,0.2552162343690527,3.5925269655775036,1.062664417492048,16.0533872911352,0.6853747954639312,3.367368775855862,2.6541321477367203,0.932375620238409,1.0000000000000013,0.17470332577334274,1024.0,4.8241427213128425,0.3362689544631163,0.23353439230193868
"trafl[beta=0.25, estimator=pairwise, mask_scheme=iid, mask_samples=4, var_lambda=0.0, normalization=paper, rollout=uniform, rollout_temperature=1.0] mlp_w32 from mlp_5 {context_source=uniform, contexts=256, group=5, learning_rate=0.0001, reference=initial, ppo_epochs=1, steps=10000, reward=potts_tfbind8}",1,models/port_grid3/trafl_pairwise4_b0.25/seed_1/finetune_mlp_5,0.5181036309340835,0.3280028110657069,15.205951804681604,6.6050611523559635,10.019431609894697,0.5097107038058633,0.15513728119261727,0.23008272463037815,0.035227925634987,2.1345755287974106,0.2671223709076767,0.26531065026536516,3.0863656994901003,0.8929038535583531,16.380219450153348,0.7014652029475507,3.631728112786815,2.665202195546608,0.9714735392399486,1.000000000000001,0.16736378071044267,1500.0,4.902785534655146,0.34008875687412143,0.22714220018668982
"trafl[beta=0.25, estimator=pairwise, mask_scheme=iid, mask_samples=4, var_lambda=0.0, normalization=paper, rollout=uniform, rollout_temperature=1.0] mlp_w32 from mlp_5 {context_source=uniform, contexts=256, group=5, learning_rate=0.0001, reference=initial, ppo_epochs=1, steps=10000, reward=potts_tfbind8}",1,models/port_grid3/trafl_pairwise4_b0.25/seed_1/finetune_mlp_5,0.5156005200429079,0.320085107190485,15.17872333826957,6.574934012040428,9.959527920549647,0.5048764159955379,0.1546933761055111,0.21767386609266828,0.03736398691105866,2.1499041512265267,0.2508138725648289,0.25503785300372694,3.550466680138551,1.0404181353174666,16.083393755823714,0.6864859466707925,3.377986468604472,2.643195609530932,0.9357186837972741,1.000000000000001,0.16603120470385846,2000.0,4.79928003280281,0.33365099446393387,0.230211165780859
"trafl[beta=0.25, estimator=pairwise, mask_scheme=iid, mask_samples=4, var_lambda=0.0, normalization=paper, rollout=uniform, rollout_temperature=1.0] mlp_w32 from mlp_5 {context_source=uniform, contexts=256, group=5, learning_rate=0.0001, reference=initial, ppo_epochs=1, steps=10000, reward=potts_tfbind8}",1,models/port_grid3/trafl_pairwise4_b0.25/seed_1/finetune_mlp_5,0.521561480751136,0.34843952558412405,15.132344431264217,6.526127898729719,10.095281011266229,0.5103910881850316,0.14513423796684796,0.23636986064455118,0.03861766689174956,2.1171507780887207,0.2751304773387757,0.27498752753630074,3.158029105593114,0.8693684498468794,16.134750018623595,0.6865915284439573,3.411917925626825,2.2690739100276422,0.9347584872726069,1.0000000000000009,0.1564095367986585,2048.0,4.954491476855513,0.3463433392292392,0.22190570450733266
"trafl[beta=0.25, estimator=pairwise, mask_scheme=iid, mask_samples=4, var_lambda=0.0, normalization=paper, rollout=uniform, rollout_temperature=1.0] mlp_w32 from mlp_5 {context_source=uniform, contexts=256, group=5, learning_rate=0.0001, reference=initial, ppo_epochs=1, steps=10000, reward=potts_tfbind8}",1,models/port_grid3/trafl_pairwise4_b0.25/seed_1/finetune_mlp_5,0.5203047131817289,0.3414811802444212,15.127688028305325,6.52823684509819,10.15366048226561,0.5135770271193238,0.14023692192878828,0.24437347405248194,0.039658229253619615,2.1022604024522065,0.28530528666603316,0.28403170330610156,2.7694461481738095,0.754660113490381,16.48851684387214,0.7050557611687345,3.698084395434582,2.446935711897885,0.979035846220193,1.0000000000000009,0.1519894783760708,2500.0,5.021443986130355,0.3517500262747601,0.2169055260063006
"trafl[beta=0.25, estimator=pairwise, mask_scheme=iid, mask_samples=4, var_lambda=0.0, normalization=paper, rollout=uniform, rollout_temperature=1.0] mlp_w32 from mlp_5 {context_source=uniform, contexts=256, group=5, learning_rate=0.0001, reference=initial, ppo_epochs=1, steps=10000, reward=potts_tfbind8}",1,models/port_grid3/trafl_pairwise4_b0.25/seed_1/finetune_mlp_5,0.5220135577877182,0.34654168674064617,15.140890829858854,6.526369661468647,10.185290473204299,0.5150010671264637,0.1371847863212142,0.2505326219425025,0.04086654696869707,2.0779516557603652,0.2897320149297654,0.29139916891119955,2.8340398189752536,0.7936623211321288,16.478029816465448,0.7052407887061892,3.6905194113987045,2.5259924503915907,0.979975058398887,1.0000000000000009,0.14850870890513018,3000.0,5.062520060354886,0.35370884106599176,0.21479120158343418
"trafl[beta=0.25, estimator=pairwise, mask_scheme=iid, mask_samples=4, var_lambda=0.0, normalization=paper, rollout=uniform, rollout_temperature=1.0] mlp_w32 from mlp_5 {context_source=uniform, contexts=256, group=5, learning_rate=0.0001, reference=initial, ppo_epochs=1, steps=10000, reward=potts_tfbind8}",1,models/port_grid3/trafl_pairwise4_b0.25/seed_1/finetune_mlp_5,0.5193881300441692,0.3400678775364504,15.13507650898417,6.536632616120064,10.155798557714174,0.5139991831452375,0.13814341661717416,0.24472123554781222,0.041244818829138774,2.079446892066174,0.28342671671741093,0.285966054376951,3.0627806279002447,0.8272747653295676,16.167665189602662,0.6878033532190628,3.4388506677781487,2.2229269751878276,0.9380033196627136,1.000000000000001,0.1495763895653076,3500.0,5.03123071509008,0.35159826789711346,0.21562008737942762
"trafl[beta=0.25, estimator=pairwise, mask_scheme=iid, mask_samples=4, var_lambda=0.0, normalization=paper, rollout=uniform, rollout_temperature=1.0] mlp_w32 from mlp_5 {context_source=uniform, contexts=256, group=5, learning_rate=0.0001, reference=initial, ppo_epochs=1, steps=10000, reward=potts_tfbind8}",1,models/port_grid3/trafl_pairwise4_b0.25/seed_1/finetune_mlp_5,0.5227044740725081,0.35769467326100085,15.087738099541353,6.484969728556003,10.23144571206042,0.5158218633294613,0.1335274628271338,0.2563871210456205,0.04253975901957702,2.0888456494629195,0.29654797888703394,0.2989268800651975,2.9860326456179553,0.794133513609819,16.200847190379193,0.6891519339548118,3.46899020797465,2.1846451080197147,0.9414116699726748,1.0000000000000009,0.14378586314836966,4000.0,5.092979717774432,0.3583312177128228,0.21079097241575415
"trafl[beta=0.25, estimator=pairwise, mask_scheme=iid, mask_samples=4, var_lambda=0.0, normalization=paper, rollout=uniform, rollout_temperature=1.0] mlp_w32 from mlp_5 {context_source=uniform, contexts=256, group=5, learning_rate=0.0001, reference=initial, ppo_epochs=1, steps=10000, reward=potts_tfbind8}",1,models/port_grid3/trafl_pairwise4_b0.25/seed_1/finetune_mlp_5,0.5209250034661896,0.3438856138293406,15.133858840937922,6.532805409500151,10.168865676768151,0.5144468614631229,0.13638716347970858,0.24499465571624462,0.04103419289232074,2.076436937929015,0.28468393264505065,0.28602884860856537,3.070359397326917,0.8274688743644116,16.165578069826257,0.6876670502799335,3.437275840671182,2.225176443907889,0.9378692281760076,1.0000000000000013,0.1475668257294531,4096.0,5.042807735102501,0.3524944146265838,0.21485706141503688
"trafl[beta=0.25, estimator=pairwise, mask_scheme=iid, mask_samples=4, var_lambda=0.0, normalization=paper, rollout=uniform, rollout_temperature=1.0] mlp_w32 from mlp_5 {context_source=uniform, contexts=256, group=5, learning_rate=0.0001, reference=initial, ppo_epochs=1, steps=10000, reward=potts_tfbind8}",1,models/port_grid3/trafl_pairwise4_b0.25/seed_1/finetune_mlp_5,0.5127916765238419,0.3105668057247251,15.156248569508882,6.552911219111362,10.045247204614778,0.5084520876114237,0.14362149426942736,0.22752953685822225,0.04117168849062253,2.0935924091553115,0.2611085313627691,0.2687012253488448,3.7874252672895024,1.072715767900225,15.340383622278257,0.6456159998787547,2.8523211990956834,2.1241893701892507,0.8361553065721663,1.0000000000000007,0.15489604248551447,4500.0,4.877851465792233,0.33945972490490345,0.22310095083562875
"trafl[beta=0.25, estimator=pairwise, mask_scheme=iid, mask_samples=4, var_lambda=0.0, normalization=paper, rollout=uniform, rollout_temperature=1.0] mlp_w32 from mlp_5 {context_source=uniform, contexts=256, group=5, learning_rate=0.0001, reference=initial, ppo_epochs=1, steps=10000, reward=potts_tfbind8}",1,models/port_grid3/trafl_pairwise4_b0.25/seed_1/finetune_mlp_5,0.5222607312859041,0.3474998434504659,15.1361566870683,6.525511862630037,10.253079712934433,0.5189359156177256,0.12891280766416527,0.2533506944670937,0.04327048693919133,2.009277772004169,0.29848702794962634,0.296621181406285,3.098483201493109,0.8353427361358081,16.152450089625038,0.6869598359307657,3.431764444288412,2.2326893331353737,0.935947808848979,1.000000000000001,0.1403164119924594,5000.0,5.165400116975686,0.360125733628997,0.20898951579079808
"trafl[beta=0.25, estimator=pairwise, mask_scheme=iid, mask_samples=4, var_lambda=0.0, normalization=paper, rollout=uniform, rollout_temperature=1.0] mlp_w32 from mlp_5 {context_source=uniform, contexts=256, group=5, learning_rate=0.0001, reference=initial, ppo_epochs=1, steps=10000, reward=potts_tfbind8}",1,models/port_grid3/trafl_pairwise4_b0.25/seed_1/finetune_mlp_5,0.5192411806729356,0.33338841976946765,15.148223004404734,6.532950217891937,10.16062396569948,0.5139573996821016,0.1339539940487344,0.24183834931364281,0.0421703727032228,2.04098227279824,0.28052004876345843,0.2840087220168656,3.190038010007075,0.8702562718598071,16.071222351774537,0.6829550591693696,3.36404561448282,2.222958858916509,0.926864681659892,1.0000000000000009,0.14546336961502726,5500.0,5.0321550497174,0.3501929123423011,0.21514013673536936
"trafl[beta=0.25, estimator=pairwise, mask_scheme=iid, mask_samples=4, var_lambda=0.0, normalization=paper, rollout=uniform, rollout_temperature=1.0] mlp_w32 from mlp_5 {context_source=uniform, contexts=256, group=5, learning_rate=0.0001, reference=initial, ppo_epochs=1, steps=10000, reward=potts_tfbind8}",1,models/port_grid3/trafl_pairwise4_b0.25/seed_1/finetune_mlp_5,0.5183381033683909,0.3375647492249529,15.12563026950323,6.517270235256747,10.141347156058295,0.5121454389649194,0.13631487689031505,0.24018775536859074,0.042500994218967664,2.0721064426010294,0.2772328849164968,0.2826887495875584,3.141877264440768,0.843431636012019,16.080466015038166,0.6830595666270672,3.3769658892707524,2.1760972414334794,0.9268533163964507,1.0000000000000013,0.14699540817836435,6000.0,4.9920703881942945,0.34867525462495613,0.2165093495904858
"trafl[beta=0.25, estimator=pairwise, mask_scheme=iid, mask_samples=4, var_lambda=0.0, normalization=paper, rollout=uniform, rollout_temperature=1.0] mlp_w32 from mlp_5 {context_source=uniform, contexts=256, group=5, learning_rate=0.0001, reference=initial, ppo_epochs=1, steps=10000, reward=potts_tfbind8}",1,models/port_grid3/trafl_pairwise4_b0.25/seed_1/finetune_mlp_5,0.5206427614610474,0.3428383896135389,15.110042574071674,6.503342392041539,10.247379759504556,0.5174175027516517,0.12818509210463214,0.25394914479017516,0.04502049823135912,2.025541787437974,0.2961409160010089,0.2989696430215343,3.0867877213497286,0.8265931962443342,16.12989408251989,0.6856263968698146,3.4124681672029635,2.1954320554438285,0.9332402735799057,1.0000000000000009,0.13939528840131016,6500.0,5.127799055918118,0.3588799193372298,0.20917680151578752
"trafl[beta=0.25, estimator=pairwise, mask_scheme=iid, mask_samples=4, var_lambda=0.0, normalization=paper, rollout=uniform, rollout_temperature=1.0] mlp_w32 from mlp_5 {context_source=uniform, contexts=256, group=5, learning_rate=0.0001, reference=initial, ppo_epochs=1, steps=10000, reward=potts_tfbind8}",1,models/port_grid3/trafl_pairwise4_b0.25/seed_1/finetune_mlp_5,0.520483445205928,0.34326952451968407,15.10910730263026,6.509523205691426,10.205304822006648,0.515380861139391,0.1315074520233554,0.2483279889531935,0.04331589386087756,2.0525063179269174,0.28837161962872204,0.29164388281407105,3.101916496237692,0.8238812105280127,16.103726791741522,0.6840639318459062,3.3944603442168577,2.165134375408,0.9289004855768368,1.0000000000000009,0.14214472640349898,7000.0,5.065549038752748,0.3549767826484058,0.21190413639388586
"trafl[beta=0.25, estimator=pairwise, mask_scheme=iid, mask_samples=4, var_lambda=0.0, normalization=paper, rollout=uniform, rollout_temperature=1.0] mlp_w32 from mlp_5 {context_source=uniform, contexts=256, group=5, learning_rate=0.0001, reference=initial, ppo_epochs=1, steps=10000, reward=potts_tfbind8}",1,models/port_grid3/trafl_pairwise4_b0.25/seed_1/finetune_mlp_5,0.5254500451496493,0.3606521388381496,15.100397874109241,6.497659884144417,10.282558063117001,0.5192818259992683,0.12551589809757224,0.25704542405369557,0.04418228053025597,2.033649741063889,0.3021147531833513,0.30122770458395154,3.1000895297899675,0.8283647869431294,16.140017969786957,0.6862754148476393,3.416143899422197,2.222873827217204,0.9339851706689374,1.0000000000000009,0.1365745496805405,7500.0,5.190338999348662,0.363986783872747,0.2054455443799167
"trafl[beta=0.25, estimator=pairwise, mask_scheme=iid, mask_samples=4, var_lambda=0.0, normalization=paper, rollout=uniform, rollout_temperature=1.0] mlp_w32 from mlp_5 {context_source=uniform, contexts=256, group=5, learning_rate=0.0001, reference=initial, ppo_epochs=1, steps=10000, reward=potts_tfbind8}",1,models/port_grid3/trafl_pairwise4_b0.25/seed_1/finetune_mlp_5,0.5241111997817006,0.3529535998562724,15.12608071890247,6.529525531959356,10.246285859942928,0.5186354609435133,0.12754463514921555,0.25258218763349005,0.043950654321855076,2.020084332542885,0.2955482155753806,0.29653284195534513,3.126479760189033,0.8419782933538249,16.115383726039926,0.6850634136217298,3.3984895761056206,2.2177667182068306,0.9315058690335193,1.0000000000000009,0.13907606286608862,8000.0,5.143762227028642,0.3596101833945069,0.2081648537703857
"trafl[beta=0.25, estimator=pairwise, mask_scheme=iid, mask_samples=4, var_lambda=0.0, normalization=paper, rollout=uniform, rollout_temperature=1.0] mlp_w32 from mlp_5 {context_source=uniform, contexts=256, group=5, learning_rate=0.0001, reference=initial, ppo_epochs=1, steps=10000, reward=potts_tfbind8}",1,models/port_grid3/trafl_pairwise4_b0.25/seed_1/finetune_mlp_5,0.5250942893418761,0.3592753786822383,15.113912881104739,6.507632375718405,10.286462509754452,0.51983496208477,0.12581448121195346,0.25978109994838827,0.04461842353377232,2.0284934211185,0.303062848943946,0.3043995234821606,3.109824050596372,0.8346028832153732,16.12636238121694,0.6856401399395946,3.4100523655929216,2.2180111920322405,0.9328755300240578,1.0000000000000009,0.13654653378177317,8500.0,5.190454132317796,0.36336233846816035,0.20574247585546968
"trafl[beta=0.25, estimator=pairwise, mask_scheme=iid, mask_samples=4, var_lambda=0.0, normalization=paper, rollout=uniform, rollout_temperature=1.0] mlp_w32 from mlp_5 {context_source=uniform, contexts=256, group=5, learning_rate=0.0001, reference=initial, ppo_epochs=1, steps=10000, reward=potts_tfbind8}",1,models/port_grid3/trafl_pairwise4_b0.25/seed_1/finetune_mlp_5,0.5217992425528186,0.35168468163953975,15.09769341668856,6.4831873608207395,10.243145498423607,0.5162247286470378,0.12816910412748672,0.25441164677768924,0.04437969618251142,2.056460177841179,0.29370097574029136,0.29879134296020066,3.1502645653987384,0.8413913037283575,16.08104149346119,0.6831326070394844,3.3741775027869645,2.198326918155308,0.9268534576113564,1.0000000000000009,0.13801391341082925,9000.0,5.114171331438474,0.3582672489456925,0.20911495619112597
"trafl[beta=0.25, estimator=pairwise, mask_scheme=iid, mask_samples=4, var_lambda=0.0, normalization=paper, rollout=uniform, rollout_temperature=1.0] mlp_w32 from mlp_5 {context_source=uniform, contexts=256, group=5, learning_rate=0.0001, reference=initial, ppo_epochs=1, steps=10000, reward=potts_tfbind8}",1,models/port_grid3/trafl_pairwise4_b0.25/seed_1/finetune_mlp_5,0.5204755767890077,0.34371387943139353,15.08803839007708,6.488696820267686,10.322261419906203,0.5210191965877324,0.12205634595781731,0.2644725362428341,0.045081791487500966,2.0125188422632463,0.3083567483398803,0.3095543277303351,2.6637756407066355,0.6961755388762925,16.537630220626717,0.7068550646406564,3.73582445938296,2.396335012898725,0.9827116624778194,1.0000000000000009,0.13289070563976996,9500.0,5.204418469293153,0.36586560609720126,0.20278565411454844
"trafl[beta=0.25, estimator=pairwise, mask_scheme=iid, mask_samples=4, var_lambda=0.0, normalization=paper, rollout=uniform, rollout_temperature=1.0] mlp_w32 from mlp_5 {context_source=uniform, contexts=256, group=5, learning_rate=0.0001, reference=initial, ppo_epochs=1, steps=10000, reward=potts_tfbind8}",1,models/port_grid3/trafl_pairwise4_b0.25/seed_1/finetune_mlp_5,0.5211686355418055,0.3474228817809474,15.12645914716641,6.503496019466461,10.242483192299463,0.5171079075917807,0.12721353260191282,0.2518888252332248,0.04429086595133924,2.0288477359296033,0.29317059330358414,0.29617969118456405,3.6562147893932058,1.0113392751916543,15.452293805994268,0.6510099751817353,2.9390939670920604,2.1011442578206574,0.8493474247879731,1.000000000000001,0.1376491075051574,10000.0,5.143662535094364,0.35887540316920363,0.20841438952731112
"trafl[beta=0.25, estimator=pairwise, mask_scheme=iid, mask_samples=4, var_lambda=0.0, normalization=paper, rollout=uniform, rollout_temperature=1.0] mlp_w32 from mlp_5 {context_source=uniform, contexts=256, group=5, learning_rate=0.0001, reference=initial, ppo_epochs=1, steps=10000, reward=potts_tfbind8}",2,models/port_grid3/trafl_pairwise4_b0.25/seed_2/finetune_mlp_5,0.40089774494688835,0.0,15.58400929863198,7.3350796144291905,7.274364485999048,0.40059227009566606,0.6753682702836997,0.0,0.0,3.3845174252188786,0.0,0.0,4.896481007458549,1.5766628960892644,8.347072093028896,0.2951274947079451,0.0,0.36194497535363446,0.02441464572044008,1.0000000000000013,0.5865081907766789,0.0,1.8270649549340976,0.11713328142727052,0.43648081792806004
"trafl[beta=0.25, estimator=pairwise, mask_scheme=iid, mask_samples=4, var_lambda=0.0, normalization=paper, rollout=uniform, rollout_temperature=1.0] mlp_w32 from mlp_5 {context_source=uniform, contexts=256, group=5, learning_rate=0.0001, reference=initial, ppo_epochs=1, steps=10000, reward=potts_tfbind8}",2,models/port_grid3/trafl_pairwise4_b0.25/seed_2/finetune_mlp_5,0.4016492737553308,7.243317567389037e-05,15.582105569118745,7.327070966317147,7.297011045179132,0.40130755209559443,0.6679060660699987,7.051237903740216e-05,6.490283148729371e-06,3.376278286131838,7.049476149606775e-05,7.700266218613154e-05,4.887907422850545,1.5754293145234421,8.354290789433868,0.2955002414099801,5.8632401176941795e-05,0.3663866678666031,0.024746058439075572,1.000000000000001,0.5809170457431536,1.0,1.848333063661582,0.11858351978908402,0.4346515117335369
"trafl[beta=0.25, estimator=pairwise, mask_scheme=iid, mask_samples=4, var_lambda=0.0, normalization=paper, rollout=uniform, rollout_temperature=1.0] mlp_w32 from mlp_5 {context_source=uniform, contexts=256, group=5, learning_rate=0.0001, reference=initial, ppo_epochs=1, steps=10000, reward=potts_tfbind8}",2,models/port_grid3/trafl_pairwise4_b0.25/seed_2/finetune_mlp_5,0.40265975251545594,0.00025564994133229785,15.582495451913246,7.32247877956239,7.320676480761205,0.40221592167107384,0.6592487263608295,0.0002486066218441458,2.0218508016334527e-05,3.3629184775808545,0.00024863111598344943,0.0002688251298604803,4.8947073522817055,1.5770822190589011,8.377002082600411,0.2966306350775007,0.00045772929382890373,0.39232297724067167,0.02672682147024309,1.000000000000001,0.575178823202123,2.0,1.8741289396953875,0.12031744054529124,0.43255398888595054
"trafl[beta=0.25, estimator=pairwise, mask_scheme=iid, mask_samples=4, var_lambda=0.0, normalization=paper, rollout=uniform, rollout_temperature=1.0] mlp_w32 from mlp_5 {context_source=uniform, contexts=256, group=5, learning_rate=0.0001, reference=initial, ppo_epochs=1, steps=10000, reward=potts_tfbind8}",2,models/port_grid3/trafl_pairwise4_b0.25/seed_2/finetune_mlp_5,0.4043660064280087,0.0008436148602677272,15.58297444966347,7.315932663481288,7.363195303131494,0.40394931513034604,0.6445188974906118,0.0008440180113085949,6.514326700489512e-05,3.3403377234192213,0.0008448429581400935,0.00090916127831349,4.908328177034973,1.5825841430362337,8.396334699143553,0.29767546099339476,0.0015409807540857504,0.4083873028451669,0.027940941137346693,1.0000000000000013,0.5651453294517069,4.0,1.919038189980418,0.12334080683247103,0.4289220057075929
"trafl[beta=0.25, estimator=pairwise, mask_scheme=iid, mask_samples=4, var_lambda=0.0, normalization=paper, rollout=uniform, rollout_temperature=1.0] mlp_w32 from mlp_5 {context_source=uniform, contexts=256, group=5, learning_rate=0.0001, reference=initial, ppo_epochs=1, steps=10000, reward=potts_tfbind8}",2,models/port_grid3/trafl_pairwise4_b0.25/seed_2/finetune_mlp_5,0.40756500480455793,0.0027670711369051863,15.583970461393124,7.305297400659659,7.444691935979159,0.40738375357129974,0.6177971235229935,0.0028398933869313112,0.00021255730607006593,3.2990653101368377,0.0028535730655527194,0.003052450693001377,4.953884561220662,1.5994831216137149,8.433243879384795,0.29966433521544994,0.003658470466789689,0.4455644097612089,0.03077726904039453,1.000000000000001,0.5467799013472034,8.0,2.0069063337141086,0.12928704430922286,0.42197344956715854
"trafl[beta=0.25, estimator=pairwise, mask_scheme=iid, mask_samples=4, var_lambda=0.0, normalization=paper, rollout=uniform, rollout_temperature=1.0] mlp_w32 from mlp_5 {context_source=uniform, contexts=256, group=5, learning_rate=0.0001, reference=initial, ppo_epochs=1, steps=10000, reward=potts_tfbind8}",2,models/port_grid3/trafl_pairwise4_b0.25/seed_2/finetune_mlp_5,0.41373049903385606,0.008750985701300713,15.584032218031311,7.289826123293046,7.596368230569543,0.41411942078820907,0.5704724337366882,0.00896888214056949,0.0006708710996518718,3.2155850839368227,0.00910200301829706,0.009639753240221361,4.886385671902722,1.5872048602681255,8.62455039196291,0.309016503163755,0.02283382841501974,0.6091650094998309,0.04350151362180732,1.0000000000000013,0.515109257652352,16.0,2.1807239963724983,0.14111016433279633,0.40895723731563094
"trafl[beta=0.25, estimator=pairwise, mask_scheme=iid, mask_samples=4, var_lambda=0.0, normalization=paper, rollout=uniform, rollout_temperature=1.0] mlp_w32 from mlp_5 {context_source=uniform, contexts=256, group=5, learning_rate=0.0001, reference=initial, ppo_epochs=1, steps=10000, reward=potts_tfbind8}",2,models/port_grid3/trafl_pairwise4_b0.25/seed_2/finetune_mlp_5,0.4237019029498938,0.02389947781214295,15.580623821658646,7.256228844242804,7.8469633910049685,0.42520611054941393,0.5020955386187594,0.024631416103721923,0.0019108469247427692,3.07637931893099,0.025287743881294893,0.026542263028464692,5.693622987201193,1.8178201357295514,9.01524472875482,0.3299590266932919,0.09362880084002263,1.0915269454003063,0.08895356343102356,1.0000000000000013,0.46864620840649324,32.0,2.4695936889722474,0.16080047885887283,0.38952648132492484
"trafl[beta=0.25, estimator=pairwise, mask_scheme=iid, mask_samples=4, var_lambda=0.0, normalization=paper, rollout=uniform, rollout_temperature=1.0] mlp_w32 from mlp_5 {context_source=uniform, contexts=256, group=5, learning_rate=0.0001, reference=initial, ppo_epochs=1, steps=10000, reward=potts_tfbind8}",2,models/port_grid3/trafl_pairwise4_b0.25/seed_2/finetune_mlp_5,0.435315086483681,0.04974320944869456,15.55413560040203,7.186316469349261,8.148406335587094,0.4375457796918485,0.43496650210283005,0.048010040456754666,0.004081134699912059,2.925844059390191,0.05043150550654468,0.052091175156666725,5.233060589585676,1.7223407509593869,9.963382078776647,0.3763470013952355,0.314590261888946,1.5412675640832263,0.1887513717631158,1.000000000000001,0.41842923388621134,64.0,2.8012108574909473,0.183743633481919,0.3685289768924209
"trafl[beta=0.25, estimator=pairwise, mask_scheme=iid, mask_samples=4, var_lambda=0.0, normalization=paper, rollout=uniform, rollout_temperature=1.0] mlp_w32 from mlp_5 {context_source=uniform, contexts=256, group=5, learning_rate=0.0001, reference=initial, ppo_epochs=1, steps=10000, reward=potts_tfbind8}",2,models/port_grid3/trafl_pairwise4_b0.25/seed_2/finetune_mlp_5,0.45152249876703265,0.09067254610650297,15.493256119642151,7.041694998898101,8.555992475893468,0.45199344739737496,0.35489778012127127,0.08175932758710969,0.008319135504441189,2.7378480847155444,0.08757147298450751,0.09007846309155088,6.015769447646738,1.8392965550726252,13.399104168423724,0.5522138350727087,1.8160808518242912,2.5220536331349814,0.6146623381057111,1.0000000000000009,0.3536726662875803,128.0,3.253176028033713,0.21588930327801803,0.33955224403592477
"trafl[beta=0.25, estimator=pairwise, mask_scheme=iid, mask_samples=4, var_lambda=0.0, normalization=paper, rollout=uniform, rollout_temperature=1.0] mlp_w32 from mlp_5 {context_source=uniform, contexts=256, group=5, learning_rate=0.0001, reference=initial, ppo_epochs=1, steps=10000, reward=potts_tfbind8}",2,models/port_grid3/trafl_pairwise4_b0.25/seed_2/finetune_mlp_5,0.47844847673952234,0.16783397563552754,15.40438085079905,6.867619551473133,9.11335153730289,0.47311275638343364,0.26358199294065343,0.13082673631155023,0.014979367168627133,2.501148506741768,0.14638236804537652,0.14580610348017736,4.883097401700415,1.4614570788165322,15.164638454891158,0.6422841619700614,2.8028483695936997,2.8004347268839718,0.8306210784940874,1.0000000000000009,0.27314379599609495,256.0,3.9095005333196564,0.26337301988070116,0.2978221462710986
"trafl[beta=0.25, estimator=pairwise, mask_scheme=iid, mask_samples=4, var_lambda=0.0, normalization=paper, rollout=uniform, rollout_temperature=1.0] mlp_w32 from mlp_5 {context_source=uniform, contexts=256, group=5, learning_rate=0.0001, reference=initial, ppo_epochs=1, steps=10000, reward=potts_tfbind8}",2,models/port_grid3/trafl_pairwise4_b0.25/seed_2/finetune_mlp_5,0.5039236182945188,0.2621310289631957,15.301490257091736,6.719372472129566,9.641049805969947,0.49492922792223976,0.19896509448325175,0.18738093345463627,0.024171509843092825,2.2897463733819667,0.2177046258260522,0.2115524432977291,4.213963755685838,1.265592681237675,15.718365103777133,0.6699954214625536,3.151524931055067,2.86311052752697,0.8951270588193236,1.0000000000000009,0.2125414866100055,500.0,4.519349768481023,0.3096884259926231,0.25972237128856135
"trafl[beta=0.25, estimator=pairwise, mask_scheme=iid, mask_samples=4, var_lambda=0.0, normalization=paper, rollout=uniform, rollout_temperature=1.0] mlp_w32 from mlp_5 {context_source=uniform, contexts=256, group=5, learning_rate=0.0001, reference=initial, ppo_epochs=1, steps=10000, reward=potts_tfbind8}",2,models/port_grid3/trafl_pairwise4_b0.25/seed_2/finetune_mlp_5,0.49707271006992315,0.23613482582162074,15.30311531555505,6.710534182752145,9.537508549436108,0.4885217582571734,0.20752568484256464,0.17374573203365,0.02411270189881709,2.339974723101092,0.19821117112179842,0.1978584339324671,4.408232783410671,1.3271265579843428,15.550789100893818,0.6615025299776546,3.0336012434883592,2.831318779581699,0.8753365042041757,1.000000000000001,0.2189333460392125,512.0,4.360442631539796,0.29835069685300264,0.2654601282026607
"trafl[beta=0.25, estimator=pairwise, mask_scheme=iid, mask_samples=4, var_lambda=0.0, normalization=paper, rollout=uniform, rollout_temperature=1.0] mlp_w32 from mlp_5 {context_source=uniform, contexts=256, group=5, learning_rate=0.0001, reference=initial, ppo_epochs=1, steps=10000, reward=potts_tfbind8}",2,models/port_grid3/trafl_pairwise4_b0.25/seed_2/finetune_mlp_5,0.5096028977354534,0.29101052247801606,15.233072157781187,6.626004818661807,9.81710070507422,0.49962149641121256,0.17309810237333928,0.20273435160831377,0.030871218784460253,2.223385164124035,0.23409221835531296,0.23360557039277402,3.9099342956163614,1.1741282440393577,15.883076074984324,0.6776706703608053,3.2504617841161916,2.760319264629837,0.9144616523927336,1.0000000000000009,0.1849163543631968,1000.0,4.66739603421284,0.3224097137968596,0.2430322382776795
"trafl[beta=0.25, estimator=pairwise, mask_scheme=iid, mask_samples=4, var_lambda=0.0, normalization=paper, rollout=uniform, rollout_temperature=1.0] mlp_w32 from mlp_5 {context_source=uniform, contexts=256, group=5, learning_rate=0.0001, reference=initial, ppo_epochs=1, steps=10000, reward=potts_tfbind8}",2,models/port_grid3/trafl_pairwise4_b0.25/seed_2/finetune_mlp_5,0.5085169376874262,0.28362554751851177,15.250840117563119,6.654621762092539,9.769642454925545,0.49828039754569325,0.17613936623392284,0.1951412605481761,0.03099221350151221,2.2217946749052273,0.22547038216072998,0.2261334740496883,3.9055655934256137,1.1700622918530417,15.87972843314882,0.6773421760578788,3.2465175058332427,2.745043275788408,0.9141837063628312,1.0000000000000009,0.18815908070578408,1024.0,4.611746922043343,0.3179314450891257,0.24513689114040052
"trafl[beta=0.25, estimator=pairwise, mask_scheme=iid, mask_samples=4, var_lambda=0.0, normalization=paper, rollout=uniform, rollout_temperature=1.0] mlp_w32 from mlp_5 {context_source=uniform, contexts=256, group=5, learning_rate=0.0001, reference=initial, ppo_epochs=1, steps=10000, reward=potts_tfbind8}",2,models/port_grid3/trafl_pairwise4_b0.25/seed_2/finetune_mlp_5,0.5219797525479388,0.34746918965416307,15.145985419253376,6.544196586517073,10.030230001330283,0.5078356665475193,0.15533032582759335,0.23179567363196774,0.0358925135261155,2.175218475222897,0.2688399499150075,0.26768818715808324,3.5206331989189006,1.042609619649991,16.099709964251666,0.6876662440642164,3.3938784559035264,2.646213261857834,0.9379302024716284,1.0000000000000009,0.1663817618588782,1500.0,4.893298881242988,0.34214956143732883,0.2268899742439242
"trafl[beta=0.25, estimator=pairwise, mask_scheme=iid, mask_samples=4, var_lambda=0.0, normalization=paper, rollout=uniform, rollout_temperature=1.0] mlp_w32 from mlp_5 {context_source=uniform, contexts=256, group=5, learning_rate=0.0001, reference=initial, ppo_epochs=1, steps=10000, reward=potts_tfbind8}",2,models/port_grid3/trafl_pairwise4_b0.25/seed_2/finetune_mlp_5,0.522038838409218,0.3531566117201968,15.135129344199088,6.531356867810398,10.157971081908718,0.5141012776598908,0.14370937711354412,0.2485662223206183,0.03872543507604598,2.1142460803686522,0.2894571399928689,0.2872916573966643,2.8999814367002883,0.8344627925161182,16.460401336456624,0.7052224896165057,3.686104157885266,2.5934371446360194,0.9798110930574352,1.000000000000001,0.15506368179212965,2000.0,5.051919283638943,0.3535488702008397,0.21707770275790145
"trafl[beta=0.25, estimator=pairwise, mask_scheme=iid, mask_samples=4, var_lambda=0.0, normalization=paper, rollout=uniform, rollout_temperature=1.0] mlp_w32 from mlp_5 {context_source=uniform, contexts=256, group=5, learning_rate=0.0001, reference=initial, ppo_epochs=1, steps=10000, reward=potts_tfbind8}",2,models/port_grid3/trafl_pairwise4_b0.25/seed_2/finetune_mlp_5,0.5199194075054732,0.3432361774060724,15.14931608357839,6.539719964307202,10.103218767911587,0.5113281375117902,0.14581386590989973,0.2397822690697452,0.03813265131874688,2.1164844515394785,0.27813439575441623,0.2779149203884921,3.5673160507719515,1.053409529923025,16.058292585783786,0.6853901103251819,3.3639059766178745,2.636550080937482,0.9331344786313543,1.0000000000000009,0.15742901605295997,2048.0,4.977518438172664,0.347644072133391,0.2207295959665477
"trafl[beta=0.25, estimator=pairwise, mask_scheme=iid, mask_samples=4, var_lambda=0.0, normalization=paper, rollout=uniform, rollout_temperature=1.0] mlp_w32 from mlp_5 {context_source=uniform, contexts=256, group=5, learning_rate=0.0001, reference=initial, ppo_epochs=1, steps=10000, reward=potts_tfbind8}",2,models/port_grid3/trafl_pairwise4_b0.25/seed_2/finetune_mlp_5,0.5188672922903278,0.3348706318406903,15.15383493311165,6.54764292411767,10.083537537587592,0.5105007758036998,0.14470582676650776,0.23601300060825248,0.03899976672599392,2.10669679467956,0.27238214505571634,0.2750127673342464,3.1407459528030035,0.8654963742883952,16.137222536162735,0.6866632216846018,3.41334959517662,2.253981205816376,0.9351337058653494,1.0000000000000009,0.15659707293525707,2500.0,4.937472508827357,0.34441881636674765,0.2209197135530694
"trafl[beta=0.25, estimator=pairwise, mask_scheme=iid, mask_samples=4, var_lambda=0.0, normalization=paper, rollout=uniform, rollout_temperature=1.0] mlp_w32 from mlp_5 {context_source=uniform, contexts=256, group=5, learning_rate=0.0001, reference=initial, ppo_epochs=1, steps=10000, reward=potts_tfbind8}",2,models/port_grid3/trafl_pairwise4_b0.25/seed_2/finetune_mlp_5,0.5206814152472056,0.3413985745960311,15.161853046014551,6.549865851423835,10.084353012725977,0.5103775024255479,0.14371290350430754,0.2342209420144916,0.04010551954846922,2.108737323969819,0.2707291089932412,0.2743264615629608,2.8995477680847337,0.8280397342817211,16.439278717017885,0.7036074284607146,3.6554360822056386,2.529487478115507,0.9758182156326625,1.0000000000000009,0.15474016808818736,3000.0,4.94545889361657,0.34437773659984267,0.2196315182372684
"trafl[beta=0.25, estimator=pairwise, mask_scheme=iid, mask_samples=4, var_lambda=0.0, normalization=paper, rollout=uniform, rollout_temperature=1.0] mlp_w32 from mlp_5 {context_source=uniform, contexts=256, group=5, learning_rate=0.0001, reference=initial, ppo_epochs=1, steps=10000, reward=potts_tfbind8}",2,models/port_grid3/trafl_pairwise4_b0.25/seed_2/finetune_mlp_5,0.5215671935402684,0.3467894461602833,15.144083444922854,6.5392641291733105,10.156724434511357,0.5140548662011908,0.13843526497720993,0.2449033013571793,0.041764461731513935,2.076346266320201,0.2836395245543115,0.28666776308869324,2.9156840229614955,0.8335255197836448,16.428164800638502,0.7030325112404313,3.644190903685441,2.527807294713916,0.9745829637849698,1.0000000000000009,0.14955772820291344,3500.0,5.022176799272671,0.35068637743954517,0.21538845120087372
"trafl[beta=0.25, estimator=pairwise, mask_scheme=iid, mask_samples=4, var_lambda=0.0, normalization=paper, rollout=uniform, rollout_temperature=1.0] mlp_w32 from mlp_5 {context_source=uniform, contexts=256, group=5, learning_rate=0.0001, reference=initial, ppo_epochs=1, steps=10000, reward=potts_tfbind8}",2,models/port_grid3/trafl_pairwise4_b0.25/seed_2/finetune_mlp_5,0.5253802657448665,0.35853353278799327,15.140165391080462,6.548090041858883,10.19352597578676,0.5165501884553964,0.13525843848385638,0.24749120185478884,0.041926876517666634,2.0545069268829854,0.2899228703258366,0.2894180783724555,2.805987288397663,0.7865331567777105,16.47456425121472,0.704930443862743,3.686671930788299,2.482505015328714,0.9789646434061882,1.0000000000000009,0.14664068865558672,4000.0,5.078700603670394,0.3550523560369725,0.21215416430574902
"trafl[beta=0.25, estimator=pairwise, mask_scheme=iid, mask_samples=4, var_lambda=0.0, normalization=paper, rollout=uniform, rollout_temperature=1.0] mlp_w32 from mlp_5 {context_source=uniform, contexts=256, group=5, learning_rate=0.0001, reference=initial, ppo_epochs=1, steps=10000, reward=potts_tfbind8}",2,models/port_grid3/trafl_pairwise4_b0.25/seed_2/finetune_mlp_5,0.522336670506307,0.35487579207347586,15.094006337932107,6.478680305137249,10.187566381901961,0.5131363587427321,0.1360913944472975,0.2513041750623606,0.04282430898564127,2.0744283415284785,0.28896376421277314,0.29412848404800185,3.0799273916624856,0.8343639109486428,16.14832459550635,0.6868340591684615,3.4249045774571703,2.211092917369151,0.9357623251902594,1.0000000000000009,0.14717148101372288,4096.0,5.029692570329157,0.3529365721162902,0.21501973939221797
"trafl[beta=0.25, estimator=pairwise, mask_scheme=iid, mask_samples=4, var_lambda=0.0, normalization=paper, rollout=uniform, rollout_temperature=1.0] mlp_w32 from mlp_5 {context_source=uniform, contexts=256, group=5, learning_rate=0.0001, reference=initial, ppo_epochs=1, steps=10000, reward=potts_tfbind8}",2,models/port_grid3/trafl_pairwise4_b0.25/seed_2/finetune_mlp_5,0.5202503263422916,0.3473110143924626,15.121767033638156,6.502528482042697,10.181753700835912,0.5137686061407183,0.13570926285744878,0.2465588007177102,0.04224495707623466,2.076298716131147,0.28666619138118155,0.28880375779394485,3.1304341525174912,0.8547216614899862,16.137957185555056,0.6866331897157503,3.4141066562414903,2.25657338573444,0.9347892819795106,1.0000000000000009,0.14632707844864404,4500.0,5.057046671584663,0.3534303882481964,0.21402154941844453
"trafl[beta=0.25, estimator=pairwise, mask_scheme=iid, mask_samples=4, var_lambda=0.0, normalization=paper, rollout=uniform, rollout_temperature=1.0] mlp_w32 from mlp_5 {context_source=uniform, contexts=256, group=5, learning_rate=0.0001, reference=initial, ppo_epochs=1, steps=10000, reward=potts_tfbind8}",2,models/port_grid3/trafl_pairwise4_b0.25/seed_2/finetune_mlp_5,0.5218105918756999,0.34625790055175576,15.13876499795521,6.518581068068658,10.210847123895388,0.5161770545605633,0.13183942164396967,0.2486794205055021,0.0429316652438034,2.029858900209761,0.2909856771122064,0.2916110857493055,2.906509772119163,0.7941318224565154,16.31972429888806,0.6961201843094609,3.559168784662543,2.3037209371651333,0.958123433112955,1.0000000000000009,0.14337320841479936,5000.0,5.119033191966853,0.35659782373367893,0.21207237044405464
"trafl[beta=0.25, estimator=pairwise, mask_scheme=iid, mask_samples=4, var_lambda=0.0, normalization=paper, rollout=uniform, rollout_temperature=1.0] mlp_w32 from mlp_5 {context_source=uniform, contexts=256, group=5, learning_rate=0.0001, reference=initial, ppo_epochs=1, steps=10000, reward=potts_tfbind8}",2,models/port_grid3/trafl_pairwise4_b0.25/seed_2/finetune_mlp_5,0.5182489257925199,0.33336037755337183,15.12603208155337,6.524766402548078,10.176663315972316,0.5147108818078764,0.13421647880637608,0.24389440366043655,0.042813556432121896,2.0508388320573947,0.2841935435104319,0.28670796009255844,3.1009235516395703,0.8115480079988935,16.110015999698767,0.6842082924381213,3.401083083444606,2.1676055516000226,0.9290201118562327,1.0000000000000007,0.14512702679379363,5500.0,5.0429118119194,0.35229975418731896,0.2143022757459877
"trafl[beta=0.25, estimator=pairwise, mask_scheme=iid, mask_samples=4, var_lambda=0.0, normalization=paper, rollout=uniform, rollout_temperature=1.0] mlp_w32 from mlp_5 {context_source=uniform, contexts=256, group=5, learning_rate=0.0001, reference=initial, ppo_epochs=1, steps=10000, reward=potts_tfbind8}",2,models/port_grid3/trafl_pairwise4_b0.25/seed_2/finetune_mlp_5,0.524790815011535,0.35833254995037245,15.137312794578051,6.5210141940244695,10.242367903028228,0.5179526890192212,0.1288635035919794,0.2531328676005322,0.04274481778171535,2.023606984060082,0.2953648251184928,0.29587768538224757,2.879649284150375,0.7738651475904197,16.32668012666816,0.6960150405850908,3.5631486988008954,2.2700933523355067,0.9577507223748551,1.0000000000000009,0.13987216163787553,6000.0,5.148098002186624,0.358967830773112,0.20894178082574674
"trafl[beta=0.25, estimator=pairwise, mask_scheme=iid, mask_samples=4, var_lambda=0.0, normalization=paper, rollout=uniform, rollout_temperature=1.0] mlp_w32 from mlp_5 {context_source=uniform, contexts=256, group=5, learning_rate=0.0001, reference=initial, ppo_epochs=1, steps=10000, reward=potts_tfbind8}",2,models/port_grid3/trafl_pairwise4_b0.25/seed_2/finetune_mlp_5,0.5256483204555189,0.36515101526891997,15.091269537826264,6.497604549136025,10.316681087624834,0.5211456980530002,0.1242649308754191,0.26409039013842617,0.04316095065670689,2.026992916804008,0.30931536460290704,0.30725134079513305,2.7273526723683013,0.746362003691589,16.53367387844537,0.7076898579368116,3.733672767654799,2.496148055860597,0.9850970247546281,1.0000000000000009,0.135244404973139,6500.0,5.220395407909828,0.3667676488148684,0.2038742326210349
"trafl[beta=0.25, estimator=pairwise, mask_scheme=iid, mask_samples=4, var_lambda=0.0, normalization=paper, rollout=uniform, rollout_temperature=1.0] mlp_w32 from mlp_5 {context_source=uniform, contexts=256, group=5, learning_rate=0.0001, reference=initial, ppo_epochs=1, steps=10000, reward=potts_tfbind8}",2,models/port_grid3/trafl_pairwise4_b0.25/seed_2/finetune_mlp_5,0.5188687872218083,0.3392899446669495,15.11484963954647,6.489570608453407,10.16142471307365,0.5118587804980208,0.13440654189485932,0.24274502562220185,0.04255084727574021,2.0802506255820874,0.2798812068684908,0.28529587289794206,3.1249140385830207,0.8431951370953963,16.106813133015997,0.6846463445555908,3.3923802767527036,2.212111485586019,0.930871874263444,1.0000000000000009,0.14462434087651851,7000.0,5.030261916176183,0.3515054331886863,0.2145243084537774
"trafl[beta=0.25, estimator=pairwise, mask_scheme=iid, mask_samples=4, var_lambda=0.0, normalization=paper, rollout=uniform, rollout_temperature=1.0] mlp_w32 from mlp_5 {context_source=uniform, contexts=256, group=5, learning_rate=0.0001, reference=initial, ppo_epochs=1, steps=10000, reward=potts_tfbind8}",2,models/port_grid3/trafl_pairwise4_b0.25/seed_2/finetune_mlp_5,0.5184514498593298,0.3340838295255228,15.112605137545522,6.513640514235887,10.171755514242285,0.5136863285169395,0.13207175770375112,0.2418340180416016,0.042828418622195,2.053951448113145,0.28111496238615835,0.2846624366637966,3.0832704471713863,0.8124853210626477,16.107683077135327,0.6840686055830997,3.398739469074627,2.1497879232308077,0.929457331422722,1.000000000000001,0.14327539610202716,7500.0,5.032401981311633,0.35238992549836384,0.21287853957172842
"trafl[beta=0.25, estimator=pairwise, mask_scheme=iid, mask_samples=4, var_lambda=0.0, normalization=paper, rollout=uniform, rollout_temperature=1.0] mlp_w32 from mlp_5 {context_source=uniform, contexts=256, group=5, learning_rate=0.0001, reference=initial, ppo_epochs=1, steps=10000, reward=potts_tfbind8}",2,models/port_grid3/trafl_pairwise4_b0.25/seed_2/finetune_mlp_5,0.519461614731672,0.3389099886594273,15.110294800521922,6.502254859078112,10.185573293956347,0.5138308068852784,0.1312288887065795,0.2444972049846677,0.04368960677520256,2.0506648562251097,0.28314055094706314,0.28818681175987026,3.0627403775565796,0.8169539387814974,16.14640511865329,0.6864295578495877,3.4244674593915168,2.1915845733847004,0.9348769082976793,1.0000000000000009,0.14184653973441527,8000.0,5.041293400746631,0.3527113477314416,0.2125652362326111
"trafl[beta=0.25, estimator=pairwise, mask_scheme=iid, mask_samples=4, var_lambda=0.0, normalization=paper, rollout=uniform, rollout_temperature=1.0] mlp_w32 from mlp_5 {context_source=uniform, contexts=256, group=5, learning_rate=0.0001, reference=initial, ppo_epochs=1, steps=10000, reward=potts_tfbind8}",2,models/port_grid3/trafl_pairwise4_b0.25/seed_2/finetune_mlp_5,0.5201673747682639,0.3383921491383057,15.134033261869149,6.531148977907719,10.216660495566494,0.5169888459878873,0.12952418233219637,0.24731178955973068,0.04414241943074024,2.011157882518396,0.28968101393871254,0.2914542089904709,3.637289326463603,1.0082107928434008,15.480339007610674,0.6525011293204378,2.961184184736525,2.103516700576015,0.8535400348991239,1.0000000000000013,0.14061520232353014,8500.0,5.107800325811462,0.35640117591102444,0.21028287127069328
"trafl[beta=0.25, estimator=pairwise, mask_scheme=iid, mask_samples=4, var_lambda=0.0, normalization=paper, rollout=uniform, rollout_temperature=1.0] mlp_w32 from mlp_5 {context_source=uniform, contexts=256, group=5, learning_rate=0.0001, reference=initial, ppo_epochs=1, steps=10000, reward=potts_tfbind8}",2,models/port_grid3/trafl_pairwise4_b0.25/seed_2/finetune_mlp_5,0.526396558419013,0.3680030203056326,15.080521651304252,6.484697624902716,10.349322086172082,0.5224270546594476,0.12141521413832296,0.26745106591911594,0.045822295450011985,1.9922885148241225,0.3143603954799553,0.3132733613691279,2.998409119369512,0.7770541287671608,16.16950771817195,0.6870211001390831,3.4484933807971645,2.1419840295287904,0.9362157450289137,1.0000000000000007,0.13212918621337513,9000.0,5.240220773298327,0.3684104129289054,0.2017958602818225
"trafl[beta=0.25, estimator=pairwise, mask_scheme=iid, mask_samples=4, var_lambda=0.0, normalization=paper, rollout=uniform, rollout_temperature=1.0] mlp_w32 from mlp_5 {context_source=uniform, contexts=256, group=5, learning_rate=0.0001, reference=initial, ppo_epochs=1, steps=10000, reward=potts_tfbind8}",2,models/port_grid3/trafl_pairwise4_b0.25/seed_2/finetune_mlp_5,0.5216440623594922,0.34864770754266505,15.094696728606078,6.48221790361089,10.315990347247876,0.5203188094711066,0.1232329655041645,0.2641156794273273,0.0453474223806456,2.0177743983319028,0.30757670812768584,0.3094631018079729,3.6023455458543223,0.9947873779037563,15.530638400000964,0.6551294799098373,2.9938408757062858,2.1073671440797668,0.8595847525680473,1.000000000000001,0.13367843359215648,9500.0,5.206259865926427,0.365151348876774,0.20374887239065298
"trafl[beta=0.25, estimator=pairwise, mask_scheme=iid, mask_samples=4, var_lambda=0.0, normalization=paper, rollout=uniform, rollout_temperature=1.0] mlp_w32 from mlp_5 {context_source=uniform, contexts=256, group=5, learning_rate=0.0001, reference=initial, ppo_epochs=1, steps=10000, reward=potts_tfbind8}",2,models/port_grid3/trafl_pairwise4_b0.25/seed_2/finetune_mlp_5,0.5205857174747335,0.3459972068782753,15.11605192514542,6.501539285488189,10.28249237132897,0.5191391172226605,0.12486712818014248,0.25856498152047724,0.045431070033857046,2.0197318021630037,0.30079283694932313,0.3039960515543343,3.0359540225394888,0.8081653557845068,16.17369422587858,0.6877981655204306,3.4448975413832867,2.2014565799773056,0.9383866143099102,1.0000000000000009,0.13526905639352027,10000.0,5.192645189065441,0.36295383017439803,0.20566343591870928
"trafl[beta=0.5, estimator=pairwise, mask_scheme=iid, mask_samples=4, var_lambda=0.0, normalization=paper, rollout=uniform, rollout_temperature=1.0] mlp_w32 from mlp_5 {context_source=uniform, contexts=256, group=5, learning_rate=0.0001, reference=initial, ppo_epochs=1, steps=10000, reward=potts_tfbind8}",1,models/port_grid3/trafl_pairwise4_b0.5/seed_1/finetune_mlp_5,0.40089774494688835,0.0,15.58400929863198,7.3350796144291905,7.274364485999048,0.40059227009566606,2.2007286308340355,0.0,0.0,3.3845174252188786,0.0,0.0,4.896481007458549,1.5766628960892644,8.347072093028896,0.2951274947079451,0.0,0.36194497535363446,0.02441464572044008,1.0000000000000013,2.4505464727693775,0.0,1.8270649549340976,0.11713328142727052,0.7909839602924758
"trafl[beta=0.5, estimator=pairwise, mask_scheme=iid, mask_samples=4, var_lambda=0.0, normalization=paper, rollout=uniform, rollout_temperature=1.0] mlp_w32 from mlp_5 {context_source=uniform, contexts=256, group=5, learning_rate=0.0001, reference=initial, ppo_epochs=1, steps=10000, reward=potts_tfbind8}",1,models/port_grid3/trafl_pairwise4_b0.5/seed_1/finetune_mlp_5,0.4016258651611265,5.401560156373066e-05,15.583051418655028,7.3310249804860295,7.292382261897248,0.4012716352266169,2.1909359343394694,4.907099139225162e-05,4.661954706058541e-06,3.3780112695359548,4.9086421394384716e-05,5.373294609831016e-05,4.894802494723836,1.5775232242288886,8.354791583312716,0.29553281960347705,4.3139778182325525e-05,0.36798338627354377,0.02485273288167564,1.000000000000001,2.441586671241671,1.0,1.8439979534414483,0.11827452411744493,0.7899244637297806
"trafl[beta=0.5, estimator=pairwise, mask_scheme=iid, mask_samples=4, var_lambda=0.0, normalization=paper, rollout=uniform, rollout_temperature=1.0] mlp_w32 from mlp_5 {context_source=uniform, contexts=256, group=5, learning_rate=0.0001, reference=initial, ppo_epochs=1, steps=10000, reward=potts_tfbind8}",1,models/port_grid3/trafl_pairwise4_b0.5/seed_1/finetune_mlp_5,0.4023550160792711,0.000194541630782958,15.583147308123156,7.328138705614837,7.312310056496912,0.402081344807229,2.179459039750015,0.00018466997455304822,1.6745306047599132e-05,3.3697271949589767,0.00018486188097282868,0.00020141528060064735,4.90481605546858,1.5820356415996066,8.366338650638205,0.29614373752682743,0.0002492866864611489,0.38169947516564917,0.025854014948747322,1.000000000000001,2.4317585494014176,2.0,1.8640730536799448,0.11962284472038738,0.7886841765449886
"trafl[beta=0.5, estimator=pairwise, mask_scheme=iid, mask_samples=4, var_lambda=0.0, normalization=paper, rollout=uniform, rollout_temperature=1.0] mlp_w32 from mlp_5 {context_source=uniform, contexts=256, group=5, learning_rate=0.0001, reference=initial, ppo_epochs=1, steps=10000, reward=potts_tfbind8}",1,models/port_grid3/trafl_pairwise4_b0.5/seed_1/finetune_mlp_5,0.403934450676959,0.0006835264608581232,15.58305561536494,7.32154879549851,7.355211684026847,0.40380913727370993,2.1525614938129753,0.0006738724367628072,6.0005342603560775e-05,3.347843770761478,0.0006761093081797212,0.000733877779366368,4.90520587236834,1.5809978952449413,8.393807830939357,0.2975239841308919,0.0012253412315684368,0.4115634352038561,0.028130338596972837,1.000000000000001,2.4107989830636565,4.0,1.9109305496909679,0.12276704770873917,0.7857866813628502
"trafl[beta=0.5, estimator=pairwise, mask_scheme=iid, mask_samples=4, var_lambda=0.0, normalization=paper, rollout=uniform, rollout_temperature=1.0] mlp_w32 from mlp_5 {context_source=uniform, contexts=256, group=5, learning_rate=0.0001, reference=initial, ppo_epochs=1, steps=10000, reward=potts_tfbind8}",1,models/port_grid3/trafl_pairwise4_b0.5/seed_1/finetune_mlp_5,0.4066894759535503,0.0024787315960819517,15.58105692744023,7.304702030666412,7.4384620329261155,0.4070092115499425,2.105100559199608,0.0025524118525608293,0.00022349583370147265,3.3119133153694187,0.0025694086322187682,0.002775907686262302,4.942213176977505,1.5931511575968424,8.437657912390174,0.2997958610895952,0.0031589326145300854,0.4686620941169487,0.03264922409441233,1.0000000000000013,2.371067107938064,8.0,1.9980619152401464,0.12867096756475388,0.780370435454985
"trafl[beta=0.5, estimator=pairwise, mask_scheme=iid, mask_samples=4, var_lambda=0.0, normalization=paper, rollout=uniform, rollout_temperature=1.0] mlp_w32 from mlp_5 {context_source=uniform, contexts=256, group=5, learning_rate=0.0001, reference=initial, ppo_epochs=1, steps=10000, reward=potts_tfbind8}",1,models/port_grid3/trafl_pairwise4_b0.5/seed_1/finetune_mlp_5,0.41266366622318684,0.008620906967500657,15.57700647443922,7.276280560355079,7.601128968586103,0.413675441389613,2.0111561400830396,0.009152277166588034,0.0007631557443970888,3.2323021457177785,0.009274536774149127,0.009915432910985122,5.624660446298425,1.788634678470681,8.659966159021296,0.3121196592055208,0.04067331498257977,0.8250919831278413,0.06113503012658663,1.000000000000001,2.2964387682499976,16.0,2.175732689882504,0.14078446185538554,0.7694236862971161
"trafl[beta=0.5, estimator=pairwise, mask_scheme=iid, mask_samples=4, var_lambda=0.0, normalization=paper, rollout=uniform, rollout_temperature=1.0] mlp_w32 from mlp_5 {context_source=uniform, contexts=256, group=5, learning_rate=0.0001, reference=initial, ppo_epochs=1, steps=10000, reward=potts_tfbind8}",1,models/port_grid3/trafl_pairwise4_b0.5/seed_1/finetune_mlp_5,0.4250744130254078,0.029899805668335208,15.567775102625232,7.222157477358022,7.90603136981993,0.4265489512882087,1.8532239920076787,0.030973018508618992,0.0023288911291878336,3.1040479385917625,0.031871702065068536,0.033301909637806826,6.982716770969587,2.1487969988086375,10.498860638779394,0.40979918723173137,1.067025682700497,2.2326985091409126,0.2799148259822933,1.000000000000001,2.1665847329240053,32.0,2.520310167125598,0.16470580952700922,0.7483783194040095
"trafl[beta=0.5, estimator=pairwise, mask_scheme=iid, mask_samples=4, var_lambda=0.0, normalization=paper, rollout=uniform, rollout_temperature=1.0] mlp_w32 from mlp_5 {context_source=uniform, contexts=256, group=5, learning_rate=0.0001, reference=initial, ppo_epochs=1, steps=10000, reward=potts_tfbind8}",1,models/port_grid3/trafl_pairwise4_b0.5/seed_1/finetune_mlp_5,0.44663950943149694,0.08809995886377589,15.526996720717172,7.119973524701734,8.435355607273051,0.4499025132183094,1.6066864692383882,0.08888364006944117,0.006940185475348762,2.8723673890394616,0.09337679423974427,0.09582382554478994,5.341922197431936,1.581763994194826,14.43043926966719,0.6042963796876781,2.494813678828172,2.4935854000774693,0.7399981929829123,1.0000000000000013,1.9634277063721193,64.0,3.1370103893824,0.2084024899749497,0.7116482481423878
"trafl[beta=0.5, estimator=pairwise, mask_scheme=iid, mask_samples=4, var_lambda=0.0, normalization=paper, rollout=uniform, rollout_temperature=1.0] mlp_w32 from mlp_5 {context_source=uniform, contexts=256, group=5, learning_rate=0.0001, reference=initial, ppo_epochs=1, steps=10000, reward=potts_tfbind8}",1,models/port_grid3/trafl_pairwise4_b0.5/seed_1/finetune_mlp_5,0.47699331795439914,0.19431191088286104,15.415567526031936,6.919477914921874,9.191303847726312,0.48179416790635565,1.2991245513161696,0.1846532710297486,0.015541150631089906,2.5655754993961435,0.19910126444133075,0.2001944216608385,3.550605026758208,1.0112012619530533,16.14931986698676,0.6903006179108497,3.5295141697082704,2.749675635858788,0.9451120420808186,1.0000000000000013,1.6911780563470773,128.0,4.034813496645908,0.2734970220931358,0.6565986143393605
"trafl[beta=0.5, estimator=pairwise, mask_scheme=iid, mask_samples=4, var_lambda=0.0, normalization=paper, rollout=uniform, rollout_temperature=1.0] mlp_w32 from mlp_5 {context_source=uniform, contexts=256, group=5, learning_rate=0.0001, reference=initial, ppo_epochs=1, steps=10000, reward=potts_tfbind8}",1,models/port_grid3/trafl_pairwise4_b0.5/seed_1/finetune_mlp_5,0.5295442050705321,0.4067644531279837,15.172904453079301,6.613336634833559,10.289054108070967,0.5294957944574807,0.9437203249359682,0.344504000756526,0.031851283182077195,2.176538849181801,0.38963511256808864,0.3763552839386032,2.974462014537224,0.7932689944463842,16.62268293580258,0.7138085583116892,4.132547889252131,2.8420087518589736,0.9915957776662094,1.0000000000000009,1.3328367743015042,256.0,5.285924440558059,0.3702347490289455,0.5775812249648881
"trafl[beta=0.5, estimator=pairwise, mask_scheme=iid, mask_samples=4, var_lambda=0.0, normalization=paper, rollout=uniform, rollout_temperature=1.0] mlp_w32 from mlp_5 {context_source=uniform, contexts=256, group=5, learning_rate=0.0001, reference=initial, ppo_epochs=1, steps=10000, reward=potts_tfbind8}",1,models/port_grid3/trafl_pairwise4_b0.5/seed_1/finetune_mlp_5,0.5892878441809306,0.732271344148246,14.688606250214008,6.147253011433395,11.559262746076707,0.5816841177183577,0.648320566178212,0.5500568540277417,0.06367367444294503,1.8787155121510064,0.6510381652627966,0.6137305284706868,4.284303328361059,1.191887612385359,16.906794111287052,0.7402832776254135,6.30130387627097,4.277779928159542,0.9995921045348666,1.0000000000000009,0.9591355079933412,500.0,6.563534600946116,0.48333777331438055,0.4850112474040805
"trafl[beta=0.5, estimator=pairwise, mask_scheme=iid, mask_samples=4, var_lambda=0.0, normalization=paper, rollout=uniform, rollout_temperature=1.0] mlp_w32 from mlp_5 {context_source=uniform, contexts=256, group=5, learning_rate=0.0001, reference=initial, ppo_epochs=1, steps=10000, reward=potts_tfbind8}",1,models/port_grid3/trafl_pairwise4_b0.5/seed_1/finetune_mlp_5,0.5923348784095583,0.7490088901132769,14.659041218844113,6.131668678441765,11.62769858155957,0.585176993373487,0.6332417551649901,0.5615973828874989,0.06508251739687376,1.8590709752344314,0.6684266037159812,0.6266799002843727,4.2873040727132725,1.1952758839871382,16.915963832140385,0.7409836325609979,6.313857920804489,4.2810957968858165,0.99961181385291,1.0000000000000009,0.9423060287050928,512.0,6.627842400698875,0.4895556118812267,0.47966950437865125
"trafl[beta=0.5, estimator=pairwise, mask_scheme=iid, mask_samples=4, var_lambda=0.0, normalization=paper, rollout=uniform, rollout_temperature=1.0] mlp_w32 from mlp_5 {context_source=uniform, contexts=256, group=5, learning_rate=0.0001, reference=initial, ppo_epochs=1, steps=10000, reward=potts_tfbind8}",1,models/port_grid3/trafl_pairwise4_b0.5/seed_1/finetune_mlp_5,0.6467643288029539,1.1371280367252516,13.929316559686185,5.623538596597237,12.795393210479045,0.631841319098604,0.4476513784753043,0.811630876121302,0.10683991118664382,1.6993968872650136,0.9621353473157227,0.9184707873079458,3.415913437189226,0.9002504990353367,16.887057486694623,0.7311517887815911,5.062241237749095,3.4147648831424733,0.9999282026020456,1.0000000000000009,0.6521674578451002,1000.0,7.592294708406849,0.5981219224708177,0.3881091113692238
"trafl[beta=0.5, estimator=pairwise, mask_scheme=iid, mask_samples=4, var_lambda=0.0, normalization=paper, rollout=uniform, rollout_temperature=1.0] mlp_w32 from mlp_5 {context_source=uniform, contexts=256, group=5, learning_rate=0.0001, reference=initial, ppo_epochs=1, steps=10000, reward=potts_tfbind8}",1,models/port_grid3/trafl_pairwise4_b0.5/seed_1/finetune_mlp_5,0.6509255446608795,1.1613546496968055,13.891039915639691,5.612766651216428,12.863461489304095,0.6357366715177013,0.4351942144816694,0.8257225237822132,0.10774550693623153,1.6657838329418648,0.983287368724455,0.9334680307184448,3.482914669129231,0.9247845080888425,16.903341707213862,0.7326199560195492,5.176007604364188,3.4817313027743357,0.9999260255994823,1.0000000000000007,0.639285339841304,1024.0,7.6272817888535185,0.6028955913395302,0.3827081600321053
"trafl[beta=0.5, estimator=pairwise, mask_scheme=iid, mask_samples=4, var_lambda=0.0, normalization=paper, rollout=uniform, rollout_temperature=1.0] mlp_w32 from mlp_5 {context_source=uniform, contexts=256, group=5, learning_rate=0.0001, reference=initial, ppo_epochs=1, steps=10000, reward=potts_tfbind8}",1,models/port_grid3/trafl_pairwise4_b0.5/seed_1/finetune_mlp_5,0.6549791907269568,1.187696184955732,13.789170473530632,5.542394831175434,13.044358044926126,0.6426309489317585,0.3983939500658084,0.8628299205351959,0.12854564761692955,1.5873757450021004,1.0181953346845867,0.9913755681521255,3.273574193438769,0.8567902187176384,16.890218587885155,0.7301298822504627,4.981567820919226,3.272694118099752,0.99994498682461,1.0000000000000007,0.58374502799042,1500.0,7.7196113024235515,0.6150358781699522,0.36818951431628033
"trafl[beta=0.5, estimator=pairwise, mask_scheme=iid, mask_samples=4, var_lambda=0.0, normalization=paper, rollout=uniform, rollout_temperature=1.0] mlp_w32 from mlp_5 {context_source=uniform, contexts=256, group=5, learning_rate=0.0001, reference=initial, ppo_epochs=1, steps=10000, reward=potts_tfbind8}",1,models/port_grid3/trafl_pairwise4_b0.5/seed_1/finetune_mlp_5,0.6579705904520232,1.2227734598904298,13.696494627744075,5.48933496059999,13.122040690399496,0.644535109511125,0.37916826650367474,0.8713121908619559,0.1419170790064077,1.5491212507727676,1.027418953968364,1.0132292698683636,3.1416171939044295,0.8031110087628205,16.870269833945986,0.728059786749071,4.878015814283432,3.140800568872149,0.9999489549346904,1.0000000000000007,0.5541273245375116,2000.0,7.744209119844835,0.622283087234258,0.3567199088772557
"trafl[beta=0.5, estimator=pairwise, mask_scheme=iid, mask_samples=4, var_lambda=0.0, normalization=paper, rollout=uniform, rollout_temperature=1.0] mlp_w32 from mlp_5 {context_source=uniform, contexts=256, group=5, learning_rate=0.0001, reference=initial, ppo_epochs=1, steps=10000, reward=potts_tfbind8}",1,models/port_grid3/trafl_pairwise4_b0.5/seed_1/finetune_mlp_5,0.6672129684271685,1.2947901390835481,13.579447102042732,5.427050185070957,13.29512502064982,0.6532592897261345,0.3593189837775186,0.9085939529474125,0.14642062407230805,1.5113961146161747,1.0867549036742141,1.0550145770197206,3.313211301408784,0.872576914594506,16.89110419613319,0.7307953304354484,5.026496874029574,3.312309041176046,0.9999436011684135,1.0000000000000007,0.526921109118196,2048.0,7.843625186791533,0.6359777150545018,0.3462815816152034
"trafl[beta=0.5, estimator=pairwise, mask_scheme=iid, mask_samples=4, var_lambda=0.0, normalization=paper, rollout=uniform, rollout_temperature=1.0] mlp_w32 from mlp_5 {context_source=uniform, contexts=256, group=5, learning_rate=0.0001, reference=initial, ppo_epochs=1, steps=10000, reward=potts_tfbind8}",1,models/port_grid3/trafl_pairwise4_b0.5/seed_1/finetune_mlp_5,0.6634478238896776,1.2642022918087779,13.545351453284722,5.394713967553878,13.32978498237119,0.6530430165624379,0.3503471951285292,0.920686269807844,0.15059723833827587,1.517615849029508,1.086825402157877,1.0712835081461198,3.0623445436672707,0.7787417165172696,16.86320975931848,0.7271836880717797,4.80401550352461,3.061810064944294,0.999966591922434,1.0000000000000007,0.5096616267411793,2500.0,7.866832608944611,0.6395026028431083,0.3421596025457161
"trafl[beta=0.5, estimator=pairwise, mask_scheme=iid, mask_samples=4, var_lambda=0.0, normalization=paper, rollout=uniform, rollout_temperature=1.0] mlp_w32 from mlp_5 {context_source=uniform, contexts=256, group=5, learning_rate=0.0001, reference=initial, ppo_epochs=1, steps=10000, reward=potts_tfbind8}",1,models/port_grid3/trafl_pairwise4_b0.5/seed_1/finetune_mlp_5,0.6699385843198211,1.3132337058573915,13.46170722869311,5.338213126619822,13.524984592905456,0.6623275964649955,0.32392451667172373,0.995142060974153,0.1641268628024406,1.4532965297867602,1.1463076999604214,1.1592689237765936,3.053528415212762,0.7844067259451112,16.855692974617572,0.726797380603901,4.800771362247616,3.0530160165740075,0.99996797200126,1.0000000000000007,0.4715441192765919,3000.0,8.068884184095676,0.6581345227598535,0.3280526698794955
"trafl[beta=0.5, estimator=pairwise, mask_scheme=iid, mask_samples=4, var_lambda=0.0, normalization=paper, rollout=uniform, rollout_temperature=1.0] mlp_w32 from mlp_5 {context_source=uniform, contexts=256, group=5, learning_rate=0.0001, reference=initial, ppo_epochs=1, steps=10000, reward=potts_tfbind8}",1,models/port_grid3/trafl_pairwise4_b0.5/seed_1/finetune_mlp_5,0.6648145675129582,1.2881649203820762,13.43231137861813,5.3305207476758,13.505975580135576,0.661003937171064,0.32632164838797445,0.9767324401817494,0.16812129504400364,1.450499451433188,1.1377996397750787,1.144853735225753,2.8935838960175477,0.7261116088118205,16.83985888146975,0.7248718185184936,4.653443800965654,2.8932023034358867,0.9999761487820945,1.0000000000000007,0.47254056547619006,3500.0,8.016387102074486,0.6563053650429861,0.328254750216598
"trafl[beta=0.5, estimator=pairwise, mask_scheme=iid, mask_samples=4, var_lambda=0.0, normalization=paper, rollout=uniform, rollout_temperature=1.0] mlp_w32 from mlp_5 {context_source=uniform, contexts=256, group=5, learning_rate=0.0001, reference=initial, ppo_epochs=1, steps=10000, reward=potts_tfbind8}",1,models/port_grid3/trafl_pairwise4_b0.5/seed_1/finetune_mlp_5,0.6661152027009529,1.3027220243992383,13.350976952072719,5.299087378481875,13.588536622287933,0.6647253728984722,0.3179357346098705,1.003865623245988,0.17334467110423502,1.438937262870109,1.1638698573917468,1.177210294350223,2.9310908313061312,0.7217559755829259,16.852022539108802,0.7256101433023001,4.753724634927525,2.930638053434251,0.9999716988513672,1.0000000000000007,0.45733026201667204,4000.0,8.050531322074868,0.6638847716468147,0.3201104278917972
"trafl[beta=0.5, estimator=pairwise, mask_scheme=iid, mask_samples=4, var_lambda=0.0, normalization=paper, rollout=uniform, rollout_temperature=1.0] mlp_w32 from mlp_5 {context_source=uniform, contexts=256, group=5, learning_rate=0.0001, reference=initial, ppo_epochs=1, steps=10000, reward=potts_tfbind8}",1,models/port_grid3/trafl_pairwise4_b0.5/seed_1/finetune_mlp_5,0.666362055924898,1.2950451775155345,13.411703322504954,5.322288555773982,13.550967822793156,0.6631600230572597,0.32164491070331713,0.9946522603902122,0.1724731989823427,1.4394693699083128,1.1500907546892654,1.1671254593725549,2.9224794785413204,0.7282299214417631,16.850833084152637,0.7255169288243065,4.714893076538479,2.9221179663268253,0.9999774039283791,1.0000000000000007,0.46233555906158413,4096.0,8.061410671674347,0.6606767076811487,0.3253165744383722
"trafl[beta=0.5, estimator=pairwise, mask_scheme=iid, mask_samples=4, var_lambda=0.0, normalization=paper, rollout=uniform, rollout_temperature=1.0] mlp_w32 from mlp_5 {context_source=uniform, contexts=256, group=5, learning_rate=0.0001, reference=initial, ppo_epochs=1, steps=10000, reward=potts_tfbind8}",1,models/port_grid3/trafl_pairwise4_b0.5/seed_1/finetune_mlp_5,0.655863448011774,1.2046556205524013,13.543745975552774,5.410333532037931,13.376213697205642,0.6559341815716805,0.3287275618301293,0.9302435387652758,0.17212295498025176,1.40789194723462,1.0877900352036245,1.1023664937455275,2.9461245986794964,0.7284513791656391,16.876668301289197,0.726917902797439,4.8235846183903615,2.945691196206498,0.9999729098975749,1.0000000000000009,0.48741190236970594,4500.0,7.887086466941187,0.6407523641977213,0.3324424313392092
"trafl[beta=0.5, estimator=pairwise, mask_scheme=iid, mask_samples=4, var_lambda=0.0, normalization=paper, rollout=uniform, rollout_temperature=1.0] mlp_w32 from mlp_5 {context_source=uniform, contexts=256, group=5, learning_rate=0.0001, reference=initial, ppo_epochs=1, steps=10000, reward=potts_tfbind8}",1,models/port_grid3/trafl_pairwise4_b0.5/seed_1/finetune_mlp_5,0.6718508319102867,1.324217054162674,13.375934621752798,5.301810960431944,13.710537608352427,0.6726173787126274,0.29362639968862636,1.0111600673977488,0.18663129452995597,1.3412060134955022,1.1988544609111984,1.1977913619277047,3.216915723438678,0.8306406887681451,16.868935377828766,0.7285115685158816,4.996267031049993,3.215758168835873,0.9999276322664304,1.000000000000001,0.4313143725038815,5000.0,8.17368762945783,0.6700775452714928,0.31242343128150707
"trafl[beta=0.5, estimator=pairwise, mask_scheme=iid, mask_samples=4, var_lambda=0.0, normalization=paper, rollout=uniform, rollout_temperature=1.0] mlp_w32 from mlp_5 {context_source=uniform, contexts=256, group=5, learning_rate=0.0001, reference=initial, ppo_epochs=1, steps=10000, reward=potts_tfbind8}",1,models/port_grid3/trafl_pairwise4_b0.5/seed_1/finetune_mlp_5,0.6676940579651324,1.2846473318699354,13.409929814529196,5.328551113852825,13.59841300444076,0.6663576792772796,0.30258742048285103,0.9879753289620508,0.18273290106991658,1.3625264506624335,1.1577311224913425,1.1707082300319673,3.073826573243712,0.7757766441406981,16.880822041844123,0.7281324491208645,4.9164444982472615,3.0733258083832413,0.9999686987603659,1.0000000000000009,0.4462533360398601,5500.0,8.060123732559727,0.6604252064369602,0.31771210162552493
"trafl[beta=0.5, estimator=pairwise, mask_scheme=iid, mask_samples=4, var_lambda=0.0, normalization=paper, rollout=uniform, rollout_temperature=1.0] mlp_w32 from mlp_5 {context_source=uniform, contexts=256, group=5, learning_rate=0.0001, reference=initial, ppo_epochs=1, steps=10000, reward=potts_tfbind8}",1,models/port_grid3/trafl_pairwise4_b0.5/seed_1/finetune_mlp_5,0.6625067219329848,1.2680040679007505,13.477420086549593,5.342680291719144,13.472939351951881,0.6586897891706823,0.32458861852468823,0.9629107608714671,0.1856008029615952,1.4081429900872466,1.1146540369807862,1.1485115638330623,2.8513063064026003,0.6968070178084161,16.83386134143193,0.7240947944571758,4.6643818957398615,2.8509261852231744,0.9999762404936338,1.0000000000000007,0.4659130767737466,6000.0,8.00701530808384,0.6522785470763307,0.3278957913806809
"trafl[beta=0.5, estimator=pairwise, mask_scheme=iid, mask_samples=4, var_lambda=0.0, normalization=paper, rollout=uniform, rollout_temperature=1.0] mlp_w32 from mlp_5 {context_source=uniform, contexts=256, group=5, learning_rate=0.0001, reference=initial, ppo_epochs=1, steps=10000, reward=potts_tfbind8}",1,models/port_grid3/trafl_pairwise4_b0.5/seed_1/finetune_mlp_5,0.668850584406186,1.3064400024800338,13.322665260864134,5.269491552473562,13.744567356480141,0.6728681404168534,0.2920613915889308,1.0383435400652974,0.19984808171412416,1.3454087046735879,1.2069027677233142,1.2381916217794215,2.9148648965469546,0.7125817120235443,16.852694181435982,0.7253708292600932,4.756877215252097,2.9144830489592675,0.9999761324735911,1.0000000000000009,0.4223478052521412,6500.0,8.203991016690857,0.6753679530956682,0.3089858401028844
"trafl[beta=0.5, estimator=pairwise, mask_scheme=iid, mask_samples=4, var_lambda=0.0, normalization=paper, rollout=uniform, rollout_temperature=1.0] mlp_w32 from mlp_5 {context_source=uniform, contexts=256, group=5, learning_rate=0.0001, reference=initial, ppo_epochs=1, steps=10000, reward=potts_tfbind8}",1,models/port_grid3/trafl_pairwise4_b0.5/seed_1/finetune_mlp_5,0.6708962304254669,1.3260786214751654,13.271286956404523,5.239295603876756,13.760411967894836,0.6722239695216954,0.2911844433642503,1.049808664121232,0.19712458383436382,1.361878357675486,1.2082526294897376,1.246933247955596,2.7672708680307023,0.6583648764807477,16.848877755122214,0.7241676836329338,4.659524204258543,2.766993597867203,0.9999826697197484,1.0000000000000007,0.41577536131121806,7000.0,8.208044806067324,0.6788862773032144,0.30599314897357394
"trafl[beta=0.5, estimator=pairwise, mask_scheme=iid, mask_samples=4, var_lambda=0.0, normalization=paper, rollout=uniform, rollout_temperature=1.0] mlp_w32 from mlp_5 {context_source=uniform, contexts=256, group=5, learning_rate=0.0001, reference=initial, ppo_epochs=1, steps=10000, reward=potts_tfbind8}",1,models/port_grid3/trafl_pairwise4_b0.5/seed_1/finetune_mlp_5,0.6735475000009212,1.340466746512116,13.32032093189985,5.2600771920495895,13.750466173383277,0.6726810563227466,0.2915337000080848,1.038496619022941,0.19965154536047458,1.3557510044062182,1.2060275685325015,1.2381481643834156,3.0361423444081277,0.7638399690113592,16.84961009681753,0.7259270636321016,4.756748769309326,3.035814968243667,0.9999795378269966,1.0000000000000007,0.4185231976097597,7500.0,8.251019847148232,0.6785675118302285,0.30738217160576703
"trafl[beta=0.5, estimator=pairwise, mask_scheme=iid, mask_samples=4, var_lambda=0.0, normalization=paper, rollout=uniform, rollout_temperature=1.0] mlp_w32 from mlp_5 {context_source=uniform, contexts=256, group=5, learning_rate=0.0001, reference=initial, ppo_epochs=1, steps=10000, reward=potts_tfbind8}",1,models/port_grid3/trafl_pairwise4_b0.5/seed_1/finetune_mlp_5,0.6675022526700722,1.2895784905147971,13.418109773268968,5.324778484240468,13.629450308101951,0.6677746135374298,0.3001055523897588,0.9993666318099705,0.1946207799254669,1.3383348512251783,1.1635725403275679,1.1939874117354374,2.971508752084259,0.7432547567525137,16.848643293107074,0.7256341453828383,4.754392638886714,2.9712130290953516,0.9999815162415204,1.0000000000000007,0.43657610204548974,8000.0,8.15468958857447,0.665973168626905,0.3159078873585964
"trafl[beta=0.5, estimator=pairwise, mask_scheme=iid, mask_samples=4, var_lambda=0.0, normalization=paper, rollout=uniform, rollout_temperature=1.0] mlp_w32 from mlp_5 {context_source=uniform, contexts=256, group=5, learning_rate=0.0001, reference=initial, ppo_epochs=1, steps=10000, reward=potts_tfbind8}",1,models/port_grid3/trafl_pairwise4_b0.5/seed_1/finetune_mlp_5,0.6760211555309111,1.364154958031276,13.221396713399345,5.2106225525026435,13.91985083993879,0.681451746493428,0.27587883126446,1.0951553277326982,0.19996547735458337,1.3182473548680789,1.2654882549895177,1.2951208050872816,2.9711872998790416,0.7392677961650019,16.83399742210434,0.7249016994661123,4.742061409468742,2.970882072984949,0.999980922101486,1.0000000000000004,0.393291550789019,8500.0,8.38168874072159,0.6935322673891017,0.29851773407066007
"trafl[beta=0.5, estimator=pairwise, mask_scheme=iid, mask_samples=4, var_lambda=0.0, normalization=paper, rollout=uniform, rollout_temperature=1.0] mlp_w32 from mlp_5 {context_source=uniform, contexts=256, group=5, learning_rate=0.0001, reference=initial, ppo_epochs=1, steps=10000, reward=potts_tfbind8}",1,models/port_grid3/trafl_pairwise4_b0.5/seed_1/finetune_mlp_5,0.674762617984996,1.3477414025593575,13.27255518876792,5.229670068793048,13.833557695694468,0.6765663580866925,0.2776058568932883,1.0656112318619293,0.2004705673584808,1.3191743884947178,1.229919533999371,1.26608179922041,3.076426274912163,0.7839841170444105,16.851006018351246,0.7268168432579402,4.830326536771391,3.0760738460476933,0.9999779718061055,1.0000000000000004,0.40086940192102727,9000.0,8.30181342884762,0.6846941345211951,0.3011567188935165
"trafl[beta=0.5, estimator=pairwise, mask_scheme=iid, mask_samples=4, var_lambda=0.0, normalization=paper, rollout=uniform, rollout_temperature=1.0] mlp_w32 from mlp_5 {context_source=uniform, contexts=256, group=5, learning_rate=0.0001, reference=initial, ppo_epochs=1, steps=10000, reward=potts_tfbind8}",1,models/port_grid3/trafl_pairwise4_b0.5/seed_1/finetune_mlp_5,0.6714039833215675,1.3274679557623568,13.195987406053476,5.19306052654348,13.885503804308291,0.6779838402357192,0.27297726875257267,1.0831759122330626,0.20304995102053347,1.3340965033286787,1.2446359367114683,1.2862258632535961,2.8072811113297864,0.6715313478344767,16.863870309514088,0.7252597401347929,4.696466477217169,2.8070955682801357,0.9999884032900408,1.0000000000000007,0.38961275032621934,9500.0,8.309455974013717,0.6902095617851112,0.2965336195146053
"trafl[beta=0.5, estimator=pairwise, mask_scheme=iid, mask_samples=4, var_lambda=0.0, normalization=paper, rollout=uniform, rollout_temperature=1.0] mlp_w32 from mlp_5 {context_source=uniform, contexts=256, group=5, learning_rate=0.0001, reference=initial, ppo_epochs=1, steps=10000, reward=potts_tfbind8}",1,models/port_grid3/trafl_pairwise4_b0.5/seed_1/finetune_mlp_5,0.665716538941342,1.2783177211010401,13.378391769937297,5.295894379940115,13.708493642484662,0.6713613442989024,0.2890281467302073,1.026956529804381,0.19968247556824048,1.320689028281601,1.1862749319746442,1.2266390053726215,2.865329418528607,0.6965094689809348,16.865776570090137,0.725767669049947,4.72458164029484,2.8651341643257457,0.9999877963058819,1.0000000000000007,0.41975682650120916,10000.0,8.233067494691657,0.6735087826713269,0.31071625180364304
"trafl[beta=0.5, estimator=pairwise, mask_scheme=iid, mask_samples=4, var_lambda=0.0, normalization=paper, rollout=uniform, rollout_temperature=1.0] mlp_w32 from mlp_5 {context_source=uniform, contexts=256, group=5, learning_rate=0.0001, reference=initial, ppo_epochs=1, steps=10000, reward=potts_tfbind8}",2,models/port_grid3/trafl_pairwise4_b0.5/seed_2/finetune_mlp_5,0.40089774494688835,0.0,15.58400929863198,7.3350796144291905,7.274364485999048,0.40059227009566606,2.2007286308340355,0.0,0.0,3.3845174252188786,0.0,0.0,4.896481007458549,1.5766628960892644,8.347072093028896,0.2951274947079451,0.0,0.36194497535363446,0.02441464572044008,1.0000000000000013,2.4505464727693775,0.0,1.8270649549340976,0.11713328142727052,0.7909839602924758
"trafl[beta=0.5, estimator=pairwise, mask_scheme=iid, mask_samples=4, var_lambda=0.0, normalization=paper, rollout=uniform, rollout_temperature=1.0] mlp_w32 from mlp_5 {context_source=uniform, contexts=256, group=5, learning_rate=0.0001, reference=initial, ppo_epochs=1, steps=10000, reward=potts_tfbind8}",2,models/port_grid3/trafl_pairwise4_b0.5/seed_2/finetune_mlp_5,0.40164923568427624,7.22964001397524e-05,15.582105615837243,7.327070971699704,7.2970111624509615,0.4013075557251827,2.188263887980122,7.05123437420099e-05,6.490285474156061e-06,3.3762782306976984,7.049472554053037e-05,7.700262921616597e-05,4.887907027446261,1.5754290449260564,8.35429064973628,0.29550023162465683,5.86278709212519e-05,0.3663868164838312,0.024746068801979423,1.0000000000000013,2.4392936292689607,1.0,1.8483331764132727,0.11858352705122144,0.7896488183242849
"trafl[beta=0.5, estimator=pairwise, mask_scheme=iid, mask_samples=4, var_lambda=0.0, normalization=paper, rollout=uniform, rollout_temperature=1.0] mlp_w32 from mlp_5 {context_source=uniform, contexts=256, group=5, learning_rate=0.0001, reference=initial, ppo_epochs=1, steps=10000, reward=potts_tfbind8}",2,models/port_grid3/trafl_pairwise4_b0.5/seed_2/finetune_mlp_5,0.40265931536213095,0.000256474088368304,15.582468294670916,7.322405504597191,7.320725666856198,0.4022148983451093,2.1722258472959273,0.00024954972604752587,2.028407113832518e-05,3.362984235162007,0.0002495720259861082,0.00026983379718585105,4.894533054938496,1.5770369711127474,8.377005934174356,0.29663069555859534,0.00045871959962650796,0.39229151547384633,0.026724517372111584,1.000000000000001,2.4276154543667867,2.0,1.874126484570489,0.12031772464739138,0.7880453566308013
"trafl[beta=0.5, estimator=pairwise, mask_scheme=iid, mask_samples=4, var_lambda=0.0, normalization=paper, rollout=uniform, rollout_temperature=1.0] mlp_w32 from mlp_5 {context_source=uniform, contexts=256, group=5, learning_rate=0.0001, reference=initial, ppo_epochs=1, steps=10000, reward=potts_tfbind8}",2,models/port_grid3/trafl_pairwise4_b0.5/seed_2/finetune_mlp_5,0.4043841654998801,0.0008566071208470569,15.582872633120125,7.315593878550647,7.36377109256587,0.4039617282621023,2.144486387137804,0.000856981590435995,6.594691842387286e-05,3.3403012236867906,0.0008577789660588406,0.0009229285088598678,4.907512402414155,1.5823883966832146,8.396438106066364,0.2976804870367864,0.0015557800726107877,0.4083326075760434,0.02793695102816092,1.000000000000001,2.4067009484520225,4.0,1.9195407228311936,0.12337649490724333,0.7852357946825501
"trafl[beta=0.5, estimator=pairwise, mask_scheme=iid, mask_samples=4, var_lambda=0.0, normalization=paper, rollout=uniform, rollout_temperature=1.0] mlp_w32 from mlp_5 {context_source=uniform, contexts=256, group=5, learning_rate=0.0001, reference=initial, ppo_epochs=1, steps=10000, reward=potts_tfbind8}",2,models/port_grid3/trafl_pairwise4_b0.5/seed_2/finetune_mlp_5,0.4076714430914635,0.0028843638029095713,15.58373567448827,7.3041182656823995,7.447485602640307,0.4074663343269564,2.093544860230649,0.002958593737010476,0.00021978152291913904,3.2987578139524296,0.0029722965396510263,0.003178375259929615,4.9647419401965,1.6025395175722186,8.45001873330977,0.3005090241771203,0.00432748553208835,0.4693373736109565,0.032753540714574404,1.0000000000000013,2.366958210988399,8.0,2.0095458606467815,0.12947356030183507,0.7796794751518927
"trafl[beta=0.5, estimator=pairwise, mask_scheme=iid, mask_samples=4, var_lambda=0.0, normalization=paper, rollout=uniform, rollout_temperature=1.0] mlp_w32 from mlp_5 {context_source=uniform, contexts=256, group=5, learning_rate=0.0001, reference=initial, ppo_epochs=1, steps=10000, reward=potts_tfbind8}",2,models/port_grid3/trafl_pairwise4_b0.5/seed_2/finetune_mlp_5,0.4143829932074222,0.009753522234374696,15.58389759673533,7.28639767585955,7.611402982424967,0.4147122185072621,1.9944750490145517,0.010001865241211935,0.0007345192280289424,3.212126733771249,0.010146499519281538,0.010736384469240877,4.898835213189325,1.5910978369713802,8.630843944974576,0.30938190686767797,0.02396119057446873,0.6151659679678038,0.044010263384940206,1.0000000000000013,2.292173724075699,16.0,2.1968999399298035,0.14224534287730017,0.7682272478083902
"trafl[beta=0.5, estimator=pairwise, mask_scheme=iid, mask_samples=4, var_lambda=0.0, normalization=paper, rollout=uniform, rollout_temperature=1.0] mlp_w32 from mlp_5 {context_source=uniform, contexts=256, group=5, learning_rate=0.0001, reference=initial, ppo_epochs=1, steps=10000, reward=potts_tfbind8}",2,models/port_grid3/trafl_pairwise4_b0.5/seed_2/finetune_mlp_5,0.42726441694836437,0.03163234225702778,15.580850066555591,7.249273589047927,7.922379166744493,0.42882355609026657,1.8192652842609518,0.03266556140880002,0.0024372567151764585,3.051804779071052,0.03356110916071914,0.035102818123976476,6.97475095485937,2.1487801662819264,10.504364730287357,0.4098609597090826,1.0419478579474424,2.21809602846887,0.2781417847867368,1.000000000000001,2.1601002415573713,32.0,2.561034409452374,0.16725348105381674,0.7461730391726754
"trafl[beta=0.5, estimator=pairwise, mask_scheme=iid, mask_samples=4, var_lambda=0.0, normalization=paper, rollout=uniform, rollout_temperature=1.0] mlp_w32 from mlp_5 {context_source=uniform, contexts=256, group=5, learning_rate=0.0001, reference=initial, ppo_epochs=1, steps=10000, reward=potts_tfbind8}",2,models/port_grid3/trafl_pairwise4_b0.5/seed_2/finetune_mlp_5,0.44849954826427785,0.08939757566042922,15.54456359571606,7.16056102477402,8.431494769102951,0.45178225762755064,1.583084014918366,0.08777050653810714,0.006754139248561553,2.8295020251477494,0.09278403825286503,0.09452464578666869,5.315811277467054,1.568996851284162,14.478017502095879,0.6064076348520162,2.493077524320917,2.486255474253467,0.74317521672319,1.0000000000000013,1.9647653694702911,64.0,3.1560147339988207,0.2091623174910984,0.7106967834384954
"trafl[beta=0.5, estimator=pairwise, mask_scheme=iid, mask_samples=4, var_lambda=0.0, normalization=paper, rollout=uniform, rollout_temperature=1.0] mlp_w32 from mlp_5 {context_source=uniform, contexts=256, group=5, learning_rate=0.0001, reference=initial, ppo_epochs=1, steps=10000, reward=potts_tfbind8}",2,models/port_grid3/trafl_pairwise4_b0.5/seed_2/finetune_mlp_5,0.47958166502252897,0.2030122235586802,15.418085622495145,6.937884098402392,9.190680365873318,0.48310808221179247,1.288152890847921,0.18682843741728022,0.01597759795714848,2.5429324442345353,0.2034091241305995,0.2028060353744287,4.095680468048399,1.1610804016775682,15.721817829491464,0.6682204390521392,3.1960518895160233,2.6196574209167167,0.8926620910617492,1.0000000000000007,1.695797656962839,128.0,4.032160304042487,0.27365720482605277,0.6562186650321642
"trafl[beta=0.5, estimator=pairwise, mask_scheme=iid, mask_samples=4, var_lambda=0.0, normalization=paper, rollout=uniform, rollout_temperature=1.0] mlp_w32 from mlp_5 {context_source=uniform, contexts=256, group=5, learning_rate=0.0001, reference=initial, ppo_epochs=1, steps=10000, reward=potts_tfbind8}",2,models/port_grid3/trafl_pairwise4_b0.5/seed_2/finetune_mlp_5,0.5304465965711923,0.4189245069088249,15.148951339447356,6.571073628517812,10.32549570735984,0.5294316432401156,0.9373737636862736,0.3457986521065506,0.033223640998059245,2.1877990827927123,0.39279587823880924,0.37902229310460983,2.950835085350618,0.7855598103820602,16.647967131584775,0.715316970401667,4.153456133053107,2.869636734637252,0.9948823904120704,1.0000000000000009,1.3177767403277867,256.0,5.339476538445063,0.3746027248219133,0.5736990036801263
"trafl[beta=0.5, estimator=pairwise, mask_scheme=iid, mask_samples=4, var_lambda=0.0, normalization=paper, rollout=uniform, rollout_temperature=1.0] mlp_w32 from mlp_5 {context_source=uniform, contexts=256, group=5, learning_rate=0.0001, reference=initial, ppo_epochs=1, steps=10000, reward=potts_tfbind8}",2,models/port_grid3/trafl_pairwise4_b0.5/seed_2/finetune_mlp_5,0.6018201745240099,0.820712515881788,14.62291897725134,6.1051675554547895,11.778127767849508,0.5936423473029341,0.6126248055807584,0.5959534703080167,0.06517815319871345,1.8230773977148589,0.71826523431272,0.6611316235067302,4.420997777650034,1.4708740622241132,16.910290361747894,0.7765461499958652,12.456608893950655,4.411734121575939,0.999419880273473,1.0000000000000009,0.9169300661568622,500.0,6.819811719005476,0.5046525916444411,0.4739743250165016
"trafl[beta=0.5, estimator=pairwise, mask_scheme=iid, mask_samples=4, var_lambda=0.0, normalization=paper, rollout=uniform, rollout_temperature=1.0] mlp_w32 from mlp_5 {context_source=uniform, contexts=256, group=5, learning_rate=0.0001, reference=initial, ppo_epochs=1, steps=10000, reward=potts_tfbind8}",2,models/port_grid3/trafl_pairwise4_b0.5/seed_2/finetune_mlp_5,0.5959465418065919,0.7802450547067724,14.65779717181985,6.1225750080282815,11.685778222969063,0.5884242576067572,0.6249347067514316,0.5754616605346101,0.065702600280241,1.840117119115208,0.6878353441403839,0.6411642608148511,4.412886902398391,1.2651813089334991,16.907696156818073,0.7440265248999799,6.819514038056595,4.406466266870718,0.9995984707453466,1.0000000000000009,0.9326749484247518,512.0,6.716259247878719,0.4954898084003537,0.47835620281463037
"trafl[beta=0.5, estimator=pairwise, mask_scheme=iid, mask_samples=4, var_lambda=0.0, normalization=paper, rollout=uniform, rollout_temperature=1.0] mlp_w32 from mlp_5 {context_source=uniform, contexts=256, group=5, learning_rate=0.0001, reference=initial, ppo_epochs=1, steps=10000, reward=potts_tfbind8}",2,models/port_grid3/trafl_pairwise4_b0.5/seed_2/finetune_mlp_5,0.6441372728221867,1.1049091566538556,14.003509933784501,5.674867071283029,12.736670202097653,0.630698253428289,0.4474804806029785,0.7871158931998878,0.10596094224649089,1.6489045308450143,0.9450057480811971,0.8930768354463787,4.143865851429781,1.1650348417390322,16.92414226925886,0.7411581580502418,6.197899977872168,4.141589191480925,0.9998576469185628,1.0000000000000009,0.6643993628012694,1000.0,7.535040807633825,0.5896822483774724,0.392594720583437
"trafl[beta=0.5, estimator=pairwise, mask_scheme=iid, mask_samples=4, var_lambda=0.0, normalization=paper, rollout=uniform, rollout_temperature=1.0] mlp_w32 from mlp_5 {context_source=uniform, contexts=256, group=5, learning_rate=0.0001, reference=initial, ppo_epochs=1, steps=10000, reward=potts_tfbind8}",2,models/port_grid3/trafl_pairwise4_b0.5/seed_2/finetune_mlp_5,0.6460420344959539,1.116436110432503,14.02687001975429,5.696905410895478,12.725885545636407,0.6311000513730118,0.445256533490131,0.7798361583836422,0.10640777906308962,1.6305841928382467,0.9422001329935352,0.8862439374467318,4.242900919421552,1.2044638704322574,16.93961166327697,0.7431245065167085,6.39490227401696,4.240434875666313,0.999845800552821,1.0000000000000004,0.6669860759442278,1024.0,7.527039083503367,0.5878188837353822,0.3936691480193716
"trafl[beta=0.5, estimator=pairwise, mask_scheme=iid, mask_samples=4, var_lambda=0.0, normalization=paper, rollout=uniform, rollout_temperature=1.0] mlp_w32 from mlp_5 {context_source=uniform, contexts=256, group=5, learning_rate=0.0001, reference=initial, ppo_epochs=1, steps=10000, reward=potts_tfbind8}",2,models/port_grid3/trafl_pairwise4_b0.5/seed_2/finetune_mlp_5,0.6626116213573041,1.2509588199977546,13.71737662831167,5.496999032728901,13.119340861256129,0.6457787480565262,0.39432803303244,0.883353650686425,0.12997733721904559,1.5944949498932361,1.0449198577762286,1.0133309879054706,3.345883794858234,0.8824132995290133,16.888209794140145,0.7308313491335455,5.026452002322529,3.3449006576334965,0.999938542854943,1.0000000000000007,0.5729781429170575,1500.0,7.7889511095033654,0.6239697098308932,0.36313370571132625
"trafl[beta=0.5, estimator=pairwise, mask_scheme=iid, mask_samples=4, var_lambda=0.0, normalization=paper, rollout=uniform, rollout_temperature=1.0] mlp_w32 from mlp_5 {context_source=uniform, contexts=256, group=5, learning_rate=0.0001, reference=initial, ppo_epochs=1, steps=10000, reward=potts_tfbind8}",2,models/port_grid3/trafl_pairwise4_b0.5/seed_2/finetune_mlp_5,0.6645152138592281,1.2801025923161173,13.567620709325016,5.413936864574366,13.318947771410043,0.653875630254654,0.36739931316355134,0.9406431309883327,0.14666237019081807,1.5368934175458153,1.0990128600100308,1.0873055011791508,3.0552849007068685,0.7964161964727132,16.842364033050156,0.7264482974680836,4.716459688985183,3.0546877554667065,0.9999626742084967,1.0000000000000007,0.5272676900739011,2000.0,7.934477315336266,0.6429485403254123,0.34858320491443223
"trafl[beta=0.5, estimator=pairwise, mask_scheme=iid, mask_samples=4, var_lambda=0.0, normalization=paper, rollout=uniform, rollout_temperature=1.0] mlp_w32 from mlp_5 {context_source=uniform, contexts=256, group=5, learning_rate=0.0001, reference=initial, ppo_epochs=1, steps=10000, reward=potts_tfbind8}",2,models/port_grid3/trafl_pairwise4_b0.5/seed_2/finetune_mlp_5,0.6635580569195396,1.2665072978179648,13.591294874007447,5.4217322109456685,13.260241816344529,0.6502117140817169,0.36657687855326876,0.9202757315566157,0.14372633807512813,1.5382370359366517,1.0739079652736414,1.0640020696317438,3.0516528969271066,0.7872862495241911,16.855342278480315,0.7269610947545676,4.765586310257846,3.0510435555774316,0.9999619126323047,1.0000000000000009,0.5315157728702774,2048.0,7.850581835147777,0.6357442203074966,0.3493653250823905
"trafl[beta=0.5, estimator=pairwise, mask_scheme=iid, mask_samples=4, var_lambda=0.0, normalization=paper, rollout=uniform, rollout_temperature=1.0] mlp_w32 from mlp_5 {context_source=uniform, contexts=256, group=5, learning_rate=0.0001, reference=initial, ppo_epochs=1, steps=10000, reward=potts_tfbind8}",2,models/port_grid3/trafl_pairwise4_b0.5/seed_2/finetune_mlp_5,0.6670347783515088,1.296466633546356,13.541368798653743,5.395223269247749,13.364872230392915,0.6553921038812146,0.3455166798208382,0.9344199832138333,0.15083503998072723,1.4967966864026765,1.0994584644244925,1.0852550231945606,3.2316919999826603,0.842926936695215,16.85772032609742,0.7284151566790101,4.930440989982447,3.231057013400505,0.999960309008532,1.0000000000000007,0.5047510649969316,2500.0,7.914181309250181,0.6430408538287843,0.33812160228264165
"trafl[beta=0.5, estimator=pairwise, mask_scheme=iid, mask_samples=4, var_lambda=0.0, normalization=paper, rollout=uniform, rollout_temperature=1.0] mlp_w32 from mlp_5 {context_source=uniform, contexts=256, group=5, learning_rate=0.0001, reference=initial, ppo_epochs=1, steps=10000, reward=potts_tfbind8}",2,models/port_grid3/trafl_pairwise4_b0.5/seed_2/finetune_mlp_5,0.6694409632479894,1.3111976600053896,13.52243722151144,5.364653355822465,13.444905326212757,0.6583534372905508,0.3355900807399408,0.96006312128654,0.16000408023151924,1.470781325757185,1.1193918836814842,1.1200672015180593,3.0826305794313638,0.8049190770909783,16.834414750999954,0.7260339792911842,4.74310116078218,3.0820785362160428,0.9999654937740219,1.0000000000000007,0.48466793634399996,3000.0,8.009111604516201,0.6502624847237133,0.33683576163926576
"trafl[beta=0.5, estimator=pairwise, mask_scheme=iid, mask_samples=4, var_lambda=0.0, normalization=paper, rollout=uniform, rollout_temperature=1.0] mlp_w32 from mlp_5 {context_source=uniform, contexts=256, group=5, learning_rate=0.0001, reference=initial, ppo_epochs=1, steps=10000, reward=potts_tfbind8}",2,models/port_grid3/trafl_pairwise4_b0.5/seed_2/finetune_mlp_5,0.669538154497321,1.3207140340416195,13.459995609486771,5.341318685375752,13.498882067273588,0.6607327640151269,0.32694625349728856,0.9758409095705252,0.16961030679512112,1.4465342826131575,1.1342282519418243,1.1454512163656463,2.988763379672468,0.770855997564109,16.823542801094025,0.724829438421964,4.677085313198436,2.988258202907843,0.9999684233399444,1.0000000000000007,0.4725159340739271,3500.0,8.028240503968242,0.6554645380143849,0.329620130477743
"trafl[beta=0.5, estimator=pairwise, mask_scheme=iid, mask_samples=4, var_lambda=0.0, normalization=paper, rollout=uniform, rollout_temperature=1.0] mlp_w32 from mlp_5 {context_source=uniform, contexts=256, group=5, learning_rate=0.0001, reference=initial, ppo_epochs=1, steps=10000, reward=potts_tfbind8}",2,models/port_grid3/trafl_pairwise4_b0.5/seed_2/finetune_mlp_5,0.671360728715883,1.3244644078055512,13.478173291136633,5.370403143083724,13.527571190253438,0.6637847441147087,0.3204920276832626,0.9748481064018142,0.17274323986432627,1.408793524119358,1.1419912222688664,1.1475913462661405,2.9511375832202535,0.7393010810898912,16.83638774533266,0.7248984306742184,4.708895200370276,2.950562861014911,0.9999640756518002,1.0000000000000007,0.4659343429110415,4000.0,8.070677943879602,0.6572710758204496,0.32631973373547923
"trafl[beta=0.5, estimator=pairwise, mask_scheme=iid, mask_samples=4, var_lambda=0.0, normalization=paper, rollout=uniform, rollout_temperature=1.0] mlp_w32 from mlp_5 {context_source=uniform, contexts=256, group=5, learning_rate=0.0001, reference=initial, ppo_epochs=1, steps=10000, reward=potts_tfbind8}",2,models/port_grid3/trafl_pairwise4_b0.5/seed_2/finetune_mlp_5,0.6750594931744739,1.36102694575645,13.361091365102311,5.283810303376986,13.607240226696678,0.6651594615998093,0.3116735876300791,1.0007988709773394,0.17714472429069228,1.4139779925081357,1.1666274269424597,1.1779435952680317,2.899669972942808,0.7186336265896058,16.853954359633153,0.7255526815006783,4.700606405079685,2.8992247919676735,0.9999721736450967,1.0000000000000007,0.4507360293630129,4096.0,8.078336384493472,0.6646697749227125,0.3189514126489699
"trafl[beta=0.5, estimator=pairwise, mask_scheme=iid, mask_samples=4, var_lambda=0.0, normalization=paper, rollout=uniform, rollout_temperature=1.0] mlp_w32 from mlp_5 {context_source=uniform, contexts=256, group=5, learning_rate=0.0001, reference=initial, ppo_epochs=1, steps=10000, reward=potts_tfbind8}",2,models/port_grid3/trafl_pairwise4_b0.5/seed_2/finetune_mlp_5,0.6768511107937029,1.3767649132281776,13.37499407632139,5.280509649154364,13.65839515756031,0.6681095331447658,0.3056836454864416,1.0159100719464795,0.18009642914583934,1.4079152273442679,1.1822751465450745,1.1960065010923189,2.996559756285116,0.752052777496233,16.838305413470806,0.7253269568608871,4.743104913681586,2.996080137781589,0.9999700210634241,1.0000000000000007,0.440806283533818,4500.0,8.171409017416156,0.6700044658803833,0.31703969839061297
"trafl[beta=0.5, estimator=pairwise, mask_scheme=iid, mask_samples=4, var_lambda=0.0, normalization=paper, rollout=uniform, rollout_temperature=1.0] mlp_w32 from mlp_5 {context_source=uniform, contexts=256, group=5, learning_rate=0.0001, reference=initial, ppo_epochs=1, steps=10000, reward=potts_tfbind8}",2,models/port_grid3/trafl_pairwise4_b0.5/seed_2/finetune_mlp_5,0.6726167121150312,1.3310458970148544,13.438415797712025,5.319066376745511,13.61681490173385,0.6670527555601493,0.30521129945443287,0.9979521454192988,0.17919500504123453,1.3773776725973088,1.1655451619125965,1.1771471504605333,3.033949059269053,0.7719746782117943,16.85143988802367,0.7263954905029248,4.777446165401273,3.0335067468352044,0.9999723528830172,1.0000000000000007,0.4448664268145641,5000.0,8.165100363413812,0.6654168032701554,0.31966024440912233
"trafl[beta=0.5, estimator=pairwise, mask_scheme=iid, mask_samples=4, var_lambda=0.0, normalization=paper, rollout=uniform, rollout_temperature=1.0] mlp_w32 from mlp_5 {context_source=uniform, contexts=256, group=5, learning_rate=0.0001, reference=initial, ppo_epochs=1, steps=10000, reward=potts_tfbind8}",2,models/port_grid3/trafl_pairwise4_b0.5/seed_2/finetune_mlp_5,0.6679780119845089,1.3172071419548843,13.382517012154501,5.301082777242097,13.64736763423129,0.668325375645026,0.3059183801816302,1.0111297997739839,0.1897052749757311,1.3861332350504803,1.1766044718478275,1.200835074749715,2.8703682835461986,0.6870585245387291,16.85396988630109,0.7250722309964438,4.753022171959474,2.8699690429030817,0.9999750455527819,1.0000000000000009,0.44064937050107567,5500.0,8.149253337712782,0.668145291113174,0.31654162223562005
"trafl[beta=0.5, estimator=pairwise, mask_scheme=iid, mask_samples=4, var_lambda=0.0, normalization=paper, rollout=uniform, rollout_temperature=1.0] mlp_w32 from mlp_5 {context_source=uniform, contexts=256, group=5, learning_rate=0.0001, reference=initial, ppo_epochs=1, steps=10000, reward=potts_tfbind8}",2,models/port_grid3/trafl_pairwise4_b0.5/seed_2/finetune_mlp_5,0.677395832383204,1.3663078144315848,13.373332870919148,5.2805373829503175,13.732866010751849,0.6723343670582621,0.287249075450141,1.033762771344156,0.19025185441327808,1.3516167808571367,1.1985285171859088,1.224014625757434,3.065271133222934,0.7741351564111723,16.86708075503689,0.7272038069119879,4.870292450738295,3.0649030471468883,0.9999769928838216,1.0000000000000007,0.4198242275788839,6000.0,8.248660058209028,0.6751449675240464,0.3097104713207123
"trafl[beta=0.5, estimator=pairwise, mask_scheme=iid, mask_samples=4, var_lambda=0.0, normalization=paper, rollout=uniform, rollout_temperature=1.0] mlp_w32 from mlp_5 {context_source=uniform, contexts=256, group=5, learning_rate=0.0001, reference=initial, ppo_epochs=1, steps=10000, reward=potts_tfbind8}",2,models/port_grid3/trafl_pairwise4_b0.5/seed_2/finetune_mlp_5,0.6750959381015169,1.362727552118408,13.246520323468463,5.2161720799541005,13.834034616200528,0.6759849444494701,0.28254846513014836,1.0666641426942944,0.19360196289366627,1.361929330317624,1.2337746729717187,1.2602661055879607,2.928626323962708,0.7325162449886787,16.834630684054602,0.7247057374379725,4.693129979426747,2.9282947726485324,0.9999792765743705,1.0000000000000009,0.4044860806403495,6500.0,8.301379449750659,0.6865863334757265,0.3026824631310595
"trafl[beta=0.5, estimator=pairwise, mask_scheme=iid, mask_samples=4, var_lambda=0.0, normalization=paper, rollout=uniform, rollout_temperature=1.0] mlp_w32 from mlp_5 {context_source=uniform, contexts=256, group=5, learning_rate=0.0001, reference=initial, ppo_epochs=1, steps=10000, reward=potts_tfbind8}",2,models/port_grid3/trafl_pairwise4_b0.5/seed_2/finetune_mlp_5,0.6657444487110294,1.2890331495976626,13.412024637808052,5.287037216279678,13.616380551488335,0.6650165760255586,0.3018491094920876,1.0002097022017744,0.1922896490919448,1.379593357383766,1.1566524185573412,1.1924993512937192,2.856788552498572,0.7150939047444289,16.832547446666357,0.7241177519310297,4.614278393829153,2.8564371507865483,0.9999780359807793,1.0000000000000009,0.4361908585820682,7000.0,8.147197576133863,0.6655109408689533,0.3168741612780309
"trafl[beta=0.5, estimator=pairwise, mask_scheme=iid, mask_samples=4, var_lambda=0.0, normalization=paper, rollout=uniform, rollout_temperature=1.0] mlp_w32 from mlp_5 {context_source=uniform, contexts=256, group=5, learning_rate=0.0001, reference=initial, ppo_epochs=1, steps=10000, reward=potts_tfbind8}",2,models/port_grid3/trafl_pairwise4_b0.5/seed_2/finetune_mlp_5,0.6616556783045762,1.2536997024341499,13.402947908177978,5.321219351717438,13.549102235105757,0.662261906754549,0.3059381174086077,0.978028744340031,0.18968965449983954,1.3649481829582168,1.13240866690297,1.1677183988398705,2.7824726063107326,0.6657234311657673,16.864403607201748,0.7252720326661067,4.698863144857083,2.7822025235740235,0.9999831190117611,1.0000000000000009,0.44558626511898863,7500.0,8.033157050008596,0.6588609019943104,0.31747164029877073
"trafl[beta=0.5, estimator=pairwise, mask_scheme=iid, mask_samples=4, var_lambda=0.0, normalization=paper, rollout=uniform, rollout_temperature=1.0] mlp_w32 from mlp_5 {context_source=uniform, contexts=256, group=5, learning_rate=0.0001, reference=initial, ppo_epochs=1, steps=10000, reward=potts_tfbind8}",2,models/port_grid3/trafl_pairwise4_b0.5/seed_2/finetune_mlp_5,0.6643558467301903,1.2681556734441803,13.432730164828428,5.317614561715052,13.581957061185653,0.6642076193378847,0.30386708190395545,0.98804642267214,0.19338862401685442,1.347621883338353,1.14438480885185,1.1814350466889945,2.91183559995062,0.7134733613256736,16.867608550352855,0.7262036402467825,4.780087692520674,2.911514919273788,0.9999799560725103,1.0000000000000007,0.44113499402792467,8000.0,8.105091468088837,0.6614702981513128,0.319152893389666
"trafl[beta=0.5, estimator=pairwise, mask_scheme=iid, mask_samples=4, var_lambda=0.0, normalization=paper, rollout=uniform, rollout_temperature=1.0] mlp_w32 from mlp_5 {context_source=uniform, contexts=256, group=5, learning_rate=0.0001, reference=initial, ppo_epochs=1, steps=10000, reward=potts_tfbind8}",2,models/port_grid3/trafl_pairwise4_b0.5/seed_2/finetune_mlp_5,0.672292414877292,1.3250997531392243,13.303849306009319,5.263127058639343,13.826932929394447,0.6777271104351268,0.2778967809802265,1.052465266590504,0.20262437379382292,1.2854596686375832,1.230231527853129,1.255089640384327,3.0451450361824324,0.7578498782779509,16.88464037039223,0.7278802907304293,4.918774444775329,3.0447728210741554,0.9999767347124688,1.0000000000000009,0.4044937789248035,8500.0,8.291028412785252,0.6822655698670844,0.3041833291768447
"trafl[beta=0.5, estimator=pairwise, mask_scheme=iid, mask_samples=4, var_lambda=0.0, normalization=paper, rollout=uniform, rollout_temperature=1.0] mlp_w32 from mlp_5 {context_source=uniform, contexts=256, group=5, learning_rate=0.0001, reference=initial, ppo_epochs=1, steps=10000, reward=potts_tfbind8}",2,models/port_grid3/trafl_pairwise4_b0.5/seed_2/finetune_mlp_5,0.6693663610188871,1.3200597869026347,13.321247507499638,5.262069448774517,13.816625854507977,0.6768822845188337,0.2822242800857035,1.0547829030629774,0.20336943861703882,1.3026083673050786,1.2272280975121548,1.2581523416800162,2.943590913698644,0.7116171650649269,16.86376001950075,0.7259420740865413,4.85548401312154,2.9432024699657475,0.9999757201292607,1.0000000000000007,0.4066438860270607,9000.0,8.302012350216124,0.6817717682144155,0.3062892294531585
"trafl[beta=0.5, estimator=pairwise, mask_scheme=iid, mask_samples=4, var_lambda=0.0, normalization=paper, rollout=uniform, rollout_temperature=1.0] mlp_w32 from mlp_5 {context_source=uniform, contexts=256, group=5, learning_rate=0.0001, reference=initial, ppo_epochs=1, steps=10000, reward=potts_tfbind8}",2,models/port_grid3/trafl_pairwise4_b0.5/seed_2/finetune_mlp_5,0.6682689854348924,1.307121126870971,13.326539918646324,5.24343838434855,13.786501780276428,0.6736764071135622,0.28368451988229704,1.0585811235877243,0.20192413939864085,1.3309455118814328,1.2113625696094865,1.2605052629863651,2.754495322996613,0.6598438978430953,16.845974339493967,0.7238833584564577,4.633189578735659,2.754238413675626,0.9999839423077521,1.0000000000000007,0.40584039524017146,9500.0,8.300194883078055,0.6811161768010956,0.3071011502862205
"trafl[beta=0.5, estimator=pairwise, mask_scheme=iid, mask_samples=4, var_lambda=0.0, normalization=paper, rollout=uniform, rollout_temperature=1.0] mlp_w32 from mlp_5 {context_source=uniform, contexts=256, group=5, learning_rate=0.0001, reference=initial, ppo_epochs=1, steps=10000, reward=potts_tfbind8}",2,models/port_grid3/trafl_pairwise4_b0.5/seed_2/finetune_mlp_5,0.6726085188620541,1.34468948232454,13.291313823045261,5.232168640089235,13.863700634710352,0.6782259483769832,0.27570014298006074,1.081836231525429,0.20856722633810687,1.3061229793386837,1.2393679849754202,1.290403457863536,2.8257119384981904,0.682196459148932,16.85665699700782,0.7249221718527231,4.713258002759664,2.8253983204236794,0.9999803976533669,1.0000000000000009,0.3952463833891401,10000.0,8.402061886632493,0.6901476327659934,0.3026181684557677
