step,context,hidden,y,order,delta_y,log_rho,delta_tau,share
0,0,5,CTATCGCA,4 1 0 2 7,-0.9762214225052603,0.0,-0.9762214225052603,0.0
0,0,5,CAGTCGCG,0 4 7 1 2,7.87765000521383,0.0,7.87765000521383,0.0
0,0,5,TTTTGGCG,2 1 7 0 4,8.773333663800843,0.0,8.773333663800843,0.0
0,0,5,AAGTCGCG,7 4 0 2 1,9.774351590441325,0.0,9.774351590441325,0.0
0,1,4,ACTGCGGC,3 5 2 0,2.807746854865395,0.0,2.807746854865395,0.0
0,1,4,ACGACGGC,5 3 0 2,2.981016665820283,0.0,2.981016665820283,0.0
0,1,4,ACGACGGC,0 2 3 5,2.981016665820283,0.0,2.981016665820283,0.0
0,1,4,ACTACGGC,2 3 0 5,0.29028541390797846,0.0,0.29028541390797846,0.0
0,2,4,CGATCGCG,5 6 0 3,-0.0219368635292538,0.0,-0.0219368635292538,0.0
0,2,4,CGATCGCG,5 6 3 0,-0.0219368635292538,0.0,-0.0219368635292538,0.0
0,2,4,CGATCGCG,5 3 6 0,-0.0219368635292538,0.0,-0.0219368635292538,0.0
0,2,4,CGATCGCG,3 0 6 5,-0.0219368635292538,0.0,-0.0219368635292538,0.0
0,3,4,CAGTCGCG,7 2 1 5,7.808048674378091,0.0,7.808048674378091,0.0
0,3,4,CTATCGCA,5 2 1 7,-1.0458227678044187,0.0,-1.0458227678044187,0.0
0,3,4,CTATCGCA,5 2 1 7,-1.0458227678044187,0.0,-1.0458227678044187,0.0
0,3,4,CAGTCGCG,7 2 1 5,7.808048674378091,0.0,7.808048674378091,0.0
0,4,7,TTTAGGCC,5 0 2 6 1 7 4,-0.20509010572548525,0.0,-0.20509010572548525,0.0
0,4,7,TTTAGGCC,0 4 5 6 1 7 2,-0.20509010572548525,0.0,-0.20509010572548525,0.0
0,4,7,TCTACGGC,0 6 5 2 7 4 1,-0.02730829049840322,0.0,-0.02730829049840322,0.0
0,4,7,TTCAGGCC,2 1 0 4 6 5 7,5.456124409222304,0.0,5.456124409222304,0.0
0,5,5,TTTGGGCG,1 2 7 5 3,1.9135504491101105,0.0,1.9135504491101105,0.0
0,5,5,TTTGGGCC,5 3 1 7 2,0.5787197308251284,0.0,0.5787197308251284,0.0
0,5,5,TGTGGGCG,5 7 1 2 3,-0.5986428028336337,0.0,-0.5986428028336337,0.0
0,5,5,TTTAGGCC,1 5 7 2 3,-0.8726820854538564,0.0,-0.8726820854538564,0.0
0,6,4,TGTGGGCG,3 4 6 7,-0.9784565906752314,0.0,-0.9784565906752314,0.0
0,6,4,TGTGCGCC,7 3 4 6,2.3910986374154213,0.0,2.3910986374154213,0.0
0,6,4,TGTGCGCC,3 4 6 7,2.3910986374154213,0.0,2.3910986374154213,0.0
0,6,4,TGTGGGCG,3 7 6 4,-0.9784565906752314,0.0,-0.9784565906752314,0.0
0,7,2,TTTGGGCC,3 7,0.6314121750355525,0.0,0.6314121750355525,0.0
0,7,2,TTTAGGCC,7 3,-0.8199896412434335,0.0,-0.8199896412434335,0.0
0,7,2,TTTGGGCC,7 3,0.6314121750355525,0.0,0.6314121750355525,0.0
0,7,2,TTTAGGCG,7 3,0.019506451502994793,0.0,0.019506451502994793,0.0
0,8,3,TTTAGGCC,5 7 4,-0.10383229042595318,0.0,-0.10383229042595318,0.0
0,8,3,TTTAGGCC,4 7 5,-0.10383229042595318,0.0,-0.10383229042595318,0.0
0,8,3,TTTAGGCC,7 5 4,-0.10383229042595318,0.0,-0.10383229042595318,0.0
0,8,3,TTTAGGCC,5 7 4,-0.10383229042595318,0.0,-0.10383229042595318,0.0
0,9,4,TTTAGGCC,2 5 6 1,-0.03724048799486074,0.0,-0.03724048799486074,0.0
0,9,4,TTTAGGCC,5 1 2 6,-0.03724048799486074,0.0,-0.03724048799486074,0.0
0,9,4,TTTAGGCC,5 2 1 6,-0.03724048799486074,0.0,-0.03724048799486074,0.0
0,9,4,TTTAGGCC,6 2 1 5,-0.03724048799486074,0.0,-0.03724048799486074,0.0
0,10,4,CTATCGCG,7 3 4 1,0.6101535239479343,0.0,0.6101535239479343,0.0
0,10,4,CTATCGCA,1 3 4 7,-0.10359129777457543,0.0,-0.10359129777457543,0.0
0,10,4,CTATCGCA,4 7 1 3,-0.10359129777457543,0.0,-0.10359129777457543,0.0
0,10,4,CTATCGCA,1 3 4 7,-0.10359129777457543,0.0,-0.10359129777457543,0.0
0,11,7,TTTAGGCC,5 6 0 1 2 7 4,-0.20509010572548525,0.0,-0.20509010572548525,0.0
0,11,7,TTTAGGCC,0 7 6 2 1 5 4,-0.20509010572548525,0.0,-0.20509010572548525,0.0
0,11,7,TTTAGGCC,0 1 7 2 6 4 5,-0.20509010572548525,0.0,-0.20509010572548525,0.0
0,11,7,TTTAGGCC,6 5 0 4 2 7 1,-0.20509010572548525,0.0,-0.20509010572548525,0.0
0,12,1,CTATCGCA,0,-0.00031977215178002893,0.0,-0.00031977215178002893,0.0
0,12,1,CTATCGCA,0,-0.00031977215178002893,0.0,-0.00031977215178002893,0.0
0,12,1,CTATCGCA,0,-0.00031977215178002893,0.0,-0.00031977215178002893,0.0
0,12,1,CTATCGCA,0,-0.00031977215178002893,0.0,-0.00031977215178002893,0.0
0,13,6,TTTGGGCC,6 1 3 2 7 4,1.1579581008407864,0.0,1.1579581008407864,0.0
0,13,6,TGTGGGCC,7 2 1 3 6 4,2.6039499804751105,0.0,2.6039499804751105,0.0
0,13,6,TTTAGGCC,1 7 6 4 2 3,-0.29344371543819814,0.0,-0.29344371543819814,0.0
0,13,6,TGTGGGCC,3 7 6 2 1 4,2.6039499804751105,0.0,2.6039499804751105,0.0
0,14,5,CTATCGCA,2 4 7 1 0,-0.9762214225052603,0.0,-0.9762214225052603,0.0
0,14,5,CGGTCGCG,4 2 1 7 0,7.50231705023308,0.0,7.50231705023308,0.0
0,14,5,TTTTGGCC,1 7 0 2 4,9.871758059129478,0.0,9.871758059129478,0.0
0,14,5,CTGTCGCG,2 4 0 1 7,7.531638904198247,0.0,7.531638904198247,0.0
0,15,6,TTTAGGCC,1 4 2 6 0 7,-0.20714728487326933,0.0,-0.20714728487326933,0.0
0,15,6,TTTAGGCC,6 0 7 2 1 4,-0.20714728487326933,0.0,-0.20714728487326933,0.0
0,15,6,TTTAGGCC,4 0 1 2 7 6,-0.20714728487326933,0.0,-0.20714728487326933,0.0
0,15,6,TTTAGGCC,1 2 6 4 7 0,-0.20714728487326933,0.0,-0.20714728487326933,0.0
0,16,2,TGTGGGCG,5 7,-0.6208075693411751,0.0,-0.6208075693411751,0.0
0,16,2,TGTGGGCC,5 7,2.00254684395191,0.0,2.00254684395191,0.0
0,16,2,TGTGGGCG,5 7,-0.6208075693411751,0.0,-0.6208075693411751,0.0
0,16,2,TGTGGGCG,5 7,-0.6208075693411751,0.0,-0.6208075693411751,0.0
0,17,3,TTTAGGCC,4 2 3,-0.7069429951778964,0.0,-0.7069429951778964,0.0
0,17,3,TTTAGGCC,4 3 2,-0.7069429951778964,0.0,-0.7069429951778964,0.0
0,17,3,TTTGGGCC,3 2 4,0.7444588211010885,0.0,0.7444588211010885,0.0
0,17,3,TTTAGGCC,4 3 2,-0.7069429951778964,0.0,-0.7069429951778964,0.0
0,18,3,CATTCGCG,4 1 5,-0.11232246903892484,0.0,-0.11232246903892484,0.0
0,18,3,CGTTCGCG,5 4 1,-0.25003660483020784,0.0,-0.25003660483020784,0.0
0,18,3,CGTTCGCG,1 5 4,-0.25003660483020784,0.0,-0.25003660483020784,0.0
0,18,3,CGTTCGCG,1 5 4,-0.25003660483020784,0.0,-0.25003660483020784,0.0
0,19,2,TGTGCGCC,0 2,-0.006245798004191339,0.0,-0.006245798004191339,0.0
0,19,2,TGTGCGCC,2 0,-0.006245798004191339,0.0,-0.006245798004191339,0.0
0,19,2,TGTGCGCC,0 2,-0.006245798004191339,0.0,-0.006245798004191339,0.0
0,19,2,TGTGCGCC,0 2,-0.006245798004191339,0.0,-0.006245798004191339,0.0
0,20,3,CAATCTAT,1 2 4,2.345364623782004,0.0,2.345364623782004,0.0
0,20,3,CAATCTAT,1 4 2,2.345364623782004,0.0,2.345364623782004,0.0
0,20,3,CAATATAT,4 2 1,-0.8930517752893432,0.0,-0.8930517752893432,0.0
0,20,3,CGATCTAT,1 4 2,0.9142218833909692,0.0,0.9142218833909692,0.0
0,21,5,GGGTCGCG,7 4 1 0 5,1.760668281831177,0.0,1.760668281831177,0.0
0,21,5,CGGTCGCG,4 7 1 5 0,0.02215187698954635,0.0,0.02215187698954635,0.0
0,21,5,CGGTCGCG,4 0 1 7 5,0.02215187698954635,0.0,0.02215187698954635,0.0
0,21,5,CGGTCGCG,7 1 5 4 0,0.02215187698954635,0.0,0.02215187698954635,0.0
0,22,2,CGGTCGCG,1 3,-0.05024225071385924,0.0,-0.05024225071385924,0.0
0,22,2,CGGTCGCG,3 1,-0.05024225071385924,0.0,-0.05024225071385924,0.0
0,22,2,CGGTCGCG,3 1,-0.05024225071385924,0.0,-0.05024225071385924,0.0
0,22,2,CGGTCGCG,3 1,-0.05024225071385924,0.0,-0.05024225071385924,0.0
0,23,6,TGTGGGCG,0 5 7 3 4 6,-0.5845329980094103,0.0,-0.5845329980094103,0.0
0,23,6,TGTGCGCG,5 6 3 4 7 0,2.461255503003239,0.0,2.461255503003239,0.0
0,23,6,AGTTCGCG,4 3 0 5 6 7,2.550366355804578,0.0,2.550366355804578,0.0
0,23,6,TGTGGGCC,5 7 6 3 4 0,2.0388214152836746,0.0,2.0388214152836746,0.0
0,24,2,TTTGGGCG,2 5,-0.00032356275546152613,0.0,-0.00032356275546152613,0.0
0,24,2,TTTGGGCG,5 2,-0.00032356275546152613,0.0,-0.00032356275546152613,0.0
0,24,2,TTTGGGCG,2 5,-0.00032356275546152613,0.0,-0.00032356275546152613,0.0
0,24,2,TTTGGGCG,5 2,-0.00032356275546152613,0.0,-0.00032356275546152613,0.0
0,25,4,TTTGGGCC,1 7 0 2,-0.0978762839373638,0.0,-0.0978762839373638,0.0
0,25,4,TTTGGGCG,7 1 0 2,1.2369544556418426,0.0,1.2369544556418426,0.0
0,25,4,CGTGGGCG,2 0 7 1,0.4376325361034006,0.0,0.4376325361034006,0.0
0,25,4,TTTGGGCC,1 7 2 0,-0.0978762839373638,0.0,-0.0978762839373638,0.0
0,26,5,TTTTCGCG,7 3 4 2 0,5.409463537884074,0.0,5.409463537884074,0.0
0,26,5,TTTAGGCC,3 4 7 0 2,5.92407016161513,0.0,5.92407016161513,0.0
0,26,5,TTTGGGCC,4 7 3 2 0,7.375471977894117,0.0,7.375471977894117,0.0
0,26,5,CTTTGGCC,0 4 3 7 2,7.687955483908906,0.0,7.687955483908906,0.0
0,27,2,TCTACGGC,2 7,-0.01579827608266171,0.0,-0.01579827608266171,0.0
0,27,2,TCTACGGC,7 2,-0.01579827608266171,0.0,-0.01579827608266171,0.0
0,27,2,TCTACGGC,7 2,-0.01579827608266171,0.0,-0.01579827608266171,0.0
0,27,2,TCTACGGC,7 2,-0.01579827608266171,0.0,-0.01579827608266171,0.0
0,28,2,TTTGGGCC,0 5,-0.0017810537854957564,0.0,-0.0017810537854957564,0.0
0,28,2,TTTGGGCC,0 5,-0.0017810537854957564,0.0,-0.0017810537854957564,0.0
0,28,2,TTTGGGCC,0 5,-0.0017810537854957564,0.0,-0.0017810537854957564,0.0
0,28,2,TTTGGGCC,0 5,-0.0017810537854957564,0.0,-0.0017810537854957564,0.0
0,29,4,CAATCGCT,5 7 4 1,7.438166656531765,0.0,7.438166656531765,0.0
0,29,4,CTATCGCA,7 4 1 5,-0.12487869585950467,0.0,-0.12487869585950467,0.0
0,29,4,CTATCGCA,1 7 4 5,-0.12487869585950467,0.0,-0.12487869585950467,0.0
0,29,4,CTATCGCA,5 1 4 7,-0.12487869585950467,0.0,-0.12487869585950467,0.0
0,30,5,TTTAGGCC,2 3 5 0 1,-0.6755459976560898,0.0,-0.6755459976560898,0.0
0,30,5,TTTAGGCC,0 2 1 3 5,-0.6755459976560898,0.0,-0.6755459976560898,0.0
0,30,5,TGTGGGCC,2 3 1 0 5,2.22184769825722,0.0,2.22184769825722,0.0
0,30,5,TTTAGGCC,1 2 0 5 3,-0.6755459976560898,0.0,-0.6755459976560898,0.0
0,31,4,CTATCGCA,4 3 6 7,-0.037784438279732754,0.0,-0.037784438279732754,0.0
0,31,4,CTATCGCA,3 6 7 4,-0.037784438279732754,0.0,-0.037784438279732754,0.0
0,31,4,CTATCGCA,4 7 3 6,-0.037784438279732754,0.0,-0.037784438279732754,0.0
0,31,4,CTATCGCA,7 6 4 3,-0.037784438279732754,0.0,-0.037784438279732754,0.0
250,0,5,CTATCGCA,2 4 1 3 5,0.00011963213031958991,-0.000835452414827742,-0.0007158202845081521,-0.8747418425652198
250,0,5,CTATCGCA,1 3 5 2 4,0.00011963213031958991,-0.004051357368149766,-0.003931725237830176,-0.9713180456667436
250,0,5,CTATCGCA,1 5 4 2 3,0.00011963213031958991,0.003964375503931805,0.004084007634251395,0.970707172700592
250,0,5,CTATCGCA,2 4 1 3 5,0.00011963213031958991,-0.000835452414827742,-0.0007158202845081521,-0.8747418425652198
250,1,5,CAATCTAT,0 6 7 4 1,1.4242472060857696,0.07302334909734043,1.49727055518311,0.048770977860050135
250,1,5,CGATCTAT,0 7 4 1 6,0.6385374824315466,0.3763342941119898,1.0148717765435364,0.3708195486465434
250,1,5,CGATCTAT,1 0 7 4 6,0.6385374824315466,-0.15151023860107138,0.48702724383047524,-0.19177352781050058
250,1,5,CAATATAT,7 4 1 6 0,-0.4068185257835224,0.2556390425058481,-0.15117948327767428,0.38589496858790734
250,2,6,CTATCGCA,0 7 1 6 4 2,-0.1573548140277507,-0.022308569455879557,-0.17966338348363026,-0.12416870384672549
250,2,6,CTATCGCA,0 6 2 1 4 7,-0.1573548140277507,-0.06514645563019084,-0.22250126965794154,-0.29279138824844736
250,2,6,CTATCGCA,6 0 1 2 7 4,-0.1573548140277507,-0.0198837440455355,-0.1772385580732862,-0.11218633384115995
250,2,6,CTATCGCA,0 1 4 6 2 7,-0.1573548140277507,0.10827360350796145,-0.04908121051978925,0.4076130276739111
250,3,2,CTATCGCA,2 0,-0.0009416016883306844,0.001124551655936945,0.0001829499676062607,0.544273085565948
250,3,2,CTATCGCA,2 0,-0.0009416016883306844,0.001124551655936945,0.0001829499676062607,0.544273085565948
250,3,2,CTATCGCA,2 0,-0.0009416016883306844,0.001124551655936945,0.0001829499676062607,0.544273085565948
250,3,2,CTATCGCA,2 0,-0.0009416016883306844,0.001124551655936945,0.0001829499676062607,0.544273085565948
250,4,5,CTATCGCA,1 3 5 2 7,-0.14476077742596255,-0.00883156506049776,-0.1535923424864603,-0.05750003494657484
250,4,5,CTATCGCA,1 5 3 2 7,-0.14476077742596255,-0.009365329474783302,-0.15412610690074585,-0.0607640695214237
250,4,5,CTATCGCA,7 1 2 5 3,-0.14476077742596255,-0.13312739084674607,-0.2778881682727086,-0.4790682225667846
250,4,5,CTATCGCA,7 5 1 3 2,-0.14476077742596255,-0.13620376843162152,-0.28096454585758407,-0.48477208402180677
250,5,5,CTATCGCA,3 1 4 6 5,-0.0030261201575386646,-0.007600764421947126,-0.01062688457948579,-0.7152391997010763
250,5,5,CTATCGCA,1 3 5 6 4,-0.0030261201575386646,-0.009216349872114726,-0.012242470029653391,-0.7528178422974388
250,5,5,CTATCGCA,1 3 6 4 5,-0.0030261201575386646,-0.009660637288145146,-0.012686757445683811,-0.7614741063274456
250,5,5,CTATCGCA,1 6 5 4 3,-0.0030261201575386646,-0.00904624937372045,-0.012072369531259114,-0.7493350290758496
250,6,3,CGATCGCG,0 7 6,-0.06870662028128491,-0.0380336028403101,-0.10674022312159501,-0.35631931176482035
250,6,3,CGATCGCG,6 7 0,-0.06870662028128491,0.04602594605863919,-0.02268067422264572,0.40115851607708086
250,6,3,CGATCGCG,0 6 7,-0.06870662028128491,0.002141652664126692,-0.06656496761715822,0.030228720829607654
250,6,3,CGATCGCG,7 0 6,-0.06870662028128491,-0.007437053792396231,-0.07614367407368114,-0.09767132835223706
250,7,4,CTATCGCA,2 6 5 4,0.00019026134518838195,0.0012161870785436513,0.0014064484237320332,0.8647221313075097
250,7,4,CTATCGCA,5 2 6 4,0.00019026134518838195,0.001133603069692679,0.001323864414881061,0.8562833602522087
250,7,4,CTATCGCA,2 6 5 4,0.00019026134518838195,0.0012161870785436513,0.0014064484237320332,0.8647221313075097
250,7,4,CTATCGCA,2 6 5 4,0.00019026134518838195,0.0012161870785436513,0.0014064484237320332,0.8647221313075097
250,8,3,CTATCGCA,4 0 7,-0.012679215330560767,0.006121876940208493,-0.006557338390352274,0.3256128341929579
250,8,3,CTATCGCA,4 7 0,-0.012679215330560767,-0.003498420352504583,-0.01617763568306535,-0.21625041019848829
250,8,3,CTATCGCA,7 4 0,-0.012679215330560767,-0.005564410585454427,-0.018243625916015194,-0.3050057379530952
250,8,3,CTATCGCA,7 0 4,-0.012679215330560767,-0.006199081556066632,-0.0188782968866274,-0.32837080554961523
250,9,4,ATATCGCA,2 1 4 7,0.13963138014100984,0.13192134380059972,0.27155272394160956,0.4858037948791337
250,9,4,ATATCGCA,1 2 4 7,0.13963138014100984,0.020812331703013776,0.16044371184402362,0.12971734113984235
250,9,4,ATATCGCA,2 7 1 4,0.13963138014100984,0.08653870944235198,0.22617008958336182,0.38262667535644906
250,9,4,ATATCGCA,1 4 7 2,0.13963138014100984,0.023125965910907986,0.16275734605191783,0.14208861518011637
250,10,6,CTATCGCA,7 4 0 5 3 6,-0.011929715501784115,-0.007454694636980008,-0.019384410138764123,-0.38457165235440544
250,10,6,CTATCGCA,7 4 3 0 5 6,-0.011929715501784115,-0.007149494731837791,-0.019079210233621906,-0.37472697476957173
250,10,6,CTATCGCA,6 4 3 5 0 7,-0.011929715501784115,0.06253815739466617,0.05060844189288206,0.8398005067450667
250,10,6,CTATCGCA,6 3 4 5 0 7,-0.011929715501784115,-0.010867671199665807,-0.022797386701449922,-0.47670688495952124
250,11,5,CTATCGCA,6 2 5 7 1,-0.1669850334302015,-0.10224902833922211,-0.2692340617694236,-0.37977746079836594
250,11,5,CTATCGCG,2 5 1 7 6,0.5156318534834621,-0.5804457810216892,-0.06481392753822712,-0.5295663032881284
250,11,5,CTATCGCA,5 6 1 2 7,-0.1669850334302015,-0.0060474107629238105,-0.1730324441931253,-0.03494957717972338
250,11,5,CTATCGCA,1 7 2 5 6,-0.1669850334302015,0.22217677989849793,0.05519174646829644,0.5709110511077812
250,12,5,CTATCGCA,7 4 0 5 3,-0.011183828663079994,-0.00012253396114925152,-0.011306362624229245,-0.010837611106392819
250,12,5,CTATCGCA,5 3 7 4 0,-0.011183828663079994,-0.02458372648750906,-0.035767555150589055,-0.6873191747103294
250,12,5,CTATCGCA,5 7 0 3 4,-0.011183828663079994,-0.002093701185930108,-0.013277529849010102,-0.15768755255980108
250,12,5,CTATCGCA,5 0 4 3 7,-0.011183828663079994,-0.031211432581545573,-0.042395261244625566,-0.7362009730628145
250,13,3,CTATCGCA,1 7 0,-0.000902058173869319,0.011827457524774543,0.010925399350905224,0.9291364891466044
250,13,3,CTATCGCA,0 1 7,-0.000902058173869319,0.06070760463218572,0.0598055464583164,0.9853584951972718
250,13,3,CGATCGCG,7 0 1,-0.3553322088935218,0.2964139229893421,-0.05891828590417969,0.4547996658346345
250,13,3,CTATCGCA,1 7 0,-0.000902058173869319,0.011827457524774543,0.010925399350905224,0.9291364891466044
250,14,3,CTATCGCA,2 3 5,-2.4169048373184898e-05,0.0015071865627760417,0.0014830175144028568,0.9842172202216003
250,14,3,CTATCGCA,5 2 3,-2.4169048373184898e-05,0.0017161093192044063,0.0016919402708312214,0.9861119641412153
250,14,3,CTATCGCA,2 3 5,-2.4169048373184898e-05,0.0015071865627760417,0.0014830175144028568,0.9842172202216003
250,14,3,CTATCGCA,2 5 3,-2.4169048373184898e-05,0.001733130450702447,0.001708961402329262,0.9862464830918701
250,15,3,CGATCGCG,0 7 1,-0.3553322088935218,0.17493417038484127,-0.18039803850868052,0.3298986645597036
250,15,3,CTATCGCA,0 1 7,-0.000902058173869319,0.06070760463218572,0.0598055464583164,0.9853584951972718
250,15,3,CTATCGCG,7 1 0,0.5171016383373903,0.14065904342457403,0.6577606817619643,0.2138453199236327
250,15,3,CTATCGCA,7 1 0,-0.000902058173869319,-0.051514795454280504,-0.05241685362814982,-0.9827906844567855
250,16,5,CTATCGCA,6 4 3 5 7,-0.010536505911973526,0.005100978999042383,-0.005435526912931143,0.3262020093428817
250,16,5,CTATCGCA,4 5 6 7 3,-0.010536505911973526,0.0018424838075254968,-0.00869402210444803,0.14883959428637947
250,16,5,CTATCGCA,7 6 5 4 3,-0.010536505911973526,-0.009872588516042669,-0.020409094428016195,-0.48373476593308623
250,16,5,CTATCGCA,4 3 5 7 6,-0.010536505911973526,0.010521789760321809,-1.4716151651716913e-05,0.49965058540632334
250,17,3,CTATCGCA,1 2 7,-0.23043993232906784,0.08553430189481315,-0.1449056304342547,0.27070024271095633
250,17,3,CTATCGCG,2 1 7,0.6215899046382685,-0.5015105592464311,0.1200793453918374,-0.4465411380133821
250,17,3,CTATCGCA,1 2 7,-0.23043993232906784,0.08553430189481315,-0.1449056304342547,0.27070024271095633
250,17,3,CTATCGCA,2 7 1,-0.23043993232906784,-0.01611341039547387,-0.2465533427245417,-0.06535466206790128
250,18,4,CTATCGCA,5 1 7 3,0.01660608600683333,0.0011512135275966173,0.01775729953442995,0.06483043918724853
250,18,4,CTATCGCA,5 1 7 3,0.01660608600683333,0.0011512135275966173,0.01775729953442995,0.06483043918724853
250,18,4,CTATCGCA,7 3 1 5,0.01660608600683333,-0.02996847055724583,-0.013362384550412498,-0.6434515488304005
250,18,4,CTATCGCA,5 3 1 7,0.01660608600683333,0.04187327698646204,0.05847936299329537,0.7160351078253501
250,19,2,CTATCGCA,5 2,-6.160310746128328e-05,-3.18720262160177e-05,-9.347513367730098e-05,-0.34096796615501757
250,19,2,CTATCGCA,5 2,-6.160310746128328e-05,-3.18720262160177e-05,-9.347513367730098e-05,-0.34096796615501757
250,19,2,CTATCGCA,2 5,-6.160310746128328e-05,3.187097952350726e-05,-2.973212793777602e-05,0.3409605865280405
250,19,2,CTATCGCA,5 2,-6.160310746128328e-05,-3.18720262160177e-05,-9.347513367730098e-05,-0.34096796615501757
250,20,3,CTATCGCA,4 6 5,0.0002542424141105115,7.889948366202049e-06,0.00026213236247671357,0.030099100666759335
250,20,3,CTATCGCA,4 6 5,0.0002542424141105115,7.889948366202049e-06,0.00026213236247671357,0.030099100666759335
250,20,3,CTATCGCA,6 4 5,0.0002542424141105115,-0.000387652869930033,-0.0001334104558195215,-0.6039191743081063
250,20,3,CTATCGCA,5 4 6,0.0002542424141105115,0.0003639105579815727,0.0006181529720920842,0.5887063144741495
250,21,2,CTATCGCA,4 0,-0.0001891006979350962,0.00031734801057459183,0.00012824731263949563,0.6266143150180847
250,21,2,CTATCGCA,0 4,-0.0001891006979350962,-0.00031732296003761373,-0.0005064236579727099,-0.6265958452808174
250,21,2,CTATCGCA,4 0,-0.0001891006979350962,0.00031734801057459183,0.00012824731263949563,0.6266143150180847
250,21,2,CTATCGCA,4 0,-0.0001891006979350962,0.00031734801057459183,0.00012824731263949563,0.6266143150180847
250,22,4,CTATCGCA,2 1 7 4,-0.1928985414641648,-0.017201763215223487,-0.21010030467938828,-0.08187405173673244
250,22,4,CTATCGCG,7 2 1 4,0.5862185289999613,0.4700539045961234,1.0562724335960847,0.4450119965696942
250,22,4,CTATCGCA,7 1 4 2,-0.1928985414641648,-0.05739540029698009,-0.2502939417611449,-0.22931198371454165
250,22,4,CTATCGCA,1 4 2 7,-0.1928985414641648,0.03492154382785184,-0.15797699763631295,0.15328562353529931
250,23,3,CTATCGCA,5 7 2,-0.017997009091741734,-0.0012561715193815104,-0.019253180611123244,-0.06524488315742365
250,23,3,CTATCGCA,2 7 5,-0.017997009091741734,-0.010901756684726038,-0.028898765776467772,-0.37723952535036376
250,23,3,CTATCGCG,7 5 2,0.2330148142776749,-0.10855844623005328,0.12445636804762161,-0.31781892431710745
250,23,3,CTATCGCA,7 2 5,-0.017997009091741734,0.021325523724916806,0.0033285146331750726,0.5423232482085307
250,24,2,CGATCGCG,2 1,-0.048809458383354154,-0.5965279270495017,-0.6453373854328559,-0.9243659836155075
250,24,2,CGGTCGCG,1 2,3.733011473250712,0.6035283854183109,4.336539858669022,0.13917279791901804
250,24,2,CTATCGCG,2 1,-0.14494917981275357,0.1420860934250916,-0.0028630863876619728,0.4950126575814786
250,24,2,CGATCGCG,1 2,-0.048809458383354154,1.0670471010198161,1.0182376426364619,0.956258304015831
250,25,3,CTATCGCA,2 5 7,-0.017997009091741734,-0.0152338873140625,-0.03323089640580423,-0.4584254101373471
250,25,3,CTATCGCA,2 5 7,-0.017997009091741734,-0.0152338873140625,-0.03323089640580423,-0.4584254101373471
250,25,3,CTATCGCA,2 5 7,-0.017997009091741734,-0.0152338873140625,-0.03323089640580423,-0.4584254101373471
250,25,3,CTATCGCA,2 5 7,-0.017997009091741734,-0.0152338873140625,-0.03323089640580423,-0.4584254101373471
250,26,6,CGATCGCG,7 2 3 6 1 4,0.3817171966615125,-0.04530725984515982,0.3364099368163527,-0.10609991806043523
250,26,6,CTATCGCA,2 3 1 7 6 4,-0.13374974166924763,0.1259326851366902,-0.007817056532557431,0.48494881492616526
250,26,6,CTATCGCA,3 2 1 7 6 4,-0.13374974166924763,-0.031155529807761262,-0.1649052714770089,-0.18892985972316215
250,26,6,CTATCGCA,7 4 3 2 1 6,-0.13374974166924763,-0.07225268246307248,-0.20600242413232012,-0.35073704966045893
250,27,6,CTATCGCA,6 2 1 3 5 7,-0.13045995707302754,0.06599524722455996,-0.06446470984846758,0.3359302567754393
250,27,6,CTATCGCA,3 1 2 5 6 7,-0.13045995707302754,0.20938866706022097,0.07892870998719342,0.6161233331288211
250,27,6,CGATCGCG,5 2 6 7 3 1,0.3971025675999633,-0.6680523288507931,-0.2709497612508298,-0.627187962123477
250,27,6,CGGTCGCG,5 7 3 6 1 2,3.909143498198514,1.4346490882931349,5.343792586491649,0.26847020446110215
250,28,5,CTATCGCA,3 7 5 4 2,-0.0046811872121644005,-0.05021846203084035,-0.05489964924300475,-0.9147319285876699
250,28,5,CTATCGCA,7 2 3 4 5,-0.0046811872121644005,0.05713946274607995,0.05245827553391555,0.9242779360080131
250,28,5,CTATCGCA,3 5 2 7 4,-0.0046811872121644005,-0.09369744936515101,-0.09837863657731541,-0.952416628497535
250,28,5,CTATCGCA,3 5 7 2 4,-0.0046811872121644005,-0.056861278189841435,-0.061542465402005836,-0.9239356567601559
250,29,4,CTATCGCA,0 1 6 7,0.0038944011198781547,0.09459118931456123,0.09848559043443939,0.9604571480690811
250,29,4,CTATCGCA,0 1 7 6,0.0038944011198781547,0.09849712224288032,0.10239152336275847,0.9619655905881891
250,29,4,CTATCGCG,6 0 1 7,0.45470285294497037,-0.08885156284899232,0.36585129009597805,-0.16346397024336196
250,29,4,CTATCGCA,1 6 0 7,0.0038944011198781547,0.03145001587883689,0.035344416998715045,0.8898156639556472
250,30,2,CTATCGCA,4 7,-0.011294772879912762,-0.0031954109216452142,-0.014490183801557976,-0.2205224561265845
250,30,2,CTATCGCA,4 7,-0.011294772879912762,-0.0031954109216452142,-0.014490183801557976,-0.2205224561265845
250,30,2,CTATCGCA,7 4,-0.011294772879912762,0.0032369127767457595,-0.008057860103167003,0.2227486097087837
250,30,2,CTATCGCA,4 7,-0.011294772879912762,-0.0031954109216452142,-0.014490183801557976,-0.2205224561265845
250,31,3,CTATCGCA,7 5 3,-0.007655403855323456,-0.0015847762082021877,-0.009240180063525644,-0.1715092343771391
250,31,3,CTATCGCA,5 7 3,-0.007655403855323456,-0.0031737738139245852,-0.010829177669248041,-0.29307616061533937
250,31,3,CTATCGCA,7 5 3,-0.007655403855323456,-0.0015847762082021877,-0.009240180063525644,-0.1715092343771391
250,31,3,CTATCGCA,3 5 7,-0.007655403855323456,0.0008049081477803366,-0.006850495707543119,0.09513929834798573
500,0,1,CTATCGCA,3,4.179014112537516e-08,0.0,4.179014112537516e-08,0.0
500,0,1,CTATCGCA,3,4.179014112537516e-08,0.0,4.179014112537516e-08,0.0
500,0,1,CTATCGCA,3,4.179014112537516e-08,0.0,4.179014112537516e-08,0.0
500,0,1,CTATCGCA,3,4.179014112537516e-08,0.0,4.179014112537516e-08,0.0
500,1,7,CTATCGCA,2 3 7 5 4 0 1,-0.22856138428734263,0.28411390989896645,0.055552525611623826,0.5541790546975682
500,1,7,CGATCGCG,3 2 0 4 7 5 1,0.3034200456545091,-0.6241645559383384,-0.32074451028382933,-0.6728923214836938
500,1,7,CTATCGCA,3 0 5 4 1 7 2,-0.22856138428734263,0.1930427282721361,-0.03551865601520654,0.4578767676155013
500,1,7,CTATCGCA,3 0 7 4 1 5 2,-0.22856138428734263,0.1612942809086384,-0.06726710337870423,0.41372819560684215
500,2,4,CTATCGCA,4 5 7 2,-0.008697647973898881,-0.011412405126268954,-0.020110053100167835,-0.5674975132797491
500,2,4,CTATCGCA,4 7 2 5,-0.008697647973898881,0.024291714243442453,0.015594066269543572,0.7363499204198971
500,2,4,CTATCGCA,7 2 4 5,-0.008697647973898881,0.03193757051556245,0.02323992254166357,0.7859578883240261
500,2,4,CTATCGCA,7 5 2 4,-0.008697647973898881,0.03185845655186936,0.023160808577970482,0.7855403501987566
500,3,4,CTATATAT,5 3 6 7,-0.5478372239038938,-0.23468044604254512,-0.7825176699464389,-0.29990434089316903
500,3,4,CTATAGCA,7 5 3 6,1.391784455367699,-0.19780213757761533,1.1939823177900837,-0.1244362140794806
500,3,4,CTATAGCA,6 5 7 3,1.391784455367699,0.19766149166968727,1.5894459470373863,0.12435873773380855
500,3,4,CTATATAT,3 7 5 6,-0.5478372239038938,0.40833376835104307,-0.1395034555528507,0.4270509894763384
500,4,5,CTATCGCA,3 0 7 4 5,-0.012458320391809434,-0.0021890771675669995,-0.014647397559376434,-0.1494516113659847
500,4,5,CTATCGCC,7 4 5 3 0,0.9580142273734245,0.31445911260553316,1.2724733399789576,0.24712432294316927
500,4,5,CTATCGCA,5 0 3 7 4,-0.012458320391809434,-0.023153016297182027,-0.03561133668899146,-0.6501585857163099
500,4,5,CTATCGCA,0 7 4 5 3,-0.012458320391809434,-0.04239642510932651,-0.05485474550113594,-0.772885275868221
500,5,5,CTATCGCA,3 6 7 0 1,-0.000661215404680976,-0.0056922677036839175,-0.0063534831083648935,-0.8959286751214574
500,5,5,CTATCGCA,0 6 1 3 7,-0.000661215404680976,0.02249230034741867,0.021831084942737694,0.9714421165338135
500,5,5,CTATCGCA,0 3 1 6 7,-0.000661215404680976,0.10884335581080062,0.10818214040611965,0.9939617552277352
500,5,5,CGATCGCG,0 7 6 3 1,-0.3936359906192144,0.08720114760921405,-0.30643484301000035,0.18135277139884298
500,6,3,CTATCGCA,2 6 4,-0.00015644040030338147,0.0014733615127302535,0.001316921112426872,0.9040126293555572
500,6,3,CTATCGCA,2 6 4,-0.00015644040030338147,0.0014733615127302535,0.001316921112426872,0.9040126293555572
500,6,3,CTATCGCA,4 2 6,-0.00015644040030338147,-0.001266397854883916,-0.0014228382551872976,-0.8900504679762155
500,6,3,CTATCGCA,6 4 2,-0.00015644040030338147,-0.0013136863279537003,-0.0014701267282570818,-0.8935871327985102
500,7,5,CTATCGCA,1 3 5 2 7,-0.14323576028500706,-0.026195360127999834,-0.1694311204130069,-0.15460772533490763
500,7,5,CTATCGCA,1 7 5 3 2,-0.14323576028500706,0.01380408799489885,-0.1294316722901082,0.08790181693435294
500,7,5,CTATCGCA,7 3 5 1 2,-0.14323576028500706,-0.11784432593277927,-0.26108008621778633,-0.451372326552997
500,7,5,CTATCGCA,2 3 5 7 1,-0.14323576028500706,0.10668456652898328,-0.03655119375602378,0.42687430786046476
500,8,5,CGATCGCG,1 7 2 4 0,0.5003268967390424,1.0242363873995464,1.5245632841385888,0.6718228085744975
500,8,5,CTATCGCA,2 7 1 4 0,-0.1545128004779261,0.12484670642620799,-0.029666094051718106,0.44690337482966275
500,8,5,CTATCGCA,4 1 2 0 7,-0.1545128004779261,-0.016134634667512415,-0.1706474351454385,-0.09454952928979725
500,8,5,CTATCGCA,2 7 1 0 4,-0.1545128004779261,0.12413971404489743,-0.030373086433028662,0.4455000675571853
500,9,6,CTATCGCA,1 7 6 4 5 0,-0.009793762731501066,0.06375999236423358,0.05396622963273251,0.8668489090903123
500,9,6,CTATCGCA,0 5 4 6 7 1,-0.009793762731501066,0.022343432406509045,0.01254966967500798,0.695251477627631
500,9,6,CTATCGCA,6 4 7 1 5 0,-0.009793762731501066,0.0311652296726459,0.021371466941144834,0.7608885825397043
500,9,6,CTATCGCA,6 4 1 7 0 5,-0.009793762731501066,0.08100069271257215,0.07120692998107109,0.892132590215999
500,10,4,CTATCGCA,1 2 6 0,0.0012062369564542902,0.0010762579158369867,0.002282494872291277,0.47152698080613337
500,10,4,CTATCGCA,6 2 1 0,0.0012062369564542902,-0.00523321399855492,-0.00402697704210063,-0.8126801547395953
500,10,4,CTATCGCA,1 6 0 2,0.0012062369564542902,-0.0032909003030465733,-0.002084663346592283,-0.7317767088594112
500,10,4,CTATCGCA,2 6 1 0,0.0012062369564542902,-0.002027061034870048,-0.0008208240784157578,-0.6269329459607825
500,11,2,CTATCGCA,0 1,-0.0005924460249606689,0.0013836626439579502,0.0007912166189972814,0.7001956247249947
500,11,2,CTATCGCA,0 1,-0.0005924460249606689,0.0013836626439579502,0.0007912166189972814,0.7001956247249947
500,11,2,CTATCGCA,0 1,-0.0005924460249606689,0.0013836626439579502,0.0007912166189972814,0.7001956247249947
500,11,2,CTATCGCA,0 1,-0.0005924460249606689,0.0013836626439579502,0.0007912166189972814,0.7001956247249947
500,12,5,CTATCGCA,5 2 6 7 4,-0.002286901403388622,-0.016955829336138706,-0.019242730739527328,-0.8811550484001214
500,12,5,CTATCGCA,5 7 6 2 4,-0.002286901403388622,0.03322670285645479,0.03093980145306617,0.9356049195498157
500,12,5,CTATCGCA,2 6 5 7 4,-0.002286901403388622,-0.018318924410477777,-0.0206058258138664,-0.889016755550283
500,12,5,CTATCGCA,2 5 6 4 7,-0.002286901403388622,-0.033463949255446934,-0.035750850658835556,-0.9360322520654922
500,13,2,CTATCGCA,3 2,-9.423397589136684e-06,-0.00155252491210367,-0.0015619483096928066,-0.9939668953635283
500,13,2,CTATCGCA,3 2,-9.423397589136684e-06,-0.00155252491210367,-0.0015619483096928066,-0.9939668953635283
500,13,2,CTATCGCA,2 3,-9.423397589136684e-06,0.001554947156346409,0.0015455237587572723,0.9939762369181459
500,13,2,CTATCGCA,3 2,-9.423397589136684e-06,-0.00155252491210367,-0.0015619483096928066,-0.9939668953635283
500,14,5,CTATCGCG,5 7 0 2 3,-0.2265108586758493,-0.5620702394685866,-0.7885810981444359,-0.7127614912291979
500,14,5,CTATCGCA,5 3 7 2 0,-0.05817036074597448,-0.05159625037894511,-0.10976661112491959,-0.47005414351570113
500,14,5,CTATCGCA,0 2 7 3 5,-0.05817036074597448,-0.2083494731294051,-0.2665198338753796,-0.7817409687671725
500,14,5,CTATCGCA,5 7 0 2 3,-0.05817036074597448,0.05230926970508154,-0.005861091040892941,0.4734743363235204
500,15,2,CAATATAT,1 0,0.050576476162993544,0.017849358189287345,0.06842583435228089,0.2608570046423169
500,15,2,CGATATAT,0 1,-0.2755558310604722,0.04391650263350888,-0.23163932842696333,0.13746574586197502
500,15,2,CAATATAT,0 1,0.050576476162993544,-0.018437245106306177,0.03213923105668737,-0.26715332497956257
500,15,2,CAATATAT,0 1,0.050576476162993544,-0.018437245106306177,0.03213923105668737,-0.26715332497956257
500,16,4,CTATCGCA,7 2 5 3,-0.006950372137923572,0.015971050461415892,0.00902067832349232,0.6967739629684301
500,16,4,CTATCGCA,7 2 5 3,-0.006950372137923572,0.015971050461415892,0.00902067832349232,0.6967739629684301
500,16,4,CTATCGCA,3 7 5 2,-0.006950372137923572,0.0061186265940014195,-0.0008317455439221522,0.4681786814360016
500,16,4,CTATCGCA,2 7 5 3,-0.006950372137923572,0.0045716720125019705,-0.002378700125421601,0.39677612347398666
500,17,3,CTATCGCA,4 5 3,-0.00034255365087779155,0.0005384999153290604,0.00019594626445126884,0.6111999723778798
500,17,3,CTATCGCA,5 4 3,-0.00034255365087779155,0.0004933159493345496,0.00015076229845675804,0.5901829055743019
500,17,3,CTATCGCA,4 5 3,-0.00034255365087779155,0.0005384999153290604,0.00019594626445126884,0.6111999723778798
500,17,3,CTATCGCA,3 5 4,-0.00034255365087779155,-0.0004464489841569108,-0.0007890026350347024,-0.5658396617867757
500,18,5,TTTACGCC,0 1 7 5 6,1.0618771232771111,0.0592927022260028,1.121169825503114,0.05288467534291318
500,18,5,TTTACGCC,5 6 7 1 0,1.0618771232771111,-0.07754748925458443,0.9843296340225267,-0.06805846424738984
500,18,5,TTTACGCC,1 6 7 5 0,1.0618771232771111,0.15875395191301322,1.2206310751901244,0.13005891390098015
500,18,5,TTTACGCC,6 5 0 7 1,1.0618771232771111,-0.06957744870692295,0.9922996745701882,-0.06149380667128079
500,19,2,CTATCGCA,5 1,-0.0012389637424684574,0.0011032032725888374,-0.00013576046987961998,0.47101819191226657
500,19,2,CTATCGCA,1 5,-0.0012389637424684574,-0.0011015384861712274,-0.002340502228639685,-0.4706419300491112
500,19,2,CTATCGCA,5 1,-0.0012389637424684574,0.0011032032725888374,-0.00013576046987961998,0.47101819191226657
500,19,2,CTATCGCA,1 5,-0.0012389637424684574,-0.0011015384861712274,-0.002340502228639685,-0.4706419300491112
500,20,2,CGATCGCG,5 0,-0.0014215401345851753,8.448673710337307e-05,-0.0013370533974818022,0.05609909005716946
500,20,2,CGATCGCG,5 0,-0.0014215401345851753,8.448673710337307e-05,-0.0013370533974818022,0.05609909005716946
500,20,2,CGATCGCG,0 5,-0.0014215401345851753,-8.44143234298711e-05,-0.0015059544580150463,-0.05605370267380801
500,20,2,CGATCGCG,5 0,-0.0014215401345851753,8.448673710337307e-05,-0.0013370533974818022,0.05609909005716946
500,21,3,CTATCGCA,3 5 1,-0.0010625398154819887,0.0006045300227550676,-0.0004580097927269211,0.36263029231838567
500,21,3,CTATCGCA,3 5 1,-0.0010625398154819887,0.0006045300227550676,-0.0004580097927269211,0.36263029231838567
500,21,3,CTATCGCA,3 5 1,-0.0010625398154819887,0.0006045300227550676,-0.0004580097927269211,0.36263029231838567
500,21,3,CTATCGCA,3 1 5,-0.0010625398154819887,-0.0016002117360049972,-0.002662751551486986,-0.6009617138750236
500,22,5,CTATCGCG,0 7 6 2 1,0.5921439945645051,0.3614914330337453,0.9536354275982504,0.3790666984176213
500,22,5,CGATCGCG,1 0 6 7 2,0.51678125734955,0.5459418195345789,1.062723076884129,0.5137197369753778
500,22,5,CTATCGCA,0 7 2 6 1,-0.17684284561718167,-0.03914077538432359,-0.21598362100150525,-0.18122103520086277
500,22,5,CTATCGCA,7 1 6 2 0,-0.17684284561718167,-0.2310522313243677,-0.40789507694154936,-0.5664501593322173
500,23,6,CTATCGCG,7 2 3 1 6 0,0.5327719611712989,1.031361536183649,1.5641334973549479,0.6593820399139516
500,23,6,CTATCGCA,3 2 7 6 1 0,-0.151735905020483,0.047329373853340684,-0.10440653116714232,0.2377580566590928
500,23,6,CTATCGCC,7 3 6 1 0 2,1.682952397758636,0.3982032835264082,2.0811556812850442,0.19133757609163143
500,23,6,CTATCGCA,3 6 7 2 0 1,-0.151735905020483,-0.36857052332915785,-0.5203064283496408,-0.708372034722358
500,24,4,CTATCGCA,0 2 4 5,-0.004039255171145867,-0.010544643120495856,-0.014583898291641723,-0.7230332322421069
500,24,4,CTATCGCA,2 0 5 4,-0.004039255171145867,0.001851898601914037,-0.0021873565692318298,0.3143524466094778
500,24,4,CTATCGCA,0 5 4 2,-0.004039255171145867,-0.013085340691517011,-0.017124595862662878,-0.7641255184332413
500,24,4,CTATCGCA,5 4 0 2,-0.004039255171145867,0.005129947047195493,0.0010906918760496265,0.5594758327975301
500,25,3,CTATCGCA,4 3 6,5.2864267775537543e-05,0.00017921283405852861,0.00023207710183406616,0.7722124787074633
500,25,3,CTATCGCA,4 6 3,5.2864267775537543e-05,0.0005621441913592484,0.000615008459134786,0.9140430233270145
500,25,3,CTATCGCA,4 3 6,5.2864267775537543e-05,0.00017921283405852861,0.00023207710183406616,0.7722124787074633
500,25,3,CTATCGCA,6 4 3,5.2864267775537543e-05,0.0002548257497312356,0.00030769001750677316,0.8281898509288692
500,26,3,CTATCGCA,0 5 2,-0.002425450766209647,-0.0027282784021340767,-0.005153729168343724,-0.5293794673752473
500,26,3,CTATCGCA,0 5 2,-0.002425450766209647,-0.0027282784021340767,-0.005153729168343724,-0.5293794673752473
500,26,3,CTATCGCA,5 2 0,-0.002425450766209647,0.0022829549348384326,-0.00014249583137121435,0.4848679319053268
500,26,3,CTATCGCA,5 0 2,-0.002425450766209647,-0.0017442735870250026,-0.0041697243532346495,-0.4183186799079148
500,27,4,CTATCGCA,1 7 0 5,0.01030277825982534,0.0023194121908929333,0.012622190450718274,0.18375671005351893
500,27,4,CTATCGCA,5 0 1 7,0.01030277825982534,0.03998285014085212,0.05028562840067746,0.7951148551285373
500,27,4,CGATCGCG,1 5 7 0,-0.3972115969599854,-0.2331269229658126,-0.630338519925798,-0.3698440053976961
500,27,4,CTATCGCG,1 7 0 5,0.2837586520416844,-0.08880875099750796,0.19494990104417642,-0.23836962190749064
500,28,5,CTATCGCA,5 0 6 2 4,-0.004669268942759023,-0.0092532592997836,-0.013922528242542623,-0.6646249257738054
500,28,5,CTATCGCA,2 6 4 5 0,-0.004669268942759023,0.003934533298944665,-0.000734735643814358,0.45730168923147696
500,28,5,CTATCGCA,6 0 4 5 2,-0.004669268942759023,-0.013528216275461524,-0.018197485218220545,-0.7434113072896559
500,28,5,CTATCGCA,5 0 2 6 4,-0.004669268942759023,-0.008927676788460737,-0.01359694573121976,-0.6565942796963602
500,29,2,CTATCGCA,0 1,-0.0005924460249606689,0.0013836626439579502,0.0007912166189972814,0.7001956247249947
500,29,2,CTATCGCA,1 0,-0.0005924460249606689,-0.001379005874740824,-0.001971451899701493,-0.699487456401866
500,29,2,CTATCGCA,0 1,-0.0005924460249606689,0.0013836626439579502,0.0007912166189972814,0.7001956247249947
500,29,2,CTATCGCA,0 1,-0.0005924460249606689,0.0013836626439579502,0.0007912166189972814,0.7001956247249947
500,30,3,CTATCGCA,1 3 5,-0.0010625398154819887,-0.002890540031004196,-0.003953079846486185,-0.7312121543847743
500,30,3,CTATCGCA,1 5 3,-0.0010625398154819887,-0.0024150205232662536,-0.0034775603387482423,-0.6944582661463028
500,30,3,CTATCGCA,5 3 1,-0.0010625398154819887,0.003333684160096606,0.0022711443446146173,0.7583062597846494
500,30,3,CTATCGCA,5 3 1,-0.0010625398154819887,0.003333684160096606,0.0022711443446146173,0.7583062597846494
500,31,4,CTATCGCA,0 5 4 6,-0.0006664200527060279,-0.00035547378449907185,-0.0010218938372050998,-0.3478578415457518
500,31,4,CTATCGCA,6 4 5 0,-0.0006664200527060279,0.0003203327947391976,-0.0003460872579668303,0.3246332610729854
500,31,4,CTATCGCA,4 0 5 6,-0.0006664200527060279,0.00013658854784237562,-0.0005298315048636523,0.17009599616877624
500,31,4,CTATCGCA,0 5 4 6,-0.0006664200527060279,-0.00035547378449907185,-0.0010218938372050998,-0.3478578415457518
1000,0,5,CGATCGCG,5 7 3 2 1,0.5656586673572332,0.08310819466581254,0.6487668620230458,0.12810178745359582
1000,0,5,CTATCGCA,3 2 5 7 1,-0.2233458444475434,0.049613288305687675,-0.17373255614185573,0.18176086583093232
1000,0,5,CTATCGCA,2 5 7 1 3,-0.2233458444475434,0.1616987198797748,-0.06164712456776861,0.4199480653941089
1000,0,5,CTATCGCG,1 7 3 2 5,0.6062816650533809,-0.7916540553051838,-0.18537239025180297,-0.5663021867000636
1000,1,6,CTATCGCA,4 5 2 7 1 0,-0.23216681906507636,0.2450965696315981,0.012929750566521736,0.5135457180172889
1000,1,6,CTATCGCA,1 4 2 5 0 7,-0.23216681906507636,-0.07212572106986759,-0.30429254013494395,-0.23702756905536412
1000,1,6,CGGTCGCG,5 1 0 7 4 2,5.276334076839753,1.0986510059611216,6.374985082800874,0.17233781596213948
1000,1,6,CTATCGCA,0 1 7 2 5 4,-0.23216681906507636,-0.038810143679300246,-0.2709769627443766,-0.1432230374355159
1000,2,4,CTATCGCA,7 5 4 3,-0.016805732105761244,-0.021508936897078,-0.038314669002839245,-0.5613760331711104
1000,2,4,CTATCGCA,3 5 4 7,-0.016805732105761244,0.000925680772695614,-0.01588005133306563,0.0522056972583549
1000,2,4,CTATCGCA,5 3 7 4,-0.016805732105761244,0.01586960842297458,-0.0009361236827866645,0.4856753798485527
1000,2,4,CTATCGCA,5 7 4 3,-0.016805732105761244,9.591739001280075e-06,-0.016796140366759964,0.0005704165492041724
1000,3,4,CGATCGCG,1 7 4 3,-0.08405470116014824,0.17566623081165078,0.09161152965150254,0.6763653182590803
1000,3,4,CTATCGCA,3 7 1 4,-0.01708800327123139,0.06404986678752866,0.046961863516297275,0.7893954665206733
1000,3,4,CTATCGCA,4 7 3 1,-0.01708800327123139,0.021609416566790607,0.004521413295559218,0.5584200873660926
1000,3,4,CTATCGCA,4 7 3 1,-0.01708800327123139,0.021609416566790607,0.004521413295559218,0.5584200873660926
1000,4,6,CTATCGCA,7 3 5 2 6 4,-0.025590993821292693,-0.009912616544956343,-0.035503610366249036,-0.2792002402769613
1000,4,6,CTATCGCA,5 2 4 7 6 3,-0.025590993821292693,0.014090276485727138,-0.011500717335565555,0.3550863260351444
1000,4,6,CTATCGCA,6 2 4 3 7 5,-0.025590993821292693,0.020951324312266983,-0.0046396695090257095,0.4501564415451812
1000,4,6,CTATCGCG,2 7 3 5 6 4,0.31433383031322704,0.7237772539119751,1.0381110842252022,0.6972059781561516
1000,5,5,CTATCGCA,3 5 2 0 6,-0.00371968493754464,0.01861450893380656,0.014894823996261922,0.8334533603956935
1000,5,5,CTATCGCA,3 0 5 2 6,-0.00371968493754464,0.017490573379800978,0.013770888442256338,0.8246280228231495
1000,5,5,CTATCGCA,5 2 6 3 0,-0.00371968493754464,-0.0025516115600243694,-0.006271296497569009,-0.4068714596755982
1000,5,5,CTATCGAA,3 0 2 6 5,-0.6734386465417526,0.37775958321523273,-0.29567906332651983,0.3593609392802752
1000,6,7,TTTAGGCC,4 0 5 1 6 2 7,-0.31521540355143285,0.37499992125587944,0.059784517704446594,0.5433085991832597
1000,6,7,TTTAGGCC,0 6 5 4 1 7 2,-0.31521540355143285,0.34989960801060427,0.03468420445917142,0.5260738397542064
1000,6,7,TTTAGGCC,0 6 5 2 1 4 7,-0.31521540355143285,0.3377031479321193,0.02248774438068646,0.5172209415168172
1000,6,7,TTTAGGCC,4 5 6 1 7 0 2,-0.31521540355143285,0.3333330170952866,0.018117613543853772,0.5139678187218367
1000,7,3,CGGTCGCG,1 5 2,4.8021311381165095,0.8458150802182891,5.647946218334798,0.14975622067231076
1000,7,3,CGGTCGCG,1 2 5,4.8021311381165095,0.04304324636204826,4.8451743844785575,0.008883735227350463
1000,7,3,CGATCGCG,5 2 1,-0.2973202505055742,-0.3138057487794148,-0.611125999284989,-0.5134878063550957
1000,7,3,CTATCGCG,2 5 1,-0.24757318390935312,0.1417656091973325,-0.10580757471202062,0.3641188900446564
1000,8,2,CGATCGCG,2 7,-0.410860481168671,-0.024694730528945663,-0.4355552116976167,-0.056697130158759136
1000,8,2,CGATCGCG,2 7,-0.410860481168671,-0.024694730528945663,-0.4355552116976167,-0.056697130158759136
1000,8,2,CGATCGCG,2 7,-0.410860481168671,-0.024694730528945663,-0.4355552116976167,-0.056697130158759136
1000,8,2,CGATCGCA,2 7,-0.9451416996350881,0.7136462954721918,-0.23149540416289627,0.4302215217237798
1000,9,6,CTATCGCG,5 3 7 1 4 2,0.5413188489034253,0.2360610444064486,0.7773798933098739,0.30366240037591447
1000,9,6,CTATCGCA,1 2 3 7 5 4,-0.23802693313151757,-0.09779530214897747,-0.33582223528049504,-0.2912115157213878
1000,9,6,CGATCGCG,5 7 3 2 1 4,0.669571609834942,-0.14658524543497986,0.5229863643999622,-0.17960425681470352
1000,9,6,CTATCGCA,5 7 4 3 1 2,-0.23802693313151757,-0.04090750738059157,-0.27893444051210914,-0.14665635159820176
1000,10,4,CGATCGCG,7 2 4 0,-0.14855767716689805,1.042236679787309,0.893679002620411,0.875244893209877
1000,10,4,CGATCGCA,2 4 0 7,-0.900140832231096,0.8871191996851975,-0.013021632545898498,0.4963570962497447
1000,10,4,CGGTCGCG,4 7 2 0,4.032766130324133,0.2945407556010977,4.327306885925231,0.0680656037035657
1000,10,4,CGGTCGCG,0 4 7 2,4.032766130324133,1.1325245400997446,5.165290670423878,0.21925669093213035
1000,11,4,CAATCTAT,5 4 7 6,0.17513511028349926,-0.3949594654557185,-0.2198243551722192,-0.6927963924995972
1000,11,4,CAATCGCG,6 5 4 7,3.791626898990936,0.5729213084768192,4.364548207467755,0.131267036413196
1000,11,4,CAATCGCG,6 4 7 5,3.791626898990936,0.35505544163507086,4.146682340626007,0.08562397899557207
1000,11,4,CAATCGCG,7 4 6 5,3.791626898990936,-0.9171401080467119,2.874486790944224,-0.19477287932827617
1000,12,4,TTTAGGCC,0 5 6 2,0.002661498635003215,0.0011675928390051382,0.003829091474008353,0.3049268597866333
1000,12,4,TTTAGGCC,5 2 6 0,0.002661498635003215,0.0006353826993237277,0.0032968813343269426,0.19272234420698095
1000,12,4,TTTAGGCC,2 6 0 5,0.002661498635003215,-0.002409940071634864,0.0002515585633683509,-0.4751985010644926
1000,12,4,TTTAGGCC,5 0 2 6,0.002661498635003215,0.0017456382320180097,0.004407136867021225,0.396093492144682
1000,13,6,CTATCGCA,1 7 5 2 3 4,-0.23802693313151757,-0.08315963823523376,-0.32118657136675133,-0.258913807888552
1000,13,6,CTATCGCG,5 3 2 4 7 1,0.5413188489034253,-0.41393325614095655,0.12738559276246875,-0.43332357390798404
1000,13,6,CTATCGCA,1 4 2 5 3 7,-0.23802693313151757,-0.04008705411184721,-0.2781139872433648,-0.1441389356543541
1000,13,6,CTATCGCA,4 2 3 1 5 7,-0.23802693313151757,0.23652508020389362,-0.0015018529276239478,0.49841760978204674
1000,14,3,CTATCGCA,1 2 6,0.002467655361014953,0.011670226542438211,0.014137881903453164,0.825457916690319
1000,14,3,CTATCGCA,6 1 2,0.002467655361014953,0.005151316486891044,0.007618971847905998,0.6761170128626784
1000,14,3,CTATCGCA,1 6 2,0.002467655361014953,0.011624643309633864,0.014092298670648817,0.8248933393560172
1000,14,3,CTATCGCA,6 1 2,0.002467655361014953,0.005151316486891044,0.007618971847905998,0.6761170128626784
1000,15,4,CTATCGCA,2 7 3 6,-0.01934500998890895,0.01938799789857759,4.29879096686403e-05,0.5005549260438734
1000,15,4,CTATCGCA,3 7 2 6,-0.01934500998890895,-0.014081518223724832,-0.03342652821263378,-0.4212677468072388
1000,15,4,CTATCGCA,3 6 2 7,-0.01934500998890895,-0.01929855424461957,-0.03864356423352852,-0.49939892003738784
1000,15,4,CTATCGCA,6 7 3 2,-0.01934500998890895,-0.00244843052107635,-0.0217934405099853,-0.11234713123678339
1000,16,6,CTATCGCA,0 5 3 4 6 2,-0.013239830202597988,-0.0824059655469842,-0.0956457957495822,-0.8615743630042848
1000,16,6,CTATCGCA,3 6 0 5 4 2,-0.013239830202597988,0.10589220078962391,0.09265237058702593,0.888864228265676
1000,16,6,CTATCGCA,3 2 0 4 5 6,-0.013239830202597988,0.11559079199922273,0.10235096179662474,0.8972307206445295
1000,16,6,CTATCGCA,4 0 6 2 3 5,-0.013239830202597988,0.03506582925545665,0.02182599905285866,0.7259155479681514
1000,17,6,CTATCGCA,6 1 2 5 3 7,-0.23674943976923585,-0.027870052075705587,-0.26461949184494143,-0.10532123647201524
1000,17,6,CTATCGCA,6 7 2 5 3 1,-0.23674943976923585,-0.17441221507214522,-0.41116165484138106,-0.4241937763856661
1000,17,6,CTATCGCA,1 2 6 5 3 7,-0.23674943976923585,0.009053183483082705,-0.22769625628615314,0.03683111011305006
1000,17,6,CTATCGCA,3 6 2 7 1 5,-0.23674943976923585,0.05236730593242811,-0.18438213383680774,0.18112858113886388
1000,18,3,CGATCGCG,0 4 1,-0.23133463646165964,0.0001529312065324806,-0.23118170525512716,0.0006606454423145867
1000,18,3,CTATCGCG,1 4 0,0.2481620693505967,-0.01925763894324195,0.22890443040735475,-0.07201278868377872
1000,18,3,CGATCGCG,0 1 4,-0.23133463646165964,0.06325367894153922,-0.16808095752012042,0.2147188996785728
1000,18,3,CTATCGCG,4 1 0,0.2481620693505967,0.09573242823752803,0.34389449758812474,0.2783773189421157
1000,19,4,CTATCGCG,3 6 1 5,0.23987887727495838,-0.05809123697059437,0.181787640304364,-0.1949565885749275
1000,19,4,CGATCGCG,6 3 1 5,-0.18398990300758655,0.03591744023985877,-0.14807246276772779,0.16332988116473923
1000,19,4,CGATCGCG,1 5 3 6,-0.18398990300758655,0.08496422345585097,-0.09902567955173558,0.31590600439217015
1000,19,4,CGATCGCG,1 5 6 3,-0.18398990300758655,0.0823114541391683,-0.10167844886841826,0.30909138061135616
1000,20,8,CTATCGCA,5 2 0 3 4 1 6 7,-0.293769877451141,0.4443048952072495,0.15053501775610845,0.6019781621948092
1000,20,8,TTTGCGCC,6 0 3 2 5 7 4 1,6.450192444849087,0.42695316882419654,6.877145613673283,0.062082903694131386
1000,20,8,CTATCGCA,2 6 3 7 1 4 0 5,-0.293769877451141,0.32573017874180366,0.03196030129066263,0.5257952367971284
1000,20,8,CTATCGCA,1 2 0 4 7 6 5 3,-0.293769877451141,0.2590422689283223,-0.034727608522818754,0.46859004568707424
1000,21,3,CTATCGCA,4 0 3,-0.00020061266861076676,0.0032566102942339636,0.003055997625623197,0.9419728866877318
1000,21,3,CTATCGCA,3 4 0,-0.00020061266861076676,0.00036916455191682296,0.0001685518833060562,0.6479103386670884
1000,21,3,CTATCGCA,4 0 3,-0.00020061266861076676,0.0032566102942339636,0.003055997625623197,0.9419728866877318
1000,21,3,CTATCGCA,0 3 4,-0.00020061266861076676,-0.00385648794176352,-0.004057100610374287,-0.9505527005917018
1000,22,7,CGATCGCG,7 1 2 0 6 4 3,0.6369933079638019,1.2675790464212806,1.9045723543850825,0.6655452304045104
1000,22,7,CTATCGCA,4 3 7 0 6 2 1,-0.3157672986559227,-0.5393575563976842,-0.8551248550536069,-0.6307354454851771
1000,22,7,CTATCGCA,3 6 4 7 2 0 1,-0.3157672986559227,-0.07899009407638324,-0.3947573927323059,-0.20009782091642359
1000,22,7,CTATCGCA,6 2 0 4 7 1 3,-0.3157672986559227,0.48022270159608205,0.16445540294015937,0.6033024302366198
1000,23,6,CTATCGCA,0 5 7 6 4 1,-0.029796627774131557,0.06794412658072346,0.038147498806591906,0.6951463289719179
1000,23,6,CTATCGCA,6 0 4 7 1 5,-0.029796627774131557,0.12662336684897113,0.09682673907483957,0.8095088300832182
1000,23,6,CTATCGCA,7 1 6 4 5 0,-0.029796627774131557,-0.1285032744503134,-0.15829990222444495,-0.811771028563969
1000,23,6,CTATCGCA,0 6 1 7 4 5,-0.029796627774131557,0.04462646847113305,0.014829840697001495,0.5996319788156159
1000,24,1,CTATCGCA,4,-8.944545708544638e-05,0.0,-8.944545708544638e-05,0.0
1000,24,1,CTATCGCA,4,-8.944545708544638e-05,0.0,-8.944545708544638e-05,0.0
1000,24,1,CTATCGCA,4,-8.944545708544638e-05,0.0,-8.944545708544638e-05,0.0
1000,24,1,CTATCGCA,4,-8.944545708544638e-05,0.0,-8.944545708544638e-05,0.0
1000,25,5,CTATCGCA,0 1 3 2 4,-0.007058356279761684,-0.05813311746116323,-0.06519147374092492,-0.8917288431335048
1000,25,5,CTATCGCA,3 4 1 0 2,-0.007058356279761684,0.03278788758378415,0.025729531304022463,0.8228601846655069
1000,25,5,CTATCGCA,3 1 0 4 2,-0.007058356279761684,0.021542382921855285,0.014484026642093601,0.7532107044505117
1000,25,5,CTATCGCA,4 3 2 0 1,-0.007058356279761684,0.04420378350603915,0.037145427226277464,0.8623085905259696
1000,26,2,TTTAGGCC,3 2,-0.028778050232839858,0.0006290303336567993,-0.02814901989918306,0.021390438001297227
1000,26,2,TTTAGGCC,3 2,-0.028778050232839858,0.0006290303336567993,-0.02814901989918306,0.021390438001297227
1000,26,2,TTTGGGCC,3 2,0.07843547082973013,-0.13857191753056464,-0.06013644670083451,-0.6385585236411183
1000,26,2,TTTGGGCC,3 2,0.07843547082973013,-0.13857191753056464,-0.06013644670083451,-0.6385585236411183
1000,27,4,CTATCGCA,3 4 6 2,0.0002208618026329906,-0.005220162885922086,-0.0049993010832890955,-0.959408049903254
1000,27,4,CTATCGCA,3 6 2 4,0.0002208618026329906,-0.0028064377865630874,-0.002585575983930097,-0.9270432951462059
1000,27,4,CTATCGCA,6 4 2 3,0.0002208618026329906,0.003163759615785189,0.0033846214184181794,0.9347454928249519
1000,27,4,CTATCGCA,2 6 3 4,0.0002208618026329906,0.001670546645120119,0.0018914084477531096,0.8832289223962374
1000,28,5,CTATCGCA,6 7 3 1 4,-0.04000322300110898,0.012264619630323992,-0.027738603370784987,0.2346494328608134
1000,28,5,CTATCGCA,3 4 7 6 1,-0.04000322300110898,0.0382345394898298,-0.0017686835112791788,0.4886967401995678
1000,28,5,CGATCGCG,6 4 3 7 1,-0.015271789826761584,-0.0963263880236509,-0.11159817785041248,-0.8631537707790169
1000,28,5,CTATCGCA,3 1 7 4 6,-0.04000322300110898,0.02423823576803308,-0.0157649872330759,0.37729896288836684
1000,29,4,TTTAGGCC,1 4 2 3,-0.06773481230663203,-0.16937359785083705,-0.23710841015746909,-0.7143297774142731
1000,29,4,TTTGGGCC,1 2 4 3,-0.06844286938034738,0.1249808607683689,0.056537991388021513,0.6461506076440351
1000,29,4,TTTAGGCC,3 2 1 4,-0.06773481230663203,0.08241419715682108,0.014679384850189048,0.5488827229118753
1000,29,4,TTTAGGCC,4 1 2 3,-0.06773481230663203,-0.08785674152318412,-0.15559155382981615,-0.564662665553688
1000,30,3,CTATCGCG,2 0 1,-0.14905065156215502,0.23760344344189366,0.08855279187973863,0.6145116436421182
1000,30,3,CGGTCGCG,0 1 2,4.57309241679846,0.9658459953015055,5.538938412099965,0.17437384629364863
1000,30,3,CGATCGCG,1 2 0,-0.3134185637082577,1.2821072482642726,0.9686886845560149,0.8035640906863286
1000,30,3,CGATCGCG,0 2 1,-0.3134185637082577,-0.36951797094438144,-0.6829365346526391,-0.5410721966021759
1000,31,4,CTATCGCA,5 0 2 6,-0.0010404502807071364,-0.0037205422889026174,-0.004760992569609754,-0.7814635781310578
1000,31,4,CTATCGCA,6 5 2 0,-0.0010404502807071364,0.0006148791396474174,-0.00042557114105971905,0.37145424474828515
1000,31,4,CTATCGCA,2 5 0 6,-0.0010404502807071364,0.0016031156576166161,0.0005626653769094797,0.6064216649096065
1000,31,4,CTATCGCA,5 2 0 6,-0.0010404502807071364,0.001027940960483864,-1.2509320223272336e-05,0.496976074938301
2000,0,6,TTTGCGCG,6 7 0 4 2 5,-0.7339271276104651,0.19131118359193078,-0.5426159440185343,0.20676963034886853
2000,0,6,TTTGGGCC,0 4 7 5 6 2,0.829543684902361,0.35031059926905606,1.179854284171417,0.29691005403694465
2000,0,6,TTTGGGCG,2 7 4 6 0 5,1.7356878634863646,0.5720643369808522,2.307752200467217,0.24788811245203654
2000,0,6,TTTGGGCG,0 4 6 2 5 7,1.7356878634863646,0.3144091645919298,2.0500970280782944,0.15336306539922576
2000,1,2,CTATCGCG,7 6,0.2605832005498381,-0.17020118460542832,0.09038201594440975,-0.39509599342623153
2000,1,2,CTATCGCA,6 7,-0.007419138234048606,-0.0036491752667652255,-0.011068313500813831,-0.32969569090150086
2000,1,2,CTATCGCA,6 7,-0.007419138234048606,-0.0036491752667652255,-0.011068313500813831,-0.32969569090150086
2000,1,2,CTATCGCA,6 7,-0.007419138234048606,-0.0036491752667652255,-0.011068313500813831,-0.32969569090150086
2000,2,3,CTATCGCA,5 0 3,0.00040453096173076464,0.0003429837558528437,0.0007475147175836083,0.45883211097376353
2000,2,3,CTATCGCA,0 5 3,0.00040453096173076464,0.0004096470326644397,0.0008141779943952043,0.503141862693965
2000,2,3,CTATCGCA,3 0 5,0.00040453096173076464,-0.00037085797179226,3.367298993850465e-05,-0.478286387332413
2000,2,3,CTATCGCA,0 5 3,0.00040453096173076464,0.0004096470326644397,0.0008141779943952043,0.503141862693965
2000,3,4,CTATCGCA,6 4 1 2,7.193761946409222e-05,0.004739734278834007,0.004811671898298099,0.9850493506239407
2000,3,4,CTATCGCA,4 2 6 1,7.193761946409222e-05,-0.006419850457499265,-0.006347912838035173,-0.9889186740831284
2000,3,4,CTATCGCA,1 2 4 6,7.193761946409222e-05,0.006129423266335365,0.006201360885799458,0.9883997043892699
2000,3,4,CTATCGCA,4 6 2 1,7.193761946409222e-05,-0.009098670726965352,-0.00902673310750126,-0.9921556327839361
2000,4,2,CTATCGCA,6 4,3.9757159124187424e-05,-9.306772593142831e-06,3.0450386531044593e-05,-0.18968664490162562
2000,4,2,CTATCGCA,4 6,3.9757159124187424e-05,9.31035839746297e-06,4.9067517521650394e-05,0.18974586177820993
2000,4,2,CTATCGCA,6 4,3.9757159124187424e-05,-9.306772593142831e-06,3.0450386531044593e-05,-0.18968664490162562
2000,4,2,CTATCGCA,6 4,3.9757159124187424e-05,-9.306772593142831e-06,3.0450386531044593e-05,-0.18968664490162562
2000,5,4,CTATCGCA,7 0 3 4,-0.013808133185924866,5.31161086430032e-05,-0.013755017077281863,0.0038319856684071794
2000,5,4,CTATCGCA,7 4 0 3,-0.013808133185924866,0.007543184340708997,-0.006264948845215869,0.35328894019301377
2000,5,4,CTATCGCA,3 7 4 0,-0.013808133185924866,-0.025801566770435436,-0.0396096999563603,-0.6513951582279625
2000,5,4,CTATCGCA,3 7 0 4,-0.013808133185924866,-0.026282823798221777,-0.04009095698414664,-0.6555798557917916
2000,6,6,CTATCGCA,7 6 4 5 3 2,-0.03212978385529222,-0.010244469597997963,-0.042374253453290184,-0.24176165390832444
2000,6,6,CTATCGCA,5 4 7 3 6 2,-0.03212978385529222,0.04318218827016018,0.011052404414867961,0.5733774730826143
2000,6,6,CTATCGCA,7 2 4 3 6 5,-0.03212978385529222,-0.009606393939426638,-0.04173617779471886,-0.23016947039750715
2000,6,6,CTATCGCA,5 4 3 6 7 2,-0.03212978385529222,0.007351698857613442,-0.02477808499767878,0.18620625043573472
2000,7,4,CTATCGCA,4 7 1 5,-0.03969905472566687,0.0339032666629997,-0.005795788062667173,0.46062768161847933
2000,7,4,CTATCGCA,5 1 7 4,-0.03969905472566687,0.0036959548520449914,-0.03600309987362188,0.08517004346839165
2000,7,4,CTATCGCA,7 1 4 5,-0.03969905472566687,0.017957954023184897,-0.021741100702481975,0.3114617704398778
2000,7,4,CTATCGCA,5 7 1 4,-0.03969905472566687,0.0022690191904608525,-0.03743003553520602,0.05406536394773412
2000,8,5,CTATCGCA,0 5 7 4 2,-0.02921981183395267,-0.06414193763283027,-0.09336174946678294,-0.6870258751487005
2000,8,5,CTATCGCA,5 0 2 7 4,-0.02921981183395267,-0.04631070117523439,-0.07553051300918706,-0.6131389729817067
2000,8,5,CTATCGCA,7 2 5 4 0,-0.02921981183395267,0.006073190881916268,-0.0231466209520364,0.17207917758682387
2000,8,5,CTATCGCG,5 0 7 4 2,0.47987293371195383,0.14954567770289096,0.6294186114148448,0.23759335200898055
2000,9,2,CTATCGCA,2 7,-0.048639816386494616,0.006506736197856133,-0.04213308018863848,0.11798989951191594
2000,9,2,CTATCGCG,2 7,0.5323127004591073,-0.1753855291993447,0.3569271712597626,-0.24782530441539882
2000,9,2,CTATCGCA,2 7,-0.048639816386494616,0.006506736197856133,-0.04213308018863848,0.11798989951191594
2000,9,2,CTATCGCG,7 2,0.5323127004591073,0.051297944771862,0.5836106452309693,0.08789754811884963
2000,10,5,CTATCGCA,7 5 1 6 2,-0.2834995580898529,-0.04963704275946146,-0.33313660084931435,-0.1489990671481741
2000,10,5,CTATCGCA,5 6 2 7 1,-0.2834995580898529,-0.007192732147534464,-0.29069229023738735,-0.02474345687551837
2000,10,5,CTATCGCG,2 7 6 5 1,0.44642872645143594,-0.6201914720701973,-0.17376274561876137,-0.5814548354979596
2000,10,5,CTATCGCA,6 1 5 2 7,-0.2834995580898529,-0.02038807333855619,-0.3038876314284091,-0.06709082973440887
2000,11,2,CTATCGCA,7 6,-0.007419138234048606,0.0036045976034065896,-0.003814540630642016,0.3269851216099807
2000,11,2,CTATCGCA,6 7,-0.007419138234048606,-0.0036491752667652255,-0.011068313500813831,-0.32969569090150086
2000,11,2,CTATCGCA,6 7,-0.007419138234048606,-0.0036491752667652255,-0.011068313500813831,-0.32969569090150086
2000,11,2,CTATCGCA,6 7,-0.007419138234048606,-0.0036491752667652255,-0.011068313500813831,-0.32969569090150086
2000,12,4,CTATCGCA,2 5 1 7,-0.29573959849377185,0.08057705112866653,-0.21516254736510532,0.21412034575007552
2000,12,4,CGATCGCG,5 7 1 2,0.6472395219906815,1.1370375991019523,1.7842771210926338,0.6372539252230434
2000,12,4,CTATCGCA,2 5 7 1,-0.29573959849377185,0.044559168490986956,-0.2511804300027849,0.13094131631979336
2000,12,4,CTATCGCA,2 7 1 5,-0.29573959849377185,0.06404524678498102,-0.23169435170879082,0.17800985123584143
2000,13,4,CTATCGCA,5 4 1 7,-0.03969905472566687,0.04584845433015161,0.00614939960448474,0.5359414299279734
2000,13,4,CTATCGCA,4 5 1 7,-0.03969905472566687,0.050435071006685206,0.010736016281018335,0.5595557797548195
2000,13,4,CTATCGCA,1 4 7 5,-0.03969905472566687,-0.05331270491700835,-0.09301175964267522,-0.5731824139422868
2000,13,4,CTATCGCA,5 1 7 4,-0.03969905472566687,0.0036959548520449914,-0.03600309987362188,0.08517004346839165
2000,14,5,CTATCTCA,1 4 6 2 7,1.8117166982996649,0.7114311537110432,2.523147852010708,0.2819617380503883
2000,14,5,CTATCTCA,1 7 6 4 2,1.8117166982996649,0.5279895615234516,2.3397062598231164,0.22566489246533364
2000,14,5,CAATATAT,2 6 4 7 1,-0.17944433326263665,-0.10888963617531822,-0.28833396943795486,-0.3776510842186759
2000,14,5,CGATATAT,1 7 6 2 4,-0.41354348243548866,-0.12696106288178033,-0.540504545317269,-0.23489360816985522
2000,15,3,CTATCGCA,3 4 0,0.0003031333976557804,0.0002493574600874737,0.0005524908577432541,0.4513331878576562
2000,15,3,CTATCGCA,0 3 4,0.0003031333976557804,-0.003800919530161373,-0.0034977861325055926,-0.9261380389124246
2000,15,3,CTATCGCA,3 4 0,0.0003031333976557804,0.0002493574600874737,0.0005524908577432541,0.4513331878576562
2000,15,3,CTATCGCA,0 4 3,0.0003031333976557804,-0.003246135216305568,-0.0029430018186497875,-0.914592714548744
2000,16,4,CTATCGCA,6 3 0 5,0.0009477444968139723,-0.0010919456989140208,-0.00014420120210004855,-0.5353488001271147
2000,16,4,CTATCGCA,0 3 6 5,0.0009477444968139723,-0.00011252604683109624,0.000835218449982876,-0.10612956052164452
2000,16,4,CTATCGCA,0 6 5 3,0.0009477444968139723,0.0006381525955307943,0.0015858970923447666,0.4023921845945745
2000,16,4,CTATCGCA,3 5 6 0,0.0009477444968139723,-0.00012653050428612644,0.0008212139925278458,-0.11778222909083276
2000,17,4,CTATCGCA,4 3 1 0,-0.0010667888100612602,0.0019842775176970306,0.0009174887076357705,0.6503554182497692
2000,17,4,CTATCGCA,1 0 4 3,-0.0010667888100612602,-0.00474825597916162,-0.00581504478922288,-0.8165467595299768
2000,17,4,CTATCGCA,3 1 0 4,-0.0010667888100612602,0.0005176874044581226,-0.0005491014056031376,0.3267246297005172
2000,17,4,CTATCGCA,4 0 1 3,-0.0010667888100612602,0.0032159877621369404,0.00214919895207568,0.7509118694198622
2000,18,6,CTATCGCA,4 6 1 3 5 0,-0.0020637227002118074,0.001075991039916957,-0.0009877316602948504,0.3427035484683483
2000,18,6,CTATCGCA,0 6 5 4 3 1,-0.0020637227002118074,-0.0021824633807145943,-0.004246186080926402,-0.5139820392040946
2000,18,6,CTATCGCA,4 1 5 3 6 0,-0.0020637227002118074,-0.006229206632363926,-0.008292929332575734,-0.7511467157804868
2000,18,6,CGATCGCA,1 5 4 0 6 3,0.7376437574790229,0.6077141160460187,1.3453578735250415,0.4517118664149306
2000,19,3,CTATCGCA,4 5 3,-0.0001725756381199539,0.0006080770189937912,0.0004355013808738373,0.7789341565069332
2000,19,3,CTATCGCA,3 4 5,-0.0001725756381199539,-0.0005632274578830643,-0.0007358030960030182,-0.7654594835800391
2000,19,3,CTATCGCA,5 4 3,-0.0001725756381199539,0.00047661261211673356,0.00030403697399677965,0.7341670338965091
2000,19,3,CTATCGCA,3 5 4,-0.0001725756381199539,-0.0005749446636629241,-0.000747520301782878,-0.7691358512827661
2000,20,5,CTATCGCT,1 3 6 2 5,-0.00806562217045581,0.6874733252228502,0.6794077030523944,0.9884037806931105
2000,20,5,CTATCTAT,6 2 1 5 3,0.8630771802037822,0.1854344105462955,1.0485115907500777,0.1768548981071736
2000,20,5,CTATCTAT,3 2 5 1 6,0.8630771802037822,0.11940167641382482,0.982478856617607,0.12153103917665012
2000,20,5,CAATCTAT,2 5 3 6 1,0.13039005166740036,0.27191370678441906,0.4023037584518194,0.6758915398424842
2000,21,6,CTATCGCA,4 2 7 5 3 0,-0.2556291647987956,0.24488102468093942,-0.010748140117856186,0.4892628158789049
2000,21,6,TTTGCGCG,0 4 2 7 3 5,4.4511942149927854,2.2516873086661313,6.702881523658917,0.33592825723063025
2000,21,6,CTATCGCA,3 0 5 2 4 7,-0.2556291647987956,0.21986758197666134,-0.035761582822134264,0.4623955546860745
2000,21,6,CTATCGCA,4 5 3 7 0 2,-0.2556291647987956,0.03945503500979797,-0.21617412978899764,0.13370771812042287
2000,22,4,CTATCGCA,6 1 7 3,-0.0025522094215518487,-0.02528354838720226,-0.027835757808754108,-0.9083118397894236
2000,22,4,CGATCGCG,6 3 1 7,-0.13509988385239913,-0.09146877871270886,-0.226568662565108,-0.40371328354566205
2000,22,4,CTATCGCA,3 1 7 6,-0.0025522094215518487,0.05529842428668097,0.05274621486512912,0.95588277503711
2000,22,4,CTATCGCA,1 6 3 7,-0.0025522094215518487,-0.036658059430132894,-0.03921026885168474,-0.9349096678932313
2000,23,5,CTATCGCA,6 7 5 1 0,-0.027130983799346614,0.009775784486419248,-0.017355199312927366,0.26487782432550605
2000,23,5,CTATCGCA,6 7 0 1 5,-0.027130983799346614,0.006542278767892817,-0.020588705031453797,0.19428704761913304
2000,23,5,CTATCGCA,7 5 1 0 6,-0.027130983799346614,0.015596848106224748,-0.011534135693121866,0.3650278380773878
2000,23,5,CTATCGCA,0 7 5 1 6,-0.027130983799346614,0.062193077546408126,0.03506209374706151,0.6962634323765434
2000,24,7,CTATCGCA,2 6 5 4 1 0 7,-0.24975354725614712,0.2686378765427584,0.018884329286611268,0.5182143534978086
2000,24,7,CTATCGCA,0 5 4 6 7 1 2,-0.24975354725614712,-0.16633060785801135,-0.41608415511415847,-0.39975232369128844
2000,24,7,CTATCGCA,7 1 4 5 0 2 6,-0.24975354725614712,-0.06252216556884704,-0.31227571282499417,-0.20021462765465137
2000,24,7,CTATCGCG,0 4 5 1 7 2 6,0.599747160265748,-0.3078475340023079,0.2918996262634401,-0.33919053950681854
2000,25,3,CTATCGCA,3 2 0,-2.225617985968098e-05,0.00589977153798138,0.005877515358121699,0.9962417974180312
2000,25,3,CTATCGCA,3 0 2,-2.225617985968098e-05,0.006021297112949853,0.005999040933090172,0.9963173684782162
2000,25,3,CTATCGCA,0 2 3,-2.225617985968098e-05,-0.0019875044520336616,-0.0020097606318933425,-0.9889259549090113
2000,25,3,CTATCGCA,3 2 0,-2.225617985968098e-05,0.00589977153798138,0.005877515358121699,0.9962417974180312
2000,26,4,CTATCGCA,5 6 0 3,0.0009477444968139723,0.0003155828081449208,0.001263327304958893,0.2498028871110242
2000,26,4,CTATCGCA,3 6 5 0,0.0009477444968139723,-0.0005303130171623316,0.0004174314796516407,-0.35879051535394685
2000,26,4,CTATCGCA,6 3 0 5,0.0009477444968139723,-0.0010919456989140208,-0.00014420120210004855,-0.5353488001271147
2000,26,4,CTATCGCA,0 5 6 3,0.0009477444968139723,0.0012085055269213107,0.002156250023735283,0.5604663251563984
2000,27,4,CGGTCGCG,6 3 1 2,4.260723703952703,0.974101847247347,5.23482555120005,0.1860810523139669
2000,27,4,CTATCGCG,2 1 3 6,-0.2204117369017835,0.18788589916376486,-0.03252583773801865,0.46016896148181846
2000,27,4,CTATCGCG,6 2 1 3,-0.2204117369017835,0.14899100945668442,-0.07142072744509909,0.40332945795726094
2000,27,4,CTATCGCG,3 2 6 1,-0.2204117369017835,0.10771879808244256,-0.11269293881934095,0.3282803232183827
2000,28,4,CTATCGCA,1 6 3 2,0.0009038712204887181,0.000964824752188953,0.0018686959726776711,0.5163091087559026
2000,28,4,CTATCGCA,3 1 6 2,0.0009038712204887181,0.012187816655612416,0.013091687876101134,0.9309583890906279
2000,28,4,CTATCGCA,2 3 6 1,0.0009038712204887181,-0.0023900173302484617,-0.0014861461097597436,-0.7255914380325863
2000,28,4,CTATCGCA,2 6 3 1,0.0009038712204887181,-0.000843932671343417,5.993854914530111e-05,-0.4828531823777808
2000,29,2,CGATCTAT,7 2,-0.03997613261736277,-0.11479199429384834,-0.1547681269112111,-0.7417030662889869
2000,29,2,CGATCTAT,2 7,-0.03997613261736277,0.12595714371338318,0.08598101109602041,0.7590830874834263
2000,29,2,CGATCTAT,7 2,-0.03997613261736277,-0.11479199429384834,-0.1547681269112111,-0.7417030662889869
2000,29,2,CGATCTAT,7 2,-0.03997613261736277,-0.11479199429384834,-0.1547681269112111,-0.7417030662889869
2000,30,4,CTATCGCA,1 7 6 5,-0.012182203622819243,-0.03115142429172213,-0.04333362791454137,-0.7188741351902529
2000,30,4,CGATCGCG,6 1 5 7,-0.05772185525902929,0.16083985098270848,0.10311799572367919,0.7359013330762221
2000,30,4,CTATCGCA,5 6 7 1,-0.012182203622819243,-0.02255101992207731,-0.03473322354489655,-0.6492636622951973
2000,30,4,CGATCGCG,1 6 5 7,-0.05772185525902929,0.32694674000708535,0.26922488474805606,0.8499439362366008
2000,31,7,CTATCGCA,3 6 0 5 4 1 2,-0.007187216350295084,0.07648958225134628,0.0693023659010512,0.9141074172243236
2000,31,7,CTATCGCA,2 3 1 6 0 5 4,-0.007187216350295084,-0.032491629046640824,-0.039678845396935905,-0.8188652850556459
2000,31,7,CTATCGCA,2 0 5 4 3 1 6,-0.007187216350295084,-0.018586724018101464,-0.025773940368396548,-0.7211440607231366
2000,31,7,CTATCGCA,0 6 4 1 2 3 5,-0.007187216350295084,-0.06487376305828185,-0.07206097940857693,-0.9002620223971084
5000,0,2,CTATCGCA,5 4,-0.0008217822853290313,-0.0004847212575826987,-0.00130650354291173,-0.37100646241067825
5000,0,2,CTATCGCA,4 5,-0.0008217822853290313,0.0004845082558473379,-0.0003372740294816934,0.3709038996875978
5000,0,2,CTATCGCA,5 4,-0.0008217822853290313,-0.0004847212575826987,-0.00130650354291173,-0.37100646241067825
5000,0,2,CTATCGCA,4 5,-0.0008217822853290313,0.0004845082558473379,-0.0003372740294816934,0.3709038996875978
5000,1,3,CTATCGCA,6 7 2,-0.03658706939629122,-0.003225654471823214,-0.039812723868114436,-0.08102069284454572
5000,1,3,CTATCGCG,6 7 2,0.4405779018721776,0.10985853714527716,0.5504364390174548,0.19958441948606798
5000,1,3,CTATCGCA,6 2 7,-0.03658706939629122,0.003995777839047809,-0.03259129155724341,0.09845977084546045
5000,1,3,CTATCGCA,7 6 2,-0.03658706939629122,-0.0038307153945036365,-0.04041778479079486,-0.09477796505502897
5000,2,6,CTATCGCA,7 2 0 4 3 6,-0.23368001328519222,-0.13980428890631202,-0.37348430219150425,-0.3743244042279113
5000,2,6,CTATCGCA,3 7 0 6 4 2,-0.23368001328519222,0.3077805747557747,0.07410056147058247,0.5684265513568423
5000,2,6,CTATCGCA,2 7 0 6 3 4,-0.23368001328519222,0.37902793607513985,0.14534792278994763,0.618611095989281
5000,2,6,CTATCGCA,0 7 4 6 2 3,-0.23368001328519222,-0.7850682750349236,-1.0187482883201158,-0.7706204604568974
5000,3,6,CTATCGCA,5 6 1 3 7 4,0.011433978716144155,-0.025272063583700266,-0.01383808486755611,-0.6884987320958703
5000,3,6,CGATCGCG,1 3 7 6 5 4,0.00024358137206803576,0.5149576715248312,0.5152012528968992,0.9995272112195023
5000,3,6,CTATCGCA,7 6 4 1 3 5,0.011433978716144155,-0.017839378983397047,-0.006405400267252892,-0.6094066545593655
5000,3,6,CTATCGCG,3 5 1 6 7 4,0.1277768620096542,0.1692132095852079,0.2969900715948621,0.5697604929232768
5000,4,5,CGATCGCA,0 3 2 5 7,-0.7781475573742878,0.6316589413970641,-0.14648861597722362,0.4480465524506772
5000,4,5,CGATCGCA,2 3 0 5 7,-0.7781475573742878,1.2217851279638134,0.4436375705895257,0.6109131256871593
5000,4,5,CGATCGCG,5 2 0 3 7,-0.013329551199490364,-0.02263321443370181,-0.03596276563319217,-0.6293513314452176
5000,4,5,CGATCGCG,3 5 7 2 0,-0.013329551199490364,0.727413285076361,0.7140837338768706,0.9820051567876027
5000,5,6,CGATCGCG,3 1 5 4 2 7,0.6521936237712229,0.5014796889374606,1.1536733127086836,0.4346808437130679
5000,5,6,CTATCGCA,4 3 7 2 5 1,-0.19968724242778224,0.04909882008916089,-0.15058842233862135,0.19735357998930145
5000,5,6,CTATCGCA,5 3 7 1 2 4,-0.19968724242778224,-0.06727552682913096,-0.2669627692569132,-0.2520034048807306
5000,5,6,CTATCGCA,7 4 2 1 3 5,-0.19968724242778224,0.06153138428509397,-0.13815585814268827,0.2355551174102429
5000,6,6,CTATCGCG,6 7 3 4 5 2,0.27449796847369345,-0.25955784050639075,0.014940127967302708,-0.48601257797772607
5000,6,6,CTATCGCA,3 2 5 7 6 4,-0.026244010175985932,-0.0629412748096474,-0.08918528498563333,-0.7057360955878145
5000,6,6,CTATCGCA,3 2 7 4 5 6,-0.026244010175985932,-0.06390637232130025,-0.09015038249728619,-0.7088863136351533
5000,6,6,CTATCGCA,3 6 7 2 5 4,-0.026244010175985932,-0.0638582614367369,-0.09010227161272283,-0.708730870973067
5000,7,3,CTATCGCA,0 4 3,-0.0001967024053263211,-0.003619109064223913,-0.0038158114695502343,-0.9484507012739006
5000,7,3,CTATCGCA,3 0 4,-0.0001967024053263211,1.3739541778967634e-05,-0.00018296286354735347,0.06528898809367811
5000,7,3,CTATCGCA,0 4 3,-0.0001967024053263211,-0.003619109064223913,-0.0038158114695502343,-0.9484507012739006
5000,7,3,CTATCGCA,0 3 4,-0.0001967024053263211,-0.004160899583715683,-0.004357601989042004,-0.9548599422753694
5000,8,3,CGGTCGCG,6 7 2,3.998575396810039,0.7490334868832855,4.747608883693324,0.15777068103819605
5000,8,3,CGATCGCG,6 2 7,-0.1698254145321959,-0.2951290619086615,-0.4649544764408574,-0.6347482965812508
5000,8,3,CGGTCGCG,7 6 2,3.998575396810039,0.7309593986190288,4.729534795429068,0.15455207123657824
5000,8,3,CGGTCGCG,7 6 2,3.998575396810039,0.7309593986190288,4.729534795429068,0.15455207123657824
5000,9,4,CTATCGCA,2 3 5 0,-0.005150271499816755,0.002159264533071248,-0.0029910069667455075,0.29540377437856624
5000,9,4,CTATCGCA,3 2 0 5,-0.005150271499816755,0.012257299793007714,0.007107028293190959,0.70413612484013
5000,9,4,CTATCGCA,0 3 2 5,-0.005150271499816755,-0.01288813796965238,-0.018038409469469135,-0.7144830585793146
5000,9,4,CTATCGCA,0 5 2 3,-0.005150271499816755,-0.009126457291087409,-0.014276728790904164,-0.6392540913785488
5000,10,3,CGATCGCG,4 6 0,-0.0014165575960550791,0.0054503876622196135,0.004033830066164534,0.7937135738270052
5000,10,3,CGATCGCG,4 0 6,-0.0014165575960550791,0.0040237295638665405,0.0026071719678114613,0.7396171278437648
5000,10,3,CGATCGCG,4 0 6,-0.0014165575960550791,0.0040237295638665405,0.0026071719678114613,0.7396171278437648
5000,10,3,CGATCGCG,0 4 6,-0.0014165575960550791,-0.00010305668684185143,-0.0015196142828969306,-0.06781766136429593
5000,11,4,CTATCGCA,0 2 6 7,-0.03554649052942846,-0.0023835058691625832,-0.03792999639859104,-0.06283960177890029
5000,11,4,CTATCGCA,0 6 7 2,-0.03554649052942846,-0.008997278921939689,-0.04454376945136815,-0.20198737180881624
5000,11,4,CTATCGCA,0 2 7 6,-0.03554649052942846,-0.00312871392999714,-0.0386752044594256,-0.08089715293630816
5000,11,4,CTATCGCA,2 7 0 6,-0.03554649052942846,0.02765013601127375,-0.007896354518154708,0.4375255061038028
5000,12,3,CTATCGCA,3 1 0,-0.0007893137350655222,-0.0005653817165673924,-0.0013546954516329146,-0.417349682458811
5000,12,3,CTATCGCA,3 0 1,-0.0007893137350655222,0.0018919411854787516,0.0011026274504132294,0.7056177952280279
5000,12,3,CTATCGCA,0 1 3,-0.0007893137350655222,0.0013014067631067494,0.0005120930280412272,0.622468074639557
5000,12,3,CTATCGCA,0 3 1,-0.0007893137350655222,0.000825359712054885,3.604597698936285e-05,0.5111620021539485
5000,13,4,CTATCGCA,3 5 0 4,-0.0002485345295195479,-0.00041259072553012643,-0.0006611252550496743,-0.6240734601783228
5000,13,4,CTATCGCA,4 3 5 0,-0.0002485345295195479,0.004598710570712594,0.004350176041193046,0.9487266427877465
5000,13,4,CTATCGCA,3 5 0 4,-0.0002485345295195479,-0.00041259072553012643,-0.0006611252550496743,-0.6240734601783228
5000,13,4,CTATCGCA,3 4 5 0,-0.0002485345295195479,0.0005081342494732688,0.0002595997199537209,0.6715411862897711
5000,14,3,CTATCGCA,6 0 5,0.00010648456128622974,-0.00014190457245910615,-3.542001117287641e-05,-0.5712994377789312
5000,14,3,CTATCGCA,6 5 0,0.00010648456128622974,-0.0002937666135525152,-0.00018728205226628547,-0.733955655897498
5000,14,3,CTATCGCA,0 6 5,0.00010648456128622974,-0.00011570865122245699,-9.224089936227253e-06,-0.5207569120408362
5000,14,3,CTATCGCA,5 0 6,0.00010648456128622974,-1.692556493559927e-05,8.955899635063047e-05,-0.13714891519659952
5000,15,3,CTATCGCA,5 7 3,-0.008909568720360833,0.0003066362623103114,-0.008602932458050522,0.03327142385470669
5000,15,3,CTATCGCA,7 3 5,-0.008909568720360833,0.0003236735900900012,-0.008585895130270832,0.035055247031007146
5000,15,3,CTATCGCA,5 3 7,-0.008909568720360833,-0.001377699736705873,-0.010287268457066706,-0.13392279422429965
5000,15,3,CTATCGCA,7 5 3,-0.008909568720360833,0.0006938071964286419,-0.008215761523932191,0.07224617701527923
5000,16,3,CTATCGCA,1 6 2,0.0009900610169451818,0.0107814147396601,0.011771475756605282,0.9158932119118851
5000,16,3,CTATCGCA,1 6 2,0.0009900610169451818,0.0107814147396601,0.011771475756605282,0.9158932119118851
5000,16,3,CTATCGCA,1 2 6,0.0009900610169451818,0.010448838107442349,0.01143889912438753,0.9134478758681953
5000,16,3,CTATCGCA,6 1 2,0.0009900610169451818,0.005785124251025842,0.006775185267971023,0.8538695286126579
5000,17,3,CTATCGCA,5 2 3,-4.204986834799307e-05,0.0018608054260482731,0.00181875555770028,0.977901699371557
5000,17,3,CTATCGCA,5 2 3,-4.204986834799307e-05,0.0018608054260482731,0.00181875555770028,0.977901699371557
5000,17,3,CTATCGCA,2 3 5,-4.204986834799307e-05,0.0013694397120787016,0.0013273898437307086,0.9702088708757727
5000,17,3,CTATCGCA,5 3 2,-4.204986834799307e-05,-0.001248454728198567,-0.00129050459654656,-0.9674159484123341
5000,18,5,CGATCGCG,7 4 2 5 6,0.36513943460690707,0.9761801184696708,1.3413195530765778,0.7277759548279241
5000,18,5,CGATCGCA,2 6 5 7 4,-0.01621269324118435,0.60499882657078,0.5887861333295956,0.9739014929309556
5000,18,5,CGATCGCG,5 7 6 2 4,0.36513943460690707,0.5816022464033779,0.9467416810102849,0.6143198911267325
5000,18,5,CGATCGCG,7 5 4 6 2,0.36513943460690707,0.41956586037591137,0.7847052949828184,0.5346795326328185
5000,19,6,CGATCGCG,1 5 7 0 6 2,0.8257349985972313,1.201815740570134,2.0275507391673653,0.5927426216044646
5000,19,6,CTATCGCA,0 7 5 2 1 6,-0.26455387230438443,0.03120454936776884,-0.2333493229366156,0.10550688359555464
5000,19,6,CGATCGCG,6 0 7 1 2 5,0.8257349985972313,1.3359912181777753,2.1617262167750066,0.6180205466402159
5000,19,6,CGATCGCG,0 6 1 5 2 7,0.8257349985972313,0.22412931425886828,1.0498643128560996,0.2134840774320031
5000,20,4,CGATCGAT,2 3 7 6,0.13691000718186253,1.2056423404491161,1.3425523476309786,0.8980225929935253
5000,20,4,CGATCGCG,2 6 7 3,-0.08979699438075156,-0.12140709645142378,-0.21120409083217534,-0.5748330724706224
5000,20,4,CGATCGCG,7 3 2 6,-0.08979699438075156,0.5790615557418843,0.4892645613611328,0.8657459123991356
5000,20,4,CGATCGCG,2 6 7 3,-0.08979699438075156,-0.12140709645142378,-0.21120409083217534,-0.5748330724706224
5000,21,3,CTATCGCA,4 3 7,-0.01146501600855282,-0.0011052545728820196,-0.01257027058143484,-0.08792607650899587
5000,21,3,CTATCGCA,7 3 4,-0.01146501600855282,0.003631342291067652,-0.007833673717485168,0.24054425703177337
5000,21,3,CTATCGCA,4 7 3,-0.01146501600855282,0.0005790814261341648,-0.010885934582418655,0.048080101416849305
5000,21,3,CTATCGCA,3 4 7,-0.01146501600855282,-0.007760085592996235,-0.019225101601549055,-0.4036434112978092
5000,22,5,CTATCGCA,3 2 6 1 5,-0.0005057504909873993,-0.0061261680701854004,-0.0066319185611728,-0.9237399424733042
5000,22,5,CTATCGCA,3 6 1 2 5,-0.0005057504909873993,0.006712422469146162,0.006206671978158763,0.9299337250879561
5000,22,5,CTATCGCA,2 6 1 3 5,-0.0005057504909873993,0.000919318364136501,0.00041356787314910173,0.6451045230769374
5000,22,5,CTATCGCA,3 1 5 2 6,-0.0005057504909873993,0.010770688700969089,0.01026493820998169,0.9551498055034826
5000,23,5,CTATCGCA,1 7 3 4 6,-0.01496076123427445,-0.055961547207547646,-0.0709223084418221,-0.7890542261953186
5000,23,5,CTATCGAT,7 1 3 6 4,1.450925160706233,0.2176301644955112,1.6685553252017442,0.13043029572255727
5000,23,5,CTATCGCA,4 6 1 7 3,-0.01496076123427445,0.00894457104091817,-0.00601619019335628,0.37416635493497225
5000,23,5,CAATCGAT,7 4 3 6 1,1.3144171223777255,1.0375338342813105,2.351950956659036,0.44113752939607853
5000,24,3,CTATCGCA,5 0 1,-0.0005127010995150671,0.0036591321919745567,0.0031464310924594896,0.8771041257662531
5000,24,3,CTATCGCA,1 0 5,-0.0005127010995150671,-0.0034214619002836955,-0.003934162999798763,-0.8696797515656335
5000,24,3,CTATCGCA,5 1 0,-0.0005127010995150671,0.0012018092899284127,0.0006891081904133456,0.700963550485403
5000,24,3,CTATCGCA,5 1 0,-0.0005127010995150671,0.0012018092899284127,0.0006891081904133456,0.700963550485403
5000,25,3,CGATCGCG,0 3 6,-0.0005058114795032931,0.0003432748097171867,-0.00016253666978610637,0.40428730751539615
5000,25,3,CGATCGCG,6 0 3,-0.0005058114795032931,0.0003366501217048068,-0.0001691613577984863,0.3996029269726318
5000,25,3,CGATCGCG,0 3 6,-0.0005058114795032931,0.0003432748097171867,-0.00016253666978610637,0.40428730751539615
5000,25,3,CGATCGCG,0 6 3,-0.0005058114795032931,-0.002267467935501699,-0.002773279415004992,-0.8176125071398972
5000,26,5,CTATCGCA,4 7 0 3 2,-0.25329639330896975,-0.052621518681253754,-0.3059179119902235,-0.17201189148720206
5000,26,5,CTATCGCA,7 3 0 4 2,-0.25329639330896975,-0.06426700549254338,-0.31756339880151313,-0.20237535476408047
5000,26,5,TTTGCGCG,0 2 3 4 7,4.189262070206773,1.0975168760293101,5.286778946236083,0.2075965133383695
5000,26,5,CTATCGCA,7 2 3 4 0,-0.25329639330896975,-0.13791158687913185,-0.3912079801881016,-0.35252753998735115
5000,27,3,CTATCGCA,2 7 0,-0.04224611818027074,0.03141802406731209,-0.010828094112958653,0.4265036299712432
5000,27,3,CTATCGCA,7 0 2,-0.04224611818027074,-0.025009689811890112,-0.06725580799216085,-0.3718591829988151
5000,27,3,CTATCGCA,2 7 0,-0.04224611818027074,0.03141802406731209,-0.010828094112958653,0.4265036299712432
5000,27,3,CTATCGCG,0 7 2,0.5037089170156506,0.024006897585163944,0.5277158146008145,0.04549209426919246
5000,28,2,CGATCGCG,4 1,-0.2507685148416453,-0.03970092938446934,-0.29046944422611465,-0.13667850499815165
5000,28,2,CGATCGCG,1 4,-0.2507685148416453,0.040997180764190566,-0.20977133407745474,0.1405140541935957
5000,28,2,CTATCGCG,1 4,0.3191625204513102,-0.04568323667929686,0.27347928377201336,-0.1252124652307337
5000,28,2,CGATCGCG,4 1,-0.2507685148416453,-0.03970092938446934,-0.29046944422611465,-0.13667850499815165
5000,29,5,CTATCGCG,3 2 5 6 0,-0.06591744030563505,0.07401479728447047,0.008097356978835415,0.5289331362032331
5000,29,5,CTATCGCG,2 6 5 0 3,-0.06591744030563505,0.24499359155721212,0.17907615125157705,0.7879861646893463
5000,29,5,CTATCGCG,3 0 5 6 2,-0.06591744030563505,-0.018160229783680926,-0.08407767008931598,-0.21599349463881737
5000,29,5,CTATCGCG,6 5 2 0 3,-0.06591744030563505,0.1907433463345649,0.12482590602892986,0.7431729203026193
5000,30,5,CTATCTCA,2 3 7 0 6,0.0022932440309989532,-0.5655520126690217,-0.5632587686380227,-0.9959614983062006
5000,30,5,CTATCTAA,3 2 6 0 7,0.700652354501782,0.2591316186410424,0.9597839731428244,0.26998952461407827
5000,30,5,CTATCTAT,3 0 6 7 2,-0.1751631162559426,0.11685941060572169,-0.058303705650220916,0.4001725889492075
5000,30,5,CTATCTCA,2 0 7 3 6,0.0022932440309989532,-0.3408704009288126,-0.33857715689781365,-0.9933173456317975
5000,31,7,CGATCGCG,0 5 6 1 7 4 3,0.24868578393706509,-0.4058765135089839,-0.15719072957191882,-0.6200731620085977
5000,31,7,CTATCGCA,6 5 4 3 0 7 1,-0.010662583236215661,0.1624224305636517,0.15175984732743603,0.9383968432498467
5000,31,7,CTATCGCA,4 6 7 3 1 5 0,-0.010662583236215661,0.10364312187414271,0.09298053863792705,0.9067187134192358
5000,31,7,CGATCGCG,1 5 4 7 0 6 3,0.24868578393706509,0.9679095401185709,1.216595324055636,0.7955887393122247
10000,0,6,CTATCGCA,0 1 6 4 5 7,-0.008607014184915274,0.06644488797352643,0.05783787378861116,0.8853191733002976
10000,0,6,CTATCGCA,5 1 4 0 6 7,-0.008607014184915274,-0.11779768226081977,-0.12640469644573504,-0.9319090632948893
10000,0,6,CTATCGCA,1 7 0 6 5 4,-0.008607014184915274,0.00151933731573628,-0.007087676869178994,0.1500379791910761
10000,0,6,CTATCGCA,7 0 5 4 1 6,-0.008607014184915274,-0.07027313656984369,-0.07888015075475896,-0.8908849171488684
10000,1,4,CTATCGCA,5 3 0 1,3.3178119168003617e-07,0.007697210344456806,0.007697542125648486,0.9999568977751255
10000,1,4,CTATCGCA,5 3 1 0,3.3178119168003617e-07,0.0052339232962985704,0.0052342550774902505,0.9999366134842937
10000,1,4,CTATCGCA,0 1 5 3,3.3178119168003617e-07,-0.0012339967405132768,-0.0012336649593215968,-0.9997312051161049
10000,1,4,CTATCGCA,3 1 0 5,3.3178119168003617e-07,-0.004014086324634292,-0.004013754543442612,-0.9999173526067954
10000,2,5,CTATCGCA,7 5 0 3 2,-0.17371742830641018,-0.14649868597124716,-0.32021611427765734,-0.457499418171751
10000,2,5,CTATCGCA,2 3 5 0 7,-0.17371742830641018,0.25341248579463915,0.07969505748822897,0.5932913556943882
10000,2,5,CTATCGCA,5 2 3 7 0,-0.17371742830641018,0.25265839363767206,0.07894096533126188,0.5925720470866834
10000,2,5,CTATCGCA,2 5 7 3 0,-0.17371742830641018,0.26006213606099315,0.08634470775458297,0.599526020641962
10000,3,5,TTTGGGCG,6 0 3 2 5,0.45359831492088776,-0.04713622119222638,0.4064620937286614,-0.09413415251545278
10000,3,5,TTTGGGCG,5 3 0 6 2,0.45359831492088776,0.07386120699786769,0.5274595219187554,0.1400319909463015
10000,3,5,TTTGGGCG,5 2 0 6 3,0.45359831492088776,-0.05059320601346773,0.40300510890742003,-0.10034521389750789
10000,3,5,TTTGGGCG,3 5 2 6 0,0.45359831492088776,0.04904279037302839,0.5026411052939161,0.09757019443197136
10000,4,1,CTATCGCA,5,-0.00022084384876563945,0.0,-0.00022084384876563945,0.0
10000,4,1,CTATCGCA,5,-0.00022084384876563945,0.0,-0.00022084384876563945,0.0
10000,4,1,CTATCGCA,5,-0.00022084384876563945,0.0,-0.00022084384876563945,0.0
10000,4,1,CTATCGCA,5,-0.00022084384876563945,0.0,-0.00022084384876563945,0.0
10000,5,7,CTATCGCA,4 6 7 2 1 3 0,-0.455296670134153,-0.1517552113023264,-0.6070518814364794,-0.24998721846183047
10000,5,7,CTATCGCA,7 6 3 2 0 1 4,-0.455296670134153,-0.20398170896670464,-0.6592783791008576,-0.3094014841574217
10000,5,7,CGATCGCG,1 4 2 7 6 3 0,0.5665007991226303,1.3937276384957755,1.9602284376184058,0.7110026626228805
10000,5,7,TTTGCGCG,1 7 4 0 3 6 2,4.0996576297630885,-0.7264760137531248,3.3731816160099637,-0.15052960970716728
10000,6,3,TTTAGGCC,1 2 6,0.0018521191362192713,-0.0007708349619750532,0.001081284174244218,-0.2938804619210477
10000,6,3,TTTAGGCC,1 6 2,0.0018521191362192713,-0.0017102289873835996,0.00014189014883567164,-0.480084744119257
10000,6,3,TTTAGGCC,2 1 6,0.0018521191362192713,0.0068220367004070415,0.008674155836626313,0.7864784572581963
10000,6,3,TTTAGGCC,6 1 2,0.0018521191362192713,-0.006131187112066838,-0.004279067975847567,-0.7680009912413304
10000,7,3,CTATCGCG,4 7 3,0.19910535667163876,-0.08068900606740659,0.11841635060423217,-0.28838681836725377
10000,7,3,CTATCGCA,7 4 3,-0.007670536986929988,0.00471203846594781,-0.002958498520982178,0.3805378359194814
10000,7,3,CTATCGCA,3 7 4,-0.007670536986929988,-0.002051872081244799,-0.009722409068174787,-0.2110456438169601
10000,7,3,CTATCGCA,3 4 7,-0.007670536986929988,-0.007667741138027484,-0.015338278124957472,-0.4999088604053295
10000,8,5,TTTAGGCC,5 7 0 6 1,-0.010061224925416612,-0.017184040314119464,-0.027245265239536076,-0.6307165726976812
10000,8,5,TTTAGGCC,7 1 6 5 0,-0.010061224925416612,-0.008791575467554047,-0.01885280039297066,-0.4663272980300593
10000,8,5,TTTAGGCC,7 1 5 6 0,-0.010061224925416612,-0.008840140942125707,-0.01890136586754232,-0.4676985252852079
10000,8,5,TTTAGGCG,7 6 0 1 5,0.48861852474717615,0.08478613887676456,0.5734046636239407,0.1478644040683463
10000,9,5,CTATCGCA,4 1 0 6 3,0.0007066022759588675,-0.0005825146525815228,0.0001240876233773447,-0.4518710752181947
10000,9,5,CTATCGCA,1 3 4 0 6,0.0007066022759588675,-0.00041949711918576327,0.0002871051567731042,-0.3725222844399851
10000,9,5,CTATCGCA,4 0 1 6 3,0.0007066022759588675,0.0035611432086959383,0.004267745484654806,0.8344319551155192
10000,9,5,CTATCGCA,0 3 1 4 6,0.0007066022759588675,-0.0048743260211843165,-0.004167723745225449,-0.8733898308063608
10000,10,5,CTATCGCA,5 0 3 1 6,0.001445593120233634,0.01514911828189458,0.016594711402128214,0.9128883241652372
10000,10,5,CTATCGCA,0 3 1 6 5,0.001445593120233634,-0.006217244600068561,-0.004771651479834927,-0.8113501586489783
10000,10,5,CTATCGCA,5 0 3 1 6,0.001445593120233634,0.01514911828189458,0.016594711402128214,0.9128883241652372
10000,10,5,CTATCGCA,5 1 6 0 3,0.001445593120233634,0.010249321808712075,0.01169491492894571,0.8763913094694095
10000,11,2,TTTGCGCG,3 5,-0.00999967999885143,-0.0016589578631871493,-0.011658637862038579,-0.14229431283639435
10000,11,2,TTTGCGCG,5 3,-0.00999967999885143,0.0016518216020224852,-0.008347858396828944,0.14176898897723114
10000,11,2,TTTACGCG,3 5,2.026059529862474,0.20992058418655057,2.2359801140490245,0.09388302823785669
10000,11,2,TTTGCGCG,3 5,-0.00999967999885143,-0.0016589578631871493,-0.011658637862038579,-0.14229431283639435
10000,12,4,CTATCGCA,1 3 0 6,0.0010945588115139834,-0.0038006946142967735,-0.00270613580278279,-0.7764040558670972
10000,12,4,CTATCGCA,6 0 1 3,0.0010945588115139834,0.004185403877231764,0.005279962688745747,0.7926957298681223
10000,12,4,CTATCGCA,0 3 1 6,0.0010945588115139834,0.0003319388396949563,0.0014264976512089397,0.2326949780910204
10000,12,4,CTATCGCA,3 0 1 6,0.0010945588115139834,0.0022243041875800174,0.003318862999094001,0.6702006645610917
10000,13,4,CTATCGCA,1 4 0 5,-0.0015519778989558364,-0.0024070555427777585,-0.003959033441733595,-0.607990707379261
10000,13,4,CTATCGCA,1 0 5 4,-0.0015519778989558364,-0.005527735795100686,-0.007079713694056522,-0.7807852173091782
10000,13,4,CTATCGCA,0 4 5 1,-0.0015519778989558364,0.001980303984976839,0.00042832608602100253,0.5606302243274147
10000,13,4,CTATCGCA,4 0 1 5,-0.0015519778989558364,0.0017689483593250621,0.00021697046036922574,0.5326671602279934
10000,14,4,CTATCGCG,1 2 3 5,-0.11080394427585138,-0.00210389978317993,-0.11290784405903131,-0.018633778730908664
10000,14,4,CGGTCGCG,3 1 5 2,4.15549219269166,1.2056570465463397,5.361149239237999,0.22488779788523558
10000,14,4,CGATCGCG,1 3 2 5,-0.15265061842772842,0.9716341748959123,0.8189835564681839,0.8642242434174897
10000,14,4,CGATCGCG,2 3 1 5,-0.15265061842772842,-0.305850943229216,-0.45850156165694445,-0.6670663064350844
10000,15,5,CGATCGCG,7 5 2 1 6,0.6190075880116153,-0.19123170794217348,0.4277758800694418,-0.23601880197264613
10000,15,5,CTATCGCA,7 1 5 2 6,-0.28198068883515953,-0.016275808271233316,-0.29825649710639285,-0.05456983646336957
10000,15,5,CTATCGCA,1 5 7 6 2,-0.28198068883515953,-0.07141308021975767,-0.3533937690549172,-0.20207792687103127
10000,15,5,CTATCGCA,7 1 5 6 2,-0.28198068883515953,-0.016000433763950994,-0.2979811225991105,-0.05369613223948152
10000,16,3,CGGTCGCG,7 2 4,4.165234908349192,-0.7562821263682014,3.408952781980991,-0.1536684971388358
10000,16,3,CGATCGCG,7 2 4,-0.18348777997928423,0.7073931036346046,0.5239053236553204,0.7940378075742744
10000,16,3,CGATCGCG,2 4 7,-0.18348777997928423,-0.27554158440871035,-0.4590293643879946,-0.6002700606661164
10000,16,3,CGGTCGCG,7 4 2,4.165234908349192,0.9301055829591893,5.095340491308382,0.18254041796534715
10000,17,4,CTATCGCA,6 0 2 7,-0.021044808010431237,-0.017862089071031484,-0.03890689708146272,-0.459098268197335
10000,17,4,CTATCGCA,2 7 0 6,-0.021044808010431237,0.015710218003760268,-0.0053345900066709695,0.4274304689022499
10000,17,4,CTATCGCA,2 7 6 0,-0.021044808010431237,0.015584858812899505,-0.005459949197531733,0.4254709410289518
10000,17,4,CTATCGCA,2 7 6 0,-0.021044808010431237,0.015584858812899505,-0.005459949197531733,0.4254709410289518
10000,18,2,TGTGGGCG,7 6,-0.03823276088644589,0.0475632569087826,0.00933049602233671,0.5543760436795915
10000,18,2,TGTGGGCG,6 7,-0.03823276088644589,-0.046486646422541855,-0.08471940730898775,-0.5487130741247545
10000,18,2,TGTGGGCG,7 6,-0.03823276088644589,0.0475632569087826,0.00933049602233671,0.5543760436795915
10000,18,2,TGTGGGCG,7 6,-0.03823276088644589,0.0475632569087826,0.00933049602233671,0.5543760436795915
10000,19,4,TTTGCGCG,5 3 2 4,-0.1733839928288978,-0.3110243654276532,-0.48440835825655104,-0.6420706004063814
10000,19,4,TTTGGGCG,3 4 5 2,1.7615390286277735,0.2086289464544655,1.970167975082239,0.10589398929081512
10000,19,4,TTTGCGCG,3 2 5 4,-0.1733839928288978,-0.33193764647999746,-0.5053216393088953,-0.6568838946496988
10000,19,4,TTTGCGCG,4 2 3 5,-0.1733839928288978,0.3740421763392474,0.2006581835103496,0.6832741973362952
10000,20,4,CAATCTAT,5 2 1 4,1.5237604851925757,-0.333500735471997,1.1902597497205787,-0.17956587461222198
10000,20,4,CAATATAT,1 5 2 4,-0.19719252534564924,-0.11493887192987362,-0.31213139727552286,-0.36823873834267123
10000,20,4,CAATCTAT,2 1 4 5,1.5237604851925757,0.2398267512696215,1.7635872364621972,0.13598802844066865
10000,20,4,CAATATAT,2 5 4 1,-0.19719252534564924,-0.1544752305838779,-0.35166775592952715,-0.4392646979407294
10000,21,5,CTATCGCA,1 4 2 3 0,-0.011307939923315927,0.049488489589636586,0.03818054966632066,0.8140032233158232
10000,21,5,CTATCGCA,3 1 4 2 0,-0.011307939923315927,0.03765267729147759,0.02634473736816166,0.7690400863676363
10000,21,5,CTATCGCA,2 0 4 1 3,-0.011307939923315927,-0.01949402493039365,-0.030801964853709576,-0.6328825132740168
10000,21,5,CTATCGCA,4 2 1 3 0,-0.011307939923315927,0.044639386701307515,0.03333144677799159,0.7978823903564484
10000,22,3,CTATCGCA,0 6 4,-0.0002287315928908018,-0.0011605664326597154,-0.0013892980255505172,-0.8353617519897031
10000,22,3,CTATCGCA,0 6 4,-0.0002287315928908018,-0.0011605664326597154,-0.0013892980255505172,-0.8353617519897031
10000,22,3,CTATCGCA,6 0 4,-0.0002287315928908018,-0.0005215467531487494,-0.0007502783460395512,-0.695137685769297
10000,22,3,CTATCGCA,4 6 0,-0.0002287315928908018,0.0006376970127204284,0.00040896541982962664,0.7360064159822598
10000,23,2,CTATCGCA,0 5,-3.7379372569423808e-06,9.299349353009134e-05,8.925555627314896e-05,0.9613575729571093
10000,23,2,CTATCGCA,5 0,-3.7379372569423808e-06,-9.297366755722791e-05,-9.67116048141703e-05,-0.9613496512220558
10000,23,2,CTATCGCA,5 0,-3.7379372569423808e-06,-9.297366755722791e-05,-9.67116048141703e-05,-0.9613496512220558
10000,23,2,CTATCGCA,0 5,-3.7379372569423808e-06,9.299349353009134e-05,8.925555627314896e-05,0.9613575729571093
10000,24,6,TTTGGGCC,0 7 3 6 2 1,0.30855865582386555,-0.007412825030497672,0.3011458307933679,-0.023460424372648912
10000,24,6,TTTAGGCC,7 2 6 1 3 0,-0.17953390280810566,-0.22903755865341413,-0.4085714614615198,-0.5605813921366738
10000,24,6,TTTAGGCG,0 6 3 7 1 2,0.1883711849457792,0.4215428855568586,0.6099140705026378,0.6911512718659857
10000,24,6,TTTAGGCC,7 0 6 2 3 1,-0.17953390280810566,0.3331467742201708,0.15361287141206514,0.6498134007141376
10000,25,7,TTTGCGCG,4 0 3 1 6 7 5,-0.8843287735971552,0.3312523512822869,-0.5530764223148683,0.27250534291994666
10000,25,7,TTTTCGCA,4 7 0 3 1 6 5,4.631206849770342,0.32124685196783,4.952453701738172,0.06486619993137571
10000,25,7,TTTGCGCG,6 5 3 4 1 0 7,-0.8843287735971552,0.12229448513609498,-0.7620342884610602,0.12148982658119006
10000,25,7,TTTGCGCG,0 3 7 6 5 1 4,-0.8843287735971552,0.69304391030711,-0.19128486329004524,0.43936598964786727
10000,26,4,CGATCGCG,1 7 6 0,-0.18413067968907404,0.23760184108364024,0.0534711613945662,0.5633946384981106
10000,26,4,CTATCGCA,7 6 0 1,-0.011837860936750266,-0.010453133248117474,-0.02229099418486774,-0.4689397503505515
10000,26,4,CTATCGCA,1 7 6 0,-0.011837860936750266,-0.041989293474213873,-0.05382715441096414,-0.7800764118725363
10000,26,4,CTATCGCA,7 0 1 6,-0.011837860936750266,-0.01072283236225946,-0.022560693299009726,-0.4752882466927612
10000,27,2,TTTAGGCC,2 7,-0.00989191093937769,0.005815058962021391,-0.0040768519773562995,0.37022156396336003
10000,27,2,TTTAGGCC,7 2,-0.00989191093937769,-0.005753840119772979,-0.01564575105915067,-0.36775736096144473
10000,27,2,TTTAGGCC,2 7,-0.00989191093937769,0.005815058962021391,-0.0040768519773562995,0.37022156396336003
10000,27,2,TTTAGGCC,2 7,-0.00989191093937769,0.005815058962021391,-0.0040768519773562995,0.37022156396336003
10000,28,7,CGATCGCG,7 4 0 3 1 6 2,0.5665007991226303,0.11059553622443019,0.6770963353470605,0.1633379630798652
10000,28,7,TTTAGGCC,0 4 1 6 2 7 3,4.813631925312445,1.0598618413173453,5.873493766629791,0.1804482788998504
10000,28,7,CTATCGCA,0 7 1 4 2 6 3,-0.455296670134153,-0.8905003475270057,-1.3457970176611587,-0.6616899397463323
10000,28,7,CTATCGCA,4 0 7 1 3 2 6,-0.455296670134153,-0.25204473189283405,-0.707341402026987,-0.3563268475032907
10000,29,6,TTTGGGCC,2 3 7 0 5 1,0.20996133515944804,-0.02303520519314084,0.1869261299663072,-0.0988650095760312
10000,29,6,TTTGGGCC,2 1 7 3 0 5,0.20996133515944804,-0.14226930010141992,0.06769203505802812,-0.4039095009326854
10000,29,6,TTTGGGCC,0 1 7 5 2 3,0.20996133515944804,0.19116627205761283,0.40112760721706087,0.4765722144728065
10000,29,6,TTTAGGCC,7 1 3 0 2 5,-0.16205588504026136,-0.10567834216410965,-0.267734227204371,-0.3947136056065093
10000,30,4,CTATCGCA,0 6 1 2,-1.964077818018134e-05,0.010322143831023034,0.010302503052842853,0.9981008327941095
10000,30,4,CTATCGCA,2 6 0 1,-1.964077818018134e-05,0.0013612878150626173,0.001341647036882436,0.9857771225273427
10000,30,4,CTATCGCA,2 0 1 6,-1.964077818018134e-05,0.0010915887009206315,0.0010719479227404502,0.9823251825571849
10000,30,4,CTATCGCA,0 6 1 2,-1.964077818018134e-05,0.010322143831023034,0.010302503052842853,0.9981008327941095
10000,31,7,CTATCGCA,5 6 4 3 2 0 1,-0.012527673522426733,0.032180264777009526,0.019652591254582793,0.7197886102794255
10000,31,7,CTATCGCA,3 6 2 0 5 1 4,-0.012527673522426733,0.08001801291378108,0.06749033939135435,0.8646325506368996
10000,31,7,CTATCGCA,4 5 0 2 1 6 3,-0.012527673522426733,0.0379417028932334,0.025414029370806664,0.7517767325030883
10000,31,7,CTATCGCA,1 4 3 2 5 0 6,-0.012527673522426733,0.06445112980735068,0.05192345628492395,0.8372581414554063
15000,0,2,CTATCGCA,7 0,-0.01453214467856323,-0.004840137504501962,-0.019372282183065193,-0.24984859598695605
15000,0,2,CTATCGCA,0 7,-0.01453214467856323,0.004936510687698847,-0.009595633990864383,0.25356197409778497
15000,0,2,CTATCGCA,0 7,-0.01453214467856323,0.004936510687698847,-0.009595633990864383,0.25356197409778497
15000,0,2,CTATCGCA,7 0,-0.01453214467856323,-0.004840137504501962,-0.019372282183065193,-0.24984859598695605
15000,1,3,TTTAGGCC,3 2 1,-0.14420133647439948,0.12873762704922487,-0.01546370942517461,0.4716718543487908
15000,1,3,TTTGGGCC,1 3 2,0.22483927872994025,0.14611983312996224,0.3709591118599025,0.393897409332666
15000,1,3,TCTAGGCC,2 1 3,0.893078008827568,0.4852233713546008,1.3783013801821689,0.35204446453537563
15000,1,3,TTTAGGCC,3 1 2,-0.14420133647439948,0.12191205061927834,-0.022289285855121133,0.4581206979127382
15000,2,5,TTTGCGCG,7 6 3 5 2,-0.16626511237863384,-0.07510285545708939,-0.24136796783572323,-0.3111550224767395
15000,2,5,TTTGCGCG,2 6 5 3 7,-0.16626511237863384,0.013481717643571756,-0.15278339473506208,0.07500392436354092
15000,2,5,TTTGCGCG,2 3 7 6 5,-0.16626511237863384,-0.003141188257814065,-0.1694063006364479,-0.01854233429342849
15000,2,5,TTTGCGCG,6 2 7 3 5,-0.16626511237863384,0.11897847450154586,-0.04728663787708798,0.4171118299375625
15000,3,4,CTATCGCA,0 1 6 5,0.0004300700737402477,-0.0018920254503540512,-0.0014619553766138035,-0.8147922558405557
15000,3,4,CTATCGCA,6 0 1 5,0.0004300700737402477,-6.433571862762832e-05,0.00036573435511261937,-0.13012735615313664
15000,3,4,CTATCGCA,0 6 5 1,0.0004300700737402477,0.0010505077237099592,0.0014805777974502068,0.7095255146464458
15000,3,4,CTATCGCA,0 6 1 5,0.0004300700737402477,-0.0002806678955606934,0.0001494021781795543,-0.39489644240724786
15000,4,2,CTATCGCA,3 0,-6.676474708466884e-05,0.00013698455740229765,7.02198103176288e-05,0.6723191411485792
15000,4,2,CTATCGCA,3 0,-6.676474708466884e-05,0.00013698455740229765,7.02198103176288e-05,0.6723191411485792
15000,4,2,CTATCGCA,0 3,-6.676474708466884e-05,-0.00013712845094271398,-0.00020389319802738282,-0.672550395351088
15000,4,2,CTATCGCA,3 0,-6.676474708466884e-05,0.00013698455740229765,7.02198103176288e-05,0.6723191411485792
15000,5,3,CTATCGCC,3 0 5,0.14588743964939144,0.07421879298691758,0.22010623263630902,0.33719532653831064
15000,5,3,CTATCGCC,3 0 5,0.14588743964939144,0.07421879298691758,0.22010623263630902,0.33719532653831064
15000,5,3,CTATCGCC,3 5 0,0.14588743964939144,0.0651937361986854,0.21108117584807684,0.30885623001080786
15000,5,3,CTATCGCC,3 0 5,0.14588743964939144,0.07421879298691758,0.22010623263630902,0.33719532653831064
15000,6,5,CGATCGCG,2 7 6 5 3,-0.01086551625251142,-0.2046059643740641,-0.2154714806265755,-0.9495732974920148
15000,6,5,CGATCGCA,5 7 3 2 6,-0.540487559820956,-0.9097962584437074,-1.4502838182646633,-0.6273229053416067
15000,6,5,CGATCGCG,3 7 6 2 5,-0.01086551625251142,0.6010425869627802,0.5901770707102688,0.9822432221514665
15000,6,5,CGGTCGCG,5 7 6 3 2,3.168068143840998,1.3655642349845993,4.533632378825597,0.30120753534461436
15000,7,3,CGATATAT,4 7 0,-0.06375495871137532,-0.11229124541125013,-0.17604620412262545,-0.6378509890110062
15000,7,3,CGATATAT,7 4 0,-0.06375495871137532,-0.13192600621106787,-0.1956809649224432,-0.6741892665101884
15000,7,3,CGATATAT,4 0 7,-0.06375495871137532,-0.10769830028640892,-0.17145325899778424,-0.6281496246612656
15000,7,3,CGATATAT,7 0 4,-0.06375495871137532,0.11894611861851634,0.05519115990714102,0.6510422399083227
15000,8,5,CTATCGCA,6 7 3 5 1,-0.04915507087495699,0.019557389809223835,-0.029597681065733156,0.28462653810513866
15000,8,5,CTATCGCA,5 6 1 3 7,-0.04915507087495699,0.02528348032518757,-0.023871590549769423,0.339655728349781
15000,8,5,CTATCGCG,7 1 3 5 6,0.26930583920483864,-0.171958999138889,0.09734684006594962,-0.38969567524195037
15000,8,5,CTATCGCA,1 3 6 5 7,-0.04915507087495699,-0.0483442892144037,-0.09749936008936069,-0.4958421180415431
15000,9,3,CTATCGCC,2 6 0,0.46115546230503585,0.23609135300845452,0.6972468153134903,0.3386051364068333
15000,9,3,CTATCGCC,6 2 0,0.46115546230503585,0.2519765403796228,0.7131320026846586,0.3533378665254557
15000,9,3,CTATCGCC,2 0 6,0.46115546230503585,0.2155197323392386,0.6766751946442744,0.31849805349010396
15000,9,3,CTATCGCC,2 0 6,0.46115546230503585,0.2155197323392386,0.6766751946442744,0.31849805349010396
15000,10,5,CTATCGCA,3 7 5 6 2,-0.026073944139679395,-0.023300404907168115,-0.04937434904684751,-0.4719131564663295
15000,10,5,CTATCGCA,2 7 5 3 6,-0.026073944139679395,0.022489336900711976,-0.003584607238967419,0.46309344053600904
15000,10,5,CTATCGCA,3 2 5 6 7,-0.026073944139679395,-0.009677097385697664,-0.03575104152537706,-0.27068015287970276
15000,10,5,CTATCGCA,5 7 2 3 6,-0.026073944139679395,-0.012417156961596731,-0.038491101101276126,-0.32259812284728473
15000,11,4,CTATCGCA,3 6 1 0,0.0008298427913256343,-0.00026199889160949397,0.0005678438997161403,-0.23996051415181283
15000,11,4,CTATCGCA,6 1 0 3,0.0008298427913256343,0.001137877854681335,0.0019677206460069693,0.5782720514674647
15000,11,4,CTATCGCA,0 1 3 6,0.0008298427913256343,-4.466444615047749e-06,0.0008253763467105865,-0.005353464186467792
15000,11,4,CTATCGCA,6 1 3 0,0.0008298427913256343,0.0014119908630263467,0.002241833654351981,0.6298374816014141
15000,12,3,CTATCGCA,5 7 0,-0.013376313642504134,-0.004585841486603792,-0.017962155129107926,-0.2553057499861123
15000,12,3,CTATCGCG,7 5 0,0.4288116409022442,0.07973456151433878,0.508546202416583,0.15678921823709355
15000,12,3,CTATCGCA,5 0 7,-0.013376313642504134,0.0051908067055970175,-0.008185506936907117,0.27956983141588126
15000,12,3,CTATCGCA,5 7 0,-0.013376313642504134,-0.004585841486603792,-0.017962155129107926,-0.2553057499861123
15000,13,4,CTATCGCA,4 7 5 1,-0.012385883826947552,0.003599060591099157,-0.008786823235848396,0.22515315017522886
15000,13,4,CTATCGCA,1 5 7 4,-0.012385883826947552,-0.013307131935122118,-0.02569301576206967,-0.5179279870589305
15000,13,4,CTATCGCA,1 7 4 5,-0.012385883826947552,-0.012324537491636978,-0.02471042131858453,-0.4987586950760642
15000,13,4,CTATCGCA,5 4 1 7,-0.012385883826947552,-0.0028368380653920333,-0.015222721892339586,-0.18635550760600794
15000,14,6,CTATCGCG,0 3 4 6 1 5,0.05000561328967268,0.15441859041989758,0.20442420370957026,0.7553831083489668
15000,14,6,CTATCGCG,5 4 1 6 3 0,0.05000561328967268,0.13217870061948744,0.18218431390916012,0.7255218508295602
15000,14,6,CGATCGCG,0 1 4 6 5 3,-0.043377962139145576,0.16496313342923674,0.12158517129009117,0.7917935392400395
15000,14,6,CGATCGCG,0 4 1 5 3 6,-0.043377962139145576,0.0044514688982504325,-0.038926493240895144,0.09306966028448047
15000,15,4,TTTGGGCG,4 5 6 0,2.209845269992921,0.21215975259556208,2.422005022588483,0.08759674344887171
15000,15,4,TTTGGGCG,6 4 5 0,2.209845269992921,-0.06443317188231967,2.1454120981106013,-0.028331259135179483
15000,15,4,TTTGCGGG,6 0 5 4,8.345588500102746,0.556368894725602,8.901957394828347,0.062499613292783036
15000,15,4,TTTGCGCG,6 5 4 0,-0.16707715041081217,0.2795641612624773,0.11248701085166513,0.625925443876033
15000,16,3,CGATCGCG,4 0 6,-0.0021978037355497304,0.0036973729902700647,0.0014995692547203343,0.6271861154011291
15000,16,3,CGATCGCG,0 6 4,-0.0021978037355497304,-0.004521969944083271,-0.006719773679633001,-0.6729348575814293
15000,16,3,CGATCGCG,6 4 0,-0.0021978037355497304,7.216238830265453e-05,-0.002125641347247076,0.03179007278760043
15000,16,3,CGATCGCG,0 4 6,-0.0021978037355497304,-0.00045836123715448096,-0.0026561649727042114,-0.17256504843064344
15000,17,1,CTATCGCA,1,-0.002104957990201939,0.0,-0.002104957990201939,0.0
15000,17,1,CTATCGCA,1,-0.002104957990201939,0.0,-0.002104957990201939,0.0
15000,17,1,CTATCGCA,1,-0.002104957990201939,0.0,-0.002104957990201939,0.0
15000,17,1,CTATCGCA,1,-0.002104957990201939,0.0,-0.002104957990201939,0.0
15000,18,4,TTTGGGCG,0 5 2 1,0.5167769540781694,0.18754401409140486,0.7043209681695742,0.266276346391907
15000,18,4,TGTGGGCG,2 0 1 5,-0.27440297607559905,-0.06048923778805948,-0.3348922138636585,-0.18062300430993564
15000,18,4,TGTGGGCG,1 5 0 2,-0.27440297607559905,0.035631753632261454,-0.2387712224433376,0.11492826518447317
15000,18,4,TGTGGGCG,1 0 2 5,-0.27440297607559905,0.036088285353545135,-0.2383146907220539,0.11622963296112178
15000,19,6,CGATCGCG,6 2 0 7 5 4,0.6011441835742248,-0.20131144338018192,0.3998327401940429,-0.25086925260182624
15000,19,6,CGATATAT,4 7 0 5 6 2,-2.3229536519068015,-0.40567724460474874,-2.72863089651155,-0.14867428391410195
15000,19,6,CGATCGCG,6 0 2 7 5 4,0.6011441835742248,-0.6112041250097535,-0.010059941435528685,-0.5041489485176412
15000,19,6,CGATCGCG,0 7 5 4 6 2,0.6011441835742248,0.2434783126583353,0.8446224962325601,0.28826879907221353
15000,20,3,CTATCGCA,7 6 5,-0.012118622694601872,-0.003757468161079025,-0.015876090855680897,-0.23667464461092455
15000,20,3,CTATCGCA,6 7 5,-0.012118622694601872,-1.7661395854240425e-05,-0.012136284090456112,-0.0014552556385961021
15000,20,3,CTATCGCA,5 7 6,-0.012118622694601872,8.462858558733188e-05,-0.01203399410901454,0.006934921165207685
15000,20,3,CTATCGCA,6 5 7,-0.012118622694601872,0.003126646291907953,-0.008991976402693919,0.2050896113853188
15000,21,4,CTATCGCA,3 7 6 2,-0.02650453561066568,-0.010343271161553425,-0.036847806772219105,-0.28070249134479264
15000,21,4,CTATCGCA,7 3 6 2,-0.02650453561066568,-0.021097725576674442,-0.04760226118734012,-0.4432084747748371
15000,21,4,CTATCGCG,3 7 6 2,0.3888817660160693,-0.023748389148817495,0.3651333768672518,-0.057553692699283336
15000,21,4,CTATCGCA,6 7 3 2,-0.02650453561066568,-0.011089358245322423,-0.0375938938559881,-0.29497764418346
15000,22,4,CTATCGCA,6 4 3 0,-0.00043044199538504885,0.0027442436816857985,0.0023138016863007496,0.8644142950926089
15000,22,4,CTATCGCA,6 4 3 0,-0.00043044199538504885,0.0027442436816857985,0.0023138016863007496,0.8644142950926089
15000,22,4,CTATCGCA,4 6 0 3,-0.00043044199538504885,0.003199169424501047,0.0027687274291159983,0.8814082430348544
15000,22,4,CTATCGCA,4 3 6 0,-0.00043044199538504885,0.0037642535876005745,0.0033338115922155256,0.8973842113523106
15000,23,4,CGGTCGCG,1 7 2 3,4.8427050045978834,-0.22079785802408258,4.6219071465738,-0.04360575356913095
15000,23,4,CTATCGCA,7 1 2 3,-0.1931755139960158,-0.07107068249919779,-0.2642461964952136,-0.26895631211284105
15000,23,4,CTATCGCA,3 1 7 2,-0.1931755139960158,0.060799094256281716,-0.13237641973973407,0.23939044408677304
15000,23,4,CTATCGCG,3 7 1 2,0.5266009096091961,0.21680368131921712,0.7434045909284133,0.29163618837550925
15000,24,7,CTATCGCA,4 7 6 0 5 3 2,-0.33103518750440547,0.040631366746659126,-0.29040382075774634,0.10932209606143957
15000,24,7,CTATCGCG,5 7 2 3 0 4 6,0.05574965530313758,0.7217453026417084,0.777494957944846,0.9282957982769422
15000,24,7,TTTGCGCG,0 3 5 2 6 4 7,4.247519992842111,0.5068970325129918,4.754417025355103,0.10661602249229118
15000,24,7,CTATCGCA,2 7 0 3 4 6 5,-0.33103518750440547,0.4334813792056167,0.10244619170121122,0.5670006355402293
15000,25,4,CTATCGCA,7 1 3 4,-0.005994542577363371,0.013303841896647572,0.0073092993192842015,0.6893759378959313
15000,25,4,CTATCGCA,1 7 4 3,-0.005994542577363371,-0.026668166127403747,-0.03266270870476712,-0.8164713578550065
15000,25,4,CTATCGCA,7 3 1 4,-0.005994542577363371,0.011200373377012074,0.005205830799648703,0.6513770353243286
15000,25,4,CTATCGCA,4 7 1 3,-0.005994542577363371,0.005447545572185408,-0.0005469970051779627,0.4760971512354791
15000,26,2,CTATCGCA,7 1,-0.00012526036766880022,0.007963056125576129,0.007837795757907329,0.9845134191060139
15000,26,2,CTATCGCA,7 1,-0.00012526036766880022,0.007963056125576129,0.007837795757907329,0.9845134191060139
15000,26,2,CTATCGCA,1 7,-0.00012526036766880022,-0.007524894635295043,-0.007650155002963843,-0.983626427488035
15000,26,2,CTATCGCA,1 7,-0.00012526036766880022,-0.007524894635295043,-0.007650155002963843,-0.983626427488035
15000,27,4,CGATCGCG,5 0 1 6,-0.12840882858957958,-0.012348430029866186,-0.14075725861944577,-0.08772854878661467
15000,27,4,CTATCGCG,1 5 0 6,0.168497591600694,-0.16127767389768088,0.007219917703013112,-0.4890532758845604
15000,27,4,CTATCGCG,5 0 6 1,0.168497591600694,0.09869535240507865,0.26719294400577265,0.36937858809230517
15000,27,4,CGATCGCG,1 5 0 6,-0.12840882858957958,0.15991858045470853,0.03150975186512894,0.5546423109228039
15000,28,2,CTATCGCA,6 7,-0.012476630695026802,0.001918250151569767,-0.010558380543457035,0.13325918929181726
15000,28,2,CTATCGCA,7 6,-0.012476630695026802,-0.0019053410409159977,-0.0143819717359428,-0.1324812116098276
15000,28,2,CTATCGCA,6 7,-0.012476630695026802,0.001918250151569767,-0.010558380543457035,0.13325918929181726
15000,28,2,CTATCGCA,6 7,-0.012476630695026802,0.001918250151569767,-0.010558380543457035,0.13325918929181726
15000,29,5,TTTAGGCC,7 6 4 3 2,0.05478340631406553,-0.20952387676294126,-0.15474047044887573,-0.7927283513481382
15000,29,5,TTTAGGCC,3 2 7 6 4,0.05478340631406553,0.22009438939261639,0.2748777957066819,0.8006990481962243
15000,29,5,TTTGCGCC,6 4 3 7 2,1.8663129216772116,1.2363235495862481,3.1026364712634598,0.39847515525490834
15000,29,5,TTTGCGCG,2 7 4 6 3,-0.4952931351243868,0.3711326349721835,-0.12416050015220326,0.4283490262885622
15000,30,3,CGATCGCG,5 1 4,-0.1690820642029176,-0.012817491310929796,-0.1818995555138474,-0.0704646653738197
15000,30,3,CTATCGCG,5 4 1,0.2415830696232204,0.05140678748295091,0.2929898571061713,0.17545586045431782
15000,30,3,CTATCGCG,1 4 5,0.2415830696232204,-0.058868743111712085,0.18271432651150832,-0.19593405869595415
15000,30,3,CTATCGCG,4 5 1,0.2415830696232204,0.05306360545374833,0.29464667507696873,0.18009232732691402
15000,31,5,CTATCGCA,2 0 1 4 7,-0.20338242590565325,0.18791755673737143,-0.015464869168281825,0.4802391133985941
15000,31,5,CTATCGCA,0 7 2 1 4,-0.20338242590565325,-0.03055338551530795,-0.2339358114209612,-0.13060585008221745
15000,31,5,CGATCGCG,7 0 1 2 4,0.7615258261435958,1.3369384519229568,2.098464278066553,0.6371032692320893
15000,31,5,CTATCGCA,7 1 2 0 4,-0.20338242590565325,-0.05372145072761114,-0.2571038766332644,-0.2089484275036427
20000,0,2,TTTAGGCC,5 6,-9.862781182834457e-05,-2.3225042861230172e-05,-0.00012185285468957474,-0.1905990870742991
20000,0,2,TTTAGGCC,5 6,-9.862781182834457e-05,-2.3225042861230172e-05,-0.00012185285468957474,-0.1905990870742991
20000,0,2,TTTAGGCC,5 6,-9.862781182834457e-05,-2.3225042861230172e-05,-0.00012185285468957474,-0.1905990870742991
20000,0,2,TTTAGGCC,5 6,-9.862781182834457e-05,-2.3225042861230172e-05,-0.00012185285468957474,-0.1905990870742991
20000,1,2,CTATCGCA,2 0,-0.0014145410695652894,0.0016745867393529457,0.0002600456697876563,0.5420904679043889
20000,1,2,CTATCGCA,2 0,-0.0014145410695652894,0.0016745867393529457,0.0002600456697876563,0.5420904679043889
20000,1,2,CTATCGCA,0 2,-0.0014145410695652894,-0.0016808147891987923,-0.0030953558587640817,-0.5430118105612292
20000,1,2,CTATCGCA,2 0,-0.0014145410695652894,0.0016745867393529457,0.0002600456697876563,0.5420904679043889
20000,2,3,CTATCGCA,6 3 2,0.00040681540209591693,-0.001455391806977513,-0.001048576404881596,-0.7815412806299176
20000,2,3,CTATCGCA,2 6 3,0.00040681540209591693,0.0017588853704144647,0.0021657007725103816,0.8121553045278942
20000,2,3,CTATCGCA,3 2 6,0.00040681540209591693,-0.0017463820320737788,-0.001339566629977862,-0.8110645147351335
20000,2,3,CTATCGCA,2 3 6,0.00040681540209591693,0.0013359746778367487,0.0017427900799326657,0.7665723446672162
20000,3,4,TTTGCGCG,0 7 3 4,-0.36352967249939394,-0.28058495695666963,-0.6441146294560636,-0.43561338948878653
20000,3,4,TTTACGCC,4 7 3 0,2.0511371385723955,0.45178114905251876,2.5029182876249143,0.18050175720327885
20000,3,4,TTTGGGCC,7 0 4 3,0.4053490137285154,0.25777012369258356,0.663119137421099,0.3887236985725725
20000,3,4,TTTGCGCG,0 3 4 7,-0.36352967249939394,-0.7720408322937935,-1.1355705047931874,-0.6798704519314714
20000,4,5,CTATCGCG,7 0 4 1 2,0.5128829576979341,0.24703385292117908,0.7599168106191132,0.3250801264942641
20000,4,5,CGATCGCG,2 7 1 0 4,0.7084674563239319,-0.7577493098390775,-0.04928185351514558,-0.5168057870611155
20000,4,5,CTATCGCA,2 0 1 7 4,-0.20901014595450895,0.1916955359116228,-0.017314610042886147,0.47839485334691284
20000,4,5,CTATCGCA,1 0 2 4 7,-0.20901014595450895,-0.247528279935449,-0.45653842588995797,-0.5421849857499447
20000,5,4,TTTAGGCC,6 3 5 0,-0.15864964820431088,0.006776987108025878,-0.151872661096285,0.040966722772487425
20000,5,4,TTTAGGCC,6 0 3 5,-0.15864964820431088,0.1097846431626408,-0.04886500504167007,0.4089814404992109
20000,5,4,TTTAGGCC,5 6 3 0,-0.15864964820431088,-0.06653318482807435,-0.22518283303238523,-0.2954629530684771
20000,5,4,TTTAGGCC,3 6 5 0,-0.15864964820431088,-0.02079077081128844,-0.17944041901559932,-0.11586447983874265
20000,6,5,CTATCGCA,2 5 1 6 3,-9.96731185193174e-05,0.011561504056036398,0.01146183093751708,0.9914525680360298
20000,6,5,CTATCGCA,6 2 5 3 1,-9.96731185193174e-05,0.0010675158593507206,0.0009678427408314032,0.9146041297432337
20000,6,5,CTATCGCA,1 3 2 5 6,-9.96731185193174e-05,-0.005993808050728688,-0.006093481169248006,-0.9836426640616635
20000,6,5,CTATCGCA,1 3 2 6 5,-9.96731185193174e-05,-0.0065326801690694936,-0.006632353287588811,-0.9849716813629581
20000,7,4,CTATCGCA,2 5 0 7,-0.022157449155742,0.026072559196091305,0.003915110040349307,0.5405879054777365
20000,7,4,CTATCGCA,5 7 0 2,-0.022157449155742,-0.021937385950440813,-0.04409483510618281,-0.49750466007219146
20000,7,4,CTATCGCA,0 2 5 7,-0.022157449155742,-0.006932479673213976,-0.029089928828955974,-0.23831201904878568
20000,7,4,CTATCGCG,2 7 0 5,0.34708584812932974,0.07645548529593515,0.4235413334252649,0.18051481464069657
20000,8,4,CTATCGCA,4 7 1 6,-0.014802769162982454,0.013315655588502118,-0.0014871135744803365,0.47355624314619865
20000,8,4,CTATCGCA,1 4 7 6,-0.014802769162982454,-0.029638994362341187,-0.04444176352532364,-0.6669176020760833
20000,8,4,CGATCGCA,1 6 7 4,0.5238624066743398,-0.005222952657234714,0.5186394540171051,-0.00987166355129007
20000,8,4,CTATCGCA,1 7 6 4,-0.014802769162982454,-0.025540331183020903,-0.04034310034600336,-0.6330780471499159
20000,9,8,CTATCGCC,3 1 7 5 2 4 0 6,2.378566673209578,-1.1377971844113528,1.2407694887982252,-0.323572084824337
20000,9,8,CTATCGCA,0 2 3 4 5 6 1 7,-0.40536659197055036,-0.5067257906909095,-0.9120923826614599,-0.5555641076754725
20000,9,8,CGGTCGCG,3 0 4 5 1 7 6 2,4.588926242385002,2.267771591612078,6.85669783399708,0.33073815508799975
20000,9,8,CTATCGCA,6 4 2 0 5 3 7 1,-0.40536659197055036,0.6511401568567248,0.2457735648861744,0.6163142427433539
20000,10,4,CTATCGCA,2 7 6 1,-0.2643666719133579,0.03743630670854525,-0.22693036520481263,0.12404220422040706
20000,10,4,CTATCGCA,6 7 2 1,-0.2643666719133579,-0.022476975030227386,-0.2868436469435853,-0.07835967527859533
20000,10,4,CTATCGCA,2 7 1 6,-0.2643666719133579,0.03765489737182559,-0.2267117745415323,0.12467618607818702
20000,10,4,CTATCGCG,6 2 1 7,0.3933757645765552,-0.34234389583899105,0.05103186873756416,-0.465318400823528
20000,11,1,CTATCGCA,2,-1.282745586195233e-06,0.0,-1.282745586195233e-06,0.0
20000,11,1,CTATCGCA,2,-1.282745586195233e-06,0.0,-1.282745586195233e-06,0.0
20000,11,1,CTATCGCA,2,-1.282745586195233e-06,0.0,-1.282745586195233e-06,0.0
20000,11,1,CTATCGCA,2,-1.282745586195233e-06,0.0,-1.282745586195233e-06,0.0
20000,12,3,CTATCGCA,5 1 7,-0.0057685470088172375,-0.0077381506803586575,-0.013506697689175895,-0.5729121106012404
20000,12,3,CGATCGCG,7 1 5,-0.13012213110298676,-0.15409546894813753,-0.2842176000511243,-0.5421742669012026
20000,12,3,CTATCGCA,7 5 1,-0.0057685470088172375,0.02141158390937825,0.015643036900561014,0.7877660329827353
20000,12,3,CTATCGCA,1 5 7,-0.0057685470088172375,-0.027402419111728804,-0.03317096612054604,-0.8260965029521944
20000,13,4,CGATCGCG,1 4 3 2,-0.028794131082302776,0.620943242585934,0.5921491115036313,0.9556834311073424
20000,13,4,CTATCGCG,2 4 1 3,-0.308147127693543,0.2993197661130065,-0.008827361580536541,0.49273428587587553
20000,13,4,CGATCGCG,2 1 3 4,-0.028794131082302776,-0.3448023422968909,-0.37359647337919366,-0.9229271871282434
20000,13,4,CGATCGCG,4 1 3 2,-0.028794131082302776,0.46673255695001714,0.43793842586771436,0.941891866214833
20000,14,2,CGATCGCA,7 0,0.45769836612816883,0.0246558088545743,0.48235417498274313,0.05111557053581302
20000,14,2,CGATCGCG,7 0,-0.05702883657784563,0.010725752400999489,-0.04630308417684614,0.15830296608172723
20000,14,2,CGATCGCG,7 0,-0.05702883657784563,0.010725752400999489,-0.04630308417684614,0.15830296608172723
20000,14,2,CGATCGCG,7 0,-0.05702883657784563,0.010725752400999489,-0.04630308417684614,0.15830296608172723
20000,15,5,CTATCGCG,3 6 7 5 2,0.3395114307593903,0.009487802948259016,0.3489992337076493,0.027185741491360372
20000,15,5,CTATCGCA,7 3 5 6 2,-0.021317944557993768,-0.018293301363502934,-0.0396112459214967,-0.46182090307781276
20000,15,5,CTATCGCA,2 7 6 5 3,-0.021317944557993768,0.021340562632342852,2.261807434908447e-05,0.5002651062570962
20000,15,5,CTATCGCA,7 2 3 6 5,-0.021317944557993768,-0.0154938958071007,-0.03681184036509447,-0.4208943550073699
20000,16,2,CTATCGCA,1 0,-0.0014772469246340236,-0.0011866320170078604,-0.002663878941641884,-0.44545268122299836
20000,16,2,CTATCGCA,0 1,-0.0014772469246340236,0.0011908684786327006,-0.000286378446001323,0.44633319727274656
20000,16,2,CTATCGCA,0 1,-0.0014772469246340236,0.0011908684786327006,-0.000286378446001323,0.44633319727274656
20000,16,2,CTATCGCA,1 0,-0.0014772469246340236,-0.0011866320170078604,-0.002663878941641884,-0.44545268122299836
20000,17,3,CTATCGCA,5 3 2,-2.300659770934632e-05,-0.001279655136810831,-0.0013026617345201774,-0.9823387782878104
20000,17,3,CTATCGCA,3 5 2,-2.300659770934632e-05,-0.0018351768433984006,-0.001858183441107747,-0.9876187693849908
20000,17,3,CTATCGCA,2 3 5,-2.300659770934632e-05,0.0014118840753969408,0.0013888774776875945,0.9839663061858636
20000,17,3,CTATCGCA,2 5 3,-2.300659770934632e-05,0.0017395997074078906,0.0017165931096985443,0.9869473984958791
20000,18,4,ATATCGCA,7 4 6 5,0.039366761440837256,-0.002760942072577599,0.03660581936825966,-0.06553744548877258
20000,18,4,ATATCGCA,6 5 4 7,0.039366761440837256,0.0014024140869741686,0.040769175527811424,0.03439888270532934
20000,18,4,ATATCGCA,6 5 4 7,0.039366761440837256,0.0014024140869741686,0.040769175527811424,0.03439888270532934
20000,18,4,ATATCGCA,4 5 7 6,0.039366761440837256,-0.03777179308273393,0.001594968358103327,-0.48966166550595686
20000,19,2,CGATCGCG,0 4,-0.0004772651611403278,-0.0018310642955916556,-0.0023083294567319834,-0.7932421822420376
20000,19,2,CGATCGCG,4 0,-0.0004772651611403278,0.0018345755113764461,0.0013573103502361183,0.7935562053155006
20000,19,2,CGATCGCG,4 0,-0.0004772651611403278,0.0018345755113764461,0.0013573103502361183,0.7935562053155006
20000,19,2,CGATCGCG,4 0,-0.0004772651611403278,0.0018345755113764461,0.0013573103502361183,0.7935562053155006
20000,20,3,CTATCGCA,4 1 3,-0.0012826817415964586,0.0011383373684452636,-0.00014434437315119508,0.47018933626907483
20000,20,3,CTATCGCA,1 4 3,-0.0012826817415964586,0.0013377897093391766,5.510796774271798e-05,0.510514895654185
20000,20,3,CTATCGCA,1 3 4,-0.0012826817415964586,0.0007631016168829774,-0.0005195801247134813,0.3730119387862095
20000,20,3,CTATCGCA,1 4 3,-0.0012826817415964586,0.0013377897093391766,5.510796774271798e-05,0.510514895654185
20000,21,2,TTTACGCC,1 3,0.09621812287723408,-0.06131016649294807,0.03490795638428601,-0.38920099201276037
20000,21,2,TCTACGCC,3 1,-0.2128907275123666,0.2401525690126669,0.02726184150030031,0.5300874571033344
20000,21,2,TTTACGCC,3 1,0.09621812287723408,0.06974334083508538,0.16596146371231946,0.42023816417996723
20000,21,2,TTTGCGCC,3 1,0.5639534119675258,-0.027082248444173063,0.5368711635233527,-0.045821682612701115
20000,22,3,CGGTCGCG,0 5 2,3.2634507960281383,0.775497803654104,4.038948599682242,0.19200487070202257
20000,22,3,CGATCGCG,0 2 5,-0.2942135163409544,-0.05153252289593002,-0.3457460392368844,-0.14904732678838595
20000,22,3,CGATCGCG,2 5 0,-0.2942135163409544,0.4711184458167663,0.17690492947581193,0.6155739850306651
20000,22,3,CGATCGCG,5 2 0,-0.2942135163409544,0.2695619772887694,-0.02465153905218498,0.47813709594445797
20000,23,6,CGATCGCA,2 4 7 3 6 5,-0.03612592783395918,0.8535946074009306,0.8174686795669714,0.9593963200765937
20000,23,6,CGATCGCA,2 7 3 4 5 6,-0.03612592783395918,0.924597265790192,0.8884713379562328,0.9623971524017435
20000,23,6,CGATCGCA,2 7 4 3 5 6,-0.03612592783395918,0.9275261550830809,0.8914002272491217,0.9625114411369261
20000,23,6,CGATCGCG,7 3 5 2 4 6,0.38294283780609706,0.5703071121980194,0.9532499500041165,0.5982765718430477
20000,24,4,CGGTCGCG,5 1 2 6,4.2970394467399995,0.182908104558396,4.4799475512983955,0.04082817989808494
20000,24,4,CTATCGCG,6 2 1 5,-0.2908437032878246,0.10403970326305467,-0.18680400002476993,0.2634694229666233
20000,24,4,CGGTCGCG,1 6 2 5,4.2970394467399995,-0.13494880514151664,4.162090641598483,-0.03044881833435066
20000,24,4,CTATCGCG,1 6 2 5,-0.2908437032878246,-0.28243051975724187,-0.5732742230450665,-0.49266216481364333
20000,25,5,CTATCGCA,3 7 6 4 1,-0.014859456843679564,0.04108670146325011,0.026227244619570544,0.7343971902027986
20000,25,5,CTATCGCA,7 6 4 1 3,-0.014859456843679564,0.015027809871348552,0.0001683530276689882,0.5028164674487335
20000,25,5,CGATCGCA,4 3 1 7 6,0.4666816575183157,0.28972090718324583,0.7564025647015615,0.3830247552076389
20000,25,5,CGATCGCG,6 1 4 7 3,-0.09579935551578833,0.01762986906974362,-0.07816948644604471,0.1554261622977923
20000,26,6,TTTGGGCC,1 3 2 6 7 5,0.2389023101305061,0.03110707011540459,0.2700093802459107,0.11520736830355251
20000,26,6,TTTAGGCC,1 2 5 7 3 6,-0.24329423755704827,-0.14476097282941325,-0.3880552103864615,-0.3730422088270553
20000,26,6,TGTGGGCG,6 3 2 1 7 5,0.040701331214935355,-0.12420381922987556,-0.0835024880149402,-0.7531833838715853
20000,26,6,TTTAGGCC,5 3 6 7 2 1,-0.24329423755704827,0.06784532357223227,-0.175448913984816,0.21805431403832987
20000,27,4,CTATCGCA,5 1 7 2,-0.2519772409287245,0.031519542157829594,-0.22045769877089488,0.11118130447429592
20000,27,4,CTATCGCG,2 5 7 1,0.4201378152501207,-0.4244968229537722,-0.004359007703651496,-0.5025804102190984
20000,27,4,CTATCGCA,7 5 1 2,-0.2519772409287245,-0.014946429320198629,-0.2669236702489231,-0.05599514387862322
20000,27,4,CGGTCGCG,7 1 5 2,5.332742249061198,1.1722879281804555,6.505030177241654,0.18021252726571424
20000,28,3,CTATCGCA,3 0 5,9.098238428817407e-06,9.031125316316668e-05,9.940949159198409e-05,0.9084771656799113
20000,28,3,CTATCGCA,5 0 3,9.098238428817407e-06,-0.00021773370010857995,-0.00020863546167976255,-0.9598899586738867
20000,28,3,CTATCGCA,0 5 3,9.098238428817407e-06,0.0002448250097331073,0.0002539232481619247,0.9641693366216884
20000,28,3,CTATCGCA,5 3 0,9.098238428817407e-06,0.00018452615128983219,0.0001936243897186496,0.9530108864795503
20000,29,4,CTATCGCA,4 7 3 0,-0.009853961062576681,0.05695288432909207,0.04709892326651539,0.8525007279597497
20000,29,4,CTATCGCA,7 4 0 3,-0.009853961062576681,0.01589784588142562,0.006043884818848939,0.6173487521087638
20000,29,4,CTATCGCA,3 7 0 4,-0.009853961062576681,-0.03429070119162292,-0.0441446622541996,-0.7767802366267
20000,29,4,CTATCGCA,7 3 0 4,-0.009853961062576681,0.0125662802651898,0.0027123192026131185,0.5604881803670425
20000,30,6,TTTGGGCC,0 2 3 4 5 7,5.447443061919518,1.7324999672029184,7.179943029122437,0.2412971746677873
20000,30,6,CTATCGCA,5 2 0 4 7 3,-0.33572272781162066,0.5073978490663125,0.1716751212546918,0.6018093532305919
20000,30,6,CTATCGCA,3 4 2 0 7 5,-0.33572272781162066,0.34845905811102273,0.012736330299402077,0.509307709267813
20000,30,6,CTATCGCA,2 3 5 0 7 4,-0.33572272781162066,0.5015682852289887,0.165845557417368,0.599036986444595
20000,31,2,CTATCGCA,4 2,-0.00021030911942099273,-0.0012458775366951391,-0.0014561866561161319,-0.8555754383974932
20000,31,2,CTATCGCA,4 2,-0.00021030911942099273,-0.0012458775366951391,-0.0014561866561161319,-0.8555754383974932
20000,31,2,CTATCGCA,2 4,-0.00021030911942099273,0.0012472817389778124,0.0010369726195568196,0.8557145729824199
20000,31,2,CTATCGCA,2 4,-0.00021030911942099273,0.0012472817389778124,0.0010369726195568196,0.8557145729824199
