step,context,hidden,y,order,delta_y,log_rho,delta_tau,share
0,0,5,CTATCGCA,4 1 0 2 7,-0.8910555955406936,0.0,-0.8910555955406936,0.0
0,0,5,CAGTCGCG,0 4 7 1 2,7.962815832178398,0.0,7.962815832178398,0.0
0,0,5,CGGTCGCG,2 1 7 0 4,7.5874828771976475,0.0,7.5874828771976475,0.0
0,0,5,ATGTCGCG,7 4 0 2 1,7.287524074579212,0.0,7.287524074579212,0.0
0,1,4,ACTGCGGC,3 5 2 0,3.0003788040462944,0.0,3.0003788040462944,0.0
0,1,4,ACTACGGC,5 3 0 2,0.4829174458857488,0.0,0.4829174458857488,0.0
0,1,4,ACTACGGC,0 2 3 5,0.4829174458857488,0.0,0.4829174458857488,0.0
0,1,4,ACTACGGC,2 3 0 5,0.4829174458857488,0.0,0.4829174458857488,0.0
0,2,4,CGATCGCG,5 6 0 3,-0.04111979924945859,0.0,-0.04111979924945859,0.0
0,2,4,CGATCGCG,5 6 3 0,-0.04111979924945859,0.0,-0.04111979924945859,0.0
0,2,4,CGATCGCG,5 3 6 0,-0.04111979924945859,0.0,-0.04111979924945859,0.0
0,2,4,CGATCGCG,3 0 6 5,-0.04111979924945859,0.0,-0.04111979924945859,0.0
0,3,4,CGGTCGCG,7 2 1 5,7.612948819164214,0.0,7.612948819164214,0.0
0,3,4,CTATCGCA,5 2 1 7,-0.8655896378352811,0.0,-0.8655896378352811,0.0
0,3,4,CTATCGCA,5 2 1 7,-0.8655896378352811,0.0,-0.8655896378352811,0.0
0,3,4,CAGTCGCG,7 2 1 5,7.98828176606634,0.0,7.98828176606634,0.0
0,4,7,TTTAGGCC,5 0 2 6 1 7 4,-0.15086068768929414,0.0,-0.15086068768929414,0.0
0,4,7,TTTAGGCC,0 4 5 6 1 7 2,-0.15086068768929414,0.0,-0.15086068768929414,0.0
0,4,7,TCTACGGC,0 6 5 2 7 4 1,0.026921127537791634,0.0,0.026921127537791634,0.0
0,4,7,TTTAGGCC,2 1 0 4 6 5 7,-0.15086068768929414,0.0,-0.15086068768929414,0.0
0,5,5,TTTGGGCG,1 2 7 5 3,2.0427387960522996,0.0,2.0427387960522996,0.0
0,5,5,TTTGGGCC,5 3 1 7 2,0.7079080777673156,0.0,0.7079080777673156,0.0
0,5,5,TGTGGGCG,5 7 1 2 3,-0.46945445589144263,0.0,-0.46945445589144263,0.0
0,5,5,TTTAGGCC,1 5 7 2 3,-0.7434937385116711,0.0,-0.7434937385116711,0.0
0,6,4,TTTGGGCC,3 4 6 7,1.1085146743960679,0.0,1.1085146743960679,0.0
0,6,4,TTTAGGCC,7 3 4 6,-0.3428871027511564,0.0,-0.3428871027511564,0.0
0,6,4,TTTAGGCC,3 4 6 7,-0.3428871027511564,0.0,-0.3428871027511564,0.0
0,6,4,TTTAGGCC,3 7 6 4,-0.3428871027511564,0.0,-0.3428871027511564,0.0
0,7,2,TTTGGGCC,3 7,0.7274429587784195,0.0,0.7274429587784195,0.0
0,7,2,TTTAGGCC,7 3,-0.7239588575005658,0.0,-0.7239588575005658,0.0
0,7,2,TTTGGGCC,7 3,0.7274429587784195,0.0,0.7274429587784195,0.0
0,7,2,TTTGGGCG,7 3,2.062273677063403,0.0,2.062273677063403,0.0
0,8,3,TTTAGGCC,5 7 4,-0.044925506163906476,0.0,-0.044925506163906476,0.0
0,8,3,TTTAGGCC,4 7 5,-0.044925506163906476,0.0,-0.044925506163906476,0.0
0,8,3,TTTAGGCC,7 5 4,-0.044925506163906476,0.0,-0.044925506163906476,0.0
0,8,3,TTTAGGCC,5 7 4,-0.044925506163906476,0.0,-0.044925506163906476,0.0
0,9,4,TTTACGCC,2 5 6 1,1.233314483821827,0.0,1.233314483821827,0.0
0,9,4,TTTACGCC,5 1 2 6,1.233314483821827,0.0,1.233314483821827,0.0
0,9,4,TCTACGGC,5 2 1 6,-1.080664492355274,0.0,-1.080664492355274,0.0
0,9,4,TTTACGCC,6 2 1 5,1.233314483821827,0.0,1.233314483821827,0.0
0,10,4,CTATCGCG,7 3 4 1,0.631724317543866,0.0,0.631724317543866,0.0
0,10,4,CTATCGCA,1 3 4 7,-0.08202041784951036,0.0,-0.08202041784951036,0.0
0,10,4,CTATCGCA,4 7 1 3,-0.08202041784951036,0.0,-0.08202041784951036,0.0
0,10,4,CTATCGCA,1 3 4 7,-0.08202041784951036,0.0,-0.08202041784951036,0.0
0,11,7,TTTAGGCC,5 6 0 1 2 7 4,-0.15086068768929414,0.0,-0.15086068768929414,0.0
0,11,7,TTTAGGCC,0 7 6 2 1 5 4,-0.15086068768929414,0.0,-0.15086068768929414,0.0
0,11,7,TTTAGGCC,0 1 7 2 6 4 5,-0.15086068768929414,0.0,-0.15086068768929414,0.0
0,11,7,TTTAGGCC,6 5 0 4 2 7 1,-0.15086068768929414,0.0,-0.15086068768929414,0.0
0,12,1,CTATCGCA,0,-0.00021734216819524477,0.0,-0.00021734216819524477,0.0
0,12,1,CTATCGCA,0,-0.00021734216819524477,0.0,-0.00021734216819524477,0.0
0,12,1,CTATCGCA,0,-0.00021734216819524477,0.0,-0.00021734216819524477,0.0
0,12,1,CTATCGCA,0,-0.00021734216819524477,0.0,-0.00021734216819524477,0.0
0,13,6,TTTGGGCC,6 1 3 2 7 4,1.0142521840492111,0.0,1.0142521840492111,0.0
0,13,6,TCTGGGCC,7 2 1 3 6 4,0.09953656340512307,0.0,0.09953656340512307,0.0
0,13,6,TTTAGGCC,1 7 6 4 2 3,-0.4371496322297732,0.0,-0.4371496322297732,0.0
0,13,6,TTTGGGCC,3 7 6 2 1 4,1.0142521840492111,0.0,1.0142521840492111,0.0
0,14,5,CTATCGCA,2 4 7 1 0,-0.8910555955406936,0.0,-0.8910555955406936,0.0
0,14,5,CGGTCGCG,4 2 1 7 0,7.5874828771976475,0.0,7.5874828771976475,0.0
0,14,5,CTATCGCA,1 7 0 2 4,-0.8910555955406936,0.0,-0.8910555955406936,0.0
0,14,5,CTGTCGCG,2 4 0 1 7,7.616804731162814,0.0,7.616804731162814,0.0
0,15,6,TTTAGGCC,1 4 2 6 0 7,-0.13250821007760086,0.0,-0.13250821007760086,0.0
0,15,6,TTTAGGCC,6 0 7 2 1 4,-0.13250821007760086,0.0,-0.13250821007760086,0.0
0,15,6,TTTAGGCC,4 0 1 2 7 6,-0.13250821007760086,0.0,-0.13250821007760086,0.0
0,15,6,TTTAGGCC,1 2 6 4 7 0,-0.13250821007760086,0.0,-0.13250821007760086,0.0
0,16,2,TGTGGGCG,5 7,-0.583727477833293,0.0,-0.583727477833293,0.0
0,16,2,TGTGGGCC,5 7,2.0396269354597907,0.0,2.0396269354597907,0.0
0,16,2,TGTGGGCG,5 7,-0.583727477833293,0.0,-0.583727477833293,0.0
0,16,2,TGTGGGCG,5 7,-0.583727477833293,0.0,-0.583727477833293,0.0
0,17,3,TTTAGGCC,4 2 3,-0.7038028775040686,0.0,-0.7038028775040686,0.0
0,17,3,TTTAGGCC,4 3 2,-0.7038028775040686,0.0,-0.7038028775040686,0.0
0,17,3,TTTGGGCC,3 2 4,0.7475989387749167,0.0,0.7475989387749167,0.0
0,17,3,TTTAGGCC,4 3 2,-0.7038028775040686,0.0,-0.7038028775040686,0.0
0,18,3,CATTCGCG,4 1 5,-0.23875100387900927,0.0,-0.23875100387900927,0.0
0,18,3,CGTTCGCG,5 4 1,-0.3764651396702908,0.0,-0.3764651396702908,0.0
0,18,3,CGTTCGCG,1 5 4,-0.3764651396702908,0.0,-0.3764651396702908,0.0
0,18,3,CGTTCGCG,1 5 4,-0.3764651396702908,0.0,-0.3764651396702908,0.0
0,19,2,TGTGGGCG,0 2,-0.011323931640774387,0.0,-0.011323931640774387,0.0
0,19,2,TGTGGGCG,2 0,-0.011323931640774387,0.0,-0.011323931640774387,0.0
0,19,2,TGTGGGCG,0 2,-0.011323931640774387,0.0,-0.011323931640774387,0.0
0,19,2,TGTGGGCG,0 2,-0.011323931640774387,0.0,-0.011323931640774387,0.0
0,20,3,CAATCTAT,1 2 4,3.129179583304243,0.0,3.129179583304243,0.0
0,20,3,CAATCTAT,1 4 2,3.129179583304243,0.0,3.129179583304243,0.0
0,20,3,CGATATAT,4 2 1,-1.2279968721808723,0.0,-1.2279968721808723,0.0
0,20,3,CGATCTAT,1 4 2,1.6980368429132084,0.0,1.6980368429132084,0.0
0,21,5,CGGTCGCG,7 4 1 0 5,0.15968148154782597,0.0,0.15968148154782597,0.0
0,21,5,CGGTCGCG,4 7 1 5 0,0.15968148154782597,0.0,0.15968148154782597,0.0
0,21,5,CGGTCGCG,4 0 1 7 5,0.15968148154782597,0.0,0.15968148154782597,0.0
0,21,5,CGGTCGCG,7 1 5 4 0,0.15968148154782597,0.0,0.15968148154782597,0.0
0,22,2,TCTGCGGC,1 3,0.24632867151217508,0.0,0.24632867151217508,0.0
0,22,2,TCTGCGGC,3 1,0.24632867151217508,0.0,0.24632867151217508,0.0
0,22,2,TCTGCGGC,3 1,0.24632867151217508,0.0,0.24632867151217508,0.0
0,22,2,TCTGCGGC,3 1,0.24632867151217508,0.0,0.24632867151217508,0.0
0,23,6,AGGTCGTG,0 5 7 3 4 6,-0.8334369739337109,0.0,-0.8334369739337109,0.0
0,23,6,CGGTCGCG,5 6 3 4 7 0,0.47110921411883755,0.0,0.47110921411883755,0.0
0,23,6,AGGTCGCG,4 3 0 5 6 7,2.633958294490999,0.0,2.633958294490999,0.0
0,23,6,CGGTCGCG,5 7 6 3 4 0,0.47110921411883755,0.0,0.47110921411883755,0.0
0,24,2,TTTGGGCG,2 5,-0.00022033340706317794,0.0,-0.00022033340706317794,0.0
0,24,2,TTTGGGCG,5 2,-0.00022033340706317794,0.0,-0.00022033340706317794,0.0
0,24,2,TTTGGGCG,2 5,-0.00022033340706317794,0.0,-0.00022033340706317794,0.0
0,24,2,TTTGGGCG,5 2,-0.00022033340706317794,0.0,-0.00022033340706317794,0.0
0,25,4,TTTGGGCC,1 7 0 2,-0.0067998839538198075,0.0,-0.0067998839538198075,0.0
0,25,4,TTTGGGCG,7 1 0 2,1.3280308456314411,0.0,1.3280308456314411,0.0
0,25,4,CGTGGGCG,2 0 7 1,0.5287089983094626,0.0,0.5287089983094626,0.0
0,25,4,TTTGGGCC,1 7 2 0,-0.0067998839538198075,0.0,-0.0067998839538198075,0.0
0,26,5,CTATCGCA,7 3 4 2 0,-1.6264457647925865,0.0,-1.6264457647925865,0.0
0,26,5,TTTAGGCC,3 4 7 0 2,5.881805721233409,0.0,5.881805721233409,0.0
0,26,5,TTTGGGCC,4 7 3 2 0,7.3332075375123935,0.0,7.3332075375123935,0.0
0,26,5,CTTTGGCC,0 4 3 7 2,7.645691043527183,0.0,7.645691043527183,0.0
0,27,2,ACTACGGC,2 7,0.011741926828712224,0.0,0.011741926828712224,0.0
0,27,2,ACTACGGC,7 2,0.011741926828712224,0.0,0.011741926828712224,0.0
0,27,2,ACTACGGC,7 2,0.011741926828712224,0.0,0.011741926828712224,0.0
0,27,2,ACTACGGC,7 2,0.011741926828712224,0.0,0.011741926828712224,0.0
0,28,2,TTTGGGCC,0 5,-0.0005665587691592311,0.0,-0.0005665587691592311,0.0
0,28,2,TTTGGGCC,0 5,-0.0005665587691592311,0.0,-0.0005665587691592311,0.0
0,28,2,TTTGGGCC,0 5,-0.0005665587691592311,0.0,-0.0005665587691592311,0.0
0,28,2,TTTGGGCC,0 5,-0.0005665587691592311,0.0,-0.0005665587691592311,0.0
0,29,4,CAATCGCT,5 7 4 1,7.4778214689100695,0.0,7.4778214689100695,0.0
0,29,4,CTATCGCA,7 4 1 5,-0.08522373113905413,0.0,-0.08522373113905413,0.0
0,29,4,CTATCGCA,1 7 4 5,-0.08522373113905413,0.0,-0.08522373113905413,0.0
0,29,4,CTATCGCA,5 1 4 7,-0.08522373113905413,0.0,-0.08522373113905413,0.0
0,30,5,TTTAGGCC,2 3 5 0 1,-0.5993888626205507,0.0,-0.5993888626205507,0.0
0,30,5,TTTAGGCC,0 2 1 3 5,-0.5993888626205507,0.0,-0.5993888626205507,0.0
0,30,5,TGTGGGCC,2 3 1 0 5,2.2980048332927594,0.0,2.2980048332927594,0.0
0,30,5,TTTAGGCC,1 2 0 5 3,-0.5993888626205507,0.0,-0.5993888626205507,0.0
0,31,4,CTATCGCA,4 3 6 7,-0.042296970127892006,0.0,-0.042296970127892006,0.0
0,31,4,CTATCGCA,3 6 7 4,-0.042296970127892006,0.0,-0.042296970127892006,0.0
0,31,4,CTATCGCA,4 7 3 6,-0.042296970127892006,0.0,-0.042296970127892006,0.0
0,31,4,CTATCGCA,7 6 4 3,-0.042296970127892006,0.0,-0.042296970127892006,0.0
250,0,5,CTATCGCA,2 4 1 3 5,-0.0031147656464427884,0.02076333649310058,0.017648570846657795,0.8695555606454763
250,0,5,CTATCGCA,1 3 5 2 4,-0.0031147656464427884,-0.00836352600564183,-0.011478291652084619,-0.7286385691483015
250,0,5,CTATCGCA,1 5 4 2 3,-0.0031147656464427884,-0.019546072269267967,-0.022660837915710753,-0.862548522785059
250,0,5,CTATCGCA,2 4 1 3 5,-0.0031147656464427884,0.02076333649310058,0.017648570846657795,0.8695555606454763
250,1,5,CTATCGCA,0 6 7 4 1,0.013025120052047534,0.019575332411437607,0.03260045246348514,0.6004619854084354
250,1,5,CTATCGCA,0 7 4 1 6,0.013025120052047534,0.03129063704178048,0.04431575709382801,0.7060837745709735
250,1,5,CGATCGCG,1 0 7 4 6,-0.7846477504862266,0.14354117975886016,-0.6411065707273664,0.1546465111590572
250,1,5,CTATCGCA,7 4 1 6 0,0.013025120052047534,0.018124997270166254,0.03115011732221379,0.5818596791364553
250,2,6,TTTAGGCC,0 7 1 6 4 2,-0.15600604418668748,0.06841372858070116,-0.08759231560598632,0.30484715200033674
250,2,6,TTTAGGCC,0 6 2 1 4 7,-0.15600604418668748,0.11889536609532314,-0.03711067809136434,0.43250184119955226
250,2,6,ACTACGGC,6 0 1 2 7 4,1.7774893577701047,-0.578443917334857,1.1990454404352477,-0.24552644314983246
250,2,6,TTTAGGCC,0 1 4 6 2 7,-0.15600604418668748,0.08495954546969386,-0.07104649871699362,0.35257957615793517
250,3,2,CTATCGCA,2 0,-0.001544736647848155,-0.0010323801792030407,-0.0025771168270511957,-0.40059502478369097
250,3,2,CTATCGCA,2 0,-0.001544736647848155,-0.0010323801792030407,-0.0025771168270511957,-0.40059502478369097
250,3,2,CTATCGCA,2 0,-0.001544736647848155,-0.0010323801792030407,-0.0025771168270511957,-0.40059502478369097
250,3,2,CTATCGCA,2 0,-0.001544736647848155,-0.0010323801792030407,-0.0025771168270511957,-0.40059502478369097
250,4,5,CTATCGCA,1 3 5 2 7,-0.13975391866718623,-0.08968021370453716,-0.2294341323717234,-0.3908756416383572
250,4,5,CTATCGCA,1 5 3 2 7,-0.13975391866718623,-0.0895952026590523,-0.22934912132623853,-0.3906498622752832
250,4,5,CTATCGCA,7 1 2 5 3,-0.13975391866718623,0.003201870521865935,-0.1365520481453203,0.022397627546455044
250,4,5,CTATCGCA,7 5 1 3 2,-0.13975391866718623,0.004411718361029493,-0.13534220030615673,0.030601733200582626
250,5,5,CTATCGCA,3 1 4 6 5,-0.0017516242909512737,0.0019326424859915647,0.000181018195040291,0.5245663799610214
250,5,5,CTATCGCA,1 3 5 6 4,-0.0017516242909512737,-0.002973375813160928,-0.0047250001041122015,-0.6292858725173736
250,5,5,CTATCGCA,1 3 6 4 5,-0.0017516242909512737,-0.002647049108707833,-0.004398673399659107,-0.6017835079351372
250,5,5,CTATCGCA,1 6 5 4 3,-0.0017516242909512737,-0.006923420889796361,-0.008675045180747635,-0.798084706827969
250,6,3,CGATCGCG,0 7 6,-0.056302190687233994,-0.01121442185793331,-0.0675166125451673,-0.1660987042326965
250,6,3,CGATCGCG,6 7 0,-0.056302190687233994,0.0065840720493879346,-0.04971811863784606,0.10469809721342668
250,6,3,CGATCGCG,0 6 7,-0.056302190687233994,0.0011743718936640946,-0.0551278187935699,0.020432187328724986
250,6,3,CGATCGCG,7 0 6,-0.056302190687233994,-0.00712775034442803,-0.06342994103166202,-0.11237201593597737
250,7,4,CTATCGCA,2 6 5 4,-0.0005686261913419588,0.0017157550244264463,0.0011471288330844875,0.7510808671438457
250,7,4,CTATCGCA,5 2 6 4,-0.0005686261913419588,-0.0009622476957047432,-0.001530873887046702,-0.628561048592364
250,7,4,CTATCGCA,2 6 5 4,-0.0005686261913419588,0.0017157550244264463,0.0011471288330844875,0.7510808671438457
250,7,4,CTATCGCA,2 6 5 4,-0.0005686261913419588,0.0017157550244264463,0.0011471288330844875,0.7510808671438457
250,8,3,CTATCGCA,4 0 7,-0.00848188386885923,-0.0032875983716624813,-0.011769482240521711,-0.2793324552836702
250,8,3,CTATCGCA,4 7 0,-0.00848188386885923,-0.0004445598143323348,-0.008926443683191565,-0.04980256752971377
250,8,3,CTATCGCA,7 4 0,-0.00848188386885923,0.0021329490290551423,-0.006348934839804088,0.20094042455197098
250,8,3,CTATCGCA,7 0 4,-0.00848188386885923,0.0038738802094482327,-0.004608003659410997,0.31352817882379724
250,9,4,CTATCGCA,2 1 4 7,-0.17666792517397256,0.11693062580536706,-0.0597372993686055,0.3982670398587744
250,9,4,CTATCGCA,1 2 4 7,-0.17666792517397256,-0.1417333742318756,-0.31840129940584816,-0.44514069036890475
250,9,4,CTATCGCA,2 7 1 4,-0.17666792517397256,0.1732045187710587,-0.003463406402913871,0.49505047273248814
250,9,4,CTATCGCA,1 4 7 2,-0.17666792517397256,-0.12500970461030603,-0.3016776297842786,-0.4143817514732433
250,10,6,CTATCGCA,7 4 0 5 3 6,-0.0020068718424482365,0.010122807718272675,0.008115935875824438,0.8345486513141687
250,10,6,CTATCGCA,7 4 3 0 5 6,-0.0020068718424482365,0.010013305458397959,0.008006433615949722,0.8330414109360137
250,10,6,CTATCGCA,6 4 3 5 0 7,-0.0020068718424482365,-0.01172765600496728,-0.013734527847415516,-0.8538812644494453
250,10,6,CTATCGCA,6 3 4 5 0 7,-0.0020068718424482365,-0.012941859415167123,-0.01494873125761536,-0.8657496875244264
250,11,5,CTATCGCA,6 2 5 7 1,-0.15572577974272067,0.16793646110096017,0.012210681358239495,0.5188633084390849
250,11,5,CTATCGCG,2 5 1 7 6,0.21778258864097566,-0.09085568034672775,0.1269269082942479,-0.29437593933093104
250,11,5,CTATCGCA,5 6 1 2 7,-0.15572577974272067,-0.16058085324033744,-0.3163066329830581,-0.5076746311827688
250,11,5,CTATCGCA,1 7 2 5 6,-0.15572577974272067,-0.16611118361828847,-0.32183696336100914,-0.5161345728705474
250,12,5,CTATCGCA,7 4 0 5 3,0.0004826621711302298,0.025057064590632727,0.025539726761762957,0.9811015139029267
250,12,5,CTATCGCA,5 3 7 4 0,0.0004826621711302298,-0.011031745112327407,-0.010549082941197177,-0.9580818917337018
250,12,5,CTATCGCA,5 7 0 3 4,0.0004826621711302298,0.009841036817610949,0.010323698988741178,0.9532471673518754
250,12,5,CTATCGCA,5 0 4 3 7,0.0004826621711302298,-0.025166002214668914,-0.024683340043538685,-0.981181781481087
250,13,3,TTTGGGCG,1 7 0,0.8341719761325712,-0.08856295582025431,0.7456090203123169,-0.09597876134679818
250,13,3,TGTGGGCG,0 1 7,-0.42877628627922504,-0.13642684121247384,-0.5652031274916989,-0.24137665659763627
250,13,3,TGTGGGCG,7 0 1,-0.42877628627922504,0.06817565839640749,-0.36060062788281755,0.1371876277512239
250,13,3,TTTGGGCG,1 7 0,0.8341719761325712,-0.08856295582025431,0.7456090203123169,-0.09597876134679818
250,14,3,CTATCGCA,2 3 5,-0.000260233288702727,-0.0005741504844489764,-0.0008343837731517034,-0.6881131955386042
250,14,3,CTATCGCA,5 2 3,-0.000260233288702727,-0.0012736254930085789,-0.0015338587817113059,-0.8303407772569597
250,14,3,CTATCGCA,2 3 5,-0.000260233288702727,-0.0005741504844489764,-0.0008343837731517034,-0.6881131955386042
250,14,3,CTATCGCA,2 5 3,-0.000260233288702727,-0.0007754331525073876,-0.0010356664412101146,-0.7487286655743525
250,15,3,CTATCGCG,0 7 1,0.20211832569386745,0.03893417486650241,0.24105250056036986,0.16151740710423218
250,15,3,CTATCGCA,0 1 7,0.012472588725827655,-0.026537523430890664,-0.01406493470506301,-0.6802729334455495
250,15,3,CTATCGCA,7 1 0,0.012472588725827655,0.023203052201422603,0.03567564092725026,0.6503892179186984
250,15,3,CTATCGCA,7 1 0,0.012472588725827655,0.023203052201422603,0.03567564092725026,0.6503892179186984
250,16,5,TTTGGGCC,6 4 3 5 7,0.9955502123412445,0.15864936274078723,1.1541995750820317,0.13745401243065924
250,16,5,TTTGCGCC,4 5 6 7 3,2.4220836188091064,-0.4098066313635007,2.0122769874456057,-0.14471133948023673
250,16,5,TTTAGGCC,7 6 5 4 3,0.16804832777084155,-0.07437589817117374,0.09367242959966782,-0.30680060081521504
250,16,5,TTTAGGCC,4 3 5 7 6,0.16804832777084155,-0.052525228532421586,0.11552309923841997,-0.23813021566468046
250,17,3,CTATCGCA,1 2 7,-0.15976651423761445,-0.15547525471040125,-0.3152417689480157,-0.4931937009148035
250,17,3,CTATCGCG,2 1 7,0.459666669911976,-0.2703973186849704,0.1892693512270056,-0.370374820438173
250,17,3,CTATCGCA,1 2 7,-0.15976651423761445,-0.15547525471040125,-0.3152417689480157,-0.4931937009148035
250,17,3,CTATCGCA,2 7 1,-0.15976651423761445,0.19130901895048602,0.031542504712871566,0.5449226757934903
250,18,4,CTATCGCA,5 1 7 3,0.020608908682264393,-0.022646839116542417,-0.0020379304342780236,-0.5235567587891087
250,18,4,CTATCGCA,5 1 7 3,0.020608908682264393,-0.022646839116542417,-0.0020379304342780236,-0.5235567587891087
250,18,4,CTATCGCA,7 3 1 5,0.020608908682264393,0.03186247558322908,0.05247138426549347,0.6072352774611791
250,18,4,CTATCGCA,5 3 1 7,0.020608908682264393,-0.03742374144077143,-0.016814832758507037,-0.6448739004927199
250,19,2,CTATCGCA,5 2,-0.00011151081492632997,-0.00026224426192789085,-0.0003737550768542208,-0.7016473572348997
250,19,2,CTATCGCA,5 2,-0.00011151081492632997,-0.00026224426192789085,-0.0003737550768542208,-0.7016473572348997
250,19,2,CTATCGCA,2 5,-0.00011151081492632997,0.0002623088304906096,0.00015079801556427963,0.701698890645631
250,19,2,CTATCGCA,5 2,-0.00011151081492632997,-0.00026224426192789085,-0.0003737550768542208,-0.7016473572348997
250,20,3,CTATCGCA,4 6 5,4.511579305352398e-05,0.0010182105604505942,0.0010633263535041182,0.9575710759873034
250,20,3,CTATCGCA,4 6 5,4.511579305352398e-05,0.0010182105604505942,0.0010633263535041182,0.9575710759873034
250,20,3,CTATCGCA,6 4 5,4.511579305352398e-05,-0.0005571861704631864,-0.0005120703774096624,-0.9250943948611712
250,20,3,CTATCGCA,5 4 6,4.511579305352398e-05,0.00032930095789174274,0.0003744167509452667,0.8795038070822875
250,21,2,CTATCGCA,4 0,-0.0007234178556950743,-0.0008701933459820399,-0.0015936112016771142,-0.5460512232006461
250,21,2,CTATCGCA,0 4,-0.0007234178556950743,0.0008707378344110506,0.00014731997871597624,0.5462062707018813
250,21,2,CTATCGCA,4 0,-0.0007234178556950743,-0.0008701933459820399,-0.0015936112016771142,-0.5460512232006461
250,21,2,CTATCGCA,4 0,-0.0007234178556950743,-0.0008701933459820399,-0.0015936112016771142,-0.5460512232006461
250,22,4,CTATCGCA,2 1 7 4,-0.17666792517397256,0.119669869545874,-0.056998055628098565,0.4038292505315029
250,22,4,CTATCGCA,7 2 1 4,-0.17666792517397256,-0.006047820464913922,-0.18271574563888648,-0.03309961297405994
250,22,4,CTATCGCA,7 1 4 2,-0.17666792517397256,-0.03420068423645217,-0.21086860941042473,-0.16218954699836605
250,22,4,CTATCGCA,1 4 2 7,-0.17666792517397256,-0.14971556207444747,-0.32638348724842003,-0.458710590222031
250,23,3,CTATCGCA,5 7 2,-0.0008320171217082728,0.0030108478003798567,0.002178830678671584,0.7834904066166934
250,23,3,CTATCGCA,2 7 5,-0.0008320171217082728,-0.006475378578687518,-0.007307395700395791,-0.8861404040753933
250,23,3,CTATCGCA,7 5 2,-0.0008320171217082728,0.02342684861103539,0.022594831489327116,0.9657025546505561
250,23,3,CTATCGCA,7 2 5,-0.0008320171217082728,0.02395140170345389,0.023119384581745617,0.9664284767336644
250,24,2,CTATCGCA,2 1,-0.00026116605897008593,0.00797587934041799,0.007714713281447905,0.9682937210726691
250,24,2,CTATCGCA,1 2,-0.00026116605897008593,-0.007923687680406188,-0.008184853739376274,-0.9680915423431882
250,24,2,CTATCGCA,2 1,-0.00026116605897008593,0.00797587934041799,0.007714713281447905,0.9682937210726691
250,24,2,CTATCGCA,1 2,-0.00026116605897008593,-0.007923687680406188,-0.008184853739376274,-0.9680915423431882
250,25,3,CTATCGCA,2 5 7,-0.0008320171217082728,-0.020177446338510485,-0.021009463460218758,-0.9603979833524217
250,25,3,CTATCGCA,2 5 7,-0.0008320171217082728,-0.020177446338510485,-0.021009463460218758,-0.9603979833524217
250,25,3,CTATCGCA,2 5 7,-0.0008320171217082728,-0.020177446338510485,-0.021009463460218758,-0.9603979833524217
250,25,3,CTATCGCA,2 5 7,-0.0008320171217082728,-0.020177446338510485,-0.021009463460218758,-0.9603979833524217
250,26,6,CGATCGCG,7 2 3 6 1 4,1.1127985420370898,-1.1407459003284863,-0.027947358291396496,-0.5062007559660239
250,26,6,CTATCGCA,2 3 1 7 6 4,-0.1773005779059874,0.16033793172911803,-0.016962646176869378,0.47488046284293617
250,26,6,CTATCGCA,3 2 1 7 6 4,-0.1773005779059874,0.10134073500168572,-0.07595984290430169,0.3636960145793766
250,26,6,CTATCGCA,7 4 3 2 1 6,-0.1773005779059874,-0.024316938243173603,-0.201617516149161,-0.12060925413436502
250,27,6,CTATCGCA,6 2 1 3 5 7,-0.1546208165373687,0.10006415052558104,-0.05455666601178766,0.3928938236109102
250,27,6,CTATCGCA,3 1 2 5 6 7,-0.1546208165373687,-0.20986914880595187,-0.36448996534332057,-0.5757885504701667
250,27,6,CTATCGCG,5 2 6 7 3 1,0.20004084097923247,-0.07848796255728097,0.1215528784219515,-0.28179477871124975
250,27,6,CGATCGCG,5 7 3 6 1 2,1.1000404161499047,0.5703137791372566,1.6703541952871612,0.3414328414574433
250,28,5,CTATCGCA,3 7 5 4 2,0.0023531146082426124,-0.007853423074409172,-0.005500308466166559,-0.7694502600776912
250,28,5,CTATCGCA,7 2 3 4 5,0.0023531146082426124,0.04132384490534857,0.043676959513591185,0.9461245783944648
250,28,5,CTATCGCA,3 5 2 7 4,0.0023531146082426124,-0.05135494754736758,-0.04900183293912497,-0.9561869389101239
250,28,5,CTATCGCA,3 5 7 2 4,0.0023531146082426124,-0.024915618738448053,-0.02256250413020544,-0.9137064938688035
250,29,4,CTATCGCA,0 1 6 7,0.020097446382651596,-0.02385425105118033,-0.003756804668528735,-0.5427378791704746
250,29,4,CTATCGCA,0 1 7 6,0.020097446382651596,-0.018604524556085966,0.0014929218265656297,-0.4807125865898559
250,29,4,CTATCGCG,6 0 1 7,0.18918023484616198,0.010699125282963795,0.19987936012912577,0.05352791441823689
250,29,4,CTATCGCA,1 6 0 7,0.020097446382651596,-0.0084024729318668,0.011694973450784796,-0.2948244463129558
250,30,2,CTATCGCA,4 7,-0.008844481578652696,-0.001365963315718921,-0.010210444894371618,-0.13378097916887946
250,30,2,CTATCGCA,4 7,-0.008844481578652696,-0.001365963315718921,-0.010210444894371618,-0.13378097916887946
250,30,2,CTATCGCA,7 4,-0.008844481578652696,0.0013732804247880148,-0.007471201153864682,0.134401292996018
250,30,2,CTATCGCA,4 7,-0.008844481578652696,-0.001365963315718921,-0.010210444894371618,-0.13378097916887946
250,31,3,CTATCGCA,7 5 3,-0.0004949878697206866,0.008784195511319481,0.008289207641598795,0.9466560957581592
250,31,3,CTATCGCA,5 7 3,-0.0004949878697206866,-0.003173540378289985,-0.003668528248010672,-0.8650718118392292
250,31,3,CTATCGCA,7 5 3,-0.0004949878697206866,0.008784195511319481,0.008289207641598795,0.9466560957581592
250,31,3,CTATCGCA,3 5 7,-0.0004949878697206866,-0.009440529790614605,-0.009935517660335291,-0.9501799617651746
500,0,1,CTATCGCA,3,-2.9798887979382016e-06,0.0,-2.9798887979382016e-06,0.0
500,0,1,CTATCGCA,3,-2.9798887979382016e-06,0.0,-2.9798887979382016e-06,0.0
500,0,1,CTATCGCA,3,-2.9798887979382016e-06,0.0,-2.9798887979382016e-06,0.0
500,0,1,CTATCGCA,3,-2.9798887979382016e-06,0.0,-2.9798887979382016e-06,0.0
500,1,7,CTATCGCA,2 3 7 5 4 0 1,-0.28157940229489375,0.4616537287524771,0.18007432645758337,0.6211425587310815
500,1,7,CTATCGCA,3 2 0 4 7 5 1,-0.28157940229489375,0.21757426979001693,-0.06400513250487683,0.43588634514343616
500,1,7,CTATCGCA,3 0 5 4 1 7 2,-0.28157940229489375,-0.16469394360956713,-0.4462733459044609,-0.3690427517596472
500,1,7,CTATCGCA,3 0 7 4 1 5 2,-0.28157940229489375,0.12498674791549647,-0.1565926543793973,0.30742044769545673
500,2,4,CTATCGCA,4 5 7 2,0.007401709378196654,-0.03243421026347537,-0.025032500885278718,-0.8141950921485998
500,2,4,CTATCGCA,4 7 2 5,0.007401709378196654,0.0017612178223904706,0.009162927200587125,0.19221126435203137
500,2,4,CTATCGCA,7 2 4 5,0.007401709378196654,0.04020853734142715,0.04761024671962381,0.8445353702578935
500,2,4,CTATCGCA,7 5 2 4,0.007401709378196654,0.0374737088960293,0.044875418274225955,0.8350609384192013
500,3,4,CTATCGCA,5 3 6 7,0.0021659365234418734,-0.006837871784425076,-0.004671935260983202,-0.7594421772007943
500,3,4,CTATCGCA,7 5 3 6,0.0021659365234418734,0.002400373085295726,0.0045663096087375996,0.5256702438009525
500,3,4,CTATCGCA,6 5 7 3,0.0021659365234418734,-0.004409100721401771,-0.0022431641979598974,-0.6705818624616202
500,3,4,CTATCGCA,3 7 5 6,0.0021659365234418734,0.011108676490978908,0.013274613014420782,0.8368361833908888
500,4,5,CTATCGCA,3 0 7 4 5,0.006917823611985147,0.016208693926897944,0.02312651753888309,0.7008705006988594
500,4,5,CTATCGCA,7 4 5 3 0,0.006917823611985147,0.0184499687473183,0.025367792359303448,0.7272989500228195
500,4,5,CTATCGCA,5 0 3 7 4,0.006917823611985147,-0.0046183573099378705,0.002299466302047276,-0.4003367614633436
500,4,5,CTATCGCA,0 7 4 5 3,0.006917823611985147,0.008237900559890043,0.01515572417187519,0.5435504411710854
500,5,5,CTATCGCA,3 6 7 0 1,0.00039683710393557947,0.0031696683712505447,0.003566505475186124,0.8887322319574261
500,5,5,CTATCGCA,0 6 1 3 7,0.00039683710393557947,-0.006765746799252348,-0.006368909695316768,-0.9445958177524517
500,5,5,CTATCGCA,0 3 1 6 7,0.00039683710393557947,-0.013430913133212208,-0.013034076029276628,-0.9713013977595943
500,5,5,CGATCGCG,0 7 6 3 1,-0.6279956760773242,0.21958598284151787,-0.40840969323580634,0.2590735423907323
500,6,3,CTATCGCA,2 6 4,-0.00012025600997558894,0.0002468762447582762,0.00012662023478268725,0.6724449883523235
500,6,3,CTATCGCA,2 6 4,-0.00012025600997558894,0.0002468762447582762,0.00012662023478268725,0.6724449883523235
500,6,3,CTATCGCA,4 2 6,-0.00012025600997558894,-0.0006290084186426625,-0.0007492644286182515,-0.8395012423085961
500,6,3,CTATCGCA,6 4 2,-0.00012025600997558894,-0.0024835277784100995,-0.0026037837883856885,-0.9538149017933067
500,7,5,CTATCGCA,1 3 5 2 7,-0.1372461468158342,0.04816298687187892,-0.08908315994395527,0.2597659884059457
500,7,5,CTTGCGCG,1 7 5 3 2,7.08087967760779,0.9410335380024808,8.02191321561027,0.11730786817429951
500,7,5,CTATCGCA,7 3 5 1 2,-0.1372461468158342,-0.07492503380030602,-0.2121711806161402,-0.3531348300119057
500,7,5,CTATCGCA,2 3 5 7 1,-0.1372461468158342,0.07435536881626259,-0.0628907779995716,0.35139336594139214
500,8,5,CGATCGCG,1 7 2 4 0,0.8123618406346416,0.8724265404890827,1.6847883811237243,0.5178255917857111
500,8,5,CTATCGCA,2 7 1 4 0,-0.12680078545940301,0.20016411756285546,0.07336333210345244,0.6121883899851756
500,8,5,CTATCGCA,4 1 2 0 7,-0.12680078545940301,-0.10960221265497072,-0.23640299811437374,-0.46362446131898993
500,8,5,CTATCGCA,2 7 1 0 4,-0.12680078545940301,0.20171443856077698,0.07491365310137396,0.6140185410353649
500,9,6,CTATCGCA,1 7 6 4 5 0,0.15438990785192808,-0.005418015256688946,0.14897189259523913,-0.03390329560197382
500,9,6,CTATCGCA,0 5 4 6 7 1,0.15438990785192808,0.004028322889771729,0.1584182307416998,0.025428404741749018
500,9,6,CTATCGCA,6 4 7 1 5 0,0.15438990785192808,-0.00955318910400571,0.14483671874792237,-0.05827137147819959
500,9,6,CTATCGCA,6 4 1 7 0 5,0.15438990785192808,-0.0352676243765675,0.11912228347536058,-0.18595425112922895
500,10,4,CTATCGCA,1 2 6 0,-0.00031630694279800864,-0.0034684208123794136,-0.003784727755177422,-0.9164254437151238
500,10,4,CTATCGCA,6 2 1 0,-0.00031630694279800864,0.0016148549778050025,0.001298548035006994,0.8362089996579671
500,10,4,CTATCGCA,1 6 0 2,-0.00031630694279800864,-0.0003972574001922524,-0.0007135643429902611,-0.5567226054591048
500,10,4,CTATCGCA,2 6 1 0,-0.00031630694279800864,0.0013431504860532684,0.0010268435432552597,0.8093913484620301
500,11,2,CTATCGCA,0 1,-0.000504666483227556,-0.00032776472373563514,-0.0008324312069631912,-0.3937439166070673
500,11,2,CTATCGCA,0 1,-0.000504666483227556,-0.00032776472373563514,-0.0008324312069631912,-0.3937439166070673
500,11,2,CTATCGCA,0 1,-0.000504666483227556,-0.00032776472373563514,-0.0008324312069631912,-0.3937439166070673
500,11,2,CTATCGCA,0 1,-0.000504666483227556,-0.00032776472373563514,-0.0008324312069631912,-0.3937439166070673
500,12,5,CTATCGCA,5 2 6 7 4,0.010581719116252344,-0.014785068857360528,-0.004203349741108184,-0.5828514383744723
500,12,5,CTATCGCA,5 7 6 2 4,0.010581719116252344,0.03524871725845813,0.04583043637471047,0.7691115347509236
500,12,5,CTATCGCA,2 6 5 7 4,0.010581719116252344,-0.014250665104679427,-0.003668945988427083,-0.5738742191604471
500,12,5,CTATCGCA,2 5 6 4 7,0.010581719116252344,-0.027216970224014148,-0.016635251107761803,-0.7200506340049265
500,13,2,CTATCGCA,3 2,-5.435791849739413e-05,0.0010807113589866857,0.0010263534404892916,0.9521104838482808
500,13,2,CTATCGCA,3 2,-5.435791849739413e-05,0.0010807113589866857,0.0010263534404892916,0.9521104838482808
500,13,2,CTATCGCA,2 3,-5.435791849739413e-05,-0.0010794631416725098,-0.001133821060169904,-0.9520577625456625
500,13,2,CTATCGCA,3 2,-5.435791849739413e-05,0.0010807113589866857,0.0010263534404892916,0.9521104838482808
500,14,5,TTTGCGCG,5 7 0 2 3,4.262474747883255,0.044594151148375616,4.307068899031631,0.010353712047281582
500,14,5,CTATCGCA,5 3 7 2 0,-0.10121811364805797,-0.01304478902876216,-0.11426290267682013,-0.11416469145421494
500,14,5,CTATCGCA,0 2 7 3 5,-0.10121811364805797,-0.11063238329797631,-0.21185049694603428,-0.5222191351581217
500,14,5,CTATCGCA,5 7 0 2 3,-0.10121811364805797,0.01911118784709398,-0.08210692580096399,0.15882405706364022
500,15,2,CTATCGCA,1 0,-0.000504666483227556,0.0003279604671460046,-0.00017670601608155145,0.3938864421802154
500,15,2,CTATCGCA,0 1,-0.000504666483227556,-0.00032776472373563514,-0.0008324312069631912,-0.3937439166070673
500,15,2,CTATCGCA,0 1,-0.000504666483227556,-0.00032776472373563514,-0.0008324312069631912,-0.3937439166070673
500,15,2,CTATCGCA,0 1,-0.000504666483227556,-0.00032776472373563514,-0.0008324312069631912,-0.3937439166070673
500,16,4,TTTGGGCC,7 2 5 3,0.3630617223607022,0.04598224173333332,0.40904396409403554,0.11241393534598744
500,16,4,TTTAGGCC,7 2 5 3,-0.1882204060237549,-0.11343000383488322,-0.3016504098586381,-0.3760313267535082
500,16,4,TTTAGGCC,3 7 5 2,-0.1882204060237549,0.09861345621618023,-0.08960694980757467,0.343799910673345
500,16,4,TTTAGGCC,2 7 5 3,-0.1882204060237549,-0.02023029817894928,-0.20845070420270417,-0.09705075478793627
500,17,3,CTATCGCA,4 5 3,1.6850770170523388e-05,-0.0015201297352569476,-0.0015032789650864242,-0.9890364450876123
500,17,3,CTATCGCA,5 4 3,1.6850770170523388e-05,-0.0020241832817924355,-0.002007332511621912,-0.9917440034112527
500,17,3,CTATCGCA,4 5 3,1.6850770170523388e-05,-0.0015201297352569476,-0.0015032789650864242,-0.9890364450876123
500,17,3,CTATCGCA,3 5 4,1.6850770170523388e-05,0.001639716468884611,0.0016565672390551345,0.989827898455764
500,18,5,TCTACGGC,0 1 7 5 6,-0.22439391327733027,-0.6011911759454449,-0.8255850892227752,-0.7282001380516939
500,18,5,TCTACGGC,5 6 7 1 0,-0.22439391327733027,0.7918714329604484,0.5674775196831181,0.779197515581892
500,18,5,TCTACGGC,1 6 7 5 0,-0.22439391327733027,0.6121062162452802,0.3877123029679499,0.7317467082696191
500,18,5,TTTACGCC,6 5 0 7 1,1.069413534453518,-0.12195391270406564,0.9474596217494524,-0.10236465080108458
500,19,2,TTTGGGCC,5 1,0.013052715975833906,-0.009731878769224989,0.0033208372066089176,-0.4271253835372894
500,19,2,TTTGGGCC,1 5,0.013052715975833906,0.009774128073450572,0.022826844049284478,0.42818569454225314
500,19,2,TTTGGGCC,5 1,0.013052715975833906,-0.009731878769224989,0.0033208372066089176,-0.4271253835372894
500,19,2,TTTGGGCC,1 5,0.013052715975833906,0.009774128073450572,0.022826844049284478,0.42818569454225314
500,20,2,CGATCGCG,5 0,-0.0002558843494430141,-0.0001527160259957583,-0.00040860037543877237,-0.3737540031179985
500,20,2,CGATCGCG,5 0,-0.0002558843494430141,-0.0001527160259957583,-0.00040860037543877237,-0.3737540031179985
500,20,2,CGATCGCG,0 5,-0.0002558843494430141,0.0001527311775770812,-0.00010315317186593287,0.3737772244997681
500,20,2,CGATCGCG,5 0,-0.0002558843494430141,-0.0001527160259957583,-0.00040860037543877237,-0.3737540031179985
500,21,3,CTATCGCA,3 5 1,-0.0002176653150214869,0.00041533928165038425,0.00019767396662889736,0.6561394401148125
500,21,3,CTATCGCA,3 5 1,-0.0002176653150214869,0.00041533928165038425,0.00019767396662889736,0.6561394401148125
500,21,3,CTATCGCA,3 5 1,-0.0002176653150214869,0.00041533928165038425,0.00019767396662889736,0.6561394401148125
500,21,3,CTATCGCA,3 1 5,-0.0002176653150214869,4.6737767063209645e-06,-0.00021299153831516593,0.021020939997554274
500,22,5,TTTGCGCG,0 7 6 2 1,-0.3522232408721391,-0.11478186824818515,-0.4670051091203242,-0.24578289617514978
500,22,5,TTTGCGCC,1 0 6 7 2,2.731219260774916,0.4633907124305221,3.1946099732054383,0.1450539240524441
500,22,5,TCTGCGCG,0 7 2 6 1,0.9731033785637049,-0.40236696159494034,0.5707364169687645,-0.29253045292749225
500,22,5,TGTGCGCG,7 1 6 2 0,3.5611363380501833,0.517597579597362,4.078733917647545,0.12690153122219164
500,23,6,CTATCGCG,7 2 3 1 6 0,0.7734590898492839,1.0081484493748842,1.7816075392241681,0.565864494384605
500,23,6,CTATCGCA,3 2 7 6 1 0,-0.22795150888932614,0.17667014993324237,-0.05128135895608377,0.4366304820343648
500,23,6,CTATCGCA,7 3 6 1 0 2,-0.22795150888932614,-0.35372886449792595,-0.5816803733872521,-0.6081155230287132
500,23,6,CTATCGCA,3 6 7 2 0 1,-0.22795150888932614,-0.14237902194096996,-0.3703305308302961,-0.38446471486363926
500,24,4,TGTGGGCG,0 2 4 5,-0.19364394448997854,0.06644609176412697,-0.12719785272585157,0.2554734226697164
500,24,4,TGTGCGCG,2 0 5 4,3.461183724197827,-0.06356879566868257,3.3976149285291446,-0.018034967082196755
500,24,4,TGTGGGCG,0 5 4 2,-0.19364394448997854,-0.018338880756979314,-0.21198282524695786,-0.08651116304169786
500,24,4,TGTGGGCG,5 4 0 2,-0.19364394448997854,-0.07871810878777641,-0.272362053277755,-0.28902010335301603
500,25,3,CTATCGCA,4 3 6,0.0002813537285927259,-0.000857101510249203,-0.0005757477816564771,-0.7528636006111866
500,25,3,CTATCGCA,4 6 3,0.0002813537285927259,-0.0011756399341751322,-0.0008942862055824063,-0.8068943360685339
500,25,3,CTATCGCA,4 3 6,0.0002813537285927259,-0.000857101510249203,-0.0005757477816564771,-0.7528636006111866
500,25,3,CTATCGCA,6 4 3,0.0002813537285927259,-0.0024233838573339828,-0.002142030128741257,-0.8959774397129445
500,26,3,CTATCGCA,0 5 2,-2.5109584156912668e-05,0.0014725678167477607,0.001447458232590848,0.9832343172556752
500,26,3,CTATCGCA,0 5 2,-2.5109584156912668e-05,0.0014725678167477607,0.001447458232590848,0.9832343172556752
500,26,3,CTATCGCA,5 2 0,-2.5109584156912668e-05,-0.0018855125960473007,-0.0019106221802042134,-0.9868579018829202
500,26,3,CTATCGCA,5 0 2,-2.5109584156912668e-05,0.0013859541061973513,0.0013608445220404386,0.9822052085043669
500,27,4,CTATCGCA,1 7 0 5,0.013694822148051566,-0.006707458919329223,0.006987363228722343,-0.32876024485581284
500,27,4,CTATCGCA,5 0 1 7,0.013694822148051566,-0.028881827495588208,-0.015187005347536642,-0.6783489949849227
500,27,4,CTATCGCA,1 5 7 0,0.013694822148051566,-0.018274593497899172,-0.004579771349847606,-0.5716273860080342
500,27,4,CTATCGCG,1 7 0 5,0.14944807001277383,-0.2667837016346355,-0.11733563162186167,-0.6409498741019425
500,28,5,CTATCGCA,5 0 6 2 4,0.00039682012551614,0.008734606416273216,0.009131426541789356,0.9565434684602543
500,28,5,CTATCGCA,2 6 4 5 0,0.00039682012551614,-0.004438779967311568,-0.004041959841795428,-0.9179377703080298
500,28,5,CTATCGCA,6 0 4 5 2,0.00039682012551614,0.003236553947080445,0.003633374072596585,0.8907846762850506
500,28,5,CTATCGCA,5 0 2 6 4,0.00039682012551614,0.006811625599529414,0.007208445725045554,0.9449506675014007
500,29,2,CTATCGCA,0 1,-0.000504666483227556,-0.00032776472373563514,-0.0008324312069631912,-0.3937439166070673
500,29,2,CTATCGCA,1 0,-0.000504666483227556,0.0003279604671460046,-0.00017670601608155145,0.3938864421802154
500,29,2,CTATCGCA,0 1,-0.000504666483227556,-0.00032776472373563514,-0.0008324312069631912,-0.3937439166070673
500,29,2,CTATCGCA,0 1,-0.000504666483227556,-0.00032776472373563514,-0.0008324312069631912,-0.3937439166070673
500,30,3,CTATCGCA,1 3 5,-0.0002176653150214869,-0.0002746314445774001,-0.000492296759598887,-0.5578575101756997
500,30,3,CTATCGCA,1 5 3,-0.0002176653150214869,-0.0004895030095128927,-0.0007071683245343796,-0.692201548811163
500,30,3,CTATCGCA,5 3 1,-0.0002176653150214869,0.0003315022383019173,0.00011383692328043038,0.6036449828395014
500,30,3,CTATCGCA,5 3 1,-0.0002176653150214869,0.0003315022383019173,0.00011383692328043038,0.6036449828395014
500,31,4,CTATCGCA,0 5 4 6,0.0004927813268719716,0.0014212971220044501,0.0019140784488764218,0.7425490438172804
500,31,4,CTATCGCA,6 4 5 0,0.0004927813268719716,-0.0009312620902792723,-0.0004384807634073007,-0.6539562481474295
500,31,4,CTATCGCA,4 0 5 6,0.0004927813268719716,-0.0005845794313077413,-9.179810443576963e-05,-0.5426032337537845
500,31,4,CTATCGCA,0 5 4 6,0.0004927813268719716,0.0014212971220044501,0.0019140784488764218,0.7425490438172804
1000,0,5,TTTGCGCG,5 7 3 2 1,-0.23377099572643,-0.24379904037348243,-0.47757003609991244,-0.5104990303924286
1000,0,5,TTTGCGCC,3 2 5 7 1,2.066278830690043,0.08684968836272944,2.1531285190527725,0.04033650922098105
1000,0,5,TTTGCGCG,2 5 7 1 3,-0.23377099572643,0.12505800392475575,-0.10871299180167426,0.34851699290281285
1000,0,5,TTTGCGCG,1 7 3 2 5,-0.23377099572643,0.1822604493762361,-0.05151054635019392,0.4380929651393509
1000,1,6,CTATCGCA,4 5 2 7 1 0,-0.1454675138029412,0.16317845538240938,0.017710941579468176,0.5286913540880106
1000,1,6,CTATCGCA,1 4 2 5 0 7,-0.1454675138029412,-0.26306664439154126,-0.40853415819448247,-0.6439281492499056
1000,1,6,CGGTCGCG,5 1 0 7 4 2,4.963064577997253,1.5815669713122587,6.5446315493095115,0.24165867236317087
1000,1,6,CTATCGCA,0 1 7 2 5 4,-0.1454675138029412,-0.3139663064253124,-0.45943382022825363,-0.6833765661163761
1000,2,4,CTATCGCA,7 5 4 3,-0.010321953338030987,0.00853041203899041,-0.0017915412990405777,0.4524849730203024
1000,2,4,CTATCGCA,3 5 4 7,-0.010321953338030987,-0.012229804335138095,-0.02255175767316908,-0.5422993858118866
1000,2,4,CTATCGCA,5 3 7 4,-0.010321953338030987,-0.002613587833738773,-0.01293554117176976,-0.2020470422561531
1000,2,4,CTATCGCA,5 7 4 3,-0.010321953338030987,0.004441592441108089,-0.005880360896922898,0.3008486245481806
1000,3,4,CTATCGCG,1 7 4 3,0.09233664815551457,-0.008611050286627453,0.08372559786888711,-0.08530209622919595
1000,3,4,CTATCGCA,3 7 1 4,-0.008793351516352355,0.07323810870072345,0.0644447571843711,0.8928051324079451
1000,3,4,CTATCGCA,4 7 3 1,-0.008793351516352355,0.02455011829921938,0.015756766782867027,0.7362796504086155
1000,3,4,CTATCGCA,4 7 3 1,-0.008793351516352355,0.02455011829921938,0.015756766782867027,0.7362796504086155
1000,4,6,CTATCGCA,7 3 5 2 6 4,-0.006078144830892349,0.025096822010106656,0.019018677179214308,0.8050312334928028
1000,4,6,CTATCGCA,5 2 4 7 6 3,-0.006078144830892349,0.01482195420165855,0.0087438093707662,0.709181051179426
1000,4,6,CTATCGCA,6 2 4 3 7 5,-0.006078144830892349,0.01749141476769811,0.011413269936805762,0.742118862871929
1000,4,6,CTATCGCG,2 7 3 5 6 4,0.06627748754948115,0.1796683822824523,0.24594586983193345,0.7305200221708471
1000,5,5,CTATCGCA,3 5 2 0 6,0.0010296483556369775,0.001202647942462498,0.0022322962980994756,0.5387492437658944
1000,5,5,CTATCGCA,3 0 5 2 6,0.0010296483556369775,0.00486657901841081,0.005896227374047788,0.8253716672852596
1000,5,5,CTATCGCA,5 2 6 3 0,0.0010296483556369775,-0.004586949644491689,-0.0035573012888547115,-0.8166775767798603
1000,5,5,CTATCGCA,3 0 2 6 5,0.0010296483556369775,0.005551904585884948,0.006581552941521926,0.8435554093713815
1000,6,7,TTTGCGCG,4 0 5 1 6 2 7,-0.42182951651760037,-0.2036758552371083,-0.6255053717547087,-0.325618075294451
1000,6,7,TTTGCGCG,0 6 5 4 1 7 2,-0.42182951651760037,-0.11756062342071516,-0.5393901399383155,-0.21795100561934513
1000,6,7,TTTGCGCG,0 6 5 2 1 4 7,-0.42182951651760037,-0.26414392010649124,-0.6859734366240916,-0.38506435672849554
1000,6,7,TTTGGGCC,4 5 6 1 7 0 2,0.4432320028355945,0.11660551796640028,0.5598375208019948,0.20828457120801255
1000,7,3,CGGTCGCG,1 5 2,4.471112888411464,0.8987843153512038,5.369897203762668,0.16737458488431192
1000,7,3,CGGTCGCG,1 2 5,4.471112888411464,-0.07208530211270059,4.399027586298764,-0.015866642635808906
1000,7,3,CTATCGCG,5 2 1,-0.3359361886640574,0.3171357309825189,-0.018800457681538485,0.4856061353153013
1000,7,3,CTATCGCG,2 5 1,-0.3359361886640574,0.3655610103874287,0.02962482172337133,0.5211154240982201
1000,8,2,CTATCGCA,2 7,-0.02760549480039709,-0.0030352098449473175,-0.030640704645344408,-0.09905809543477623
1000,8,2,CTATCGCA,2 7,-0.02760549480039709,-0.0030352098449473175,-0.030640704645344408,-0.09905809543477623
1000,8,2,CTATCGCA,2 7,-0.02760549480039709,-0.0030352098449473175,-0.030640704645344408,-0.09905809543477623
1000,8,2,CTATCGCA,2 7,-0.02760549480039709,-0.0030352098449473175,-0.030640704645344408,-0.09905809543477623
1000,9,6,CTATCGCA,5 3 7 1 4 2,-0.20183344849214185,0.06231365502288,-0.13951979346926185,0.2359051232955741
1000,9,6,CGATCGCG,1 2 3 7 5 4,1.1831650701969831,0.80685777797677,1.9900228481737532,0.4054515146482989
1000,9,6,CTATCGCA,5 7 3 2 1 4,-0.20183344849214185,0.15621968053972424,-0.045613767952417617,0.4363030731280691
1000,9,6,CTATCGCA,5 7 4 3 1 2,-0.20183344849214185,0.1229594892601007,-0.07887395923204116,0.3785780876611801
1000,10,4,CGATCGCG,7 2 4 0,-0.20180275428982924,0.3860300919130917,0.18422733762326243,0.6567004453844918
1000,10,4,CGATCGCG,2 4 0 7,-0.20180275428982924,-0.023524093665507895,-0.22532684795533714,-0.10439987013962354
1000,10,4,CGATCGCG,4 7 2 0,-0.20180275428982924,0.13362960192342355,-0.0681731523664057,0.39838017844190277
1000,10,4,CGGTCGCG,0 4 7 2,3.7865533634392428,1.0567420756242605,4.843295439063503,0.21818658161984675
1000,11,4,CGATCGCG,5 4 7 6,0.42118970082182106,0.01404536901944331,0.43523506984126437,0.03227076582906297
1000,11,4,CGATCGCG,6 5 4 7,0.42118970082182106,0.13516628569894484,0.5563559865207659,0.2429492788317463
1000,11,4,CGATCGCG,6 4 7 5,0.42118970082182106,0.10781028487807154,0.5289999856998926,0.20380016595923592
1000,11,4,CGATCGCG,7 4 6 5,0.42118970082182106,-0.15611370985308648,0.2650759909687346,-0.2704188247746168
1000,12,4,TTTAGGCC,0 5 6 2,0.0003162093496256596,-0.0006814611624093025,-0.00036525181278364294,-0.6830523245789002
1000,12,4,TTTAGGCC,5 2 6 0,0.0003162093496256596,0.00022856591674846882,0.0005447752663741284,0.41956001099267876
1000,12,4,TTTAGGCC,2 6 0 5,0.0003162093496256596,0.000798150179881052,0.0011143595295067116,0.7162411759823739
1000,12,4,TTTAGGCC,5 0 2 6,0.0003162093496256596,-0.00020619459616844082,0.00011001475345721878,-0.39470336667347855
1000,13,6,CTATCGCA,1 7 5 2 3 4,-0.20183344849214185,-0.26232352308158724,-0.4641569715737291,-0.5651612259365115
1000,13,6,CTATCGCA,5 3 2 4 7 1,-0.20183344849214185,0.13059244202020537,-0.07124100647193649,0.39284678404239637
1000,13,6,CGATCGCG,1 4 2 5 3 7,1.1831650701969831,0.7305526453896753,1.9137177155866585,0.38174524875823773
1000,13,6,CTATCGCA,4 2 3 1 5 7,-0.20183344849214185,0.00490144843832141,-0.19693200005382044,0.02370885859666956
1000,14,3,CAATATAT,1 2 6,0.33450927475584713,-0.04023546313659665,0.2942738116192505,-0.10736765341357431
1000,14,3,CAATATAT,6 1 2,0.33450927475584713,0.05228934432703625,0.3867986190828834,0.13518493021256536
1000,14,3,CAATATAT,1 6 2,0.33450927475584713,-0.05301984497022261,0.2814894297856245,-0.13681512503550808
1000,14,3,CGATATAT,6 1 2,-0.0954834995074264,-0.0017816362849649714,-0.09726513579239138,-0.018317316584719568
1000,15,4,CTATCGCA,2 7 3 6,-0.014346031385465058,0.0070086321157338816,-0.007337399269731176,0.32820147764634117
1000,15,4,CTATCGCA,3 7 2 6,-0.014346031385465058,0.024741423811796004,0.010395392426330946,0.6329760708885874
1000,15,4,CTATCGCA,3 6 2 7,-0.014346031385465058,-0.027697109003107734,-0.04204314038857279,-0.6587783107333184
1000,15,4,CTATCGCA,6 7 3 2,-0.014346031385465058,-0.0021745029786837122,-0.01652053436414877,-0.1316242520219324
1000,16,6,CTATCGCA,0 5 3 4 6 2,-0.0008856658212982975,-0.020365859311754164,-0.02125152513305246,-0.9583245994932936
1000,16,6,CTATCGCA,3 6 0 5 4 2,-0.0008856658212982975,0.029168271882623387,0.02828260606132509,0.9705307893420326
1000,16,6,CTATCGCA,3 2 0 4 5 6,-0.0008856658212982975,0.024550512919018885,0.023664847097720588,0.9651808618605715
1000,16,6,CTATCGCA,4 0 6 2 3 5,-0.0008856658212982975,0.00912419734807024,0.008238531526771942,0.9115206865156211
1000,17,6,CAATCTCT,6 1 2 5 3 7,0.5312448947475339,1.7544786610175338,2.2857235557650677,0.767581301156203
1000,17,6,CTATCGCA,6 7 2 5 3 1,-0.19922571704856645,0.04544062714717967,-0.15378508990138678,0.18572487890212128
1000,17,6,CTATCGCA,1 2 6 5 3 7,-0.19922571704856645,-0.20566869227831575,-0.4048944093268822,-0.5079563647723124
1000,17,6,CTATCGCA,3 6 2 7 1 5,-0.19922571704856645,0.21228025356573,0.01305453651716354,0.5158619041391741
1000,18,3,CGATCGCG,0 4 1,-0.1677909514454774,-0.12595223171985537,-0.29374318316533277,-0.42878350524636144
1000,18,3,CTATCGCG,1 4 0,0.07994658788885944,-0.011831676670780666,0.06811491121807878,-0.12891589013531748
1000,18,3,CGATCGCG,0 1 4,-0.1677909514454774,-0.16018976350489367,-0.32798071495037107,-0.48841214194295857
1000,18,3,CTATCGCG,4 1 0,0.07994658788885944,-0.03510163351130302,0.04484495437755642,-0.3051036607442369
1000,19,4,CTATCGCG,3 6 1 5,0.09347540260476456,-0.01658529835943856,0.076890104245326,-0.15069228356843625
1000,19,4,CGATCGCG,6 3 1 5,-0.16279737918156423,-0.06890465068637086,-0.2317020298679351,-0.2973847519835927
1000,19,4,CGATCGCG,1 5 3 6,-0.16279737918156423,0.21285693429671637,0.05005955511515214,0.5666298153901626
1000,19,4,CGATCGCG,1 5 6 3,-0.16279737918156423,0.21909213255275217,0.056294753371187944,0.5737055504817747
1000,20,8,CTATCGCA,5 2 0 3 4 1 6 7,-0.21945249970729402,0.4421139454195089,0.22266144571221486,0.6682835090506573
1000,20,8,TTTGGGCC,6 0 3 2 5 7 4 1,4.980854685061294,1.0838318116534325,6.064686496714726,0.17871192719368925
1000,20,8,CTATCGCA,2 6 3 7 1 4 0 5,-0.21945249970729402,0.4031935207287223,0.18374102102142825,0.6475485388092268
1000,20,8,CTATCGCA,1 2 0 4 7 6 5 3,-0.21945249970729402,0.19522864780047833,-0.024223851906815697,0.4707921953380318
1000,21,3,CTATCGCA,4 0 3,4.929465205605332e-05,-0.0007984169823942455,-0.0007491223303381922,-0.9418497398729008
1000,21,3,CTATCGCA,3 4 0,4.929465205605332e-05,-0.0003710250004644866,-0.0003217303484084333,-0.882721039188991
1000,21,3,CTATCGCA,4 0 3,4.929465205605332e-05,-0.0007984169823942455,-0.0007491223303381922,-0.9418497398729008
1000,21,3,CTATCGCA,0 3 4,4.929465205605332e-05,0.0023024904906321364,0.0023517851426881897,0.9790394746691411
1000,22,7,CTATCGCA,7 1 2 0 6 4 3,-0.3175969316170433,-0.23823614891766276,-0.555833080534706,-0.4286109576070605
1000,22,7,CTATCGCA,4 3 7 0 6 2 1,-0.3175969316170433,-0.15020424318326597,-0.46780117480030925,-0.321085647652304
1000,22,7,CTATCGCA,3 6 4 7 2 0 1,-0.3175969316170433,0.05067265794760267,-0.2669242736694406,0.13759663948224976
1000,22,7,CTATCGCA,6 2 0 4 7 1 3,-0.3175969316170433,0.4959729600863785,0.1783760284693352,0.6096255099213777
1000,23,6,CTATCGCA,0 5 7 6 4 1,0.09476780176543059,0.10100886568792511,0.1957766674533557,0.515939243434056
1000,23,6,CTATCGCA,6 0 4 7 1 5,0.09476780176543059,0.03482149147461122,0.12958929324004181,0.26870654669063143
1000,23,6,CTATCGCA,7 1 6 4 5 0,0.09476780176543059,0.021333224693501407,0.116101026458932,0.18374708083263616
1000,23,6,CTATCGCA,0 6 1 7 4 5,0.09476780176543059,-0.07767988066476583,0.01708792110066476,-0.4504547673246301
1000,24,1,CTATCGCA,4,-4.856496951788358e-05,0.0,-4.856496951788358e-05,0.0
1000,24,1,CTATCGCA,4,-4.856496951788358e-05,0.0,-4.856496951788358e-05,0.0
1000,24,1,CTATCGCA,4,-4.856496951788358e-05,0.0,-4.856496951788358e-05,0.0
1000,24,1,CTATCGCA,4,-4.856496951788358e-05,0.0,-4.856496951788358e-05,0.0
1000,25,5,CTATCGCA,0 1 3 2 4,-0.0023910490222022757,-0.023439933566265836,-0.02583098258846811,-0.9074348405441718
1000,25,5,CTATCGCA,3 4 1 0 2,-0.0023910490222022757,-0.0060187312341497545,-0.00840978025635203,-0.7156823425444105
1000,25,5,CTATCGCA,3 1 0 4 2,-0.0023910490222022757,-0.0006892596287855213,-0.003080308650987797,-0.2237631701500071
1000,25,5,CTATCGCA,4 3 2 0 1,-0.0023910490222022757,0.01348836369160722,0.011097314669404943,0.8494245936360793
1000,26,2,CTATCGCA,3 2,-1.7762372044427543e-05,0.001103718364561801,0.0010859559925173734,0.9841616788727203
1000,26,2,CTATCGCA,3 2,-1.7762372044427543e-05,0.001103718364561801,0.0010859559925173734,0.9841616788727203
1000,26,2,CTATCGCA,3 2,-1.7762372044427543e-05,0.001103718364561801,0.0010859559925173734,0.9841616788727203
1000,26,2,CTATCGCA,3 2,-1.7762372044427543e-05,0.001103718364561801,0.0010859559925173734,0.9841616788727203
1000,27,4,CTATCGCA,3 4 6 2,-5.882676045849966e-06,0.004377866140893083,0.004371983464847233,0.9986580718258493
1000,27,4,CTATCGCA,3 6 2 4,-5.882676045849966e-06,0.007536856697478278,0.007530974021432428,0.9992200875895966
1000,27,4,CTATCGCA,6 4 2 3,-5.882676045849966e-06,-0.007906127547577135,-0.007912010223622985,-0.9992564878103563
1000,27,4,CTATCGCA,2 6 3 4,-5.882676045849966e-06,0.0007657928579272166,0.0007599101818813667,0.9923767493112523
1000,28,5,CTATCGCA,6 7 3 1 4,-0.009488120572258701,0.04455827572475002,0.03507015515249132,0.8244448987844202
1000,28,5,CTATCGCA,3 4 7 6 1,-0.009488120572258701,0.06482220028102503,0.05533407970876633,0.8723175937970745
1000,28,5,CTATCGCG,6 4 3 7 1,0.04807563395733405,0.09575006082378401,0.14382569478111806,0.6657368210145049
1000,28,5,CTATCGCA,3 1 7 4 6,-0.009488120572258701,-0.02871954176315583,-0.03820766233541453,-0.7516696915669662
1000,29,4,TTTAGGCC,1 4 2 3,-0.2647534187452414,-0.09222112527957327,-0.35697454402481466,-0.2583409008379114
1000,29,4,TTTGGGCC,1 2 4 3,0.4776773847312086,-0.02596366788896054,0.45171371684224804,-0.05155192920411426
1000,29,4,TTTAGGCC,3 2 1 4,-0.2647534187452414,0.07775728178855568,-0.1869961369566857,0.22702146726327757
1000,29,4,TTTAGGCC,4 1 2 3,-0.2647534187452414,-0.010365149256793327,-0.2751185680020347,-0.037675207936952726
1000,30,3,CTATCGCG,2 0 1,-0.36292415865638383,0.3318962947820079,-0.03102786387437595,0.47767202755702476
1000,30,3,CGGTCGCG,0 1 2,4.5422119695352094,0.8255151521707622,5.367727121705972,0.15379230975295868
1000,30,3,CGATCGCG,1 2 0,-0.040063920674132,0.575580355657757,0.535516434983625,0.9349235878341312
1000,30,3,CTATCGCG,0 2 1,-0.36292415865638383,0.3625624982529081,-0.0003616604034757387,0.49975074634382904
1000,31,4,CTATCGCA,5 0 2 6,0.0005420291427042506,0.0021207878754432308,0.0026628170181474814,0.7964452160962454
1000,31,4,CTATCGCA,6 5 2 0,0.0005420291427042506,-0.0021861335769393087,-0.001644104434235058,-0.8013208160930122
1000,31,4,CTATCGCA,2 5 0 6,0.0005420291427042506,-0.0015374254762980932,-0.0009953963335938426,-0.7393407205182007
1000,31,4,CTATCGCA,5 2 0 6,0.0005420291427042506,-0.001953599857782873,-0.0014115707150786222,-0.782808605526522
2000,0,6,TTTAGGCA,6 7 0 4 2 5,2.8063193128956883,0.41560118419204173,3.22192049708773,0.12899175649048464
2000,0,6,TTTAGGCC,0 4 7 5 6 2,-0.16225308471258926,0.1605956436150402,-0.0016574410975490617,0.497433099541487
2000,0,6,TTTAGGCC,2 7 4 6 0 5,-0.16225308471258926,-0.412047514448175,-0.5743005991607643,-0.7174770756818074
2000,0,6,TTTAGGCC,0 4 6 2 5 7,-0.16225308471258926,0.15492674266037287,-0.007326342052216384,0.4884508070502202
2000,1,2,CTATCGCG,7 6,0.37573017584147594,-0.046900706140654336,0.3288294697008216,-0.11097321123504031
2000,1,2,CTATCGCA,6 7,-0.01683062625600029,-0.004594278652838013,-0.021424904908838305,-0.2144363614394741
2000,1,2,CTATCGCA,6 7,-0.01683062625600029,-0.004594278652838013,-0.021424904908838305,-0.2144363614394741
2000,1,2,CTATCGCA,6 7,-0.01683062625600029,-0.004594278652838013,-0.021424904908838305,-0.2144363614394741
2000,2,3,CTATCGCA,5 0 3,0.00012238867812350285,0.00017215261158654016,0.000294541289710043,0.5844770074715615
2000,2,3,CTATCGCA,0 5 3,0.00012238867812350285,0.0001254404982056201,0.00024782917632912294,0.5061571041136503
2000,2,3,CTATCGCA,3 0 5,0.00012238867812350285,-0.0001932228238423761,-7.083414571887325e-05,-0.6122173071603252
2000,2,3,CTATCGCA,0 5 3,0.00012238867812350285,0.0001254404982056201,0.00024782917632912294,0.5061571041136503
2000,3,4,CTATCGCA,6 4 1 2,-0.001735318666902276,-0.015332088291663215,-0.01706740695856549,-0.8983255821393897
2000,3,4,CTATCGCA,4 2 6 1,-0.001735318666902276,0.014241697737114034,0.012506379070211758,0.8913865628587544
2000,3,4,CTATCGCA,1 2 4 6,-0.001735318666902276,-0.01418038443696057,-0.015915703103862845,-0.8909681428726135
2000,3,4,CTATCGCA,4 6 2 1,-0.001735318666902276,0.014515228799817148,0.012779910132914872,0.8932147565824382
2000,4,2,CTATCGCA,6 4,-1.6013560701910734e-05,-0.0007006667195490479,-0.0007166802802509586,-0.9776559211364051
2000,4,2,CTATCGCA,4 6,-1.6013560701910734e-05,0.0007010634532527149,0.0006850498925508042,0.9776682833359877
2000,4,2,CTATCGCA,6 4,-1.6013560701910734e-05,-0.0007006667195490479,-0.0007166802802509586,-0.9776559211364051
2000,4,2,CTATCGCA,6 4,-1.6013560701910734e-05,-0.0007006667195490479,-0.0007166802802509586,-0.9776559211364051
2000,5,4,CTATCGCA,7 0 3 4,-0.01686400373835887,0.008847015809161363,-0.008016987929197507,0.3440943208342991
2000,5,4,CTATCGCA,7 4 0 3,-0.01686400373835887,0.005862686252195104,-0.011001317486163766,0.2579648094215148
2000,5,4,CTATCGCA,3 7 4 0,-0.01686400373835887,0.007520097210809595,-0.009343906527549274,0.308401660019622
2000,5,4,CTATCGCA,3 7 0 4,-0.01686400373835887,0.008885439755696112,-0.007978563982662758,0.345073079258881
2000,6,6,CTATCGCA,7 6 4 5 3 2,-0.02730023970971346,-0.02188400669764068,-0.04918424640735414,-0.44493935144177654
2000,6,6,CTATCGCA,5 4 7 3 6 2,-0.02730023970971346,-0.005229562919915942,-0.0325298026296294,-0.1607622087184954
2000,6,6,CTATCGCA,7 2 4 3 6 5,-0.02730023970971346,-0.010879252895287017,-0.038179492605000476,-0.28495016965893705
2000,6,6,CTATCGCA,5 4 3 6 7 2,-0.02730023970971346,-0.013139565026571098,-0.04043980473628456,-0.3249166288575484
2000,7,4,CTATCGCA,4 7 1 5,-0.03721879216242446,0.044022045583249625,0.006803253420825162,0.5418708965195735
2000,7,4,CTATCGCA,5 1 7 4,-0.03721879216242446,-0.03676678701184022,-0.07398557917426468,-0.49694531586000296
2000,7,4,CTATCGCA,7 1 4 5,-0.03721879216242446,0.019379470836855095,-0.01783932132556937,0.3424039857389577
2000,7,4,CTATCGCA,5 7 1 4,-0.03721879216242446,0.04472095110806373,0.00750215894563927,0.5457785114170677
2000,8,5,CTATCGCA,0 5 7 4 2,-0.021330357988348564,-0.004584039441502874,-0.025914397429851438,-0.17689160837760423
2000,8,5,CTATCGCA,5 0 2 7 4,-0.021330357988348564,-0.03513628325537521,-0.056466641243723775,-0.6222485078175353
2000,8,5,CTATCGCA,7 2 5 4 0,-0.021330357988348564,0.031133922748275644,0.00980356475992708,0.5934308506881275
2000,8,5,CTATCGCA,5 0 7 4 2,-0.021330357988348564,-0.0007510319447794345,-0.022081389933128,-0.0340119868837009
2000,9,2,CTATCGCA,2 7,-0.026561667961471747,-0.005937132860747485,-0.03249880082221923,-0.18268775187201072
2000,9,2,CTATCGCG,2 7,0.38621801155974866,0.03035111390950318,0.41656912546925184,0.07285972976349031
2000,9,2,CTATCGCA,2 7,-0.026561667961471747,-0.005937132860747485,-0.03249880082221923,-0.18268775187201072
2000,9,2,CTATCGCA,7 2,-0.026561667961471747,0.006303359961709387,-0.02025830799976236,0.19179536303583522
2000,10,5,CTATCGCA,7 5 1 6 2,-0.25412252329503815,0.06146373252988635,-0.1926587907651518,0.19476048590653497
2000,10,5,CTATCGCA,5 6 2 7 1,-0.25412252329503815,0.26003407326345407,0.005911549968415919,0.5057487835495886
2000,10,5,CTATCGCG,2 7 6 5 1,0.21521144994844654,0.046792391078573914,0.26200384102702046,0.1785942942483359
2000,10,5,CGATCGCG,6 1 5 2 7,1.2957109810223737,0.6288665201651469,1.9245775011875206,0.3267556228715746
2000,11,2,CTATCGCA,7 6,-0.01683062625600029,0.004629455754149192,-0.0122011705018511,0.2157240476508759
2000,11,2,CTATCGCA,6 7,-0.01683062625600029,-0.004594278652838013,-0.021424904908838305,-0.2144363614394741
2000,11,2,CTATCGCA,6 7,-0.01683062625600029,-0.004594278652838013,-0.021424904908838305,-0.2144363614394741
2000,11,2,CTATCGCA,6 7,-0.01683062625600029,-0.004594278652838013,-0.021424904908838305,-0.2144363614394741
2000,12,4,CTATCGCA,2 5 1 7,-0.22329854621814593,0.1537263171903942,-0.06957222902775173,0.4077352241457296
2000,12,4,CTATCGCA,5 7 1 2,-0.22329854621814593,0.06403568508723767,-0.15926286113090826,0.22286131658006136
2000,12,4,CTATCGCA,2 5 7 1,-0.22329854621814593,0.22122441735520626,-0.0020741288629396726,0.4976670171926929
2000,12,4,CTATCGCA,2 7 1 5,-0.22329854621814593,0.21942749046754217,-0.003871055750603758,0.4956281589178908
2000,13,4,CTATCGCA,5 4 1 7,-0.03721879216242446,-0.025710385834356142,-0.0629291779967806,-0.4085606494919012
2000,13,4,CTATCGCA,4 5 1 7,-0.03721879216242446,-0.021679127693898348,-0.05889791985632281,-0.3680796834044904
2000,13,4,CTATCGCA,1 4 7 5,-0.03721879216242446,-0.025070808546599377,-0.06228960070902384,-0.4024878673362148
2000,13,4,CTATCGCA,5 1 7 4,-0.03721879216242446,-0.03676678701184022,-0.07398557917426468,-0.49694531586000296
2000,14,5,CTATCGCA,1 4 6 2 7,-0.26729057936900125,-0.3555550465749606,-0.6228456259439619,-0.5708558136473938
2000,14,5,CTATCGCA,1 7 6 4 2,-0.26729057936900125,-0.3160916787015653,-0.5833822580705665,-0.5418260057256156
2000,14,5,CTATCGCA,2 6 4 7 1,-0.26729057936900125,0.21630132775352973,-0.05098925161547152,0.4472807021121716
2000,14,5,CGATCGCG,1 7 6 2 4,1.2909061980053276,1.192345313241761,2.4832515112470883,0.4801548726906706
2000,15,3,CTATCGCA,3 4 0,3.5225347773032434e-05,-0.0002956997423575469,-0.0002604743945845145,-0.8935549197580247
2000,15,3,CTATCGCA,0 3 4,3.5225347773032434e-05,0.002189489591680749,0.0022247149394537813,0.9841663544626167
2000,15,3,CTATCGCA,3 4 0,3.5225347773032434e-05,-0.0002956997423575469,-0.0002604743945845145,-0.8935549197580247
2000,15,3,CTATCGCA,0 4 3,3.5225347773032434e-05,-0.0008850416716563725,-0.00084981632388334,-0.961722688057567
2000,16,4,CTATCGCA,6 3 0 5,0.0008445551986459854,-5.414358730693181e-06,0.0008391408399152922,-0.006370061943634665
2000,16,4,CTATCGCA,0 3 6 5,0.0008445551986459854,0.0003442414855441278,0.0011887966841901132,0.28957137088470924
2000,16,4,CTATCGCA,0 6 5 3,0.0008445551986459854,-0.00028788291314763015,0.0005566722854983552,-0.2542151400147297
2000,16,4,CTATCGCA,3 5 6 0,0.0008445551986459854,-4.989444332759163e-05,0.0007946607553183938,-0.05578228330160768
2000,17,4,CTATCGCA,4 3 1 0,-0.0005526787999931906,-0.000679164954243916,-0.0012318437542371066,-0.5513401776059901
2000,17,4,CTATCGCA,1 0 4 3,-0.0005526787999931906,-0.00136496451647794,-0.0019176433164711307,-0.7117927013610453
2000,17,4,CTATCGCA,3 1 0 4,-0.0005526787999931906,0.00028511524454266635,-0.0002675635554505243,0.3403166284150682
2000,17,4,CTATCGCA,4 0 1 3,-0.0005526787999931906,-0.000783133738304187,-0.0013358125382973776,-0.5862602093122787
2000,18,6,TTTAGGCC,4 6 1 3 5 0,-0.10987963411728524,-0.024241486238218535,-0.13412112035550378,-0.18074324292821017
2000,18,6,TTTGGGCC,0 6 5 4 3 1,0.16719686695412062,0.1636662769060031,0.3308631438601237,0.49466457640623446
2000,18,6,TTTAGGCC,4 1 5 3 6 0,-0.10987963411728524,-0.005966647416685511,-0.11584628153397075,-0.05150486780998535
2000,18,6,TGTGGGCC,1 5 4 0 6 3,0.7938830851542038,0.2345981851282053,1.028481270282409,0.2281015628644237
2000,19,3,CTATCGCA,4 5 3,-7.149687088384149e-05,-0.0014814911804861275,-0.001552988051369969,-0.9539617379407584
2000,19,3,CTATCGCA,3 4 5,-7.149687088384149e-05,0.00201567883884346,0.0019441819679596184,0.9657446804547266
2000,19,3,CTATCGCA,5 4 3,-7.149687088384149e-05,-0.0019767237768788526,-0.002048220647762694,-0.9650931793105695
2000,19,3,CTATCGCA,3 5 4,-7.149687088384149e-05,0.0016101720702139666,0.001538675199330125,0.9574845743198612
2000,20,5,CAATATAT,1 3 6 2 5,0.2874047295841735,-0.1580346646126003,0.12937006497157322,-0.35478376333905515
2000,20,5,CGATATAT,6 2 1 5 3,-0.09294510075614054,-0.07953068790512052,-0.17247578866126106,-0.4611121857881002
2000,20,5,CGATATAT,3 2 5 1 6,-0.09294510075614054,0.014236051958774532,-0.07870904879736601,0.13282234421046188
2000,20,5,CGATATAT,2 5 3 6 1,-0.09294510075614054,-0.009573077864573953,-0.1025181786207145,-0.0933793205592481
2000,21,6,CTATCGCA,4 2 7 5 3 0,-0.4470891351358032,0.24933226963152144,-0.19775686550428173,0.3580192508798946
2000,21,6,TTTGCGCG,0 4 2 7 3 5,5.063852596330943,1.619677859346969,6.683530455677912,0.2423386666804206
2000,21,6,CTATCGCA,3 0 5 2 4 7,-0.4470891351358032,-0.002356838900931635,-0.4494459740367348,-0.005243875876256046
2000,21,6,CTATCGCA,4 5 3 7 0 2,-0.4470891351358032,0.2571062480270765,-0.18998288710872668,0.36510640963348673
2000,22,4,CTATCGCA,6 1 7 3,-0.019808505679583255,-0.022320919527326843,-0.0421294252069101,-0.5298178035352296
2000,22,4,CTATCGCA,6 3 1 7,-0.019808505679583255,-0.033390285656376584,-0.05319879133595984,-0.627651208192137
2000,22,4,CTATCGCA,3 1 7 6,-0.019808505679583255,-0.027143649059278907,-0.04695215473886216,-0.578112957972772
2000,22,4,CTATCGCA,1 6 3 7,-0.019808505679583255,-0.03763735996057971,-0.05744586564016296,-0.6551796119904886
2000,23,5,TTTGGGCC,6 7 5 1 0,0.10419096266732214,0.11218710808874288,0.21637807075606502,0.5184772546346327
2000,23,5,TTTGGGCC,6 7 0 1 5,0.10419096266732214,0.14373018690424555,0.2479211495715677,0.5797415313402086
2000,23,5,TTTGGGCC,7 5 1 0 6,0.10419096266732214,0.0061556535985500815,0.11034661626587222,0.05578470647181856
2000,23,5,TTTGGGCC,0 7 5 1 6,0.10419096266732214,0.08147966491575698,0.18567062758307912,0.4388398206889162
2000,24,7,CTATCGCA,2 6 5 4 1 0 7,-0.10787598925640435,0.1251030910356743,0.01722710177926995,0.5369713490105482
2000,24,7,CTATCGCA,0 5 4 6 7 1 2,-0.10787598925640435,0.05708791454566686,-0.050788074710737485,0.3460630673129723
2000,24,7,CTATCGCA,7 1 4 5 0 2 6,-0.10787598925640435,-0.11061706713512542,-0.21849305639152977,-0.5062726887618094
2000,24,7,CTATCGCG,0 4 5 1 7 2 6,0.38078360003038414,-0.48769917513880046,-0.10691557510841632,-0.561553077484806
2000,25,3,CTATCGCA,3 2 0,0.00017465992742701775,0.0010826300178552462,0.001257289945282264,0.8610822204676056
2000,25,3,CTATCGCA,3 0 2,0.00017465992742701775,0.004779898220668821,0.004954558148095839,0.9647476279001501
2000,25,3,CTATCGCA,0 2 3,0.00017465992742701775,-0.0008287430089592984,-0.0006540830815322807,-0.8259324134967724
2000,25,3,CTATCGCA,3 2 0,0.00017465992742701775,0.0010826300178552462,0.001257289945282264,0.8610822204676056
2000,26,4,CTATCGCA,5 6 0 3,0.0008445551986459854,0.00010811626761997317,0.0009526714662659586,0.11348746283305836
2000,26,4,CTATCGCA,3 6 5 0,0.0008445551986459854,9.043534534125541e-06,0.0008535987331801109,0.010594596948889026
2000,26,4,CTATCGCA,6 3 0 5,0.0008445551986459854,-5.414358730693181e-06,0.0008391408399152922,-0.006370061943634665
2000,26,4,CTATCGCA,0 5 6 3,0.0008445551986459854,-0.000271313940749085,0.0005732412578969004,-0.24314136055072588
2000,27,4,CGGTCGCG,6 3 1 2,4.160058815509659,1.1832194568259315,5.34327827233559,0.22144073292082853
2000,27,4,CTATCGCG,2 1 3 6,-0.41647513859097707,0.28291374077930564,-0.13356139781167142,0.4045156409035788
2000,27,4,CTATCGCG,6 2 1 3,-0.41647513859097707,0.2937530134804107,-0.12272212511056635,0.4136037308908088
2000,27,4,CTATCGCG,3 2 6 1,-0.41647513859097707,0.4089197645934761,-0.007555373997500947,0.49542317624669624
2000,28,4,TTTAGGCC,1 6 3 2,-0.13871466671571447,-0.03821182059175676,-0.17692648730747124,-0.21597569235266875
2000,28,4,TTTAGGCC,3 1 6 2,-0.13871466671571447,0.035601106592990206,-0.10311356012272427,0.2042334202880332
2000,28,4,TTTAGGCC,2 3 6 1,-0.13871466671571447,0.060121515794035574,-0.0785931509216789,0.30236707944786395
2000,28,4,TTTAGGCC,2 6 3 1,-0.13871466671571447,0.01615471433291127,-0.1225599523828032,0.10431186735252093
2000,29,2,CGATATAT,7 2,-0.002863418283143293,-0.021079819117339804,-0.023943237400483097,-0.8804080569703778
2000,29,2,CGATATAT,2 7,-0.002863418283143293,0.02162745624907081,0.018764037965927516,0.8830822362273388
2000,29,2,CGATATAT,7 2,-0.002863418283143293,-0.021079819117339804,-0.023943237400483097,-0.8804080569703778
2000,29,2,CGATATAT,7 2,-0.002863418283143293,-0.021079819117339804,-0.023943237400483097,-0.8804080569703778
2000,30,4,CTATCGCA,1 7 6 5,-0.04734246521492247,-0.014667988575160162,-0.06201045379008263,-0.23654057789698069
2000,30,4,CTATCGCA,6 1 5 7,-0.04734246521492247,-0.027326606864539027,-0.0746690720794615,-0.3659695520986057
2000,30,4,CTATCGCA,5 6 7 1,-0.04734246521492247,0.06605249270503544,0.018710027490112968,0.5824993801899014
2000,30,4,CTATCGCA,1 6 5 7,-0.04734246521492247,-0.0277135612079511,-0.07505602642287357,-0.36923832140819673
2000,31,7,CTATCGCA,3 6 0 5 4 1 2,-0.005160172649081508,0.0004907217602472258,-0.0046694508888342826,0.08683966195459637
2000,31,7,CTATCGCA,2 3 1 6 0 5 4,-0.005160172649081508,-0.005274851035306227,-0.010435023684387736,-0.5054948790579313
2000,31,7,CTATCGCA,2 0 5 4 3 1 6,-0.005160172649081508,0.0016750517510395468,-0.0034851208980419615,0.24506170580294054
2000,31,7,CTATCGCA,0 6 4 1 2 3 5,-0.005160172649081508,-0.03566586428074103,-0.04082603692982254,-0.8736058398724439
5000,0,2,TTTAGGCC,5 4,-0.0024092735702461177,-0.00250891229304695,-0.0049181858632930675,-0.5101296215281824
5000,0,2,TTTAGGCC,4 5,-0.0024092735702461177,0.0025086198008691385,9.934623062302084e-05,0.5101004864406496
5000,0,2,TTTAGGCC,5 4,-0.0024092735702461177,-0.00250891229304695,-0.0049181858632930675,-0.5101296215281824
5000,0,2,TTTAGGCC,4 5,-0.0024092735702461177,0.0025086198008691385,9.934623062302084e-05,0.5101004864406496
5000,1,3,CTATCGCA,6 7 2,-0.02329644500121275,0.007415334938206897,-0.015881110063005854,0.24144920785555168
5000,1,3,CTATCGCG,6 7 2,0.3444697899343434,-0.07041478143210078,0.2740550085022426,-0.16972137864800801
5000,1,3,CTATCGCA,6 2 7,-0.02329644500121275,-0.012412767125704605,-0.035709212126917356,-0.34760686070550256
5000,1,3,CTATCGCA,7 6 2,-0.02329644500121275,0.001584373025627528,-0.021712071975585223,0.06367849416841437
5000,2,6,CTATCGCA,7 2 0 4 3 6,-0.31769725044176256,-0.22346336736764272,-0.5411606178094053,-0.41293353583675907
5000,2,6,CTATCGCA,3 7 0 6 4 2,-0.31769725044176256,0.2992864170293359,-0.018410833412426664,0.48507996695610334
5000,2,6,CTATCGCA,2 7 0 6 3 4,-0.31769725044176256,0.24901527571925897,-0.06868197472250359,0.43940316161020515
5000,2,6,TTTGGGCC,0 7 4 6 2 3,4.74558932672825,1.721282950698483,6.466872277426733,0.2661693129005801
5000,3,6,CTATCGCA,5 6 1 3 7 4,0.15318182863699004,-0.10939362728662783,0.04378820135036221,-0.41661787047777227
5000,3,6,CGATCGCG,1 3 7 6 5 4,-0.06849992126050886,0.1859401618441172,0.11744024058360836,0.730781721084639
5000,3,6,CTATCGCA,7 6 4 1 3 5,0.15318182863699004,0.03500819342833328,0.18819002206532331,0.1860257682321832
5000,3,6,CTATCGCG,3 5 1 6 7 4,0.28795801035033763,-0.06278780153942076,0.22517020881091687,-0.17901226304351528
5000,4,5,CTATCGCA,0 3 2 5 7,-0.08532211963149053,-0.15818801773790092,-0.24351013736939145,-0.6496157385757556
5000,4,5,CTATCGCA,2 3 0 5 7,-0.08532211963149053,-0.04745141823755894,-0.13277353786904947,-0.35738611020788524
5000,4,5,CTATCGCA,5 2 0 3 7,-0.08532211963149053,-0.07159214491812982,-0.15691426454962035,-0.45625007467367973
5000,4,5,CTATCGCA,3 5 7 2 0,-0.08532211963149053,0.02849391982212346,-0.05682819980936707,0.2503506532024094
5000,5,6,CGATCGCG,3 1 5 4 2 7,0.9602015551868628,0.7692605241394634,1.7294620793263262,0.4447975664428051
5000,5,6,CTATCGCA,4 3 7 2 5 1,-0.1583392549593195,-0.12065704088054119,-0.2789962958398607,-0.4324682538071988
5000,5,6,CTATCGCA,5 3 7 1 2 4,-0.1583392549593195,-0.023777589752352668,-0.18211684471167217,-0.13056227604864012
5000,5,6,CTATCGCA,7 4 2 1 3 5,-0.1583392549593195,0.02014318692447503,-0.13819606803484447,0.11285808683405261
5000,6,6,TTTGCGCG,6 7 3 4 5 2,0.0009183132329063648,0.3848322182272801,0.38575053146018645,0.9976194116196542
5000,6,6,TTTAGGCC,3 2 5 7 6 4,-0.0836653220941933,0.8039546877484209,0.7202893656542276,0.9057419603361261
5000,6,6,TTTGGGCC,3 2 7 4 5 6,-0.5690850640697747,-0.2774911199425878,-0.8465761840123625,-0.3277804469143153
5000,6,6,TTTAGGCC,3 6 7 2 5 4,-0.0836653220941933,0.797246349217323,0.7135810271231297,0.9050241643754918
5000,7,3,CTATCGCA,0 4 3,-0.00012483348920022674,-0.0007707387123190301,-0.0008955722015192569,-0.8606103572794488
5000,7,3,CTATCGCA,3 0 4,-0.00012483348920022674,0.000968724935162868,0.0008438914459626412,0.885846529623754
5000,7,3,CTATCGCA,0 4 3,-0.00012483348920022674,-0.0007707387123190301,-0.0008955722015192569,-0.8606103572794488
5000,7,3,CTATCGCA,0 3 4,-0.00012483348920022674,0.0023089192230401068,0.00218408573383988,0.9487074062321992
5000,8,3,CGGTCGCG,6 7 2,4.022478722052817,1.0399811838771245,5.062459905929941,0.2054300089683548
5000,8,3,CGATCGCG,6 2 7,-0.2946777833205309,0.08624614574844292,-0.208431637572088,0.22641304251806754
5000,8,3,CGGTCGCG,7 6 2,4.022478722052817,1.0417433798330864,5.064222101885903,0.20570649526709026
5000,8,3,CGGTCGCG,7 6 2,4.022478722052817,1.0417433798330864,5.064222101885903,0.20570649526709026
5000,9,4,CTATCGCG,2 3 5 0,-0.06101050373206908,0.10734879999286129,0.04633829626079221,0.6376172722135418
5000,9,4,CTATCGCG,3 2 0 5,-0.06101050373206908,0.005845748563798381,-0.0551647551682707,0.08743757484234156
5000,9,4,TTTGCGCG,0 3 2 5,1.6318182718866123,0.8561727683710845,2.487991040257697,0.34412212685557153
5000,9,4,CTATCGCG,0 5 2 3,-0.06101050373206908,-0.07683884887869574,-0.1378493526107648,-0.5574117500258418
5000,10,3,CTATCGCA,4 6 0,-7.007870677380734e-05,-0.000710521345975712,-0.0007806000527495194,-0.9102245682318775
5000,10,3,CTATCGCA,4 0 6,-7.007870677380734e-05,-0.0004907112321992368,-0.0005607899389730442,-0.8750357274559167
5000,10,3,CTATCGCA,4 0 6,-7.007870677380734e-05,-0.0004907112321992368,-0.0005607899389730442,-0.8750357274559167
5000,10,3,CTATCGCA,0 4 6,-7.007870677380734e-05,0.0017711903461228307,0.0017011116393490233,0.9619399964043488
5000,11,4,CTATCGCA,0 2 6 7,-0.016881482544642334,0.009288472481161492,-0.007593010063480843,0.35492886678647206
5000,11,4,CTATCGCA,0 6 7 2,-0.016881482544642334,0.022618738055202314,0.00573725551055998,0.5726230818896052
5000,11,4,CTATCGCG,0 2 7 6,0.2847694906054703,-0.07530027688127072,0.20946921372419958,-0.20912690728483205
5000,11,4,CTATCGCA,2 7 0 6,-0.016881482544642334,-0.0059249695102021604,-0.022806452054844495,-0.2597935661344392
5000,12,3,CTATCGCA,3 1 0,-0.0004970952385638383,-0.00025197918292452215,-0.0007490744214883605,-0.33638738114145783
5000,12,3,CTATCGCA,3 0 1,-0.0004970952385638383,-0.0006223749311020654,-0.0011194701696659037,-0.555954904352483
5000,12,3,CTATCGCA,0 1 3,-0.0004970952385638383,-0.0001233337449280114,-0.0006204289834918497,-0.19878785196957452
5000,12,3,CTATCGCA,0 3 1,-0.0004970952385638383,0.0003299020257641061,-0.0001671932127997322,0.39891549826612727
5000,13,4,CTATCGCA,3 5 0 4,-7.378290857862346e-05,0.0008008454859269598,0.0007270625773483363,0.9156408492542344
5000,13,4,CTATCGCA,4 3 5 0,-7.378290857862346e-05,-0.0009834326794613268,-0.0010572155880399503,-0.930210158255976
5000,13,4,CTATCGCA,3 5 0 4,-7.378290857862346e-05,0.0008008454859269598,0.0007270625773483363,0.9156408492542344
5000,13,4,CTATCGCA,3 4 5 0,-7.378290857862346e-05,-0.00018138105643528135,-0.0002551639650139048,-0.7108411896068366
5000,14,3,CTATCGCA,6 0 5,0.00019930284781366492,0.00010562110522571722,0.00030492395303938213,0.3463850713363795
5000,14,3,CTATCGCA,6 5 0,0.00019930284781366492,4.4361524621061577e-05,0.0002436643724347265,0.18205995475577894
5000,14,3,CTATCGCA,0 6 5,0.00019930284781366492,-5.524729082551083e-05,0.0001440555569881541,-0.2170389343367192
5000,14,3,CTATCGCA,5 0 6,0.00019930284781366492,8.497358529369059e-05,0.0002842764331073555,0.29891181750405865
5000,15,3,TGTGGGCG,5 7 3,-0.11385562260176357,-0.02486955048786399,-0.13872517308962756,-0.17927208115138749
5000,15,3,TGTGGGCG,7 3 5,-0.11385562260176357,0.07026284686892836,-0.04359277573283521,0.38161759149379
5000,15,3,TGTGGGCC,5 3 7,0.8001743618539632,0.10905262690473783,0.909226988758701,0.1199399360698907
5000,15,3,TGTGGGCG,7 5 3,-0.11385562260176357,0.07038544523405221,-0.04347017736771136,0.38202907777746575
5000,16,3,CTATCGCA,1 6 2,-0.0013425993949396364,-0.009028875028288752,-0.010371474423228388,-0.8705488400055545
5000,16,3,CTATCGCA,1 6 2,-0.0013425993949396364,-0.009028875028288752,-0.010371474423228388,-0.8705488400055545
5000,16,3,CTATCGCA,1 2 6,-0.0013425993949396364,-0.008687585100087603,-0.010030184495027239,-0.8661440977875063
5000,16,3,CTATCGCA,6 1 2,-0.0013425993949396364,-0.008064612862053622,-0.009407212256993258,-0.8572797808467054
5000,17,3,CTATCGCA,5 2 3,-1.1058332746421984e-05,-0.0013832119295051903,-0.0013942702622516123,-0.992068730829442
5000,17,3,CTATCGCA,5 2 3,-1.1058332746421984e-05,-0.0013832119295051903,-0.0013942702622516123,-0.992068730829442
5000,17,3,CTATCGCA,2 3 5,-1.1058332746421984e-05,-0.0006681212294501471,-0.000679179562196569,-0.9837181014242277
5000,17,3,CTATCGCA,5 3 2,-1.1058332746421984e-05,0.0008015183082812349,0.000790459975534813,0.9863910280112943
5000,18,5,CTATCGCA,7 4 2 5 6,-0.008433972672828444,0.03646286431663803,0.02802889164380959,0.8121477315917113
5000,18,5,CTATCGCA,2 6 5 7 4,-0.008433972672828444,-0.00935156758517941,-0.017785540258007854,-0.5257960933162495
5000,18,5,CTATCGCA,5 7 6 2 4,-0.008433972672828444,0.02943915264601138,0.021005179973182936,0.7773098311315491
5000,18,5,CTATCGCA,7 5 4 6 2,-0.008433972672828444,0.03508514856563316,0.026651175892804718,0.8062007588201341
5000,19,6,CTATCGCA,1 5 7 0 6 2,-0.14258882341510154,-0.08065417751595927,-0.2232430009310608,-0.361284238160129
5000,19,6,CTATCGCA,0 7 5 2 1 6,-0.14258882341510154,0.08962174066118056,-0.05296708275392098,0.3859503163333235
5000,19,6,CGATCGCG,6 0 7 1 2 5,0.9444220568008461,1.0267655521195822,1.9711876089204283,0.5208867727622927
5000,19,6,CGATCGCG,0 6 1 5 2 7,0.9444220568008461,1.02760804255679,1.972030099357636,0.521091459451618
5000,20,4,TTTGGGCC,2 3 7 6,0.0832690408448733,0.046614870692060606,0.1298839115369339,0.3588964186592514
5000,20,4,TTTAGGCC,2 6 7 3,-0.07544922120634373,-0.13495649272559973,-0.21040571393194346,-0.6414107782702704
5000,20,4,TTTAGGCC,7 3 2 6,-0.07544922120634373,-0.042033665485327276,-0.117482886691671,-0.3577854330021946
5000,20,4,TTTGGGCC,2 6 7 3,0.0832690408448733,0.23793577911528274,0.32120481996015604,0.740760300996721
5000,21,3,CTATCGCA,4 3 7,-0.012632254333950266,-0.0067027625927453816,-0.019335016926695647,-0.3466644284904116
5000,21,3,CTATCGCA,7 3 4,-0.012632254333950266,0.004528930245491614,-0.008103324088458652,0.2639054562070857
5000,21,3,CTATCGCA,4 7 3,-0.012632254333950266,0.0005389943683480336,-0.012093259965602232,0.040922040159638205
5000,21,3,CTATCGCA,3 4 7,-0.012632254333950266,-0.006548401314553809,-0.019180655648504075,-0.34140654180737184
5000,22,5,CTATCGCA,3 2 6 1 5,-0.0013029565784459726,0.01034884575903483,0.009045889180588858,0.8881755336464384
5000,22,5,CTATCGCA,3 6 1 2 5,-0.0013029565784459726,-0.008545745905740532,-0.009848702484186504,-0.8677027171307027
5000,22,5,CTATCGCA,2 6 1 3 5,-0.0013029565784459726,0.004076647304367853,0.0027736907259218804,0.7577969295084129
5000,22,5,CTATCGCA,3 1 5 2 6,-0.0013029565784459726,-0.006827698450370789,-0.008130655028816762,-0.8397476496262578
5000,23,5,CTATCGCA,1 7 3 4 6,-0.00020251033531876184,0.0003884214083882398,0.00018591107306947796,0.657303339217513
5000,23,5,CTATCGCA,7 1 3 6 4,-0.00020251033531876184,0.028754671681781474,0.028552161346462712,0.9930065592985128
5000,23,5,CTATCGCA,4 6 1 7 3,-0.00020251033531876184,-0.035911127832605416,-0.03611363816792418,-0.9943924139025508
5000,23,5,CTATCGCA,7 4 3 6 1,-0.00020251033531876184,0.033658284177363385,0.03345577384204462,0.9940193271234993
5000,24,3,CTATCGCA,5 0 1,-0.0002499860930250952,-0.0003822830634829799,-0.0006322691565080751,-0.6046207687787116
5000,24,3,CTATCGCA,1 0 5,-0.0002499860930250952,0.000535842238922335,0.00028585614589723973,0.6818820563448219
5000,24,3,CTATCGCA,5 1 0,-0.0002499860930250952,-1.188731530543663e-05,-0.00026187340833053185,-0.04539336537153355
5000,24,3,CTATCGCA,5 1 0,-0.0002499860930250952,-1.188731530543663e-05,-0.00026187340833053185,-0.04539336537153355
5000,25,3,CTATCGCA,0 3 6,0.0003935714208755381,0.0006281842905000445,0.0010217557113755826,0.6148086900873051
5000,25,3,CTATCGCA,6 0 3,0.0003935714208755381,0.00015609101471092401,0.0005496624355864621,0.2839761362705872
5000,25,3,CTATCGCA,0 3 6,0.0003935714208755381,0.0006281842905000445,0.0010217557113755826,0.6148086900873051
5000,25,3,CTATCGCA,0 6 3,0.0003935714208755381,5.365164330761729e-05,0.0004472230641831554,0.11996618154211483
5000,26,5,CTATCGCA,4 7 0 3 2,-0.3258284574967984,0.3204511636391265,-0.005377293857671883,0.49583980858918264
5000,26,5,CTATCGCA,7 3 0 4 2,-0.3258284574967984,0.021513777346235052,-0.30431468015056334,0.06193827063949563
5000,26,5,TTTAGGCC,0 2 3 4 7,4.956406357167488,1.6414137186720805,6.597820075839568,0.24878121861533362
5000,26,5,CTATCGCA,7 2 3 4 0,-0.3258284574967984,-0.037647737364687295,-0.3634761948614857,-0.10357689966198248
5000,27,3,CTATCGCA,2 7 0,-0.018284972041557268,-0.012407308224447133,-0.0306922802660044,-0.4042484988705711
5000,27,3,CTATCGCA,7 0 2,-0.018284972041557268,0.012956328502532033,-0.005328643539025235,0.41471796234114544
5000,27,3,CTATCGCA,2 7 0,-0.018284972041557268,-0.012407308224447133,-0.0306922802660044,-0.4042484988705711
5000,27,3,CTATCGCG,0 7 2,0.2781318558699044,0.00587210798350668,0.2840039638534111,0.02067614797988374
5000,28,2,CTATCGCA,4 1,-0.00019638803115940018,0.0009472213891724701,0.0007508333580130699,0.8282735104591835
5000,28,2,CTATCGCA,1 4,-0.00019638803115940018,-0.0009463889405439962,-0.0011427769717033964,-0.8281484173883301
5000,28,2,CTATCGCA,1 4,-0.00019638803115940018,-0.0009463889405439962,-0.0011427769717033964,-0.8281484173883301
5000,28,2,CTATCGCA,4 1,-0.00019638803115940018,0.0009472213891724701,0.0007508333580130699,0.8282735104591835
5000,29,5,CTATCGCG,3 2 5 6 0,-0.04290461431401495,-0.0005282388391698589,-0.043432853153184806,-0.012162195223666182
5000,29,5,CTATCGCG,2 6 5 0 3,-0.04290461431401495,0.06409617330526984,0.021191558991254897,0.5990252476769411
5000,29,5,CTATCGCG,3 0 5 6 2,-0.04290461431401495,-0.007117270824810618,-0.050021885138825564,-0.1422831387713214
5000,29,5,CTATCGCG,6 5 2 0 3,-0.04290461431401495,0.0013396114792065816,-0.041565002834808365,0.030277656692815673
5000,30,5,CGATATAT,2 3 7 0 6,-0.03744431444321062,0.08899470064407833,0.05155038620086771,0.7038547443812306
5000,30,5,CGATATAT,3 2 6 0 7,-0.03744431444321062,0.07734971243495092,0.0399053979917403,0.6738130418322834
5000,30,5,CGATATAT,3 0 6 7 2,-0.03744431444321062,-0.0021748429909544953,-0.039619157434165116,-0.05489372141667619
5000,30,5,CGATATAT,2 0 7 3 6,-0.03744431444321062,0.030117836940333653,-0.007326477502876967,0.4457797202069158
5000,31,7,CGATCGCG,0 5 6 1 7 4 3,0.012113080186713088,0.13000307882971462,0.1421161590164277,0.9147663413467789
5000,31,7,CTATCGCA,6 5 4 3 0 7 1,0.12028791822334706,0.022988569945560755,0.1432764881689078,0.16044900485318753
5000,31,7,CTATCGCA,4 6 7 3 1 5 0,0.12028791822334706,0.03955701644795795,0.159844934671305,0.2474711915601235
5000,31,7,CTATCGCA,1 5 4 7 0 6 3,0.12028791822334706,0.018029080183247004,0.13831699840659406,0.1303460918827132
10000,0,6,CTATCGCA,0 1 6 4 5 7,0.07066536969584725,-0.02046098445632527,0.050204385239521976,-0.22453421566890885
10000,0,6,CTATCGCA,5 1 4 0 6 7,0.07066536969584725,-0.05643085767994638,0.014234512015900869,-0.4440010442882275
10000,0,6,CTATCGCA,1 7 0 6 5 4,0.07066536969584725,0.03117493831589524,0.10184030801174249,0.30611590758642127
10000,0,6,CTATCGCA,7 0 5 4 1 6,0.07066536969584725,0.015193839232348516,0.08585920892819576,0.17696225509199784
10000,1,4,CTATCGCA,5 3 0 1,-0.0001514217960935857,-0.0011915524387240417,-0.0013429742348176274,-0.8872489194745062
10000,1,4,CTATCGCA,5 3 1 0,-0.0001514217960935857,-0.000657475467489288,-0.0008088972635828737,-0.8128046627047687
10000,1,4,CTATCGCA,0 1 5 3,-0.0001514217960935857,-0.0005727428751760577,-0.0007241646712696434,-0.7909014315375188
10000,1,4,CTATCGCA,3 1 0 5,-0.0001514217960935857,-0.00019036217348178397,-0.00034178396957536966,-0.5569663601200746
10000,2,5,CTATCGCA,7 5 0 3 2,-0.09044083502245048,0.16139774286760122,0.07095690784515074,0.6408777567750745
10000,2,5,CTATCGCA,2 3 5 0 7,-0.09044083502245048,-0.03847440341271202,-0.1289152384351625,-0.2984472889297924
10000,2,5,CTATCGCA,5 2 3 7 0,-0.09044083502245048,-0.057602537473959714,-0.1480433724964102,-0.38909230790021676
10000,2,5,CTATCGCA,2 5 7 3 0,-0.09044083502245048,-0.04146465216674322,-0.1319054871891937,-0.31435123019006744
10000,3,5,TCTGCGGC,6 0 3 2 5,-0.03712244866062875,0.018086506897629917,-0.01903594176299883,0.32760096101699154
10000,3,5,TCTACGGC,5 3 0 6 2,-0.5662967868134992,0.5409128602222211,-0.025383926591278083,0.488536982738889
10000,3,5,TCTGCGGC,5 2 0 6 3,-0.03712244866062875,0.25101091986202384,0.2138884712013951,0.8711622716557723
10000,3,5,TCTGCGGC,3 5 2 6 0,-0.03712244866062875,-0.11703064823355369,-0.15415309689418244,-0.7591845418057916
10000,4,1,CTATCGCG,5,-2.5027479267691888e-05,0.0,-2.5027479267691888e-05,0.0
10000,4,1,CTATCGCG,5,-2.5027479267691888e-05,0.0,-2.5027479267691888e-05,0.0
10000,4,1,CTATCGCG,5,-2.5027479267691888e-05,0.0,-2.5027479267691888e-05,0.0
10000,4,1,CTATCGCG,5,-2.5027479267691888e-05,0.0,-2.5027479267691888e-05,0.0
10000,5,7,CTATCGCA,4 6 7 2 1 3 0,-0.33986571196829435,0.030082448436855813,-0.30978326353143854,0.08131530753906413
10000,5,7,CTATCGCA,7 6 3 2 0 1 4,-0.33986571196829435,-0.12930678558105235,-0.4691724975493467,-0.27560606441440466
10000,5,7,CTATCGCA,1 4 2 7 6 3 0,-0.33986571196829435,-0.08010234976036834,-0.4199680617286627,-0.19073438449260385
10000,5,7,CTATCGCG,1 7 4 0 3 6 2,0.12655786064964136,0.5673725300219319,0.6939303906715732,0.8176216774031745
10000,6,3,TTTAGGCC,1 2 6,-0.0005693969021030865,0.0006732371841342566,0.00010384028203117013,0.5417823248135721
10000,6,3,TTTAGGCC,1 6 2,-0.0005693969021030865,0.000605905599446066,3.650869734297957e-05,0.5155316173048462
10000,6,3,TTTAGGCC,2 1 6,-0.0005693969021030865,0.0004519049115747631,-0.00011749199052832338,0.44247929997048646
10000,6,3,TTTAGGCC,6 1 2,-0.0005693969021030865,-0.0005030785817548011,-0.0010724754838578876,-0.46908166137759794
10000,7,3,CTATCGCG,4 7 3,0.18513391811436453,0.03411405196435169,0.21924797007871621,0.15559574828493863
10000,7,3,CTATCGCA,7 4 3,-0.007082490707194911,0.002729817981415694,-0.004352672725779216,0.27820343489440597
10000,7,3,CTATCGCA,3 7 4,-0.007082490707194911,0.007378021088041864,0.0002955303808469534,0.5102185311637552
10000,7,3,CTATCGCA,3 4 7,-0.007082490707194911,-0.00629939311122274,-0.01338188381841765,-0.4707403827966888
10000,8,5,TTTAGGCC,5 7 0 6 1,-0.004222931119042712,-0.008656849473074324,-0.012879780592117036,-0.6721270918522229
10000,8,5,TTTAGGCC,7 1 6 5 0,-0.004222931119042712,-0.0073453389662647695,-0.011568270085307482,-0.6349556945073289
10000,8,5,TTTAGGCC,7 1 5 6 0,-0.004222931119042712,-0.007281346210040063,-0.011504277329082775,-0.6329251287808269
10000,8,5,TTTAGGCC,7 6 0 1 5,-0.004222931119042712,-0.008972389081056242,-0.013195320200098955,-0.6799675146184748
10000,9,5,CTATCGCA,4 1 0 6 3,0.0012011873465011084,0.0021265490985333813,0.0033277364450344897,0.6390377163752045
10000,9,5,CTATCGCA,1 3 4 0 6,0.0012011873465011084,-0.0012716685497489166,-7.048120324780818e-05,-0.5142509726010904
10000,9,5,CTATCGCA,4 0 1 6 3,0.0012011873465011084,-0.001842114182296406,-0.0006409268357952976,-0.6053012377726081
10000,9,5,CTATCGCA,0 3 1 4 6,0.0012011873465011084,0.0037219297108768146,0.004923117057377923,0.7560108093101351
10000,10,5,CTATCGCA,5 0 3 1 6,0.0016073526560364641,-0.00020658975283627257,0.0014007629032001916,-0.11388991834898247
10000,10,5,CTATCGCA,0 3 1 6 5,0.0016073526560364641,-0.002349925091650995,-0.0007425724356145309,-0.5938236437976173
10000,10,5,CTATCGCA,5 0 3 1 6,0.0016073526560364641,-0.00020658975283627257,0.0014007629032001916,-0.11388991834898247
10000,10,5,CTATCGCA,5 1 6 0 3,0.0016073526560364641,0.002183307100565024,0.003790659756601488,0.5759702111915382
10000,11,2,TTTAGGCC,3 5,-0.15416692471818616,0.07513183081462182,-0.07903509390356434,0.32765913029070926
10000,11,2,TTTAGGCC,5 3,-0.15416692471818616,-0.07998742378842882,-0.23415434850661498,-0.34160127411073526
10000,11,2,TTTAGGCC,3 5,-0.15416692471818616,0.07513183081462182,-0.07903509390356434,0.32765913029070926
10000,11,2,TTTAGGCC,3 5,-0.15416692471818616,0.07513183081462182,-0.07903509390356434,0.32765913029070926
10000,12,4,CTATCGCA,1 3 0 6,0.0013220055433701486,0.0014292004301510453,0.002751205973521194,0.5194814361070358
10000,12,4,CTATCGCA,6 0 1 3,0.0013220055433701486,0.00041721208333322934,0.001739217626703378,0.2398849212010571
10000,12,4,CTATCGCA,0 3 1 6,0.0013220055433701486,-0.000796875584116119,0.0005251299592540296,-0.376083194936703
10000,12,4,CTATCGCA,3 0 1 6,0.0013220055433701486,-0.0021580840326591577,-0.0008360784892890091,-0.6201231277274986
10000,13,4,CTATCGCA,1 4 0 5,-6.8544590828154e-05,-0.0007200967359723975,-0.0007886413268005515,-0.9130852156756312
10000,13,4,CTATCGCA,1 0 5 4,-6.8544590828154e-05,0.0003445944588973404,0.0002760498680691864,0.8340883272261538
10000,13,4,CTATCGCA,0 4 5 1,-6.8544590828154e-05,0.0027694821177872697,0.0027009375269591157,0.9758477992402
10000,13,4,CTATCGCA,4 0 1 5,-6.8544590828154e-05,-0.0006260435769265271,-0.0006945881677546811,-0.9013162129586362
10000,14,4,CGATCGCG,1 2 3 5,0.003446237887430925,0.8578478706099495,0.8612941084973804,0.9959987676062905
10000,14,4,CGGTCGCG,3 1 5 2,4.457905323886843,1.3000662999593033,5.757971623846146,0.2257854648979495
10000,14,4,CGATCGCG,1 3 2 5,0.003446237887430925,0.9681195569369456,0.9715657948243765,0.9964529032353863
10000,14,4,CGATCGCG,2 3 1 5,0.003446237887430925,-0.41326915052193636,-0.40982291263450543,-0.991729996099771
10000,15,5,CTATCGCA,7 5 2 1 6,-0.19548942382445467,0.10368178383457316,-0.0918076399898815,0.3465633763551927
10000,15,5,CTATCGCA,7 1 5 2 6,-0.19548942382445467,0.08988715486718402,-0.10560226895727065,0.3149773372408071
10000,15,5,CTATCGCA,1 5 7 6 2,-0.19548942382445467,-0.1979186868605476,-0.39340811068500225,-0.5030874592695396
10000,15,5,CTATCGCA,7 1 5 6 2,-0.19548942382445467,0.08956516024333805,-0.10592426358111662,0.31420354293280667
10000,16,3,CTATCGCA,7 2 4,-0.005412757202007457,0.022730175040987177,0.01731741783897972,0.8076690390584724
10000,16,3,CTATCGCA,7 2 4,-0.005412757202007457,0.022730175040987177,0.01731741783897972,0.8076690390584724
10000,16,3,CTATCGCA,2 4 7,-0.005412757202007457,-0.015826803052778615,-0.021239560254786072,-0.7451568141205862
10000,16,3,CTATCGCA,7 4 2,-0.005412757202007457,0.017896471635094002,0.012483714433086546,0.767784801469196
10000,17,4,TTTGGGCG,6 0 2 7,0.3676310755088106,0.07270061726501087,0.44033169277382145,0.16510421225199864
10000,17,4,TTTGGGCC,2 7 0 6,-0.033326711565514866,0.03234737380699837,-0.0009793377585164964,0.4925439558620303
10000,17,4,TTTGGGCC,2 7 6 0,-0.033326711565514866,0.031998459275938806,-0.0013282522895760596,0.4898335337476593
10000,17,4,TTTGGGCG,2 7 6 0,0.3676310755088106,-0.0007366441740286334,0.36689443133478195,-0.001999752243934068
10000,18,2,TTTAGGCC,7 6,-0.0004300060806988748,0.0020280219800982158,0.001598015899399341,0.8250605485116259
10000,18,2,TTTAGGCC,6 7,-0.0004300060806988748,-0.0020260856913379977,-0.0024560917720368725,-0.8249226329428788
10000,18,2,TTTAGGCC,7 6,-0.0004300060806988748,0.0020280219800982158,0.001598015899399341,0.8250605485116259
10000,18,2,TTTAGGCC,7 6,-0.0004300060806988748,0.0020280219800982158,0.001598015899399341,0.8250605485116259
10000,19,4,TTTGCGCG,5 3 2 4,-0.2576068107934136,-0.6722389708905636,-0.9298457816839771,-0.7229574883623386
10000,19,4,TTTGGGCG,3 4 5 2,1.8388640052356666,-1.3864915811026712,0.4523724241329954,-0.4298724726586562
10000,19,4,TTTAGGCG,3 2 5 4,2.4473281868467396,1.0889199906720486,3.536248177518788,0.3079308736289234
10000,19,4,TTTGCGCG,4 2 3 5,-0.2576068107934136,0.06673279254837627,-0.1908740182450373,0.20574975075755117
10000,20,4,CTATCGCA,5 2 1 4,-0.0005331389266479761,0.012584563676915739,0.012051424750267763,0.9593572942793247
10000,20,4,CTATCGCA,1 5 2 4,-0.0005331389266479761,-0.01192883618454621,-0.012461975111194186,-0.9572187456730615
10000,20,4,CTATCGCA,2 1 4 5,-0.0005331389266479761,0.016694688752528553,0.016161549825880576,0.9690536185654801
10000,20,4,CTATCGCA,2 5 4 1,-0.0005331389266479761,0.017851319219750028,0.017318180293102052,0.971000563497574
10000,21,5,CTATCGCA,1 4 2 3 0,-0.0014203730415880932,0.015446538786914488,0.014026165745326395,0.9157893836150923
10000,21,5,CTATCGCA,3 1 4 2 0,-0.0014203730415880932,-0.008595401930865165,-0.010015774972453258,-0.8581864063944532
10000,21,5,CTATCGCA,2 0 4 1 3,-0.0014203730415880932,0.0022557567318521876,0.0008353836902640945,0.6136227148861377
10000,21,5,CTATCGCA,4 2 1 3 0,-0.0014203730415880932,0.01150111205343407,0.010080739011845977,0.8900766412573371
10000,22,3,TTTAGGCC,0 6 4,-0.0006376078475157088,-0.006138749807623078,-0.006776357655138787,-0.9059069960641489
10000,22,3,TTTAGGCC,0 6 4,-0.0006376078475157088,-0.006138749807623078,-0.006776357655138787,-0.9059069960641489
10000,22,3,TTTAGGCC,6 0 4,-0.0006376078475157088,-0.013840409673766096,-0.014478017521281805,-0.955960279328405
10000,22,3,TTTAGGCC,4 6 0,-0.0006376078475157088,0.009069973868700565,0.008432366021184856,0.9343185701490825
10000,23,2,CTATCGCA,0 5,-0.00010422204799320767,2.330251543303241e-05,-8.091953256017526e-05,0.18272962327379802
10000,23,2,CTATCGCA,5 0,-0.00010422204799320767,-2.330511877057795e-05,-0.00012752716676378562,-0.18274630701821562
10000,23,2,CTATCGCA,5 0,-0.00010422204799320767,-2.330511877057795e-05,-0.00012752716676378562,-0.18274630701821562
10000,23,2,CTATCGCA,0 5,-0.00010422204799320767,2.330251543303241e-05,-8.091953256017526e-05,0.18272962327379802
10000,24,6,CTATCGCA,0 7 3 6 2 1,-0.1947461008941424,-0.14028499126945615,-0.33503109216359855,-0.4187223053344368
10000,24,6,CTATCGCA,7 2 6 1 3 0,-0.1947461008941424,0.05364780656216528,-0.14109829433197713,0.21597875371239486
10000,24,6,CAGTCGCG,0 6 3 7 1 2,4.15076573180304,2.3351961617107593,6.4859618935137995,0.3600385262895302
10000,24,6,CTATCGCA,7 0 6 2 3 1,-0.1947461008941424,0.05943053229728168,-0.13531556859686072,0.23381587658580594
10000,25,7,CTATCGCA,4 0 3 1 6 7 5,0.08913673915291398,-0.027011750920147293,0.06212498823276669,-0.23256222188644898
10000,25,7,CTATCGCA,4 7 0 3 1 6 5,0.08913673915291398,0.018224501393623527,0.1073612405465375,0.1697493555481395
10000,25,7,CTATCGCA,6 5 3 4 1 0 7,0.08913673915291398,-0.025247919851191014,0.06388881930172297,-0.2207281996643005
10000,25,7,CTATCGCG,0 3 7 6 5 1 4,0.24721614427055005,-0.013085413691955594,0.23413073057859446,-0.05027020888534383
10000,26,4,CTATCGCA,1 7 6 0,-0.00018223735001898778,-0.019901832997647695,-0.020084070347666683,-0.9909262740637552
10000,26,4,CTATCGCA,7 6 0 1,-0.00018223735001898778,0.02705042541950231,0.026868188069483323,0.9933081332677116
10000,26,4,CTATCGCA,1 7 6 0,-0.00018223735001898778,-0.019901832997647695,-0.020084070347666683,-0.9909262740637552
10000,26,4,CTATCGCA,7 0 1 6,-0.00018223735001898778,0.02557676833114808,0.025394530981129093,0.9929252956315692
10000,27,2,TTTGCGCC,2 7,3.0043218648886016,0.5440503222248873,3.548372187113489,0.15332391686551305
10000,27,2,TTTGCGCG,7 2,-0.2547942069142605,0.2329887123439957,-0.021805494570264816,0.47764836189485355
10000,27,2,TTTGCGCG,2 7,-0.2547942069142605,-0.2811170844611015,-0.5359112913753621,-0.524558987625812
10000,27,2,TTTGCGCC,2 7,3.0043218648886016,0.5440503222248873,3.548372187113489,0.15332391686551305
10000,28,7,CGGTCGCG,7 4 0 3 1 6 2,4.5412842515688645,2.3098351472561003,6.851119398824965,0.33714711608328707
10000,28,7,TTTAGGCC,0 4 1 6 2 7 3,4.701758745893427,0.7858880380849627,5.48764678397839,0.14321039035883718
10000,28,7,CTATCGCA,0 7 1 4 2 6 3,-0.33986571196829435,-0.9434239617173308,-1.2832896736856252,-0.7351605651183996
10000,28,7,CTATCGCA,4 0 7 1 3 2 6,-0.33986571196829435,-0.21138943549677158,-0.551255147465066,-0.3834693180985992
10000,29,6,TTTGGGCC,2 3 7 0 5 1,0.10263464726671034,0.12698891054136574,0.22962355780807608,0.5530308464582958
10000,29,6,TGTGGGCG,2 1 7 3 0 5,0.11486225439544606,0.8336488237612603,0.9485110781567063,0.8789025694684935
10000,29,6,TTTGGGCC,0 1 7 5 2 3,0.10263464726671034,0.2414500788434797,0.34408472611019003,0.7017169334222568
10000,29,6,TTTAGGCC,7 1 3 0 2 5,-0.12193383027380489,-0.06463167922196345,-0.18656550949576833,-0.3464288731429719
10000,30,4,CTATCGCA,0 6 1 2,0.000480263619905337,-0.006255343089622389,-0.005775079469717052,-0.9286977935891078
10000,30,4,CTATCGCA,2 6 0 1,0.000480263619905337,-7.50807110017071e-05,0.0004051829089036299,-0.13519668217208186
10000,30,4,CTATCGCA,2 0 1 6,0.000480263619905337,-0.001548737799355937,-0.0010684741794506,-0.7633005007555919
10000,30,4,CTATCGCA,0 6 1 2,0.000480263619905337,-0.006255343089622389,-0.005775079469717052,-0.9286977935891078
10000,31,7,CGATCGCG,5 6 4 3 2 0 1,-0.0385074247411481,-0.2850982300130198,-0.3236056547541679,-0.8810050931575937
10000,31,7,CTATCGCG,3 6 2 0 5 1 4,-0.36922048000117424,0.3940678732846985,0.024847393283524255,0.5162765442290315
10000,31,7,CTATCGCG,4 5 0 2 1 6 3,-0.36922048000117424,0.4885416080100953,0.11932112800892103,0.5695537432095934
10000,31,7,TGTGGGCG,1 4 3 2 5 0 6,3.5206108909652922,1.4192863041640642,4.939897195129356,0.2873108990129295
15000,0,2,CTATCGCA,7 0,-0.00955100869003922,0.002886396522943313,-0.006664612167095907,0.23207385089700275
15000,0,2,CTATCGCA,0 7,-0.00955100869003922,-0.0029171965622041274,-0.012468205252243347,-0.23397084850518077
15000,0,2,CTATCGCA,0 7,-0.00955100869003922,-0.0029171965622041274,-0.012468205252243347,-0.23397084850518077
15000,0,2,CTATCGCA,7 0,-0.00955100869003922,0.002886396522943313,-0.006664612167095907,0.23207385089700275
15000,1,3,TTTGCGCG,3 2 1,-0.034886220035990234,-0.2048216107598544,-0.23970783079584462,-0.8544635779308258
15000,1,3,TTTGCGCG,1 3 2,-0.034886220035990234,0.3776262978826528,0.34274007784666255,0.9154299117708942
15000,1,3,TCTGCGCG,2 1 3,0.550811775424505,0.07991072367466012,0.6307224990991651,0.1266971192383232
15000,1,3,TTTGCGCG,3 1 2,-0.034886220035990234,-0.1154364274080033,-0.15032264744399354,-0.7679243904416467
15000,2,5,TTTGCGCG,7 6 3 5 2,-0.17349127956880017,0.09275886633844976,-0.08073241323035041,0.34838991739280756
15000,2,5,TTTACGCC,2 6 5 3 7,3.30711179985779,1.102989472662523,4.410101272520313,0.25010524804392514
15000,2,5,TTTGCGCG,2 3 7 6 5,-0.17349127956880017,-0.2320717223820452,-0.4055630019508454,-0.5722211376918759
15000,2,5,TTTGCGCG,6 2 7 3 5,-0.17349127956880017,0.25410493392604394,0.08061365435724377,0.5942637607783865
15000,3,4,CTATCGCA,0 1 6 5,0.0005354323348338436,-0.0019362028760547823,-0.0014007705412209387,-0.7833691911836214
15000,3,4,CTATCGCA,6 0 1 5,0.0005354323348338436,-0.0003137815001132971,0.00022165083472054647,-0.3694964533082865
15000,3,4,CTATCGCA,0 6 5 1,0.0005354323348338436,-0.0019892604349984744,-0.0014538281001646308,-0.7879217854814844
15000,3,4,CTATCGCA,0 6 1 5,0.0005354323348338436,-0.0020506185901063567,-0.0015151862552725132,-0.7929536771027721
15000,4,2,CTATCGCA,3 0,-8.815288007646416e-05,-0.00018022546014029306,-0.0002683783402167572,-0.6715350426369467
15000,4,2,CTATCGCA,3 0,-8.815288007646416e-05,-0.00018022546014029306,-0.0002683783402167572,-0.6715350426369467
15000,4,2,CTATCGCA,0 3,-8.815288007646416e-05,0.00018027479105009458,9.212191097363043e-05,0.6715954070364761
15000,4,2,CTATCGCA,3 0,-8.815288007646416e-05,-0.00018022546014029306,-0.0002683783402167572,-0.6715350426369467
15000,5,3,CTATCGCA,3 0 5,-1.6411440467684058e-05,-9.780746949106245e-05,-0.0001142189099587465,-0.8563159071154546
15000,5,3,CTATCGCA,3 0 5,-1.6411440467684058e-05,-9.780746949106245e-05,-0.0001142189099587465,-0.8563159071154546
15000,5,3,CTATCGCA,3 5 0,-1.6411440467684058e-05,-0.00015396002594458835,-0.0001703714664122724,-0.9036725995656402
15000,5,3,CTATCGCA,3 0 5,-1.6411440467684058e-05,-9.780746949106245e-05,-0.0001142189099587465,-0.8563159071154546
15000,6,5,CGGTCGTG,2 7 6 5 3,2.2059702335423372,-1.5892172198364047,0.6167530137059325,-0.418745381976211
15000,6,5,CGATCGCA,5 7 3 2 6,-0.42317076592662595,-0.9157967588155325,-1.3389675247421584,-0.6839574088937558
15000,6,5,CGATCGCG,3 7 6 2 5,-0.12285006081661809,0.6761974046351042,0.5533473438184862,0.8462543639417368
15000,6,5,CGGTCGCG,5 7 6 3 2,3.8565084886318046,1.3983950251700157,5.25490351380182,0.26611240748706044
15000,7,3,CGATATAT,4 7 0,-0.07681244337618828,0.017917814837881574,-0.05889462853830671,0.18914563493948464
15000,7,3,CGATATAT,7 4 0,-0.07681244337618828,0.03452029981289173,-0.04229214356329655,0.3100642167261143
15000,7,3,CGATATAT,4 0 7,-0.07681244337618828,0.011245624751121008,-0.06556681862506727,0.12770692101560452
15000,7,3,CGATATAT,7 0 4,-0.07681244337618828,-0.023303937379784534,-0.10011638075597282,-0.23276847608571039
15000,8,5,CTATCGCA,6 7 3 5 1,-0.01609335227548292,0.024231629376782138,0.008138277101299218,0.6009086274542929
15000,8,5,CTATCGCA,5 6 1 3 7,-0.01609335227548292,-0.036495109046672525,-0.052588461322155444,-0.693975600904246
15000,8,5,CTATCGCA,7 1 3 5 6,-0.01609335227548292,0.01766794029638774,0.0015745880209048213,0.5233194273820064
15000,8,5,CTATCGCA,1 3 6 5 7,-0.01609335227548292,-0.025933670810690757,-0.042027023086173676,-0.6170713247406425
15000,9,3,CTATCGCC,2 6 0,0.2975010212420436,0.1688457441811917,0.4663467654232353,0.36206050239879956
15000,9,3,CTATCGCC,6 2 0,0.2975010212420436,0.16140918709035046,0.45891020833239404,0.3517228079908824
15000,9,3,CTATCGCC,2 0 6,0.2975010212420436,-0.1894076150313484,0.10809340621069519,-0.389000319404889
15000,9,3,ATATCGCC,2 0 6,-0.4578779760301458,-0.29661556023060776,-0.7544935362607536,-0.39313200971955997
15000,10,5,TTTGCGCG,3 7 5 6 2,-0.17349127956880017,0.03370693265645741,-0.13978434691234276,0.16267965005321855
15000,10,5,TTTGCGCG,2 7 5 3 6,-0.17349127956880017,0.21334863052305764,0.039857350954257464,0.5515165962901721
15000,10,5,TTTGCGCC,3 2 5 6 7,1.6521745979289788,1.5123101541254007,3.1644847520543795,0.4779009136143288
15000,10,5,TTTGCGCG,5 7 2 3 6,-0.17349127956880017,0.11302619733049823,-0.06046508223830194,0.39448273296858355
15000,11,4,CTATCGCA,3 6 1 0,0.0007140118520706645,-5.014545370451984e-05,0.0006638663983661447,-0.06562189921569979
15000,11,4,CTATCGCA,6 1 0 3,0.0007140118520706645,0.0011667970339401812,0.0018808088860108457,0.6203698007908353
15000,11,4,CTATCGCA,0 1 3 6,0.0007140118520706645,-0.001346205243342613,-0.0006321933912719485,-0.6534288286121447
15000,11,4,CTATCGCA,6 1 3 0,0.0007140118520706645,0.0008062967827497936,0.001520308634820458,0.5303507224011877
15000,12,3,CTATCGCA,5 7 0,-0.006949213350609662,-0.0017436594901207858,-0.008692872840730448,-0.20058495299170498
15000,12,3,CTATCGCG,7 5 0,0.16173139924328028,-0.19829706930990865,-0.036565670066628364,-0.550781637093271
15000,12,3,CTATCGCA,5 0 7,-0.006949213350609662,-0.007547252575268226,-0.014496465925877888,-0.520627069649817
15000,12,3,CTATCGCA,5 7 0,-0.006949213350609662,-0.0017436594901207858,-0.008692872840730448,-0.20058495299170498
15000,13,4,CTATCGCA,4 7 5 1,-0.016706433899786738,0.05301930789541176,0.03631287399562502,0.7603979037059568
15000,13,4,CTATCGCA,1 5 7 4,-0.016706433899786738,-0.01747572731470326,-0.03418216121449,-0.5112528492579693
15000,13,4,CTATCGCA,1 7 4 5,-0.016706433899786738,-0.008325316518820625,-0.025031750418607362,-0.33259026554659143
15000,13,4,CTATCGCA,5 4 1 7,-0.016706433899786738,-0.05366082867327249,-0.07036726257305922,-0.7625822962426428
15000,14,6,CTATCGCG,0 3 4 6 1 5,0.05685637713218378,0.0021661673807615855,0.05902254451294536,0.03670067765862724
15000,14,6,CTATCGCG,5 4 1 6 3 0,0.05685637713218378,0.09127577701552259,0.14813215414770636,0.616178017127255
15000,14,6,CTATCGCG,0 1 4 6 5 3,0.05685637713218378,-0.024079852275593616,0.03277652485659016,-0.29751635888883793
15000,14,6,CTATCGCG,0 4 1 5 3 6,0.05685637713218378,0.06212298797696025,0.11897936510914403,0.5221324548166197
15000,15,4,TTTGGGCG,4 5 6 0,1.9476268615869126,-1.1555694989331453,0.7920573626537672,-0.3723803990088097
15000,15,4,TTTGGGCG,6 4 5 0,1.9476268615869126,-1.1998747018041325,0.7477521597827801,-0.3812149661051845
15000,15,4,TTTGGGCG,6 0 5 4,1.9476268615869126,1.064289091603401,3.0119159531903135,0.35335949214521517
15000,15,4,TTTGCGCG,6 5 4 0,-0.18208566594669706,0.29235118723586684,0.11026552128916978,0.6162067412654593
15000,16,3,CTATCGCA,4 0 6,-0.00016912056790441277,-0.0005831866142067543,-0.0007523071821111671,-0.7751974566694724
15000,16,3,CTATCGCA,0 6 4,-0.00016912056790441277,0.00039208544195967754,0.00022296487405526477,0.6986479743056041
15000,16,3,CTATCGCA,6 4 0,-0.00016912056790441277,-0.0012918590605146552,-0.001460979628419068,-0.8842416659242409
15000,16,3,CTATCGCA,0 4 6,-0.00016912056790441277,0.0020009157583593673,0.0018317951904549545,0.9220655590611273
15000,17,1,ATATCGTA,1,-0.00015345478755079967,0.0,-0.00015345478755079967,0.0
15000,17,1,ATATCGTA,1,-0.00015345478755079967,0.0,-0.00015345478755079967,0.0
15000,17,1,ATATCGTA,1,-0.00015345478755079967,0.0,-0.00015345478755079967,0.0
15000,17,1,ATATCGTA,1,-0.00015345478755079967,0.0,-0.00015345478755079967,0.0
15000,18,4,TGTGGGCG,0 5 2 1,-0.17016219693424622,-0.1967820543424561,-0.3669442512767023,-0.5362723456159784
15000,18,4,TGTGGGCG,2 0 1 5,-0.17016219693424622,0.03499991169230343,-0.1351622852419428,0.17059637340739514
15000,18,4,TGTGGGCG,1 5 0 2,-0.17016219693424622,0.06904509778844004,-0.10111709914580619,0.28864127186624566
15000,18,4,TGTGGGCG,1 0 2 5,-0.17016219693424622,0.0624222966251371,-0.10773990030910913,0.2683854614288784
15000,19,6,CGATCGCG,6 2 0 7 5 4,0.5010275197095636,0.2098374504301157,0.7108649701396793,0.29518608912306415
15000,19,6,CGATATAG,4 7 0 5 6 2,0.773233107686444,-1.2260806336407537,-0.45284752595430966,-0.6132507411402318
15000,19,6,CGATCGCG,6 0 2 7 5 4,0.5010275197095636,0.34402015986305035,0.845047679572614,0.4071014786254899
15000,19,6,CGGTCGCG,0 7 5 4 6 2,4.174372358758813,1.4269370886575734,5.601309447416386,0.2547506260907886
15000,20,3,ATGTCGCG,7 6 5,1.1382310914007447,0.02863855319712405,1.1668696445978688,0.024543061283416608
15000,20,3,ATGTCGCG,6 7 5,1.1382310914007447,-0.12447787416484113,1.0137532172359036,-0.0985800192755309
15000,20,3,ATGTCGCC,5 7 6,-0.2880333791388402,0.10376865151874393,-0.18426472762009627,0.26484970316407747
15000,20,3,ATGTCGCC,6 5 7,-0.2880333791388402,-0.2144404697801341,-0.5024738489189743,-0.42676941345600933
15000,21,4,CTATCGCA,3 7 6 2,-0.010291487755010265,-0.004995440629233183,-0.015286928384243448,-0.3267785721022993
15000,21,4,CTATCGCA,7 3 6 2,-0.010291487755010265,0.021655825899227654,0.01136433814421739,0.6778606218227345
15000,21,4,CTATCGCG,3 7 6 2,0.15515046966937884,0.1181218464116025,0.27327231608098135,0.432249589367839
15000,21,4,CTATCGCA,6 7 3 2,-0.010291487755010265,0.028234153355054747,0.017942665600044483,0.7328665413871188
15000,22,4,CTATCGCA,6 4 3 0,-6.569309943673524e-05,-0.0021315492527795854,-0.0021972423522163206,-0.9701020238525478
15000,22,4,CTATCGCA,6 4 3 0,-6.569309943673524e-05,-0.0021315492527795854,-0.0021972423522163206,-0.9701020238525478
15000,22,4,CTATCGCA,4 6 0 3,-6.569309943673524e-05,-0.0011063498414918271,-0.0011720429409285624,-0.9439499209946274
15000,22,4,CTATCGCA,4 3 6 0,-6.569309943673524e-05,-0.0009601678085422449,-0.0010258609079789802,-0.9359629566486207
15000,23,4,CGATCGCG,1 7 2 3,1.1509506590774146,1.2465691469058895,2.397519805983304,0.5199411257395762
15000,23,4,CTATCGCA,7 1 2 3,-0.29951382180225733,0.04813040848986461,-0.2513834133123927,0.1384473099105402
15000,23,4,CGGTCGCG,3 1 7 2,5.902088789668342,1.5384386723271581,7.440527461995501,0.20676473276728677
15000,23,4,CTATCGCA,3 7 1 2,-0.29951382180225733,-0.01425369412030264,-0.31376751592255997,-0.04542756466804088
15000,24,7,CTATCGCA,4 7 6 0 5 3 2,-0.37926054139288384,0.02682072459192142,-0.3524398168009624,0.06604767773976797
15000,24,7,CTATCGCG,5 7 2 3 0 4 6,0.18412833836541642,0.7955113732616201,0.9796397116270366,0.8120448403836075
15000,24,7,TTTGCGCG,0 3 5 2 6 4 7,4.976746174376658,0.08420006727530627,5.060946241651965,0.016637218270040777
15000,24,7,CTATCGCA,2 7 0 3 4 6 5,-0.37926054139288384,0.3192367985170179,-0.060023742875865926,0.4570336639480916
15000,25,4,CTATCGCA,7 1 3 4,-0.02362498193617038,-0.0002327457402913069,-0.023857727676461687,-0.00975557033124058
15000,25,4,CTATCGCA,1 7 4 3,-0.02362498193617038,-0.00826354883226088,-0.03188853076843126,-0.25913858785998256
15000,25,4,CTATCGCA,7 3 1 4,-0.02362498193617038,0.0007770154690973641,-0.022847966467073016,0.0318422896368978
15000,25,4,CTATCGCA,4 7 1 3,-0.02362498193617038,0.03447437867383485,0.010849396737664468,0.5933693299182031
15000,26,2,CGATCTAT,7 1,-0.16127403557347564,0.027855847048802063,-0.13341818852467358,0.1472842189852917
15000,26,2,CGATCTAT,7 1,-0.16127403557347564,0.027855847048802063,-0.13341818852467358,0.1472842189852917
15000,26,2,CAATCTAT,1 7,0.3554041092426399,0.018683821992278027,0.3740879312349179,0.04994500071306778
15000,26,2,CAATCTAT,1 7,0.3554041092426399,0.018683821992278027,0.3740879312349179,0.04994500071306778
15000,27,4,CTATCGCA,5 0 1 6,0.0005354323348338436,-0.0009470492522773988,-0.0004116169174435552,-0.6388269915195474
15000,27,4,CTATCGCA,1 5 0 6,0.0005354323348338436,0.0012540462453620727,0.0017894785801959162,0.700788631526831
15000,27,4,CTATCGCA,5 0 6 1,0.0005354323348338436,-0.0011267983654357216,-0.0005913660306018781,-0.6778832596780867
15000,27,4,CTATCGCA,1 5 0 6,0.0005354323348338436,0.0012540462453620727,0.0017894785801959162,0.700788631526831
15000,28,2,TTTGGGCC,6 7,-0.030771065298154432,-0.03721901395041782,-0.06799007924857225,-0.5474183051669174
15000,28,2,TTTGGGCC,7 6,-0.030771065298154432,0.03765380760447301,0.006882742306318579,0.5502941548471206
15000,28,2,TTTGGGCC,6 7,-0.030771065298154432,-0.03721901395041782,-0.06799007924857225,-0.5474183051669174
15000,28,2,TTTGGGCC,6 7,-0.030771065298154432,-0.03721901395041782,-0.06799007924857225,-0.5474183051669174
15000,29,5,TTTAGGCC,7 6 4 3 2,-0.027913372331994868,-0.08989033566813376,-0.11780370800012863,-0.7630518359238371
15000,29,5,TTTAGGCC,3 2 7 6 4,-0.027913372331994868,0.4244185748131706,0.3965052024811757,0.938290071023799
15000,29,5,TTTGCGCG,6 4 3 7 2,-0.31682049994280526,0.3883269288873059,0.07150642894450066,0.550703176400384
15000,29,5,TTTGCGCG,2 7 4 6 3,-0.31682049994280526,0.09004690162863582,-0.22677359831416943,0.22131756262813956
15000,30,3,CTATCGCG,5 1 4,0.12162112318993279,-0.0202004747699438,0.10142064841998899,-0.14243581415334786
15000,30,3,CTATCGCG,5 4 1,0.12162112318993279,0.030766002280735005,0.1523871254706678,0.20189371107112977
15000,30,3,CTATCGCG,1 4 5,0.12162112318993279,-0.031041653058445196,0.0905794701314876,-0.20333478678483688
15000,30,3,CTATCGCG,4 5 1,0.12162112318993279,0.034969112675617975,0.15659023586555076,0.22331604829845614
15000,31,5,CTATCGCA,2 0 1 4 7,-0.18908289006161827,0.15667894341493493,-0.032403946646683335,0.4531412326212102
15000,31,5,CTATCGCA,0 7 2 1 4,-0.18908289006161827,-0.01335244717813211,-0.20243533723975038,-0.06595907295729894
15000,31,5,CGATCGCG,7 0 1 2 4,0.9984500962198486,1.0002963212824847,1.9987464175023333,0.5004618457465313
15000,31,5,CTATCGCA,7 1 2 0 4,-0.18908289006161827,-0.008366107215461938,-0.1974489972770802,-0.04237097848474651
20000,0,2,TTTAGGCC,5 6,-3.9864338119866005e-05,4.744013768398503e-05,7.5757995641190234e-06,0.5433872346999697
20000,0,2,TTTAGGCC,5 6,-3.9864338119866005e-05,4.744013768398503e-05,7.5757995641190234e-06,0.5433872346999697
20000,0,2,TTTAGGCC,5 6,-3.9864338119866005e-05,4.744013768398503e-05,7.5757995641190234e-06,0.5433872346999697
20000,0,2,TTTAGGCC,5 6,-3.9864338119866005e-05,4.744013768398503e-05,7.5757995641190234e-06,0.5433872346999697
20000,1,2,CTATCGCA,2 0,-2.163086395223779e-05,-0.0018290689613837952,-0.001850699825336033,-0.9883120624662564
20000,1,2,CTATCGCA,2 0,-2.163086395223779e-05,-0.0018290689613837952,-0.001850699825336033,-0.9883120624662564
20000,1,2,CTATCGCA,0 2,-2.163086395223779e-05,0.0018331285391053331,0.0018114976751530953,0.9883376442698825
20000,1,2,CTATCGCA,2 0,-2.163086395223779e-05,-0.0018290689613837952,-0.001850699825336033,-0.9883120624662564
20000,2,3,CTATCGCA,6 3 2,-0.00029886509854615273,0.0005411694366053155,0.00024230433805916274,0.6442228431807702
20000,2,3,CTATCGCA,2 6 3,-0.00029886509854615273,-0.0014020537545142986,-0.0017009188530604513,-0.8242919713610047
20000,2,3,CTATCGCA,3 2 6,-0.00029886509854615273,0.0016715588436859719,0.0013726937451398191,0.8483244685874076
20000,2,3,CTATCGCA,2 3 6,-0.00029886509854615273,-0.0004864199798753077,-0.0007852850784214604,-0.6194183402199416
20000,3,4,TTTGCGCG,0 7 3 4,-0.44663605608083934,-0.8144133835968157,-1.261049439677655,-0.6458219305065416
20000,3,4,TTTGCGCG,4 7 3 0,-0.44663605608083934,0.903760976804648,0.4571249207238086,0.6692557483435216
20000,3,4,TTTGGGCC,7 0 4 3,0.22318152269746871,0.41407164231616234,0.637253165013631,0.6497757328632573
20000,3,4,TTTGCGCG,0 3 4 7,-0.44663605608083934,-1.0132025033172747,-1.459838559398114,-0.6940510625606535
20000,4,5,CTATCGCG,7 0 4 1 2,0.3315459550989548,-0.6916113387838143,-0.3600653836848595,-0.6759579811616506
20000,4,5,CGATCGCG,2 7 1 0 4,0.9659977821288739,-0.9707142913512916,-0.004716509222417731,-0.5012176588577626
20000,4,5,CTATCGCA,2 0 1 7 4,-0.18450407514212464,0.16815863589268876,-0.016345439249435878,0.4768256768606558
20000,4,5,CTATCGCA,1 0 2 4 7,-0.18450407514212464,-0.1342131083738769,-0.31871718351600153,-0.4211040863667101
20000,5,4,TTTAGGCC,6 3 5 0,-0.12948958050891196,-0.008498513382126482,-0.13798809389103844,-0.06158874394509201
20000,5,4,TTTAGGCC,6 0 3 5,-0.12948958050891196,0.0691280595324697,-0.06036152097644226,0.3480459213897969
20000,5,4,TTTAGGCC,5 6 3 0,-0.12948958050891196,-0.04878542402089625,-0.1782750045298082,-0.2736526309426578
20000,5,4,TTTAGGCC,3 6 5 0,-0.12948958050891196,0.009419657844982332,-0.12006992266392963,0.06781160098930349
20000,6,5,CTATCGCA,2 5 1 6 3,-0.0011909670633701887,0.005769080086206024,0.004578113022835836,0.8288852018132227
20000,6,5,CTATCGCA,6 2 5 3 1,-0.0011909670633701887,0.002210380542559953,0.0010194134791897645,0.64985435146535
20000,6,5,CTATCGCA,1 3 2 5 6,-0.0011909670633701887,-0.00043404315160433526,-0.001625010214974524,-0.2671017988715474
20000,6,5,CTATCGCA,1 3 2 6 5,-0.0011909670633701887,-0.0004364355564989708,-0.0016274026198691595,-0.26817921463961975
20000,7,4,CTATCGCA,2 5 0 7,-0.012739409379304456,-0.015900231974659285,-0.02863964135396374,-0.555182649745671
20000,7,4,CTATCGCA,5 7 0 2,-0.012739409379304456,0.006893329707533091,-0.005846079671771365,0.3511140079355821
20000,7,4,CTATCGCA,0 2 5 7,-0.012739409379304456,-0.015573952312910144,-0.0283133616922146,-0.5500566298770716
20000,7,4,CTATCGCG,2 7 0 5,0.15369226983945428,-0.12226335869420524,0.03142891114524904,-0.4430544118410408
20000,8,4,CTATCGCA,4 7 1 6,-0.010858054324556082,0.05731711503559378,0.0464590607110377,0.8407330054847961
20000,8,4,CTATCGCA,1 4 7 6,-0.010858054324556082,-0.02442480918015466,-0.03528286350471074,-0.6922569982703818
20000,8,4,CTATCGCA,1 6 7 4,-0.010858054324556082,-0.025219883380295904,-0.03607793770485199,-0.6990389413778543
20000,8,4,CTATCGCA,1 7 6 4,-0.010858054324556082,-0.010485683673132407,-0.02134373799768849,-0.49127681731606704
20000,9,8,ATATCGCC,3 1 7 5 2 4 0 6,1.07718668751681,-1.334681487098587,-0.2574947995817771,-0.5533807780814634
20000,9,8,CTATCGCA,0 2 3 4 5 6 1 7,-0.39622070804119347,-1.1307948989788876,-1.527015607020081,-0.7405260914036074
20000,9,8,CGGTCGCG,3 0 4 5 1 7 6 2,4.494445180607559,3.124588385702846,7.619033566310405,0.41010298202636214
20000,9,8,CTATCGCA,6 4 2 0 5 3 7 1,-0.39622070804119347,0.3402493378334164,-0.055971370207777094,0.46200023984593486
20000,10,4,TTTAGGCC,2 7 6 1,-0.002902077172710793,-0.009716736288215344,-0.012618813460926137,-0.7700198056103288
20000,10,4,TTTAGGCC,6 7 2 1,-0.002902077172710793,-8.883031380335638e-05,-0.0029909074865141494,-0.029700120850908215
20000,10,4,TTTAGGCC,2 7 1 6,-0.002902077172710793,-0.008061994020341245,-0.010964071193052038,-0.7353102582414963
20000,10,4,TTTAGGCC,6 2 1 7,-0.002902077172710793,-0.002259781034741337,-0.00516185820745213,-0.43778440707242033
20000,11,1,CGATATAT,2,-0.000258748940932918,0.0,-0.000258748940932918,0.0
20000,11,1,CGATATAT,2,-0.000258748940932918,0.0,-0.000258748940932918,0.0
20000,11,1,CGATATAT,2,-0.000258748940932918,0.0,-0.000258748940932918,0.0
20000,11,1,CGATATAT,2,-0.000258748940932918,0.0,-0.000258748940932918,0.0
20000,12,3,CGATCTAT,5 1 7,-0.2528730913109467,-0.0829815985459128,-0.3358546898568595,-0.24707589636839483
20000,12,3,CAATCTAT,7 1 5,0.3959338320341561,0.1666400567109747,0.5625738887451308,0.2962100802130714
20000,12,3,CGATCTAT,7 5 1,-0.2528730913109467,-0.018590277741778793,-0.2714633690527255,-0.06848171746578471
20000,12,3,CAATCTAT,1 5 7,0.3959338320341561,-0.08497524499492215,0.31095858703923396,-0.17669711189457152
20000,13,4,CGGTCGCG,1 4 3 2,4.476659229807729,1.4034998066060078,5.880159036413737,0.23868398761234721
20000,13,4,CTATCGCG,2 4 1 3,-0.3919844350094406,0.41904434321188244,0.027059908202441862,0.5166824587049718
20000,13,4,CTATCGCG,2 1 3 4,-0.3919844350094406,0.3462691501283386,-0.04571528488110199,0.46903822358507735
20000,13,4,CGGTCGCG,4 1 3 2,4.476659229807729,1.3912088267394873,5.867868056547216,0.2370893164830474
20000,14,2,CTATCGCA,7 0,-0.012021550731844077,0.0020562080764851,-0.009965342655358977,0.14606075473238922
20000,14,2,CTATCGCA,7 0,-0.012021550731844077,0.0020562080764851,-0.009965342655358977,0.14606075473238922
20000,14,2,CTATCGCA,7 0,-0.012021550731844077,0.0020562080764851,-0.009965342655358977,0.14606075473238922
20000,14,2,CTATCGCA,7 0,-0.012021550731844077,0.0020562080764851,-0.009965342655358977,0.14606075473238922
20000,15,5,CTATCGCA,3 6 7 5 2,-0.007041709574296076,-0.0030959022324434926,-0.010137611806739569,-0.3053877275499256
20000,15,5,CTATCGCA,7 3 5 6 2,-0.007041709574296076,0.019372864990574,0.012331155416277925,0.7334157490591895
20000,15,5,CTATCGCA,2 7 6 5 3,-0.007041709574296076,0.011142803976300186,0.00410109440200411,0.6127633794160426
20000,15,5,CTATCGCA,7 2 3 6 5,-0.007041709574296076,0.018544453914246972,0.011502744339950896,0.724784468861492
20000,16,2,CGATATAT,1 0,-0.11573748960540453,0.0298971485638172,-0.08584034104158733,0.20528872073055784
20000,16,2,CGATATAT,0 1,-0.11573748960540453,-0.026850192698463116,-0.14258768230386765,-0.18830653717508958
20000,16,2,CGATATAT,0 1,-0.11573748960540453,-0.026850192698463116,-0.14258768230386765,-0.18830653717508958
20000,16,2,CGATATAT,1 0,-0.11573748960540453,0.0298971485638172,-0.08584034104158733,0.20528872073055784
20000,17,3,CTATCGCA,5 3 2,-1.9661444511542836e-05,0.0008226379907241288,0.000802976546212586,0.9766574169599892
20000,17,3,CTATCGCA,3 5 2,-1.9661444511542836e-05,0.000815279656536827,0.0007956182120252842,0.9764516988241979
20000,17,3,CTATCGCA,2 3 5,-1.9661444511542836e-05,-0.0006733463308123966,-0.0006930077753239394,-0.9716288255173583
20000,17,3,CTATCGCA,2 5 3,-1.9661444511542836e-05,-0.0009058605485265936,-0.0009255219930381364,-0.9787563724477235
20000,18,4,ACTACGGC,7 4 6 5,-0.003725737012473314,-0.005244975075139102,-0.008970712087612416,-0.5846776737358281
20000,18,4,ACTACGGC,6 5 4 7,-0.003725737012473314,0.008483213778608167,0.0047574767661348535,0.6948356106738568
20000,18,4,ACTACGGC,6 5 4 7,-0.003725737012473314,0.008483213778608167,0.0047574767661348535,0.6948356106738568
20000,18,4,ACTACGGC,4 5 7 6,-0.003725737012473314,-0.006627110759391819,-0.010352847771865133,-0.6401244281212783
20000,19,2,CTATCGCA,0 4,-0.0001500619540923953,0.0007120877171594708,0.0005620257630670755,0.8259444281008644
20000,19,2,CTATCGCA,4 0,-0.0001500619540923953,-0.0007115295374994224,-0.0008615914915918177,-0.82583166668098
20000,19,2,CTATCGCA,4 0,-0.0001500619540923953,-0.0007115295374994224,-0.0008615914915918177,-0.82583166668098
20000,19,2,CTATCGCA,4 0,-0.0001500619540923953,-0.0007115295374994224,-0.0008615914915918177,-0.82583166668098
20000,20,3,TTTGGGCC,4 1 3,0.3845242765056114,0.11147261806190456,0.49599689456751594,0.22474458869163488
20000,20,3,TTTAGGCC,1 4 3,-0.22606563349576836,-0.06978095475918455,-0.2958465882549529,-0.23586871550821853
20000,20,3,TTTAGGCC,1 3 4,-0.22606563349576836,-0.05697622116989298,-0.28304185466566134,-0.2012996319473501
20000,20,3,TTTAGGCC,1 4 3,-0.22606563349576836,-0.06978095475918455,-0.2958465882549529,-0.23586871550821853
20000,21,2,TCTGCGCC,1 3,0.03459268133407434,0.2723551607242959,0.3069478420583702,0.8873011091979071
20000,21,2,TCTGCGCC,3 1,0.03459268133407434,-0.3334425324090583,-0.29884985107498396,-0.9060071426800533
20000,21,2,TTTGCGCC,3 1,0.3235121040887585,0.24479809107347572,0.5683101951622342,0.43074731573941544
20000,21,2,TTTGCGCC,3 1,0.3235121040887585,0.24479809107347572,0.5683101951622342,0.43074731573941544
20000,22,3,TTTAGGCC,0 5 2,-8.650023118975114e-05,-0.000557133784642172,-0.0006436340158319231,-0.865606495209943
20000,22,3,TTTAGGCC,0 2 5,-8.650023118975114e-05,-0.0006002927029302718,-0.000686792934120023,-0.8740519494415263
20000,22,3,TTTAGGCC,2 5 0,-8.650023118975114e-05,0.0006934911585259051,0.000606990927336154,0.8891010435111539
20000,22,3,TTTAGGCC,5 2 0,-8.650023118975114e-05,0.00011000740101652084,2.3507169826769703e-05,0.5598123583365313
20000,23,6,CGGTCGTG,2 4 7 3 6 5,2.527170861491544,0.2999599102125323,2.827130771704076,0.10610047232860369
20000,23,6,CGATCGCG,2 7 3 4 5 6,0.5465885794475815,0.14909933468119885,0.6956879141287804,0.21431928261671473
20000,23,6,CGATCGCG,2 7 4 3 5 6,0.5465885794475815,0.14527650627165922,0.6918650857192408,0.20997808571397186
20000,23,6,CGATATAG,7 3 5 2 4 6,1.3554211622974912,2.571999899446821,3.927421061744312,0.6548826466557933
20000,24,4,CTATCGCA,5 1 2 6,-0.0009381575560821823,-0.00905509467492438,-0.009993252231006562,-0.9061208969417069
20000,24,4,CTATCGCA,6 2 1 5,-0.0009381575560821823,0.007897352736388807,0.006959195180306625,0.8938196521731614
20000,24,4,CTATCGCA,1 6 2 5,-0.0009381575560821823,-0.007362893061956033,-0.008301050618038215,-0.8869832748587797
20000,24,4,CTATCGCA,1 6 2 5,-0.0009381575560821823,-0.007362893061956033,-0.008301050618038215,-0.8869832748587797
20000,25,5,CTATCGCA,3 7 6 4 1,-0.013596725876329263,0.043192086621983705,0.029595360745654442,0.760573865200418
20000,25,5,CTATCGCA,7 6 4 1 3,-0.013596725876329263,0.013077147980565584,-0.0005195778957636787,0.49026054673289654
20000,25,5,CGATCGCG,4 3 1 7 6,-0.1106895590375192,0.08284774990945465,-0.027841809128064554,0.42807120942326227
20000,25,5,CGATCGCG,6 1 4 7 3,-0.1106895590375192,0.14844141080541107,0.037751851767891864,0.5728431877339377
20000,26,6,TTTGGGCC,1 3 2 6 7 5,0.17446433551704543,-0.10512848581450474,0.0693358497025407,-0.3760056689361133
20000,26,6,TGTGGGCG,1 2 5 7 3 6,0.18883843190258354,0.45621447353652655,0.6450529054391101,0.707251249765266
20000,26,6,TGTGGGCG,6 3 2 1 7 5,0.18883843190258354,-0.2909529099165482,-0.10211447801396467,-0.6064155072357048
20000,26,6,TTTAGGCC,5 3 6 7 2 1,-0.14491752142839742,0.06299131977053829,-0.08192620165785913,0.30297566667819387
20000,27,4,CTATCGCA,5 1 7 2,-0.2441236501625635,-0.3217016255616265,-0.56582527572419,-0.5685529426904554
20000,27,4,CTATCGCA,2 5 7 1,-0.2441236501625635,0.2586164202935386,0.014492770130975108,0.5144137805823066
20000,27,4,CTATCGCA,7 5 1 2,-0.2441236501625635,0.03242064380588161,-0.21170300635668188,0.11723490418349021
20000,27,4,CGGTCGCG,7 1 5 2,5.781493022956923,1.0727629373210852,6.854255960278008,0.15651048684758687
20000,28,3,CTATCGCA,3 0 5,-8.876567925372725e-05,-8.468843100195578e-05,-0.00017345411025568302,-0.4882468964103493
20000,28,3,CTATCGCA,5 0 3,-8.876567925372725e-05,5.299123472690681e-06,-8.346655578103657e-05,0.056334817265315244
20000,28,3,CTATCGCA,0 5 3,-8.876567925372725e-05,0.00011552641842649258,2.6760739172765335e-05,0.5654962660735271
20000,28,3,CTATCGCA,5 3 0,-8.876567925372725e-05,-0.0002793034365138336,-0.00036806911576756085,-0.7588342095244318
20000,29,4,CGATAGAT,4 7 3 0,1.2148394588432452,0.4284755150071975,1.6433149738504427,0.26073852050604684
20000,29,4,CGATCGAT,7 4 0 3,-0.7621288318034436,-0.7164148226277582,-1.4785436544312018,-0.4845408659261834
20000,29,4,CGATCGAT,3 7 0 4,-0.7621288318034436,0.6127445677396501,-0.14938426406379346,0.44567344741943593
20000,29,4,CGATAGAT,7 3 0 4,1.2148394588432452,-0.5513698492902916,0.6634696095529535,-0.3121769581618605
20000,30,6,TTTGGGCC,0 2 3 4 5 7,5.306833799792079,0.9145687190661018,6.221402518858181,0.1470036243907834
20000,30,6,CTATCGCA,5 2 0 4 7 3,-0.3907539759496673,0.2183670533039388,-0.17238692264572852,0.3584953446304711
20000,30,6,CTATCGCA,3 4 2 0 7 5,-0.3907539759496673,0.2547691325197432,-0.13598484342992412,0.3946708168570792
20000,30,6,CTATCGCA,2 3 5 0 7 4,-0.3907539759496673,0.29148932246959003,-0.09926465348007729,0.4272512799245729
20000,31,2,CTATCGCA,4 2,-0.00012183667334486614,-0.0024279882437462375,-0.0025498249170911036,-0.9522176316780762
20000,31,2,CTATCGCA,4 2,-0.00012183667334486614,-0.0024279882437462375,-0.0025498249170911036,-0.9522176316780762
20000,31,2,CTATCGCA,2 4,-0.00012183667334486614,0.0024338442762178447,0.0023120076028729786,0.9523271191712279
20000,31,2,CTATCGCA,2 4,-0.00012183667334486614,0.0024338442762178447,0.0023120076028729786,0.9523271191712279
