step,context,hidden,y,order,delta_y,log_rho,delta_tau,share
0,0,5,CCCTTTGG,4 1 0 2 7,13.156807074957673,0.0,13.156807074957673,0.0
0,0,5,CAATTTGC,0 4 7 1 2,10.474081597811534,0.0,10.474081597811534,0.0
0,0,5,TTTTATGG,2 1 7 0 4,14.3647581962732,0.0,14.3647581962732,0.0
0,0,5,ATTTTTGG,7 4 0 2 1,14.838194744901038,0.0,14.838194744901038,0.0
0,1,4,AACGTCGT,3 5 2 0,5.625041626242901,0.0,5.625041626242901,0.0
0,1,4,AAGATTGT,5 3 0 2,2.3312099579589294,0.0,2.3312099579589294,0.0
0,1,4,AAGCTGGT,0 2 3 5,10.66499501155769,0.0,10.66499501155769,0.0
0,1,4,CATCTTGT,2 3 0 5,1.3369000795477488,0.0,1.3369000795477488,0.0
0,2,4,AGATCGGG,5 6 0 3,3.3601151049957556,0.0,3.3601151049957556,0.0
0,2,4,AGATCTAG,5 6 3 0,6.393031027133432,0.0,6.393031027133432,0.0
0,2,4,GGAACGAG,5 3 6 0,10.528381674422626,0.0,10.528381674422626,0.0
0,2,4,AGACCCGG,3 0 6 5,14.819189453535657,0.0,14.819189453535657,0.0
0,3,4,CAGACGAG,7 2 1 5,2.5853365729453133,0.0,2.5853365729453133,0.0
0,3,4,CTAACGAC,5 2 1 7,6.034663102755324,0.0,6.034663102755324,0.0
0,3,4,CAAACCAA,5 2 1 7,9.20948686577508,0.0,9.20948686577508,0.0
0,3,4,CACACAAT,7 2 1 5,2.6804008481874124,0.0,2.6804008481874124,0.0
0,4,7,ATCCTGCG,5 0 2 6 1 7 4,4.720774527760616,0.0,4.720774527760616,0.0
0,4,7,TCTCAGAT,0 4 5 6 1 7 2,-0.1999977453865327,0.0,-0.1999977453865327,0.0
0,4,7,TCACTAGA,0 6 5 2 7 4 1,1.0883102424320903,0.0,1.0883102424320903,0.0
0,4,7,TTCCTCGC,2 1 0 4 6 5 7,12.504339466375733,0.0,12.504339466375733,0.0
0,5,5,TACTTATT,1 2 7 5 3,10.76418606383923,0.0,10.76418606383923,0.0
0,5,5,TATCTTTC,5 3 1 7 2,4.129051366806975,0.0,4.129051366806975,0.0
0,5,5,TGATTTTG,5 7 1 2 3,7.1785940401921,0.0,7.1785940401921,0.0
0,5,5,TCTTTTTT,1 5 7 2 3,9.725475465297652,0.0,9.725475465297652,0.0
0,6,4,TCACTTTA,3 4 6 7,-3.9550178609605178,0.0,-3.9550178609605178,0.0
0,6,4,TCAATTCC,7 3 4 6,0.08799931166236252,0.0,0.08799931166236252,0.0
0,6,4,TCATCTAA,3 4 6 7,4.363987232495786,0.0,4.363987232495786,0.0
0,6,4,TCACATTG,3 7 6 4,1.8364531657650272,0.0,1.8364531657650272,0.0
0,7,2,ACTTACAA,3 7,5.877288020038473,0.0,5.877288020038473,0.0
0,7,2,ACTCACAT,7 3,6.892057834459478,0.0,6.892057834459478,0.0
0,7,2,ACTTACAC,7 3,1.8907778862692455,0.0,1.8907778862692455,0.0
0,7,2,ACTAACAT,7 3,3.0357022389142614,0.0,3.0357022389142614,0.0
0,8,3,AGACTAAT,5 7 4,4.933575075168801,0.0,4.933575075168801,0.0
0,8,3,AGACGCAG,4 7 5,4.350163531578104,0.0,4.350163531578104,0.0
0,8,3,AGACAAAC,7 5 4,5.832450440608447,0.0,5.832450440608447,0.0
0,8,3,AGACAGAA,5 7 4,6.17537644093356,0.0,6.17537644093356,0.0
0,9,4,TTCACGTG,2 5 6 1,3.674640353108985,0.0,3.674640353108985,0.0
0,9,4,TAGACAGG,5 1 2 6,10.338200968658573,0.0,10.338200968658573,0.0
0,9,4,TCGACGTG,5 2 1 6,3.7407089845538932,0.0,3.7407089845538932,0.0
0,9,4,TCAACCCG,6 2 1 5,1.1472885424111041,0.0,1.1472885424111041,0.0
0,10,4,TTAGTCTC,7 3 4 1,6.017901777175937,0.0,6.017901777175937,0.0
0,10,4,TCATGCTG,1 3 4 7,11.610328208265297,0.0,11.610328208265297,0.0
0,10,4,TCAAACTT,4 7 1 3,9.457035139657087,0.0,9.457035139657087,0.0
0,10,4,TAAATCTC,1 3 4 7,8.575154812951423,0.0,8.575154812951423,0.0
0,11,7,TACCTGTC,5 6 0 1 2 7 4,9.193349487119793,0.0,9.193349487119793,0.0
0,11,7,TTCCTGTC,0 7 6 2 1 5 4,13.081871700364093,0.0,13.081871700364093,0.0
0,11,7,TGTCAGAC,0 1 7 2 6 4 5,7.280230857647057,0.0,7.280230857647057,0.0
0,11,7,TATCGGTA,6 5 0 4 2 7 1,-2.381819516950374,0.0,-2.381819516950374,0.0
0,12,1,GACATTGT,0,1.160780379347532,0.0,1.160780379347532,0.0
0,12,1,CACATTGT,0,-0.3960612380660624,0.0,-0.3960612380660624,0.0
0,12,1,GACATTGT,0,1.160780379347532,0.0,1.160780379347532,0.0
0,12,1,GACATTGT,0,1.160780379347532,0.0,1.160780379347532,0.0
0,13,6,ATCGTAAT,6 1 3 2 7 4,6.638240940508236,0.0,6.638240940508236,0.0
0,13,6,ACGCGATC,7 2 1 3 6 4,0.22284072199674654,0.0,0.22284072199674654,0.0
0,13,6,ATAATACC,1 7 6 4 2 3,-2.787358667918115,0.0,-2.787358667918115,0.0
0,13,6,AGCGGAAG,3 7 6 2 1 4,10.990892648605204,0.0,10.990892648605204,0.0
0,14,5,CACCTTCA,2 4 7 1 0,3.0012334870527946,0.0,3.0012334870527946,0.0
0,14,5,TCGCTTCT,4 2 1 7 0,7.3147725583050445,0.0,7.3147725583050445,0.0
0,14,5,TTACTTCT,1 7 0 2 4,3.027057775002607,0.0,3.027057775002607,0.0
0,14,5,TTTCATCT,2 4 0 1 7,4.008222545528768,0.0,4.008222545528768,0.0
0,15,6,GACAGCCA,1 4 2 6 0 7,4.001124127788801,0.0,4.001124127788801,0.0
0,15,6,CTAAGCTA,6 0 7 2 1 4,6.462722545815394,0.0,6.462722545815394,0.0
0,15,6,CGGATCCA,4 0 1 2 7 6,1.889876050464622,0.0,1.889876050464622,0.0
0,15,6,AATAACGT,1 2 6 4 7 0,14.505683011804377,0.0,14.505683011804377,0.0
0,16,2,TAACTTCG,5 7,3.226670317268321,0.0,3.226670317268321,0.0
0,16,2,TAACTGCC,5 7,5.296351856477054,0.0,5.296351856477054,0.0
0,16,2,TAACTACA,5 7,4.982243235779793,0.0,4.982243235779793,0.0
0,16,2,TAACTCCG,5 7,0.6844171052438881,0.0,0.6844171052438881,0.0
0,17,3,GCGCGTCC,4 2 3,9.037578184211146,0.0,9.037578184211146,0.0
0,17,3,GCCCCTCC,4 3 2,6.922815688427753,0.0,6.922815688427753,0.0
0,17,3,GCACCTCC,3 2 4,9.934721250581706,0.0,9.934721250581706,0.0
0,17,3,GCGATTCC,4 3 2,2.9674713375544295,0.0,2.9674713375544295,0.0
0,18,3,CACAGGAG,4 1 5,-2.1963569001779373,0.0,-2.1963569001779373,0.0
0,18,3,CCCAGAAG,5 4 1,3.2326797256184063,0.0,3.2326797256184063,0.0
0,18,3,CTCAGGAG,1 5 4,3.9643139662970226,0.0,3.9643139662970226,0.0
0,18,3,CACAAAAG,1 5 4,0.24430560272002033,0.0,0.24430560272002033,0.0
0,19,2,AGAGTACC,0 2,8.564718815985696,0.0,8.564718815985696,0.0
0,19,2,AGGGTACC,2 0,-0.2430292698382308,0.0,-0.2430292698382308,0.0
0,19,2,TGCGTACC,0 2,1.5638711588600511,0.0,1.5638711588600511,0.0
0,19,2,AGTGTACC,0 2,0.7432293496128595,0.0,0.7432293496128595,0.0
0,20,3,GACATGGT,1 2 4,9.946990507244248,0.0,9.946990507244248,0.0
0,20,3,GAAATGGT,1 4 2,9.762565270159431,0.0,9.762565270159431,0.0
0,20,3,GCGAAGGT,4 2 1,12.478440351746059,0.0,12.478440351746059,0.0
0,20,3,GGAACGGT,1 4 2,11.356223691230827,0.0,11.356223691230827,0.0
0,21,5,GGGCGGCC,7 4 1 0 5,6.210741712803469,0.0,6.210741712803469,0.0
0,21,5,AAGCTCCC,4 7 1 5 0,9.143269089180075,0.0,9.143269089180075,0.0
0,21,5,TTGCGGCA,4 0 1 7 5,-4.025937204612043,0.0,-4.025937204612043,0.0
0,21,5,ACGCCGCA,7 1 5 4 0,2.0843389201140017,0.0,2.0843389201140017,0.0
0,22,2,CTTGCCGG,1 3,1.3722384857951582,0.0,1.3722384857951582,0.0
0,22,2,CGTCCCGG,3 1,6.07643183532309,0.0,6.07643183532309,0.0
0,22,2,CCTCCCGG,3 1,5.309363165576752,0.0,5.309363165576752,0.0
0,22,2,CATTCCGG,3 1,2.8078474817830656,0.0,2.8078474817830656,0.0
0,23,6,AATCGAAG,0 5 7 3 4 6,13.519827951135506,0.0,13.519827951135506,0.0
0,23,6,AATGCCCG,5 6 3 4 7 0,12.499236384465142,0.0,12.499236384465142,0.0
0,23,6,AATTCTCA,4 3 0 5 6 7,10.657974009981652,0.0,10.657974009981652,0.0
0,23,6,AATTTGAC,5 7 6 3 4 0,12.007520926328574,0.0,12.007520926328574,0.0
0,24,2,TAATAGTG,2 5,1.292848592502664,0.0,1.292848592502664,0.0
0,24,2,TAATAATG,5 2,7.420936747622522,0.0,7.420936747622522,0.0
0,24,2,TAATATTG,2 5,1.0075154892391982,0.0,1.0075154892391982,0.0
0,24,2,TAATATTG,5 2,1.0075154892391982,0.0,1.0075154892391982,0.0
0,25,4,ATAGTCTA,1 7 0 2,-3.8876202525349868,0.0,-3.8876202525349868,0.0
0,25,4,TGTGTCTG,7 1 0 2,3.2378067985357646,0.0,3.2378067985357646,0.0
0,25,4,CGGGTCTG,2 0 7 1,9.638875803760813,0.0,9.638875803760813,0.0
0,25,4,AATGTCTG,1 7 2 0,11.469456803881773,0.0,11.469456803881773,0.0
0,26,5,TTTTCATG,7 3 4 2 0,13.563864895726079,0.0,13.563864895726079,0.0
0,26,5,ATCATATG,3 4 7 0 2,4.950297316074791,0.0,4.950297316074791,0.0
0,26,5,TTGCAATC,4 7 3 2 0,14.365194828437778,0.0,14.365194828437778,0.0
0,26,5,CTCCGATC,0 4 3 7 2,7.4710571999353155,0.0,7.4710571999353155,0.0
0,27,2,TCTTTTAA,2 7,6.802552693076123,0.0,6.802552693076123,0.0
0,27,2,TCCTTTAA,7 2,7.146276455154267,0.0,7.146276455154267,0.0
0,27,2,TCTTTTAC,7 2,6.73042856304389,0.0,6.73042856304389,0.0
0,27,2,TCGTTTAA,7 2,9.757184411366264,0.0,9.757184411366264,0.0
0,28,2,TACGTGCA,0 5,1.7769935567069504,0.0,1.7769935567069504,0.0
0,28,2,TACGTCCA,0 5,3.160760478255643,0.0,3.160760478255643,0.0
0,28,2,AACGTGCA,0 5,3.829749939028707,0.0,3.829749939028707,0.0
0,28,2,GACGTTCA,0 5,3.1675495296489666,0.0,3.1675495296489666,0.0
0,29,4,TCCACCTT,5 7 4 1,7.285564073396038,0.0,7.285564073396038,0.0
0,29,4,TACAGCTC,7 4 1 5,6.188119878481891,0.0,6.188119878481891,0.0
0,29,4,TTCATATT,1 7 4 5,11.999337387093046,0.0,11.999337387093046,0.0
0,29,4,TCCATGTT,5 1 4 7,13.230480047043507,0.0,13.230480047043507,0.0
0,30,5,GATAAAGG,2 3 5 0 1,6.415342801233377,0.0,6.415342801233377,0.0
0,30,5,GCACACGG,0 2 1 3 5,12.700919273156757,0.0,12.700919273156757,0.0
0,30,5,CGTTACGG,2 3 1 0 5,17.0762911329012,0.0,17.0762911329012,0.0
0,30,5,TGTCAGGG,1 2 0 5 3,6.879151012145172,0.0,6.879151012145172,0.0
0,31,4,CTATCCAG,4 3 6 7,1.425527486856061,0.0,1.425527486856061,0.0
0,31,4,CTACCCCC,3 6 7 4,6.263749814384891,0.0,6.263749814384891,0.0
0,31,4,CTAACCGG,4 7 3 6,11.325518466550891,0.0,11.325518466550891,0.0
0,31,4,CTATCCAG,7 6 4 3,1.425527486856061,0.0,1.425527486856061,0.0
250,0,5,CTATCTCA,2 4 1 3 5,0.4859463150182961,-0.0713839951753954,0.4145623198429007,-0.12808202581084635
250,0,5,CTATATCA,1 3 5 2 4,-0.5897710609070641,-0.03300530304699656,-0.6227763639540607,-0.05299703867603943
250,0,5,CGATTGCA,1 5 4 2 3,7.680843269699559,0.5233290949089602,8.20417236460852,0.06378816432069587
250,0,5,CGATATCA,2 4 1 3 5,0.048960008329803406,0.25279410037815264,0.30175410870795605,0.8377486605254879
250,1,5,CTATCTCA,0 6 7 4 1,0.9215314598650552,-0.09582855672368762,0.8257029031413676,-0.0941933584583021
250,1,5,CGATATCA,0 7 4 1 6,0.20964889542262188,0.4279518374653781,0.637600732888,0.6711909434717533
250,1,5,CGATCTAT,1 0 7 4 6,0.32337848615917064,-0.23517297869298126,0.08820550746618938,-0.4210408413398958
250,1,5,CGATCTAC,7 4 1 6 0,1.7244722428715704,-0.3740085451897279,1.3504636976818425,-0.1782282436501405
250,2,6,ATATCGGA,0 7 1 6 4 2,1.1204239355056513,-0.6365959626814677,0.48382797282418366,-0.3623157389044387
250,2,6,CGATCGCC,0 6 2 1 4 7,1.3691382219703314,0.8831794994069888,2.2523177213773202,0.39212029946952315
250,2,6,ATATCGAA,6 0 1 2 7 4,1.0052448007670414,-0.16117566537275074,0.8440691353942906,-0.13817973025297922
250,2,6,CAATCGCG,0 1 4 6 2 7,1.5123159111002638,0.6645827639569069,2.1768986750571706,0.30528879068726217
250,3,2,CGATATAT,2 0,-0.10422300317494992,0.016653814675195222,-0.0875691884997547,0.13777509179503292
250,3,2,CGATATAT,2 0,-0.10422300317494992,0.016653814675195222,-0.0875691884997547,0.13777509179503292
250,3,2,CGATATAT,2 0,-0.10422300317494992,0.016653814675195222,-0.0875691884997547,0.13777509179503292
250,3,2,CGATATAT,2 0,-0.10422300317494992,0.016653814675195222,-0.0875691884997547,0.13777509179503292
250,4,5,CGGTATTA,1 3 5 2 7,-0.2411149583164729,-0.24200109274410675,-0.48311605106057964,-0.5009171030704616
250,4,5,CGATATTA,1 5 3 2 7,-0.520409545886495,0.13402417872211814,-0.3863853671643769,0.2047941199886541
250,4,5,CGATATTT,7 1 2 5 3,1.582655867828242,-0.16979155248714672,1.4128643153410954,-0.09688824356087629
250,4,5,CAATATTA,7 5 1 3 2,2.349505706275875,0.16757015651050455,2.5170758627863794,0.06657334369136017
250,5,5,CGATCGGG,3 1 4 6 5,2.079471160985948,-0.6121425825663618,1.4673285784195862,-0.22742586451445096
250,5,5,CGATATCG,1 3 5 6 4,-0.3235632476954966,0.04918519367625773,-0.27437805401923887,0.13195278160051033
250,5,5,CGATATCG,1 3 6 4 5,-0.3235632476954966,-0.02064507494518697,-0.3442083226406836,-0.05997843046560558
250,5,5,CGATATAG,1 6 5 4 3,-0.824452225647053,0.12388244290952866,-0.7005697827375243,0.13063156606737225
250,6,3,CGATCGGT,0 7 6,3.623614630425992,0.1619418989803325,3.7855565294063247,0.042778888050505295
250,6,3,CGATCGCG,6 7 0,-1.9311874503669126,-0.08294646259474314,-2.014133912961656,-0.04118219849283787
250,6,3,CGATCGAA,0 6 7,0.9239180461505248,0.4714969962010569,1.3954150423515816,0.33789014873057455
250,6,3,CGATCGCT,7 0 6,0.06806861214553761,0.20082024819032362,0.26888886033586124,0.7468522419987385
250,7,4,CTATATAT,2 6 5 4,-0.10668743212492005,0.005392663705443113,-0.10129476841947693,0.04811437450593443
250,7,4,CTATCGCT,5 2 6 4,-0.7399443768850489,-0.14590849232592085,-0.8858528692109697,-0.16470962323109223
250,7,4,CTATATAT,2 6 5 4,-0.10668743212492005,0.005392663705443113,-0.10129476841947693,0.04811437450593443
250,7,4,CTATCTAT,2 6 5 4,0.05727884884544565,0.3126100845151587,0.36988893336060436,0.8451458162723551
250,8,3,CAATATCG,4 0 7,0.4949444915483314,0.04762331893180538,0.5425678104801368,0.08777394827323405
250,8,3,CAATATCT,4 7 0,0.02105158416813757,-0.05318612656090971,-0.032134542392772136,-0.7164300466514704
250,8,3,CAATATCT,7 4 0,0.02105158416813757,0.1313444370916057,0.15239602125974328,0.861862639233492
250,8,3,CAATCTCT,7 0 4,-1.4020125660334406,0.19751419005694615,-1.2044983759764945,0.12348289223977503
250,9,4,CTATCTCT,2 1 4 7,0.7093193500680415,0.28271223581959903,0.9920315858876405,0.28498309916879966
250,9,4,CTATATCT,1 2 4 7,1.2038182444196774,0.1614763280368896,1.365294572456567,0.11827215261417624
250,9,4,CTATCTCA,2 7 1 4,0.7931499899999399,0.539602992454371,1.332752982454311,0.4048784730240659
250,9,4,CGATATCA,1 4 7 2,0.2014745216654963,-0.1937208474904195,0.007753674175076775,-0.49019007460583663
250,10,6,GGCTATAA,7 4 0 5 3 6,3.802035585330909,0.26142676984369295,4.063462355174602,0.06433596450346832
250,10,6,CGCTCGCT,7 4 3 0 5 6,10.378437066419485,-0.910645442744352,9.467791623675133,-0.08066602773122986
250,10,6,TGCTCCTA,6 4 3 5 0 7,7.918742045696742,0.2726886662746093,8.191430711971352,0.0332895041004362
250,10,6,CGCTATCG,6 3 4 5 0 7,3.0012624036697697,-0.05975079541642003,2.9415116082533497,-0.019519940467508455
250,11,5,CAATATCT,6 2 5 7 1,1.5955960275237349,0.17192855538112894,1.7675245829048638,0.09727081424721713
250,11,5,CGATATCG,2 5 1 7 6,0.0699039863479678,0.2113963611178331,0.2813003474658009,0.7514969783090425
250,11,5,CGATATTA,5 6 1 2 7,0.5317053327606165,-0.3057910600406881,0.22591427271992837,-0.3651252264118549
250,11,5,CGATAGCG,1 7 2 5 6,2.3219152409671935,-0.12288071387832122,2.1990345270888723,-0.05026215526689465
250,12,5,TTATATCT,7 4 0 5 3,3.1976171383573115,0.6513906086354719,3.8490077469927835,0.16923598273981164
250,12,5,ATATCGCA,5 3 7 4 0,0.38017554411472565,0.3999611311055391,0.7801366752202648,0.5126808465870594
250,12,5,CTATCGCA,5 7 0 3 4,0.49970891302364606,-0.05427870186071804,0.445430211162928,-0.0979781865196532
250,12,5,ATATCGCC,5 0 4 3 7,-0.9702933532377793,0.5612106398793673,-0.40908271335841206,0.3664441244695074
250,13,3,CTATCTAG,1 7 0,2.7293209526933726,0.35906488974555284,3.0883858424389254,0.11626296326432974
250,13,3,CGATCTAT,0 1 7,-0.46650866658419976,0.01389067187589732,-0.45261799470830244,0.028914843888884968
250,13,3,CAATCTAT,7 0 1,-0.3898518475160464,0.3140242575669312,-0.0758275899491152,0.4461356981707909
250,13,3,CGATCTAT,1 7 0,-0.46650866658419976,-0.09158545419889363,-0.5580941207830934,-0.16410395807500158
250,14,3,CGATATCC,2 3 5,-0.036933254449342395,-0.03243745145740995,-0.06937070590675234,-0.46759581055744426
250,14,3,CGATATCC,5 2 3,-0.036933254449342395,-0.029162107309131713,-0.06609536175847411,-0.44121261361267655
250,14,3,CGATATCC,2 3 5,-0.036933254449342395,-0.03243745145740995,-0.06937070590675234,-0.46759581055744426
250,14,3,CGATATCC,2 5 3,-0.036933254449342395,-0.006777705898313613,-0.04371096034765601,-0.15505735505253126
250,15,3,TGATCTTG,0 7 1,-0.2697147218876421,0.1081324797845924,-0.16158224210304972,0.28618044359209643
250,15,3,CTATCTTA,0 1 7,0.8695998950014061,-0.3013160049049839,0.5682838900964222,-0.25733360092648233
250,15,3,CGATCTTG,7 1 0,0.13574518555385096,0.016412463002451805,0.15215764855630276,0.10786485699651645
250,15,3,GGATCTTA,7 1 0,1.444991551512139,0.15655576020737794,1.601547311719517,0.09775281633065858
250,16,5,CTATCTAT,6 4 3 5 7,0.31365332872410745,-0.2356496006051234,0.07800372811898404,-0.4289975312763792
250,16,5,CTATCGCA,4 5 6 7 3,0.454769510780332,0.15213625312303503,0.606905763903367,0.25067524840192246
250,16,5,CTATATAT,7 6 5 4 3,0.1892347205699858,0.363272114368022,0.5525068349380078,0.657497955493676
250,16,5,CTATATCT,4 3 5 7 6,0.7916337046543225,-0.34600773749185887,0.4456259671624636,-0.3041448075582663
250,17,3,CAATATCT,1 2 7,1.317155597878127,-0.21238907876953217,1.104766519108595,-0.13885771498680938
250,17,3,CGATATCG,2 1 7,-0.22926316102595523,0.14249907115889826,-0.08676408986705697,0.383307014059574
250,17,3,CGATATCT,1 2 7,-0.26592893414148455,-0.01607561996999496,-0.2820045541114795,-0.05700482398465129
250,17,3,CGATATCT,2 7 1,-0.26592893414148455,0.06210873135504014,-0.20382020278644442,0.18933414631222625
250,18,4,CGATATCA,5 1 7 3,0.19922104189368106,0.010406319178527745,0.2096273610722088,0.04964198912442139
250,18,4,CGATATCA,5 1 7 3,0.19922104189368106,0.010406319178527745,0.2096273610722088,0.04964198912442139
250,18,4,CGATATCG,7 3 1 5,-0.2617690626724065,-0.04521851630064022,-0.30698757897304674,-0.14729754360716454
250,18,4,CAATATCA,5 3 1 7,0.49250482458089895,0.11136559404990098,0.6038704186307999,0.1844196877575299
250,19,2,GTATCGCT,5 2,-0.1239547401615696,0.06413630593195296,-0.059818434229616635,0.34098542840823554
250,19,2,GTATCCCT,5 2,-0.1346589191608012,-0.15330805244322532,-0.2879669716040265,-0.5323806809832135
250,19,2,GTATCGCT,2 5,-0.1239547401615696,-0.07064922096580528,-0.19460396112737488,-0.36304102216893197
250,19,2,GTATCGCT,5 2,-0.1239547401615696,0.06413630593195296,-0.059818434229616635,0.34098542840823554
250,20,3,CAATATAT,4 6 5,-0.31215581414487015,-0.06074458854309639,-0.37290040268796654,-0.1628976212018894
250,20,3,CAATATAT,4 6 5,-0.31215581414487015,-0.06074458854309639,-0.37290040268796654,-0.1628976212018894
250,20,3,CAATATAT,6 4 5,-0.31215581414487015,-0.03697446482292732,-0.34913027896779747,-0.10590449196283463
250,20,3,CAATATCT,5 4 6,1.6466655976193882,0.2790243409497699,1.9256899385691582,0.1448957775399153
250,21,2,CGATATAT,4 0,-0.1372780255273407,0.06496663661511559,-0.0723113889122251,0.32122794207223454
250,21,2,CGATATAT,0 4,-0.1372780255273407,-0.06318212403146606,-0.20046014955880676,-0.3151854579103316
250,21,2,CGATATAT,4 0,-0.1372780255273407,0.06496663661511559,-0.0723113889122251,0.32122794207223454
250,21,2,CGATATAT,4 0,-0.1372780255273407,0.06496663661511559,-0.0723113889122251,0.32122794207223454
250,22,4,CAATATAT,2 1 7 4,-0.0014506725889387173,-0.32756055198023404,-0.32901122456917276,-0.9955908112532078
250,22,4,CGATATAT,7 2 1 4,-0.47978819317110655,0.03855258774692949,-0.44123560542417706,0.07437691411941157
250,22,4,CAATATAT,7 1 4 2,-0.0014506725889387173,0.20336899109771167,0.20191831850877295,0.9929173177866454
250,22,4,CAATATAT,1 4 2 7,-0.0014506725889387173,-0.19788188538858975,-0.19933255797752847,-0.9927223500081594
250,23,3,ATATACGC,5 7 2,-0.03788289694013525,0.05541915623878291,0.01753625929864766,0.5939757416968077
250,23,3,ATATACGG,2 7 5,0.9587873774998887,0.2763728310134801,1.2351602085133688,0.22375464260310063
250,23,3,ATATAGGG,7 5 2,0.7379289971448002,0.13104250423432395,0.8689715013791242,0.1508018433589013
250,23,3,ATATACGC,7 2 5,-0.03788289694013525,-0.15616365554335365,-0.1940465524834889,-0.8047741819924441
250,24,2,CGATATCG,2 1,-0.10447325856703049,-0.011020788171593576,-0.11549404673862407,-0.09542299783238915
250,24,2,CGGTATCG,1 2,0.061471964705332116,0.07301181524036604,0.13448377994569816,0.5429042466671203
250,24,2,CGATATCG,2 1,-0.10447325856703049,-0.011020788171593576,-0.11549404673862407,-0.09542299783238915
250,24,2,CAATATCG,1 2,1.907460725464976,-0.06909255395755665,1.8383681715074194,-0.034956079695328345
250,25,3,CGATCGAT,2 5 7,0.8734485176609419,0.06049472660135358,0.9339432442622955,0.06477345060634519
250,25,3,CGATCTAT,2 5 7,-0.634653807476466,-0.02283927560808885,-0.6574930830845549,-0.03473690628187441
250,25,3,CGATCTAT,2 5 7,-0.634653807476466,-0.02283927560808885,-0.6574930830845549,-0.03473690628187441
250,25,3,CGATCCAT,2 5 7,0.4071060683045902,-0.16149255210219327,0.2456135162023969,-0.2840185436726161
250,26,6,CGATATCG,7 2 3 6 1 4,-0.10312201899384776,-0.28600429015348894,-0.3891263091473367,-0.7349908845284419
250,26,6,CGATCTTG,2 3 1 7 6 4,1.5459507256561853,0.26799686123708355,1.8139475868932688,0.14774234006180922
250,26,6,CTATGTAT,3 2 1 7 6 4,2.8479337450454114,1.2918383068456318,4.139772051891043,0.3120554201180042
250,26,6,CAGTATCA,7 4 3 2 1 6,0.6922167272284057,1.1658409683530166,1.8580576955814223,0.6274514355100272
250,27,6,CGATATCT,6 2 1 3 5 7,0.08095828694508711,-0.044864490310558836,0.036093796634528275,-0.35656890818268494
250,27,6,CGGTATAC,3 1 2 5 6 7,1.3391958118051681,0.47498006316632857,1.8141758749714967,0.2618158855043705
250,27,6,CGATATCG,5 2 6 7 3 1,0.06992866493869387,-0.12417852274262664,-0.054249857803932766,-0.6397420117512562
250,27,6,CGATATAT,5 7 3 6 1 2,-0.538658316110471,-0.153490903997632,-0.692149220108103,-0.22175984533170331
250,28,5,CAATATAT,3 7 5 4 2,-0.24296580569594528,-0.10093305224665539,-0.34389885794260067,-0.2934963286894715
250,28,5,CAATATAT,7 2 3 4 5,-0.24296580569594528,-0.19222722167261974,-0.435193027368565,-0.44170565607390233
250,28,5,CAATATAT,3 5 2 7 4,-0.24296580569594528,-0.021218742822493475,-0.26418454851843876,-0.08031787983623316
250,28,5,CAATATAT,3 5 7 2 4,-0.24296580569594528,0.035465669239674646,-0.20750013645627063,0.1273766525421566
250,29,4,GTATCGCC,0 1 6 7,0.18680060784550534,0.35336801318823596,0.5401686210337413,0.6541809343015559
250,29,4,GTATCGCG,0 1 7 6,-0.6389336465379332,-0.11121596472548845,-0.7501496112634216,-0.14825837813629686
250,29,4,ATATCGCG,6 0 1 7,-0.3582391650664718,-0.2594228143109252,-0.617661979377397,-0.42000774367304144
250,29,4,ATATCGCC,1 6 0 7,-0.8786453949871844,0.680793668028215,-0.19785172695896946,0.4365631746532004
250,30,2,CGATCCCC,4 7,1.3255335049033325,0.00626596339143326,1.3317994682947658,0.004704885037577159
250,30,2,CGATCCCC,4 7,1.3255335049033325,0.00626596339143326,1.3317994682947658,0.004704885037577159
250,30,2,CGATCCCC,7 4,1.3255335049033325,-0.006250952406753996,1.3192825524965786,-0.004693666735966834
250,30,2,CGATCCCT,4 7,-0.10053167643628358,0.006211874404595807,-0.09431980203168777,0.05819437666876692
250,31,3,CGATATTC,7 5 3,1.6861658882876518,-0.11053767161249306,1.5756282166751587,-0.0615224871144778
250,31,3,CGATACTG,5 7 3,0.1694704597668597,-0.08941745567641579,0.08005300409044391,-0.34539061247147285
250,31,3,CGATACTA,7 5 3,0.47748009771502087,0.12264524358430506,0.6001253412993259,0.2043660467974356
250,31,3,CGATATTA,3 5 7,-0.6572305111017165,-0.10579934829059368,-0.7630298593923102,-0.13865689132382586
500,0,1,CGATATCC,3,-0.001696935419166934,0.0,-0.001696935419166934,0.0
500,0,1,CGATATCC,3,-0.001696935419166934,0.0,-0.001696935419166934,0.0
500,0,1,CGATATCC,3,-0.001696935419166934,0.0,-0.001696935419166934,0.0
500,0,1,CGATATCC,3,-0.001696935419166934,0.0,-0.001696935419166934,0.0
500,1,7,CAATATAT,2 3 7 5 4 0 1,0.1619980692437022,-0.37459447314926564,-0.21259640390556345,-0.6980985450873736
500,1,7,CGATATAT,3 2 0 4 7 5 1,-0.4061290146055814,-0.1039447953696424,-0.5100738099752238,-0.20378383154918578
500,1,7,CCATCGAT,3 0 5 4 1 7 2,0.6319731187606639,-0.34679156023017477,0.2851815585304891,-0.35431556499130756
500,1,7,CAATATAT,3 0 7 4 1 5 2,0.1619980692437022,-0.27816740782895266,-0.11616933858525047,-0.6319609835803585
500,2,4,CCATATAT,4 5 7 2,-0.25666809037501576,-0.017827567738462502,-0.27449565811347826,-0.064946629250844
500,2,4,CCATATAT,4 7 2 5,-0.25666809037501576,0.013326998705994075,-0.24334109166902168,0.049360152258159845
500,2,4,CCATATAT,7 2 4 5,-0.25666809037501576,-0.0780661852108131,-0.33473427558582886,-0.2332183791880501
500,2,4,CCATATAT,7 5 2 4,-0.25666809037501576,0.033454019482265895,-0.22321407089274986,0.11531013440762156
500,3,4,GGATATAT,5 3 6 7,0.8720931253683608,0.13468238169561797,1.0067755070639788,0.13377598158738196
500,3,4,GGATATCC,7 5 3 6,0.31375204359957376,-0.09765561976460813,0.21609642383496563,-0.23736947184224536
500,3,4,GGATACTG,6 5 7 3,0.9363907110146243,0.0005599134283240659,0.9369506244429484,0.0005975911789983117
500,3,4,GGATATCG,3 7 5 6,-0.36437654467279024,0.17086601468502938,-0.19351052998776086,0.3192309948036144
500,4,5,GTATCGCC,3 0 7 4 5,0.2615593337887212,-0.2570158348137097,0.004543498975011495,-0.4956192474590942
500,4,5,CTATATCC,7 4 5 3 0,1.3264844349057339,-0.4782277670581019,0.848256667847632,-0.2649883823790343
500,4,5,CTATCGCA,5 0 3 7 4,0.2778687524539927,-0.29569477047190684,-0.01782601801791417,-0.5155397068549434
500,4,5,CTATATCA,0 7 4 5 3,-0.590335301912523,0.2520192935082948,-0.33831600840422826,0.2991843279283028
500,5,5,CAATATAT,3 6 7 0 1,-0.12057026230401391,0.12910524883694485,0.008534986532930944,0.5170921579251566
500,5,5,CGATATAT,0 6 1 3 7,-0.29787527031320415,0.12774172074740608,-0.17013354956579807,0.3001330384604287
500,5,5,CGATATAT,0 3 1 6 7,-0.29787527031320415,-0.0043767343869260955,-0.30225200470013025,-0.014480414749501277
500,5,5,CGATATAG,0 7 6 3 1,-0.13644881810491682,-0.2093342048893847,-0.3457830229943015,-0.6053917947638352
500,6,3,CGATATCG,2 6 4,-0.1701785806089513,0.01646936578161351,-0.1537092148273378,0.08823759435933472
500,6,3,CGATATTG,2 6 4,1.0989680871140886,0.0019079204672314276,1.10087600758132,0.001733092967865859
500,6,3,CGATATCG,4 2 6,-0.1701785806089513,-0.06776589075618156,-0.23794447136513286,-0.28479708045913277
500,6,3,CGATATCG,6 4 2,-0.1701785806089513,-0.06618345076733001,-0.2363620313762813,-0.2800088084450752
500,7,5,CGATATCT,1 3 5 2 7,-0.27696984683694814,0.1390915706379845,-0.13787827619896365,0.33430538087892914
500,7,5,CGAGATCT,1 7 5 3 2,0.40425955508638545,0.4619033001313131,0.8661628552176985,0.5332753504134276
500,7,5,CTATATCA,7 3 5 1 2,-0.13576852732915556,-0.0320049677974934,-0.16777349512664896,-0.19076295557491646
500,7,5,CTATATCG,2 3 5 7 1,0.28504296901773785,0.171132270764363,0.45617523978210084,0.3751458997338544
500,8,5,CGATCCGG,1 7 2 4 0,-0.3936912060506921,-0.09056141578175314,-0.4842526218324452,-0.18701275263944367
500,8,5,TGATCCGC,2 7 1 4 0,-0.038000311089777306,0.2744817209359187,0.2364814098461414,0.8783920123552817
500,8,5,TGATCCGA,4 1 2 0 7,0.8949696268042739,0.039119463812032684,0.9340890906163066,0.04187979948060617
500,8,5,TGATCCGC,2 7 1 0 4,-0.038000311089777306,0.19576323748789015,0.15776292639811285,0.8374412464176305
500,9,6,ATATATCC,1 7 6 4 5 0,3.5345530546810053,-0.3091552769720449,3.2253977777089604,-0.08043151308493993
500,9,6,CAATATAT,0 5 4 6 7 1,-0.44124166092107187,0.4198891240387699,-0.021352536882301987,0.4876020360349225
500,9,6,CTATATAT,6 4 7 1 5 0,0.7847733972994213,-0.45264623470753307,0.33212716259188824,-0.36579849147325405
500,9,6,TGATATCG,6 4 1 7 0 5,1.3437806447562348,0.35262271022598135,1.6964033549822162,0.20786489792675397
500,10,4,GTATCGCT,1 2 6 0,0.8435101861838414,0.4543293864255067,1.2978395726093481,0.35006590646027447
500,10,4,CTATCGCT,6 2 1 0,-0.665057690508474,-0.05728111452858231,-0.7223388050370563,-0.07929951170994305
500,10,4,CTATCGCT,1 6 0 2,-0.665057690508474,0.05765022754699656,-0.6074074629614774,0.07976974668011273
500,10,4,CGATCGAT,2 6 1 0,0.4275797491607478,-0.13832721972868134,0.2892525294320665,-0.24443455785699764
500,11,2,CGATATAG,0 1,-0.22601329842986617,0.03651221409169603,-0.18950108433817014,0.1390806315965087
500,11,2,CGATATAG,0 1,-0.22601329842986617,0.03651221409169603,-0.18950108433817014,0.1390806315965087
500,11,2,CGATATAG,0 1,-0.22601329842986617,0.03651221409169603,-0.18950108433817014,0.1390806315965087
500,11,2,CGATATAG,0 1,-0.22601329842986617,0.03651221409169603,-0.18950108433817014,0.1390806315965087
500,12,5,CTATCGTA,5 2 6 7 4,-0.9015256150086071,-0.11503198538355974,-1.0165576003921668,-0.11315835456759439
500,12,5,CTATCGAT,5 7 6 2 4,0.4494598071496583,0.3550209847840238,0.804480791933682,0.4413044889868423
500,12,5,CTATATCC,2 6 5 7 4,0.9035382669629834,0.33551267800284634,1.2390509449658298,0.2707819879126108
500,12,5,CTATATAT,2 5 6 4 7,0.565956103970453,0.13365927220170093,0.699615376172154,0.19104679049937215
500,13,2,CGATATAT,3 2,-0.07447290365124981,0.09212732921724276,0.01765442556599295,0.5529843964261701
500,13,2,CGATATAT,3 2,-0.07447290365124981,0.09212732921724276,0.01765442556599295,0.5529843964261701
500,13,2,CGGTATAT,2 3,0.8927146367584418,-0.06828769438917393,0.8244269423692678,-0.0710588228309766
500,13,2,CGATATAT,3 2,-0.07447290365124981,0.09212732921724276,0.01765442556599295,0.5529843964261701
500,14,5,GGATATAT,5 7 0 2 3,2.095980629477917,-0.45046056072241125,1.6455200687555056,-0.1768980813128355
500,14,5,CGATATAG,5 3 7 2 0,-0.26987538573955216,0.2714712406639723,0.0015958549244201592,0.5014739677376604
500,14,5,CGATATAT,0 2 7 3 5,-0.07786591030868067,0.07178450629432831,-0.006081404014352365,0.47968129941634224
500,14,5,CGATATAT,5 7 0 2 3,-0.07786591030868067,0.0012103167580548302,-0.07665559355062584,0.015305696831405433
500,15,2,CGATATAG,1 0,-0.22601329842986617,-0.034717430028043506,-0.2607307284579097,-0.13315434752696598
500,15,2,CGATATAG,0 1,-0.22601329842986617,0.03651221409169603,-0.18950108433817014,0.1390806315965087
500,15,2,CGATATAG,0 1,-0.22601329842986617,0.03651221409169603,-0.18950108433817014,0.1390806315965087
500,15,2,CAATATAG,0 1,2.155065115256469,-0.025008053614383297,2.1300570616420855,-0.011471199210866843
500,16,4,CTATCTTA,7 2 5 3,1.984366272128086,-0.190121072867524,1.794245199260562,-0.08743259568977066
500,16,4,CTATCGTA,7 2 5 3,-0.46526192946984835,-0.093599718767166,-0.5588616482370143,-0.16748280913967847
500,16,4,CTATCGTA,3 7 5 2,-0.46526192946984835,0.1841907143779622,-0.28107121509188615,0.28360915321968344
500,16,4,CTATCGTA,2 7 5 3,-0.46526192946984835,-0.009263932243868567,-0.4745258617137169,-0.01952250233614776
500,17,3,CGATATCA,4 5 3,-0.060713157024396947,0.07953211472030253,0.01881895769590558,0.5670930201845356
500,17,3,CGATATCA,5 4 3,-0.060713157024396947,0.06861959577198595,0.007906438747589006,0.5305662663812493
500,17,3,CGATATCA,4 5 3,-0.060713157024396947,0.07953211472030253,0.01881895769590558,0.5670930201845356
500,17,3,CGATATCA,3 5 4,-0.060713157024396947,-0.06860655646179348,-0.12931971348619042,-0.53051893336525
500,18,5,CGATCGTA,0 1 7 5 6,0.07450750126638273,0.07164247404083124,0.14614997530721396,0.4901983314758382
500,18,5,ATATCGCG,5 6 7 1 0,-0.37967599459552925,0.5465291234551453,0.166853128859616,0.5900735299383689
500,18,5,CGATCGCT,1 6 7 5 0,0.12786998112497816,-0.6076623592980805,-0.4797923781731024,-0.8261531490900444
500,18,5,CGATCTAT,6 5 0 7 1,-0.0028996763190147767,0.05416794712277273,0.051268270803757954,0.9491887668675633
500,19,2,CGATATAT,5 1,-0.2258409771260057,0.0020082638642779926,-0.2238327132617277,0.008814002871151246
500,19,2,CGATACAT,1 5,0.8468999145824299,0.29413467712658603,1.1410345917090159,0.25777893086136655
500,19,2,CTATATAT,5 1,1.0481638279306331,0.062236508904846666,1.1104003368354798,0.056048712198893916
500,19,2,CGATATAT,1 5,-0.2258409771260057,-0.0020136303224571606,-0.22785460744846286,-0.008837347398878525
500,20,2,TGATAATA,5 0,2.52642155291454,-0.13925248787591205,2.387169065038628,-0.052239128169856625
500,20,2,CGATAGTA,5 0,0.9030302454225603,-0.1889437188568328,0.7140865265657275,-0.17302950897874114
500,20,2,GGATACTA,0 5,1.6995033765819398,-0.18372823597275234,1.5157751406091875,-0.09756008488170839
500,20,2,GGATAATA,5 0,-0.09541449335331187,-0.18725524006631478,-0.28266973341962665,-0.6624523885206065
500,21,3,CGATATTA,3 5 1,-0.3259019978969544,-0.09300248440482717,-0.41890448230178157,-0.2220135814584757
500,21,3,CTATATTA,3 5 1,0.6346678337425873,0.0005190368802643341,0.6351868706228516,0.0008171404420802604
500,21,3,CTATATTA,3 5 1,0.6346678337425873,0.0005190368802643341,0.6351868706228516,0.0008171404420802604
500,21,3,CGATATTA,3 1 5,-0.3259019978969544,-0.06289573129394155,-0.38879772919089595,-0.16176980103466693
500,22,5,CGATATAG,0 7 6 2 1,-0.26089618218214605,-0.6380355658528432,-0.8989317480349892,-0.7097708666398206
500,22,5,CGATATCC,1 0 6 7 2,0.3489585140003122,-0.15150479456421984,0.19745371943609236,-0.3027290751819104
500,22,5,CGATATAA,0 7 2 6 1,0.5156980906787538,0.07215802833843465,0.5878561190171885,0.12274777110268509
500,22,5,CGATATAT,7 1 6 2 0,-0.4707666165418847,-0.036326979546663196,-0.5070935960885479,-0.07163762237754594
500,23,6,ATATCGCG,7 2 3 1 6 0,0.20275875768861606,-0.21799151606524259,-0.01523275837662652,-0.5181018995433118
500,23,6,ATATCGTA,3 2 7 6 1 0,-0.1886082488834635,-0.24216065688494126,-0.43076890576840476,-0.5621590918986493
500,23,6,ATATCGCC,7 3 6 1 0 2,-0.42855743301020155,-0.7627639256776728,-1.1913213586878744,-0.6402671454810344
500,23,6,ATATCGTA,3 6 7 2 0 1,-0.1886082488834635,-0.024123406898858946,-0.21273165578232245,-0.11339829425077765
500,24,4,CGATATAG,0 2 4 5,-0.20981778364536424,-0.02848642519093625,-0.2383042088363005,-0.1195380699738483
500,24,4,CGATCTAG,2 0 5 4,0.6661546484978693,0.32326435114999086,0.9894189996478602,0.3267213902957619
500,24,4,CGATATAG,0 5 4 2,-0.20981778364536424,-0.05337672135211102,-0.26319450499747526,-0.20280332734387083
500,24,4,CGATATAG,5 4 0 2,-0.20981778364536424,0.02045103149138816,-0.18936675215397608,0.08881372616280095
500,25,3,CAATATAT,4 3 6,-0.15841272269049989,0.10901258290201166,-0.04940013978848823,0.40763749960192336
500,25,3,CAATATAT,4 6 3,-0.15841272269049989,0.08134833127647378,-0.0770643914140261,0.33928917949985016
500,25,3,CAATATAT,4 3 6,-0.15841272269049989,0.10901258290201166,-0.04940013978848823,0.40763749960192336
500,25,3,CAATATAT,6 4 3,-0.15841272269049989,0.08945161626130083,-0.06896110642919906,0.3608894149097238
500,26,3,CTATCTCC,0 5 2,0.0008289077328382799,-0.46955142110139647,-0.4687225133685582,-0.9982377925222923
500,26,3,CTATCTCC,0 5 2,0.0008289077328382799,-0.46955142110139647,-0.4687225133685582,-0.9982377925222923
500,26,3,ATATCTCC,5 2 0,1.5965897877590365,0.28435410097940306,1.8809438887384395,0.15117628052696513
500,26,3,CTATCGCC,5 0 2,0.41337102881131305,-0.22298997712815538,0.19038105168315766,-0.3504142696470728
500,27,4,CGATATAC,1 7 0 5,0.4794328468850524,-0.25271363303079797,0.22671921385425442,-0.3451681322839164
500,27,4,CGATATAT,5 0 1 7,-0.2523431102587397,0.06268880972376678,-0.1896543005349729,0.1989919298566566
500,27,4,CGATATAT,1 5 7 0,-0.2523431102587397,0.04900578213593576,-0.20333732812280392,0.16262141117065426
500,27,4,CGATATAG,1 7 0 5,-0.1688275172587721,-0.026829011986768236,-0.19565652924554033,-0.137123008826856
500,28,5,CGATATAT,5 0 6 2 4,-0.24170238557511692,-0.06867578411331898,-0.3103781696884359,-0.22126486596095715
500,28,5,CGATATAT,2 6 4 5 0,-0.24170238557511692,-0.03249502666151649,-0.2741974122366334,-0.11850960370651915
500,28,5,CGGTATCT,6 0 4 5 2,0.830123366996677,0.3843557886336004,1.2144791556302774,0.3164778801280715
500,28,5,CGATATAT,5 0 2 6 4,-0.24170238557511692,-0.17775460118284947,-0.4194569867579664,-0.4237731323937079
500,29,2,CTATATCA,0 1,-0.14864585016159537,0.0667081301378113,-0.08193772002378408,0.3097603770548702
500,29,2,CGATATCA,1 0,-0.18276336215674815,-0.013465655083287675,-0.19622901724003583,-0.068622139949954
500,29,2,TCATATCA,0 1,3.595414449940452,0.31847735962678136,3.9138918095672333,0.08137101767818054
500,29,2,CTATATCA,0 1,-0.14864585016159537,0.0667081301378113,-0.08193772002378408,0.3097603770548702
500,30,3,CTATCATA,1 3 5,0.25449953610743536,0.4205185274782921,0.6750180635857275,0.6229737397610933
500,30,3,CGATCGTA,1 5 3,0.4160655656729557,0.009762407668019613,0.42582797334097533,0.02292570774866054
500,30,3,CTATCGTA,5 3 1,-0.5127094448319304,-0.060900173671904145,-0.5736096185038345,-0.10617007056254067
500,30,3,CTATCGTA,5 3 1,-0.5127094448319304,-0.060900173671904145,-0.5736096185038345,-0.10617007056254067
500,31,4,CGATATAT,0 5 4 6,-0.29885199453923894,0.037688845325524856,-0.2611631492137141,0.11198892039572318
500,31,4,CGATCCAT,6 4 5 0,0.9906197281302198,0.1648081594876114,1.1554278876178312,0.14263820464589935
500,31,4,CGATATCT,4 0 5 6,-0.020511586500990386,0.17271725262641224,0.15220566612542186,0.8938482133742657
500,31,4,CGATATAT,0 5 4 6,-0.29885199453923894,0.037688845325524856,-0.2611631492137141,0.11198892039572318
1000,0,5,CGATCTCA,5 7 3 2 1,0.7373968796108077,-0.08724037048128697,0.6501565091295207,-0.10579242020845414
1000,0,5,CGATCGCA,3 2 5 7 1,-0.4121320180512722,-0.07099133266128277,-0.48312335071255497,-0.14694245798009595
1000,0,5,CTATCGCT,2 5 7 1 3,-0.7482010806043222,-0.16135105380976977,-0.909552134414092,-0.1773961576305987
1000,0,5,CGATCGCG,1 7 3 2 5,-0.7109490300004531,-0.05835071620745236,-0.7692997462079054,-0.07584912967289985
1000,1,6,CACTATCA,4 5 2 7 1 0,-0.4021899109901952,0.3593469063330339,-0.04284300465716129,0.47187069378486995
1000,1,6,ATATCGCT,1 4 2 5 0 7,-0.30237044691052795,0.8744375156786948,0.5720670687681668,0.7430588026909251
1000,1,6,CGATATCC,5 1 0 7 4 2,0.09556888081931625,0.17162770878340972,0.26719658960272596,0.6423274677217615
1000,1,6,CTATCGCA,0 1 7 2 5 4,0.37735562163367975,0.154418348720883,0.5317739703545628,0.2903834285418744
1000,2,4,CGATATGG,7 5 4 3,-0.27985008166718783,0.23018813848311792,-0.04966194318406991,0.45131546889815943
1000,2,4,CGATATGC,3 5 4 7,-1.130504976876932,0.2794887405866944,-0.8510162362902376,0.1982198481631918
1000,2,4,CGATCCGT,5 3 7 4,1.388989075436768,-0.12700492317932843,1.2619841522574395,-0.08377666619740398
1000,2,4,CGATATGA,5 7 4 3,1.6246805214223867,0.18809686379077295,1.8127773852131597,0.10376170031967556
1000,3,4,ATATCGCG,1 7 4 3,0.1512135614974992,-0.15987578646875544,-0.008662224971256238,-0.5139224069031703
1000,3,4,ATATCGCA,3 7 1 4,0.48462840296641785,-0.09213487670318488,0.392493526263233,-0.15974469934348817
1000,3,4,ATATCGCC,4 7 3 1,-0.43852712818506356,-0.14368580427138733,-0.5822129324564509,-0.24679253287135616
1000,3,4,ATATCGCA,4 7 3 1,0.48462840296641785,-0.04013207328067425,0.4444963296857436,-0.07647693585402077
1000,4,6,CGATATAG,7 3 5 2 6 4,-0.31880133560585033,-0.15066157982159378,-0.4694629154274441,-0.320923282479974
1000,4,6,CGATATAT,5 2 4 7 6 3,-0.44745445451780164,0.4015542968624999,-0.045900157655301754,0.47296838367055805
1000,4,6,CGATCTAT,6 2 4 3 7 5,0.1427638739847028,-0.3890930566710358,-0.24632918268633297,-0.7315746665015985
1000,4,6,CGATATCG,2 7 3 5 6 4,-0.2354431250965936,-0.0048236737300415555,-0.24026679882663515,-0.020076322461523632
1000,5,5,TTATCGCA,3 5 2 0 6,1.5084484728026073,0.24146900716508757,1.7499174799676949,0.1379887965743078
1000,5,5,CTATCTTA,3 0 5 2 6,1.6822049779280839,-0.10857329362290091,1.573631684305183,-0.060629110453113824
1000,5,5,ATATCGGA,5 2 6 3 0,0.6318882655997591,-0.5987407492453789,0.03314751635438018,-0.4865322871659452
1000,5,5,GTATCGAA,3 0 2 6 5,0.5829167529854482,0.11091724997290608,0.6938340029583543,0.1598613638132169
1000,6,7,CGATCTAT,4 0 5 1 6 2 7,0.07429810641177692,0.31447904602016585,0.3887771524319428,0.8088928170109401
1000,6,7,CTATCCCT,0 6 5 4 1 7 2,1.229596416748401,-0.1017261365716351,1.127870280176766,-0.07640983495543711
1000,6,7,CAATATAT,0 6 5 2 1 4 7,-0.7193744865965113,0.3462662337537967,-0.37310825284271454,0.3249371266893486
1000,6,7,CAGTATCT,4 5 6 1 7 0 2,2.104924852558309,0.8486622901366694,2.9535871426949782,0.28733274121795976
1000,7,3,CGATATAG,1 5 2,-0.22794858711240817,0.004093309084191699,-0.22385527802821648,0.017640388013049162
1000,7,3,CGGTATAG,1 2 5,1.9794306537299695,-0.07869164221194325,1.9007390115180263,-0.038234677485931186
1000,7,3,CGATATAG,5 2 1,-0.22794858711240817,-0.08368669342039547,-0.31163528053280365,-0.2685404979735161
1000,7,3,CGATATAG,2 5 1,-0.22794858711240817,0.0014645244574693628,-0.2264840626549388,0.0063837870793329934
1000,8,2,TGTACGCC,2 7,-1.5150071322449223,-0.20206654669952862,-1.717073678944451,-0.11768076651419317
1000,8,2,TGCACGCC,2 7,1.6165837915630363,-0.08999012777830107,1.5265936637847353,-0.052731456140518836
1000,8,2,TGCACGCC,2 7,1.6165837915630363,-0.08999012777830107,1.5265936637847353,-0.052731456140518836
1000,8,2,TGGACGCA,2 7,5.179690569659952,0.02569559094123708,5.205386160601189,0.004936346727880301
1000,9,6,CGGTATCG,5 3 7 1 4 2,-0.29356621444942244,0.28771679606967915,-0.0058494183797432875,0.4949685280028057
1000,9,6,CGATACCT,1 2 3 7 5 4,-0.13702813856933638,0.4175773752526659,0.28054923668332954,0.7529268369060701
1000,9,6,CGATATCG,5 7 3 2 1 4,-0.5960167127092975,0.027690587560628366,-0.5683261251486691,0.044396766798536
1000,9,6,CGATATCC,5 7 4 3 1 2,-0.01141613680916409,0.6425137041819422,0.6310975673727781,0.9825422605093819
1000,10,4,ATATCTCC,7 2 4 0,1.1156549703271312,0.3722161263654331,1.4878710966925643,0.25016691781488604
1000,10,4,TTATCTCA,2 4 0 7,3.024955115291916,0.21463157868287652,3.2395866939747924,0.06625276584882361
1000,10,4,CTATATCA,4 7 2 0,-0.80969125029135,0.10682721589325794,-0.7028640343980921,0.11655762522491334
1000,10,4,CTCTATCA,0 4 7 2,5.832117718970058,0.642222247096897,6.474339966066955,0.09919501454401312
1000,11,4,CGATCCCT,5 4 7 6,0.9909384137591442,-0.35030721362038086,0.6406312001387633,-0.2611805074845223
1000,11,4,CGATCGCA,6 5 4 7,0.34523834938232856,0.390636620358352,0.7358749697406806,0.5308464568322127
1000,11,4,CGATATCA,6 4 7 5,0.5541469288811869,0.18943900570313632,0.7435859345843232,0.2547641057909949
1000,11,4,CGATACAG,7 4 6 5,0.8798725055481436,0.7272712130629992,1.6071437186111428,0.45252406778622795
1000,12,4,CTATCTAA,0 5 6 2,0.9510358647583255,-0.09482594232324182,0.8562099224350836,-0.0906677552246119
1000,12,4,CTATCGTA,5 2 6 0,-0.47717841526230154,0.32499143608686776,-0.15218697917543378,0.4051404269809751
1000,12,4,GTATCGTA,2 6 0 5,0.1462107824622918,0.04899612988405577,0.19520691234634757,0.2509958755821308
1000,12,4,CTATCATA,5 0 2 6,0.20175100671835722,-0.39409647541236037,-0.19234546869400315,-0.6614049521583832
1000,13,6,CGATACCT,1 7 5 2 3 4,-0.13702813856933638,-0.6551574982563686,-0.792185636825705,-0.8270252170710777
1000,13,6,CTATATCG,5 3 2 4 7 1,-0.12152445068399986,0.35656460532988454,0.23504015464588468,0.7458121051813605
1000,13,6,CGATATCG,1 4 2 5 3 7,-0.5960167127092975,0.10941279679069371,-0.48660391591860375,0.15510096376354537
1000,13,6,CGATATCC,4 2 3 1 5 7,-0.01141613680916409,0.03918194321292923,0.027765806403765136,0.7743760869151693
1000,14,3,CAATATAT,1 2 6,-0.02424890734801677,-0.05892514361130896,-0.08317405095932573,-0.7084558577064485
1000,14,3,CAGTATAT,6 1 2,1.215041377557431,0.32373712228327545,1.5387784998407064,0.21038578477460437
1000,14,3,CAATATAT,1 6 2,-0.02424890734801677,-0.0422491274594039,-0.06649803480742067,-0.6353440004920149
1000,14,3,CGATATAT,6 1 2,-0.39620794557060535,-0.02136202772923257,-0.4175699732998379,-0.05115795937246061
1000,15,4,ATATCGCA,2 7 3 6,0.31524208833144884,0.2000735888838716,0.5153156772153205,0.38825441904860286
1000,15,4,ATATCGTT,3 7 2 6,1.0471762823061397,0.08521190193661621,1.132388184242756,0.07524972718926648
1000,15,4,ATATCGTA,3 6 2 7,-0.16354213167385145,0.23798702287572615,0.0744448912018747,0.592701725837797
1000,15,4,ATATCGCA,6 7 3 2,0.31524208833144884,-0.13103262310624642,0.18420946522520243,-0.29361426885274
1000,16,6,CTATCGGA,0 5 3 4 6 2,-0.6294491810798717,0.6328507079243124,0.0034015268444407276,0.5013473529048331
1000,16,6,CTATCGCA,3 6 0 5 4 2,0.5109661029650678,0.10570648200611288,0.6166725849711807,0.17141427166095427
1000,16,6,CTATCGTA,3 2 0 4 5 6,-0.36574012330728234,0.012928988962516819,-0.3528111343447655,0.034143236254519226
1000,16,6,CTATCGTA,4 0 6 2 3 5,-0.36574012330728234,-0.057113302693619694,-0.42285342600090203,-0.13506643007191305
1000,17,6,CAATCTTT,6 1 2 5 3 7,1.4972362395390135,0.5537659237782346,2.051002163317248,0.2699977277852234
1000,17,6,CTATCTAT,6 7 2 5 3 1,0.2032309480591854,0.38035605373961534,0.5835870017988007,0.6517555267119333
1000,17,6,CTATCTTA,1 2 6 5 3 7,1.6748869829247583,-0.1568529696691412,1.5180340132556172,-0.08563058825409363
1000,17,6,CTATCGTA,3 6 2 7 1 5,-0.628243583800626,-0.07018503326518033,-0.6984286170658063,-0.10048991629242973
1000,18,3,CGATATAC,0 4 1,-0.39070331013475945,-0.04000884680699279,-0.43071215694175224,-0.09288998734345784
1000,18,3,CGATATAC,1 4 0,-0.39070331013475945,0.07728916392971108,-0.31341414620504837,0.16515044196856837
1000,18,3,CGATATAC,0 1 4,-0.39070331013475945,-0.06876564412068298,-0.45946895425544243,-0.14966330909585812
1000,18,3,CTATATAC,4 1 0,0.7358848045040047,-0.14370624485922212,0.5921785596447826,-0.16337847567145794
1000,19,4,CTATCGTA,3 6 1 5,-0.5545688110051656,-0.17241957518316386,-0.7269883861883295,-0.23716964185243233
1000,19,4,CGATCGAA,6 3 1 5,1.4599867771600383,0.43869235573012766,1.898679132890166,0.23105133886543058
1000,19,4,CGATCGTA,1 5 3 6,-0.014873551123691264,-0.11817599444760507,-0.13304954557129633,-0.8882104327389748
1000,19,4,CGATCTGA,1 5 6 3,-0.8501219092345833,-0.16997237010909672,-1.02009427934368,-0.16662417734413282
1000,20,8,CGATACAT,5 2 0 3 4 1 6 7,0.41201922721300654,-1.4722074502812408,-1.0601882230682342,-0.7813324521225157
1000,20,8,ATGTCGTG,6 0 3 2 5 7 4 1,4.7072015829704075,1.699299262732124,6.406500845702531,0.26524608419774276
1000,20,8,CGATCGAT,2 6 3 7 1 4 0 5,0.9823276379039543,-0.48995308478417066,0.4923745531197836,-0.33278509813644963
1000,20,8,CGATATCC,1 2 0 4 7 6 5 3,0.3507392236257516,-0.49666328731593445,-0.14592406369018285,-0.5861007973224099
1000,21,3,CTATCGCA,4 0 3,0.11543968539504412,0.08975221237965458,0.2051918977746987,0.4374062199970623
1000,21,3,ATATCGCA,3 4 0,0.21108074251655862,-0.12157228465458636,0.08950845786197226,-0.36546273361294035
1000,21,3,GTATCGCA,4 0 3,-0.56492911934965,0.14796873345033568,-0.4169603858993143,0.20755951623247568
1000,21,3,ATATCGCA,0 3 4,0.21108074251655862,0.06819805067697282,0.27927879319353144,0.24419344518476815
1000,22,7,CGATATAT,7 1 2 0 6 4 3,-0.4089836436700798,-0.1657289338716179,-0.5747125775416977,-0.2883683781213116
1000,22,7,CGATATAC,4 3 7 0 6 2 1,0.5264823191881067,-0.07367361598641331,0.4528087032016934,-0.12275745630173544
1000,22,7,CGATATAT,3 6 4 7 2 0 1,-0.4089836436700798,-0.059364948184123634,-0.4683485918542034,-0.1267537667810559
1000,22,7,CGATCTCC,6 2 0 4 7 1 3,0.5379833339504279,-0.46153236240338913,0.07645097154703873,-0.4617559925142106
1000,23,6,ATATCGCA,0 5 7 6 4 1,0.27075490324436036,-0.35793719941075874,-0.08718229616639839,-0.569336242493111
1000,23,6,TTATCGTA,6 0 4 7 1 5,0.1943765241547224,0.7122105952200544,0.9065871193747768,0.7855953167647328
1000,23,6,CGATATAC,7 1 6 4 5 0,-0.019933712370971968,-0.23474318406221872,-0.2546768964331907,-0.92172940439377
1000,23,6,CGATATGT,0 6 1 7 4 5,0.242798788562955,-0.2546317779116931,-0.01183298934873811,-0.5118941116069726
1000,24,1,CGATATAT,4,-0.16090627353542786,0.0,-0.16090627353542786,0.0
1000,24,1,CGATATAT,4,-0.16090627353542786,0.0,-0.16090627353542786,0.0
1000,24,1,CGATCTAT,4,1.0828958812091898,0.0,1.0828958812091898,0.0
1000,24,1,CGATATAT,4,-0.16090627353542786,0.0,-0.16090627353542786,0.0
1000,25,5,CTATTGCA,0 1 3 2 4,1.3341403971911205,0.6868550267089164,2.020995423900037,0.3398597634543134
1000,25,5,ATATCGCA,3 4 1 0 2,0.32710062435328213,0.06137779995856629,0.3884784243118484,0.15799538949245653
1000,25,5,CTATAGCA,3 1 0 4 2,0.4210714305959584,-0.11606500156080823,0.3050064290351502,-0.21608104498660022
1000,25,5,GTATCGCA,4 3 2 0 1,-0.5602274909637459,-0.035529407851221606,-0.5957568988149675,-0.05963742580554903
1000,26,2,CGATATAG,3 2,-0.11333383312714462,0.07513667259037116,-0.03819716053677347,0.3986654161314123
1000,26,2,CGATATAG,3 2,-0.11333383312714462,0.07513667259037116,-0.03819716053677347,0.3986654161314123
1000,26,2,CGATATAG,3 2,-0.11333383312714462,0.07513667259037116,-0.03819716053677347,0.3986654161314123
1000,26,2,CGATATAG,3 2,-0.11333383312714462,0.07513667259037116,-0.03819716053677347,0.3986654161314123
1000,27,4,GTATCATA,3 4 6 2,0.21140223423133486,-0.06513407390231807,0.1462681603290168,-0.23553534196615541
1000,27,4,GTATCATA,3 6 2 4,0.21140223423133486,0.10622963093554061,0.31763186516687547,0.33444261292780036
1000,27,4,GTATCATA,6 4 2 3,0.21140223423133486,-0.016265047077486106,0.19513718715384876,-0.07144218081746785
1000,27,4,GTATCATA,2 6 3 4,0.21140223423133486,0.24502303980623763,0.4564252740375725,0.5368305695229041
1000,28,5,CGATCGCG,6 7 3 1 4,-0.3746223691345456,0.49701682232097255,0.12239445318642694,0.570209356340463
1000,28,5,CGATCGCA,3 4 7 6 1,-0.09945531481682846,-0.21845113218555579,-0.31790644700238424,-0.6871554013622047
1000,28,5,CGATCGTG,6 4 3 7 1,0.2994265643784155,0.15730008908837334,0.45672665346678887,0.34440750916195767
1000,28,5,CTATCGTA,3 1 7 4 6,-0.521632021673067,-0.20401640093686435,-0.7256484226099313,-0.2811504780828723
1000,29,4,CGATCTCA,1 4 2 3,0.5677354061934032,0.040779932622415416,0.6085153388158187,0.06701545552125912
1000,29,4,CTATATCA,1 2 4 3,-0.17899267685000186,0.13447681745374673,-0.04451585939625513,0.42899490986335065
1000,29,4,CTATATCA,3 2 1 4,-0.17899267685000186,-0.024459103812928262,-0.20345178066293013,-0.12022064261728443
1000,29,4,CACTATCA,4 1 2 3,0.02594643597791446,0.009381322565108263,0.035327758543022725,0.265551027067951
1000,30,3,TGATCTGG,2 0 1,-1.1810837670745795,0.06068488677516504,-1.1203988802994145,0.04886972028729272
1000,30,3,CGATCTGG,0 1 2,0.5967582677935652,0.058196268648234684,0.6549545364417999,0.08885543256849565
1000,30,3,CGATCTGG,1 2 0,0.5967582677935652,-0.021661046521412652,0.5750972212721526,-0.03502647155418579
1000,30,3,GGATCTGG,0 2 1,2.038209627801261,0.14900129438164322,2.187210922182904,0.06812387999276051
1000,31,4,CGATCGAT,5 0 2 6,0.06985694166586365,-0.24165817076654905,-0.1718012291006854,-0.7757510346114588
1000,31,4,CGATCTAT,6 5 2 0,-0.5496331622766217,0.039033202464561434,-0.5105999598120603,0.06630785246533157
1000,31,4,CGATCTAT,2 5 0 6,-0.5496331622766217,-0.10230556874455932,-0.651938731021181,-0.15692512789401292
1000,31,4,CGATCTAT,5 2 0 6,-0.5496331622766217,0.022698683674316378,-0.5269344786023054,0.03966000465447134
2000,0,6,GTATCGTA,6 7 0 4 2 5,-0.12722247058987568,-0.023850162210880654,-0.15107263280075633,-0.15787215572217955
2000,0,6,ATATCGGC,0 4 7 5 6 2,0.15591418774771792,0.7014389954899256,0.8573531832376435,0.8181447380192427
2000,0,6,CTATCCCT,2 7 4 6 0 5,1.1585178679793513,0.6537648368645579,1.8122827048439092,0.3607410891894299
2000,0,6,GTATCCGG,0 4 6 2 5 7,2.2115470346811836,-0.2481971701038077,1.963349864577376,-0.10090365072147933
2000,1,2,CGATATCG,7 6,-0.09768421823024198,-0.07080014636462595,-0.16848436459486793,-0.4202179029185865
2000,1,2,CGATATGT,6 7,1.5309454721468443,0.10991387763286964,1.640859349779714,0.06698555707875
2000,1,2,CGATATAT,6 7,-0.32291602112017437,-0.09395202551791682,-0.4168680466380912,-0.22537593436486714
2000,1,2,CGATATCT,6 7,0.3407397023248335,-0.06116583071227444,0.2795738716125591,-0.152189571141403
2000,2,3,CGATATAC,5 0 3,-0.19346273968641617,0.10313862932321816,-0.09032411036319801,0.3477348390791412
2000,2,3,CGATATAC,0 5 3,-0.19346273968641617,0.19140649398264675,-0.002056245703769416,0.4973286437003984
2000,2,3,CGATATAC,3 0 5,-0.19346273968641617,-0.11746871846320839,-0.31093145814962453,-0.3777961842853508
2000,2,3,CGATATAC,0 5 3,-0.19346273968641617,0.19140649398264675,-0.002056245703769416,0.4973286437003984
2000,3,4,TGATCCAA,6 4 1 2,0.28436832858033245,-0.1389892612755208,0.14537906730481165,-0.32830227827696323
2000,3,4,TTATCCCA,4 2 6 1,1.0449656935158447,-0.3412597395629633,0.7037059539528814,-0.24617910725027248
2000,3,4,TGATACCA,1 2 4 6,0.3671067306498319,-0.14297679641057925,0.22412993423925265,-0.28030075237784724
2000,3,4,TGATACTA,4 6 2 1,-0.4230889892557035,-0.059146216193099566,-0.48223520544880305,-0.12265014151767249
2000,4,2,ATATTGTA,6 4,1.0321359200467635,0.30733681116871914,1.3394727312154826,0.2294461126430184
2000,4,2,ATATCGTA,4 6,-0.39007942073624535,0.03451646003697373,-0.3555629606992716,0.08129249858504707
2000,4,2,ATATAGTA,6 4,1.1751033246883393,0.37797012685025955,1.5530734515385989,0.2433691249282589
2000,4,2,ATATGGTA,6 4,5.5388141652218925,0.31046402622256863,5.849278191444461,0.05307732271593335
2000,5,4,ATACCCTA,7 0 3 4,0.24553070456347426,0.5829403311789503,0.8284710357424245,0.703633930492881
2000,5,4,GTATCCTA,7 4 0 3,-0.7348279129674187,0.4394728330299871,-0.2953550799374316,0.37424214753156426
2000,5,4,ATATACTA,3 7 4 0,0.14151921978468085,-0.06490151813994505,0.0766177016447358,-0.31441374927960825
2000,5,4,ATATCCTA,3 7 0 4,-0.8094901465839763,-0.019405620626301356,-0.8288957672102777,-0.023411412380126752
2000,6,6,TGATCCCC,7 6 4 5 3 2,0.2719751582334231,0.9302047593163723,1.2021799175497954,0.7737650128212546
2000,6,6,TGATACTG,5 4 7 3 6 2,-0.16291527233592795,0.46740755846891346,0.3044922861329855,0.7415367738974232
2000,6,6,TGATATTA,7 2 4 3 6 5,1.0809167883817645,0.1173860882053015,1.198302876587066,0.09796028241176677
2000,6,6,TGATCCTC,5 4 3 6 7 2,0.2434648342663155,1.0100816460479702,1.2535464803142857,0.8057791728590115
2000,7,4,CGGTATAT,4 7 1 5,-0.33181099843421524,0.09070276480979445,-0.2411082336244208,0.21467410697675163
2000,7,4,CAGTATAT,5 1 7 4,-0.10847110828536621,0.11615179585150592,0.00768068756613971,0.517096848595323
2000,7,4,CAGTATAC,7 1 4 5,0.5921412449625612,-0.019398138094109285,0.5727431068684519,-0.03172017801560245
2000,7,4,CGGTATAT,5 7 1 4,-0.33181099843421524,-0.009272942199640255,-0.3410839406338555,-0.02718668660391288
2000,8,5,GTATACTA,0 5 7 4 2,0.9118417854907754,-0.2696833550185671,0.6421584304722083,-0.22825020456383144
2000,8,5,ATATACTT,5 0 2 7 4,3.3402094884262397,0.7173489042155623,4.057558392641802,0.17679324233914712
2000,8,5,GTATTATA,7 2 5 4 0,0.6597292323426105,0.6366381473991902,1.2963673797418007,0.4910939270363239
2000,8,5,ATATCGTC,5 0 7 4 2,0.5656211631763939,0.21093862822436638,0.7765597914007603,0.27163217895157155
2000,9,2,CTATCTCT,2 7,0.11002395996596248,-0.030297487445530402,0.07972647252043208,-0.2159148726329979
2000,9,2,CTATCTCT,2 7,0.11002395996596248,-0.030297487445530402,0.07972647252043208,-0.2159148726329979
2000,9,2,CTATCTCG,2 7,2.7120242432000583,0.03649873487142985,2.748522978071488,0.013279399576655287
2000,9,2,CTATCTCC,7 2,-0.35387041116366924,-0.08240144943235861,-0.43627186059602785,-0.18887637932866683
2000,10,5,CAATATAT,7 5 1 6 2,-0.11999103595024341,-0.05430122300259299,-0.1742922589528364,-0.3115526950470413
2000,10,5,CAGTATCG,5 6 2 7 1,-0.05780137281607978,0.5506241965333505,0.4928228237172707,0.904998448901671
2000,10,5,CTATATCC,2 7 6 5 1,1.2222595576855015,0.17821098670328617,1.4004705443887877,0.12725079254063384
2000,10,5,CAATATAT,6 1 5 2 7,-0.11999103595024341,-0.02872259936503596,-0.14871363531527937,-0.1931403216937223
2000,11,2,CAATCGAT,7 6,-0.20547921592476082,0.10227186182530412,-0.1032073540994567,0.3323200769043693
2000,11,2,CAATCGAT,6 7,-0.20547921592476082,-0.1090807100197505,-0.3145599259445113,-0.3467724303794262
2000,11,2,CAATCGCT,6 7,3.0970671036100685,0.35773910864857017,3.4548062122586387,0.10354824168696053
2000,11,2,CAATCGAT,6 7,-0.20547921592476082,-0.1090807100197505,-0.3145599259445113,-0.3467724303794262
2000,12,4,CGATATCG,2 5 1 7,-0.2919358802169738,-0.08212996479937917,-0.374065845016353,-0.2195601814321987
2000,12,4,CGATATCT,5 7 1 2,-0.2308637294678939,-0.1544976262808162,-0.3853613557487101,-0.40091624127864656
2000,12,4,CGGTATCT,2 5 7 1,0.9294332535569971,-0.754826232452805,0.17460702110419213,-0.4481650474423464
2000,12,4,CGATATCC,2 7 1 5,0.1317612240719117,-0.11138593610015635,0.020375287971755363,-0.45810091313150364
2000,13,4,CTATATCA,5 4 1 7,-0.24048448741652395,-0.1146172420198659,-0.35510172943638985,-0.32277297607585304
2000,13,4,CGATATCG,4 5 1 7,-0.4317147985049239,-0.0693142844256549,-0.5010290829305788,-0.1383438342944633
2000,13,4,CGATATCG,1 4 7 5,-0.4317147985049239,-0.0770589766916423,-0.5087737751965662,-0.1514601979275963
2000,13,4,CGATATCT,5 1 7 4,-0.3653750652218153,0.1418603631568316,-0.2235147020649837,0.27967360957076925
2000,14,5,CTATATCA,1 4 6 2 7,-0.35231654239254695,-0.36069600992199113,-0.7130125523145381,-0.5058761009902584
2000,14,5,CTGTCTTT,1 7 6 4 2,7.556427771636599,0.2332066085174933,7.789634380154093,0.02993806860969514
2000,14,5,CGATATAT,2 6 4 7 1,-0.4645084267485684,-0.06831495162933443,-0.5328233783779028,-0.12821312727926576
2000,14,5,CGATATAT,1 7 6 2 4,-0.4645084267485684,0.16243875327617552,-0.3020696734723929,0.25909479849604633
2000,15,3,TGATACCG,3 4 0,-0.3615646159296806,-0.3123080600155017,-0.6738726759451823,-0.46345262415849475
2000,15,3,TGATCCCG,0 3 4,0.12747024111218686,0.3825816252431635,0.5100518663553504,0.7500837669254228
2000,15,3,TGATCCCG,3 4 0,0.12747024111218686,-0.5366039787256356,-0.40913373761344873,-0.8080482010831302
2000,15,3,TGATCCCG,0 4 3,0.12747024111218686,0.4130194253450994,0.5404896664572862,0.7641578571747577
2000,16,4,ATATCGGA,6 3 0 5,0.9830589307788076,-0.1976629033270445,0.7853960274517631,-0.1674085272393836
2000,16,4,CTATCGGA,0 3 6 5,-0.19801110880463302,0.28552188305431336,0.08751077424968035,0.590491006532196
2000,16,4,GTATCGTA,0 6 5 3,0.4218754960307112,0.28243604754841334,0.7043115435791245,0.40101010713689034
2000,16,4,CTATCGTA,3 5 6 0,-0.5402220782014702,0.016057633949379202,-0.524164444252091,0.028866114651732555
2000,17,4,ATATCTTA,4 3 1 0,0.9567334748960388,-0.10050397208113271,0.8562295028149061,-0.09506281901808464
2000,17,4,ATATCTTA,1 0 4 3,0.9567334748960388,0.39997202316146296,1.3567054980575017,0.29481123481413857
2000,17,4,CGATATTA,3 1 0 4,-0.7807548844069203,-0.19775961072495019,-0.9785144951318705,-0.20210187146823913
2000,17,4,TCAGTTTA,4 0 1 3,-2.0082012502222497,0.2879311380385836,-1.720270112183666,0.1253983174100306
2000,18,6,CACTATCA,4 6 1 3 5 0,0.11135187265987323,-0.031478329160804286,0.07987354349906894,-0.22038986684570497
2000,18,6,ATCGAATA,0 6 5 4 3 1,1.534157001143952,-1.081983946218549,0.45217305492540305,-0.41358014265606224
2000,18,6,CGCTATAA,4 1 5 3 6 0,4.227041501478767,-0.03539045892368353,4.191651042555083,-0.008302879495193639
2000,18,6,CGCGATCA,1 5 4 0 6 3,0.46569214359298616,0.27615563589739,0.7418477794903762,0.3722537743350791
2000,19,3,CGGTATCG,4 5 3,-0.036798257684802355,-0.045466305364631365,-0.08226456304943372,-0.5526839708284859
2000,19,3,CGGTATCG,3 4 5,-0.036798257684802355,-0.16017709896225507,-0.19697535664705743,-0.8131834443090368
2000,19,3,CGGTATCG,5 4 3,-0.036798257684802355,0.17682171016674464,0.14002345248194228,0.8277396160345135
2000,19,3,CGGTATCG,3 5 4,-0.036798257684802355,0.038744421766362835,0.0019461640815604808,0.5128812222157051
2000,20,5,CAGTATAT,1 3 6 2 5,0.7833824562586931,0.18493719061403624,0.9683196468727293,0.19098774997626727
2000,20,5,CGGGATAT,6 2 1 5 3,1.240681408399542,0.44489337224852576,1.6855747806480679,0.2639416401789505
2000,20,5,CTATATCT,3 2 5 1 6,0.861640831138839,0.7863582625940149,1.647999093732854,0.47715940232275766
2000,20,5,CGATATAT,2 5 3 6 1,-0.3214536814202832,-0.09131712919255186,-0.41277081061283505,-0.22122961906384464
2000,21,6,ATATCGTA,4 2 7 5 3 0,-0.6231757675362681,-0.00013356492644955864,-0.6233093324627177,-0.00021428353386245444
2000,21,6,ATCTCGTA,0 4 2 7 3 5,1.2778013986746783,0.06998168658194803,1.3477830852566264,0.051923553090609594
2000,21,6,GTATCCTA,3 0 5 2 4 7,-0.1305397801424446,0.02389559384178863,-0.10664418630065597,0.15472875951482595
2000,21,6,ATTATATC,4 5 3 7 0 2,1.6495408298786653,1.0909976988152472,2.7405385286939126,0.39809609950464575
2000,22,4,CGCTCGTA,6 1 7 3,1.0656187886503328,-0.1521517656224316,0.9134670230279012,-0.12494288442808876
2000,22,4,CACTCGGA,6 3 1 7,-3.755680854407939,-0.36378738443108105,-4.11946823883902,-0.08830930676955684
2000,22,4,CACTCGAA,3 1 7 6,1.403092211909983,0.3772015499122974,1.7802937618222803,0.21187601619532717
2000,22,4,CTCTCGTA,1 6 3 7,3.1201563338747857,-0.6613739078266399,2.458782426048146,-0.17489583992565602
2000,23,5,CTATCGTA,6 7 5 1 0,-0.653017708835923,0.29548207578444075,-0.3575356330514823,0.3115257173228639
2000,23,5,ATATCATC,6 7 0 1 5,1.2046666314392835,0.2799028968368269,1.4845695282761104,0.18854145360362579
2000,23,5,ATATCGTC,7 5 1 0 6,0.5745246784618727,-0.33623440290973683,0.2382902755521359,-0.3691804010379622
2000,23,5,GTATCTTC,0 7 5 1 6,2.5849736179962237,-0.24392062456243657,2.341052993433787,-0.08622472374287729
2000,24,7,ATATCGTA,2 6 5 4 1 0 7,-0.06446039631807565,0.047436190765484554,-0.0170242055525911,0.4239288436032546
2000,24,7,CTATATCA,0 5 4 6 7 1 2,-0.496908158190541,0.09192967070207736,-0.40497848748846366,0.15612052451684763
2000,24,7,TGATATCT,7 1 4 5 0 2 6,1.1148219630105505,0.39858145927055233,1.5134034222811028,0.26336762121879154
2000,24,7,CGATATCC,0 4 5 1 7 2 6,0.006835761243990213,-0.010392638509781449,-0.003556877265791236,-0.6032271515818688
2000,25,3,CTCACACA,3 2 0,8.258719911185922,0.006240454579852006,8.264960365765774,0.0007550495469646223
2000,25,3,CTATCACA,3 0 2,-0.7320600402524813,-0.03885454226364993,-0.7709145825161312,-0.05040058022619764
2000,25,3,ATATCACA,0 2 3,0.9854248776745571,-0.02805094262969332,0.9573739350448638,-0.02767795942213233
2000,25,3,ATCCCACA,3 2 0,6.196362810801285,-0.09033206748315337,6.106030743318132,-0.014368769159638915
2000,26,4,ATATCGCA,5 6 0 3,-0.13119377302468083,0.02823149462576824,-0.10296227839891259,0.17708293698880748
2000,26,4,CTATCGTA,3 6 5 0,-0.5402220782014702,-0.013254291223426584,-0.5534763694248968,-0.023947347991024045
2000,26,4,CTATCGCA,6 3 0 5,0.1380528225678863,0.09441807292846649,0.2324708954963528,0.40615008053749163
2000,26,4,CTACCGTA,0 5 6 3,5.171722143907278,0.6807315741649589,5.852453718072237,0.11631558436128697
2000,27,4,CGATTTCT,6 3 1 2,3.1314060495624254,-0.6658474562679242,2.465558593294501,-0.17534975087798954
2000,27,4,CTATTTAT,2 1 3 6,-0.9947388396413521,0.012445498449930703,-0.9822933411914214,0.012356723570102562
2000,27,4,CTATTTAT,6 2 1 3,-0.9947388396413521,-0.2589346801804213,-1.2536735198217734,-0.2065407588869169
2000,27,4,CACCTTAT,3 2 6 1,3.153279501173433,-0.2873178518698172,2.8659616493036157,-0.08350813024246533
2000,28,4,CGATCCAT,1 6 3 2,-0.36569391276999785,0.15912271686090662,-0.20657119590909123,0.30319678889141755
2000,28,4,CTATCCCT,3 1 6 2,0.15664650340473485,-0.17041542918610553,-0.013768925781370678,-0.5210494166537502
2000,28,4,CGATCCCT,2 3 6 1,-0.20155214272418576,-0.22447846610614786,-0.4260306088303336,-0.5269068969538436
2000,28,4,CGATCCAT,2 6 3 1,-0.36569391276999785,-0.13341606752521784,-0.4991099802952157,-0.26730795374258864
2000,29,2,CGATATAT,7 2,-0.2501714067827212,0.016400289961599146,-0.23377111682112206,0.06152299798477602
2000,29,2,CGATATAT,2 7,-0.2501714067827212,-0.017736154368616308,-0.2679075611513375,-0.06620251512273438
2000,29,2,CGATATAT,7 2,-0.2501714067827212,0.016400289961599146,-0.23377111682112206,0.06152299798477602
2000,29,2,CGATATAT,7 2,-0.2501714067827212,0.016400289961599146,-0.23377111682112206,0.06152299798477602
2000,30,4,CGATATGT,1 7 6 5,1.0396646434001156,-0.04174117452936077,0.9979234688707548,-0.038598992013267414
2000,30,4,CGATATAT,6 1 5 7,-0.43436002517676986,-0.081936039548272,-0.5162960647250419,-0.15869971736450825
2000,30,4,CTATATCA,5 6 7 1,-0.06268835756916724,0.3338424704618048,0.2711541128926376,0.8419079851106285
2000,30,4,CGATATCG,1 6 5 7,-0.06649793302922946,0.030405550890741484,-0.03609238213848798,0.3137714936632445
2000,31,7,CTATATCG,3 6 0 5 4 1 2,-0.04695707187078302,-0.08716742856447723,-0.13412450043526025,-0.6498993717150996
2000,31,7,CGATATGG,2 3 1 6 0 5 4,-0.0512586033660849,0.12795549038339793,0.07669688701731303,0.7139811814257336
2000,31,7,CGATATTG,2 0 5 4 3 1 6,0.1473949247565165,0.426659904298317,0.5740548290548335,0.7432389428738045
2000,31,7,CGATATCG,0 6 4 1 2 3 5,-0.656470495628479,0.3858717792026809,-0.27059871642579814,0.37019680437041175
5000,0,2,CGATATAG,5 4,-0.15374707187252512,0.08979302914471554,-0.06395404272780958,0.3686991537313969
5000,0,2,CGATATAG,4 5,-0.15374707187252512,-0.08195770262150837,-0.2357047744940335,-0.3477133749090984
5000,0,2,CGATATAG,5 4,-0.15374707187252512,0.08979302914471554,-0.06395404272780958,0.3686991537313969
5000,0,2,CGATCTAG,4 5,1.53804536350009,-0.20533951600734968,1.3327058474927402,-0.11778209070240674
5000,1,3,TTACTCCA,6 7 2,-0.45290918824085324,-0.10648837152159762,-0.5593975597624509,-0.19036259573033906
5000,1,3,TTACTCCG,6 7 2,3.3174358500536245,0.39652127649005364,3.7139571265436784,0.10676517336619565
5000,1,3,TTACTCCA,6 2 7,-0.45290918824085324,-0.1437586930323298,-0.596667881273183,-0.24093586657551322
5000,1,3,TTACTCCA,7 6 2,-0.45290918824085324,0.20461775150858807,-0.24829143673226517,0.3111929552066113
5000,2,6,ATGATCCC,7 2 0 4 3 6,-0.5326421718382335,-1.7241810173613885,-2.256823189199622,-0.7639858654469365
5000,2,6,CTATCCAT,3 7 0 6 4 2,2.012444390948146,-0.3106714681347915,1.7017729228133547,-0.13373050978930975
5000,2,6,TTACCCCT,2 7 0 6 3 4,1.1913168262308922,1.2904671161207197,2.481783942351612,0.5199756087139233
5000,2,6,ATACTCCC,0 7 4 6 2 3,2.7705010348401764,0.07433610828842685,2.8448371431286033,0.026130180586251727
5000,3,6,CTATCTAT,5 6 1 3 7 4,0.6933806495747383,0.7554596036653365,1.4488402532400748,0.5214236710885722
5000,3,6,CGATCTAT,1 3 7 6 5 4,0.01958979583086995,0.31123287321914717,0.3308226690500171,0.9407846025572445
5000,3,6,CGATACCT,7 6 4 1 3 5,0.15838147244669454,0.30512402317397136,0.4635054956206659,0.6582964518368638
5000,3,6,CGATATAT,3 5 1 6 7 4,-0.4799406122219618,-0.023083046884647906,-0.5030236591066097,-0.045888590858021126
5000,4,5,CGATATCA,0 3 2 5 7,0.05052652803666868,0.35230610590820266,0.40283263394487134,0.8745719095747755
5000,4,5,CGATAGCA,2 3 0 5 7,0.9797215103134969,0.3086292050854986,1.2883507153989955,0.2395537188722077
5000,4,5,CGATATCT,5 2 0 3 7,-0.29772666697827677,0.21901829953676089,-0.07870836744151588,0.4238421537297883
5000,4,5,CGATATCT,3 5 7 2 0,-0.29772666697827677,-0.16060301760772244,-0.4583296845859992,-0.3504093734465229
5000,5,6,TGATCCTG,3 1 5 4 2 7,-0.2523382841060582,0.341411352106725,0.08907306800066683,0.5750089453265328
5000,5,6,TATAACTA,4 3 7 2 5 1,1.9274127809006814,-0.652169652598598,1.2752431283020833,-0.2528198533721253
5000,5,6,TTATACTA,5 3 7 1 2 4,0.565955813090957,1.2231417905282456,1.7890976036192026,0.6836640930343468
5000,5,6,TTCACGTA,7 4 2 1 3 5,0.07041393269258656,0.8461431996663311,0.9165571323589177,0.9231756208024215
5000,6,6,TCTACTTG,6 7 3 4 5 2,3.195635221574128,-0.063019700804543,3.132615520769585,-0.019339175919413233
5000,6,6,TCTATCTA,3 2 5 7 6 4,1.4488847395010245,0.11004894747105798,1.5589336869720825,0.07059244943561781
5000,6,6,TCTGATCC,3 2 7 4 5 6,-0.23527392453397278,0.421125652404033,0.1858517278700602,0.641569049097371
5000,6,6,TCATACCT,3 6 7 2 5 4,2.991305272829927,-2.1422501487897225,0.8490551240402047,-0.4173034033620771
5000,7,3,CGATATAA,0 4 3,-0.2882723808524937,0.1252375893247888,-0.1630347915277049,0.3028647393219955
5000,7,3,CGATATAA,3 0 4,-0.2882723808524937,-0.1389617104130223,-0.427234091265516,-0.32525894645111747
5000,7,3,CGATATAA,0 4 3,-0.2882723808524937,0.1252375893247888,-0.1630347915277049,0.3028647393219955
5000,7,3,CGATATAA,0 3 4,-0.2882723808524937,-0.015387917314691801,-0.3036602981671855,-0.05067477509430526
5000,8,3,TGTCATTC,6 7 2,2.297401816964239,0.09520160358447072,2.39260342054871,0.039789963838903805
5000,8,3,TGTCATAG,6 2 7,3.5344879814118384,-0.14870196172199002,3.3857860196898484,-0.04037314502316096
5000,8,3,TGTCATCC,7 6 2,1.2539569462441844,-0.07975782106074858,1.1741991251834358,-0.05980125812201733
5000,8,3,TGTCATAC,7 6 2,2.9382506342278525,-0.37259590539081877,2.5656547288370337,-0.11253795696424297
5000,9,4,CGATATCG,2 3 5 0,-0.2239088711616971,-0.19068317302171423,-0.41459204418341133,-0.45992964818533255
5000,9,4,GGGTATCG,3 2 0 5,0.11178536084664348,0.10770029397726777,0.21948565482391125,0.4906940003148427
5000,9,4,CGATATCG,0 3 2 5,-0.2239088711616971,0.2345791924684839,0.0106703213067868,0.5116364221374731
5000,9,4,CGATATCG,0 5 2 3,-0.2239088711616971,0.09657252532761262,-0.12733634583408449,0.30133582287617744
5000,10,3,GATACCGC,4 6 0,-0.17007541172180973,0.008768418945507506,-0.16130699277630223,0.04902835570447154
5000,10,3,GATACCCC,4 0 6,0.14055963492842316,0.10885947911619276,0.24941911404461592,0.4364520318868587
5000,10,3,GATACCCC,4 0 6,0.14055963492842316,0.10885947911619276,0.24941911404461592,0.4364520318868587
5000,10,3,GATACCCC,0 4 6,0.14055963492842316,-0.033114463402041494,0.10744517152638167,-0.19067013285442114
5000,11,4,CGATCGCT,0 2 6 7,-0.12109900725618683,0.1056892483474785,-0.015409758908708326,0.46602610909526465
5000,11,4,CGATCGTT,0 6 7 2,2.8636280826984324,-0.1674506834727234,2.696177399225709,-0.05524458332841225
5000,11,4,CGATCGCG,0 2 7 6,-0.7144288423310869,0.028699600269967984,-0.685729242061119,0.03861997284011269
5000,11,4,CGATCGCG,2 7 0 6,-0.7144288423310869,-0.009528834706222344,-0.7239576770373093,-0.013162143324755812
5000,12,3,CGATCTCA,3 1 0,0.4386340930191488,0.007275792173341067,0.44590988519248986,0.01631673218053971
5000,12,3,CGATCTCA,3 0 1,0.4386340930191488,-0.012640995570227354,0.42599309744892144,-0.02801172918660626
5000,12,3,CTATCTCA,0 1 3,-0.366395477253854,0.12167505611197393,-0.24472042114188008,0.24929809893024973
5000,12,3,TTATCTCA,0 3 1,2.7481510113105383,-0.1837332942615122,2.564417717049026,-0.06266730713498032
5000,13,4,CGATCGTA,3 5 0 4,-0.16384315348312617,-0.06532584347752524,-0.2291689969606514,-0.28505532748280854
5000,13,4,CGATCCTA,4 3 5 0,1.1487176054358863,-0.08594177558732197,1.0627758298485643,-0.06960768039205989
5000,13,4,TGATCTTA,3 5 0 4,0.3147443212351071,-0.0020768976364546887,0.3126674235986524,-0.006555424677210954
5000,13,4,CGATCGTA,3 4 5 0,-0.16384315348312617,-0.17744539895085287,-0.34128855243397904,-0.519927778665178
5000,14,3,CAATACTA,6 0 5,0.6624690476526665,0.6470314508735626,1.309500498526229,0.4941055399381375
5000,14,3,TAATACTA,6 5 0,0.34563889718788676,0.862869982719606,1.2085088799074928,0.7139955668225257
5000,14,3,CAATATCA,0 6 5,-0.4772131592974804,-0.06746236161124175,-0.5446755209087222,-0.12385789157311372
5000,14,3,CAATATCA,5 0 6,-0.4772131592974804,0.058597822480087824,-0.4186153368173926,0.10936286204080378
5000,15,3,CGATATCG,5 7 3,-0.12033692411320684,0.033153836894960875,-0.08718308721824597,0.21599890884114292
5000,15,3,CGATATCT,7 3 5,-0.03368058757207382,-0.09116316272882563,-0.12484375030089945,-0.7302180726636569
5000,15,3,CGATATCT,5 3 7,-0.03368058757207382,0.03501034643961298,0.0013297588675391658,0.5096792894628054
5000,15,3,CGATATCG,7 5 3,-0.12033692411320684,0.015209389198751921,-0.10512753491445492,0.1122080625221258
5000,16,3,ATATTCTA,1 6 2,-0.6255224317451625,0.03998345270529535,-0.5855389790398672,0.06007978838280555
5000,16,3,ATCTTCTA,1 6 2,0.19221423650624714,-0.006963527737041675,0.18525070876920546,-0.03496137113245214
5000,16,3,ATATTCTA,1 2 6,-0.6255224317451625,0.057622076419742374,-0.5679003553254202,0.08434829780675471
5000,16,3,ATATTCCA,6 1 2,1.3224864222654047,0.009152444112075608,1.3316388663774803,0.006873067723664023
5000,17,3,CAATCTAT,5 2 3,-0.22710427193476068,-0.09216000159109194,-0.3192642735258526,-0.2886636847064231
5000,17,3,CAATCTAT,5 2 3,-0.22710427193476068,-0.09216000159109194,-0.3192642735258526,-0.2886636847064231
5000,17,3,CAATCTAT,2 3 5,-0.22710427193476068,-0.05571744237864573,-0.2828217143134064,-0.19700553231532617
5000,17,3,CAAGCGAT,5 3 2,1.5944512897303786,0.12619120083355817,1.7206424905639368,0.07333958188618211
5000,18,5,CGTAATAC,7 4 2 5 6,2.2621867628633368,-0.14222630635781464,2.119960456505522,-0.05915219318113474
5000,18,5,CGCAATAC,2 6 5 7 4,-0.15633804708649102,0.6613088295023442,0.5049707824158531,0.8087951515956102
5000,18,5,CGGATCCG,5 7 6 2 4,-1.2071169907807144,-0.6846623773014224,-1.8917793680821369,-0.3619144964010919
5000,18,5,CGAATACC,7 5 4 6 2,4.512327036474624,-0.13944710636473356,4.372879930109891,-0.029977187645575932
5000,19,6,CTATCGAA,1 5 7 0 6 2,-0.27995061412124755,0.5712931777884798,0.2913425636672322,0.6711275702895984
5000,19,6,CGATCGCT,0 7 5 2 1 6,-0.1599640714812054,0.5541794743153261,0.3942154028341207,0.7760057170259981
5000,19,6,CGATCGCG,6 0 7 1 2 5,-0.7730598353182296,0.06896829743844624,-0.7040915378797834,0.08190735529542725
5000,19,6,CGATCTAT,0 6 1 5 2 7,-0.44929199631984185,0.26417943482483075,-0.1851125614950111,0.3702733190045031
5000,20,4,CGATATGT,2 3 7 6,0.929811611441119,0.08660680578081337,1.0164184172219324,0.08520782810835568
5000,20,4,CGATATGC,2 6 7 3,-0.09176161535607275,0.15001438932695166,0.05825277397087891,0.6204684766944719
5000,20,4,CGATATCG,7 3 2 6,-0.1562621281370684,-0.08410797857054364,-0.24037010670761205,-0.34991031007384454
5000,20,4,CGATATAT,2 6 7 3,-0.4318449462892744,0.058106128818333325,-0.37373881747094106,0.1185957777632624
5000,21,3,GTATCGCG,4 3 7,0.033991722898599974,0.073838946890596,0.10783066978919598,0.6847675808278643
5000,21,3,GTATCGCG,7 3 4,0.033991722898599974,-0.10586077904650226,-0.07186905614790229,-0.7569459078254953
5000,21,3,GTATCGCG,4 7 3,0.033991722898599974,0.07891681605628476,0.11290853895488473,0.6989446217864694
5000,21,3,GTATCGCG,3 4 7,0.033991722898599974,0.06846997236511454,0.10246169526371451,0.6682494583843012
5000,22,5,ATCATGTA,3 2 6 1 5,-0.05379017098388683,0.0901141211604033,0.03632395017651646,0.626208710092174
5000,22,5,ACTATGTA,3 6 1 2 5,4.979932290914929,0.2340563082018905,5.21398859911682,0.04489006904263974
5000,22,5,AGGATATA,2 6 1 3 5,1.2214503202710487,0.3901883657941472,1.611638686065196,0.24210660191260935
5000,22,5,ATCATCCA,3 1 5 2 6,-0.5784739444694593,0.5500918341311047,-0.028382110338354583,0.48742558436711203
5000,23,5,GATACGCG,1 7 3 4 6,-0.22413885235847775,-0.1909218127379324,-0.41506066509641015,-0.4599853197208778
5000,23,5,GATATGAT,7 1 3 6 4,3.5585172879721885,0.40719588909937876,3.9657131770715672,0.10267910736803906
5000,23,5,GATAAGCC,4 6 1 7 3,3.697989285461018,0.44585575358814644,4.143845039049165,0.10759469753011114
5000,23,5,GATAGGCC,7 4 3 6 1,1.311538023045138,0.2980138990247134,1.6095519220698513,0.18515333052535116
5000,24,3,ACTAAACG,5 0 1,4.89452040650866,-1.2913365742519636,3.603183832256696,-0.20875629331041837
5000,24,3,TATAACCG,1 0 5,-1.0665601719138031,0.05542833139469039,-1.0111318405191128,0.04940187108089309
5000,24,3,GATAAGCG,5 1 0,1.6616602922359331,0.5033372747020737,2.164997566938007,0.23248860986663936
5000,24,3,GATAAGCG,5 1 0,1.6616602922359331,0.5033372747020737,2.164997566938007,0.23248860986663936
5000,25,3,TACTAGAG,0 3 6,1.0040819207618688,-0.027302478472841507,0.9767794422890272,-0.026471680678028495
5000,25,3,GACAAGTG,6 0 3,-1.7350452982817894,-0.29317807352121017,-2.0282233718029996,-0.1445492037992778
5000,25,3,TACAAGAG,0 3 6,3.139453178665368,-0.38411453537450546,2.7553386432908624,-0.10901295690841341
5000,25,3,GACAAGAG,0 6 3,-0.33630224606010417,-0.20624557277384659,-0.5425478188339508,-0.3801426632165099
5000,26,5,CGATATCG,4 7 0 3 2,-0.2546410996545949,0.35677436581516186,0.10213326616056695,0.5835219845821997
5000,26,5,CGGTATCG,7 3 0 4 2,0.37484899204415223,0.07361697185771376,0.448465963901866,0.1641528628331374
5000,26,5,CGATATCG,0 2 3 4 7,-0.2546410996545949,-0.07861836132890065,-0.33325946098349557,-0.23590736508090965
5000,26,5,CGCTATCA,7 2 3 4 0,-0.2620386544158535,-0.11323101770478061,-0.3752696721206341,-0.3017323970384193
5000,27,3,ATATCGTA,2 7 0,-0.18212246214936312,-0.0009518385255502526,-0.18307430067491337,-0.00519919247016784
5000,27,3,ATATCGTA,7 0 2,-0.18212246214936312,-0.1716896144995259,-0.35381207664888903,-0.48525651279536397
5000,27,3,GTATCGTT,2 7 0,2.235528429584228,0.026891485801819215,2.2624199153860474,0.011886160309559772
5000,27,3,GTATCGTG,0 7 2,1.4326922226307435,0.03479594125695051,1.467488163887694,0.023711224467234223
5000,28,2,CGATACTG,4 1,-0.3443332454332466,0.04053726805642399,-0.3037959773768226,0.10532702983366367
5000,28,2,CGATACTG,1 4,-0.3443332454332466,-0.04207918034598079,-0.3864124257792274,-0.10889706836193275
5000,28,2,CTATACTG,1 4,3.508440590421243,0.017899148396975484,3.5263397388182183,0.0050758434304954475
5000,28,2,CGATACTG,4 1,-0.3443332454332466,0.04053726805642399,-0.3037959773768226,0.10532702983366367
5000,29,5,GATAATCC,3 2 5 6 0,1.3616369354392583,-0.35496431936439343,1.006672616074865,-0.2067832109356083
5000,29,5,CAATATAC,2 6 5 0 3,0.019205807868250435,-0.7999997784504593,-0.7807939705822089,-0.9765555701901935
5000,29,5,GATAACGC,3 0 5 6 2,5.171198746303819,1.3915341688719405,6.56273291517576,0.21203577638427681
5000,29,5,CATTATCC,6 5 2 0 3,0.3934473760745165,-0.31912912246822245,0.07431825360629407,-0.44785243846921746
5000,30,5,CGATATCG,2 3 7 0 6,-0.030173721096661943,-0.18671737537701016,-0.2168910964736721,-0.860880775710751
5000,30,5,CGGTATCA,3 2 6 0 7,0.3969173746497674,0.34544830553523376,0.7423656801850012,0.46533442312304407
5000,30,5,CGGTATAT,3 0 6 7 2,0.836073990517145,0.21178138053291473,1.0478553710500598,0.20210936202072222
5000,30,5,CGATATCG,2 0 7 3 6,-0.030173721096661943,-0.33028405691478735,-0.3604577780114493,-0.9162905534647569
5000,31,7,CGATATAT,0 5 6 1 7 4 3,-0.7520160632795712,0.6675186782750036,-0.0844973850045676,0.47023764810714247
5000,31,7,GTATCGTA,6 5 4 3 0 7 1,-0.017510721018832776,-0.29594483546974715,-0.3134555564885799,-0.9441365110416515
5000,31,7,ATAATCTA,4 6 7 3 1 5 0,3.3533432343569496,0.6551272332340741,4.008470467591024,0.16343571407868868
5000,31,7,CGATCGCG,1 5 4 7 0 6 3,-0.42640028823420106,0.0761682228107965,-0.35023206542340457,0.15155788939585346
10000,0,6,CGATATAT,0 1 6 4 5 7,-0.6720813244813832,-0.11758806953778755,-0.7896693940191708,-0.14890797392982522
10000,0,6,CGATATAT,5 1 4 0 6 7,-0.6720813244813832,0.12712810163745392,-0.5449532228439293,0.15906732013262168
10000,0,6,CTATATAT,1 7 0 6 5 4,0.7445075425697079,0.7533252002865103,1.4978327428562181,0.5029434720795287
10000,0,6,CGATCTAT,7 0 5 4 1 6,-0.03918957227692221,-0.008932659721085479,-0.04812223199800769,-0.18562438503383008
10000,1,4,CTATATAC,5 3 0 1,0.7521959374987888,0.07408615327162282,0.8262820907704116,0.08966205863489808
10000,1,4,CGATATAC,5 3 1 0,-0.4132961437280054,-0.03548638023372508,-0.44878252396173046,-0.0790725537181371
10000,1,4,GAATATAC,0 1 5 3,0.6964026016912825,0.20076631849422455,0.8971689201855071,0.22377761197156965
10000,1,4,CGATATAC,3 1 0 5,-0.4132961437280054,-0.20697132185037947,-0.6202674655783849,-0.33368076408357733
10000,2,5,CGGTATTA,7 5 0 3 2,0.5854611375539616,0.1970220185855185,0.78248315613948,0.25179074723801304
10000,2,5,GGGTATTA,2 3 5 0 7,1.166091601909339,0.4867829022656238,1.6528745041749628,0.29450687335068004
10000,2,5,TGATACTG,5 2 3 7 0,-0.2891885112791539,0.5156302574476621,0.2264417461685082,0.6406787185932107
10000,2,5,CGATACTG,2 5 7 3 0,-0.17295347674527362,0.08577236579049696,-0.08718111095477665,0.33151835529780277
10000,3,5,ACGATCCC,6 0 3 2 5,1.3579455898844692,0.9512445406082026,2.309190130492672,0.4119385961541643
10000,3,5,ACGATGCC,5 3 0 6 2,7.613373004970988,0.13227887552660356,7.745651880497592,0.017077823476634967
10000,3,5,ACGATCAC,5 2 0 6 3,1.900794765972421,-0.9833056336953838,0.9174891322770371,-0.3409401537507649
10000,3,5,TCATTATC,3 5 2 6 0,2.4312445389402733,1.3846891013208014,3.8159336402610746,0.36287033052966433
10000,4,1,CGATATCG,5,-0.10085652977963022,0.0,-0.10085652977963022,0.0
10000,4,1,CGATATCG,5,-0.10085652977963022,0.0,-0.10085652977963022,0.0
10000,4,1,CGATATCG,5,-0.10085652977963022,0.0,-0.10085652977963022,0.0
10000,4,1,CGATATCG,5,-0.10085652977963022,0.0,-0.10085652977963022,0.0
10000,5,7,GTATCTCC,4 6 7 2 1 3 0,0.7455545627864923,0.46556306206693776,1.21111762485343,0.3844078002937827
10000,5,7,CAATATAT,7 6 3 2 0 1 4,-0.3342403402652798,-0.12171715971316743,-0.45595749997844726,-0.2669484759411149
10000,5,7,CGATATAG,1 4 2 7 6 3 0,-0.36859510271915985,0.2125150343794875,-0.15608006833967236,0.3657052610379978
10000,5,7,CTATATAT,1 7 4 0 3 6 2,0.5281278761873383,0.6865149908554642,1.2146428670428024,0.5651990469650305
10000,6,3,TATATTCC,1 2 6,-0.6066601467469424,-0.6878781923178492,-1.2945383390647915,-0.5313695018216227
10000,6,3,TCTATTAC,1 6 2,2.0229241777167886,0.47293154091086453,2.495855718627653,0.1894867308960095
10000,6,3,TCCATTAC,2 1 6,2.674474032156268,0.08491596181221883,2.7593899939684867,0.030773454277151592
10000,6,3,TCTATTCC,6 1 2,0.2872996512120598,0.24173171089592627,0.5290313621079861,0.4569326663975432
10000,7,3,TCCGATAG,4 7 3,0.2747655255755648,0.28579239165076054,0.5605579172263253,0.5098356171024729
10000,7,3,TCCGATAC,7 4 3,-0.5052825981239447,0.3233355234229931,-0.18194707470095162,0.3902105385039874
10000,7,3,TCCGATAT,3 7 4,0.28937177472988207,0.28409093780539196,0.573462712535274,0.4953956579834602
10000,7,3,TCCGATAC,3 4 7,-0.5052825981239447,-0.2659611155426136,-0.7712437136665583,-0.3448470448831431
10000,8,5,CGCGATAT,5 7 0 6 1,-0.9165481402074984,-0.06266480704360955,-0.979212947251108,-0.06399507606545145
10000,8,5,CGCGATAC,7 1 6 5 0,-0.20565880631523625,0.5451969927960301,0.3395381864807938,0.72610079517444
10000,8,5,TGCGATAC,7 1 5 6 0,0.7124706897416786,0.3174989172873177,1.0299696070289963,0.30826047207660884
10000,8,5,CGCGATAG,7 6 0 1 5,1.0072215597224705,-0.04554367737154674,0.9616778823509238,-0.04326100042708711
10000,9,5,GTATCGTA,4 1 0 6 3,-0.04783045841784084,0.3535779933224923,0.30574753490465145,0.8808434196876804
10000,9,5,CTATAGCA,1 3 4 0 6,1.6958465927154842,-0.48789111141298047,1.2079554813025037,-0.22342019853877051
10000,9,5,CGATCGCA,4 0 1 6 3,-0.219189067035773,0.553820792285558,0.334631725249785,0.7164472556298164
10000,9,5,CTATCGCA,0 3 1 4 6,0.5152772902207419,0.1337858746545013,0.6490631648752432,0.2061215023351639
10000,10,5,CTATCTCA,5 0 3 1 6,0.21314076229203138,-0.773768325616901,-0.5606275633248696,-0.784032019865543
10000,10,5,CGATCGTA,0 3 1 6 5,0.05599966867204653,0.04182486824487874,0.09782453691692528,0.4275498720775681
10000,10,5,ATATCGTA,5 0 3 1 6,-0.5971291187865657,-0.26858020610285305,-0.8657093248894188,-0.3102429399581206
10000,10,5,CGATCGTA,5 1 6 0 3,0.05599966867204653,-0.35976287320459654,-0.30376320453255,-0.8653085282303723
10000,11,2,CGATATAG,3 5,-0.049340561380903036,-0.020911787790765857,-0.07025234917166889,-0.29766674050522834
10000,11,2,CGATATAG,5 3,-0.049340561380903036,0.02127383168269148,-0.028066729698211557,0.3012676419031529
10000,11,2,CGATATAG,3 5,-0.049340561380903036,-0.020911787790765857,-0.07025234917166889,-0.29766674050522834
10000,11,2,CGATATAG,3 5,-0.049340561380903036,-0.020911787790765857,-0.07025234917166889,-0.29766674050522834
10000,12,4,CGATATAG,1 3 0 6,-0.15367855040833156,-0.14842220490715174,-0.3021007553154833,-0.49130034366234765
10000,12,4,CGATATAG,6 0 1 3,-0.15367855040833156,0.19617905652233691,0.042500506114005354,0.5607397199204357
10000,12,4,CGATATCG,0 3 1 6,-0.268216606686953,-0.0007504593920630853,-0.2689670660790161,-0.002790153467497832
10000,12,4,CGATATGG,3 0 1 6,0.5515009493825707,0.45593655645822384,1.0074375058407945,0.45257056027282305
10000,13,4,ATATTCCA,1 4 0 5,2.497899868747356,1.057286818675074,3.55518668742243,0.2973927705162579
10000,13,4,CTATCCCA,1 0 5 4,1.4126620950654631,0.5218039907492598,1.934466085814723,0.2697405731615584
10000,13,4,CGATCGCA,0 4 5 1,-0.42012295026012536,-0.3388696749772948,-0.7589926252374202,-0.44647294810182525
10000,13,4,CTATATCA,4 0 1 5,-0.35377231145844923,0.11279889024467238,-0.24097342121377685,0.2417613642524943
10000,14,4,TACCGCAG,1 2 3 5,2.508035195224158,0.11407491854594465,2.622110113770103,0.04350500688238691
10000,14,4,TACGGGAG,3 1 5 2,0.5822359150801617,0.6416236131779156,1.2238595282580773,0.5242624650650392
10000,14,4,TATCGTAG,1 3 2 5,0.0864905153022586,-0.4519734663365491,-0.3654829510342905,-0.8393754861021049
10000,14,4,TCTCGTAG,2 3 1 5,3.1377428611776605,0.07625711314577499,3.2139999743234355,0.023726544416612053
10000,15,5,TATGCAGC,7 5 2 1 6,2.8337035095803857,0.09159819995737717,2.925301709537763,0.03131239408869416
10000,15,5,TACGCTCT,7 1 5 2 6,2.9766866871272883,0.7048226431528848,3.681509330280173,0.19144937033182688
10000,15,5,TTAGCAAA,1 5 7 6 2,7.415256467818298,-0.23646916841268073,7.178787299405617,-0.030904031280603872
10000,15,5,TGTGCGCA,7 1 5 6 2,5.124588242335694,0.41179634106760954,5.536384583403303,0.0743800100704839
10000,16,3,CGATATAT,7 2 4,-0.2951831565492292,0.05934233991150384,-0.23584081663772538,0.16738525297594936
10000,16,3,CGATATAT,7 2 4,-0.2951831565492292,0.05934233991150384,-0.23584081663772538,0.16738525297594936
10000,16,3,CGATATAT,2 4 7,-0.2951831565492292,-0.03848498286958213,-0.33366813941881135,-0.11533909991111499
10000,16,3,CGATATAT,7 4 2,-0.2951831565492292,0.00036410269979958443,-0.29481905384942964,0.0012319610092976388
10000,17,4,ATCATATA,6 0 2 7,-1.0787221082710072,-0.33925028268382906,-1.4179723909548363,-0.2392502737344443
10000,17,4,ATGATACA,2 7 0 6,-0.6864871072719714,-0.10182468708062853,-0.7883117943525999,-0.12916803707630928
10000,17,4,CTAATATA,2 7 6 0,0.647062102751927,0.3108163162643631,0.9578784190162901,0.3244840995411102
10000,17,4,GTGATATG,2 7 6 0,0.2204258259362355,-0.05380997318861702,0.16661585274761848,-0.19621790211320558
10000,18,2,TGTGGGTA,7 6,0.3161833405740284,-0.1515674324417804,0.16461590813224802,-0.32403459531355555
10000,18,2,TGTGGGAT,6 7,0.5310008442370123,-0.016225721631331402,0.5147751226056809,-0.029650829552809246
10000,18,2,TGTGGGAG,7 6,0.03804668970871328,0.3840666212096746,0.4221133109183879,0.9098661692853621
10000,18,2,TGTGGGAT,7 6,0.5310008442370123,0.017492014970498126,0.5484928592075105,0.031891053232254385
10000,19,4,CGATATCC,5 3 2 4,-0.4564685076822871,0.12147710963592973,-0.33499139804635736,0.21018778583287437
10000,19,4,CGATACCC,3 4 5 2,0.999558038094051,-0.016968340827414607,0.9825896972666364,-0.016692474665948184
10000,19,4,CGATCTCC,3 2 5 4,0.2505223830433174,0.21373275216742904,0.46425513521074646,0.46037778789545547
10000,19,4,CGATCGCC,4 2 3 5,0.7569460190863153,0.3971606304078912,1.1541066494942065,0.3441281883108021
10000,20,4,TGATCCTT,5 2 1 4,-0.34172024560537295,0.0873418554483516,-0.25437839015702135,0.20356460110051805
10000,20,4,TGATACTT,1 5 2 4,-0.30661215835861144,0.05829823917664312,-0.24831391918196832,0.15976042220340086
10000,20,4,TGATACTT,2 1 4 5,-0.30661215835861144,-0.05861072273038603,-0.3652228810889975,-0.16047932855582445
10000,20,4,TGATCCTT,2 5 4 1,-0.34172024560537295,-0.03029049077941348,-0.37201073638478643,-0.08142370049256521
10000,21,5,ATATCCTC,1 4 2 3 0,-0.6890386500578722,-0.30396613718564147,-0.9930047872435137,-0.30610742374105004
10000,21,5,TGATCCTC,3 1 4 2 0,-0.07499722126824926,0.31196121352651485,0.2369639922582656,0.8061879144512603
10000,21,5,ACATCCTC,2 0 4 1 3,0.5413737552876796,-0.41972441776383906,0.12164933752384055,-0.43671336553600976
10000,21,5,TATACCTC,4 2 1 3 0,0.9764964031914785,0.6068478338397396,1.583344237031218,0.38326967670503775
10000,22,3,CGATATAT,0 6 4,-0.18975456673307184,-0.13874997971045433,-0.32850454644352617,-0.4223685218746496
10000,22,3,CGATATCT,0 6 4,0.2643499770305284,-0.0911043675515526,0.17324560947897583,-0.2563039921727976
10000,22,3,CGATCTAT,6 0 4,0.36258819068723636,0.4465516658599302,0.8091398565471666,0.5518844019938595
10000,22,3,CGATATAT,4 6 0,-0.18975456673307184,0.1695052177698666,-0.020249348963205238,0.4718179575940824
10000,23,2,ATGACGAT,0 5,-0.7979746907629459,-0.0014892668606321102,-0.799463957623578,-0.0018628317717523935
10000,23,2,ATGACGAT,5 0,-0.7979746907629459,0.0014763622401674503,-0.7964983285227785,0.0018467199894496866
10000,23,2,CTGACTAT,5 0,3.9329980166826966,0.17055715870713595,4.1035551753898325,0.04156326683019029
10000,23,2,ATGACGAT,0 5,-0.7979746907629459,-0.0014892668606321102,-0.799463957623578,-0.0018628317717523935
10000,24,6,CGATCTGA,0 7 3 6 2 1,-1.0692307217208725,0.2565230661982021,-0.8127076555226704,0.19349223704715565
10000,24,6,GTATCTGA,7 2 6 1 3 0,2.6473263924513653,0.6910908676555518,3.338417260106917,0.20701153085741558
10000,24,6,CAATCTGG,0 6 3 7 1 2,0.5765233360779289,-0.63575614755828,-0.05923281148035109,-0.5244303447678103
10000,24,6,CGATCTAC,7 0 6 2 3 1,0.23191407327944003,0.709580494278673,0.941494567558113,0.7536745497311377
10000,25,7,CTATCTTA,4 0 3 1 6 7 5,1.813718970453749,-0.2474006139910916,1.5663183564626575,-0.12003214944839241
10000,25,7,GTATCCCA,4 7 0 3 1 6 5,1.9200720761031977,0.15067019990684294,2.0707422760100407,0.07276144484631769
10000,25,7,CGATATTA,6 5 3 4 1 0 7,-0.06760889302706108,-0.17912976238266864,-0.24673865540972972,-0.7259898619663344
10000,25,7,TGATACCG,0 3 7 6 5 1 4,1.0183566256989112,0.5861549242977064,1.6045115499966176,0.3653167372331736
10000,26,4,CGGTATTG,1 7 6 0,-0.9129480858113199,-0.18456692809602426,-1.0975150139073442,-0.16816802117260696
10000,26,4,CGGTATCA,7 6 0 1,-0.2793462654117591,-0.2474414880404665,-0.5267877534522256,-0.4697176166660962
10000,26,4,CGGTATCG,1 7 6 0,-0.33383284254582857,-0.06367139310767733,-0.3975042356535059,-0.16017789848955982
10000,26,4,CGGTATAT,7 0 1 6,-0.06082570392832576,0.2833059114559724,0.22248020752764663,0.8232487187775509
10000,27,2,TTGATCCC,2 7,0.22762432302528213,0.06403778394114923,0.29166210696643136,0.2195615488319832
10000,27,2,TTAATCCC,7 2,0.7846436568584829,-0.06381243821690208,0.7208312186415808,-0.07521006518461319
10000,27,2,TTAATCCG,2 7,-0.5670927464164532,-0.04538804003409869,-0.6124807864505519,-0.07410524711661799
10000,27,2,TTGATCCC,2 7,0.22762432302528213,0.06403778394114923,0.29166210696643136,0.2195615488319832
10000,28,7,CGATATCG,7 4 0 3 1 6 2,-0.5536560172826182,0.22180932610219273,-0.3318466911804254,0.286033835031263
10000,28,7,CAACATAT,0 4 1 6 2 7 3,0.5463382449311576,0.13443003545907217,0.6807682803902297,0.19746812436974037
10000,28,7,CGATATCA,0 7 1 4 2 6 3,0.1344103064024651,0.48469419677328496,0.61910450317575,0.7828956085555898
10000,28,7,CACGATAT,4 0 7 1 3 2 6,1.067878830041427,-0.7139522027446539,0.35392662729677316,-0.40068457087556403
10000,29,6,CTATATAT,2 3 7 0 5 1,0.538034377626003,0.4581389312259194,0.9961733088519225,0.45989882197699006
10000,29,6,CGATATAG,2 1 7 3 0 5,-0.2771296022015912,-0.40979231020166385,-0.6869219124032551,-0.5965631650444377
10000,29,6,CAATATAT,0 1 7 5 2 3,-0.19373255178455873,-0.08547084226486135,-0.2792033940494201,-0.3061239371958805
10000,29,6,CGATATAT,7 1 3 0 2 5,-0.5209413340049396,0.013283952126068144,-0.5076573818788714,0.024865824345893146
10000,30,4,CATGATAC,0 6 1 2,0.6059294766907346,-0.4774959042924154,0.1284335723983192,-0.4407280027528187
10000,30,4,TGTGATAC,2 6 0 1,-0.08112054192966678,-0.08443307909134035,-0.16555362102100712,-0.5100044237668871
10000,30,4,TTTGATCC,2 0 1 6,-1.065914024322038,0.588005566961824,-0.4779084573602139,0.355522463160003
10000,30,4,TGCGATAC,0 6 1 2,0.15405123046078506,0.045003053558405615,0.19905428401919067,0.22608432559063588
10000,31,7,CGATATAA,5 6 4 3 2 0 1,0.19729590126289587,-0.23669921945761807,-0.0394033181947222,-0.5453960382426711
10000,31,7,CGATACCA,3 6 2 0 5 1 4,0.6769208200545673,-0.28938976464255184,0.3875310554120155,-0.29947903833968487
10000,31,7,CTATCGAA,4 5 0 2 1 6 3,-0.4186492385568279,-0.10829665002903965,-0.5269458885858676,-0.20551759179613063
10000,31,7,GTGTATCA,1 4 3 2 5 0 6,1.4629257169412284,0.208913891322549,1.6718396082637774,0.12496048681339009
15000,0,2,CGATATCG,7 0,-0.24514147137093567,0.05739590833742736,-0.1877455630335083,0.18971509699976677
15000,0,2,CGATATCA,0 7,0.2985307983155594,0.026088758148218094,0.3246195564637775,0.08036717945281648
15000,0,2,CGATATCG,0 7,-0.24514147137093567,-0.056748442995952386,-0.30188991436688806,-0.18797727348713533
15000,0,2,CGATATCT,7 0,-0.2300272385154878,-0.07001857165491132,-0.3000458101703991,-0.2333596047055183
15000,1,3,TCAATATA,3 2 1,-0.9627788937707238,-0.13081889085102327,-1.093597784621747,-0.11962249072795153
15000,1,3,TGAGTATA,1 3 2,-0.47378982928964675,-0.1929735327247597,-0.6667633620144064,-0.2894183209793555
15000,1,3,TCTATATA,2 1 3,2.4655573346998825,-0.16425506759164765,2.301302267108235,-0.062458853509292644
15000,1,3,TCAATATA,3 1 2,-0.9627788937707238,0.3583322293348288,-0.604446664435895,0.2712354949313368
15000,2,5,ATATCCCC,7 6 3 5 2,0.6396097557934706,0.4059645895477164,1.045574345341187,0.3882694629574561
15000,2,5,ATATCGCT,2 6 5 3 7,-0.00021578446732162249,0.12595723896451272,0.1257414544971911,0.9982897733489108
15000,2,5,ATATCGCC,2 3 7 6 5,-0.4421304204894769,-0.30807387535074593,-0.7502042958402229,-0.41065330745101325
15000,2,5,ATATCGTC,6 2 7 3 5,0.5657885111595391,0.2832305738909344,0.8490190850504735,0.3335974171582923
15000,3,4,CGATATTA,0 1 6 5,-0.23244587282202933,0.07545154903857654,-0.1569943237834528,0.2450541761039352
15000,3,4,CGATATCA,6 0 1 5,-0.1878413604792677,-0.055535865462145395,-0.2433772259414131,-0.22818842333059647
15000,3,4,CTATATCA,0 6 5 1,-0.596836450796268,0.24504972570823158,-0.35178672508803643,0.29107227621395904
15000,3,4,CGATAATA,0 6 1 5,0.3220328126612131,0.6962817914837887,1.0183146041450017,0.6837590157792163
15000,4,2,CACCGATA,3 0,0.5631883302619274,-0.32223134736544745,0.24095698289647993,-0.36393063708378204
15000,4,2,CACTGATA,3 0,-0.26993050394139506,-0.3379329156248294,-0.6078634195662245,-0.5559356012342059
15000,4,2,GACGGATA,0 3,1.1523931832813115,-0.1726630469646464,0.9797301363166651,-0.13030620363378584
15000,4,2,AACCGATA,3 0,0.42846829896478633,0.3802235296804448,0.8086918286452311,0.4701711037657175
15000,5,3,CTATCGCT,3 0 5,-0.3963931485875474,-0.14530889072888398,-0.5417020393164313,-0.2682450501981641
15000,5,3,CTATCTCT,3 0 5,0.23859191223433052,0.21366703706192625,0.45225894929625676,0.47244402215678766
15000,5,3,CTATCGCT,3 5 0,-0.3963931485875474,-0.18711821117871308,-0.5835113597662605,-0.32067620972052335
15000,5,3,CTATCTCT,3 0 5,0.23859191223433052,0.21366703706192625,0.45225894929625676,0.47244402215678766
15000,6,5,TAGAGGTG,2 7 6 5 3,-0.6934261995456428,1.6824563290298107,0.9890301294841679,0.7081395265946033
15000,6,5,TATCGGTA,5 7 3 2 6,2.1602822978533904,-1.4149825933173847,0.7452997045360057,-0.3957700020526387
15000,6,5,TATCGGTA,3 7 6 2 5,2.1602822978533904,1.2353063573344993,3.3955886551878898,0.3637974097501941
15000,6,5,TACAGGAC,5 7 6 3 2,3.494364534189491,0.5422110479928683,4.036575582182359,0.13432451268501308
15000,7,3,CGATATTA,4 7 0,-0.8185019554080786,0.08502577298827041,-0.7334761824198082,0.09410422095089516
15000,7,3,TGATCTTC,7 4 0,0.6308335359026485,0.369031466020739,0.9998650019233875,0.3690812912851762
15000,7,3,CGATATTG,4 0 7,0.09168967851060073,-0.010328973292931032,0.0813607052176697,-0.10124593013464481
15000,7,3,CGATATTG,7 0 4,0.09168967851060073,-0.002320150494202089,0.08936952801639864,-0.024679871442841964
15000,8,5,ATATCCTC,6 7 3 5 1,0.6223628323282946,0.38218173487317486,1.0045445672014695,0.3804527418209861
15000,8,5,ATATCGTA,5 6 1 3 7,-0.6310856173485502,0.05964290079959689,-0.5714427165489533,0.08634781861837752
15000,8,5,ATATCCAC,7 1 3 5 6,0.7509006963293112,1.065747555092786,1.8166482514220972,0.5866559771593121
15000,8,5,ATATCTTT,1 3 6 5 7,1.1551231184353217,0.25405794776301693,1.4091810661983386,0.18028765348686493
15000,9,3,CAATCGAT,2 6 0,-0.3266214878745173,0.08519980552468698,-0.2414216823498303,0.20688538181559604
15000,9,3,CAATCGAT,6 2 0,-0.3266214878745173,-0.04374000189032157,-0.37036148976483885,-0.11810083688262053
15000,9,3,CAATCGAT,2 0 6,-0.3266214878745173,0.06318817528758447,-0.2634333125869328,0.16210007411054805
15000,9,3,CAATCGAT,2 0 6,-0.3266214878745173,0.06318817528758447,-0.2634333125869328,0.16210007411054805
15000,10,5,CGATATAT,3 7 5 6 2,-0.40413418222645325,-0.01611695395978252,-0.4202511361862358,-0.03835076831925622
15000,10,5,CGATATCT,2 7 5 3 6,-0.020525498124050134,0.30414135931064834,0.2836158611865982,0.9367798170523811
15000,10,5,CGATATAC,3 2 5 6 7,0.4327316404501653,0.48352945014658033,0.9162610905967457,0.5277201608895841
15000,10,5,CGATATAT,5 7 2 3 6,-0.40413418222645325,0.0395775776895686,-0.36455660453688465,0.08919659397140875
15000,11,4,ATACTATA,3 6 1 0,-0.2767596578474034,-0.39831039866879614,-0.6750700565161996,-0.5900282419936337
15000,11,4,ATATTATA,6 1 0 3,0.4183302240548237,0.030753417364790536,0.4490836414196142,0.06848037765876935
15000,11,4,GGATTATA,0 1 3 6,-1.630517878354636,0.1545657344743998,-1.475952143880236,0.08658739196504134
15000,11,4,CGATTATA,6 1 3 0,-0.032044278551448535,0.15092474050455618,0.11888046195310764,0.8248650032842983
15000,12,3,ATATCGCA,5 7 0,-0.14099457198188947,0.22080782177193914,0.07981324979004967,0.6102995048788357
15000,12,3,CTATCGCG,7 5 0,-0.004162356445104987,-0.47062741390892393,-0.4747897703540289,-0.9912332642676751
15000,12,3,GTATCGCA,5 0 7,-0.613432585127689,0.2048876175336174,-0.40854496759407155,0.2503758514910063
15000,12,3,CTATCGCT,5 7 0,-0.31954295501015295,-0.08865318806171629,-0.40819614307186924,-0.21718281656107546
15000,13,4,ATATATTA,4 7 5 1,2.8596050026269264,0.11704113709131381,2.97664613971824,0.03931980208517246
15000,13,4,ATATCGTA,1 5 7 4,-0.7738972517063609,-0.16302293832072623,-0.9369201900270872,-0.17399874616429506
15000,13,4,ATATCGTA,1 7 4 5,-0.7738972517063609,0.03486326043835275,-0.7390339912680082,0.043107026016763014
15000,13,4,ATATCCTA,5 4 1 7,0.11841453259411505,0.05378640429890158,0.17220093689301663,0.31234675762721015
15000,14,6,CAATATAT,0 3 4 6 1 5,-0.41706259164427095,-0.1772617719490448,-0.5943243635933158,-0.29825762295409025
15000,14,6,CGATATAT,5 4 1 6 3 0,-0.623902293331835,0.18097526080489423,-0.44292703252694077,0.22484818948516846
15000,14,6,CAATATAT,0 1 4 6 5 3,-0.41706259164427095,-0.19257129201482925,-0.6096338836591002,-0.3158802310314378
15000,14,6,CGATCGTT,0 4 1 5 3 6,3.2794963572750877,0.5454286335418761,3.824924990816964,0.14259851757913253
15000,15,4,GGATATCG,4 5 6 0,1.5470589579037641,0.0985933576123772,1.6456523155161413,0.05991141426581011
15000,15,4,CGATATCG,6 4 5 0,-0.3692019874789716,0.11758823033745358,-0.251613757141518,0.2415583264284033
15000,15,4,TGATATGG,6 0 5 4,3.1723519793699113,-0.64866950270115,2.5236824766687613,-0.16976337498881572
15000,15,4,CGATATCG,6 5 4 0,-0.3692019874789716,-0.1489300532979243,-0.5181320407768959,-0.2874364864111011
15000,16,3,CACGGATA,4 0 6,-0.35759435746227464,0.1790019644333536,-0.17859239302892105,0.3335877588593884
15000,16,3,TACGGATA,0 6 4,-0.27387463586838146,0.19970939988012826,-0.0741652359882532,0.42169791379154764
15000,16,3,CACGGATA,6 4 0,-0.35759435746227464,0.021945615103703187,-0.33564874235857145,0.05782161745792992
15000,16,3,CACGGATA,0 4 6,-0.35759435746227464,-0.04785431195958312,-0.40544866942185775,-0.11802804046149692
15000,17,1,ATATCGTA,1,-0.048666690484903796,0.0,-0.048666690484903796,0.0
15000,17,1,ATATCGTA,1,-0.048666690484903796,0.0,-0.048666690484903796,0.0
15000,17,1,ATATCGTA,1,-0.048666690484903796,0.0,-0.048666690484903796,0.0
15000,17,1,ATATCGTA,1,-0.048666690484903796,0.0,-0.048666690484903796,0.0
15000,18,4,CCCGGATG,0 5 2 1,5.273363921778656,-0.17386246063437127,5.099501461144285,-0.0319176124560759
15000,18,4,TCTGGCTG,2 0 1 5,1.6297614761226331,0.9961004989977162,2.6258619751203494,0.3793422915734414
15000,18,4,TGTGGATG,1 5 0 2,-1.0503091581937314,0.2972650719768284,-0.753044086216903,0.22059272529959567
15000,18,4,TGTGGATG,1 0 2 5,-1.0503091581937314,-0.09026111606891174,-1.1405702742626431,-0.07913683015039456
15000,19,6,CGGTATTG,6 2 0 7 5 4,0.39718773196644985,0.28500888371904676,0.6821966156854966,0.41778114573708225
15000,19,6,CGATATTA,4 7 0 5 6 2,0.42882554640517334,-0.34305443763104115,0.08577110877413219,-0.44444012634863966
15000,19,6,CGATATCG,6 0 2 7 5 4,-0.28178434506129246,-0.5064748783183939,-0.7882592233796863,-0.6425232503425292
15000,19,6,CGATATCG,0 7 5 4 6 2,-0.28178434506129246,0.1006738285946005,-0.18111051646669196,0.26322833587857697
15000,20,3,ATATCCCG,7 6 5,0.7347168374109518,-0.03955314905595397,0.6951636883549979,-0.051084440501742955
15000,20,3,ATATCGTA,6 7 5,-0.6069771768484513,-0.06044155650937899,-0.6674187333578303,-0.09056017382864472
15000,20,3,ATATCCGC,5 7 6,0.012461183211251559,0.22249335902142464,0.2349545422326762,0.9469634292112931
15000,20,3,ATATCCTC,6 5 7,0.5481497629835355,0.026511516605006502,0.574661279588542,0.04613416206497987
15000,21,4,CTATCTCA,3 7 6 2,-0.30194817924849016,0.20596856064965063,-0.09597961859883952,0.40551638579771204
15000,21,4,CTATCTAT,7 3 6 2,-0.3429822746377038,0.04422142749590385,-0.29876084714179996,0.11420714020096044
15000,21,4,CTATCTAT,3 7 6 2,-0.3429822746377038,-0.00035406651968550307,-0.3433363411573893,-0.0010312526733754494
15000,21,4,CTATCTCC,6 7 3 2,-0.5835924174623961,0.22479622107315,-0.3587961963892461,0.2780793919622429
15000,22,4,CAGTATAT,6 4 3 0,-0.2895106340018896,0.08902524069075968,-0.2004853933111299,0.235183100579419
15000,22,4,GAGTATAT,6 4 3 0,1.0531930111150478,0.39333192721146215,1.44652493832651,0.27191506816779065
15000,22,4,CAGTATAT,4 6 0 3,-0.2895106340018896,0.2821820213658133,-0.007328612636076315,0.4935904261080959
15000,22,4,CAGTGTAT,4 3 6 0,0.209891782681213,-1.6562039153610293,-1.4463121326798163,-0.8875235697175581
15000,23,4,TACACGTA,1 7 2 3,-0.5301451123499481,0.19403759651194363,-0.33610751583800447,0.2679401125399535
15000,23,4,TTATCGTA,7 1 2 3,-0.664842599560926,0.1144282421717926,-0.5504143573891334,0.14684014343121057
15000,23,4,TATACGTA,3 1 7 2,-0.11874077199998423,-0.5489493720922094,-0.6676901440921936,-0.8221618619795162
15000,23,4,TTATCGTA,3 7 1 2,-0.664842599560926,0.10483564573028525,-0.5600069538306407,0.13620710520487717
15000,24,7,CATTATCT,4 7 6 0 5 3 2,1.8529466642363799,-0.2566222057149794,1.5963244585214005,-0.1216467541639901
15000,24,7,GAGATGTG,5 7 2 3 0 4 6,3.2273505516131173,1.578276861598491,4.805627413211608,0.3284226440983543
15000,24,7,CAATATCG,0 3 5 2 6 4 7,0.2111513660778641,1.06083476691105,1.2719861329889142,0.8339986886636095
15000,24,7,CACTATCA,2 7 0 3 4 6 5,0.15281973906422142,0.8211051095388084,0.9739248486030299,0.8430887770412453
15000,25,4,CGGTATCG,7 1 3 4,-0.2568693768996074,0.07907409870919224,-0.17779527819041518,0.23537917670790742
15000,25,4,CGGTATCC,1 7 4 3,1.1530482039776606,0.3177681186225909,1.4708163226002515,0.21604881162918402
15000,25,4,CAGTATCG,7 3 1 4,-0.21128507397817642,-0.1852625788339033,-0.3965476528120797,-0.46718869099370897
15000,25,4,CGGTATCA,4 7 1 3,-0.2287146005578946,0.09901314696937513,-0.12970145358851948,0.30212012170600966
15000,26,2,TGCGATAT,7 1,1.0980006065250576,0.00589046290662143,1.103891069431679,0.005336090733711653
15000,26,2,TCCGATAC,7 1,-0.10692162064612587,0.17722162452660406,0.07030000388047819,0.6237052174823705
15000,26,2,TACGATAT,1 7,0.07995409414660237,-0.09395390485301292,-0.013999810706410543,-0.5402506232805355
15000,26,2,TACGATAT,1 7,0.07995409414660237,-0.09395390485301292,-0.013999810706410543,-0.5402506232805355
15000,27,4,TGATCTTA,5 0 1 6,0.27748700082901934,-0.37972401065038763,-0.1022370098213683,-0.5777809623055683
15000,27,4,CTATCTCA,1 5 0 6,0.2008247475709113,-0.11149198768730395,0.08933275988360734,-0.3569837126887399
15000,27,4,ATATCGTA,5 0 6 1,-0.4327936939500092,0.025454000623075235,-0.407339693326934,0.055546380100807376
15000,27,4,CGATCTAA,1 5 0 6,2.2752344936459235,-0.10948246866229372,2.1657520249836297,-0.0459100473526734
15000,28,2,TGTGGATC,6 7,-0.27583792089482795,-0.10793457986161326,-0.3837725007564412,-0.2812462582620354
15000,28,2,TGTGGATC,7 6,-0.27583792089482795,0.10519921346261885,-0.1706387074322091,0.2760865122503588
15000,28,2,TGTGGATC,6 7,-0.27583792089482795,-0.10793457986161326,-0.3837725007564412,-0.2812462582620354
15000,28,2,TGTGGATC,6 7,-0.27583792089482795,-0.10793457986161326,-0.3837725007564412,-0.2812462582620354
15000,29,5,CGATATAT,7 6 4 3 2,-0.48000647212951897,0.18741974580545673,-0.29258672632406224,0.28080968467995693
15000,29,5,CGATATAT,3 2 7 6 4,-0.48000647212951897,-0.1295857823316311,-0.6095922544611501,-0.2125778032501063
15000,29,5,CGATATCA,6 4 3 7 2,0.35315717916457157,0.2384748038422968,0.5916319830068684,0.40307963513109857
15000,29,5,CGATATAT,2 7 4 6 3,-0.48000647212951897,0.20473745811243305,-0.2752690140170859,0.29899857314556955
15000,30,3,ATATCCTG,5 1 4,0.6974711439650039,0.180663837082762,0.8781349810477659,0.2057358390018799
15000,30,3,ATATCGTG,5 4 1,-0.484039867790081,-0.09702000105872277,-0.5810598688488038,-0.1669707482138439
15000,30,3,ATATCCTG,1 4 5,0.6974711439650039,-0.06471693705759596,0.6327542069074079,-0.08490940578704355
15000,30,3,ATATCGTG,4 5 1,-0.484039867790081,0.0073737121175276865,-0.4766661556725533,0.01500510449653025
15000,31,5,CACCATAT,2 0 1 4 7,-0.8015514368428791,0.1046103475660507,-0.6969410892768284,0.11544334506920949
15000,31,5,CGACATAT,0 7 2 1 4,0.6569096531867649,-0.10935327327465938,0.5475563799121055,-0.14270985780252873
15000,31,5,CCACATAT,7 0 1 2 4,-0.5056020481733525,0.5043880563288088,-0.001213991844543738,0.49939900805011245
15000,31,5,CAGCCTAT,7 1 2 0 4,5.437992742818776,0.039588701797026005,5.477581444615802,0.007227405415567082
20000,0,2,ATATCGTA,5 6,-0.507632364535801,-0.04387670420663681,-0.5515090687424378,-0.07955753892984092
20000,0,2,ATATCGTA,5 6,-0.507632364535801,-0.04387670420663681,-0.5515090687424378,-0.07955753892984092
20000,0,2,ATATCCGA,5 6,1.1843262963998265,-0.023458460230104894,1.1608678361697216,-0.019422715927928068
20000,0,2,ATATCCTA,5 6,0.45131265214913574,0.034936981386731514,0.48624963353586725,0.07184988733601679
20000,1,2,CGATATAT,2 0,-0.12070284973467371,0.012871527904812274,-0.10783132182986144,0.0963622524939043
20000,1,2,CGATATAT,2 0,-0.12070284973467371,0.012871527904812274,-0.10783132182986144,0.0963622524939043
20000,1,2,CGATATAT,0 2,-0.12070284973467371,-0.013086403859611573,-0.13378925359428528,-0.09781356505131553
20000,1,2,CGGTATAT,2 0,1.2246306991949991,-0.15003226615539011,1.074598433039609,-0.10914112763425488
20000,2,3,CGATATCA,6 3 2,-0.12337319774161681,0.1186881401550477,-0.004685057586569119,0.49032258181484323
20000,2,3,CGGAATCA,2 6 3,4.033429042668772,0.7555251231115765,4.788954165780348,0.15776411653930825
20000,2,3,CGGTATCA,3 2 6,0.009244536497923672,0.1852496772361807,0.19449421373410436,0.9524688353425156
20000,2,3,CGATATCA,2 3 6,-0.12337319774161681,-0.14544865945610352,-0.26882185719772034,-0.5410596480967135
20000,3,4,TTATCACT,0 7 3 4,4.256337273047021,-0.2594745704498278,3.996862702597193,-0.05745911907811065
20000,3,4,TTAATACC,4 7 3 0,-0.2205978185245998,0.27913103751861534,0.058533218994015535,0.5585649780737835
20000,3,4,ATATTACC,7 0 4 3,0.6205320113004671,0.12608979442112833,0.7466218057215954,0.16888040699436177
20000,3,4,ATATCACA,0 3 4 7,0.7579546260363008,0.3920317120916321,1.149986338127933,0.34090119081746834
20000,4,5,GTATCATA,7 0 4 1 2,0.04891319163497476,0.12813885572616535,0.1770520473611401,0.7237355209160357
20000,4,5,GGATCATG,2 7 1 0 4,-1.3228687342983605,-0.3579789564456801,-1.6808476907440406,-0.21297524958208314
20000,4,5,ATATCATC,2 0 1 7 4,0.03677200011707882,0.3225802454188802,0.359352245535959,0.8976714336034414
20000,4,5,CGGTAATA,1 0 2 4 7,-0.1517103282555219,-0.821638795436809,-0.9733491236923308,-0.8441357529762604
20000,5,4,TTATCCTC,6 3 5 0,0.47250777461073223,-0.3229254053346162,0.149582369276116,-0.40597427097120004
20000,5,4,ATATCGCC,6 0 3 5,-0.6551783926510786,0.01124053613036713,-0.6439378565207114,0.016867072114714048
20000,5,4,TTATCCCC,5 6 3 0,-0.24196579461996937,0.3603304720015794,0.11836467738161005,0.5982611747251492
20000,5,4,ATATCGCC,3 6 5 0,-0.6551783926510786,0.03237255641013226,-0.6228058362409463,0.04708386550019905
20000,6,5,ATACAGAA,2 5 1 6 3,1.0435235631048716,1.0774335048935386,2.12095706799841,0.5079940189031428
20000,6,5,ATATACTA,6 2 5 3 1,-0.11778630419770764,0.09713224971935919,-0.02065405447834845,0.4519491125779711
20000,6,5,ATCAACGA,1 3 2 5 6,0.10358530662273147,0.29549890654130984,0.3990842131640413,0.7404424850547688
20000,6,5,ATACACTA,1 3 2 6 5,0.5423971093191549,0.2651237870662744,0.8075208963854292,0.3283181751122524
20000,7,4,GTGATCCG,2 5 0 7,0.21361285832727184,0.1420795543035549,0.35569241263082674,0.3994449958959887
20000,7,4,ATGATCCC,5 7 0 2,-0.2593091130526275,0.10669129650865639,-0.1526178165439711,0.29150594841285765
20000,7,4,GTAATCCG,0 2 5 7,0.46071791396652007,-0.16177131393598998,0.2989466000305301,-0.2598780937640988
20000,7,4,ATGATACG,2 7 0 5,0.9008806528854292,0.6071436353132835,1.5080242881987127,0.4026086582720079
20000,8,4,CGATATCC,4 7 1 6,0.47671018432238466,-0.42729711498334044,0.04941306933904421,-0.472669983208657
20000,8,4,CTATCTCA,1 4 7 6,0.6629383812037641,0.197737485802576,0.8606758670063401,0.22974675296794325
20000,8,4,CGATCTAT,1 6 7 4,0.14216336673457652,0.5450918104255238,0.6872551771601003,0.7931432581970078
20000,8,4,CGATATTG,1 7 6 4,0.9029605513357906,0.11686347888858606,1.0198240302243766,0.11459180743453784
20000,9,8,CAATCGCC,3 1 7 5 2 4 0 6,3.4367965717345452,0.4208776514342567,3.857674223168802,0.10910139817056298
20000,9,8,CTATCTAC,0 2 3 4 5 6 1 7,1.874336155297831,-0.12786970168986223,1.7464664536079688,-0.06386441296413019
20000,9,8,CGGTATCG,3 0 4 5 1 7 6 2,-0.10871839965385188,0.15925506424275682,0.050536664588904934,0.5942941585596762
20000,9,8,TGATATCG,6 4 2 0 5 3 7 1,1.3795858342335174,-1.1913275708285749,0.18825826340494256,-0.4633868913993243
20000,10,4,CGATATCT,2 7 6 1,0.04074882353717868,-0.02583711406478173,0.01491170947239695,-0.3880265863226508
20000,10,4,CCATATAT,6 7 2 1,0.3928309513830541,0.39971318211179696,0.7925441334948511,0.5043418596125332
20000,10,4,CAGTATAT,2 7 1 6,0.6332832965790791,-0.3428081578800741,0.290475138699005,-0.351204957603099
20000,10,4,CGATATAT,6 2 1 7,-0.5350288879004148,-0.07151618247715685,-0.6065450703775717,-0.11790744986623722
20000,11,1,CGATATCG,2,-0.19778241646846695,0.0,-0.19778241646846695,0.0
20000,11,1,CGGTATCG,2,0.5064251823067671,0.0,0.5064251823067671,0.0
20000,11,1,CGATATCG,2,-0.19778241646846695,0.0,-0.19778241646846695,0.0
20000,11,1,CGATATCG,2,-0.19778241646846695,0.0,-0.19778241646846695,0.0
20000,12,3,CGATATCA,5 1 7,0.29818773818354405,-0.01949014333367538,0.27869759484986867,-0.06135190539735117
20000,12,3,CGATATCG,7 1 5,-0.30570205340719747,0.06276556318766024,-0.24293649021953723,0.17034214232365785
20000,12,3,CGATATCA,7 5 1,0.29818773818354405,-0.11657322761893418,0.18161451056460987,-0.2810612309993749
20000,12,3,CGATATCA,1 5 7,0.29818773818354405,0.06566793652891922,0.3638556747124633,0.18047797820059636
20000,13,4,TGGGTATC,1 4 3 2,0.15460682079810306,-0.7430721751506524,-0.5884653543525493,-0.8277704819920629
20000,13,4,TTCGGATC,2 4 1 3,0.5240226414682114,-0.3608936940995626,0.1631289473686488,-0.40782803932307166
20000,13,4,TAGTGATC,2 1 3 4,2.034073204542576,0.03772617324523608,2.071799377787812,0.018209375700034548
20000,13,4,TTATCATC,4 1 3 2,2.745869242739089,-0.3437740767685389,2.4020951659705503,-0.11126659009407061
20000,14,2,CGATATAT,7 0,-0.28257766577050525,0.04348543187629961,-0.23909223389420564,0.13336508237250297
20000,14,2,CGATATAT,7 0,-0.28257766577050525,0.04348543187629961,-0.23909223389420564,0.13336508237250297
20000,14,2,CGATATAG,7 0,0.44631132295059217,-0.00019082546828297353,0.4461204974823092,-0.00042737861163426083
20000,14,2,CGATATAT,7 0,-0.28257766577050525,0.04348543187629961,-0.23909223389420564,0.13336508237250297
20000,15,5,CTATCGCC,3 6 7 5 2,0.8128365561669919,0.46529370184057495,1.2781302580075669,0.3640424744860553
20000,15,5,CTATCTCT,7 3 5 6 2,0.32809182899466194,0.11952874518587286,0.4476205741805348,0.26703139239007456
20000,15,5,CTATCGCA,2 7 6 5 3,0.2140287595834156,0.1092705908960836,0.3232993504794992,0.33798580397399397
20000,15,5,CTATCAAA,7 2 3 6 5,0.1777882405685931,0.39228401744693553,0.5700722580155286,0.6881303412527221
20000,16,2,CGATATAT,1 0,-0.1985500033725357,0.02595683560595108,-0.17259316776658462,0.11561712651630347
20000,16,2,CGATATAT,0 1,-0.1985500033725357,-0.028716722495106928,-0.22726672586764263,-0.12635691558222736
20000,16,2,CGATATAT,0 1,-0.1985500033725357,-0.028716722495106928,-0.22726672586764263,-0.12635691558222736
20000,16,2,CGATATAT,1 0,-0.1985500033725357,0.02595683560595108,-0.17259316776658462,0.11561712651630347
20000,17,3,CGATATTT,5 3 2,-0.04469834776819592,0.02881685110632093,-0.015881496661874994,0.39198494389586613
20000,17,3,CGATACTT,3 5 2,-0.11446086601421257,0.11212513186526296,-0.0023357341489496086,0.49484581092651625
20000,17,3,CGATACTT,2 3 5,-0.11446086601421257,-0.2715091855681986,-0.38597005158241116,-0.7034462504410832
20000,17,3,CGATACTT,2 5 3,-0.11446086601421257,-0.0198069770305902,-0.13426784304480277,-0.1475183974168779
20000,18,4,ATATCCTC,7 4 6 5,0.43545680827127153,-0.3529229813772057,0.08253382689406585,-0.4476560485328613
20000,18,4,ATATCCCA,6 5 4 7,0.41868780124443994,-0.24262653847924653,0.1760612627651934,-0.36688534317979843
20000,18,4,ATATCGTC,6 5 4 7,0.457879874406673,0.0856047391861563,0.5434846135928293,0.15751087895616142
20000,18,4,ATATCGTA,4 5 7 6,-0.5072316257557199,-0.01880903564278391,-0.5260406613985038,-0.03575585885847533
20000,19,2,TTATCCCC,0 4,-0.5976905406999491,-0.2799808645221129,-0.877671405222062,-0.31900420004144286
20000,19,2,ATATCCCC,4 0,0.21285941172706402,-0.15553374297643086,0.05732566875063316,-0.422194986499176
20000,19,2,TTATCCCC,4 0,-0.5976905406999491,0.2347542828348741,-0.362936257865075,0.2820058173201599
20000,19,2,TTATCCCC,4 0,-0.5976905406999491,0.2347542828348741,-0.362936257865075,0.2820058173201599
20000,20,3,CTGGTATA,4 1 3,3.724694661636825,0.0916427627804195,3.8163374244172443,0.024013275711440366
20000,20,3,CGGTGATA,1 4 3,-0.5580650545314607,0.1831830920126274,-0.3748819625188333,0.2471278921460777
20000,20,3,CTGATATA,1 3 4,1.39021480337902,-0.30830569889117587,1.0819091044878442,-0.18151426401924672
20000,20,3,CGGAAATA,1 4 3,-0.5766700808953757,-0.11482961450668938,-0.6914996954020651,-0.16605880706848747
20000,21,2,AGTTATCC,1 3,0.789430579685175,-0.19424170097194948,0.5951888787132256,-0.19746586824850834
20000,21,2,AGTTATCC,3 1,0.789430579685175,0.17287647882617674,0.9623070585113518,0.17964793804340304
20000,21,2,AATTATCC,3 1,5.180694042867072,0.13994673242577793,5.3206407752928495,0.026302608715033055
20000,21,2,AATTATCC,3 1,5.180694042867072,0.13994673242577793,5.3206407752928495,0.026302608715033055
20000,22,3,CGATATAT,0 5 2,-0.16065660860831335,0.002144623055746475,-0.15851198555256688,0.013173260630926322
20000,22,3,CGATATAT,0 2 5,-0.16065660860831335,0.05499653096466295,-0.1056600776436504,0.2550230943707282
20000,22,3,CGATATAT,2 5 0,-0.16065660860831335,0.02204750056534044,-0.1386091080429729,0.12067326052521933
20000,22,3,CGATATAT,5 2 0,-0.16065660860831335,-0.05302351017327078,-0.21368011878158413,-0.24814433123499638
20000,23,6,CGGGGTTT,2 4 7 3 6 5,8.624374182125806,0.831245929281268,9.455620111407073,0.08791025014620345
20000,23,6,CGATATAT,2 7 3 4 5 6,-0.6639070826566174,-0.4330156800378635,-1.0969227626944809,-0.3947549406069429
20000,23,6,CGCTGATA,2 7 4 3 5 6,1.9870140998005335,0.558603036208221,2.5456171360087545,0.21943717627704562
20000,23,6,CGATATAT,7 3 5 2 4 6,-0.6639070826566174,-0.2639757256065085,-0.9278828082631259,-0.2844925277801366
20000,24,4,CGATCTGT,5 1 2 6,0.07523764710994385,0.2913420950263079,0.3665797421362518,0.7947577608312594
20000,24,4,CTATCGCT,6 2 1 5,-0.34808534435200755,-0.1847604419617941,-0.5328457863138016,-0.34674280384190864
20000,24,4,CAATCTAT,1 6 2 5,-0.10490276954355604,-0.20869130895694177,-0.3135940785004978,-0.6654823010524751
20000,24,4,CTATCTCT,1 6 2 5,0.30575023531151047,0.45817921273742535,0.7639294480489358,0.5997663971556642
20000,25,5,TAATATAT,3 7 6 4 1,1.1918857345479168,0.41217587677738,1.6040616113252968,0.25695763421258794
20000,25,5,TGATATCC,7 6 4 1 3,0.7108018977974631,0.3026715514680589,1.013473449265522,0.29864773634416286
20000,25,5,TGATATTA,4 3 1 7 6,0.1012863946059186,-0.1497129537126769,-0.048426559106758305,-0.596467499679103
20000,25,5,TGATATCG,6 1 4 7 3,0.23455468200236673,0.038087120518635054,0.2726418025210018,0.139696554843974
20000,26,6,TTAATCCC,1 3 2 6 7 5,0.35733966899448344,0.38092267915079514,0.7382623481452786,0.515971971356496
20000,26,6,TTACTCTT,1 2 5 7 3 6,0.9904539770446146,0.7985818909214579,1.7890358679660725,0.4463755619552522
20000,26,6,TCAGTATA,6 3 2 1 7 5,0.4756249876091978,1.5777501008966262,2.053375088505824,0.7683691643715737
20000,26,6,TTTATCCG,5 3 6 7 2 1,-0.42296734166075645,0.8559459705611996,0.43297862890044314,0.6692759879667667
20000,27,4,CAATATCT,5 1 7 2,0.8565631380557548,0.0930564079830356,0.9496195460387904,0.09799335783599636
20000,27,4,CGATATCG,2 5 7 1,-0.3421642255718693,0.06648291735828504,-0.2756813082135843,0.16269027817392143
20000,27,4,CGATATCT,7 5 1 2,-0.32452823466114444,-0.07663820348323824,-0.4011664381443827,-0.19103842245062286
20000,27,4,CGATATCT,7 1 5 2,-0.32452823466114444,-0.03801109306158068,-0.3625393277227251,-0.10484681289708814
20000,28,3,ATATCCCT,3 0 5,-0.19850055055494487,0.25190489802253824,0.05340434746759337,0.5592847484819072
20000,28,3,CTATCGCT,5 0 3,-0.32031094248567893,-0.014245773319539357,-0.3345567158052183,-0.04258104126008149
20000,28,3,CTATCGCT,0 5 3,-0.32031094248567893,0.20692772173470564,-0.11338322075097329,0.3924744821980854
20000,28,3,CTATCGCT,5 3 0,-0.32031094248567893,-0.021505667947617102,-0.34181661043329603,-0.06291580716442051
20000,29,4,ATGTCGAA,4 7 3 0,3.0007401348437153,0.45289878207864387,3.453638916922359,0.13113669175416737
20000,29,4,CTGATGAA,7 4 0 3,6.3757598165890155,-0.445115594087083,5.9306442225019325,-0.06525783968878597
20000,29,4,GTGATGAA,3 7 0 4,3.6651812440825404,0.5501218263129539,4.215303070395494,0.13050587754330548
20000,29,4,ATGAAGAA,7 3 0 4,0.24958079112606502,0.39062700692262275,0.6402077980486878,0.6101565899591176
20000,30,6,TTATCTCC,0 2 3 4 5 7,1.6760122915526248,-0.12076065916520395,1.5552516323874208,-0.067209749076509
20000,30,6,CTATCCCC,5 2 0 4 7 3,-0.029538307196584235,-0.21738260933623454,-0.24692091653281878,-0.8803734101940358
20000,30,6,ATGATACC,3 4 2 0 7 5,0.43275944696795765,1.1823525830745014,1.615112030042459,0.7320560809911242
20000,30,6,CTATCGCG,2 3 5 0 7 4,-0.19806236505744002,0.3235949306173449,0.12553256555990489,0.6203209143251063
20000,31,2,CTATCGGC,4 2,-0.02362607967779884,0.057414796052095096,0.03378871637429626,0.7084671227326858
20000,31,2,CTATCGGC,4 2,-0.02362607967779884,0.057414796052095096,0.03378871637429626,0.7084671227326858
20000,31,2,CTATCGGC,2 4,-0.02362607967779884,-0.05470758156146427,-0.07833366123926311,-0.6983917347405082
20000,31,2,CTATCGGC,2 4,-0.02362607967779884,-0.05470758156146427,-0.07833366123926311,-0.6983917347405082
22500,0,7,ATAACGGA,4 7 0 1 3 6 2,1.155149738708574,-0.009877906094327926,1.1452718326142461,-0.008478688156793961
22500,0,7,ATATCGTA,4 2 7 1 0 3 6,-0.44984081406840426,0.31092921294605347,-0.1389116011223508,0.40870328996300553
22500,0,7,ATATCGCA,2 3 1 0 4 6 7,0.2668025763657287,-0.1976967697967833,0.06910580656894538,-0.4256125900500539
22500,0,7,ATATCGTA,3 2 4 6 0 1 7,-0.44984081406840426,0.1866388798165879,-0.26320193425181637,0.2932361890092166
22500,1,5,CTATACCT,3 0 4 5 1,0.8487916151091612,0.15523011698620603,1.0040217320953673,0.15460832372845637
22500,1,5,CTATATCT,1 3 5 0 4,0.48889476374439056,0.03945694970643476,0.5283517134508253,0.07467932572552752
22500,1,5,CAATATCT,3 1 4 0 5,0.40982291945627747,-0.4375270858723228,-0.02770416641604534,-0.5163475342195234
22500,1,5,ATATCGCT,1 5 4 3 0,0.3515701597233165,0.2680834471816915,0.619653606905008,0.43263436893507556
22500,2,7,ATAATATA,5 7 0 4 6 3 2,1.75849004212162,-0.4161013037911516,1.3423887383304685,-0.1913468958538946
22500,2,7,TTTGGACC,2 0 3 6 5 4 7,6.0464128663813455,0.10646255519726999,6.1528754215786154,0.01730289464725671
22500,2,7,ATCAACCC,3 7 4 2 6 0 5,0.2900709784679876,-0.3281529795335594,-0.0380820010655718,-0.53079951898716
22500,2,7,ATATCCTA,2 0 7 3 5 6 4,-0.43545692106950895,0.1900225561259301,-0.24543436494357884,0.303803023207035
22500,3,4,ATATCGTA,2 5 3 1,-0.3840786118920312,-0.23043796600490296,-0.6145165778969341,-0.37499064190185555
22500,3,4,ATCCCCTA,1 2 3 5,2.522200926755943,0.2182223649554249,2.740423291711368,0.07963089702800882
22500,3,4,ATATCCTA,1 3 2 5,-0.19981611057261084,0.6348104557007526,0.4349943451281417,0.7605921993775052
22500,3,4,ATATCGTA,1 5 2 3,-0.3840786118920312,-0.08702856668918812,-0.4711071785812193,-0.18473199018380979
22500,4,7,CGATATAA,0 7 2 3 1 5 6,0.6410799734551977,0.4742374430035099,1.1153174164587076,0.42520401457486573
22500,4,7,TGTTATCG,7 2 6 5 1 0 3,1.5407011911660078,0.8313920182349879,2.3720932094009957,0.35048876449713046
22500,4,7,CAATATAT,6 2 0 7 1 3 5,-0.45278432385790746,0.2070779997587966,-0.24570632409911086,0.313820008125032
22500,4,7,CGATATAT,3 2 7 1 5 0 6,-0.7490684743222322,-0.21373366776758473,-0.962802142089817,-0.22199126738923078
22500,5,5,CTATCTCC,3 5 2 4 0,-0.17585634890835555,-0.09446471005015766,-0.2703210589585132,-0.34945375848300214
22500,5,5,ATATCGCC,5 2 4 0 3,-0.6640363848108954,-0.265178784920697,-0.9292151697315925,-0.2853793110128572
22500,5,5,GTATCTCC,2 4 0 3 5,0.6674423371102867,-0.17093775345187456,0.4965045836584121,-0.20389052098941807
22500,5,5,TTATCCCC,2 4 3 5 0,-0.5832499208405801,0.43849258837794114,-0.144757332462639,0.4291615396459542
22500,6,4,CGATATCA,2 4 1 7,0.21946508648526342,-0.0506474878783858,0.16881759860687762,-0.1875051096666078
22500,6,4,CGATATCT,4 2 7 1,-0.511492424735843,0.013214844007188642,-0.49827758072865436,0.02518517427602177
22500,6,4,CGATATCT,7 4 1 2,-0.511492424735843,-0.10286643848926369,-0.6143588632251067,-0.16743705454050312
22500,6,4,CGATATCA,1 4 7 2,0.21946508648526342,-0.055384119987074154,0.16408096649818926,-0.20150729448312354
22500,7,1,CGATATAT,2,-0.12486541846292099,0.0,-0.12486541846292099,0.0
22500,7,1,CGATATAT,2,-0.12486541846292099,0.0,-0.12486541846292099,0.0
22500,7,1,CGATATAT,2,-0.12486541846292099,0.0,-0.12486541846292099,0.0
22500,7,1,CGATATAT,2,-0.12486541846292099,0.0,-0.12486541846292099,0.0
22500,8,5,CGATATTA,2 7 5 4 1,-0.42211693930429695,0.2314173819916876,-0.19069955731260935,0.35410134472016364
22500,8,5,CGATCTTA,4 7 2 1 5,0.8359041204698632,0.2445337080160872,1.0804378284859504,0.2263283472393405
22500,8,5,CGATAATA,4 2 1 7 5,1.0265570903648253,-0.19966311445292195,0.8268939759119034,-0.16282810678576107
22500,8,5,CGATCGTA,7 4 1 5 2,0.016405894976715185,0.1550914606077658,0.17149735558448098,0.9043373297459767
22500,9,5,AGGATAAC,6 4 0 1 3,1.4533494449806073,-0.22694286274588116,1.226406582234726,-0.13506153762790543
22500,9,5,ATGATATC,6 3 0 1 4,0.3406352856387378,0.10835122591615498,0.4489865115548928,0.2413240111399383
22500,9,5,ATGATATC,3 6 1 4 0,0.3406352856387378,0.1619517774766761,0.5025870631154139,0.32223626384805204
22500,9,5,ATGATATC,3 1 4 6 0,0.3406352856387378,0.15047705261767685,0.49111233825641465,0.30640047275519944
22500,10,5,ATATCGCG,5 7 1 4 0,0.08805225504655478,0.3682897027569494,0.4563419578035042,0.8070476458698345
22500,10,5,CTATCGCA,5 1 7 0 4,0.5845119328806905,-0.042745052282083584,0.5417668805986069,-0.06814599644672141
22500,10,5,CCATATCG,4 5 7 0 1,-0.012376472437712671,0.8102047328133448,0.7978282603756321,0.9849541025752767
22500,10,5,CTATCGCG,7 1 0 4 5,0.5473657532187435,-0.32883782817366125,0.21852792504508223,-0.3752984296766899
22500,11,5,TGTGATCC,0 1 3 5 7,-0.7008904116141486,0.22374437438945183,-0.47714603722469673,0.24198135066549464
22500,11,5,CGTAATCC,0 7 5 1 3,-0.7813290721198252,-0.15755828778047043,-0.9388873599002956,-0.16781383423587917
22500,11,5,GATAATCC,1 3 0 5 7,1.7813904076873688,-0.4458299498163907,1.335560457870978,-0.2001732555624048
22500,11,5,CCTGATCC,7 0 1 3 5,0.9241412268357374,-0.6434669496154282,0.28067427722030924,-0.4104769031456207
22500,12,3,ATATCGTC,5 4 7,0.5519466092234682,-0.19303131057507672,0.35891529864839145,-0.259110109769798
22500,12,3,ATATCCTC,4 5 7,0.5265034128335238,-0.30339262034881775,0.223110792484706,-0.36557907041129034
22500,12,3,ATATCGTA,7 4 5,-0.6827558433776546,0.07119597796035304,-0.6115598654173016,0.09443040781306747
22500,12,3,ATATACTA,5 7 4,0.9837532677640617,0.33027353663350123,1.314026804397563,0.2513445962656146
22500,13,6,CTATTGAT,6 3 1 0 4 2,-0.26318459490690405,-0.08331150246178343,-0.3464960973686875,-0.24043994461829749
22500,13,6,ATATCGCT,0 2 4 3 6 1,-0.4879768529815056,-0.21899440906491208,-0.7069712620464177,-0.3097642306294107
22500,13,6,CTATCGCT,1 3 2 4 6 0,-0.7748591393823046,0.11881596790974491,-0.6560431714725596,0.13295208397352878
22500,13,6,CTATCGCT,0 1 2 6 3 4,-0.7748591393823046,-0.06338261477301366,-0.8382417541553182,-0.07561376471502929
22500,14,4,CGATATAT,0 4 5 1,-0.36163138640777814,-0.19097463221952937,-0.5526060186273075,-0.34558912820732024
22500,14,4,CGATCCAT,4 1 0 5,0.9541933727666407,0.19463165902583945,1.1488250317924802,0.16941801722596608
22500,14,4,AGATCTAT,0 1 5 4,4.209303791330974,-0.4151853729500674,3.794118418380907,-0.08977972662513856
22500,14,4,CGATATAT,0 4 5 1,-0.36163138640777814,-0.19097463221952937,-0.5526060186273075,-0.34558912820732024
22500,15,6,AGGTATTG,7 5 1 4 0 3,1.0749209580617785,0.2820750168310884,1.3569959748928668,0.2078672465136515
22500,15,6,CAGTCATA,7 5 3 0 1 4,3.391764987146926,-0.28613165042355426,3.105633336723372,-0.07779763234797298
22500,15,6,ATGATGTA,1 7 4 0 5 3,3.9242740987546343,-0.2633690553293979,3.6609050434252364,-0.0628919527377936
22500,15,6,ATGATATC,5 7 0 4 3 1,-0.24287837633985143,0.160805892960326,-0.08207248337952544,0.398345700314499
22500,16,3,CTATCTAT,3 7 2,-0.27478733110427866,0.03901598029749653,-0.23577135080678213,0.12433259586462037
22500,16,3,CTATCTAT,3 2 7,-0.27478733110427866,0.006109949759935951,-0.2686773813443427,0.021751544696829918
22500,16,3,CTATCTAA,7 2 3,0.7705745662987868,-0.0795057218402162,0.6910688444585706,-0.09352730906661798
22500,16,3,CTATCTAT,7 3 2,-0.27478733110427866,0.17629810501801035,-0.09848922608626831,0.3908308513206266
22500,17,5,CAATCGAT,5 6 3 1 4,1.2310940704269573,0.25189658166973494,1.4829906520966922,0.1698571608078559
22500,17,5,CTATATAT,4 3 1 6 5,0.8139964565831646,-0.13224091183560382,0.6817555447475607,-0.1397544804815604
22500,17,5,CGATATAT,5 3 6 4 1,-0.48021281718143394,-0.16310596511189335,-0.6433187822933273,-0.2535383228365368
22500,17,5,CGATCTAT,6 1 4 3 5,0.366204308021175,-0.20982541007343425,0.15637889794774074,-0.3642614321488388
22500,18,4,CAATCGAT,6 1 2 7,0.6941045011609379,0.4519043484337226,1.1460088495946605,0.39432884710581395
22500,18,4,CGATCGCG,2 6 7 1,-0.7254391050216196,0.005154656416164194,-0.7202844486054554,0.007055434481154075
22500,18,4,CTATCGGA,1 6 2 7,0.18075825322346262,-0.19870019824283247,-0.017941945019369854,-0.5236415145716731
22500,18,4,CTATCGGA,1 7 6 2,0.18075825322346262,-0.20618686386423235,-0.025428610640769733,-0.5328581619431662
22500,19,5,CAGTATAT,2 7 5 0 1,0.83989792791006,-0.016089085904956058,0.823808842005104,-0.018795946253026923
22500,19,5,CGATATAT,7 5 1 2 0,-0.34495429584970205,-0.0021803811801239803,-0.34713467702982603,-0.006281081448790668
22500,19,5,CGATATAG,0 2 5 1 7,0.05739521481274279,0.25820802719022584,0.31560324200296863,0.8181412381936085
22500,19,5,CGATACAT,7 2 0 1 5,0.7423277322721189,0.5084702270235315,1.2507979592956504,0.40651667461135077
22500,20,5,GATACGTC,5 7 6 0 4,0.4030951744271576,-0.5515720010103928,-0.14847682658323524,-0.577763659631004
22500,20,5,GATACGCG,6 0 7 5 4,-0.43824911622415197,-0.005359490869024874,-0.44360860709317684,-0.012081575477409867
22500,20,5,GATACGCC,6 7 0 5 4,-0.7455318209329012,-0.22199186378922242,-0.9675236847221236,-0.22944333797159633
22500,20,5,GATAGGTA,4 0 6 5 7,1.2784933452039144,0.3791679034596527,1.6576612486635671,0.22873666363700296
22500,21,5,CGATATAC,7 2 6 1 4,0.5136602497824372,-0.04093287466351114,0.47272737511892604,-0.07380703593179964
22500,21,5,CAATATAT,4 2 6 7 1,-0.3780468339268195,0.2492267474911527,-0.12882008643566678,0.39731746222719533
22500,21,5,CGATATAT,6 2 4 7 1,-0.6703930355473624,-0.09874750802648258,-0.769140543573845,-0.1283868193550791
22500,21,5,CTATCTCA,1 6 7 2 4,0.6208634856198643,0.5927514540816912,1.2136149397015554,0.4884180597080132
22500,22,2,GGATATTC,0 2,0.9738186288670141,-0.0017827545631807773,0.9720358743038333,-0.0018273391094553884
22500,22,2,CGATATTC,2 0,-0.014082564747724402,-0.05089878162663719,-0.06498134637436159,-0.7832829645204046
22500,22,2,TGATATTC,2 0,-0.4274344815145512,0.09583724267848259,-0.3315972388360686,0.18315005043752075
22500,22,2,GGATATTC,0 2,0.9738186288670141,-0.0017827545631807773,0.9720358743038333,-0.0018273391094553884
22500,23,4,CGATATCC,5 1 7 2,-0.05421253023927841,0.20608271656008048,0.15187018632080207,0.7917267760134453
22500,23,4,CGGTATCA,7 5 1 2,0.16220679819324735,0.1521831785148593,0.31438997670810664,0.4840586207878783
22500,23,4,CGGTATCG,1 5 2 7,-0.19957911008430917,0.28940151285009774,0.08982240276578857,0.5918465871170498
22500,23,4,CGATATCG,5 7 2 1,-0.34596458442475364,-0.1153099563013047,-0.46127454072605834,-0.24998118500059371
22500,24,3,TTCAACTA,1 4 3,0.4475257250382696,-0.1095840191954669,0.3379417058428027,-0.1967009558344589
22500,24,3,TACCACTA,1 3 4,5.0305484340421405,0.4113839966104784,5.441932430652619,0.07559520480138404
22500,24,3,TACACCTA,1 4 3,-0.25693974344629267,0.07776651541177149,-0.17917322803452118,0.23234257906348033
22500,24,3,TACACCTA,4 3 1,-0.25693974344629267,0.19194770614091272,-0.06499203730537995,0.4276076471227406
22500,25,1,CGAGATAT,0,-0.11246532271854193,0.0,-0.11246532271854193,0.0
22500,25,1,CGAGATAT,0,-0.11246532271854193,0.0,-0.11246532271854193,0.0
22500,25,1,CGAGATAT,0,-0.11246532271854193,0.0,-0.11246532271854193,0.0
22500,25,1,CGAGATAT,0,-0.11246532271854193,0.0,-0.11246532271854193,0.0
22500,26,5,CGATATAT,5 6 1 0 7,-0.5943808650150535,0.03419731312866947,-0.560183551886384,0.054404232150818216
22500,26,5,CGATATAT,0 1 5 6 7,-0.5943808650150535,0.1044815176862075,-0.489899347328846,0.14950227723284065
22500,26,5,CGATATCG,6 5 0 7 1,-0.1778124001179524,-0.10116488126655288,-0.2789772813845053,-0.36262766905065874
22500,26,5,CAATATAT,0 5 1 6 7,-0.2823576135630721,-0.24826235340696012,-0.5306199669700322,-0.467872241643295
22500,27,3,CGATATGC,0 6 3,-0.22795115603190297,0.1771935984694477,-0.05075755756245526,0.43735873783565665
22500,27,3,CGATATCC,0 3 6,-0.2350740635392341,0.07330746551364631,-0.1617665980255878,0.2377167845908039
22500,27,3,CGATATCC,6 0 3,-0.2350740635392341,0.15580770162254542,-0.07926636191668868,0.3986057051243083
22500,27,3,TGATATAC,3 6 0,1.2542589550372552,0.46677434085142755,1.7210332958886827,0.2712174958883647
22500,28,4,TGATCCTG,6 2 7 3,-0.1708047772403951,-0.016432832545516973,-0.18723760978591208,-0.0877645926174037
22500,28,4,TGATCCTC,3 7 6 2,-0.11983171408021698,0.2182062926956041,0.09837457861538712,0.6455081627561289
22500,28,4,TGATCCTC,6 2 3 7,-0.11983171408021698,0.1009665957905872,-0.01886511828962978,0.4572797493317129
22500,28,4,TGATCCCG,2 7 6 3,-0.08746366137614725,-0.11771325167801105,-0.2051769130541583,-0.5737158724429174
22500,29,4,CTATTGTA,2 7 1 6,0.842430056875451,-0.08469242337065808,0.757737633504793,-0.09134976788414845
22500,29,4,CAATTGAT,6 1 7 2,1.2859509482774976,0.232121144815562,1.5180720930930596,0.15290521831714662
22500,29,4,CTATTGGA,7 1 6 2,2.582047558574205,-0.1126350319007674,2.4694125266734375,-0.041798997885281186
22500,29,4,CTATTGAT,2 1 6 7,-1.2799731865931807,0.4291043299280517,-0.850868856665129,0.25107364983741554
22500,30,3,CGATCCAT,4 7 6,-0.5438436111716305,0.1538801279635882,-0.3899634832080423,0.220545925747506
22500,30,3,CGATACCT,4 6 7,-0.4460677923323333,-0.010157561750130828,-0.4562253540824641,-0.022264351727139694
22500,30,3,CGATCCTT,7 4 6,0.4770336072125234,-0.22935973518435482,0.2476738720281686,-0.32469124695613555
22500,30,3,CGATACCT,6 4 7,-0.4460677923323333,-0.003329641074853118,-0.4493974334071864,-0.007409123478095665
22500,31,6,CGATATAT,5 2 4 6 0 1,-0.6743173501456117,-0.06618070178652058,-0.7404980519321323,-0.08937322875305301
22500,31,6,CGATATAT,5 4 1 0 6 2,-0.6743173501456117,-0.13080552634769926,-0.8051228764933109,-0.16246653792452015
22500,31,6,CTATCGCT,2 5 1 6 4 0,0.8225537978470623,-0.06074199641522959,0.7618118014318327,-0.06876744665806984
22500,31,6,CTATCTCT,5 0 1 2 4 6,1.069385101910405,-0.8559547902752884,0.2134303116351166,-0.4445733419586437
