step,context,hidden,y,order,delta_y,log_rho,delta_tau,share
0,0,5,CGGTCGCG,4 1 0 2 7,7.537867885031441,0.0,7.537867885031441,0.0
0,0,5,CAGTCGCG,0 4 7 1 2,7.91320084001219,0.0,7.91320084001219,0.0
0,0,5,CGGTCGCG,2 1 7 0 4,7.537867885031441,0.0,7.537867885031441,0.0
0,0,5,ATGTCGCG,7 4 0 2 1,7.237909082413005,0.0,7.237909082413005,0.0
0,1,4,AAGTCGCG,3 5 2 0,3.436407278113673,0.0,3.436407278113673,0.0
0,1,4,CAGTCGCG,5 3 0 2,1.5397056819032535,0.0,1.5397056819032535,0.0
0,1,4,CAGTCGCG,0 2 3 5,1.5397056819032535,0.0,1.5397056819032535,0.0
0,1,4,CAGTCGCG,2 3 0 5,1.5397056819032535,0.0,1.5397056819032535,0.0
0,2,4,CGATCGCG,5 6 0 3,-0.037149383355367195,0.0,-0.037149383355367195,0.0
0,2,4,CGATCGCG,5 6 3 0,-0.037149383355367195,0.0,-0.037149383355367195,0.0
0,2,4,CGATCGCG,5 3 6 0,-0.037149383355367195,0.0,-0.037149383355367195,0.0
0,2,4,CGATCGCG,3 0 6 5,-0.037149383355367195,0.0,-0.037149383355367195,0.0
0,3,4,CAGTCGCG,7 2 1 5,7.927000750549297,0.0,7.927000750549297,0.0
0,3,4,CTATCGCG,5 2 1 7,-0.21312583995390577,0.0,-0.21312583995390577,0.0
0,3,4,CTATCGCA,5 2 1 7,-0.9268707133575764,0.0,-0.9268707133575764,0.0
0,3,4,CAGTCGCG,7 2 1 5,7.927000750549297,0.0,7.927000750549297,0.0
0,4,7,TTTAGGCC,5 0 2 6 1 7 4,-0.15311564491898547,0.0,-0.15311564491898547,0.0
0,4,7,TTTAGGCC,0 4 5 6 1 7 2,-0.15311564491898547,0.0,-0.15311564491898547,0.0
0,4,7,TTTAGGCC,0 6 5 2 7 4 1,-0.15311564491898547,0.0,-0.15311564491898547,0.0
0,4,7,TTCAGGCC,2 1 0 4 6 5 7,5.508098870028812,0.0,5.508098870028812,0.0
0,5,5,TTTGGGCG,1 2 7 5 3,2.065976499835515,0.0,2.065976499835515,0.0
0,5,5,TTTGGGCC,5 3 1 7 2,0.7311457815505307,0.0,0.7311457815505307,0.0
0,5,5,TGTGGGCG,5 7 1 2 3,-0.446216752108231,0.0,-0.446216752108231,0.0
0,5,5,TTTAGGCC,1 5 7 2 3,-0.720256034728455,0.0,-0.720256034728455,0.0
0,6,4,TTTGGGCG,3 4 6 7,2.4847597589142705,0.0,2.4847597589142705,0.0
0,6,4,TTTGGGCC,7 3 4 6,1.149929018343267,0.0,1.149929018343267,0.0
0,6,4,TTTAGGCC,3 4 6 7,-0.30147283605869823,0.0,-0.30147283605869823,0.0
0,6,4,TTTAGGCC,3 7 6 4,-0.30147283605869823,0.0,-0.30147283605869823,0.0
0,7,2,TTTGGGCC,3 7,0.6852009401717957,0.0,0.6852009401717957,0.0
0,7,2,TTTGGGCG,7 3,2.0200316584567792,0.0,2.0200316584567792,0.0
0,7,2,TTTGGGCC,7 3,0.6852009401717957,0.0,0.6852009401717957,0.0
0,7,2,TTTGGGCG,7 3,2.0200316584567792,0.0,2.0200316584567792,0.0
0,8,3,TTTAGGCC,5 7 4,-0.03519221134332795,0.0,-0.03519221134332795,0.0
0,8,3,TTTAGGCC,4 7 5,-0.03519221134332795,0.0,-0.03519221134332795,0.0
0,8,3,TTTAGGCC,7 5 4,-0.03519221134332795,0.0,-0.03519221134332795,0.0
0,8,3,TTTAGGCC,5 7 4,-0.03519221134332795,0.0,-0.03519221134332795,0.0
0,9,4,TTTACGCC,2 5 6 1,1.344870794742068,0.0,1.344870794742068,0.0
0,9,4,TTTACGCC,5 1 2 6,1.344870794742068,0.0,1.344870794742068,0.0
0,9,4,TCTACGCC,5 2 1 6,-0.2959996618948795,0.0,-0.2959996618948795,0.0
0,9,4,TTTACGCC,6 2 1 5,1.344870794742068,0.0,1.344870794742068,0.0
0,10,4,CTATCGCG,7 3 4 1,0.6018134650276721,0.0,0.6018134650276721,0.0
0,10,4,CTATCGCA,1 3 4 7,-0.11193136198741621,0.0,-0.11193136198741621,0.0
0,10,4,CTATCGCA,4 7 1 3,-0.11193136198741621,0.0,-0.11193136198741621,0.0
0,10,4,CTATCGCA,1 3 4 7,-0.11193136198741621,0.0,-0.11193136198741621,0.0
0,11,7,TTTAGGCC,5 6 0 1 2 7 4,-0.15311564491898547,0.0,-0.15311564491898547,0.0
0,11,7,TTTAGGCC,0 7 6 2 1 5 4,-0.15311564491898547,0.0,-0.15311564491898547,0.0
0,11,7,TTTAGGCC,0 1 7 2 6 4 5,-0.15311564491898547,0.0,-0.15311564491898547,0.0
0,11,7,TTTAGGCC,6 5 0 4 2 7 1,-0.15311564491898547,0.0,-0.15311564491898547,0.0
0,12,1,CTATCGCA,0,-0.00011236230967170968,0.0,-0.00011236230967170968,0.0
0,12,1,CTATCGCA,0,-0.00011236230967170968,0.0,-0.00011236230967170968,0.0
0,12,1,CTATCGCA,0,-0.00011236230967170968,0.0,-0.00011236230967170968,0.0
0,12,1,CTATCGCA,0,-0.00011236230967170968,0.0,-0.00011236230967170968,0.0
0,13,6,TTTGGGCC,6 1 3 2 7 4,1.0494385038690155,0.0,1.0494385038690155,0.0
0,13,6,TGTGGGCC,7 2 1 3 6 4,2.4954303835033382,0.0,2.4954303835033382,0.0
0,13,6,TTTAGGCC,1 7 6 4 2 3,-0.4019633124099711,0.0,-0.4019633124099711,0.0
0,13,6,TTTGGGCC,3 7 6 2 1 4,1.0494385038690155,0.0,1.0494385038690155,0.0
0,14,5,CTATCGCA,2 4 7 1 0,-0.9406705877069004,0.0,-0.9406705877069004,0.0
0,14,5,CGGTCGCG,4 2 1 7 0,7.537867885031441,0.0,7.537867885031441,0.0
0,14,5,CGGTCGCG,1 7 0 2 4,7.537867885031441,0.0,7.537867885031441,0.0
0,14,5,CTGTCGCG,2 4 0 1 7,7.567189738996607,0.0,7.567189738996607,0.0
0,15,6,TTTAGGCC,1 4 2 6 0 7,-0.1577414345887557,0.0,-0.1577414345887557,0.0
0,15,6,TTTAGGCC,6 0 7 2 1 4,-0.1577414345887557,0.0,-0.1577414345887557,0.0
0,15,6,TTTAGGCC,4 0 1 2 7 6,-0.1577414345887557,0.0,-0.1577414345887557,0.0
0,15,6,TTTAGGCC,1 2 6 4 7 0,-0.1577414345887557,0.0,-0.1577414345887557,0.0
0,16,2,TGTGGGCG,5 7,-0.37800760709935943,0.0,-0.37800760709935943,0.0
0,16,2,TGTGGGCC,5 7,2.245346806193726,0.0,2.245346806193726,0.0
0,16,2,TGTGGGCG,5 7,-0.37800760709935943,0.0,-0.37800760709935943,0.0
0,16,2,TGTGGGCG,5 7,-0.37800760709935943,0.0,-0.37800760709935943,0.0
0,17,3,TTTAGGCC,4 2 3,-0.700122219000495,0.0,-0.700122219000495,0.0
0,17,3,TTTAGGCC,4 3 2,-0.700122219000495,0.0,-0.700122219000495,0.0
0,17,3,TTTGGGCC,3 2 4,0.7512795972784909,0.0,0.7512795972784909,0.0
0,17,3,TTTAGGCC,4 3 2,-0.700122219000495,0.0,-0.700122219000495,0.0
0,18,3,CGTTGGCG,4 1 5,5.942908375156082,0.0,5.942908375156082,0.0
0,18,3,CGTTGGCG,5 4 1,5.942908375156082,0.0,5.942908375156082,0.0
0,18,3,CGTTGGCG,1 5 4,5.942908375156082,0.0,5.942908375156082,0.0
0,18,3,CGTTGGCG,1 5 4,5.942908375156082,0.0,5.942908375156082,0.0
0,19,2,TGTGGGCG,0 2,-0.015326833399618489,0.0,-0.015326833399618489,0.0
0,19,2,TGTGGGCG,2 0,-0.015326833399618489,0.0,-0.015326833399618489,0.0
0,19,2,TGTGGGCG,0 2,-0.015326833399618489,0.0,-0.015326833399618489,0.0
0,19,2,TGTGGGCG,0 2,-0.015326833399618489,0.0,-0.015326833399618489,0.0
0,20,3,CAATCTAT,1 2 4,2.725154002487521,0.0,2.725154002487521,0.0
0,20,3,CAATCTAT,1 4 2,2.725154002487521,0.0,2.725154002487521,0.0
0,20,3,CGATATAT,4 2 1,-1.6320224529975975,0.0,-1.6320224529975975,0.0
0,20,3,CGATCTAT,1 4 2,1.2940112620964856,0.0,1.2940112620964856,0.0
0,21,5,CGGTCGCG,7 4 1 0 5,0.3829403692596884,0.0,0.3829403692596884,0.0
0,21,5,CGGTCGCG,4 7 1 5 0,0.3829403692596884,0.0,0.3829403692596884,0.0
0,21,5,CGGTCGCG,4 0 1 7 5,0.3829403692596884,0.0,0.3829403692596884,0.0
0,21,5,CGGTCGCG,7 1 5 4 0,0.3829403692596884,0.0,0.3829403692596884,0.0
0,22,2,CGGTCGCG,1 3,-0.06415674564568874,0.0,-0.06415674564568874,0.0
0,22,2,CGGTCGCG,3 1,-0.06415674564568874,0.0,-0.06415674564568874,0.0
0,22,2,CGGTCGCG,3 1,-0.06415674564568874,0.0,-0.06415674564568874,0.0
0,22,2,CGGTCGCG,3 1,-0.06415674564568874,0.0,-0.06415674564568874,0.0
0,23,6,AGGTCGTG,0 5 7 3 4 6,-0.6134244971919207,0.0,-0.6134244971919207,0.0
0,23,6,CGGTCGCG,5 6 3 4 7 0,0.6911216908606318,0.0,0.6911216908606318,0.0
0,23,6,AGGTCGCG,4 3 0 5 6 7,2.8539707712327917,0.0,2.8539707712327917,0.0
0,23,6,CGGTCGCG,5 7 6 3 4 0,0.6911216908606318,0.0,0.6911216908606318,0.0
0,24,2,TTTGGGCG,2 5,-0.0007522762348747269,0.0,-0.0007522762348747269,0.0
0,24,2,TTTGGGCG,5 2,-0.0007522762348747269,0.0,-0.0007522762348747269,0.0
0,24,2,TTTGGGCG,2 5,-0.0007522762348747269,0.0,-0.0007522762348747269,0.0
0,24,2,TTTGGGCG,5 2,-0.0007522762348747269,0.0,-0.0007522762348747269,0.0
0,25,4,TTTGGGCC,1 7 0 2,0.012322925968024867,0.0,0.012322925968024867,0.0
0,25,4,TTTGGGCG,7 1 0 2,1.3471536085231963,0.0,1.3471536085231963,0.0
0,25,4,CGTGGGCG,2 0 7 1,0.5478317875958458,0.0,0.5478317875958458,0.0
0,25,4,TTTGGGCC,1 7 2 0,0.012322925968024867,0.0,0.012322925968024867,0.0
0,26,5,CTATCGCA,7 3 4 2 0,-1.6366319840604424,0.0,-1.6366319840604424,0.0
0,26,5,TTTAGGCC,3 4 7 0 2,5.8716195019655535,0.0,5.8716195019655535,0.0
0,26,5,TTTGGGCC,4 7 3 2 0,7.32302131824454,0.0,7.32302131824454,0.0
0,26,5,CTTTGGCC,0 4 3 7 2,7.63550482425933,0.0,7.63550482425933,0.0
0,27,2,ACTACGGC,2 7,0.003606819654183635,0.0,0.003606819654183635,0.0
0,27,2,ACTACGGC,7 2,0.003606819654183635,0.0,0.003606819654183635,0.0
0,27,2,ACTACGGC,7 2,0.003606819654183635,0.0,0.003606819654183635,0.0
0,27,2,ACTACGGC,7 2,0.003606819654183635,0.0,0.003606819654183635,0.0
0,28,2,TTTGGGCC,0 5,-0.00039761795157366997,0.0,-0.00039761795157366997,0.0
0,28,2,TTTGGGCC,0 5,-0.00039761795157366997,0.0,-0.00039761795157366997,0.0
0,28,2,TTTGGGCC,0 5,-0.00039761795157366997,0.0,-0.00039761795157366997,0.0
0,28,2,TTTGGGCC,0 5,-0.00039761795157366997,0.0,-0.00039761795157366997,0.0
0,29,4,CTATCGCA,5 7 4 1,-0.10104950625521325,0.0,-0.10104950625521325,0.0
0,29,4,CTATCGCA,7 4 1 5,-0.10104950625521325,0.0,-0.10104950625521325,0.0
0,29,4,CTATCGCA,1 7 4 5,-0.10104950625521325,0.0,-0.10104950625521325,0.0
0,29,4,CTATCGCA,5 1 4 7,-0.10104950625521325,0.0,-0.10104950625521325,0.0
0,30,5,TTTGGGCG,2 3 5 0 1,1.5763583443961064,0.0,1.5763583443961064,0.0
0,30,5,TTTGGGCG,0 2 1 3 5,1.5763583443961064,0.0,1.5763583443961064,0.0
0,30,5,TGTGGGCG,2 3 1 0 5,-0.9358349075476371,0.0,-0.9358349075476371,0.0
0,30,5,TGTGGGCG,1 2 0 5 3,-0.9358349075476371,0.0,-0.9358349075476371,0.0
0,31,4,CTATCGCA,4 3 6 7,-0.09161883909941998,0.0,-0.09161883909941998,0.0
0,31,4,CTATCGCA,3 6 7 4,-0.09161883909941998,0.0,-0.09161883909941998,0.0
0,31,4,CTATCGCA,4 7 3 6,-0.09161883909941998,0.0,-0.09161883909941998,0.0
0,31,4,CTATCGCA,7 6 4 3,-0.09161883909941998,0.0,-0.09161883909941998,0.0
250,0,5,TTTGGGCA,2 4 1 3 5,1.3630448067669592,0.18446292515538332,1.5475077319223425,0.1192000022683183
250,0,5,TTTAGGCA,1 3 5 2 4,1.605561657113439,0.2873488833315987,1.8929105404450377,0.1518026748712809
250,0,5,TTTGGGCA,1 5 4 2 3,1.3630448067669592,-0.10892019592764157,1.2541246108393176,-0.07399645761159447
250,0,5,TTTAGGCA,2 4 1 3 5,1.605561657113439,-0.28017059548115686,1.3253910616322822,-0.1485739001895246
250,1,5,CAATATAT,0 6 7 4 1,0.2238695118948384,0.38084030101230226,0.6047098129071407,0.6297901785013437
250,1,5,CGATATAT,0 7 4 1 6,-0.15036984631422046,-0.058009527655711324,-0.20837937396993178,-0.2783842112131589
250,1,5,CGATATAT,1 0 7 4 6,-0.15036984631422046,-0.1385720051330832,-0.28894185144730367,-0.4795844023251701
250,1,5,CGATATAT,7 4 1 6 0,-0.15036984631422046,0.1780412173436634,0.027671371029442948,0.5421291699512735
250,2,6,TTTAGGCC,0 7 1 6 4 2,-0.07994448028736198,0.10395480761934284,0.024010327331980857,0.5652811862549508
250,2,6,TTTAGGCC,0 6 2 1 4 7,-0.07994448028736198,0.12493777144487428,0.0449932911575123,0.609802803261638
250,2,6,ACTACGGC,6 0 1 2 7 4,0.8486379523106526,-0.031017802935387806,0.8176201493752648,-0.03526129710447026
250,2,6,TTTAGGCC,0 1 4 6 2 7,-0.07994448028736198,0.08128394436556352,0.001339464078201541,0.5041539327853789
250,3,2,TTTGGGCC,2 0,-6.282751515707119e-07,-7.210071096386272e-06,-7.838346247956984e-06,-0.9198459558054778
250,3,2,TTTGGGCC,2 0,-6.282751515707119e-07,-7.210071096386272e-06,-7.838346247956984e-06,-0.9198459558054778
250,3,2,TTTGGGCC,2 0,-6.282751515707119e-07,-7.210071096386272e-06,-7.838346247956984e-06,-0.9198459558054778
250,3,2,TTTGGGCC,2 0,-6.282751515707119e-07,-7.210071096386272e-06,-7.838346247956984e-06,-0.9198459558054778
250,4,5,CTATCGCA,1 3 5 2 7,-0.2558424308038465,0.07154110944955239,-0.1843013213542941,0.21852384330067018
250,4,5,CTATCGCA,1 5 3 2 7,-0.2558424308038465,0.07146623747374026,-0.18437619333010624,0.21834508034822517
250,4,5,CTATCGCA,7 1 2 5 3,-0.2558424308038465,-0.37080003715684295,-0.6266424679606895,-0.5917250363888583
250,4,5,CTATCGCA,7 5 1 3 2,-0.2558424308038465,-0.3711309924185313,-0.6269734232223778,-0.5919405491082464
250,5,5,CTATCGCA,3 1 4 6 5,0.0012577367431600775,0.0011175693524814179,0.0023753060956414954,0.4704948783367634
250,5,5,CTATCGCA,1 3 5 6 4,0.0012577367431600775,-0.004309131975424485,-0.0030513952322644075,-0.774067468312802
250,5,5,CTATCGCA,1 3 6 4 5,0.0012577367431600775,-0.003536307513150483,-0.0022785707699904054,-0.7376459882479232
250,5,5,CTATCGCA,1 6 5 4 3,0.0012577367431600775,-0.00759490287928255,-0.006337166136122473,-0.8579252294455152
250,6,3,CGATCGCG,0 7 6,-0.017579827141184334,-0.005299311836583165,-0.0228791389777675,-0.23162199599087627
250,6,3,CGATCGCG,6 7 0,-0.017579827141184334,-0.0006870151856075424,-0.018266842326791877,-0.03760995870643176
250,6,3,CGATCGCG,0 6 7,-0.017579827141184334,-0.023577564635647086,-0.04115739177683142,-0.5728634303041409
250,6,3,CGATCGCG,7 0 6,-0.017579827141184334,0.010807909708970165,-0.0067719174322141695,0.3807245983017256
250,7,4,CTATCGCA,2 6 5 4,-7.644849289129702e-05,0.0009759956125381386,0.0008995471196468416,0.9273609947579086
250,7,4,CTATCGCA,5 2 6 4,-7.644849289129702e-05,0.0014190907665070362,0.0013426422736157392,0.948882322940788
250,7,4,CTATCGCA,2 6 5 4,-7.644849289129702e-05,0.0009759956125381386,0.0008995471196468416,0.9273609947579086
250,7,4,CTATCGCA,2 6 5 4,-7.644849289129702e-05,0.0009759956125381386,0.0008995471196468416,0.9273609947579086
250,8,3,CTATCGCG,4 0 7,0.17006549941247995,0.10916608944057238,0.2792315888530523,0.3909517898350026
250,8,3,CTATCGCA,4 7 0,-0.011220395410178136,-0.011784554632593203,-0.023004950042771338,-0.5122616919699058
250,8,3,CTATCGCA,7 4 0,-0.011220395410178136,0.011732038366337516,0.0005116429561593805,0.5111457233934573
250,8,3,CTATCGCA,7 0 4,-0.011220395410178136,0.012049795718942047,0.0008294003087639112,0.5178210893103926
250,9,4,CAATATAT,2 1 4 7,0.5305339773550435,0.16647184917288005,0.6970058265279235,0.23883853310401393
250,9,4,CAATATAT,1 2 4 7,0.5305339773550435,0.03302315166270464,0.5635571290177481,0.05859770014845228
250,9,4,CAATCTAT,2 7 1 4,1.0343418766153958,0.8247581222364753,1.859099998851871,0.4436330066945421
250,9,4,CGATATAT,1 4 7 2,-0.21571941545998802,-0.24810904848903004,-0.46382846394901805,-0.5349155297125125
250,10,6,CTATCGCA,7 4 0 5 3 6,-0.014501813737811994,0.022558333273938302,0.008056519536126308,0.6086951912734171
250,10,6,CTATCGCA,7 4 3 0 5 6,-0.014501813737811994,0.02164299463123953,0.007141180893427537,0.5987857069335312
250,10,6,CTATCGCA,6 4 3 5 0 7,-0.014501813737811994,-0.016447635665880256,-0.03094944940369225,-0.5314354853730633
250,10,6,CTATCGCA,6 3 4 5 0 7,-0.014501813737811994,-0.01315211247861825,-0.027653926216430244,-0.47559657083355067
250,11,5,CTATCGCA,6 2 5 7 1,-0.2103488404700018,0.1742691550452813,-0.03607968542472051,0.4530967273432129
250,11,5,CTATCGCG,2 5 1 7 6,0.3842073234646919,-0.29850518367891254,0.08570213978577934,-0.4372340927630374
250,11,5,CTATCGCA,5 6 1 2 7,-0.2103488404700018,-0.02616743309864855,-0.23651627356865035,-0.11063692448652286
250,11,5,CTATCGCA,1 7 2 5 6,-0.2103488404700018,-0.12441403064077772,-0.3347628711107795,-0.37164823634102095
250,12,5,TTTGCGCG,7 4 0 5 3,-0.5671734280888794,0.5642487970355567,-0.002924631053322635,0.4987075421587193
250,12,5,TTTGGGCC,5 3 7 4 0,0.2783421893631173,-0.5302441457349696,-0.2519019563718523,-0.6557668893460182
250,12,5,TTTAGGCC,5 7 0 3 4,0.2349635142472224,-0.3913603448156726,-0.15639683056845022,-0.6248530040053487
250,12,5,TTTAGGCC,5 0 4 3 7,0.2349635142472224,-0.13578519986845716,0.09917831437876523,-0.36624590915260735
250,13,3,TTTGGGCG,1 7 0,0.3780282673386899,0.0682466917256277,0.4462749590643176,0.15292520976018265
250,13,3,TGTGGGCG,0 1 7,-0.39099892676699777,0.022968276953339695,-0.3680306498136581,0.05548332512074145
250,13,3,TGTGGGCG,7 0 1,-0.39099892676699777,-0.15188925138847797,-0.5428881781554757,-0.2797799942974241
250,13,3,TTTGGGCG,1 7 0,0.3780282673386899,0.0682466917256277,0.4462749590643176,0.15292520976018265
250,14,3,CTATCGCA,2 3 5,-0.0002989737086241673,0.00015229402799832314,-0.00014667968062584413,0.3374804260064469
250,14,3,CTATCGCA,5 2 3,-0.0002989737086241673,1.1833332905553107e-05,-0.00028714037571861417,0.03807292411173241
250,14,3,CTATCGCA,2 3 5,-0.0002989737086241673,0.00015229402799832314,-0.00014667968062584413,0.3374804260064469
250,14,3,CTATCGCA,2 5 3,-0.0002989737086241673,0.00010237153276193567,-0.0001966021758622316,0.25507100173501746
250,15,3,TCTGCGGC,0 7 1,-0.0016883298197765406,0.017768745798629304,0.016080415978852763,0.913227976655473
250,15,3,TCTGCGGC,0 1 7,-0.0016883298197765406,0.030100227239553412,0.02841189741977687,0.9468887557045935
250,15,3,TCTGCGGC,7 1 0,-0.0016883298197765406,-0.03201311451940558,-0.033701444339182124,-0.949903339370721
250,15,3,TCTGCGGC,7 1 0,-0.0016883298197765406,-0.03201311451940558,-0.033701444339182124,-0.949903339370721
250,16,5,TTTAGGCC,6 4 3 5 7,0.24822137953231782,-0.2044774469942361,0.04374393253808173,-0.45168539216931697
250,16,5,TTTGCGCG,4 5 6 7 3,-0.6798153429662668,0.4851011891636947,-0.19471415380257207,0.41642570586299776
250,16,5,TTTAGGCC,7 6 5 4 3,0.24822137953231782,-0.30315551403701946,-0.05493413450470164,-0.5498154122392449
250,16,5,TTTAGGCC,4 3 5 7 6,0.24822137953231782,-0.28299433935886853,-0.03477295982655071,-0.5327296036148298
250,17,3,CTATCGCG,1 2 7,0.4486336196546401,-0.3573204168543844,0.09131320280025568,-0.4433508620443312
250,17,3,CTATCGCG,2 1 7,0.4486336196546401,-0.20526217393231772,0.2433714457223224,-0.31390655200020195
250,17,3,CTATCGCA,1 2 7,-0.17612699978082313,-0.031337271766520125,-0.20746427154734326,-0.15104900488549408
250,17,3,CTATCGCA,2 7 1,-0.17612699978082313,0.11967754940081665,-0.05644945038000648,0.40458319431500106
250,18,4,CTATCGCA,5 1 7 3,-0.054308692268722814,0.035313962607760985,-0.01899472966096183,0.39402941874942227
250,18,4,CTATCGCA,5 1 7 3,-0.054308692268722814,0.035313962607760985,-0.01899472966096183,0.39402941874942227
250,18,4,CTATCGCA,7 3 1 5,-0.054308692268722814,-0.033006317774761484,-0.0873150100434843,-0.3780142470157628
250,18,4,CTATCGCA,5 3 1 7,-0.054308692268722814,0.0069356176591828245,-0.04737307460953999,0.11324509439892713
250,19,2,CGATATAT,5 2,0.00030582005436397,-0.019645324021579702,-0.019339503967215732,-0.9846715530096986
250,19,2,CGATATAT,5 2,0.00030582005436397,-0.019645324021579702,-0.019339503967215732,-0.9846715530096986
250,19,2,CGATATAT,2 5,0.00030582005436397,0.020046431879423787,0.020352251933787757,0.9849736503184563
250,19,2,CGATATAT,5 2,0.00030582005436397,-0.019645324021579702,-0.019339503967215732,-0.9846715530096986
250,20,3,CTATCGCA,4 6 5,0.00017321241940063126,0.001163578204824045,0.0013367906242246763,0.8704266649827137
250,20,3,CTATCGCA,4 6 5,0.00017321241940063126,0.001163578204824045,0.0013367906242246763,0.8704266649827137
250,20,3,CTATCGCA,6 4 5,0.00017321241940063126,-0.00010166872559169704,7.154369380893422e-05,-0.36986431206307196
250,20,3,CTATCGCA,5 4 6,0.00017321241940063126,-0.0003992346650822931,-0.00022602224568166185,-0.6974175882875021
250,21,2,CTATCGCA,4 0,0.00015824031880062872,-0.00015886290173472428,-6.225829340955613e-07,-0.5009816723605716
250,21,2,CTATCGCA,0 4,0.00015824031880062872,0.00015889445086980647,0.0003171347696704352,0.5010313155978726
250,21,2,CTATCGCA,4 0,0.00015824031880062872,-0.00015886290173472428,-6.225829340955613e-07,-0.5009816723605716
250,21,2,CTATCGCA,4 0,0.00015824031880062872,-0.00015886290173472428,-6.225829340955613e-07,-0.5009816723605716
250,22,4,CTATCGCA,2 1 7 4,-0.16350684965542184,0.0947291233334222,-0.06877772632199963,0.36683163169336813
250,22,4,CTATCGCA,7 2 1 4,-0.16350684965542184,-0.11087222362209603,-0.27437907327751787,-0.4040841099785896
250,22,4,CTATCGCA,7 1 4 2,-0.16350684965542184,-0.13543728303363922,-0.29894413268906106,-0.45305215330822624
250,22,4,CTATCGCA,1 4 2 7,-0.16350684965542184,0.024018506554170482,-0.13948834310125136,0.12808138077778458
250,23,3,CTATCGCA,5 7 2,-0.02766788900183681,0.00020396623310903195,-0.027463922768727778,0.00731799987441447
250,23,3,CTATCGCG,2 7 5,0.28382593082054264,-0.059181638588925445,0.2246442922316172,-0.17253741277725823
250,23,3,CTATCGCG,7 5 2,0.28382593082054264,0.05273334737161317,0.3365592781921558,0.1566836833465797
250,23,3,CTATCGCA,7 2 5,-0.02766788900183681,-0.016756945886775565,-0.044424834888612375,-0.3771977077414181
250,24,2,TTTGGGCC,2 1,-0.03587291338789733,0.020679898609725522,-0.01519301477817181,0.36567409964680064
250,24,2,TTTGGGCC,1 2,-0.03587291338789733,-0.020519301244713906,-0.05639221463261124,-0.36386762567128783
250,24,2,TTTGGGCC,2 1,-0.03587291338789733,0.020679898609725522,-0.01519301477817181,0.36567409964680064
250,24,2,TTTGGGCC,1 2,-0.03587291338789733,-0.020519301244713906,-0.05639221463261124,-0.36386762567128783
250,25,3,CTATCGCA,2 5 7,-0.02766788900183681,0.00880111490275981,-0.018866774099077,0.24133137624991458
250,25,3,CTATCGCA,2 5 7,-0.02766788900183681,0.00880111490275981,-0.018866774099077,0.24133137624991458
250,25,3,CTATCGCA,2 5 7,-0.02766788900183681,0.00880111490275981,-0.018866774099077,0.24133137624991458
250,25,3,CTATCGCA,2 5 7,-0.02766788900183681,0.00880111490275981,-0.018866774099077,0.24133137624991458
250,26,6,CGATCGCG,7 2 3 6 1 4,1.0201747266696841,-0.3899584820047046,0.6302162446649795,-0.27654017337219466
250,26,6,CTATCGCA,2 3 1 7 6 4,-0.18001227979193074,0.1373686399846159,-0.04264363980731484,0.4328194652700952
250,26,6,CTATCGCA,3 2 1 7 6 4,-0.18001227979193074,0.1489976438705165,-0.031014635921414235,0.45286671663856226
250,26,6,CTATCGCA,7 4 3 2 1 6,-0.18001227979193074,-0.1772999253600025,-0.35731220515193324,-0.49620450352266177
250,27,6,CTATCGCA,6 2 1 3 5 7,-0.2500600697175531,0.2506233364209107,0.0005632667033576011,0.5005624978743571
250,27,6,CTATCGCA,3 1 2 5 6 7,-0.2500600697175531,-0.1613504888020474,-0.4114105585196005,-0.3921884975014813
250,27,6,CTATCGCG,5 2 6 7 3 1,0.5397444106681255,-0.04355874319216824,0.49618566747595727,-0.07467599464171754
250,27,6,CGATCGCG,5 7 3 6 1 2,1.1893949998934332,0.6988126583125638,1.888207658205997,0.3700931172880169
250,28,5,CTATCGCA,3 7 5 4 2,-0.027046818783067667,-0.017057763678506532,-0.0441045824615742,-0.3867571741183127
250,28,5,CTATCGCA,7 2 3 4 5,-0.027046818783067667,0.013553553361022708,-0.013493265422044959,0.33382830366483496
250,28,5,CTATCGCA,3 5 2 7 4,-0.027046818783067667,-0.014732453193913031,-0.0417792719769807,-0.3526258954926317
250,28,5,CTATCGCA,3 5 7 2 4,-0.027046818783067667,0.00796127072647046,-0.019085548056597207,0.22741231635337805
250,29,4,CTATCGCA,0 1 6 7,-0.010630602674453066,-0.01090450272408594,-0.021535105398539006,-0.5063593849336687
250,29,4,CTATCGCA,0 1 7 6,-0.010630602674453066,0.005299123684155749,-0.005331478990297317,0.3326562908151886
250,29,4,CTATCGCG,6 0 1 7,0.2527219401302201,0.02660666521975852,0.2793286053499786,0.09525220371333715
250,29,4,CTATCGCA,1 6 0 7,-0.010630602674453066,-0.0020486180039802626,-0.012679220678433328,-0.16157286444780092
250,30,2,CTATCGCA,4 7,-0.020942036961549726,-0.007039469552955313,-0.02798150651450504,-0.25157578807653536
250,30,2,CTATCGCA,4 7,-0.020942036961549726,-0.007039469552955313,-0.02798150651450504,-0.25157578807653536
250,30,2,CTATCGCA,7 4,-0.020942036961549726,0.007038964530830083,-0.013903072430719643,0.2515622799543839
250,30,2,CTATCGCA,4 7,-0.020942036961549726,-0.007039469552955313,-0.02798150651450504,-0.25157578807653536
250,31,3,CAATATAT,7 5 3,-0.007092792007851373,-0.005240592258903831,-0.012333384266755204,-0.4249111310858865
250,31,3,CAATATAT,5 7 3,-0.007092792007851373,-0.01441258494478248,-0.021505376952633853,-0.6701851809678375
250,31,3,CAATATAT,7 5 3,-0.007092792007851373,-0.005240592258903831,-0.012333384266755204,-0.4249111310858865
250,31,3,CAATATAT,3 5 7,-0.007092792007851373,0.00255223918329861,-0.004540552824552763,0.26461699632868735
500,0,1,CTATCGCA,3,-2.8202669604127095e-06,0.0,-2.8202669604127095e-06,0.0
500,0,1,CTATCGCA,3,-2.8202669604127095e-06,0.0,-2.8202669604127095e-06,0.0
500,0,1,CTATCGCA,3,-2.8202669604127095e-06,0.0,-2.8202669604127095e-06,0.0
500,0,1,CTATCGCA,3,-2.8202669604127095e-06,0.0,-2.8202669604127095e-06,0.0
500,1,7,CTATCGCA,2 3 7 5 4 0 1,-0.31966190889925744,0.33846795182168776,0.01880604292243032,0.5142874864406163
500,1,7,CTATCGCG,3 2 0 4 7 5 1,0.2710307867961905,-0.2207290833714879,0.05030170342470264,-0.44885542062678785
500,1,7,CTATCGCA,3 0 5 4 1 7 2,-0.31966190889925744,-0.2991114331948914,-0.6187733420941488,-0.4833941814341776
500,1,7,CTATCGCA,3 0 7 4 1 5 2,-0.31966190889925744,-0.27386436149802407,-0.5935262703972815,-0.4614191067140311
500,2,4,CTATCGCA,4 5 7 2,-0.037235858017641954,-0.023238223222071586,-0.06047408123971354,-0.38426748692481105
500,2,4,CTATCGCA,4 7 2 5,-0.037235858017641954,-0.003929318037555252,-0.041165176055197206,-0.09545247741164867
500,2,4,CTATCGCA,7 2 4 5,-0.037235858017641954,0.009680304029168862,-0.02755555398847309,0.20633196763857825
500,2,4,CTATCGCA,7 5 2 4,-0.037235858017641954,0.007558624078663367,-0.029677233938978587,0.16874007076168
500,3,4,CGATATAT,5 3 6 7,-0.029463355233849235,0.080318144738321,0.05085478950447176,0.7316182121639963
500,3,4,CGATATAT,7 5 3 6,-0.029463355233849235,-0.030140892451704815,-0.05960424768555405,-0.5056836319907095
500,3,4,CGATATAT,6 5 7 3,-0.029463355233849235,0.015593288674772054,-0.01387006655907718,0.3460818943016833
500,3,4,CGATATAT,3 7 5 6,-0.029463355233849235,-0.026870103624624164,-0.0563334588584734,-0.47698302517035124
500,4,5,CTATCGCA,3 0 7 4 5,-0.019416106762713492,-0.007351307373969718,-0.02676741413668321,-0.27463644177325186
500,4,5,CTATCGCC,7 4 5 3 0,1.3232177757910817,-0.6983583927303245,0.6248593830607572,-0.3454524264802292
500,4,5,CTATCGCA,5 0 3 7 4,-0.019416106762713492,-0.03231893406067243,-0.051735040823385925,-0.6247010449069409
500,4,5,CTATCGCA,0 7 4 5 3,-0.019416106762713492,0.005737192293022275,-0.013678914469691217,0.2280890582308729
500,5,5,CTATCGCA,3 6 7 0 1,-0.018370912949398854,-0.004194432917897117,-0.02256534586729597,-0.1858793985505058
500,5,5,CTATCGCA,0 6 1 3 7,-0.018370912949398854,-0.02563252476298139,-0.044003437712380244,-0.5825118694253688
500,5,5,CTATCGCA,0 3 1 6 7,-0.018370912949398854,-0.031196279053942177,-0.04956719200334103,-0.6293735390909257
500,5,5,CGATCGCG,0 7 6 3 1,-0.19117336427438003,-0.06003878218401493,-0.25121214645839496,-0.23899633449435287
500,6,3,CTATCGCA,2 6 4,0.0006137133258534988,0.002103430343135315,0.002717143668988814,0.7741329128606982
500,6,3,CTATCGCA,2 6 4,0.0006137133258534988,0.002103430343135315,0.002717143668988814,0.7741329128606982
500,6,3,CTATCGCA,4 2 6,0.0006137133258534988,-0.0022893578366218748,-0.001675644510768376,-0.7885985938662966
500,6,3,CTATCGCA,6 4 2,0.0006137133258534988,-0.001708088596847901,-0.0010943752709944021,-0.7356736938440261
500,7,5,CTATCGCA,1 3 5 2 7,-0.20233143447820096,-0.017588978627961716,-0.21992041310616267,-0.07997883588673939
500,7,5,CTTGCGCG,1 7 5 3 2,8.106481900222345,-0.350127663625063,7.756354236597282,-0.04140284129018833
500,7,5,CTATCGCA,7 3 5 1 2,-0.20233143447820096,-0.11032664589779184,-0.3126580803759928,-0.3528667666772484
500,7,5,CTATCGCA,2 3 5 7 1,-0.20233143447820096,0.16426342951840756,-0.0380680049597934,0.44807891667551353
500,8,5,CGATCGCG,1 7 2 4 0,0.908748996128923,0.9302974713856793,1.8390464675146023,0.5058585999966271
500,8,5,CTATCGCA,2 7 1 4 0,-0.18045459833131744,0.1752656692590877,-0.005188929072229731,0.4927064472494374
500,8,5,CTATCGCA,4 1 2 0 7,-0.18045459833131744,-0.033741085415104344,-0.21419568374642178,-0.15752458137788222
500,8,5,CTATCGCA,2 7 1 0 4,-0.18045459833131744,0.17565256557491882,-0.004802032756398622,0.4932576015830125
500,9,6,CTATCGCA,1 7 6 4 5 0,0.05174522444904439,0.023665810052309055,0.07541103450135345,0.31382423286985023
500,9,6,CTATCGCA,0 5 4 6 7 1,0.05174522444904439,-0.14875529127198028,-0.09701006682293589,-0.7419197438821433
500,9,6,CTATCGCA,6 4 7 1 5 0,0.05174522444904439,0.10073517513706243,0.15248039958610682,0.6606434362088389
500,9,6,CTATCGCA,6 4 1 7 0 5,0.05174522444904439,0.07296190742204267,0.12470713187108706,0.5850660369405757
500,10,4,CTATCGCA,1 2 6 0,0.005699873720430293,-0.014843800606337165,-0.009143926885906872,-0.7225484774647337
500,10,4,CTATCGCA,6 2 1 0,0.005699873720430293,0.012776442343187089,0.018476316063617382,0.6915037770081129
500,10,4,CTATCGCA,1 6 0 2,0.005699873720430293,-0.010874111654680885,-0.005174237934250592,-0.6560951641124482
500,10,4,CTATCGCA,2 6 1 0,0.005699873720430293,0.006876312445405208,0.012576186165835501,0.5467724757514656
500,11,2,CTATCGCA,0 1,-0.00021839264088918675,-3.630946513155653e-05,-0.0002547021060207433,-0.1425565956199806
500,11,2,CTATCGCA,0 1,-0.00021839264088918675,-3.630946513155653e-05,-0.0002547021060207433,-0.1425565956199806
500,11,2,CTATCGCA,0 1,-0.00021839264088918675,-3.630946513155653e-05,-0.0002547021060207433,-0.1425565956199806
500,11,2,CTATCGCA,0 1,-0.00021839264088918675,-3.630946513155653e-05,-0.0002547021060207433,-0.1425565956199806
500,12,5,CTATCGCA,5 2 6 7 4,-0.03539623312462151,-0.017725492734408377,-0.053121725859029884,-0.3336768986280086
500,12,5,CTATCGCA,5 7 6 2 4,-0.03539623312462151,0.019215014739947023,-0.016181218384674484,0.35185086390259207
500,12,5,CTATCGCA,2 6 5 7 4,-0.03539623312462151,-0.015741829699928545,-0.05113806282455005,-0.30782999649277487
500,12,5,CTATCGCA,2 5 6 4 7,-0.03539623312462151,-0.013899577970315491,-0.049295811094937,-0.2819626589274858
500,13,2,CTATCGCA,3 2,-3.1781196121905e-05,3.314607385340729e-05,1.3648777315022897e-06,0.5105108202764513
500,13,2,CTATCGCA,3 2,-3.1781196121905e-05,3.314607385340729e-05,1.3648777315022897e-06,0.5105108202764513
500,13,2,CTATCGCA,2 3,-3.1781196121905e-05,-3.314371486617951e-05,-6.49249109880845e-05,-0.5104930351350391
500,13,2,CTATCGCA,3 2,-3.1781196121905e-05,3.314607385340729e-05,1.3648777315022897e-06,0.5105108202764513
500,14,5,CTATCGCG,5 7 0 2 3,0.3127663814800239,0.37702015935408895,0.6897865408341128,0.5465751171343292
500,14,5,TTTGCGCG,5 3 7 2 0,3.5418955530055642,0.5665526301889168,4.108448183194481,0.13789942209965994
500,14,5,CTATCGCA,0 2 7 3 5,-0.0658745679628844,0.025473543990687908,-0.0404010239721965,0.2788622933294433
500,14,5,CTATCGCA,5 7 0 2 3,-0.0658745679628844,0.05600370937343069,-0.009870858589453718,0.4595052588320734
500,15,2,CTATCGCG,1 0,0.18664259629670077,-0.014073475915249656,0.1725691203814511,-0.07011633777084113
500,15,2,CGATCGCG,0 1,-0.31073401468678963,-0.11740303382912431,-0.42813704851591394,-0.2742183472233668
500,15,2,CTATCGCG,0 1,0.18664259629670077,0.012511086231786539,0.1991536825284873,0.0628212648289691
500,15,2,CTATCGCG,0 1,0.18664259629670077,0.012511086231786539,0.1991536825284873,0.0628212648289691
500,16,4,CTATCGCA,7 2 5 3,-0.029266976047673143,-0.0007279120574925635,-0.029994888105165707,-0.024267870409798355
500,16,4,CTATCGCA,7 2 5 3,-0.029266976047673143,-0.0007279120574925635,-0.029994888105165707,-0.024267870409798355
500,16,4,CTATCGCA,3 7 5 2,-0.029266976047673143,-0.016397833496931913,-0.045664809544605056,-0.35909124904845224
500,16,4,CTATCGCA,2 7 5 3,-0.029266976047673143,0.04907068259516434,0.019803706547491196,0.6263996581630148
500,17,3,CTATCGCA,4 5 3,-6.392340757216397e-05,-0.00032295472893051347,-0.00038687813650267744,-0.8347712068972872
500,17,3,CTATCGCA,5 4 3,-6.392340757216397e-05,-0.002048613353239803,-0.002112536760811967,-0.9697409253377467
500,17,3,CTATCGCA,4 5 3,-6.392340757216397e-05,-0.00032295472893051347,-0.00038687813650267744,-0.8347712068972872
500,17,3,CTATCGCA,3 5 4,-6.392340757216397e-05,0.0006996704303634527,0.0006357470227912887,0.9162861139045051
500,18,5,CTATCGCA,0 1 7 5 6,-0.026444222456171257,0.0030825959590297103,-0.023361626497141547,0.10439986847491606
500,18,5,CTATCGCA,5 6 7 1 0,-0.026444222456171257,0.01020052182201514,-0.016243700634156116,0.27836247797442615
500,18,5,CTATCGCA,1 6 7 5 0,-0.026444222456171257,-0.0036768590101123877,-0.030121081466283645,-0.12206928938551291
500,18,5,CTATCGCT,6 5 0 7 1,-0.09622855113934747,-0.21427389111374673,-0.3105024422530942,-0.690087619146936
500,19,2,CTATCGCA,5 1,-0.0002174683120137466,3.8179850883612865e-05,-0.00017928846113013375,0.14934529726678203
500,19,2,CTATCGCA,1 5,-0.0002174683120137466,-3.8179161498841374e-05,-0.000255647473512588,-0.14934300337203
500,19,2,CTATCGCA,5 1,-0.0002174683120137466,3.8179850883612865e-05,-0.00017928846113013375,0.14934529726678203
500,19,2,CTATCGCA,1 5,-0.0002174683120137466,-3.8179161498841374e-05,-0.000255647473512588,-0.14934300337203
500,20,2,CGATCGCG,5 0,-0.00036547632445871336,0.0005971604370291761,0.00023168411257046273,0.6203382843038129
500,20,2,CGATCGCG,5 0,-0.00036547632445871336,0.0005971604370291761,0.00023168411257046273,0.6203382843038129
500,20,2,CGATCGCG,0 5,-0.00036547632445871336,-0.0005966761380828967,-0.00096215246254161,-0.6201471817748347
500,20,2,CGATCGCG,5 0,-0.00036547632445871336,0.0005971604370291761,0.00023168411257046273,0.6203382843038129
500,21,3,CTATCGCA,3 5 1,-0.00023367640346097507,0.0003269459649295481,9.326956146857301e-05,0.5831839458496263
500,21,3,CTATCGCA,3 5 1,-0.00023367640346097507,0.0003269459649295481,9.326956146857301e-05,0.5831839458496263
500,21,3,CTATCGCA,3 5 1,-0.00023367640346097507,0.0003269459649295481,9.326956146857301e-05,0.5831839458496263
500,21,3,CTATCGCA,3 1 5,-0.00023367640346097507,0.00025058695254709384,1.6910549086118776e-05,0.5174600750565949
500,22,5,CTAACGCA,0 7 6 2 1,-0.3815452253920064,-0.9917891473796443,-1.3733343727716507,-0.722176017030743
500,22,5,ACTACGGC,1 0 6 7 2,0.9307893381290311,-0.08940793413747627,0.8413814039915548,-0.08763788785559518
500,22,5,ACTACGGC,0 7 2 6 1,0.9307893381290311,0.25306174948654103,1.1838510876155721,0.2137614706223228
500,22,5,ACTACGGC,7 1 6 2 0,0.9307893381290311,0.2633249235894155,1.1941142617184466,0.22051903409181742
500,23,6,CTATCGCG,7 2 3 1 6 0,0.4766098447252105,0.8856357509900192,1.3622455957152297,0.6501292819559659
500,23,6,CTATCGCA,3 2 7 6 1 0,-0.22637462304717354,0.1846464819305611,-0.04172814111661244,0.44923844467929097
500,23,6,CTATCGCA,7 3 6 1 0 2,-0.22637462304717354,-0.20930076312780965,-0.4356753861749832,-0.4804052966254715
500,23,6,CTATCGCA,3 6 7 2 0 1,-0.22637462304717354,-0.2486010350161605,-0.474975658063334,-0.5233974221538141
500,24,4,TGTGGGCG,0 2 4 5,-0.08694557112727647,0.04860790892557265,-0.038337662201703815,0.35858842507489713
500,24,4,TGTGGGCG,2 0 5 4,-0.08694557112727647,0.06927476633317742,-0.01767080479409905,0.4434426878044215
500,24,4,TGTGAGCG,0 5 4 2,0.7385763000378747,-0.38832790259755257,0.3502483974403221,-0.3445970843745121
500,24,4,TGTGGGCG,5 4 0 2,-0.08694557112727647,-0.038531559535118554,-0.12547713066239502,-0.30708033672518703
500,25,3,CTATCGCA,4 3 6,0.0003234102636211489,-0.0005230815679777567,-0.00019967130435660785,-0.6179404791062523
500,25,3,CTATCGCA,4 6 3,0.0003234102636211489,-0.0006996497879907526,-0.00037623952436960373,-0.6838794916177269
500,25,3,CTATCGCA,4 3 6,0.0003234102636211489,-0.0005230815679777567,-0.00019967130435660785,-0.6179404791062523
500,25,3,CTATCGCA,6 4 3,0.0003234102636211489,-0.0016610152154197255,-0.0013376049517985766,-0.8370257452159596
500,26,3,CTATCGCA,0 5 2,0.000553771673713177,0.0014765750254464027,0.0020303466991595798,0.7272526539716594
500,26,3,CTATCGCA,0 5 2,0.000553771673713177,0.0014765750254464027,0.0020303466991595798,0.7272526539716594
500,26,3,CTATCGCA,5 2 0,0.000553771673713177,-0.0017716891618311248,-0.0012179174881179478,-0.7618658352577414
500,26,3,CTATCGCA,5 0 2,0.000553771673713177,0.0019420919995918329,0.00249586367330501,0.7781242302469689
500,27,4,CTATCGCA,1 7 0 5,-0.017760454915012908,-3.483783494573345e-06,-0.01776393869850748,-0.00019611548731960276
500,27,4,CTATCGCA,5 0 1 7,-0.017760454915012908,-0.025328832225987696,-0.043089287141000604,-0.5878220297101792
500,27,4,CGATCGCG,1 5 7 0,-0.1888706918935532,0.24226556996292192,0.05339487806936871,0.5619234367337255
500,27,4,CTATCGCG,1 7 0 5,0.24252614291751629,-0.18021748623995304,0.062308656677563246,-0.4263044403510648
500,28,5,CGATCGCG,5 0 6 2 4,-0.17017332877408997,-0.04789053783486796,-0.21806386660895793,-0.21961702587227558
500,28,5,CGATCGCG,2 6 4 5 0,-0.17017332877408997,0.31583314166902365,0.14565981289493368,0.649853779479653
500,28,5,CGGTCGCG,6 0 4 5 2,3.532799750434865,1.0207975997591703,4.553597350194035,0.22417388303242766
500,28,5,CGATCGCG,5 0 2 6 4,-0.17017332877408997,0.2411703495800941,0.07099702080600412,0.5862989083606054
500,29,2,CTATCGCA,0 1,-0.00021839264088918675,-3.630946513155653e-05,-0.0002547021060207433,-0.1425565956199806
500,29,2,CTATCGCA,1 0,-0.00021839264088918675,3.6322112363929016e-05,-0.00018207052852525774,0.14259916985583837
500,29,2,CTATCGCA,0 1,-0.00021839264088918675,-3.630946513155653e-05,-0.0002547021060207433,-0.1425565956199806
500,29,2,CTATCGCA,0 1,-0.00021839264088918675,-3.630946513155653e-05,-0.0002547021060207433,-0.1425565956199806
500,30,3,CTATCGCA,1 3 5,-0.00023367640346097507,-0.0002482362287132833,-0.0004819126321742584,-0.515106291348515
500,30,3,CTATCGCA,1 5 3,-0.00023367640346097507,-0.0003091246559556726,-0.0005428010594166477,-0.569498991560354
500,30,3,CTATCGCA,5 3 1,-0.00023367640346097507,0.00017462558875602774,-5.905081470494733e-05,0.42768732968419704
500,30,3,CTATCGCA,5 3 1,-0.00023367640346097507,0.00017462558875602774,-5.905081470494733e-05,0.42768732968419704
500,31,4,CTATCGCA,0 5 4 6,0.0007354677852235841,-0.0006452682098427864,9.01995753807977e-05,-0.4673364148891976
500,31,4,CTATCGCA,6 4 5 0,0.0007354677852235841,-0.00017475621439766442,0.0005607115708259197,-0.19199253642002614
500,31,4,CTATCGCA,4 0 5 6,0.0007354677852235841,0.0012306041537555323,0.0019660719389791165,0.6259202063554826
500,31,4,CTATCGCA,0 5 4 6,0.0007354677852235841,-0.0006452682098427864,9.01995753807977e-05,-0.4673364148891976
1000,0,5,TTTGCGCG,5 7 3 2 1,-0.33521958977646005,0.12311908837755059,-0.21210050139890946,0.268620333054633
1000,0,5,TTTACGCC,3 2 5 7 1,3.234446404902738,0.45889148046099226,3.6933378853637304,0.12424844265658064
1000,0,5,TTTGCGCG,2 5 7 1 3,-0.33521958977646005,0.3512559961475725,0.016036406371112477,0.5116802452264392
1000,0,5,TTTGCGCG,1 7 3 2 5,-0.33521958977646005,0.31431682105521563,-0.020902768721244414,0.4839094711453664
1000,1,6,CTATCGCA,4 5 2 7 1 0,-0.26082035535030273,0.29820918197790824,0.03738882662760551,0.5334408328460596
1000,1,6,CGATCGCG,1 4 2 5 0 7,1.360078621887916,0.7123115903904678,2.0723902122783837,0.34371499448810516
1000,1,6,CGATCGCG,5 1 0 7 4 2,1.360078621887916,0.42630662321783763,1.7863852451057536,0.23864204229508199
1000,1,6,CTATCGCA,0 1 7 2 5 4,-0.26082035535030273,-0.26086813798949215,-0.521688493339795,-0.5000457961406082
1000,2,4,CGATCGCG,7 5 4 3,-0.02391219598523675,0.04312370098689211,0.01921150500165536,0.6432926675810933
1000,2,4,CGATCGCA,3 5 4 7,0.4802250510279462,0.24265282529356869,0.7228778763215149,0.33567609860789793
1000,2,4,CGATCGCG,5 3 7 4,-0.02391219598523675,-0.078014026790858,-0.10192622277609475,-0.7653970162539468
1000,2,4,CGATCGCA,5 7 4 3,0.4802250510279462,-0.43499865518506153,0.04522639584288468,-0.4752921632515282
1000,3,4,CTATCGCG,1 7 4 3,0.23391862908262118,-0.06933602699943764,0.16458260208318354,-0.228639612315386
1000,3,4,CTATCGCA,3 7 1 4,-0.03411160151877771,0.008221772219247914,-0.025889829299529793,0.19421490642648145
1000,3,4,CTATCGCA,4 7 3 1,-0.03411160151877771,0.04697204235582264,0.012860440837044934,0.5793035452188989
1000,3,4,CTATCGCA,4 7 3 1,-0.03411160151877771,0.04697204235582264,0.012860440837044934,0.5793035452188989
1000,4,6,CGATCGCG,7 3 5 2 6 4,0.9501522074332442,0.5989938191693112,1.5491460266025554,0.3866606561829225
1000,4,6,CGATATAT,5 2 4 7 6 3,-1.152068747599788,0.7576964729693083,-0.39437227463047964,0.3967484928558497
1000,4,6,CGATCTAT,6 2 4 3 7 5,-0.08116924361314704,-0.918880979247386,-1.000050222860533,-0.9188348327337287
1000,4,6,CGATCGCG,2 7 3 5 6 4,0.9501522074332442,0.15825120132477632,1.1084034087580206,0.1427740117671586
1000,5,5,CTATCGCA,3 5 2 0 6,0.00013713004697485376,-0.002251746302087021,-0.0021146162551121672,-0.9425964231975817
1000,5,5,CTATCGCA,3 0 5 2 6,0.00013713004697485376,0.0008379859737521755,0.0009751160207270293,0.859370532264856
1000,5,5,CTATCGCA,5 2 6 3 0,0.00013713004697485376,0.003088123177966473,0.003225253224941327,0.9574823936569048
1000,5,5,CTATCGCA,3 0 2 6 5,0.00013713004697485376,0.0005161437848562045,0.0006532738318310582,0.7900879534842341
1000,6,7,TTTAGGCC,4 0 5 1 6 2 7,0.001592946959161165,0.005432327659635305,0.00702527461879647,0.7732548483017082
1000,6,7,TTTAGGCC,0 6 5 4 1 7 2,0.001592946959161165,0.05548645632837612,0.057079403287537286,0.9720924384731792
1000,6,7,TTTAGGCC,0 6 5 2 1 4 7,0.001592946959161165,0.0597918113065834,0.06138475826574456,0.9740497966569317
1000,6,7,TTTAGGCC,4 5 6 1 7 0 2,0.001592946959161165,-0.009446709081876392,-0.007853762122715227,-0.8557068306077902
1000,7,3,CGGTCGCG,1 5 2,4.265498138422414,0.9162490863898898,5.1817472248123035,0.17682242043813295
1000,7,3,CGGTCGCG,1 2 5,4.265498138422414,-0.3656448347784851,3.899853303643929,-0.07895347582537772
1000,7,3,CTATCGCG,5 2 1,-0.49682677549074117,0.40671664090080406,-0.09011013458993711,0.45013513852504883
1000,7,3,CTATCGCG,2 5 1,-0.49682677549074117,0.5329554652930073,0.036128689802266134,0.5175419075856121
1000,8,2,CGATCGCG,2 7,-0.2756155896136354,0.07731305280647849,-0.19830253680715693,0.21906142917821822
1000,8,2,CGATCGCG,2 7,-0.2756155896136354,0.07731305280647849,-0.19830253680715693,0.21906142917821822
1000,8,2,CGATCGCG,2 7,-0.2756155896136354,0.07731305280647849,-0.19830253680715693,0.21906142917821822
1000,8,2,CGATCGCG,2 7,-0.2756155896136354,0.07731305280647849,-0.19830253680715693,0.21906142917821822
1000,9,6,CTATCGCA,5 3 7 1 4 2,-0.2953266459998463,-0.08602476724470609,-0.3813514132445524,-0.22557872937405446
1000,9,6,CGATCGCG,1 2 3 7 5 4,1.3463308117672599,0.8691709037365509,2.2155017155038106,0.39231335171360915
1000,9,6,CGATATCG,5 7 3 2 1 4,1.3758217511138549,0.16595996896597942,1.5417817200798343,0.10764167638294864
1000,9,6,CTATCGCA,5 7 4 3 1 2,-0.2953266459998463,-0.1033078623870809,-0.3986345083869272,-0.2591543386575229
1000,10,4,CGATCGCG,7 2 4 0,-0.14307510343033042,0.29252536571987564,0.14945026228954522,0.6715451117179708
1000,10,4,CGATCGCG,2 4 0 7,-0.14307510343033042,-0.0016618012846900676,-0.1447369047150205,-0.011481531182127106
1000,10,4,CGATCGCG,4 7 2 0,-0.14307510343033042,0.08045513718791897,-0.06261996624241145,0.35992954226413726
1000,10,4,CGGTCGCG,0 4 7 2,3.258070829255142,1.133208306273191,4.3912791355283325,0.25805881869471503
1000,11,4,CGATCTAT,5 4 7 6,0.15030816684061943,-0.29176891451588904,-0.14146074767526962,-0.6599955682402704
1000,11,4,CGATCGCG,6 5 4 7,0.6879648636086869,-0.047603245770101665,0.6403616178385853,-0.06471629909336903
1000,11,4,CGATCGCG,6 4 7 5,0.6879648636086869,0.025210598509051607,0.7131754621177385,0.03534978395665775
1000,11,4,CGATCGCG,7 4 6 5,0.6879648636086869,0.24291434746909957,0.9308792110777865,0.2609515225803029
1000,12,4,TTTAGGCC,0 5 6 2,0.00032072977372218925,0.00020375108098846795,0.0005244808547106572,0.388481446288201
1000,12,4,TTTAGGCC,5 2 6 0,0.00032072977372218925,7.388288852183678e-05,0.000394612662244026,0.18722888439942673
1000,12,4,TTTAGGCC,2 6 0 5,0.00032072977372218925,0.0003549293692586275,0.0006756591429808168,0.5253083199507664
1000,12,4,TTTAGGCC,5 0 2 6,0.00032072977372218925,3.8078469728475284e-06,0.0003245376206950368,0.011733145034749934
1000,13,6,CTATCGCA,1 7 5 2 3 4,-0.2953266459998463,-0.2514942144419168,-0.546820860441763,-0.45992066622831623
1000,13,6,CTATCGCG,5 3 2 4 7 1,0.18312482148765197,-0.029978994004103754,0.1531458274835482,-0.14067788479021176
1000,13,6,CGATCGCG,1 4 2 5 3 7,1.3463308117672599,0.8460819042701697,2.1924127160374294,0.38591360927671486
1000,13,6,CTATCGCA,4 2 3 1 5 7,-0.2953266459998463,0.2802154207263099,-0.015111225273536422,0.48687218003065075
1000,14,3,CAATATAT,1 2 6,0.34409859956035205,-0.1593265604787506,0.18477203908160145,-0.31648509674481745
1000,14,3,CGATATAT,6 1 2,-0.07004527625436346,-0.001207837983853599,-0.07125311423821706,-0.016951371133274166
1000,14,3,CGATATAT,1 6 2,-0.07004527625436346,-0.024371358132808885,-0.09441663438717235,-0.2581256818885299
1000,14,3,CGATATAT,6 1 2,-0.07004527625436346,-0.001207837983853599,-0.07125311423821706,-0.016951371133274166
1000,15,4,CTATCGCA,2 7 3 6,-0.03289042695443495,0.032480915375030506,-0.0004095115794044424,0.49686780502884165
1000,15,4,CTATCGCA,3 7 2 6,-0.03289042695443495,-0.012128762315997577,-0.045019189270432525,-0.26941316608656574
1000,15,4,CTATCGCA,3 6 2 7,-0.03289042695443495,-0.021577269603740845,-0.05446769655817579,-0.39614801005389716
1000,15,4,CTATCGCA,6 7 3 2,-0.03289042695443495,-0.012466003287928018,-0.045356430242362966,-0.2748453355194773
1000,16,6,CTATCGCA,0 5 3 4 6 2,-0.0040418295125639716,-0.05806168648989374,-0.06210351600245771,-0.9349178633878954
1000,16,6,CTATCGCA,3 6 0 5 4 2,-0.0040418295125639716,-0.0006040340958159973,-0.004645863608379969,-0.13001546036058223
1000,16,6,CTATCGCA,3 2 0 4 5 6,-0.0040418295125639716,0.001942774490159671,-0.0020990550224043005,0.32462874557372523
1000,16,6,CTATCGCA,4 0 6 2 3 5,-0.0040418295125639716,0.059535245618760335,0.05549341610619636,0.9364263061140324
1000,17,6,CGATCGCG,6 1 2 5 3 7,1.3746611642231952,0.8129736083835164,2.1876347726067116,0.37162218235121786
1000,17,6,CTATCGCA,6 7 2 5 3 1,-0.3198933489224137,0.05699309611728065,-0.2629002528051331,0.15122087001902665
1000,17,6,CTATCGCA,1 2 6 5 3 7,-0.3198933489224137,-0.37931286726572555,-0.6992062161881393,-0.5424906965696394
1000,17,6,CTATCGCA,3 6 2 7 1 5,-0.3198933489224137,0.19120541185955542,-0.1286879370628583,0.37410658473719566
1000,18,3,CTATCGCC,0 4 1,0.5537666232314786,-0.049022165680035146,0.5047444575514435,-0.08132560953656247
1000,18,3,CTATCGCC,1 4 0,0.5537666232314786,0.04077922551372448,0.5945458487452031,0.06858886593824443
1000,18,3,CTATCGCC,0 1 4,0.5537666232314786,-0.047945188380217774,0.5058214348512609,-0.07968131496670422
1000,18,3,CTATCGCC,4 1 0,0.5537666232314786,0.04133607589759758,0.5951026991290762,0.06946040735169291
1000,19,4,CTATCGCG,3 6 1 5,-0.0010706428967905968,0.06457113300013795,0.06350049010334735,0.9836896110417285
1000,19,4,CGATCGCG,6 3 1 5,-0.019562271756981775,-0.112545296793924,-0.13210756855090577,-0.8519216425556744
1000,19,4,CGATCGCG,1 5 3 6,-0.019562271756981775,0.1782555170835436,0.15869324532656182,0.9011096430121748
1000,19,4,CGATCGCG,1 5 6 3,-0.019562271756981775,0.1772831387639413,0.15772086700695953,0.9006211437431382
1000,20,8,CTATCGCA,5 2 0 3 4 1 6 7,-0.3752181118133794,0.21699643965134818,-0.1582216721620312,0.36641524446613083
1000,20,8,AGGTCGTC,6 0 3 2 5 7 4 1,6.998032467503952,2.154308170871891,9.152340638375843,0.2353833031343762
1000,20,8,CTATCGCA,2 6 3 7 1 4 0 5,-0.3752181118133794,0.49398794203775687,0.11876983022437748,0.5683208715000037
1000,20,8,CTATCGCA,1 2 0 4 7 6 5 3,-0.3752181118133794,0.1752320984706106,-0.19998601334276878,0.31834323104392004
1000,21,3,CTATCGCA,4 0 3,-6.906521632130125e-05,0.0011056587445639199,0.0010365935282426186,0.9412072805008108
1000,21,3,CTATCGCA,3 4 0,-6.906521632130125e-05,-0.0005438930135139852,-0.0006129582298352865,-0.8873247589156925
1000,21,3,CTATCGCA,4 0 3,-6.906521632130125e-05,0.0011056587445639199,0.0010365935282426186,0.9412072805008108
1000,21,3,CTATCGCA,0 3 4,-6.906521632130125e-05,0.000810447406934367,0.0007413821906130658,0.9214733086312685
1000,22,7,ATATCGCC,7 1 2 0 6 4 3,1.8216057430630492,1.2554158255757262,3.0770215686387754,0.40799708340396906
1000,22,7,CTATCGCA,4 3 7 0 6 2 1,-0.45852440802332584,-0.0673511940961049,-0.5258756021194307,-0.1280743845591241
1000,22,7,CTATCGCA,3 6 4 7 2 0 1,-0.45852440802332584,0.098318150247664,-0.36020625777566184,0.17656364224915624
1000,22,7,CTATCGCA,6 2 0 4 7 1 3,-0.45852440802332584,0.4409009428382973,-0.017623465185028553,0.49020293058887776
1000,23,6,CTATCGCA,0 5 7 6 4 1,0.09739954163563938,-0.0016793096179599232,0.09572023201767946,-0.01694922374161981
1000,23,6,CTATCGCA,6 0 4 7 1 5,0.09739954163563938,0.03298168108760091,0.1303812227232403,0.2529634283121504
1000,23,6,CTATCGCA,7 1 6 4 5 0,0.09739954163563938,0.05383740716744523,0.1512369488030846,0.3559805166232444
1000,23,6,CTATCGCA,0 6 1 7 4 5,0.09739954163563938,-0.022098920799710875,0.0753006208359285,-0.184930586966059
1000,24,1,CTATCGCA,4,-5.450758099101449e-06,0.0,-5.450758099101449e-06,0.0
1000,24,1,CTATCGCA,4,-5.450758099101449e-06,0.0,-5.450758099101449e-06,0.0
1000,24,1,CTATCGCA,4,-5.450758099101449e-06,0.0,-5.450758099101449e-06,0.0
1000,24,1,CTATCGCA,4,-5.450758099101449e-06,0.0,-5.450758099101449e-06,0.0
1000,25,5,CTATCGCA,0 1 3 2 4,-0.003555034209036802,-0.037900540810108296,-0.0414555750191451,-0.9142447256516161
1000,25,5,CTATCGCA,3 4 1 0 2,-0.003555034209036802,-0.011049668126100087,-0.01460470233513689,-0.7565829054602583
1000,25,5,CTATCGCA,3 1 0 4 2,-0.003555034209036802,-0.010598149386817468,-0.01415318359585427,-0.748817346644317
1000,25,5,CTATCGCA,4 3 2 0 1,-0.003555034209036802,0.00987356738577283,0.006318533176736028,0.735264004674107
1000,26,2,CTATCGCA,3 2,-4.423771640216234e-05,2.4146117090562136e-05,-2.0091599311600206e-05,0.35309686306385707
1000,26,2,CTATCGCA,3 2,-4.423771640216234e-05,2.4146117090562136e-05,-2.0091599311600206e-05,0.35309686306385707
1000,26,2,CTATCGCA,3 2,-4.423771640216234e-05,2.4146117090562136e-05,-2.0091599311600206e-05,0.35309686306385707
1000,26,2,CTATCGCA,3 2,-4.423771640216234e-05,2.4146117090562136e-05,-2.0091599311600206e-05,0.35309686306385707
1000,27,4,CGGTCGTG,3 4 6 2,2.7880584914502347,1.1263928408793449,3.9144513323295795,0.2877524192410901
1000,27,4,CGATCGCG,3 6 2 4,-0.15595980412800872,0.07749119526323867,-0.07846860886477006,0.3319377319664796
1000,27,4,CGATCGCG,6 4 2 3,-0.15595980412800872,0.07535267018483083,-0.0806071339431779,0.3257613771530531
1000,27,4,CGATCGCG,2 6 3 4,-0.15595980412800872,0.18579348307975252,0.029833678951743797,0.5436479765790916
1000,28,5,CTATCGCA,6 7 3 1 4,-0.039953374995402885,0.040417440020775075,0.0004640650253721901,0.5028870245080803
1000,28,5,CTATCGCA,3 4 7 6 1,-0.039953374995402885,-0.0022044181273201957,-0.04215779312272308,-0.05228969459817413
1000,28,5,CTATCGCG,6 4 3 7 1,0.22435588851079213,0.08961027926151299,0.3139661677723051,0.2854138071542162
1000,28,5,CTATCGCA,3 1 7 4 6,-0.039953374995402885,-0.004105285351641896,-0.04405866034704478,-0.09317771623796675
1000,29,4,TTTAGGCC,1 4 2 3,-0.23059583493102753,-0.18970056117663425,-0.4202963961076618,-0.4513494832062304
1000,29,4,TTTGGGCC,1 2 4 3,0.36327930384614193,0.24487765455835975,0.6081569584045017,0.4026553526589512
1000,29,4,TTTAGGCC,3 2 1 4,-0.23059583493102753,0.11157820315659883,-0.1190176317744287,0.32608611623546113
1000,29,4,TTTAGGCC,4 1 2 3,-0.23059583493102753,-0.13752054290065807,-0.3681163778316856,-0.37357898529452765
1000,30,3,CTATCGCG,2 0 1,-0.48227810362834855,0.42797464903818927,-0.054303454590159284,0.47017122198692607
1000,30,3,CGGTCGCG,0 1 2,4.273388663726964,0.8797229462898193,5.153111610016783,0.1707168431166493
1000,30,3,CGATCGCG,1 2 0,0.10761044933519692,0.6092549797940952,0.7168654291292921,0.849887517290517
1000,30,3,CGATCGCG,0 2 1,0.10761044933519692,-0.5073359354973586,-0.39972548616216164,-0.8250084040017598
1000,31,4,CTATCGCA,5 0 2 6,0.0005503639168433355,0.002422180113999417,0.0029725440308427525,0.8148508781929462
1000,31,4,CTATCGCA,6 5 2 0,0.0005503639168433355,-0.0015679175213243468,-0.0010175536044810113,-0.7401837607945989
1000,31,4,CTATCGCA,2 5 0 6,0.0005503639168433355,-0.0015546023233490303,-0.0010042384065056947,-0.7385402642880203
1000,31,4,CTATCGCA,5 2 0 6,0.0005503639168433355,-0.0014057443368891143,-0.0008553804200457787,-0.7186434258977302
2000,0,6,TTTAGGCC,6 7 0 4 2 5,-0.02502633516685787,0.01804015562784933,-0.006986179539008541,0.41889077319637186
2000,0,6,TTTAGGCC,0 4 7 5 6 2,-0.02502633516685787,0.04984989670955109,0.024823561542693218,0.6657639608765776
2000,0,6,TTTAGGCC,2 7 4 6 0 5,-0.02502633516685787,-0.06459856931000196,-0.08962490447685983,-0.7207658372085697
2000,0,6,TTTAGGCC,0 4 6 2 5 7,-0.02502633516685787,0.04236389604036184,0.017337560873503965,0.6286355645538024
2000,1,2,CTATCGCG,7 6,0.3725018820401429,0.027324519391065838,0.39982640143120873,0.06834095820900186
2000,1,2,CTATCGCA,6 7,-0.03701715678059425,0.003304671861943831,-0.03371248491865042,0.08195739065409154
2000,1,2,CTATCGCA,6 7,-0.03701715678059425,0.003304671861943831,-0.03371248491865042,0.08195739065409154
2000,1,2,CTATCGCA,6 7,-0.03701715678059425,0.003304671861943831,-0.03371248491865042,0.08195739065409154
2000,2,3,CTATCGCA,5 0 3,-0.00010192781079484958,0.00040637039863056224,0.00030444258783571265,0.7994724181498291
2000,2,3,CTATCGCA,0 5 3,-0.00010192781079484958,0.0003169950541435096,0.00021506724334866,0.7566907435099124
2000,2,3,CTATCGCA,3 0 5,-0.00010192781079484958,-0.00046247311731506535,-0.0005644009281099149,-0.8194053097393215
2000,2,3,CTATCGCA,0 5 3,-0.00010192781079484958,0.0003169950541435096,0.00021506724334866,0.7566907435099124
2000,3,4,CTATCGCA,6 4 1 2,0.003208555575108761,-0.012851127877654633,-0.009642572302545872,-0.8002105343765874
2000,3,4,CTATCGCA,4 2 6 1,0.003208555575108761,0.007613274769466827,0.010821830344575588,0.7035108227586435
2000,3,4,CTATCGCA,1 2 4 6,0.003208555575108761,-0.01351185374507402,-0.01030329816996526,-0.8081054408616782
2000,3,4,CTATCGCA,4 6 2 1,0.003208555575108761,0.006638250871658258,0.009846806446767019,0.6741526714824155
2000,4,2,CTATCGCA,6 4,0.00021474197424442565,-0.0002100718678184066,4.6701064260190606e-06,-0.4945033495102917
2000,4,2,CTATCGCA,4 6,0.00021474197424442565,0.00021012329549652264,0.0004248652697409483,0.49456453718761345
2000,4,2,CTATCGCA,6 4,0.00021474197424442565,-0.0002100718678184066,4.6701064260190606e-06,-0.4945033495102917
2000,4,2,CTATCGCA,6 4,0.00021474197424442565,-0.0002100718678184066,4.6701064260190606e-06,-0.4945033495102917
2000,5,4,CTATCGCA,7 0 3 4,-0.03079461458010574,0.01189113258153407,-0.01890348199857167,0.27857384190806
2000,5,4,CTATCGCA,7 4 0 3,-0.03079461458010574,0.01260519594945686,-0.01818941863064888,0.2904435709660666
2000,5,4,CTATCGCA,3 7 4 0,-0.03079461458010574,0.0034871594369385583,-0.02730745514316718,0.10172050708941736
2000,5,4,CTATCGCA,3 7 0 4,-0.03079461458010574,0.0037128239171786426,-0.027081790662927097,0.10759488617130562
2000,6,6,CTATCGCA,7 6 4 5 3 2,-0.04606316019723694,0.008942839743204978,-0.03712032045403196,0.16257935048699945
2000,6,6,CTATCGCA,5 4 7 3 6 2,-0.04606316019723694,-0.005070510041158549,-0.05113367023839549,-0.09916186374885291
2000,6,6,CTATCGCA,7 2 4 3 6 5,-0.04606316019723694,0.01576977180319883,-0.030293388394038112,0.25503839609429635
2000,6,6,CTATCGCA,5 4 3 6 7 2,-0.04606316019723694,-0.030167538087888524,-0.07623069828512546,-0.3957400203137713
2000,7,4,CTATCGCA,4 7 1 5,-0.010892986179640796,0.03233831897258588,0.021445332792945082,0.7480301336893656
2000,7,4,CTATCGCA,5 1 7 4,-0.010892986179640796,-0.03869819106959094,-0.04959117724923173,-0.7803442712219631
2000,7,4,CTATCGCA,7 1 4 5,-0.010892986179640796,0.03224914134360679,0.021356155163965995,0.747509295322281
2000,7,4,CTATCGCA,5 7 1 4,-0.010892986179640796,0.021712617353011776,0.01081963117337098,0.6659167443800843
2000,8,5,CTATCGCA,0 5 7 4 2,-0.03980328662864452,-0.03147506778784237,-0.07127835441648689,-0.4415796077997291
2000,8,5,CTATCGCA,5 0 2 7 4,-0.03980328662864452,-0.012674698979727061,-0.05247798560837158,-0.24152411402211146
2000,8,5,CTATCGCA,7 2 5 4 0,-0.03980328662864452,-0.009542821987243322,-0.04934610861588784,-0.19338550201648208
2000,8,5,CTATCGCG,5 0 7 4 2,0.3297833710692655,0.02809890159390971,0.3578822726631752,0.07851437117801947
2000,9,2,CTATCGCA,2 7,-0.030006014751712162,0.0008088984888369177,-0.029197116262875245,0.02625022769080833
2000,9,2,CTATCGCG,2 7,0.2986685861482856,0.05088121531727241,0.34954980146555803,0.14556213479150226
2000,9,2,CTATCGCA,2 7,-0.030006014751712162,0.0008088984888369177,-0.029197116262875245,0.02625022769080833
2000,9,2,CTATCGCA,7 2,-0.030006014751712162,-0.0008052547508062835,-0.030811269502518446,-0.02613507212808819
2000,10,5,CTATCGCA,7 5 1 6 2,-0.23855161065988761,0.11639527842567876,-0.12215633223420885,0.32792308371977186
2000,10,5,CTATCGCA,5 6 2 7 1,-0.23855161065988761,0.11535587705862671,-0.1231957336012609,0.3259492411485138
2000,10,5,CTATCGCG,2 7 6 5 1,0.1592066509273815,-0.02520050967194276,0.13400614125543875,-0.13665689331174
2000,10,5,CGATCGCG,6 1 5 2 7,1.288378992790623,0.8187338788345215,2.1071128716251444,0.3885572006415869
2000,11,2,CTATCGCA,7 6,-0.03701715678059425,-0.0033079567345417615,-0.04032511351513601,-0.08203217415123014
2000,11,2,CTATCGCA,6 7,-0.03701715678059425,0.003304671861943831,-0.03371248491865042,0.08195739065409154
2000,11,2,CTATCGCA,6 7,-0.03701715678059425,0.003304671861943831,-0.03371248491865042,0.08195739065409154
2000,11,2,CTATCGCA,6 7,-0.03701715678059425,0.003304671861943831,-0.03371248491865042,0.08195739065409154
2000,12,4,TTTGGGCC,2 5 1 7,0.1313189400094038,-0.067225633790021,0.0640933062193828,-0.3385921483703412
2000,12,4,TTTGGGCC,5 7 1 2,0.1313189400094038,0.07459475067237076,0.20591369068177456,0.36226221979407774
2000,12,4,TGTGGGCC,2 5 7 1,0.7526226398129925,-0.013604632626534663,0.7390180071864578,-0.017755348988323018
2000,12,4,TTTGGGCC,2 7 1 5,0.1313189400094038,0.0875984723636618,0.2189174123730656,0.4001439237477459
2000,13,4,CTATCGCA,5 4 1 7,-0.010892986179640796,-0.033997578021546904,-0.0448905642011877,-0.7573435225536196
2000,13,4,CTATCGCA,4 5 1 7,-0.010892986179640796,-0.031183823767526153,-0.04207680994716695,-0.7411166342382326
2000,13,4,CTATCGCA,1 4 7 5,-0.010892986179640796,-0.024266395800543794,-0.03515938198018459,-0.6901826606116127
2000,13,4,CTATCGCA,5 1 7 4,-0.010892986179640796,-0.03869819106959094,-0.04959117724923173,-0.7803442712219631
2000,14,5,CGATATAT,1 4 6 2 7,-0.1576503132296616,-0.21027972912029025,-0.36793004234995186,-0.5715209548457731
2000,14,5,CGATATAT,1 7 6 4 2,-0.1576503132296616,-0.2706302366458173,-0.4282805498754789,-0.631899433034029
2000,14,5,CGATATAT,2 6 4 7 1,-0.1576503132296616,0.002823167429281348,-0.15482714580038026,0.017592735059330296
2000,14,5,CGATATAT,1 7 6 2 4,-0.1576503132296616,-0.2449315040604203,-0.4025818172900819,-0.6084018044062183
2000,15,3,CGATATAT,3 4 0,-0.04292748969678448,0.011767943859778862,-0.031159545837005614,0.21515404659164153
2000,15,3,CGATATAT,0 3 4,-0.04292748969678448,-0.06608845812744035,-0.10901594782422483,-0.6062274322835782
2000,15,3,CGATATAT,3 4 0,-0.04292748969678448,0.011767943859778862,-0.031159545837005614,0.21515404659164153
2000,15,3,CGATCTAT,0 4 3,0.6551922361635301,0.12340772192277161,0.7785999580863017,0.1584995229464074
2000,16,4,CAATCTAT,6 3 0 5,-0.003312803112780885,0.08982241949102177,0.08650961637824088,0.964430179902253
2000,16,4,CAATCTAT,0 3 6 5,-0.003312803112780885,-0.08567896386798379,-0.08899176698076468,-0.9627740494972199
2000,16,4,CAATCTAT,0 6 5 3,-0.003312803112780885,-0.003922568643836666,-0.007235371756617551,-0.5421378162426888
2000,16,4,CAATCTAT,3 5 6 0,-0.003312803112780885,-0.017303004543996803,-0.020615807656777688,-0.8393076241331849
2000,17,4,CTATCGCA,4 3 1 0,-0.0005517913602717944,0.0009300053825556098,0.0003782140222838154,0.62762007478912
2000,17,4,CTATCGCA,1 0 4 3,-0.0005517913602717944,-0.0016494295232276635,-0.002201220883499458,-0.7493248567610501
2000,17,4,CTATCGCA,3 1 0 4,-0.0005517913602717944,-0.0013630655121104063,-0.0019148568723822007,-0.7118367601097351
2000,17,4,CTATCGCA,4 0 1 3,-0.0005517913602717944,0.0015006369103631734,0.0009488455500913789,0.7311519393069534
2000,18,6,CGATATAT,4 6 1 3 5 0,-0.37080322464456916,0.276348666669719,-0.09445455797485014,0.42702288346633416
2000,18,6,CGATATCT,0 6 5 4 3 1,0.8294399637193837,0.5696434987083459,1.3990834624277295,0.4071547652488753
2000,18,6,CGATATAT,4 1 5 3 6 0,-0.37080322464456916,0.3460723474898657,-0.024730877154703457,0.4827509276951163
2000,18,6,CGATATAT,1 5 4 0 6 3,-0.37080322464456916,-0.05805110316376272,-0.4288543278083319,-0.13536322102760154
2000,19,3,CTATCGCA,4 5 3,-0.00039252111551718594,-0.0001798300704269895,-0.0005723511859441754,-0.31419533119396614
2000,19,3,CTATCGCA,3 4 5,-0.00039252111551718594,0.001606303940699716,0.00121378282518253,0.8036240769064126
2000,19,3,CTATCGCA,5 4 3,-0.00039252111551718594,-0.0019362456218534607,-0.0023287667373706467,-0.8314467871692586
2000,19,3,CTATCGCA,3 5 4,-0.00039252111551718594,0.0005880930989785593,0.0001955719834613734,0.5997191253045119
2000,20,5,CGATATAT,1 3 6 2 5,0.004950208039034898,-0.002269374798286705,0.0026808332407481927,-0.3143360010436035
2000,20,5,CGATATAT,6 2 1 5 3,0.004950208039034898,0.05524944073749971,0.06019964877653461,0.9177701508291116
2000,20,5,CGATATAT,3 2 5 1 6,0.004950208039034898,-0.019433363659571157,-0.014483155620536259,-0.7969859337991124
2000,20,5,CGATATAT,2 5 3 6 1,0.004950208039034898,0.03520730472837563,0.04015751276741053,0.8767302131557262
2000,21,6,TTTAGGCC,4 2 7 5 3 0,5.331004743440619,-0.5241694417789295,4.80683530166169,-0.089522433525908
2000,21,6,TTTGCGCG,0 4 2 7 3 5,4.2678682287215475,2.121288880523366,6.3891571092449135,0.33201388606549154
2000,21,6,CTATCGCA,3 0 5 2 4 7,-0.35928213419558763,0.0173453746532628,-0.34193675954232483,0.046054454987311914
2000,21,6,TTTAGGCC,4 5 3 7 0 2,5.331004743440619,-0.5797700012449587,4.751234742195661,-0.09808697273842727
2000,22,4,CTATCGCA,6 1 7 3,-0.007935223304046307,-0.013931676206035526,-0.021866899510081833,-0.6371125545078882
2000,22,4,CTATCGCA,6 3 1 7,-0.007935223304046307,-0.045767763366662884,-0.05370298667070919,-0.852238696653824
2000,22,4,CTATCGCA,3 1 7 6,-0.007935223304046307,-0.042659393452546546,-0.05059461675659285,-0.8431607192080907
2000,22,4,CTATCGCA,1 6 3 7,-0.007935223304046307,-0.019422698706827113,-0.02735792201087342,-0.7099478790497156
2000,23,5,CTATCGCA,6 7 5 1 0,-0.03202676779292632,0.04998230122604319,0.01795553343311687,0.6094728525022249
2000,23,5,CTATCGCA,6 7 0 1 5,-0.03202676779292632,0.049609915025063955,0.017583147232137636,0.6076914606595385
2000,23,5,CTATCGCA,7 5 1 0 6,-0.03202676779292632,0.011971616709194777,-0.020055151083731543,0.2720921880351685
2000,23,5,CTATCGCA,0 7 5 1 6,-0.03202676779292632,0.03493295240244798,0.0029061846095216615,0.5217009912903013
2000,24,7,CTATCGCA,2 6 5 4 1 0 7,-0.1685230056003832,0.33655913795460357,0.16803613235422038,0.6663453504528087
2000,24,7,CGATATAT,0 5 4 6 7 1 2,-0.4205892294273874,0.9506459075403884,0.530056678113001,0.693277091515143
2000,24,7,CTATCGCA,7 1 4 5 0 2 6,-0.1685230056003832,0.10626332091042379,-0.062259684689959405,0.38671254956437795
2000,24,7,CTATCGCG,0 4 5 1 7 2 6,0.1624525342694234,-0.413358919259025,-0.2509063849896016,-0.7178719991171602
2000,25,3,CTATCGCA,3 2 0,-0.00017031870621758705,-0.0021874836931148334,-0.0023578023993324204,-0.9277637912889517
2000,25,3,CTATCGCA,3 0 2,-0.00017031870621758705,0.0011506120311877144,0.0009802933249701273,0.871061592107287
2000,25,3,CTATCGCA,0 2 3,-0.00017031870621758705,-0.0012137082536811672,-0.0013840269598987542,-0.8769397481751032
2000,25,3,CTATCGCA,3 2 0,-0.00017031870621758705,-0.0021874836931148334,-0.0023578023993324204,-0.9277637912889517
2000,26,4,CTATCGCA,5 6 0 3,0.0002869934195625437,0.0005548530553114439,0.0008418464748739876,0.6590905490154811
2000,26,4,CTATCGCA,3 6 5 0,0.0002869934195625437,-0.0006293692685885866,-0.00034237584902604284,-0.6868124125158492
2000,26,4,CTATCGCA,6 3 0 5,0.0002869934195625437,-0.0006218938133115692,-0.0003349003937490255,-0.6842364936131805
2000,26,4,CTATCGCA,0 5 6 3,0.0002869934195625437,0.00016366161437142424,0.00045065503393396794,0.36316384384470163
2000,27,4,CTATCGCA,6 3 1 2,0.0024300502251145203,-0.007106101522488473,-0.004676051297373952,-0.7451749626650669
2000,27,4,CTATCGCA,2 1 3 6,0.0024300502251145203,0.007892267359117966,0.010322317584232486,0.7645828850658051
2000,27,4,CTATCGCA,6 2 1 3,0.0024300502251145203,0.005891738910911215,0.008321789136025735,0.7079894496972261
2000,27,4,CTATCGCA,3 2 6 1,0.0024300502251145203,0.012552988502527285,0.014983038727641805,0.8378132587596275
2000,28,4,CTATCGCA,1 6 3 2,0.0024300502251145203,-0.010293198622214561,-0.00786314839710004,-0.8090070976152725
2000,28,4,CTATCGCA,3 1 6 2,0.0024300502251145203,-0.009751584675662173,-0.007321534450547652,-0.800515263763193
2000,28,4,CTATCGCA,2 3 6 1,0.0024300502251145203,0.009929446258745145,0.012359496483859665,0.8033859851582194
2000,28,4,CTATCGCA,2 6 3 1,0.0024300502251145203,0.008279751523211587,0.010709801748326107,0.7731003540290252
2000,29,2,CGATATAT,7 2,-0.0040143444716607135,-0.052114349397650694,-0.05612869386931141,-0.9284796385783071
2000,29,2,CGATATAT,2 7,-0.0040143444716607135,0.05440726825127229,0.050392923779611576,0.9312866542952364
2000,29,2,CGATATAT,7 2,-0.0040143444716607135,-0.052114349397650694,-0.05612869386931141,-0.9284796385783071
2000,29,2,CGATATAT,7 2,-0.0040143444716607135,-0.052114349397650694,-0.05612869386931141,-0.9284796385783071
2000,30,4,CTATCGCA,1 7 6 5,-0.017005824633421485,-0.028231781763921493,-0.04523760639734298,-0.6240777090624247
2000,30,4,CTATCGCA,6 1 5 7,-0.017005824633421485,-0.03287434866639716,-0.04988017329981864,-0.6590664484823809
2000,30,4,CTATCGCA,5 6 7 1,-0.017005824633421485,0.028641838836605427,0.011636014203183942,0.6274546528632771
2000,30,4,CTATCGCA,1 6 5 7,-0.017005824633421485,-0.019297022756533,-0.036302847389954485,-0.5315567274723679
2000,31,7,CTATCGCG,3 6 0 5 4 1 2,-0.5690703640623045,-0.8894651563435172,-1.4585355204058217,-0.6098344153428866
2000,31,7,CGATCGCG,2 3 1 6 0 5 4,0.08312695245896584,-0.20629292181291703,-0.12316596935395119,-0.7127807733726128
2000,31,7,CGATCGCG,2 0 5 4 3 1 6,0.08312695245896584,-0.7165453072631749,-0.633418354804209,-0.8960487231508447
2000,31,7,CGATCGCG,0 6 4 1 2 3 5,0.08312695245896584,0.4295639712975685,0.5126909237565344,0.8378614705134881
5000,0,2,TTTAGGCC,5 4,-0.0001823514607269816,-0.0009356861621181434,-0.001118037622845125,-0.83690042535157
5000,0,2,TTTAGGCC,4 5,-0.0001823514607269816,0.0009357018519058347,0.000753350391178853,0.8369027141491344
5000,0,2,TTTAGGCC,5 4,-0.0001823514607269816,-0.0009356861621181434,-0.001118037622845125,-0.83690042535157
5000,0,2,TTTAGGCC,4 5,-0.0001823514607269816,0.0009357018519058347,0.000753350391178853,0.8369027141491344
5000,1,3,CGATATAT,6 7 2,-0.02264318481452482,-0.07771061827949954,-0.10035380309402436,-0.7743664503346249
5000,1,3,CGATATAT,6 7 2,-0.02264318481452482,-0.07771061827949954,-0.10035380309402436,-0.7743664503346249
5000,1,3,CGATATAT,6 2 7,-0.02264318481452482,0.027688853253519552,0.005045668438994733,0.550123824036029
5000,1,3,CGATATAT,7 6 2,-0.02264318481452482,-0.0916372826468177,-0.11428046746134252,-0.801863036461727
5000,2,6,CTATCGCA,7 2 0 4 3 6,-0.41310835112451805,-0.11048888313288519,-0.5235972342574032,-0.21101884407313018
5000,2,6,CTATCGCA,3 7 0 6 4 2,-0.41310835112451805,0.3664075966966349,-0.04670075442788313,0.47004502950939125
5000,2,6,CTATCGCA,2 7 0 6 3 4,-0.41310835112451805,0.4185392634148313,0.005430912290313228,0.5032651523285625
5000,2,6,TTTGGGCC,0 7 4 6 2 3,5.078466553781928,1.484800897204856,6.563267450986784,0.22622891849114227
5000,3,6,CTATCGCA,5 6 1 3 7 4,0.04725164249143571,-0.02636624474661442,0.020885397744821288,-0.3581499787049956
5000,3,6,CGATCGCG,1 3 7 6 5 4,-0.10547873637106919,0.03648252590353174,-0.06899621046753746,0.2569893034126608
5000,3,6,CTATCGCA,7 6 4 1 3 5,0.04725164249143571,-0.020638408977620593,0.026613233513815115,-0.30399754501625914
5000,3,6,CTATCGCG,3 5 1 6 7 4,0.2773660603101842,-0.23374664531827616,0.04361941499190802,-0.45732896628124914
5000,4,5,CTATCGCA,0 3 2 5 7,-0.1345020586134977,-0.2628528455628727,-0.3973549041763704,-0.6615064840025292
5000,4,5,CTATCGCA,2 3 0 5 7,-0.1345020586134977,0.1009098597911473,-0.0335921988223504,0.42865229795925325
5000,4,5,CTATCGCA,5 2 0 3 7,-0.1345020586134977,0.0977610460600884,-0.03674101255340931,0.4209064810249485
5000,4,5,CTATCGCA,3 5 7 2 0,-0.1345020586134977,0.04011365184452398,-0.09438840676897373,0.22972533078097496
5000,5,6,CGATATCT,3 1 5 4 2 7,2.2353859932879265,1.6020833162869605,3.837469309574887,0.41748433330517987
5000,5,6,CTATCGCA,4 3 7 2 5 1,-0.2286693410037119,0.10656376351676933,-0.12210557748694256,0.31787959506325775
5000,5,6,CTATCGCA,5 3 7 1 2 4,-0.2286693410037119,-0.17405083758580098,-0.40272017858951287,-0.4321880224512132
5000,5,6,CTATCGCA,7 4 2 1 3 5,-0.2286693410037119,-0.06520825337451264,-0.2938775943782245,-0.22188916277362988
5000,6,6,TTTAGGCG,6 7 3 4 5 2,2.1961812908654434,1.890638527014099,4.086819817879542,0.4626185178858857
5000,6,6,TTTAGGCC,3 2 5 7 6 4,0.04606046105284778,0.574207771728295,0.6202682327811427,0.9257410606918831
5000,6,6,TTTGGGCC,3 2 7 4 5 6,-0.35753021927061246,-0.17360095961750766,-0.5311311788881201,-0.3268513815756912
5000,6,6,TTTAGGCC,3 6 7 2 5 4,0.04606046105284778,0.5890309144627803,0.6350913755156281,0.927474277200739
5000,7,3,CTATCGCA,0 4 3,-5.6763276269355956e-06,-0.0013058705467901,-0.0013115468744170355,-0.9956720360227623
5000,7,3,CTATCGCA,3 0 4,-5.6763276269355956e-06,-0.0004918613081517087,-0.0004975376357786443,-0.9885911593038541
5000,7,3,CTATCGCA,0 4 3,-5.6763276269355956e-06,-0.0013058705467901,-0.0013115468744170355,-0.9956720360227623
5000,7,3,CTATCGCA,0 3 4,-5.6763276269355956e-06,0.000889545150525084,0.0008838688228981484,0.9936593035740685
5000,8,3,CGGTCGCG,6 7 2,4.024109287661636,1.0817863408728428,5.105895628534479,0.2118700458401933
5000,8,3,CGATCGCG,6 2 7,-0.3414279745264171,0.16965208057576064,-0.17177589395065646,0.33194815348809287
5000,8,3,CGGTCGCG,7 6 2,4.024109287661636,1.0870620259801782,5.111171313641814,0.2126835434137746
5000,8,3,CGGTCGCG,7 6 2,4.024109287661636,1.0870620259801782,5.111171313641814,0.2126835434137746
5000,9,4,CTATCGCA,2 3 5 0,0.0002267840380866526,0.0010143874893713267,0.0012411715274579793,0.8172822747947459
5000,9,4,CTATCGCA,3 2 0 5,0.0002267840380866526,-0.0025847098348692477,-0.002357925796782595,-0.9193368193798622
5000,9,4,CTATCGCA,0 3 2 5,0.0002267840380866526,-0.0004381601300935678,-0.0002113760920069152,-0.6589427369409049
5000,9,4,CTATCGCA,0 5 2 3,0.0002267840380866526,-0.0007930838629506276,-0.000566299824863975,-0.777633909395524
5000,10,3,CTATCGCA,4 6 0,0.00021936465252256343,-3.164417292067512e-05,0.0001877204796018883,-0.1260679693823392
5000,10,3,CTATCGCA,4 0 6,0.00021936465252256343,0.0005262689082177197,0.0007456335607402831,0.7058009938490794
5000,10,3,CTATCGCA,4 0 6,0.00021936465252256343,0.0005262689082177197,0.0007456335607402831,0.7058009938490794
5000,10,3,CTATCGCA,0 4 6,0.00021936465252256343,0.0005498683630524859,0.0007692330155750493,0.7148267844970555
5000,11,4,CTATCGCA,0 2 6 7,-0.038473007306212434,0.01999250220774229,-0.018480505098470143,0.3419537839308562
5000,11,4,CTATCGCA,0 6 7 2,-0.038473007306212434,-0.018528961105630515,-0.05700196841184295,-0.3250582676681893
5000,11,4,CTATCGCG,0 2 7 6,0.25279497182100696,-0.08678492253871051,0.16601004928229646,-0.2555655501994447
5000,11,4,CTATCGCA,2 7 0 6,-0.038473007306212434,0.0334476909172281,-0.005025316388984333,0.4650634899749453
5000,12,3,CTATCGCA,3 1 0,3.8019910096331877e-06,-0.00045834414347334373,-0.00045454215246371055,-0.9917731844411365
5000,12,3,CTATCGCA,3 0 1,3.8019910096331877e-06,-0.0006689061003926078,-0.0006651041093829746,-0.994348230594777
5000,12,3,CTATCGCA,0 1 3,3.8019910096331877e-06,0.0002631026297676975,0.0002669046207773307,0.985755244706666
5000,12,3,CTATCGCA,0 3 1,3.8019910096331877e-06,0.0005421717275821969,0.0005459737185918301,0.9930363113091978
5000,13,4,CTATCGCA,3 5 0 4,-1.835359523774671e-05,-0.0021597123768870574,-0.002178065972124804,-0.9915734438384151
5000,13,4,CTATCGCA,4 3 5 0,-1.835359523774671e-05,0.002355437091374313,0.002337083496136566,0.9922682335299152
5000,13,4,CTATCGCA,3 5 0 4,-1.835359523774671e-05,-0.0021597123768870574,-0.002178065972124804,-0.9915734438384151
5000,13,4,CTATCGCA,3 4 5 0,-1.835359523774671e-05,-0.001087314535688222,-0.0011056681309259686,-0.9834004483584273
5000,14,3,CTATCGCA,6 0 5,0.0001065337884416373,-0.0003887222172711535,-0.0002821884288295162,-0.7848914758977836
5000,14,3,CTATCGCA,6 5 0,0.0001065337884416373,-0.0003181671271381692,-0.0002116333386965319,-0.7491557363463741
5000,14,3,CTATCGCA,0 6 5,0.0001065337884416373,-2.8558400903877512e-05,7.797538753775979e-05,-0.211399349157307
5000,14,3,CTATCGCA,5 0 6,0.0001065337884416373,0.0004986647037508174,0.0006051984921924547,0.8239688468890645
5000,15,3,TTTGAGCG,5 7 3,-0.45352094449409974,0.23435989001545798,-0.21916105447864176,0.340698385909459
5000,15,3,TTTGAGCC,7 3 5,-0.19184877639950404,-0.028307273574836422,-0.22015604997434046,-0.1285782224841683
5000,15,3,TTTAAGCC,5 3 7,1.7694436700047602,0.10699866715322082,1.876442337157981,0.05702209177143097
5000,15,3,TTTGAGCG,7 5 3,-0.45352094449409974,0.2718811344680494,-0.18163981002605034,0.37480060004382193
5000,16,3,CTATCGCA,1 6 2,0.00042083533199424594,-0.00785112782233588,-0.007430292490341633,-0.9491250959243029
5000,16,3,CTATCGCA,1 6 2,0.00042083533199424594,-0.00785112782233588,-0.007430292490341633,-0.9491250959243029
5000,16,3,CTATCGCA,1 2 6,0.00042083533199424594,-0.00783742356890249,-0.007416588236908245,-0.9490406710367788
5000,16,3,CTATCGCA,6 1 2,0.00042083533199424594,-0.013106216643622215,-0.012685381311627969,-0.9688893535152497
5000,17,3,CTATCGCA,5 2 3,-2.3668471546889336e-05,-0.00014164535466898442,-0.00016531382621587376,-0.856827029603791
5000,17,3,CTATCGCA,5 2 3,-2.3668471546889336e-05,-0.00014164535466898442,-0.00016531382621587376,-0.856827029603791
5000,17,3,CTATCGCA,2 3 5,-2.3668471546889336e-05,6.015668723158285e-07,-2.3066904674573507e-05,0.024786399672107714
5000,17,3,CTATCGCA,5 3 2,-2.3668471546889336e-05,-6.18848666626981e-05,-8.555333820958744e-05,-0.7233483573848792
5000,18,5,CGATCGCG,7 4 2 5 6,0.9000737410462802,0.935527025920246,1.8356007669665262,0.5096571339236676
5000,18,5,CGATCGCG,2 6 5 7 4,0.9000737410462802,0.1754079051552342,1.0754816462015144,0.16309706983355415
5000,18,5,CGATATAT,5 7 6 2 4,-1.1670766494510203,0.46868524361644015,-0.6983914058345801,0.28652412408112693
5000,18,5,CGATATAG,7 5 4 6 2,1.8018344183432213,2.0954802858571395,3.897314704200361,0.5376728452538666
5000,19,6,CGGTCGCG,1 5 7 0 6 2,5.127678485276255,1.8764648841724725,7.004143369448728,0.2679078347192888
5000,19,6,CTATCGCA,0 7 5 2 1 6,-0.19149035220889477,0.05469271519694008,-0.1367976370119547,0.22216278224683372
5000,19,6,CGATCGCG,6 0 7 1 2 5,0.9666783708375841,0.6294773378293961,1.5961557086669802,0.39437088400047154
5000,19,6,CGATCGCG,0 6 1 5 2 7,0.9666783708375841,1.1101781652950216,2.0768565361326057,0.5345473536474151
5000,20,4,CTATCGCA,2 3 7 6,-0.025617535846617648,0.022551586684981473,-0.003065949161636175,0.46817516076170057
5000,20,4,CTATCGCA,2 6 7 3,-0.025617535846617648,0.039698992230510655,0.014081456383893007,0.6077939749588731
5000,20,4,CTATCGCG,7 3 2 6,0.2566827024432352,-0.03013988010891877,0.22654282233431644,-0.1050819633542569
5000,20,4,CTATCGCA,2 6 7 3,-0.025617535846617648,0.039698992230510655,0.014081456383893007,0.6077939749588731
5000,21,3,CTATCGCA,4 3 7,-0.01748723891552101,-0.01665208102799043,-0.03413931994351144,-0.4877683871718524
5000,21,3,CTATCGCA,7 3 4,-0.01748723891552101,0.010208410635692777,-0.007278828279828231,0.3685925696314057
5000,21,3,CTATCGCA,4 7 3,-0.01748723891552101,0.009655901934871869,-0.00783133698064914,0.35574003716419966
5000,21,3,CTATCGCA,3 4 7,-0.01748723891552101,-0.015269707981991454,-0.03275694689751246,-0.4661517457584249
5000,22,5,CTATCGCA,3 2 6 1 5,0.0005455591135384297,0.006202767771347872,0.006748326884886302,0.9191563890065438
5000,22,5,CTATCGCA,3 6 1 2 5,0.0005455591135384297,-0.015567252103218188,-0.015021692989679758,-0.9661412830945929
5000,22,5,CTATCGCA,2 6 1 3 5,0.0005455591135384297,0.0031095529393416754,0.003655112052880105,0.8507407965486181
5000,22,5,CTATCGCA,3 1 5 2 6,0.0005455591135384297,-0.005135623112445309,-0.004590063998906879,-0.9039708476444862
5000,23,5,CTATCGCG,1 7 3 4 6,0.17323095018489498,-0.09955091264037641,0.07368003754451857,-0.364946963882797
5000,23,5,CTATCGCA,7 1 3 6 4,-0.011211419963120833,0.01045277498953645,-0.0007586449735843825,0.4824908108692188
5000,23,5,CTATCGCA,4 6 1 7 3,-0.011211419963120833,0.0039832230736660534,-0.00722819688945478,0.2621465383571367
5000,23,5,CTATCGCA,7 4 3 6 1,-0.011211419963120833,0.012432051914876396,0.001220631951755563,0.5258132975997382
5000,24,3,CTATCGCA,5 0 1,-8.612869781904342e-05,-3.13308021053782e-05,-0.00011745949992442162,-0.26673706363076427
5000,24,3,CTATCGCA,1 0 5,-8.612869781904342e-05,0.00014608213203026743,5.995343421122401e-05,0.6290926746399592
5000,24,3,CTATCGCA,5 1 0,-8.612869781904342e-05,0.00017923115481388585,9.310245699484243e-05,0.6754267951068516
5000,24,3,CTATCGCA,5 1 0,-8.612869781904342e-05,0.00017923115481388585,9.310245699484243e-05,0.6754267951068516
5000,25,3,CTATCGCA,0 3 6,0.0004705831744006572,0.0007006941330605088,0.001171277307461166,0.5982307764327113
5000,25,3,CTATCGCA,6 0 3,0.0004705831744006572,0.00031275442307965307,0.0007833375974803103,0.39925879223167804
5000,25,3,CTATCGCA,0 3 6,0.0004705831744006572,0.0007006941330605088,0.001171277307461166,0.5982307764327113
5000,25,3,CTATCGCA,0 6 3,0.0004705831744006572,0.000530797133992067,0.0010013803083927242,0.5300654801611072
5000,26,5,CGATATCT,4 7 0 3 2,-0.03310163837569868,-0.298400453976595,-0.33150209235229366,-0.9001465175051718
5000,26,5,CGATATCT,7 3 0 4 2,-0.03310163837569868,-0.2464826103647768,-0.2795842487404755,-0.8816040655908862
5000,26,5,CGATATCT,0 2 3 4 7,-0.03310163837569868,0.1681047980773398,0.13500315970164112,0.8354841974281245
5000,26,5,CGATCTCT,7 2 3 4 0,1.4854691116014354,0.06967237672962323,1.5551414883310586,0.044801310525381194
5000,27,3,CTATCGCA,2 7 0,-0.03543300969393126,0.02813460945997681,-0.00729840023395445,0.44259341209331926
5000,27,3,CTATCGCA,7 0 2,-0.03543300969393126,-0.019968341893962904,-0.055401351587894165,-0.36043059098085645
5000,27,3,CTATCGCA,2 7 0,-0.03543300969393126,0.02813460945997681,-0.00729840023395445,0.44259341209331926
5000,27,3,CTATCGCG,0 7 2,0.27547330614751164,0.17853567637780454,0.4540089825253162,0.3932426080751588
5000,28,2,CGATCGCG,4 1,-0.3797457278489218,-0.06575502784673892,-0.4455007556956607,-0.14759801640304915
5000,28,2,CGATCGCG,1 4,-0.3797457278489218,0.05477538193897624,-0.32497034590994556,0.12605919644666663
5000,28,2,CTATCGCG,1 4,0.20991985813884506,-0.04928142545367953,0.16063843268516553,-0.19012801468665572
5000,28,2,CTATCGCG,4 1,0.20991985813884506,0.04713188888881925,0.2570517470276643,0.18335564505518356
5000,29,5,CTATCGCG,3 2 5 6 0,-0.08906104475197875,-0.07282146259246591,-0.16188250734444465,-0.4498414546886183
5000,29,5,CTATCGCG,2 6 5 0 3,-0.08906104475197875,0.1621306085181038,0.07306956376612504,0.6454458434722755
5000,29,5,CTATCGCG,3 0 5 6 2,-0.08906104475197875,-0.06796203728965455,-0.1570230820416333,-0.4328155861291464
5000,29,5,CTATCGCG,6 5 2 0 3,-0.08906104475197875,0.1544726264848384,0.06541158173285964,0.6342967923093725
5000,30,5,CTATCGCA,2 3 7 0 6,-0.16070036924724185,0.12381981118040208,-0.036880558066839764,0.4351881507817706
5000,30,5,CTATCGCA,3 2 6 0 7,-0.16070036924724185,0.08462730262352203,-0.07607306662371982,0.3449562048104497
5000,30,5,CTATCGCA,3 0 6 7 2,-0.16070036924724185,0.04245723832889858,-0.11824313091834326,0.208986701681778
5000,30,5,CTATCGCA,2 0 7 3 6,-0.16070036924724185,0.14029407831720242,-0.020406290930039428,0.4661018814546897
5000,31,7,CGATCGCG,0 5 6 1 7 4 3,-0.08347215499640948,0.3208720923701609,0.23739993737375142,0.793561660540368
5000,31,7,CTATCGCA,6 5 4 3 0 7 1,0.06549515493221553,0.06540745421179572,0.13090260914401125,0.49966501538436364
5000,31,7,CTATCGCA,4 6 7 3 1 5 0,0.06549515493221553,0.04292350569275705,0.10841866062497257,0.39590514626658535
5000,31,7,CTATCGCA,1 5 4 7 0 6 3,0.06549515493221553,0.07138573652909663,0.13688089146131216,0.5215171801337443
10000,0,6,CTATCGCA,0 1 6 4 5 7,0.11077346149852954,0.014209007107843341,0.12498246860637288,0.11368800173561959
10000,0,6,CTATCGCA,5 1 4 0 6 7,0.11077346149852954,0.04079387957629077,0.1515673410748203,0.2691468972603611
10000,0,6,CTATCGCA,1 7 0 6 5 4,0.11077346149852954,0.045438852658413076,0.15621231415694262,0.2908788138991513
10000,0,6,CTATCGCA,7 0 5 4 1 6,0.11077346149852954,-0.04278271543969314,0.0679907460588364,-0.27861279365469677
10000,1,4,CTATCGCA,5 3 0 1,0.00022828003623912713,-0.00041592655708644344,-0.0001876465208473163,-0.645641571191187
10000,1,4,CTATCGCA,5 3 1 0,0.00022828003623912713,-0.00015434764447253002,7.39323917665971e-05,-0.4033886000758117
10000,1,4,CTATCGCA,0 1 5 3,0.00022828003623912713,6.285401257866141e-05,0.00029113404881778854,0.21589371917813613
10000,1,4,CTATCGCA,3 1 0 5,0.00022828003623912713,-0.0005612576666793601,-0.00033297763044023293,-0.7108687331899398
10000,2,5,CTATCGCA,7 5 0 3 2,-0.11474342464656115,0.014361628644106617,-0.10038179600245453,0.11123986457581
10000,2,5,CTATCGCA,2 3 5 0 7,-0.11474342464656115,0.07944226741164684,-0.03530115723491431,0.4091046388105344
10000,2,5,CTATCGCA,5 2 3 7 0,-0.11474342464656115,0.07444812588800787,-0.04029529875855328,0.3935066110386612
10000,2,5,CTATCGCA,2 5 7 3 0,-0.11474342464656115,0.09254288855208515,-0.022200536094476003,0.44644958523334627
10000,3,5,TCTGGGCG,6 0 3 2 5,0.3078350567462438,0.006139833395596206,0.31397489014184,0.019555173322371416
10000,3,5,TCTGGGCG,5 3 0 6 2,0.3078350567462438,0.01593842888928787,0.32377348563553165,0.049227097327017036
10000,3,5,TCTGGGCG,5 2 0 6 3,0.3078350567462438,-0.008786770380535991,0.2990482863657078,-0.02775162552838673
10000,3,5,TCTGGGCG,3 5 2 6 0,0.3078350567462438,0.0007178716879279179,0.3085529284341717,0.002326575513546203
10000,4,1,CTATCGCG,5,-3.175435249858083e-06,0.0,-3.175435249858083e-06,0.0
10000,4,1,CTATCGCG,5,-3.175435249858083e-06,0.0,-3.175435249858083e-06,0.0
10000,4,1,CTATCGCG,5,-3.175435249858083e-06,0.0,-3.175435249858083e-06,0.0
10000,4,1,CTATCGCG,5,-3.175435249858083e-06,0.0,-3.175435249858083e-06,0.0
10000,5,7,CTATCGCA,4 6 7 2 1 3 0,-0.5088595382422237,-0.22292180542441997,-0.7317813436666437,-0.3046289815308136
10000,5,7,CTATCGCA,7 6 3 2 0 1 4,-0.5088595382422237,-0.20390829631466545,-0.7127678345568892,-0.2860795429151631
10000,5,7,CTATCGCA,1 4 2 7 6 3 0,-0.5088595382422237,0.281856572789394,-0.22700296545282972,0.3564573541086273
10000,5,7,CTATCGCG,1 7 4 0 3 6 2,0.13696439068617883,0.35354222823480264,0.49050661892098146,0.7207695362246616
10000,6,3,TTTAGGCC,1 2 6,-0.0003193273662847884,-0.0005595387791272888,-0.0008788661454120772,-0.6366598395537648
10000,6,3,TTTAGGCC,1 6 2,-0.0003193273662847884,-0.0005767018529054813,-0.0008960292191902697,-0.6436194719482915
10000,6,3,TTTAGGCC,2 1 6,-0.0003193273662847884,4.8046902323184426e-05,-0.000271280463961604,0.1307846151153704
10000,6,3,TTTAGGCC,6 1 2,-0.0003193273662847884,-0.00031255521665074504,-0.0006318825829355335,-0.49464129110618776
10000,7,3,CTATCGCG,4 7 3,0.1731083110049232,-0.11147013028526476,0.06163818071965843,-0.3917026524563657
10000,7,3,CTATCGCA,7 4 3,-0.017582966121399618,0.006259800767351775,-0.011323165354047843,0.2625450643610093
10000,7,3,CTATCGCA,3 7 4,-0.017582966121399618,-0.0009450532697752312,-0.01852801939117485,-0.05100670772318886
10000,7,3,CTATCGCA,3 4 7,-0.017582966121399618,-0.014313602822754179,-0.0318965689441538,-0.4487505489325574
10000,8,5,TTTAGGCC,5 7 0 6 1,-0.004583961868710604,-0.0038696616092801506,-0.008453623477990755,-0.4577518290653615
10000,8,5,TTTAGGCC,7 1 6 5 0,-0.004583961868710604,-0.0040950630322180714,-0.008679024900928676,-0.4718344605486603
10000,8,5,TTTAGGCC,7 1 5 6 0,-0.004583961868710604,-0.004036421217130659,-0.008620383085841263,-0.4682415128116948
10000,8,5,TTTAGGCC,7 6 0 1 5,-0.004583961868710604,-0.002326701524418162,-0.006910663393128767,-0.3366828033805826
10000,9,5,CTATCGCA,4 1 0 6 3,0.0002637340127895002,0.007746036824826774,0.008009770837616274,0.967073463381633
10000,9,5,CTATCGCA,1 3 4 0 6,0.0002637340127895002,0.0007100370053905181,0.0009737710181800183,0.7291621871408537
10000,9,5,CTATCGCA,4 0 1 6 3,0.0002637340127895002,0.006932938084062812,0.007196672096852312,0.9633533375926836
10000,9,5,CTATCGCA,0 3 1 4 6,0.0002637340127895002,0.003909946236106521,0.004173680248896021,0.9368102017735401
10000,10,5,CTATCGCA,5 0 3 1 6,0.00010484849517861973,0.006502377231152323,0.006607225726330943,0.9841312375993482
10000,10,5,CTATCGCA,0 3 1 6 5,0.00010484849517861973,0.003129622862923398,0.0032344713581020177,0.9675840396867373
10000,10,5,CTATCGCA,5 0 3 1 6,0.00010484849517861973,0.006502377231152323,0.006607225726330943,0.9841312375993482
10000,10,5,CTATCGCA,5 1 6 0 3,0.00010484849517861973,0.0051233157590449,0.005228164254223519,0.9799454473730586
10000,11,2,TTTAGGCC,3 5,-0.1558266015710199,0.05224506740209578,-0.10358153416892413,0.2510916919152804
10000,11,2,TTTAGGCC,5 3,-0.1558266015710199,-0.05366406033029292,-0.20949066190131282,-0.25616445068837035
10000,11,2,TTTAGGCC,3 5,-0.1558266015710199,0.05224506740209578,-0.10358153416892413,0.2510916919152804
10000,11,2,TTTAGGCC,3 5,-0.1558266015710199,0.05224506740209578,-0.10358153416892413,0.2510916919152804
10000,12,4,CTATCGCA,1 3 0 6,0.0002424732321710671,0.002456885761124017,0.002699358993295084,0.9101737735612994
10000,12,4,CTATCGCA,6 0 1 3,0.0002424732321710671,-0.0009932500124949506,-0.0007507767803238835,-0.8037803098568393
10000,12,4,CTATCGCA,0 3 1 6,0.0002424732321710671,0.0038729868628917252,0.004115460095062792,0.9410823512875375
10000,12,4,CTATCGCA,3 0 1 6,0.0002424732321710671,0.002059893751127806,0.002302366983298873,0.8946852374404505
10000,13,4,CTATCGCA,1 4 0 5,0.00012560785846765787,-0.00042151837194071007,-0.0002959105134730522,-0.7704225250288114
10000,13,4,CTATCGCA,1 0 5 4,0.00012560785846765787,-0.0013523543414248884,-0.0012267464829572305,-0.9150128071768073
10000,13,4,CTATCGCA,0 4 5 1,0.00012560785846765787,0.002439637111119719,0.002565244969587377,0.9510347510834951
10000,13,4,CTATCGCA,4 0 1 5,0.00012560785846765787,0.0012512637956478834,0.0013768716541155412,0.9087730086590065
10000,14,4,CGATCGCG,1 2 3 5,-0.008135274926953873,1.0836327329355675,1.0754974580086136,0.9925485314935347
10000,14,4,CGGTCGCG,3 1 5 2,4.443512796417435,1.330609481782377,5.774122278199812,0.23044359257961866
10000,14,4,CGATCGCG,1 3 2 5,-0.008135274926953873,1.0214666313871326,1.0133313564601787,0.99209862095528
10000,14,4,CGATCGCG,2 3 1 5,-0.008135274926953873,-0.36683363036369565,-0.3749689052906495,-0.9783041345237734
10000,15,5,CTATCGCA,7 5 2 1 6,-0.2229997167465435,0.20397530493810212,-0.019024411808441388,0.4777218679755787
10000,15,5,CTATCGCA,7 1 5 2 6,-0.2229997167465435,0.18221045709888006,-0.040789259647663445,0.44966900847950647
10000,15,5,CTATCGCA,1 5 7 6 2,-0.2229997167465435,-0.42633614978822276,-0.6493358665347663,-0.6565726179017345
10000,15,5,CTATCGCA,7 1 5 6 2,-0.2229997167465435,0.18171501841661541,-0.04128469832992809,0.4489953110883344
10000,16,3,CTATCGCA,7 2 4,-0.022295704089583618,0.007684824646565058,-0.01461087944301856,0.25632718869628107
10000,16,3,CTATCGCA,7 2 4,-0.022295704089583618,0.007684824646565058,-0.01461087944301856,0.25632718869628107
10000,16,3,CTATCGCA,2 4 7,-0.022295704089583618,-0.0037685714775599344,-0.026064275567143552,-0.1445876164043696
10000,16,3,CTATCGCA,7 4 2,-0.022295704089583618,0.0039747965732366275,-0.01832090751634699,0.1513026578462596
10000,17,4,TTTGGGCG,6 0 2 7,0.2655227533643003,0.2537157245597066,0.5192384779240069,0.4886304373552977
10000,17,4,TTTGGGCG,2 7 0 6,0.2655227533643003,-0.010170223694776492,0.2553525296695238,-0.036889672719509166
10000,17,4,TTTGGGCC,2 7 6 0,-0.03789733917901561,0.015003656511120678,-0.022893682667894932,0.2836176581439695
10000,17,4,TTTGGGCG,2 7 6 0,0.2655227533643003,-0.00985278143661139,0.2556699719276889,-0.035779436411207184
10000,18,2,TTTAGGCC,7 6,-0.007822511448345448,0.0023515183498888925,-0.005470993098456556,0.23112949308414532
10000,18,2,TTTAGGCC,6 7,-0.007822511448345448,-0.002375584464397007,-0.010198095912742455,-0.23294392254427904
10000,18,2,TTTAGGCC,7 6,-0.007822511448345448,0.0023515183498888925,-0.005470993098456556,0.23112949308414532
10000,18,2,TTTAGGCC,7 6,-0.007822511448345448,0.0023515183498888925,-0.005470993098456556,0.23112949308414532
10000,19,4,TTTGCGCG,5 3 2 4,-0.36344604790656954,-1.4133141766444273,-1.7767602245509968,-0.7954445158752833
10000,19,4,TTTGGGCG,3 4 5 2,1.158642479691021,-1.767624112135561,-0.6089816324445398,-0.6040543664315308
10000,19,4,TTTAGGCG,3 2 5 4,3.443772145077863,0.7703066352824877,4.214078780360351,0.18279360102912404
10000,19,4,TTTGCGCG,4 2 3 5,-0.36344604790656954,0.41791696768544906,0.05447091977887952,0.5348563463408927
10000,20,4,CTATCGCA,5 2 1 4,-7.248935727604405e-05,0.011973028692528587,0.011900539335252543,0.9939820473493691
10000,20,4,CTATCGCA,1 5 2 4,-7.248935727604405e-05,-0.009230532756982157,-0.009303022114258201,-0.9922079775382944
10000,20,4,CTATCGCA,2 1 4 5,-7.248935727604405e-05,0.015275174416848003,0.015202685059571959,0.9952768474509938
10000,20,4,CTATCGCA,2 5 4 1,-7.248935727604405e-05,0.015933717169110295,0.01586122781183425,0.9954711719384262
10000,21,5,CGATCGCG,1 4 2 3 0,-0.171461578173022,0.7724970052786082,0.6010354271055862,0.8183590030549175
10000,21,5,CGATCGCG,3 1 4 2 0,-0.171461578173022,0.8506890486587215,0.6792274704856995,0.8322540986894622
10000,21,5,CTATCGCG,2 0 4 1 3,-0.45355852653298423,0.5146954618117396,0.06113693527875541,0.5315707118249375
10000,21,5,CTATCGCG,4 2 1 3 0,-0.45355852653298423,0.6343183647943951,0.18075983826141084,0.5830791791343484
10000,22,3,TTTAGGCC,0 6 4,-0.020059807073965208,-0.04718622316510368,-0.06724603023906889,-0.7016952970658664
10000,22,3,TTTAGGCC,0 6 4,-0.020059807073965208,-0.04718622316510368,-0.06724603023906889,-0.7016952970658664
10000,22,3,TTTAGGCC,6 0 4,-0.020059807073965208,0.004696583851123481,-0.015363223222841726,0.18971197640783158
10000,22,3,TTTAGGCC,4 6 0,-0.020059807073965208,0.030975888759267267,0.01091608168530206,0.6069455555281558
10000,23,2,CAATCTAT,0 5,0.022849427311007142,-0.03321602305611093,-0.01036659574510379,-0.5924508380582252
10000,23,2,CAATCTAT,5 0,0.022849427311007142,0.0341721540219615,0.05702158133296864,0.5992845730183898
10000,23,2,CAATCTAT,5 0,0.022849427311007142,0.0341721540219615,0.05702158133296864,0.5992845730183898
10000,23,2,CAATCTAT,0 5,0.022849427311007142,-0.03321602305611093,-0.01036659574510379,-0.5924508380582252
10000,24,6,CTATCGCA,0 7 3 6 2 1,-0.37786939446246015,-0.42644896546611744,-0.8043183599285776,-0.5301992180111188
10000,24,6,CTATCGCA,7 2 6 1 3 0,-0.37786939446246015,-0.18642531395020523,-0.5642947084126654,-0.3303687083556231
10000,24,6,CGGTCGCG,0 6 3 7 1 2,5.010869820727622,1.0167306936245204,6.027600514352143,0.16867917693012546
10000,24,6,CTATCGCA,7 0 6 2 3 1,-0.37786939446246015,-0.20160400873468642,-0.5794734031971466,-0.3479089939630885
10000,25,7,TTTACGCC,4 0 3 1 6 7 5,3.1095687106659846,0.9242481591609693,4.033816869826953,0.2291249674903111
10000,25,7,TTTTCGCG,4 7 0 3 1 6 5,2.1471650247560845,-0.3580520136569696,1.789113011099115,-0.14292255248422706
10000,25,7,TTTGCGCG,6 5 3 4 1 0 7,-0.34922153684561597,-0.39443014236667295,-0.7436516792122889,-0.5303963581235667
10000,25,7,TGTGGGCG,0 3 7 6 5 1 4,0.10039710373394994,0.7625715970985159,0.8629687008324658,0.8836607820919791
10000,26,4,CTATCGCA,1 7 6 0,-0.01363759154269148,-0.0026590685547729365,-0.016296660097464416,-0.16316647330618736
10000,26,4,CTATCGCA,7 6 0 1,-0.01363759154269148,0.0012317800037395799,-0.0124058115389519,0.08284008506299187
10000,26,4,CTATCGCA,1 7 6 0,-0.01363759154269148,-0.0026590685547729365,-0.016296660097464416,-0.16316647330618736
10000,26,4,CTATCGCA,7 0 1 6,-0.01363759154269148,0.007548870436015598,-0.006088721106675882,0.35630632635134646
10000,27,2,TTTGCGCG,2 7,-0.09808449389690688,-0.12064307563202281,-0.2187275695289297,-0.5515677602592577
10000,27,2,TTTGCGCG,7 2,-0.09808449389690688,0.11510953103464228,0.0170250371377354,0.539928504429713
10000,27,2,TTTGCGCG,2 7,-0.09808449389690688,-0.12064307563202281,-0.2187275695289297,-0.5515677602592577
10000,27,2,TTTGCGCC,2 7,2.548910949123855,0.5551763705301901,3.104087319654045,0.17885333541199006
10000,28,7,CGGTCGCG,7 4 0 3 1 6 2,4.591377232965552,2.294045623053835,6.885422856019387,0.33317425393101746
10000,28,7,TTTAGGCC,0 4 1 6 2 7 3,4.94203996846691,0.6759454414301036,5.617985409897013,0.1203181197728484
10000,28,7,CTATCGCA,0 7 1 4 2 6 3,-0.5088595382422237,-1.6342849630763965,-2.1431445013186203,-0.762564055793188
10000,28,7,TATGCGCG,4 0 7 1 3 2 6,3.9564828797709737,2.0241700303600503,5.980652910131024,0.3384530185544081
10000,29,6,TTTGGGCC,2 3 7 0 5 1,0.09010704070919195,0.09785654861558246,0.18796358932477442,0.5206143858345896
10000,29,6,TGTGGGCG,2 1 7 3 0 5,0.2526770140246293,0.5915182351972659,0.8441952492218951,0.7006888936445393
10000,29,6,TTTGGGCC,0 1 7 5 2 3,0.09010704070919195,0.24366365379067734,0.3337706944998693,0.730033096991302
10000,29,6,TTTAGGCC,7 1 3 0 2 5,-0.26242041770941926,-0.15819719067054283,-0.4206176083799621,-0.37610691402067137
10000,30,4,CTATCGCA,0 6 1 2,-0.00403402914227953,-0.015530954246846473,-0.019564983389126003,-0.7938138222738488
10000,30,4,CTATCGCA,2 6 0 1,-0.00403402914227953,0.005778388676058288,0.0017443595337787582,0.5888853066630955
10000,30,4,CTATCGCA,2 0 1 6,-0.00403402914227953,0.012095479108334306,0.008061449966054776,0.7498975740859298
10000,30,4,CTATCGCA,0 6 1 2,-0.00403402914227953,-0.015530954246846473,-0.019564983389126003,-0.7938138222738488
10000,31,7,CTATCGCA,5 6 4 3 2 0 1,-0.00611718780140234,-0.021303943795448532,-0.027421131596850872,-0.7769170181837114
10000,31,7,CTATCGCA,3 6 2 0 5 1 4,-0.00611718780140234,-0.0005338719580159079,-0.006651059759418248,-0.08026870563896488
10000,31,7,CTATCGCA,4 5 0 2 1 6 3,-0.00611718780140234,0.025351026796140985,0.019233838994738645,0.8056074079944815
10000,31,7,CTATCGCA,1 4 3 2 5 0 6,-0.00611718780140234,0.0666539353464195,0.06053674754501716,0.9159393515340372
15000,0,2,CTATCGCG,7 0,0.23886763656742804,-0.04146467814470611,0.19740295842272193,-0.14791258791297426
15000,0,2,CTATCGCA,0 7,-0.020600287818113294,0.0009508260809358848,-0.01964946173717741,0.044119579405027164
15000,0,2,CTATCGCA,0 7,-0.020600287818113294,0.0009508260809358848,-0.01964946173717741,0.044119579405027164
15000,0,2,CTATCGCA,7 0,-0.020600287818113294,-0.0009274414224076377,-0.021527729240520932,-0.043081247076535385
15000,1,3,TTTGCGCG,3 2 1,-0.052479672956199735,-0.09162584560766374,-0.14410551856386347,-0.6358246826408509
15000,1,3,TTTGCGCG,1 3 2,-0.052479672956199735,0.13719270171219722,0.08471302875599748,0.7233140933256642
15000,1,3,TCTGCGCG,2 1 3,0.4563709014666082,-0.08133023090371871,0.3750406705628895,-0.15125545773949522
15000,1,3,TCTGCGCG,3 1 2,0.4563709014666082,-0.09521602000344975,0.36115488146315844,-0.17262196817445463
15000,2,5,TTTGCGCG,7 6 3 5 2,-0.3662778802653546,0.5849035393043058,0.2186256590389512,0.6149232178746002
15000,2,5,TTTACGCC,2 6 5 3 7,4.580273939822953,0.48877464622358247,5.069048586046535,0.09642335004817715
15000,2,5,TTTGCGCG,2 3 7 6 5,-0.3662778802653546,-0.2040462992976737,-0.5703241795630283,-0.3577724855607738
15000,2,5,TTTGCGCG,6 2 7 3 5,-0.3662778802653546,0.37994265213414646,0.013664771868791836,0.5091559875904595
15000,3,4,CTATCGCA,0 1 6 5,0.0011559027720733708,0.00038369610626798334,0.0015395988783413542,0.24921822928407697
15000,3,4,CTATCGCA,6 0 1 5,0.0011559027720733708,-0.003500997646939119,-0.0023450948748657482,-0.7517870969810251
15000,3,4,CTATCGCA,0 6 5 1,0.0011559027720733708,-0.0019235497671852286,-0.0007676469951118578,-0.6246401731030857
15000,3,4,CTATCGCA,0 6 1 5,0.0011559027720733708,-0.0020169588439111763,-0.0008610560718378055,-0.6356907700449169
15000,4,2,CTATCGCA,3 0,-7.609800330010685e-05,-0.0003227680976655156,-0.00039886610096562247,-0.8092141620561893
15000,4,2,CTATCGCA,3 0,-7.609800330010685e-05,-0.0003227680976655156,-0.00039886610096562247,-0.8092141620561893
15000,4,2,CTATCGCA,0 3,-7.609800330010685e-05,0.00032291102938108995,0.0002468130260809831,0.8092825047374098
15000,4,2,CTATCGCA,3 0,-7.609800330010685e-05,-0.0003227680976655156,-0.00039886610096562247,-0.8092141620561893
15000,5,3,CTATCGCA,3 0 5,-0.00010756364097211368,-0.000524166483236943,-0.0006317301242090567,-0.8297316577917092
15000,5,3,CTATCGCA,3 0 5,-0.00010756364097211368,-0.000524166483236943,-0.0006317301242090567,-0.8297316577917092
15000,5,3,CTATCGCA,3 5 0,-0.00010756364097211368,-0.00041119268390454877,-0.0005187563248766625,-0.7926509310557561
15000,5,3,CTATCGCA,3 0 5,-0.00010756364097211368,-0.000524166483236943,-0.0006317301242090567,-0.8297316577917092
15000,6,5,CGGTCGCG,2 7 6 5 3,3.3862349831274594,-3.0803771151717,0.3058578679557593,-0.4763509962166893
15000,6,5,CGATCGCA,5 7 3 2 6,-0.6755103472580766,-2.0585507718565124,-2.734061119114589,-0.7529278542694624
15000,6,5,CGATCGCG,3 7 6 2 5,-0.23561865183572211,0.5973737257066851,0.361755073870963,0.7171418872632758
15000,6,5,CGGTCGCG,5 7 6 3 2,3.3862349831274594,0.6799700865860814,4.066205069713541,0.16722474025000034
15000,7,3,CGATATAT,4 7 0,-0.055868292548679116,-0.07007343097572094,-0.12594172352440006,-0.5563956805954371
15000,7,3,CGATATAT,7 4 0,-0.055868292548679116,0.12975255251879925,0.07388425997012013,0.699019296413776
15000,7,3,CGATATAT,4 0 7,-0.055868292548679116,-0.06692737837229434,-0.12279567092097346,-0.5450304385352983
15000,7,3,CGATATAT,7 0 4,-0.055868292548679116,0.06510041506598863,0.00923212251730951,0.5381591351158244
15000,8,5,CTATCGCA,6 7 3 5 1,-0.018312146987845362,0.05106908342963301,0.03275693644178765,0.7360648279418204
15000,8,5,CTATCGCA,5 6 1 3 7,-0.018312146987845362,-0.03579058448599959,-0.05410273147384495,-0.6615300838055088
15000,8,5,CTATCGCG,7 1 3 5 6,0.12078115649279919,-0.10032760637911409,0.020453550113685104,-0.45374776230480357
15000,8,5,CTATCGCA,1 3 6 5 7,-0.018312146987845362,-0.030930491694340034,-0.0492426386821854,-0.6281241729137845
15000,9,3,CTATCGCC,2 6 0,0.17097721034333968,0.09669920122621889,0.26767641156955857,0.36125410027431787
15000,9,3,CTATCGCC,6 2 0,0.17097721034333968,0.09757790099036256,0.26855511133370225,0.3633440469845083
15000,9,3,CTATCGCC,2 0 6,0.17097721034333968,-0.2108005570036049,-0.03982334666026521,-0.552155141113908
15000,9,3,ATATCGCC,2 0 6,-0.5880226226165135,-0.16540668109048662,-0.7534293037070001,-0.2195384228840817
15000,10,5,TCTGCGGC,3 7 5 6 2,0.24787122037104115,-0.6543790077141285,-0.40650778734308735,-0.7252744165029539
15000,10,5,TCTGCGGC,2 7 5 3 6,0.24787122037104115,-0.4348127865143443,-0.18694156614330315,-0.6369166146107539
15000,10,5,TCTGCGGC,3 2 5 6 7,0.24787122037104115,0.12939898397034533,0.3772702043413865,0.3429875523730838
15000,10,5,TCTGCGCG,5 7 2 3 6,-0.18674637293870777,0.8072858111003338,0.620539438161626,0.8121324682065092
15000,11,4,CTATCGCA,3 6 1 0,0.0016211688753865819,-0.0013881219128113464,0.00023304696257523544,-0.4612787565280801
15000,11,4,CTATCGCA,6 1 0 3,0.0016211688753865819,-0.0007549507980972869,0.000866218077289295,-0.3177242318735476
15000,11,4,CTATCGCA,0 1 3 6,0.0016211688753865819,0.0009438455409447322,0.002565014416331314,0.36796890299536583
15000,11,4,CTATCGCA,6 1 3 0,0.0016211688753865819,-0.0014006299251438925,0.00022053895024268938,-0.46350866407717584
15000,12,3,CTATCGCA,5 7 0,-0.018627335024950814,-0.003205999229947576,-0.02183333425489839,-0.14683965318894424
15000,12,3,CTATCGCG,7 5 0,0.21618335568562763,-0.05671149910688955,0.15947185657873808,-0.2078144681401468
15000,12,3,CTATCGCA,5 0 7,-0.018627335024950814,-0.0013277317266040534,-0.019955066751554867,-0.06653607041933841
15000,12,3,CTATCGCA,5 7 0,-0.018627335024950814,-0.003205999229947576,-0.02183333425489839,-0.14683965318894424
15000,13,4,CTATCGCA,4 7 5 1,-0.014246006370164876,0.0211194098162526,0.0068734034460877225,0.5971769059616996
15000,13,4,CTATCGCA,1 5 7 4,-0.014246006370164876,-0.006294528327329019,-0.020540534697493895,-0.30644422942393024
15000,13,4,CTATCGCA,1 7 4 5,-0.014246006370164876,-0.009060665373239019,-0.023306671743403895,-0.38875844105897744
15000,13,4,CTATCGCA,5 4 1 7,-0.014246006370164876,-0.019844228553905552,-0.03409023492407043,-0.5821088824440439
15000,14,6,CTATCGCG,0 3 4 6 1 5,0.05738276367952366,0.026063649633965902,0.08344641331348956,0.31233996284598337
15000,14,6,CTATCGCG,5 4 1 6 3 0,0.05738276367952366,0.14186407625977626,0.19924683993929992,0.7120016372806456
15000,14,6,CGATCGCG,0 1 4 6 5 3,-0.0850028803858317,0.03418431115790721,-0.05081856922792449,0.28681195282097377
15000,14,6,CGATCGCG,0 4 1 5 3 6,-0.0850028803858317,0.04369261548641301,-0.04131026489941869,0.3395038434739505
15000,15,4,TTTGGGCG,4 5 6 0,1.995975999746435,-0.9677661627633243,1.0282098369831107,-0.3265352077536325
15000,15,4,TTTGGGCG,6 4 5 0,1.995975999746435,-0.9001765923380263,1.0957994074084088,-0.3108180814775847
15000,15,4,TTTGGGCG,6 0 5 4,1.995975999746435,0.9768640412008276,2.9728400409472626,0.3285962338187428
15000,15,4,TTTGCGCG,6 5 4 0,-0.2043070530361511,0.049952644595137485,-0.1543544084410136,0.19646308502881832
15000,16,3,CGATCGCG,4 0 6,-0.0027810599251005264,-0.013350909681747236,-0.016131969606847762,-0.8276056803429626
15000,16,3,CGATCGCG,0 6 4,-0.0027810599251005264,-0.009962157685066142,-0.012743217610166668,-0.7817615605275572
15000,16,3,CGATCGCG,6 4 0,-0.0027810599251005264,0.014877986144285149,0.012096926219184623,0.8425135811881783
15000,16,3,CGATCGCG,0 4 6,-0.0027810599251005264,-0.012057252246875816,-0.014838312171976342,-0.8125757233795876
15000,17,1,CTATCGCA,1,-0.00010476790250635304,0.0,-0.00010476790250635304,0.0
15000,17,1,CTATCGCA,1,-0.00010476790250635304,0.0,-0.00010476790250635304,0.0
15000,17,1,CTATCGCA,1,-0.00010476790250635304,0.0,-0.00010476790250635304,0.0
15000,17,1,CTATCGCA,1,-0.00010476790250635304,0.0,-0.00010476790250635304,0.0
15000,18,4,TGTGGGCG,0 5 2 1,-0.12296770809944968,-0.20959391776259517,-0.33256162586204485,-0.6302408379779215
15000,18,4,TGTGGGCG,2 0 1 5,-0.12296770809944968,-0.015633503078872568,-0.13860121117832225,-0.11279485183400552
15000,18,4,TGTGGGCG,1 5 0 2,-0.12296770809944968,0.0990386319616845,-0.02392907613776518,0.4461072234892576
15000,18,4,TGTGGGCG,1 0 2 5,-0.12296770809944968,0.09902879726782876,-0.02393891083162092,0.4460826854188187
15000,19,6,CGGTCGCG,6 2 0 7 5 4,4.253686038713065,-3.2280593163370046,1.0256267223760602,-0.43145805733124976
15000,19,6,CGATATAT,4 7 0 5 6 2,-1.2217700021021771,-3.549755124238203,-4.77152512634038,-0.7439456002531335
15000,19,6,CGATCGCG,6 0 2 7 5 4,0.8059412968586536,0.4323104817327792,1.2382517785914327,0.3491297078729432
15000,19,6,CGATATAG,0 7 5 4 6 2,1.4876495470809377,2.2159235160841733,3.703573063165111,0.5983204538674397
15000,20,3,ATGTCGCG,7 6 5,1.2207004746791803,0.08133985033670776,1.302040325015888,0.06247106850221035
15000,20,3,ATGTCGCC,6 7 5,-0.03613725454009528,-0.009340471169942743,-0.045477725710038025,-0.20538562613039987
15000,20,3,ATGTCGCC,5 7 6,-0.03613725454009528,0.008245085480374614,-0.027892169059720667,0.18577401454208678
15000,20,3,ATGTCGCC,6 5 7,-0.03613725454009528,-0.010497993378529413,-0.046635247918624695,-0.2251085573051459
15000,21,4,CTATCGCA,3 7 6 2,-0.020027909062608373,-0.01539463344080172,-0.03542254250341009,-0.4345999003126242
15000,21,4,CTATCGCA,7 3 6 2,-0.020027909062608373,-0.004854246677051144,-0.024882155739659517,-0.19508947407293933
15000,21,4,CTATCGCG,3 7 6 2,0.20314892028976095,-0.05021604955523662,0.15293287073452433,-0.19819649727410052
15000,21,4,CTATCGCA,6 7 3 2,-0.020027909062608373,-0.0029734380309589525,-0.023001347093567326,-0.12927234300075058
15000,22,4,CTATCGCA,6 4 3 0,0.0002476981122084207,-0.0011192415331073846,-0.0008715434208989639,-0.8187936731096896
15000,22,4,CTATCGCA,6 4 3 0,0.0002476981122084207,-0.0011192415331073846,-0.0008715434208989639,-0.8187936731096896
15000,22,4,CTATCGCA,4 6 0 3,0.0002476981122084207,0.002406844070772962,0.002654542182981383,0.9066889523186161
15000,22,4,CTATCGCA,4 3 6 0,0.0002476981122084207,0.002015608737618635,0.0022633068498270556,0.8905592000362885
15000,23,4,CGATCGCG,1 7 2 3,1.0682178786110614,1.4720100999106944,2.540227978521756,0.5794795240257556
15000,23,4,CTATCGCA,7 1 2 3,-0.26495480241880287,0.10846589729776523,-0.15648890512103764,0.29046567954077657
15000,23,4,CGGTCGCG,3 1 7 2,5.741814221449792,1.7586257137128594,7.500439935162651,0.23446967496776874
15000,23,4,CTATCGCA,3 7 1 2,-0.26495480241880287,0.053195782316879825,-0.21175902010192305,0.16720315746417538
15000,24,7,CTATCGCA,4 7 6 0 5 3 2,-0.33012300304718495,0.1529230023530026,-0.17720000069418235,0.3165806168427187
15000,24,7,CTATCGCG,5 7 2 3 0 4 6,-0.05410917619471034,0.8341814197688588,0.7800722435741485,0.9390861769328812
15000,24,7,TTTGCGCG,0 3 5 2 6 4 7,4.650310167319184,0.0647414122346941,4.715051579553878,0.013730796183743914
15000,24,7,CTATCGCA,2 7 0 3 4 6 5,-0.33012300304718495,0.39979256938617524,0.0696695663389903,0.5477244005815145
15000,25,4,CTATCGCA,7 1 3 4,-0.009473852424557672,0.036464414947355195,0.026990562522797523,0.7937699228432354
15000,25,4,CTATCGCA,1 7 4 3,-0.009473852424557672,-0.015759621889932518,-0.02523347431449019,-0.6245521997294934
15000,25,4,CTATCGCA,7 3 1 4,-0.009473852424557672,0.036270032220878434,0.026796179796320763,0.7928935747807574
15000,25,4,CTATCGCA,4 7 1 3,-0.009473852424557672,0.05046377138084246,0.04098991895628479,0.8419381379662882
15000,26,2,CTATCGCA,7 1,-0.017167914196502765,0.02206241911224882,0.004894504915746056,0.5623816381730076
15000,26,2,CTATCGCA,7 1,-0.017167914196502765,0.02206241911224882,0.004894504915746056,0.5623816381730076
15000,26,2,CTATCGCA,1 7,-0.017167914196502765,-0.021324790767916935,-0.0384927049644197,-0.5539956411904091
15000,26,2,CTATCGCA,1 7,-0.017167914196502765,-0.021324790767916935,-0.0384927049644197,-0.5539956411904091
15000,27,4,CTATCGCA,5 0 1 6,0.0011559027720733708,0.0025763424349625197,0.0037322452070358905,0.690292918082042
15000,27,4,CTATCGCA,1 5 0 6,0.0011559027720733708,0.001853409914814641,0.003009312686888012,0.6158914369019219
15000,27,4,CTATCGCA,5 0 6 1,0.0011559027720733708,0.0010790224190477815,0.0022349251911211523,0.4828002401755957
15000,27,4,CTATCGCA,1 5 0 6,0.0011559027720733708,0.001853409914814641,0.003009312686888012,0.6158914369019219
15000,28,2,CTTTGGCA,6 7,-0.032901790554090926,0.004200165336713413,-0.028701625217377513,0.11320603552748057
15000,28,2,CTTTGGCA,7 6,-0.032901790554090926,-0.00407559770083199,-0.036977388254922916,-0.11021864693998211
15000,28,2,CTTTGGCA,6 7,-0.032901790554090926,0.004200165336713413,-0.028701625217377513,0.11320603552748057
15000,28,2,CTTTGGCA,6 7,-0.032901790554090926,0.004200165336713413,-0.028701625217377513,0.11320603552748057
15000,29,5,TTTGCGCG,7 6 4 3 2,-0.38246343262355165,1.012873647292495,0.6304102146689434,0.7258988970274026
15000,29,5,TTTAGGCC,3 2 7 6 4,-0.0015273258959415115,0.5690492219737457,0.5675218960778042,0.9973231884457152
15000,29,5,TTTACGCC,6 4 3 7 2,3.9562757930543446,1.7663238077703332,5.722599600824678,0.308657591126206
15000,29,5,TTTGCGCG,2 7 4 6 3,-0.38246343262355165,0.8759889727143539,0.4935255400908023,0.6960843087896862
15000,30,3,CTATCGCG,5 1 4,0.12653548434332706,-0.08224170522793162,0.04429377911539545,-0.3939209326307237
15000,30,3,CTATCGCG,5 4 1,0.12653548434332706,0.09055412891735881,0.21708961326068588,0.41712787432450515
15000,30,3,CTATCGCG,1 4 5,0.12653548434332706,-0.07615710199728443,0.05037838234604264,-0.37572712141186776
15000,30,3,CTATCGCG,4 5 1,0.12653548434332706,0.08569636574044392,0.212231850083771,0.40378654620698223
15000,31,5,CTATCGCA,2 0 1 4 7,-0.22209141283623146,0.18508246386046778,-0.03700894897576368,0.4545538760050029
15000,31,5,CTATCGCA,0 7 2 1 4,-0.22209141283623146,0.04121804377793126,-0.1808733690583002,0.15653841038580552
15000,31,5,CTATCGCA,7 0 1 2 4,-0.22209141283623146,-0.05612826471768528,-0.27821967755391674,-0.2017408157868635
15000,31,5,CTATCGCA,7 1 2 0 4,-0.22209141283623146,-0.059134945357058655,-0.2812263581932901,-0.2102752591789939
20000,0,2,TTTAGGCC,5 6,-2.3323168082067802e-05,4.529476095216367e-05,2.197159287009587e-05,0.6601009617991741
20000,0,2,TTTAGGCC,5 6,-2.3323168082067802e-05,4.529476095216367e-05,2.197159287009587e-05,0.6601009617991741
20000,0,2,TTTAGGCC,5 6,-2.3323168082067802e-05,4.529476095216367e-05,2.197159287009587e-05,0.6601009617991741
20000,0,2,TTTAGGCC,5 6,-2.3323168082067802e-05,4.529476095216367e-05,2.197159287009587e-05,0.6601009617991741
20000,1,2,CTATCGCA,2 0,-0.0002807017075450169,-0.0012122857532711473,-0.0014929874608161642,-0.8119865605625602
20000,1,2,CTATCGCA,2 0,-0.0002807017075450169,-0.0012122857532711473,-0.0014929874608161642,-0.8119865605625602
20000,1,2,CTATCGCA,0 2,-0.0002807017075450169,0.0012157329893772717,0.0009350312818322548,0.8124196744954291
20000,1,2,CTATCGCA,2 0,-0.0002807017075450169,-0.0012122857532711473,-0.0014929874608161642,-0.8119865605625602
20000,2,3,CGGTCGCG,6 3 2,3.7893039245881126,1.0714425938613916,4.8607465184495044,0.2204275803715771
20000,2,3,CGATCGCG,2 6 3,-0.3470010072583596,0.37509458184405964,0.028093574585700054,0.519452808609883
20000,2,3,CGATCGCG,3 2 6,-0.3470010072583596,0.3781784442788376,0.031177437020478038,0.5214963599384882
20000,2,3,CGATCGCG,2 3 6,-0.3470010072583596,0.37727758467037353,0.03027657741201395,0.5209011958584806
20000,3,4,CTATCGCA,0 7 3 4,-0.020193263257077668,0.0055954038389383065,-0.014597859418139361,0.21697142462251282
20000,3,4,CTATCGCA,4 7 3 0,-0.020193263257077668,-0.0016556783329950697,-0.021848941590072737,-0.07577842277482869
20000,3,4,CTATCGCA,7 0 4 3,-0.020193263257077668,0.017106756341504603,-0.0030865069155730646,0.45862593439910176
20000,3,4,CTATCGCA,0 3 4 7,-0.020193263257077668,-0.024572786217490705,-0.04476604947456837,-0.5489156739517639
20000,4,5,CGATCGCG,7 0 4 1 2,1.1550176354471833,-1.3803339458898671,-0.22531631044268385,-0.5444349241543573
20000,4,5,CGATCGCG,2 7 1 0 4,1.1550176354471833,-1.297990535109272,-0.1429728996620887,-0.5291423610769417
20000,4,5,CTATCGCA,2 0 1 7 4,-0.22820359100625665,0.20800718501140825,-0.0201964059948484,0.47685017529916485
20000,4,5,CGATCGCG,1 0 2 4 7,1.1550176354471833,0.8495797568613521,2.0045973923085354,0.42381565501437607
20000,5,4,TTTAGGCC,6 3 5 0,-0.10421608331306687,0.04371373846768156,-0.0605023448453853,0.2955032186307309
20000,5,4,TTTAGGCC,6 0 3 5,-0.10421608331306687,-0.0043569703286494565,-0.10857305364171632,-0.04012938922236784
20000,5,4,TTTAGGCC,5 6 3 0,-0.10421608331306687,-0.01513951303579697,-0.11935559634886383,-0.12684376350100726
20000,5,4,TTTAGGCC,3 6 5 0,-0.10421608331306687,0.10170327655921474,-0.002512806753852126,0.49389856603232773
20000,6,5,CTATCGCA,2 5 1 6 3,-0.0014539715554179374,0.009610998899555412,0.008157027344137474,0.868596887688532
20000,6,5,CTATCGCA,6 2 5 3 1,-0.0014539715554179374,-0.0013176931464808916,-0.002771664701898829,-0.4754157837267106
20000,6,5,CTATCGCA,1 3 2 5 6,-0.0014539715554179374,-0.0055581948685325955,-0.007012166423950533,-0.7926501643697733
20000,6,5,CTATCGCA,1 3 2 6 5,-0.0014539715554179374,-0.0056947700972127535,-0.007148741652630691,-0.7966115400347576
20000,7,4,CTATCGCA,2 5 0 7,-0.030232264864161917,0.0185821921315954,-0.011650072732566519,0.38066985223681704
20000,7,4,CTATCGCA,5 7 0 2,-0.030232264864161917,-0.01934036465876776,-0.04957262952292968,-0.390141996599594
20000,7,4,CTATCGCA,0 2 5 7,-0.030232264864161917,0.0026207536850568758,-0.02761151117910504,0.0797720818600151
20000,7,4,CTATCGCG,2 7 0 5,0.2571287204090851,-0.12984769748097413,0.12728102292811094,-0.33554421271702434
20000,8,4,CTATCGCA,4 7 1 6,-0.017261460528507577,0.02452593700063188,0.007264476472124304,0.5869218580441459
20000,8,4,CTATCGCA,1 4 7 6,-0.017261460528507577,-0.012616111607443248,-0.029877572135950825,-0.42226026766956215
20000,8,4,CTATCGCA,1 6 7 4,-0.017261460528507577,-0.004572574916622774,-0.02183403544513035,-0.20942417759253917
20000,8,4,CTATCGCA,1 7 6 4,-0.017261460528507577,0.010470370549497954,-0.0067910899790096235,0.37755785112228446
20000,9,8,ATATCGCC,3 1 7 5 2 4 0 6,1.4253153722764305,-1.4717020240534993,-0.0463866517770688,-0.5080059325559856
20000,9,8,CTATCGCC,0 2 3 4 5 6 1 7,1.8174153584695523,-2.452754151888467,-0.6353387934189145,-0.5743926900182525
20000,9,8,CGGTCGCG,3 0 4 5 1 7 6 2,4.2832728301303025,3.4159798147542144,7.699252644884517,0.4436768050498818
20000,9,8,CTATCGCA,6 4 2 0 5 3 7 1,-0.35854971868356866,0.5574714185932681,0.19892169990969943,0.6085792083908987
20000,10,4,TTTAGGCC,2 7 6 1,-0.0030218313893340468,-0.00035898690279623224,-0.003380818292130279,-0.10618343601366162
20000,10,4,TTTAGGCC,6 7 2 1,-0.0030218313893340468,0.0088204018685758,0.005798570479241753,0.7448258851584723
20000,10,4,TTTAGGCC,2 7 1 6,-0.0030218313893340468,-0.0009724372663697523,-0.003994268655703799,-0.24345815221545397
20000,10,4,TTTAGGCC,6 2 1 7,-0.0030218313893340468,-0.0031016790834144103,-0.006123510472748457,-0.5065197646379238
20000,11,1,CTATCGCA,2,-3.38976368539079e-05,0.0,-3.38976368539079e-05,0.0
20000,11,1,CTATCGCA,2,-3.38976368539079e-05,0.0,-3.38976368539079e-05,0.0
20000,11,1,CTATCGCA,2,-3.38976368539079e-05,0.0,-3.38976368539079e-05,0.0
20000,11,1,CTATCGCA,2,-3.38976368539079e-05,0.0,-3.38976368539079e-05,0.0
20000,12,3,CGATCTAT,5 1 7,-0.2839990086012396,-0.08769069737780133,-0.37168970597904094,-0.23592447131895034
20000,12,3,CAATCTAT,7 1 5,0.11127348157026329,0.04606384462470703,0.15733732619497032,0.29277124340873395
20000,12,3,CAATCTAT,7 5 1,0.11127348157026329,0.1029927586650341,0.2142662402352974,0.4806765571278619
20000,12,3,CAATCTAT,1 5 7,0.11127348157026329,-0.08590194857885547,0.02537153299140782,-0.4356625392620673
20000,13,4,CGGTCGCG,1 4 3 2,4.48243927543798,1.277499993572264,5.7599392690102444,0.2217905317935379
20000,13,4,CTATCGCG,2 4 1 3,-0.36231456631387327,0.332647963732593,-0.029666602581280288,0.47865596971156366
20000,13,4,CTATCGCG,2 1 3 4,-0.36231456631387327,0.2470765644784434,-0.11523800183542987,0.40544824496739884
20000,13,4,CGGTCGCG,4 1 3 2,4.48243927543798,1.389499391989802,5.8719386674277825,0.23663383946727695
20000,14,2,CGATCGCG,7 0,-0.01595491215115552,0.004138705955119559,-0.011816206196035961,0.2059711662294942
20000,14,2,CGATCGCG,7 0,-0.01595491215115552,0.004138705955119559,-0.011816206196035961,0.2059711662294942
20000,14,2,CGATCGCG,7 0,-0.01595491215115552,0.004138705955119559,-0.011816206196035961,0.2059711662294942
20000,14,2,CGATCGCG,7 0,-0.01595491215115552,0.004138705955119559,-0.011816206196035961,0.2059711662294942
20000,15,5,CTATCGCA,3 6 7 5 2,-0.022274088701669262,-0.02077047584233327,-0.04304456454400253,-0.4825342307993508
20000,15,5,CTATCGCA,7 3 5 6 2,-0.022274088701669262,-0.009918082173577147,-0.03219217087524641,-0.30808988346925925
20000,15,5,CTATCGCA,2 7 6 5 3,-0.022274088701669262,0.038240031871204394,0.015965943169535132,0.6319191538965544
20000,15,5,CTATCGCA,7 2 3 6 5,-0.022274088701669262,-0.009336433647227693,-0.031610522348896955,-0.2953584108537671
20000,16,2,CTATCGCA,1 0,-0.00015911459182138543,0.00017371182245151662,1.4597230630131186e-05,0.5219291949258603
20000,16,2,CTATCGCA,0 1,-0.00015911459182138543,-0.00017367519406652487,-0.0003327897858879103,-0.5218765762390972
20000,16,2,CTATCGCA,0 1,-0.00015911459182138543,-0.00017367519406652487,-0.0003327897858879103,-0.5218765762390972
20000,16,2,CTATCGCA,1 0,-0.00015911459182138543,0.00017371182245151662,1.4597230630131186e-05,0.5219291949258603
20000,17,3,CGGTCGCG,5 3 2,3.767073051631189,1.0771924199523066,4.844265471583496,0.22236444849505604
20000,17,3,CGGTCGCG,3 5 2,3.767073051631189,1.0770396469353993,4.8441126985665885,0.22233992352285775
20000,17,3,CGATCGCG,2 3 5,-0.3421892392856344,0.42344615378140293,0.08125691449576855,0.553065019741488
20000,17,3,CGATCGCG,2 5 3,-0.3421892392856344,0.4232806858163274,0.081091446530693,0.552968407948811
20000,18,4,ATATCGCC,7 4 6 5,-0.07314030904570906,0.06513086592436101,-0.008009443121348048,0.47103719150762347
20000,18,4,ATATCGCA,6 5 4 7,0.25986704285742035,0.18011330497884703,0.4399803478362674,0.409366704364427
20000,18,4,ATATCGCC,6 5 4 7,-0.07314030904570906,-0.04963773014513473,-0.12277803919084379,-0.4042883440089706
20000,18,4,ATATCGCA,4 5 7 6,0.25986704285742035,0.1377069040493959,0.39757394690681624,0.3463680281889089
20000,19,2,CGATCGCG,0 4,-0.0005507594516485081,0.00018841813949022068,-0.00036234131215828747,0.2549023965945125
20000,19,2,CGATCGCG,4 0,-0.0005507594516485081,-0.00018834957222368942,-0.0007391090238721976,-0.2548332737664663
20000,19,2,CGATCGCG,4 0,-0.0005507594516485081,-0.00018834957222368942,-0.0007391090238721976,-0.2548332737664663
20000,19,2,CGATCGCG,4 0,-0.0005507594516485081,-0.00018834957222368942,-0.0007391090238721976,-0.2548332737664663
20000,20,3,TTTGGGCC,4 1 3,0.3674577519520674,0.15410416167656948,0.5215619136286369,0.2954666697275271
20000,20,3,TTTAGGCC,1 4 3,-0.20404800300503578,-0.06686466389296775,-0.27091266689800353,-0.24681261551399428
20000,20,3,TTTAGGCC,1 3 4,-0.20404800300503578,-0.02473084504677181,-0.2287788480518076,-0.1080993512178689
20000,20,3,TTTAGGCC,1 4 3,-0.20404800300503578,-0.06686466389296775,-0.27091266689800353,-0.24681261551399428
20000,21,2,TTTGCGCC,1 3,0.48727991418424454,-0.12900832319573186,0.3582715909885127,-0.20933114632235136
20000,21,2,TCTGCGCC,3 1,-0.2003850345672591,-0.2931034878201175,-0.4934885223873766,-0.593941853808787
20000,21,2,TTTGCGCC,3 1,0.48727991418424454,0.12941929673835018,0.6166992109225947,0.20985805469855595
20000,21,2,TTTGCGCC,3 1,0.48727991418424454,0.12941929673835018,0.6166992109225947,0.20985805469855595
20000,22,3,TTTAGGCC,0 5 2,-5.8785080015333335e-05,-8.4467763813878e-05,-0.00014325284382921133,-0.5896410958136511
20000,22,3,TTTAGGCC,0 2 5,-5.8785080015333335e-05,-0.0002327429560733396,-0.00029152803608867295,-0.7983553115369909
20000,22,3,TTTAGGCC,2 5 0,-5.8785080015333335e-05,0.00015289339582014172,9.410831580480838e-05,0.7222907063020265
20000,22,3,TTTAGGCC,5 2 0,-5.8785080015333335e-05,0.00011945942379898433,6.0674343783651e-05,0.6701997606805794
20000,23,6,CGGTCGTG,2 4 7 3 6 5,2.832661701243129,-0.6541411209267451,2.178520580316384,-0.18760485014167397
20000,23,6,CGATATAT,2 7 3 4 5 6,-1.2106718672406132,-0.10238313180466019,-1.3130549990452733,-0.07797322418261482
20000,23,6,CGATCGCG,2 7 4 3 5 6,0.6837108442708925,0.28001276442033074,0.9637236086912232,0.2905529779441636
20000,23,6,CGATATAG,7 3 5 2 4 6,1.5063355052698522,2.332590049668307,3.838925554938159,0.60761533827292
20000,24,4,CTATCGCA,5 1 2 6,-0.0010872220054653908,-0.004864959825515935,-0.005952181830981326,-0.8173405926871454
20000,24,4,CTATCGCA,6 2 1 5,-0.0010872220054653908,0.002919712103159444,0.0018324900976940534,0.7286648654578147
20000,24,4,CTATCGCA,1 6 2 5,-0.0010872220054653908,-0.006302730090117503,-0.007389952095582894,-0.8528783419157422
20000,24,4,CTATCGCA,1 6 2 5,-0.0010872220054653908,-0.006302730090117503,-0.007389952095582894,-0.8528783419157422
20000,25,5,CAATATAT,3 7 6 4 1,0.22523081929550814,0.2786429441733622,0.5038737634688704,0.5530014943724629
20000,25,5,CGATATAT,7 6 4 1 3,-0.2594856517781512,0.4323182291837977,0.1728325774056465,0.6249144317933891
20000,25,5,CGATATAT,4 3 1 7 6,-0.2594856517781512,0.2995406877799862,0.04005503600183502,0.5358257144318952
20000,25,5,CAATATAT,6 1 4 7 3,0.22523081929550814,0.35972497875295684,0.584955798048465,0.6149609593632112
20000,26,6,TCTGCGGC,1 3 2 6 7 5,1.6952863276819456,-0.3508646623028904,1.3444216653790553,-0.17147545025770097
20000,26,6,TTTGCGCG,1 2 5 7 3 6,-0.5504955238761297,0.7570829611998917,0.20658743732376206,0.5789961901643522
20000,26,6,TTTGCGCG,6 3 2 1 7 5,-0.5504955238761297,-1.0835883125271337,-1.6340838364032635,-0.6631167192205939
20000,26,6,TCTACGGC,5 3 6 7 2 1,2.0192279856898567,0.8412768604072429,2.8605048460970997,0.29410083382836744
20000,27,4,CTATCGCA,5 1 7 2,-0.26265509917778856,-0.5329176305941057,-0.7955727297718942,-0.6698540694662867
20000,27,4,CTATCGCA,2 5 7 1,-0.26265509917778856,0.248450979789546,-0.014204119388242564,0.4861045290080082
20000,27,4,CTATCGCA,7 5 1 2,-0.26265509917778856,0.15278258963457647,-0.1098725095432121,0.3677629491713778
20000,27,4,CTATCGCA,7 1 5 2,-0.26265509917778856,0.1535382677884134,-0.10911683138937517,0.3689108956916218
20000,28,3,CTATCGCA,3 0 5,-6.667160686379958e-05,-0.0004982050151693951,-0.0005648766220331947,-0.8819713823103098
20000,28,3,CTATCGCA,5 0 3,-6.667160686379958e-05,0.00044477312604151997,0.0003781015191777204,0.8696406423328206
20000,28,3,CTATCGCA,0 5 3,-6.667160686379958e-05,0.00033180390874343324,0.00026513230187963366,0.8326833036097603
20000,28,3,CTATCGCA,5 3 0,-6.667160686379958e-05,-0.00022938573801645212,-0.0002960573448802517,-0.7748017131925348
20000,29,4,CTATCGCA,4 7 3 0,-0.020193263257077668,-0.0016556783329950697,-0.021848941590072737,-0.07577842277482869
20000,29,4,CTATCGCA,7 4 0 3,-0.020193263257077668,0.019496009791523772,-0.0006972534655538959,0.4912160967939615
20000,29,4,CTATCGCA,3 7 0 4,-0.020193263257077668,0.004980672710203304,-0.015212590546874363,0.19785037654329368
20000,29,4,CTATCGCA,7 3 0 4,-0.020193263257077668,0.01806651497555789,-0.0021267482815197775,0.4722064740079222
20000,30,6,TTTGGGCC,0 2 3 4 5 7,5.110185616227381,1.2778967518401831,6.388082368067564,0.20004387517419492
20000,30,6,CTATCGCA,5 2 0 4 7 3,-0.33805074297070736,0.29713732391226255,-0.04091341905844481,0.46779424772633293
20000,30,6,CTATCGCA,3 4 2 0 7 5,-0.33805074297070736,0.3682183196376867,0.030167576666979334,0.5213569999481249
20000,30,6,CTATCGCA,2 3 5 0 7 4,-0.33805074297070736,0.38500182190343946,0.04695107893273209,0.532467265323168
20000,31,2,CTATCGCA,4 2,-0.0007442475064419751,-0.0022776376759716666,-0.0030218851824136417,-0.7537141679726133
20000,31,2,CTATCGCA,4 2,-0.0007442475064419751,-0.0022776376759716666,-0.0030218851824136417,-0.7537141679726133
20000,31,2,CTATCGCA,2 4,-0.0007442475064419751,0.002279977641054254,0.0015357301346122787,0.753904729263249
20000,31,2,CTATCGCA,2 4,-0.0007442475064419751,0.002279977641054254,0.0015357301346122787,0.753904729263249
