step,context,hidden,y,order,delta_y,log_rho,delta_tau,share
0,0,5,CGGTCGCG,4 1 0 2 7,7.537867885031441,0.0,7.537867885031441,0.0
0,0,5,CAGTCGCG,0 4 7 1 2,7.91320084001219,0.0,7.91320084001219,0.0
0,0,5,CGGTCGCG,2 1 7 0 4,7.537867885031441,0.0,7.537867885031441,0.0
0,0,5,ATGTCGCG,7 4 0 2 1,7.237909082413005,0.0,7.237909082413005,0.0
0,1,4,AAGTCGCG,3 5 2 0,3.436407278113673,0.0,3.436407278113673,0.0
0,1,4,CAGTCGCG,5 3 0 2,1.5397056819032535,0.0,1.5397056819032535,0.0
0,1,4,CAGTCGCG,0 2 3 5,1.5397056819032535,0.0,1.5397056819032535,0.0
0,1,4,CAGTCGCG,2 3 0 5,1.5397056819032535,0.0,1.5397056819032535,0.0
0,2,4,CGATCGCG,5 6 0 3,-0.037149383355367195,0.0,-0.037149383355367195,0.0
0,2,4,CGATCGCG,5 6 3 0,-0.037149383355367195,0.0,-0.037149383355367195,0.0
0,2,4,CGATCGCG,5 3 6 0,-0.037149383355367195,0.0,-0.037149383355367195,0.0
0,2,4,CGATCGCG,3 0 6 5,-0.037149383355367195,0.0,-0.037149383355367195,0.0
0,3,4,CAGTCGCG,7 2 1 5,7.927000750549297,0.0,7.927000750549297,0.0
0,3,4,CTATCGCG,5 2 1 7,-0.21312583995390577,0.0,-0.21312583995390577,0.0
0,3,4,CTATCGCA,5 2 1 7,-0.9268707133575764,0.0,-0.9268707133575764,0.0
0,3,4,CAGTCGCG,7 2 1 5,7.927000750549297,0.0,7.927000750549297,0.0
0,4,7,TTTAGGCC,5 0 2 6 1 7 4,-0.15311564491898547,0.0,-0.15311564491898547,0.0
0,4,7,TTTAGGCC,0 4 5 6 1 7 2,-0.15311564491898547,0.0,-0.15311564491898547,0.0
0,4,7,TTTAGGCC,0 6 5 2 7 4 1,-0.15311564491898547,0.0,-0.15311564491898547,0.0
0,4,7,TTCAGGCC,2 1 0 4 6 5 7,5.508098870028812,0.0,5.508098870028812,0.0
0,5,5,TTTGGGCG,1 2 7 5 3,2.065976499835515,0.0,2.065976499835515,0.0
0,5,5,TTTGGGCC,5 3 1 7 2,0.7311457815505307,0.0,0.7311457815505307,0.0
0,5,5,TGTGGGCG,5 7 1 2 3,-0.446216752108231,0.0,-0.446216752108231,0.0
0,5,5,TTTAGGCC,1 5 7 2 3,-0.720256034728455,0.0,-0.720256034728455,0.0
0,6,4,TTTGGGCG,3 4 6 7,2.4847597589142705,0.0,2.4847597589142705,0.0
0,6,4,TTTGGGCC,7 3 4 6,1.149929018343267,0.0,1.149929018343267,0.0
0,6,4,TTTAGGCC,3 4 6 7,-0.30147283605869823,0.0,-0.30147283605869823,0.0
0,6,4,TTTAGGCC,3 7 6 4,-0.30147283605869823,0.0,-0.30147283605869823,0.0
0,7,2,TTTGGGCC,3 7,0.6852009401717957,0.0,0.6852009401717957,0.0
0,7,2,TTTGGGCG,7 3,2.0200316584567792,0.0,2.0200316584567792,0.0
0,7,2,TTTGGGCC,7 3,0.6852009401717957,0.0,0.6852009401717957,0.0
0,7,2,TTTGGGCG,7 3,2.0200316584567792,0.0,2.0200316584567792,0.0
0,8,3,TTTAGGCC,5 7 4,-0.03519221134332795,0.0,-0.03519221134332795,0.0
0,8,3,TTTAGGCC,4 7 5,-0.03519221134332795,0.0,-0.03519221134332795,0.0
0,8,3,TTTAGGCC,7 5 4,-0.03519221134332795,0.0,-0.03519221134332795,0.0
0,8,3,TTTAGGCC,5 7 4,-0.03519221134332795,0.0,-0.03519221134332795,0.0
0,9,4,TTTACGCC,2 5 6 1,1.344870794742068,0.0,1.344870794742068,0.0
0,9,4,TTTACGCC,5 1 2 6,1.344870794742068,0.0,1.344870794742068,0.0
0,9,4,TCTACGCC,5 2 1 6,-0.2959996618948795,0.0,-0.2959996618948795,0.0
0,9,4,TTTACGCC,6 2 1 5,1.344870794742068,0.0,1.344870794742068,0.0
0,10,4,CTATCGCG,7 3 4 1,0.6018134650276721,0.0,0.6018134650276721,0.0
0,10,4,CTATCGCA,1 3 4 7,-0.11193136198741621,0.0,-0.11193136198741621,0.0
0,10,4,CTATCGCA,4 7 1 3,-0.11193136198741621,0.0,-0.11193136198741621,0.0
0,10,4,CTATCGCA,1 3 4 7,-0.11193136198741621,0.0,-0.11193136198741621,0.0
0,11,7,TTTAGGCC,5 6 0 1 2 7 4,-0.15311564491898547,0.0,-0.15311564491898547,0.0
0,11,7,TTTAGGCC,0 7 6 2 1 5 4,-0.15311564491898547,0.0,-0.15311564491898547,0.0
0,11,7,TTTAGGCC,0 1 7 2 6 4 5,-0.15311564491898547,0.0,-0.15311564491898547,0.0
0,11,7,TTTAGGCC,6 5 0 4 2 7 1,-0.15311564491898547,0.0,-0.15311564491898547,0.0
0,12,1,CTATCGCA,0,-0.00011236230967170968,0.0,-0.00011236230967170968,0.0
0,12,1,CTATCGCA,0,-0.00011236230967170968,0.0,-0.00011236230967170968,0.0
0,12,1,CTATCGCA,0,-0.00011236230967170968,0.0,-0.00011236230967170968,0.0
0,12,1,CTATCGCA,0,-0.00011236230967170968,0.0,-0.00011236230967170968,0.0
0,13,6,TTTGGGCC,6 1 3 2 7 4,1.0494385038690155,0.0,1.0494385038690155,0.0
0,13,6,TGTGGGCC,7 2 1 3 6 4,2.4954303835033382,0.0,2.4954303835033382,0.0
0,13,6,TTTAGGCC,1 7 6 4 2 3,-0.4019633124099711,0.0,-0.4019633124099711,0.0
0,13,6,TTTGGGCC,3 7 6 2 1 4,1.0494385038690155,0.0,1.0494385038690155,0.0
0,14,5,CTATCGCA,2 4 7 1 0,-0.9406705877069004,0.0,-0.9406705877069004,0.0
0,14,5,CGGTCGCG,4 2 1 7 0,7.537867885031441,0.0,7.537867885031441,0.0
0,14,5,CGGTCGCG,1 7 0 2 4,7.537867885031441,0.0,7.537867885031441,0.0
0,14,5,CTGTCGCG,2 4 0 1 7,7.567189738996607,0.0,7.567189738996607,0.0
0,15,6,TTTAGGCC,1 4 2 6 0 7,-0.1577414345887557,0.0,-0.1577414345887557,0.0
0,15,6,TTTAGGCC,6 0 7 2 1 4,-0.1577414345887557,0.0,-0.1577414345887557,0.0
0,15,6,TTTAGGCC,4 0 1 2 7 6,-0.1577414345887557,0.0,-0.1577414345887557,0.0
0,15,6,TTTAGGCC,1 2 6 4 7 0,-0.1577414345887557,0.0,-0.1577414345887557,0.0
0,16,2,TGTGGGCG,5 7,-0.37800760709935943,0.0,-0.37800760709935943,0.0
0,16,2,TGTGGGCC,5 7,2.245346806193726,0.0,2.245346806193726,0.0
0,16,2,TGTGGGCG,5 7,-0.37800760709935943,0.0,-0.37800760709935943,0.0
0,16,2,TGTGGGCG,5 7,-0.37800760709935943,0.0,-0.37800760709935943,0.0
0,17,3,TTTAGGCC,4 2 3,-0.700122219000495,0.0,-0.700122219000495,0.0
0,17,3,TTTAGGCC,4 3 2,-0.700122219000495,0.0,-0.700122219000495,0.0
0,17,3,TTTGGGCC,3 2 4,0.7512795972784909,0.0,0.7512795972784909,0.0
0,17,3,TTTAGGCC,4 3 2,-0.700122219000495,0.0,-0.700122219000495,0.0
0,18,3,CGTTGGCG,4 1 5,5.942908375156082,0.0,5.942908375156082,0.0
0,18,3,CGTTGGCG,5 4 1,5.942908375156082,0.0,5.942908375156082,0.0
0,18,3,CGTTGGCG,1 5 4,5.942908375156082,0.0,5.942908375156082,0.0
0,18,3,CGTTGGCG,1 5 4,5.942908375156082,0.0,5.942908375156082,0.0
0,19,2,TGTGGGCG,0 2,-0.015326833399618489,0.0,-0.015326833399618489,0.0
0,19,2,TGTGGGCG,2 0,-0.015326833399618489,0.0,-0.015326833399618489,0.0
0,19,2,TGTGGGCG,0 2,-0.015326833399618489,0.0,-0.015326833399618489,0.0
0,19,2,TGTGGGCG,0 2,-0.015326833399618489,0.0,-0.015326833399618489,0.0
0,20,3,CAATCTAT,1 2 4,2.725154002487521,0.0,2.725154002487521,0.0
0,20,3,CAATCTAT,1 4 2,2.725154002487521,0.0,2.725154002487521,0.0
0,20,3,CGATATAT,4 2 1,-1.6320224529975975,0.0,-1.6320224529975975,0.0
0,20,3,CGATCTAT,1 4 2,1.2940112620964856,0.0,1.2940112620964856,0.0
0,21,5,CGGTCGCG,7 4 1 0 5,0.3829403692596884,0.0,0.3829403692596884,0.0
0,21,5,CGGTCGCG,4 7 1 5 0,0.3829403692596884,0.0,0.3829403692596884,0.0
0,21,5,CGGTCGCG,4 0 1 7 5,0.3829403692596884,0.0,0.3829403692596884,0.0
0,21,5,CGGTCGCG,7 1 5 4 0,0.3829403692596884,0.0,0.3829403692596884,0.0
0,22,2,CGGTCGCG,1 3,-0.06415674564568874,0.0,-0.06415674564568874,0.0
0,22,2,CGGTCGCG,3 1,-0.06415674564568874,0.0,-0.06415674564568874,0.0
0,22,2,CGGTCGCG,3 1,-0.06415674564568874,0.0,-0.06415674564568874,0.0
0,22,2,CGGTCGCG,3 1,-0.06415674564568874,0.0,-0.06415674564568874,0.0
0,23,6,AGGTCGTG,0 5 7 3 4 6,-0.6134244971919207,0.0,-0.6134244971919207,0.0
0,23,6,CGGTCGCG,5 6 3 4 7 0,0.6911216908606318,0.0,0.6911216908606318,0.0
0,23,6,AGGTCGCG,4 3 0 5 6 7,2.8539707712327917,0.0,2.8539707712327917,0.0
0,23,6,CGGTCGCG,5 7 6 3 4 0,0.6911216908606318,0.0,0.6911216908606318,0.0
0,24,2,TTTGGGCG,2 5,-0.0007522762348747269,0.0,-0.0007522762348747269,0.0
0,24,2,TTTGGGCG,5 2,-0.0007522762348747269,0.0,-0.0007522762348747269,0.0
0,24,2,TTTGGGCG,2 5,-0.0007522762348747269,0.0,-0.0007522762348747269,0.0
0,24,2,TTTGGGCG,5 2,-0.0007522762348747269,0.0,-0.0007522762348747269,0.0
0,25,4,TTTGGGCC,1 7 0 2,0.012322925968024867,0.0,0.012322925968024867,0.0
0,25,4,TTTGGGCG,7 1 0 2,1.3471536085231963,0.0,1.3471536085231963,0.0
0,25,4,CGTGGGCG,2 0 7 1,0.5478317875958458,0.0,0.5478317875958458,0.0
0,25,4,TTTGGGCC,1 7 2 0,0.012322925968024867,0.0,0.012322925968024867,0.0
0,26,5,CTATCGCA,7 3 4 2 0,-1.6366319840604424,0.0,-1.6366319840604424,0.0
0,26,5,TTTAGGCC,3 4 7 0 2,5.8716195019655535,0.0,5.8716195019655535,0.0
0,26,5,TTTGGGCC,4 7 3 2 0,7.32302131824454,0.0,7.32302131824454,0.0
0,26,5,CTTTGGCC,0 4 3 7 2,7.63550482425933,0.0,7.63550482425933,0.0
0,27,2,ACTACGGC,2 7,0.003606819654183635,0.0,0.003606819654183635,0.0
0,27,2,ACTACGGC,7 2,0.003606819654183635,0.0,0.003606819654183635,0.0
0,27,2,ACTACGGC,7 2,0.003606819654183635,0.0,0.003606819654183635,0.0
0,27,2,ACTACGGC,7 2,0.003606819654183635,0.0,0.003606819654183635,0.0
0,28,2,TTTGGGCC,0 5,-0.00039761795157366997,0.0,-0.00039761795157366997,0.0
0,28,2,TTTGGGCC,0 5,-0.00039761795157366997,0.0,-0.00039761795157366997,0.0
0,28,2,TTTGGGCC,0 5,-0.00039761795157366997,0.0,-0.00039761795157366997,0.0
0,28,2,TTTGGGCC,0 5,-0.00039761795157366997,0.0,-0.00039761795157366997,0.0
0,29,4,CTATCGCA,5 7 4 1,-0.10104950625521325,0.0,-0.10104950625521325,0.0
0,29,4,CTATCGCA,7 4 1 5,-0.10104950625521325,0.0,-0.10104950625521325,0.0
0,29,4,CTATCGCA,1 7 4 5,-0.10104950625521325,0.0,-0.10104950625521325,0.0
0,29,4,CTATCGCA,5 1 4 7,-0.10104950625521325,0.0,-0.10104950625521325,0.0
0,30,5,TTTGGGCG,2 3 5 0 1,1.5763583443961064,0.0,1.5763583443961064,0.0
0,30,5,TTTGGGCG,0 2 1 3 5,1.5763583443961064,0.0,1.5763583443961064,0.0
0,30,5,TGTGGGCG,2 3 1 0 5,-0.9358349075476371,0.0,-0.9358349075476371,0.0
0,30,5,TGTGGGCG,1 2 0 5 3,-0.9358349075476371,0.0,-0.9358349075476371,0.0
0,31,4,CTATCGCA,4 3 6 7,-0.09161883909941998,0.0,-0.09161883909941998,0.0
0,31,4,CTATCGCA,3 6 7 4,-0.09161883909941998,0.0,-0.09161883909941998,0.0
0,31,4,CTATCGCA,4 7 3 6,-0.09161883909941998,0.0,-0.09161883909941998,0.0
0,31,4,CTATCGCA,7 6 4 3,-0.09161883909941998,0.0,-0.09161883909941998,0.0
250,0,5,CTATCGCA,2 4 1 3 5,-0.001450225857497418,0.015782652387141383,0.014332426529643965,0.9158454068490509
250,0,5,CTATCGCA,1 3 5 2 4,-0.001450225857497418,-0.002658706151240864,-0.004108932008738282,-0.6470552799575929
250,0,5,CTATCGCA,1 5 4 2 3,-0.001450225857497418,-0.012791693920863878,-0.014241919778361296,-0.8981720245538215
250,0,5,CTATCGCA,2 4 1 3 5,-0.001450225857497418,0.015782652387141383,0.014332426529643965,0.9158454068490509
250,1,5,CAATCTAT,0 6 7 4 1,0.898101107234138,0.24148076846508637,1.1395818756992244,0.21190295635135356
250,1,5,CGATATAT,0 7 4 1 6,-0.21937856815201784,0.023323783578571344,-0.1960547845734465,0.09610036084224606
250,1,5,CGATATAT,1 0 7 4 6,-0.21937856815201784,-0.08258863694539276,-0.3019672050974106,-0.2735020080036531
250,1,5,CGATATAT,7 4 1 6 0,-0.21937856815201784,0.21312981547396515,-0.006248752678052694,0.4927761484925846
250,2,6,CTATCGCA,0 7 1 6 4 2,-0.17946913251462981,-0.0339656658120413,-0.21343479832667112,-0.1591383695551622
250,2,6,CTATCGCA,0 6 2 1 4 7,-0.17946913251462981,0.1011994924415438,-0.07826964007308601,0.3605657470882116
250,2,6,CTATCGCA,6 0 1 2 7 4,-0.17946913251462981,-0.03259784465580484,-0.21206697717043466,-0.15371485504603813
250,2,6,CTATCGCA,0 1 4 6 2 7,-0.17946913251462981,-0.17349868915288713,-0.35296782166751695,-0.49154251040004626
250,3,2,CTATCGCA,2 0,0.0005415235501484705,-0.0018686073321022567,-0.0013270837819537862,-0.7753136337381135
250,3,2,CTATCGCA,2 0,0.0005415235501484705,-0.0018686073321022567,-0.0013270837819537862,-0.7753136337381135
250,3,2,CTATCGCA,2 0,0.0005415235501484705,-0.0018686073321022567,-0.0013270837819537862,-0.7753136337381135
250,3,2,CTATCGCA,2 0,0.0005415235501484705,-0.0018686073321022567,-0.0013270837819537862,-0.7753136337381135
250,4,5,CTATCGCA,1 3 5 2 7,-0.23471701437122672,-0.08234305419091204,-0.31706006856213875,-0.2597080564712428
250,4,5,CTATCGCA,1 5 3 2 7,-0.23471701437122672,-0.08264829193421708,-0.3173653063054438,-0.2604200594461746
250,4,5,CTATCGCA,7 1 2 5 3,-0.23471701437122672,-0.1748203385459961,-0.4095373529172228,-0.4268727560519527
250,4,5,CTATCGCA,7 5 1 3 2,-0.23471701437122672,-0.17512856433176882,-0.40984557870299554,-0.4273037783791245
250,5,5,CTATCGCA,3 1 4 6 5,0.003237932426316358,-0.0002975172033101714,0.0029404152230061865,-0.08415257873200131
250,5,5,CTATCGCA,1 3 5 6 4,0.003237932426316358,-0.006106381578550035,-0.0028684491522336774,-0.6534863421081434
250,5,5,CTATCGCA,1 3 6 4 5,0.003237932426316358,-0.0051229695750434345,-0.0018850371487270767,-0.612729293347805
250,5,5,CTATCGCA,1 6 5 4 3,0.003237932426316358,-0.009660322096183727,-0.006422389669867369,-0.7489635190042175
250,6,3,CGATCGCG,0 7 6,-0.034825266611526406,0.00415532081953085,-0.030669945791995556,0.10659974857690714
250,6,3,CGATCGCG,6 7 0,-0.034825266611526406,0.00020355066791477583,-0.03462171594361163,0.005810948919312844
250,6,3,CGATCGCG,0 6 7,-0.034825266611526406,-0.008202527876879806,-0.04302779448840621,-0.19063324008136107
250,6,3,CGATCGCG,7 0 6,-0.034825266611526406,-0.008503727521916637,-0.043328994133443044,-0.1962595184122477
250,7,4,CTATCGCA,2 6 5 4,0.0008110407387805288,0.0010864737104339106,0.0018975144492144394,0.5725773054764904
250,7,4,CTATCGCA,5 2 6 4,0.0008110407387805288,0.0013036370936743147,0.0021146778324548435,0.6164707804029776
250,7,4,CTATCGCA,2 6 5 4,0.0008110407387805288,0.0010864737104339106,0.0018975144492144394,0.5725773054764904
250,7,4,CTATCGCA,2 6 5 4,0.0008110407387805288,0.0010864737104339106,0.0018975144492144394,0.5725773054764904
250,8,3,CTATCGCG,4 0 7,0.11073975944731895,0.053634868156999804,0.16437462760431876,0.32629651509300583
250,8,3,CTATCGCA,4 7 0,-0.009258951709151225,-0.008905355701431139,-0.018164307410582364,-0.49026673575470087
250,8,3,CTATCGCA,7 4 0,-0.009258951709151225,0.003768296192715903,-0.005490655516435322,0.28926264557964027
250,8,3,CTATCGCA,7 0 4,-0.009258951709151225,0.0041263449973441,-0.005132606711807125,0.3082744512747153
250,9,4,CAATATAT,2 1 4 7,0.4753958799367308,0.11561810931364969,0.5910139892503805,0.19562668805910205
250,9,4,CAATATAT,1 2 4 7,0.4753958799367308,0.12273890998388604,0.5981347899206169,0.20520276040150695
250,9,4,CAATCTAT,2 7 1 4,1.3765020842872029,0.3507175470406776,1.7272196313278805,0.20305324272573672
250,9,4,CGATATAT,1 4 7 2,-0.27684887975082073,-0.3023825087026486,-0.5792313884534693,-0.5220409576041812
250,10,6,CTATCGCA,7 4 0 5 3 6,-0.020569053564416906,-0.014049503249834672,-0.03461855681425158,-0.40583734686625783
250,10,6,CTATCGCA,7 4 3 0 5 6,-0.020569053564416906,-0.015002272000243622,-0.03557132556466053,-0.42175183977816416
250,10,6,CTATCGCA,6 4 3 5 0 7,-0.020569053564416906,-0.002175357336637873,-0.02274441090105478,-0.09564359992005729
250,10,6,CTATCGCA,6 3 4 5 0 7,-0.020569053564416906,0.0018234078323065006,-0.018745645732110405,0.08142954005821407
250,11,5,CTATCGCA,6 2 5 7 1,-0.22906909624861033,0.2046110549913518,-0.024458041257258534,0.4718017516050377
250,11,5,CTATCGCG,2 5 1 7 6,0.3118847570064305,-0.30811883400648554,0.0037659229999449373,-0.49696298291289537
250,11,5,CTATCGCA,5 6 1 2 7,-0.22906909624861033,-0.04042486920070054,-0.26949396544931087,-0.15000287347177746
250,11,5,CTATCGCA,1 7 2 5 6,-0.22906909624861033,-0.2307673236546126,-0.45983641990322294,-0.5018465560061116
250,12,5,CTATCGCA,7 4 0 5 3,-0.013811626745841604,0.007874216114226229,-0.005937410631615375,0.36310399208535066
250,12,5,CTATCGCA,5 3 7 4 0,-0.013811626745841604,0.005067654640493302,-0.008743972105348302,0.2684241278463778
250,12,5,CTATCGCA,5 7 0 3 4,-0.013811626745841604,0.02216194384882364,0.008350317102982036,0.6160618332423798
250,12,5,CTATCGCA,5 0 4 3 7,-0.013811626745841604,-0.013371360184896375,-0.02718298693073798,-0.49190179942206086
250,13,3,TTTGGGCG,1 7 0,0.9445333276581795,0.0847093452742671,1.0292426729324466,0.08230259733879779
250,13,3,TGTGGGCG,0 1 7,-0.3760996347167571,-0.18669820598251485,-0.562797840699272,-0.33173227130819083
250,13,3,TGTGGGCG,7 0 1,-0.3760996347167571,0.17568609882919772,-0.2004135358875594,0.31839550780006876
250,13,3,TTTGGGCG,1 7 0,0.9445333276581795,0.0847093452742671,1.0292426729324466,0.08230259733879779
250,14,3,CTATCGCA,2 3 5,-4.784588424561198e-05,4.194505900190215e-05,-5.9008252437098285e-06,0.4671413116385032
250,14,3,CTATCGCA,5 2 3,-4.784588424561198e-05,-0.00012914999037971775,-0.00017699587462532973,-0.7296779693487568
250,14,3,CTATCGCA,2 3 5,-4.784588424561198e-05,4.194505900190215e-05,-5.9008252437098285e-06,0.4671413116385032
250,14,3,CTATCGCA,2 5 3,-4.784588424561198e-05,-2.228119446923138e-05,-7.012707871484336e-05,-0.3177259751519531
250,15,3,CGATCGCG,0 7 1,-0.2038225455282081,-0.07160450691466602,-0.27542705244287413,-0.2599763032700551
250,15,3,CTATCGCA,0 1 7,-0.012575317201694719,0.0008878091484061379,-0.011687508053288581,0.06594375818210212
250,15,3,CTATCGCA,7 1 0,-0.012575317201694719,0.0016027265173019778,-0.010972590684392741,0.11304285337719315
250,15,3,CTATCGCA,7 1 0,-0.012575317201694719,0.0016027265173019778,-0.010972590684392741,0.11304285337719315
250,16,5,TTTAGGCC,6 4 3 5 7,0.3118474929735813,-0.06396766697580691,0.24787982599777436,-0.17021044862698348
250,16,5,TTTGCGCG,4 5 6 7 3,-0.7511092635433925,0.3289449584460602,-0.42216430509733227,0.3045633744573914
250,16,5,TTTAGGCC,7 6 5 4 3,0.3118474929735813,-0.3081819661265195,0.003665526847061784,-0.49704407041208826
250,16,5,TTTAGGCC,4 3 5 7 6,0.3118474929735813,-0.028230004122101526,0.28361748885147975,-0.0830105030858859
250,17,3,CTATCGCG,1 2 7,0.29932858791293704,-0.40023416395678924,-0.1009055760438522,-0.5721204607979492
250,17,3,CTATCGCG,2 1 7,0.29932858791293704,-0.16748746267666847,0.13184112523626856,-0.3587868550473485
250,17,3,CTATCGCA,1 2 7,-0.17042298985438153,-0.10548603122255162,-0.27590902107693316,-0.38232179147610545
250,17,3,CTATCGCA,2 7 1,-0.17042298985438153,0.12735890127702287,-0.04306408857735866,0.42769189487356124
250,18,4,CTATCGCA,5 1 7 3,-0.026494735339280484,0.0225249173999007,-0.003969817939379783,0.45950789410420767
250,18,4,CTATCGCA,5 1 7 3,-0.026494735339280484,0.0225249173999007,-0.003969817939379783,0.45950789410420767
250,18,4,CTATCGCA,7 3 1 5,-0.026494735339280484,-0.002292734470179525,-0.02878746980946001,-0.07964348674457304
250,18,4,CTATCGCA,5 3 1 7,-0.026494735339280484,-0.006087235847919814,-0.0325819711872003,-0.1868283478904788
250,19,2,CGATATAT,5 2,-0.0008861168769125349,-0.01883695458094725,-0.019723071457859787,-0.9550720647742007
250,19,2,CGATATAT,5 2,-0.0008861168769125349,-0.01883695458094725,-0.019723071457859787,-0.9550720647742007
250,19,2,CGATATAT,2 5,-0.0008861168769125349,0.01923711167397424,0.018350994797061704,0.955965471709882
250,19,2,CGATATAT,5 2,-0.0008861168769125349,-0.01883695458094725,-0.019723071457859787,-0.9550720647742007
250,20,3,CTATCGCA,4 6 5,0.0005545623485333218,0.0012305056342920562,0.001785067982825378,0.6893326451043231
250,20,3,CTATCGCA,4 6 5,0.0005545623485333218,0.0012305056342920562,0.001785067982825378,0.6893326451043231
250,20,3,CTATCGCA,6 4 5,0.0005545623485333218,1.8050565766314364e-05,0.0005726129142996361,0.031523155198817064
250,20,3,CTATCGCA,5 4 6,0.0005545623485333218,-0.00052407392722853,3.048842130479179e-05,-0.48586714447219126
250,21,2,CTATCGCA,4 0,0.00016777723612060313,-0.00017900843082863105,-1.1231194708027914e-05,-0.5161932798532761
250,21,2,CTATCGCA,0 4,0.00016777723612060313,0.00017904037379956605,0.0003468176099201692,0.5162378399435303
250,21,2,CTATCGCA,4 0,0.00016777723612060313,-0.00017900843082863105,-1.1231194708027914e-05,-0.5161932798532761
250,21,2,CTATCGCA,4 0,0.00016777723612060313,-0.00017900843082863105,-1.1231194708027914e-05,-0.5161932798532761
250,22,4,CAATCTAT,2 1 7 4,1.3765020842872029,0.3551880150737827,1.7316900993609856,0.2051106114222466
250,22,4,CAATATAT,7 2 1 4,0.4753958799367308,0.5766484192170851,1.052044299153816,0.5481218040731717
250,22,4,CAATCTAT,7 1 4 2,1.3765020842872029,0.34700269421982854,1.7235047785070314,0.20133549877385087
250,22,4,CAATATAT,1 4 2 7,0.4753958799367308,0.04960564717824534,0.5250015271149762,0.09448667216425377
250,23,3,CTATCGCA,5 7 2,-0.01921573254913539,0.005795153779627027,-0.013420578769508362,0.23170525440206508
250,23,3,CTATCGCG,2 7 5,0.18850794841170515,0.005862725655155998,0.19437067406686115,0.03016260391801333
250,23,3,CTATCGCG,7 5 2,0.18850794841170515,0.06309642789374692,0.25160437630545207,0.250776353019976
250,23,3,CTATCGCA,7 2 5,-0.01921573254913539,-0.016932344795168364,-0.03614807734430375,-0.468416193588691
250,24,2,CGATCGCG,2 1,0.09719709498239393,-0.6412938781458775,-0.5440967831634835,-0.8683841800114849
250,24,2,CGGTCGCG,1 2,4.062039095578523,0.5873141251446299,4.649353220723153,0.1263216833100239
250,24,2,CTATCGCG,2 1,-0.3152159777943999,0.3845927643536764,0.06937678655927648,0.549568390890862
250,24,2,CGATCGCG,1 2,0.09719709498239393,0.5285315341871342,0.6257286291695281,0.8446657377473767
250,25,3,CTATCGCA,2 5 7,-0.01921573254913539,0.010249796586731419,-0.00896593596240397,0.3478572042425972
250,25,3,CTATCGCA,2 5 7,-0.01921573254913539,0.010249796586731419,-0.00896593596240397,0.3478572042425972
250,25,3,CTATCGCA,2 5 7,-0.01921573254913539,0.010249796586731419,-0.00896593596240397,0.3478572042425972
250,25,3,CTATCGCA,2 5 7,-0.01921573254913539,0.010249796586731419,-0.00896593596240397,0.3478572042425972
250,26,6,CGATCGCG,7 2 3 6 1 4,1.1320916295519128,-0.7890414281748583,0.34305020137705444,-0.4107166991902744
250,26,6,CTATCGCA,2 3 1 7 6 4,-0.19296469351183976,0.1452362882343241,-0.04772840527751565,0.4294378079107143
250,26,6,CTATCGCA,3 2 1 7 6 4,-0.19296469351183976,0.1580710580616742,-0.03489363545016555,0.4502990289539524
250,26,6,CTATCGCA,7 4 3 2 1 6,-0.19296469351183976,-0.05075174443739705,-0.2437164379492368,-0.20824095766559672
250,27,6,CTATCGCA,6 2 1 3 5 7,-0.26543790359914443,0.27224630692887786,0.006808403329733426,0.5063312286249277
250,27,6,CGGTCGCG,3 1 2 5 6 7,4.677837944489271,-0.7861604131047741,3.891677531384497,-0.14388006028811162
250,27,6,CTATCGCG,5 2 6 7 3 1,0.2942973172233323,0.029465807295560253,0.32376312451889255,0.09101038711356035
250,27,6,CGGTCGCG,5 7 3 6 1 2,4.677837944489271,0.8732361088824447,5.551074053371716,0.15730939643149638
250,28,5,CTATCGCA,3 7 5 4 2,-0.010700418856151736,-0.023100035316287126,-0.03380045417243886,-0.6834238143203136
250,28,5,CTATCGCA,7 2 3 4 5,-0.010700418856151736,0.019125022641520495,0.008424603785368759,0.6412318370211932
250,28,5,CTATCGCA,3 5 2 7 4,-0.010700418856151736,-0.025433147242705623,-0.03613356609885736,-0.7038648544437436
250,28,5,CTATCGCA,3 5 7 2 4,-0.010700418856151736,0.002238322016370198,-0.008462096839781538,0.17299380507138318
250,29,4,CTATCGCA,0 1 6 7,-0.010710545686165057,-0.002477733568694518,-0.013188279254859575,-0.1878739084010168
250,29,4,CTATCGCA,0 1 7 6,-0.010710545686165057,0.00839353102372975,-0.002317014662435307,0.4393581093286956
250,29,4,CTATCGCG,6 0 1 7,0.1707866078583291,-0.0019065873128947253,0.16888002054543438,-0.011040315230744096
250,29,4,CTATCGCA,1 6 0 7,-0.010710545686165057,-0.007366395873132703,-0.01807694155929776,-0.40750233378631706
250,30,2,CTATCGCA,4 7,-0.014880220150187196,-0.002978413908195421,-0.017858634058382616,-0.1667772517460478
250,30,2,CTATCGCA,4 7,-0.014880220150187196,-0.002978413908195421,-0.017858634058382616,-0.1667772517460478
250,30,2,CTATCGCA,7 4,-0.014880220150187196,0.0029903009232015165,-0.011889919226985679,0.16733149027503305
250,30,2,CTATCGCA,4 7,-0.014880220150187196,-0.002978413908195421,-0.017858634058382616,-0.1667772517460478
250,31,3,CAATATAT,7 5 3,-0.0003645628542224,-0.007254140007584509,-0.007618702861806909,-0.9521489601530493
250,31,3,CAATATAT,5 7 3,-0.0003645628542224,-0.01494496373912102,-0.01530952659334342,-0.9761871895907669
250,31,3,CAATATAT,7 5 3,-0.0003645628542224,-0.007254140007584509,-0.007618702861806909,-0.9521489601530493
250,31,3,CAATATAT,3 5 7,-0.0003645628542224,0.005721193147242731,0.005356630293020331,0.9400957162701508
500,0,1,CTATCGCA,3,5.175848478700118e-07,0.0,5.175848478700118e-07,0.0
500,0,1,CTATCGCA,3,5.175848478700118e-07,0.0,5.175848478700118e-07,0.0
500,0,1,CTATCGCA,3,5.175848478700118e-07,0.0,5.175848478700118e-07,0.0
500,0,1,CTATCGCA,3,5.175848478700118e-07,0.0,5.175848478700118e-07,0.0
500,1,7,CTATCGCA,2 3 7 5 4 0 1,-0.39583092886707916,0.4060873309612312,0.010256402094152017,0.5063949174173612
500,1,7,CTATCGCG,3 2 0 4 7 5 1,0.12535535814956056,0.2363533586203026,0.36170871676986316,0.6534356172861663
500,1,7,CTATCGCA,3 0 5 4 1 7 2,-0.39583092886707916,-0.09805381529404755,-0.4938847441611267,-0.19853582531809918
500,1,7,CTATCGCA,3 0 7 4 1 5 2,-0.39583092886707916,-0.056670511668567514,-0.45250144053564667,-0.12523830112338213
500,2,4,CTATCGCA,4 5 7 2,-0.046514679377473306,-0.015328631536550397,-0.0618433109140237,-0.24786240112306873
500,2,4,CTATCGCA,4 7 2 5,-0.046514679377473306,-0.009233529393287476,-0.05574820877076078,-0.16562916723039797
500,2,4,CTATCGCA,7 2 4 5,-0.046514679377473306,0.0038059938130290405,-0.042708685564444265,0.07563479523853814
500,2,4,CTATCGCA,7 5 2 4,-0.046514679377473306,0.0015852664161402075,-0.0449294129613331,0.03295775889108573
500,3,4,CGATATAT,5 3 6 7,-0.0038728665033300955,0.05893736987991671,0.05506450337658662,0.9383402017515238
500,3,4,CGATATAT,7 5 3 6,-0.0038728665033300955,0.014393380483400886,0.01052051398007079,0.787976889497693
500,3,4,CGATATAT,6 5 7 3,-0.0038728665033300955,-0.0015339171277415353,-0.005406783631071631,-0.28370233255247007
500,3,4,CGATATAT,3 7 5 6,-0.0038728665033300955,-0.011183306689869443,-0.015056173193199539,-0.7427721869538959
500,4,5,CTATCGCA,3 0 7 4 5,-0.026909033500258514,-0.015480594887804955,-0.04238962838806347,-0.3651977022795545
500,4,5,CTATCGCC,7 4 5 3 0,0.6351362373825431,-0.27964408856474954,0.35549214881779356,-0.3056953463392062
500,4,5,CTATCGCA,5 0 3 7 4,-0.026909033500258514,-0.05739218355941489,-0.0843012170596734,-0.680798991535191
500,4,5,CTATCGCA,0 7 4 5 3,-0.026909033500258514,0.012214078931236827,-0.014694954569021687,0.31219599290889005
500,5,5,CTATCGCA,3 6 7 0 1,-0.0160954153849579,-0.0017313829887219967,-0.017826798373679897,-0.09712248674323207
500,5,5,CTATCGCA,0 6 1 3 7,-0.0160954153849579,-0.03679961187229619,-0.05289502725725409,-0.695710235544863
500,5,5,CTATCGCA,0 3 1 6 7,-0.0160954153849579,-0.05324055388676552,-0.06933596927172342,-0.7678634112421368
500,5,5,CGATCGCG,0 7 6 3 1,-0.4464943626579996,-0.16926113117658037,-0.61575549383458,-0.2748836719629036
500,6,3,CTATCGCA,2 6 4,0.00027280888633782197,0.0022034534374162362,0.002476262323754058,0.8898303771289309
500,6,3,CTATCGCA,2 6 4,0.00027280888633782197,0.0022034534374162362,0.002476262323754058,0.8898303771289309
500,6,3,CTATCGCA,4 2 6,0.00027280888633782197,-0.002312658225762654,-0.002039849339424832,-0.8944837143504843
500,6,3,CTATCGCA,6 4 2,0.00027280888633782197,-0.0015615533796315972,-0.0012887444932937753,-0.8512786206961968
500,7,5,CTATCGCA,1 3 5 2 7,-0.1725881179221298,-0.07522765541231813,-0.24781577333444793,-0.30356282168848137
500,7,5,CTTGCGCG,1 7 5 3 2,7.503121815191935,1.224160813629215,8.72728262882115,0.14026826741997814
500,7,5,CTATCGCA,7 3 5 1 2,-0.1725881179221298,-0.025251220341187874,-0.19783933826331768,-0.12763498181326977
500,7,5,CTATCGCA,2 3 5 7 1,-0.1725881179221298,0.13455797206309406,-0.03803014585903575,0.43809111185353966
500,8,5,CGATCGCG,1 7 2 4 0,1.0037431233348237,0.7218949399446908,1.7256380632795145,0.41833508155977667
500,8,5,CTATCGCA,2 7 1 4 0,-0.1552735761288882,0.14610199363728782,-0.009171582491600383,0.4847837990008344
500,8,5,CTATCGCA,4 1 2 0 7,-0.1552735761288882,0.003008987104706762,-0.15226458902418144,0.01901022477293389
500,8,5,CTATCGCA,2 7 1 0 4,-0.1552735761288882,0.14642619612227747,-0.008847380006610728,0.4853374433454241
500,9,6,CTATCGCA,1 7 6 4 5 0,-0.04817907401849325,0.04199193429364545,-0.006187139724847801,0.46569218953707264
500,9,6,CTATCGCA,0 5 4 6 7 1,-0.04817907401849325,-0.12523138974241288,-0.17341046376090613,-0.7221674345734909
500,9,6,CTATCGCA,6 4 7 1 5 0,-0.04817907401849325,0.0907980772869168,0.04261900326842355,0.6533309715593677
500,9,6,CTATCGCA,6 4 1 7 0 5,-0.04817907401849325,0.07452700480341168,0.026347930784918427,0.6073619621696155
500,10,4,CTATCGCA,1 2 6 0,0.004167345783051737,-0.011148843948846743,-0.006981498165795005,-0.7279123688072004
500,10,4,CTATCGCA,6 2 1 0,0.004167345783051737,0.007967630434889461,0.012134976217941199,0.6565839348831651
500,10,4,CTATCGCA,1 6 0 2,0.004167345783051737,-0.007768859165496078,-0.0036015133824443407,-0.6508650948089874
500,10,4,CTATCGCA,2 6 1 0,0.004167345783051737,0.004722956130520206,0.008890301913571944,0.5312481146799004
500,11,2,CTATCGCA,0 1,0.00010297481900733985,-0.00011062461458599682,-7.64979557865697e-06,-0.5179068723403571
500,11,2,CTATCGCA,0 1,0.00010297481900733985,-0.00011062461458599682,-7.64979557865697e-06,-0.5179068723403571
500,11,2,CTATCGCA,0 1,0.00010297481900733985,-0.00011062461458599682,-7.64979557865697e-06,-0.5179068723403571
500,11,2,CTATCGCA,0 1,0.00010297481900733985,-0.00011062461458599682,-7.64979557865697e-06,-0.5179068723403571
500,12,5,CTATCGCA,5 2 6 7 4,-0.05512921091226519,-0.017166126080502053,-0.07229533699276725,-0.23744444378507332
500,12,5,CTATCGCA,5 7 6 2 4,-0.05512921091226519,0.00482513916596794,-0.05030407174629725,0.08048021802707761
500,12,5,CTATCGCA,2 6 5 7 4,-0.05512921091226519,-0.005320846493651388,-0.06045005740591658,-0.08802053665428955
500,12,5,CTATCGCA,2 5 6 4 7,-0.05512921091226519,-0.009253080871877373,-0.06438229178414256,-0.14372089926373852
500,13,2,CTATCGCA,3 2,-1.7357206321233498e-05,3.7914333108513e-05,2.05571267872795e-05,0.6859648473642467
500,13,2,CTATCGCA,3 2,-1.7357206321233498e-05,3.7914333108513e-05,2.05571267872795e-05,0.6859648473642467
500,13,2,CTATCGCA,2 3,-1.7357206321233498e-05,-3.791181553680634e-05,-5.5269021858039835e-05,-0.6859505426780301
500,13,2,CTATCGCA,3 2,-1.7357206321233498e-05,3.7914333108513e-05,2.05571267872795e-05,0.6859648473642467
500,14,5,CTATCGCG,5 7 0 2 3,0.1686082069256818,0.15902542275193188,0.32763362967761367,0.4853757622757175
500,14,5,CTATCGCA,5 3 7 2 0,-0.11388661970749833,0.04011568571309976,-0.07377093399439857,0.2604875661019436
500,14,5,CTATCGCA,0 2 7 3 5,-0.11388661970749833,-0.21542023788798748,-0.32930685759548584,-0.6541626234598659
500,14,5,CTATCGCA,5 7 0 2 3,-0.11388661970749833,0.1402284943831189,0.026341874675620575,0.5518305941185124
500,15,2,CAATATAT,1 0,0.7193971339384707,-0.016514480537954346,0.7028826534005164,-0.022440847804398104
500,15,2,CGATATAT,0 1,-0.284594536109644,-0.01424193452127931,-0.29883647063092333,-0.04765795316485566
500,15,2,CGATATAT,0 1,-0.284594536109644,-0.01424193452127931,-0.29883647063092333,-0.04765795316485566
500,15,2,CAATATAT,0 1,0.7193971339384707,0.017818093079727926,0.7372152270181986,0.024169458831983775
500,16,4,TTTGCGCG,7 2 5 3,-0.13404303712563018,0.17839759416430345,0.044354557038673276,0.5709807761806657
500,16,4,TTTGCGCG,7 2 5 3,-0.13404303712563018,0.17839759416430345,0.044354557038673276,0.5709807761806657
500,16,4,TTTGCGCG,3 7 5 2,-0.13404303712563018,-0.16564826321492498,-0.29969130034055513,-0.5527296355506152
500,16,4,TTTGCGCG,2 7 5 3,-0.13404303712563018,0.14691429506539455,0.012871257939764374,0.5229060723195741
500,17,3,CTATCGCA,4 5 3,-5.351424986832498e-05,-0.00032180189442443385,-0.00037531614429275884,-0.8574155397200763
500,17,3,CTATCGCA,5 4 3,-5.351424986832498e-05,-0.002068320541875446,-0.0021218347917437708,-0.974779257048403
500,17,3,CTATCGCA,4 5 3,-5.351424986832498e-05,-0.00032180189442443385,-0.00037531614429275884,-0.8574155397200763
500,17,3,CTATCGCA,3 5 4,-5.351424986832498e-05,0.0006940297961273156,0.0006405155462589907,0.9284132484835054
500,18,5,TCTACGGC,0 1 7 5 6,-0.34064842709512133,0.3858928072912895,0.045244380196168166,0.5311368288920164
500,18,5,ACTACGGC,5 6 7 1 0,1.004533250208461,0.10105985281192353,1.1055931030203845,0.09140781770059597
500,18,5,ACTACGGC,1 6 7 5 0,1.004533250208461,0.3005541512849934,1.3050874014934544,0.2302942706680483
500,18,5,ACTACGGC,6 5 0 7 1,1.004533250208461,0.16401069742082974,1.1685439476292907,0.14035475324104846
500,19,2,TTTAGGCC,5 1,4.6407876664655845e-05,-0.000349618801124163,-0.00030321092445950715,-0.8828162867113644
500,19,2,TTTAGGCC,1 5,4.6407876664655845e-05,0.00034971719898624354,0.0003961250756508994,0.8828453952620899
500,19,2,TTTAGGCC,5 1,4.6407876664655845e-05,-0.000349618801124163,-0.00030321092445950715,-0.8828162867113644
500,19,2,TTTAGGCC,1 5,4.6407876664655845e-05,0.00034971719898624354,0.0003961250756508994,0.8828453952620899
500,20,2,CGATCGCG,5 0,-0.00035299987415116085,0.0008290066561811305,0.0004760067820299696,0.7013553943294003
500,20,2,CGATCGCG,5 0,-0.00035299987415116085,0.0008290066561811305,0.0004760067820299696,0.7013553943294003
500,20,2,CGATCGCG,0 5,-0.00035299987415116085,-0.0008285263993685898,-0.0011815262735197507,-0.7012340037944488
500,20,2,CGATCGCG,5 0,-0.00035299987415116085,0.0008290066561811305,0.0004760067820299696,0.7013553943294003
500,21,3,CTATCGCA,3 5 1,5.092658187932919e-05,0.0003240836651405843,0.0003750102470199135,0.864199492456469
500,21,3,CTATCGCA,3 5 1,5.092658187932919e-05,0.0003240836651405843,0.0003750102470199135,0.864199492456469
500,21,3,CTATCGCA,3 5 1,5.092658187932919e-05,0.0003240836651405843,0.0003750102470199135,0.864199492456469
500,21,3,CTATCGCA,3 1 5,5.092658187932919e-05,0.0002492557534372608,0.00030018233531659,0.8303478390038541
500,22,5,TCTACGGC,0 7 6 2 1,-0.5749769385437498,0.21789846652411882,-0.35707847201963094,0.27482056465790755
500,22,5,ACTACGGC,1 0 6 7 2,1.0599560223096778,0.07008765872696898,1.1300436810366468,0.062022079237391954
500,22,5,ACTACGGC,0 7 2 6 1,1.0599560223096778,-0.16745829273700252,0.8924977295726753,-0.13643175795178325
500,22,5,ACTACGGC,7 1 6 2 0,1.0599560223096778,0.44378946739006864,1.5037454896997464,0.29512272550767904
500,23,6,CTATCGCG,7 2 3 1 6 0,0.34257694918696835,0.7220334385678502,1.0646103877548185,0.6782137830634578
500,23,6,CTATCGCA,3 2 7 6 1 0,-0.2291514306766847,0.22009708643174886,-0.009054344244935841,0.48992278894629004
500,23,6,CTATCGCA,7 3 6 1 0 2,-0.2291514306766847,-0.04807484802101758,-0.2772262786977023,-0.17341374795655704
500,23,6,CTATCGCA,3 6 7 2 0 1,-0.2291514306766847,-0.12625239555261292,-0.3554038262292976,-0.35523645564569145
500,24,4,TGTGGGCG,0 2 4 5,-0.07199352585770821,0.06000487869607252,-0.011988647161635696,0.4545879088381288
500,24,4,CGTGCGCG,2 0 5 4,0.8523691756021234,0.32558868437680566,1.177957859978929,0.2764009608821063
500,24,4,TGTGGGCG,0 5 4 2,-0.07199352585770821,0.05645605856704616,-0.01553746729066205,0.4395191998469879
500,24,4,TGTGGGCG,5 4 0 2,-0.07199352585770821,-0.07569014668309126,-0.14768367254079948,-0.5125153334887504
500,25,3,CTATCGCA,4 3 6,8.145984854174282e-05,-0.0006198266127437346,-0.0005383667642019918,-0.8838422627004311
500,25,3,CTATCGCA,4 6 3,8.145984854174282e-05,-0.0007706632092474575,-0.0006892033607057146,-0.9044036564940665
500,25,3,CTATCGCA,4 3 6,8.145984854174282e-05,-0.0006198266127437346,-0.0005383667642019918,-0.8838422627004311
500,25,3,CTATCGCA,6 4 3,8.145984854174282e-05,-0.0015777066070465917,-0.001496246758504849,-0.9509031488267056
500,26,3,CTATCGCA,0 5 2,0.00039111854488971254,0.0013580999731834797,0.0017492185180731923,0.7764038392867351
500,26,3,CTATCGCA,0 5 2,0.00039111854488971254,0.0013580999731834797,0.0017492185180731923,0.7764038392867351
500,26,3,CTATCGCA,5 2 0,0.00039111854488971254,-0.0016769760630290786,-0.001285857518139366,-0.8108797617903413
500,26,3,CTATCGCA,5 0 2,0.00039111854488971254,0.001870863670953904,0.0022619822158436165,0.8270903536950033
500,27,4,CTATCGCA,1 7 0 5,-0.01969597859160807,0.009395384275914243,-0.010300594315693828,0.3229612967498088
500,27,4,CTATCGCA,5 0 1 7,-0.01969597859160807,-0.02738566199896786,-0.04708164059057593,-0.5816632907318334
500,27,4,CGATCGCG,1 5 7 0,-0.38717813125198974,0.23181002880400925,-0.1553681024479805,0.37449832446397313
500,27,4,CTATCGCG,1 7 0 5,0.33743140490566237,-0.23080085205081913,0.10663055285484324,-0.4061734426817223
500,28,5,CGATCGCG,5 0 6 2 4,0.03365481476433731,0.07838305992992911,0.11203787469426642,0.6996121636886101
500,28,5,CGATCGCG,2 6 4 5 0,0.03365481476433731,0.024531182074151836,0.05818599683848914,0.42159941235078807
500,28,5,CGATCGCG,6 0 4 5 2,0.03365481476433731,-0.050261473438131254,-0.016606658673793948,-0.5989477670516499
500,28,5,CGATCGCG,5 0 2 6 4,0.03365481476433731,0.1530961553704584,0.1867509701347957,0.8197877379697388
500,29,2,CTATCGCA,0 1,0.00010297481900733985,-0.00011062461458599682,-7.64979557865697e-06,-0.5179068723403571
500,29,2,CTATCGCA,1 0,0.00010297481900733985,0.0001106549224864084,0.00021362974149374825,0.5179752674542587
500,29,2,CTATCGCA,0 1,0.00010297481900733985,-0.00011062461458599682,-7.64979557865697e-06,-0.5179068723403571
500,29,2,CTATCGCA,0 1,0.00010297481900733985,-0.00011062461458599682,-7.64979557865697e-06,-0.5179068723403571
500,30,3,CTATCGCA,1 3 5,5.092658187932919e-05,-0.0002441031981215147,-0.00019317661624218552,-0.8273849443971943
500,30,3,CTATCGCA,1 5 3,5.092658187932919e-05,-0.00030368034318772885,-0.00025275376130839966,-0.856385822499945
500,30,3,CTATCGCA,5 3 1,5.092658187932919e-05,0.00016437283304693295,0.00021529941492626214,0.7634615872190316
500,30,3,CTATCGCA,5 3 1,5.092658187932919e-05,0.00016437283304693295,0.00021529941492626214,0.7634615872190316
500,31,4,TTTAGGCC,0 5 4 6,0.003682331038427057,0.00012663289683656487,0.003808963935263622,0.03324602148741544
500,31,4,TTTAGGCC,6 4 5 0,0.003682331038427057,-0.004334233255292919,-0.0006519022168658614,-0.5406597011500643
500,31,4,TTTAGGCC,4 0 5 6,0.003682331038427057,0.010044395191982414,0.013726726230409471,0.7317400393497021
500,31,4,TTTAGGCC,0 5 4 6,0.003682331038427057,0.00012663289683656487,0.003808963935263622,0.03324602148741544
1000,0,5,CTATCGCA,5 7 3 2 1,-0.12042484384966146,0.08833333673672694,-0.032091507112934514,0.4231371268354813
1000,0,5,CTATCGCA,3 2 5 7 1,-0.12042484384966146,0.07786031394997206,-0.042564529899689396,0.3926683913914003
1000,0,5,CTATCGCA,2 5 7 1 3,-0.12042484384966146,0.25736846445969075,0.1369436206100293,0.6812414587527506
1000,0,5,CGATCGCG,1 7 3 2 5,0.8895982654742949,1.1494230865659403,2.039021352040235,0.5637131192450893
1000,1,6,CTATCGCA,4 5 2 7 1 0,-0.11490023133754032,0.23274902011301624,0.11784878877547592,0.6694938048676291
1000,1,6,CTATCGCA,1 4 2 5 0 7,-0.11490023133754032,-0.09888738751785109,-0.2137876188553914,-0.4625496464542212
1000,1,6,CGGTCGCG,5 1 0 7 4 2,4.710708646422109,1.7391260711063978,6.449834717528507,0.2696388585555582
1000,1,6,CTATCGCA,0 1 7 2 5 4,-0.11490023133754032,-0.2577011484638829,-0.37260137980142327,-0.6916269301021482
1000,2,4,CTATCGCA,7 5 4 3,0.03933517170319086,0.027585232829096196,0.06692040453228706,0.4122095946952496
1000,2,4,CTATCGCA,3 5 4 7,0.03933517170319086,-0.027220218943057706,0.012114952760133156,-0.4089859390614513
1000,2,4,CTATCGCA,5 3 7 4,0.03933517170319086,-0.01608255327710184,0.02325261842608902,-0.29020594553134427
1000,2,4,CTATCGCA,5 7 4 3,0.03933517170319086,0.01384420553767951,0.05317937724087037,0.2603303433767877
1000,3,4,CTATCGCG,1 7 4 3,-0.5451614929741164,-0.20445749991872075,-0.7496189928928372,-0.2727485587440942
1000,3,4,CTATCGCA,3 7 1 4,0.0499291694059909,-0.005962439951921361,0.04396672945406954,-0.1066786235075067
1000,3,4,CTATCGCA,4 7 3 1,0.0499291694059909,0.08259646289793299,0.1325256323039239,0.6232489629516555
1000,3,4,CTATCGCA,4 7 3 1,0.0499291694059909,0.08259646289793299,0.1325256323039239,0.6232489629516555
1000,4,6,CGATCGCG,7 3 5 2 6 4,0.8962306339645474,0.5950194592727911,1.4912500932373385,0.3990071564596317
1000,4,6,CGATATAT,5 2 4 7 6 3,-1.1144323422815492,0.6934844804786957,-0.4209478618028535,0.3835820717791183
1000,4,6,CGATCTAT,6 2 4 3 7 5,-0.09957649604270236,-0.21305220105477307,-0.3126286970974754,-0.681486386351618
1000,4,6,CGATATAG,2 7 3 5 6 4,0.2635847258866697,1.54461512573973,1.8081998516263997,0.8542281011418145
1000,5,5,CTATCGCA,3 5 2 0 6,0.0018153758532567354,-0.0032123071068506093,-0.001396931253593874,-0.6389239600704704
1000,5,5,CTATCGCA,3 0 5 2 6,0.0018153758532567354,0.00020274286114752016,0.0020181187144042555,0.10046131563046796
1000,5,5,CTATCGCA,5 2 6 3 0,0.0018153758532567354,0.0023288336908811047,0.00414420954413784,0.5619488266888769
1000,5,5,CTATCGCA,3 0 2 6 5,0.0018153758532567354,-0.00012651271319530366,0.0016888631400614317,-0.06514931669145717
1000,6,7,TTTAGGCC,4 0 5 1 6 2 7,-0.1758262959845452,0.20981096038961233,0.033984664405067144,0.5440629942301194
1000,6,7,TTTAGGCC,0 6 5 4 1 7 2,-0.1758262959845452,0.1599279799347162,-0.015898316049828998,0.4763244771696488
1000,6,7,TTTAGGCC,0 6 5 2 1 4 7,-0.1758262959845452,0.15102001101417706,-0.02480628497036813,0.4620520647790812
1000,6,7,TTTAGGCC,4 5 6 1 7 0 2,-0.1758262959845452,0.2001148822536809,0.024288586269135715,0.5323037055729827
1000,7,3,CGGTCGCG,1 5 2,4.405000889949074,0.8608659446240496,5.265866834573123,0.16348038635766898
1000,7,3,CGGTCGCG,1 2 5,4.405000889949074,-0.19751575322833315,4.207485136720741,-0.04291472873240402
1000,7,3,CTATCGCG,5 2 1,-0.35947214952141837,0.27579540501241007,-0.0836767445090083,0.43414054919709233
1000,7,3,CTATCGCG,2 5 1,-0.35947214952141837,0.4023658938625305,0.04289374434111215,0.5281514848947328
1000,8,2,CTATCGCA,2 7,0.019593328023649437,0.007769772476066472,0.02736310049971591,0.2839507341701698
1000,8,2,CTATCGCA,2 7,0.019593328023649437,0.007769772476066472,0.02736310049971591,0.2839507341701698
1000,8,2,CTATCGCA,2 7,0.019593328023649437,0.007769772476066472,0.02736310049971591,0.2839507341701698
1000,8,2,CTATCGCA,2 7,0.019593328023649437,0.007769772476066472,0.02736310049971591,0.2839507341701698
1000,9,6,CTATCGCA,5 3 7 1 4 2,-0.13030850635876262,-0.05226983965950627,-0.1825783460182689,-0.2862871791722558
1000,9,6,CTATCGCA,1 2 3 7 5 4,-0.13030850635876262,-0.20422172393101778,-0.3345302302897804,-0.6104731514222634
1000,9,6,CGATATCG,5 7 3 2 1 4,-0.0005970736118428022,0.2278584285987737,0.2272613549869309,0.9973864774274845
1000,9,6,CTATCGCA,5 7 4 3 1 2,-0.13030850635876262,-0.0005620541447699523,-0.13087056050353257,-0.0042947332280645414
1000,10,4,CTATCGCA,7 2 4 0,0.017090384181089303,0.0017137797928370446,0.018804163973926348,0.09113831357849002
1000,10,4,CTATCGCA,2 4 0 7,0.017090384181089303,0.009925994148645145,0.02701637832973445,0.3674065423388195
1000,10,4,CTATCGCA,4 7 2 0,0.017090384181089303,-0.035734699469983866,-0.018644315288894563,-0.67647217950516
1000,10,4,CTATCGCA,0 4 7 2,0.017090384181089303,-0.026937223591019688,-0.009846839409930384,-0.6118257373975273
1000,11,4,CTATCGCA,5 4 7 6,0.034020459656649786,-0.0108461404600253,0.023174319196624486,-0.24174197357990207
1000,11,4,CTATCGCA,6 5 4 7,0.034020459656649786,-0.0183898976158976,0.015630562040752187,-0.35088288981251137
1000,11,4,CTATCGCA,6 4 7 5,0.034020459656649786,-0.0130817944548558,0.020938665201793986,-0.277731813511242
1000,11,4,CTATCGCG,7 4 6 5,-0.4988800213598137,-0.17213227634130757,-0.6710122977011213,-0.2565262617854104
1000,12,4,TTTAGGCC,0 5 6 2,0.00022264485508502463,0.0002049231483920444,0.000427568003477069,0.47927615426217146
1000,12,4,TTTAGGCC,5 2 6 0,0.00022264485508502463,8.673552004667684e-05,0.00030938037513170147,0.280352365626792
1000,12,4,TTTAGGCC,2 6 0 5,0.00022264485508502463,0.00033333428651305397,0.0005559791415980786,0.5995445900271269
1000,12,4,TTTAGGCC,5 0 2 6,0.00022264485508502463,-1.7548242151388393e-05,0.00020509661293363624,-0.07305889450318516
1000,13,6,CTATCGCA,1 7 5 2 3 4,-0.13030850635876262,-0.18981400693848105,-0.32012251329724367,-0.5929417615256346
1000,13,6,CTATCGCA,5 3 2 4 7 1,-0.13030850635876262,0.04911678421957344,-0.08119172213918918,0.2737450448666228
1000,13,6,CTATCGCA,1 4 2 5 3 7,-0.13030850635876262,-0.20961299201154748,-0.3399214983703101,-0.6166511768643574
1000,13,6,CTATCGCA,4 2 3 1 5 7,-0.13030850635876262,0.199947982057334,0.06963947569857137,0.6054324110823089
1000,14,3,CAATATAT,1 2 6,0.11272746432130587,-0.3932967054250889,-0.280569241103783,-0.7772290908993502
1000,14,3,CGATATAT,6 1 2,-0.02312292315717332,-0.017544397950303825,-0.040667321107477145,-0.43141267908788045
1000,14,3,CGATATAT,1 6 2,-0.02312292315717332,-0.019007846346256407,-0.04213076950342973,-0.45116304710999977
1000,14,3,CGATATAT,6 1 2,-0.02312292315717332,-0.017544397950303825,-0.040667321107477145,-0.43141267908788045
1000,15,4,CTATCGCA,2 7 3 6,0.034166023331505944,0.0363850994848498,0.07055112281635575,0.5157267245704941
1000,15,4,CTATCGCA,3 7 2 6,0.034166023331505944,-0.018883661424975884,0.01528236190653006,-0.35596180282048895
1000,15,4,CTATCGCA,3 6 2 7,0.034166023331505944,-0.019985192578811706,0.014180830752694239,-0.36906267463892434
1000,15,4,CTATCGCA,6 7 3 2,0.034166023331505944,-0.007343965418609599,0.026822057912896345,-0.17692043866403498
1000,16,6,CTATCGCA,0 5 3 4 6 2,-0.005801715552030294,-0.050005355449656896,-0.05580707100168719,-0.8960397768975388
1000,16,6,CTATCGCA,3 6 0 5 4 2,-0.005801715552030294,-0.004558050979512451,-0.010359766531542745,-0.43997622587675056
1000,16,6,CTATCGCA,3 2 0 4 5 6,-0.005801715552030294,-0.001975724480275609,-0.007777440032305903,-0.25403275011685744
1000,16,6,CTATCGCA,4 0 6 2 3 5,-0.005801715552030294,0.053230573888213506,0.04742885833618321,0.901719624852037
1000,17,6,TTTGGGCC,6 1 2 5 3 7,-0.1619129726413755,0.19304056933752367,0.031127596696148174,0.5438474236974914
1000,17,6,TTTAGGCC,6 7 2 5 3 1,0.004793865533538999,-0.12589391963904983,-0.12110005410551083,-0.9633181821299662
1000,17,6,TTTAGGCC,1 2 6 5 3 7,0.004793865533538999,-0.14078751662958222,-0.13599365109604322,-0.9670708887200455
1000,17,6,TTTAGGCC,3 6 2 7 1 5,0.004793865533538999,0.15089467681953028,0.15568854235306928,0.9692086170177667
1000,18,3,CGATCGCG,0 4 1,-0.1218195823106123,-0.08490557002630883,-0.20672515233692113,-0.4107171723735365
1000,18,3,CTATCGCG,1 4 0,0.08069368964983847,-0.046483836796077815,0.03420985285376066,-0.3655035452812145
1000,18,3,CGATCGCG,0 1 4,-0.1218195823106123,-0.06519662484322541,-0.1870162071538377,-0.3486148384433618
1000,18,3,CTATCGCG,4 1 0,0.08069368964983847,0.05757544986142471,0.13826913951126318,0.41640130303070777
1000,19,4,CTATCGCA,3 6 1 5,0.002000029221021729,0.0006885414421557989,0.002688570663177528,0.2560994403405547
1000,19,4,CTATCGCA,6 3 1 5,0.002000029221021729,-0.0006339000592734401,0.001366129161748289,-0.24066707637738952
1000,19,4,CTATCGCA,1 5 3 6,0.002000029221021729,-0.0012228249963359694,0.0007772042246857597,-0.3794229939877701
1000,19,4,CTATCGCA,1 5 6 3,0.002000029221021729,-0.0014275245055901387,0.0005725047154315904,-0.41648493924593993
1000,20,8,CTATCGCA,5 2 0 3 4 1 6 7,-0.20277784820503464,0.2701793771834815,0.06740152897844687,0.5712554173615586
1000,20,8,AGGTCGTG,6 0 3 2 5 7 4 1,3.7119472302623713,1.7496850239918746,5.461632254254246,0.32035936191584247
1000,20,8,CTATCGCA,2 6 3 7 1 4 0 5,-0.20277784820503464,0.36684531741003923,0.1640674692050046,0.6440140421851049
1000,20,8,CTATCGCA,1 2 0 4 7 6 5 3,-0.20277784820503464,0.43964973953974607,0.23687189133471143,0.6843568799452104
1000,21,3,CTATCGCA,4 0 3,0.00011150906090512391,0.0011174411389560657,0.0012289501998611896,0.9092647847587975
1000,21,3,CTATCGCA,3 4 0,0.00011150906090512391,-0.0006048142775967325,-0.0004933052166916085,-0.8443313865239435
1000,21,3,CTATCGCA,4 0 3,0.00011150906090512391,0.0011174411389560657,0.0012289501998611896,0.9092647847587975
1000,21,3,CTATCGCA,0 3 4,0.00011150906090512391,0.0008112051720103874,0.0009227142329155114,0.879151034060906
1000,22,7,CTATCGCC,7 1 2 0 6 4 3,2.152616780036518,2.4478028143504327,4.600419594386951,0.5320825120684726
1000,22,7,CTATCGCA,4 3 7 0 6 2 1,-0.32366401491733443,-0.13780223257321822,-0.46146624749055265,-0.29861822684234207
1000,22,7,TTTAGGCC,3 6 4 7 2 0 1,5.160523536489837,1.0572833924340514,6.217806928923888,0.17004120657330135
1000,22,7,CTATCGCA,6 2 0 4 7 1 3,-0.32366401491733443,0.4409582640275893,0.11729424911025488,0.5767007791560201
1000,23,6,CTATCGCA,0 5 7 6 4 1,0.11006193056235819,-0.24085756794368685,-0.13079563738132866,-0.6863613135464964
1000,23,6,CTATCGCA,6 0 4 7 1 5,0.11006193056235819,0.09182837914801745,0.20189030971037564,0.4548429257439401
1000,23,6,CTATCGCA,7 1 6 4 5 0,0.11006193056235819,0.032057020085920485,0.14211895064827867,0.22556471138923903
1000,23,6,CTATCGCA,0 6 1 7 4 5,0.11006193056235819,0.008441731633018534,0.11850366219537672,0.07123604010735694
1000,24,1,CTATCGCA,4,-0.00011523533604318459,0.0,-0.00011523533604318459,0.0
1000,24,1,CTATCGCA,4,-0.00011523533604318459,0.0,-0.00011523533604318459,0.0
1000,24,1,CTATCGCA,4,-0.00011523533604318459,0.0,-0.00011523533604318459,0.0
1000,24,1,CTATCGCA,4,-0.00011523533604318459,0.0,-0.00011523533604318459,0.0
1000,25,5,CTATCGCA,0 1 3 2 4,-0.007601325527063711,-0.03166010572947364,-0.03926143125653735,-0.8063920421699342
1000,25,5,CTATCGCA,3 4 1 0 2,-0.007601325527063711,-0.015162687357745952,-0.022764012884809663,-0.6660814784489932
1000,25,5,CTATCGCA,3 1 0 4 2,-0.007601325527063711,-0.013446498678762353,-0.021047824205826064,-0.6388545698248632
1000,25,5,CTATCGCA,4 3 2 0 1,-0.007601325527063711,0.0025118987449115338,-0.005089426782152177,0.248377636781205
1000,26,2,CTATCGCA,3 2,-7.117702883974175e-05,1.973408667366172e-06,-6.920362017237558e-05,0.02697740074588643
1000,26,2,CTATCGCA,3 2,-7.117702883974175e-05,1.973408667366172e-06,-6.920362017237558e-05,0.02697740074588643
1000,26,2,CTATCGCA,3 2,-7.117702883974175e-05,1.973408667366172e-06,-6.920362017237558e-05,0.02697740074588643
1000,26,2,CTATCGCA,3 2,-7.117702883974175e-05,1.973408667366172e-06,-6.920362017237558e-05,0.02697740074588643
1000,27,4,CTATCGCA,3 4 6 2,-0.0007503671359113742,-0.002850184719965121,-0.003600551855876495,-0.7915966313089776
1000,27,4,CTATCGCA,3 6 2 4,-0.0007503671359113742,0.002213383812967429,0.0014630166770560546,0.7468184240665564
1000,27,4,CTATCGCA,6 4 2 3,-0.0007503671359113742,-0.0025889314733023028,-0.003339298609213677,-0.775291992803223
1000,27,4,CTATCGCA,2 6 3 4,-0.0007503671359113742,0.003102929181376446,0.0023525620454650717,0.8052661736537492
1000,28,5,CTATCGCA,6 7 3 1 4,0.0550840559589172,0.04971175638847569,0.1047958123473929,0.4743677755336606
1000,28,5,CTATCGCA,3 4 7 6 1,0.0550840559589172,0.013701061876687959,0.06878511783560516,0.1991864273523988
1000,28,5,CTATCGCG,6 4 3 7 1,-0.6104978966880172,0.2572245645371236,-0.3532733321508936,0.2964364483246719
1000,28,5,CTATCGCA,3 1 7 4 6,0.0550840559589172,-0.023300588518125664,0.03178346744079154,-0.29725960580136196
1000,29,4,TTTAGGCC,1 4 2 3,-0.056568210050408796,-0.0701432618437341,-0.1267114718941429,-0.5535667828271545
1000,29,4,TTTGGGCC,1 2 4 3,0.10142919366113134,0.20852335211773365,0.309952545778865,0.6727589592585705
1000,29,4,TTTAGGCC,3 2 1 4,-0.056568210050408796,0.02794832650504553,-0.028619883545363267,0.330684711467177
1000,29,4,TTTAGGCC,4 1 2 3,-0.056568210050408796,-0.029433216818981478,-0.08600142686939027,-0.34224102890387487
1000,30,3,CTATCGCA,2 0 1,-0.0004618265887888495,0.004311636995052215,0.0038498104062633653,0.9032512596613901
1000,30,3,CTATCGCA,0 1 2,-0.0004618265887888495,-0.007309571568103745,-0.007771398156892595,-0.940573551957411
1000,30,3,CTATCGCA,1 2 0,-0.0004618265887888495,-0.007748508001160115,-0.008210334589948964,-0.943750576334098
1000,30,3,CTATCGCA,0 2 1,-0.0004618265887888495,0.010467548267851345,0.010005721679062496,0.957744464358978
1000,31,4,CTATCGCA,5 0 2 6,0.001761380961583403,0.002691873483885221,0.004453254445468624,0.6044733165032411
1000,31,4,CTATCGCA,6 5 2 0,0.001761380961583403,-0.001552637756018438,0.00020874320556496517,-0.46850603099248334
1000,31,4,CTATCGCA,2 5 0 6,0.001761380961583403,-0.0020170625702724543,-0.0002556816086890512,-0.5338342503379253
1000,31,4,CTATCGCA,5 2 0 6,0.001761380961583403,-0.001846389757671485,-8.500879608808187e-05,-0.5117813468070996
2000,0,6,TTTAGGCC,6 7 0 4 2 5,-0.1309966377566188,0.09558547653248262,-0.03541116122413618,0.42185799542201674
2000,0,6,TTTAGGCC,0 4 7 5 6 2,-0.1309966377566188,0.16829944997809143,0.03730281222147264,0.5623175740515143
2000,0,6,TTTAGGCC,2 7 4 6 0 5,-0.1309966377566188,-0.5447508243337555,-0.6757474620903743,-0.8061455719694597
2000,0,6,TTTAGGCC,0 4 6 2 5 7,-0.1309966377566188,0.15492720944619087,0.023930571689572078,0.5418478065465414
2000,1,2,CTATCGCG,7 6,0.11583706002645178,-0.08914562907104617,0.026691430955405604,-0.4348934510691532
2000,1,2,CTATCGCA,6 7,-0.00923130635380387,-0.007258507028117811,-0.01648981338192168,-0.4401812719163668
2000,1,2,CTATCGCA,6 7,-0.00923130635380387,-0.007258507028117811,-0.01648981338192168,-0.4401812719163668
2000,1,2,CTATCGCA,6 7,-0.00923130635380387,-0.007258507028117811,-0.01648981338192168,-0.4401812719163668
2000,2,3,CTATCGCA,5 0 3,8.124175360821329e-05,0.0005404767135246402,0.0006217184671328535,0.8693271023734076
2000,2,3,CTATCGCA,0 5 3,8.124175360821329e-05,0.00039652630044884063,0.0004777680540570539,0.8299556596169747
2000,2,3,CTATCGCA,3 0 5,8.124175360821329e-05,-0.0005662665982413273,-0.000485024844633114,-0.8745317286238014
2000,2,3,CTATCGCA,0 5 3,8.124175360821329e-05,0.00039652630044884063,0.0004777680540570539,0.8299556596169747
2000,3,4,CTATCGCA,6 4 1 2,-0.0005486290065856575,-0.01795259396407678,-0.018501222970662437,-0.9703463383228437
2000,3,4,CTATCGCA,4 2 6 1,-0.0005486290065856575,0.005197972382808391,0.004649343376222734,0.9045298308669522
2000,3,4,CTATCGCA,1 2 4 6,-0.0005486290065856575,-0.009221423814091079,-0.009770052820676736,-0.9438458505132569
2000,3,4,CTATCGCA,4 6 2 1,-0.0005486290065856575,-0.0014879757911727687,-0.002036604797758426,-0.7306158724611167
2000,4,2,CTATCGCA,6 4,-5.769051411708137e-05,-0.00018982908349929328,-0.00024751959761637465,-0.7669254690430829
2000,4,2,CTATCGCA,4 6,-5.769051411708137e-05,0.00018987939929726583,0.00013218888518018446,0.7669728388177476
2000,4,2,CTATCGCA,6 4,-5.769051411708137e-05,-0.00018982908349929328,-0.00024751959761637465,-0.7669254690430829
2000,4,2,CTATCGCA,6 4,-5.769051411708137e-05,-0.00018982908349929328,-0.00024751959761637465,-0.7669254690430829
2000,5,4,CTATCGCA,7 0 3 4,-0.013920673116908838,0.007656488449016674,-0.006264184667892164,0.35484224491824456
2000,5,4,CTATCGCA,7 4 0 3,-0.013920673116908838,0.008038745965337935,-0.005881927151570904,0.36607279706396734
2000,5,4,CTATCGCA,3 7 4 0,-0.013920673116908838,0.007291488905708743,-0.006629184211200095,0.3437409585092813
2000,5,4,CTATCGCA,3 7 0 4,-0.013920673116908838,0.007456103914252221,-0.006464569202656617,0.3487945775634658
2000,6,6,CTATCGCA,7 6 4 5 3 2,-0.025334121318419903,-0.005995516634255793,-0.031329637952675696,-0.19136884515908517
2000,6,6,CTATCGCA,5 4 7 3 6 2,-0.025334121318419903,-0.02488328759308267,-0.05021740891150257,-0.4955111809319779
2000,6,6,CTATCGCA,7 2 4 3 6 5,-0.025334121318419903,0.0012579666946397339,-0.02407615462378017,0.04730605186106236
2000,6,6,CTATCGCA,5 4 3 6 7 2,-0.025334121318419903,-0.040525928676187206,-0.06586004999460711,-0.6153340102156867
2000,7,4,CTATCGCA,4 7 1 5,-0.02290233161651556,0.01518224453221606,-0.007720087084299498,0.39864549031410695
2000,7,4,CTATCGCA,5 1 7 4,-0.02290233161651556,-0.018659814232787397,-0.041562145849302956,-0.44896176199478743
2000,7,4,CTATCGCA,7 1 4 5,-0.02290233161651556,0.00010504788852827573,-0.022797283727987283,0.004565834562134572
2000,7,4,CTATCGCA,5 7 1 4,-0.02290233161651556,0.000868132831701729,-0.02203419878481383,0.03652149219014676
2000,8,5,TTTGCGCG,0 5 7 4 2,-0.41931807058247395,-0.24289038297183474,-0.6622084535543087,-0.366788405777902
2000,8,5,TTTGGGCC,5 0 2 7 4,0.5942690202281047,0.44046798519897123,1.034737005427076,0.42568109856781733
2000,8,5,TTTGCGCG,7 2 5 4 0,-0.41931807058247395,0.054429901457305974,-0.36488816912516797,0.11489210438822854
2000,8,5,TTTGGGCC,5 0 7 4 2,0.5942690202281047,0.3362444293118969,0.9305134495400016,0.36135364779318235
2000,9,2,CTATCGCA,2 7,-0.02013096826727001,0.007908390889218908,-0.012222577378051103,0.2820460640730704
2000,9,2,CTATCGCG,2 7,0.2080140958689798,-0.007789940543335927,0.20022415532564386,-0.03609728841425583
2000,9,2,CTATCGCA,2 7,-0.02013096826727001,0.007908390889218908,-0.012222577378051103,0.2820460640730704
2000,9,2,CTATCGCA,7 2,-0.02013096826727001,-0.007928954390359677,-0.028059922657629688,-0.2825722111605229
2000,10,5,CTATCGCA,7 5 1 6 2,-0.2017088245457364,0.07032242216708795,-0.13138640237864846,0.2585086199355816
2000,10,5,CTATCGCA,5 6 2 7 1,-0.2017088245457364,0.08008756987154442,-0.12162125467419199,0.2842036713676034
2000,10,5,CTATCGCG,2 7 6 5 1,0.14378326591959079,-0.002060449404281073,0.1417228165153097,-0.014127790146496743
2000,10,5,CTATCGCA,6 1 5 2 7,-0.2017088245457364,-0.2648530693312878,-0.46656189387702424,-0.5676697407291849
2000,11,2,CTATCGCA,7 6,-0.00923130635380387,0.007189613012351992,-0.002041693341451878,0.4378325507870197
2000,11,2,CTATCGCA,6 7,-0.00923130635380387,-0.007258507028117811,-0.01648981338192168,-0.4401812719163668
2000,11,2,CTATCGCA,6 7,-0.00923130635380387,-0.007258507028117811,-0.01648981338192168,-0.4401812719163668
2000,11,2,CTATCGCA,6 7,-0.00923130635380387,-0.007258507028117811,-0.01648981338192168,-0.4401812719163668
2000,12,4,TTTGGGCC,2 5 1 7,0.15079384966519238,-0.20490235877444185,-0.05410850910924947,-0.5760600026446898
2000,12,4,TTTGGGCC,5 7 1 2,0.15079384966519238,0.04295674946492589,0.19375059913011827,0.22171156970759695
2000,12,4,TTTGGGCC,2 5 7 1,0.15079384966519238,-0.027737852607268465,0.12305599705792392,-0.15536653857104418
2000,12,4,TTTGGGCC,2 7 1 5,0.15079384966519238,0.06593034740514803,0.2167241970703404,0.3042131349262748
2000,13,4,CTATCGCA,5 4 1 7,-0.02290233161651556,-0.014215652388056554,-0.03711798400457211,-0.3829855734165277
2000,13,4,CTATCGCA,4 5 1 7,-0.02290233161651556,-0.011667166219094582,-0.03456949783561014,-0.33749886314739
2000,13,4,CTATCGCA,1 4 7 5,-0.02290233161651556,0.0059778390267730686,-0.01692449258974249,0.2069876629403587
2000,13,4,CTATCGCA,5 1 7 4,-0.02290233161651556,-0.018659814232787397,-0.041562145849302956,-0.44896176199478743
2000,14,5,CTATATAT,1 4 6 2 7,2.3256155383170345,0.019451651494734712,2.345067189811769,0.008294709669404411
2000,14,5,CTATCTCT,1 7 6 4 2,3.0790248519543297,0.5909641190751831,3.669988971029513,0.1610261294353167
2000,14,5,CGATATAT,2 6 4 7 1,-0.30832773994801377,0.11725506891511817,-0.1910726710328956,0.2755164599536904
2000,14,5,CGATATAT,1 7 6 2 4,-0.30832773994801377,-0.26601354096069496,-0.5743412809087087,-0.46316284377089323
2000,15,3,CTATCGCG,3 4 0,0.003805302380208292,-0.0015771827453845422,0.0022281196348237498,-0.2930212919465949
2000,15,3,CTATCGCG,0 3 4,0.003805302380208292,-0.002038328107735632,0.00176697427247266,-0.3488119435239677
2000,15,3,CTATCGCG,3 4 0,0.003805302380208292,-0.0015771827453845422,0.0022281196348237498,-0.2930212919465949
2000,15,3,CTATCGCG,0 4 3,0.003805302380208292,-0.0017639612657858184,0.0020413411144224736,-0.3167315066965109
2000,16,4,CAATCTAT,6 3 0 5,-0.007797580061402326,0.1044494315018265,0.09665185144042418,0.9305319584654604
2000,16,4,CAATCTAT,0 3 6 5,-0.007797580061402326,-0.06753085597725361,-0.07532843603865594,-0.8964855707690402
2000,16,4,CAATCTAT,0 6 5 3,-0.007797580061402326,0.055373002751451406,0.04757542269004908,0.8765631134906088
2000,16,4,CAATCTAT,3 5 6 0,-0.007797580061402326,-0.046066102692322364,-0.05386368275372469,-0.8552349252268102
2000,17,4,CTATCGCA,4 3 1 0,-3.2906308530110395e-05,0.0009193004709868724,0.000886394162456762,0.9654420560345071
2000,17,4,CTATCGCA,1 0 4 3,-3.2906308530110395e-05,-0.0015765152855737874,-0.0016094215941038978,-0.9795539536373425
2000,17,4,CTATCGCA,3 1 0 4,-3.2906308530110395e-05,-0.0015504100036696222,-0.0015833163121997326,-0.9792168448739134
2000,17,4,CTATCGCA,4 0 1 3,-3.2906308530110395e-05,0.0016300249373171205,0.00159711862878701,0.9802118646743297
2000,18,6,CGATATAT,4 6 1 3 5 0,-0.45841670035713433,0.2952535573018551,-0.16316314305527924,0.39175429082070456
2000,18,6,CGATATAT,0 6 5 4 3 1,-0.45841670035713433,0.5543415518503068,0.09592485149317242,0.5473582176615651
2000,18,6,CGATATAT,4 1 5 3 6 0,-0.45841670035713433,0.36360328909912454,-0.0948134112580098,0.4423290111711724
2000,18,6,CGATATAT,1 5 4 0 6 3,-0.45841670035713433,-0.27036196399757983,-0.7287786643547142,-0.370979526735964
2000,19,3,CTATCGCA,4 5 3,-0.00017145747352698137,-0.0002319916732675953,-0.00040344914679457666,-0.5750208548234159
2000,19,3,CTATCGCA,3 4 5,-0.00017145747352698137,0.00162731183417697,0.0014558543606499885,0.904680676508852
2000,19,3,CTATCGCA,5 4 3,-0.00017145747352698137,-0.0020064040766600844,-0.0021778615501870657,-0.921272555864603
2000,19,3,CTATCGCA,3 5 4,-0.00017145747352698137,0.0006253045245967481,0.00045384705106976675,0.784807164585232
2000,20,5,CAATATAT,1 3 6 2 5,0.3521853483709494,-0.34066600857133356,0.011519339799615835,-0.49168700495121104
2000,20,5,CGATATAT,6 2 1 5 3,-0.08318028947091372,0.10000621715073432,0.016825927679820607,0.5459256743035467
2000,20,5,CGATATAT,3 2 5 1 6,-0.08318028947091372,-0.02108271824965957,-0.10426300772057329,-0.20220707910289362
2000,20,5,CGATATAT,2 5 3 6 1,-0.08318028947091372,-0.032665918920089076,-0.11584620839100279,-0.2819765909803059
2000,21,6,TTTAGGCC,4 2 7 5 3 0,4.913941576464847,-0.6380545624066079,4.275887014058239,-0.11492345211470269
2000,21,6,TTTGCGCG,0 4 2 7 3 5,4.389211233505001,1.969847255636184,6.3590584891411845,0.30977026850750344
2000,21,6,CTATCGCA,3 0 5 2 4 7,-0.28753046119537506,-0.04769467077923828,-0.33522513197461334,-0.14227653666148815
2000,21,6,TTTAGGCC,4 5 3 7 0 2,4.913941576464847,-0.5038762943039208,4.410065282160926,-0.09300354982815667
2000,22,4,CTATCGCA,6 1 7 3,0.0031397189988337793,0.0007295118285481905,0.0038692308273819698,0.18854182164205455
2000,22,4,CTATCGCA,6 3 1 7,0.0031397189988337793,-0.05008288929631011,-0.04694317029747633,-0.9410077953823197
2000,22,4,CTATCGCA,3 1 7 6,0.0031397189988337793,-0.020582377948731967,-0.017442658949898188,-0.8676458069548543
2000,22,4,CTATCGCA,1 6 3 7,0.0031397189988337793,-0.008490239493686325,-0.005350520494852545,-0.730031796686711
2000,23,5,CTATCGCA,6 7 5 1 0,-0.01946519648395212,0.01228561141732154,-0.007179585066630578,0.3869385451709628
2000,23,5,CTATCGCA,6 7 0 1 5,-0.01946519648395212,0.011831620898813178,-0.007633575585138941,0.3780454975376723
2000,23,5,CTATCGCA,7 5 1 0 6,-0.01946519648395212,-0.005387101710145892,-0.02485229819409801,-0.21676473008943836
2000,23,5,CTATCGCA,0 7 5 1 6,-0.01946519648395212,0.016503390908549243,-0.002961805575402876,0.45882788580098166
2000,24,7,CTATCGCA,2 6 5 4 1 0 7,-0.10039416200370993,0.2697400744708638,0.16934591246715386,0.728762832209372
2000,24,7,CGATATAT,0 5 4 6 7 1 2,-0.5558189560690057,0.7659322638803632,0.2101133078113575,0.5794829256217392
2000,24,7,CTATCGCA,7 1 4 5 0 2 6,-0.10039416200370993,-0.023578097442733537,-0.12397225944644347,-0.19018849497471144
2000,24,7,CTATCGCG,0 4 5 1 7 2 6,0.2396683335226255,-0.5146598655347887,-0.2749915320121632,-0.6822757868231523
2000,25,3,CTATCGCA,3 2 0,0.0003709821292957327,-0.0023744683125386246,-0.002003486183242892,-0.8648738568932742
2000,25,3,CTATCGCA,3 0 2,0.0003709821292957327,0.0011340737697338454,0.0015050558990295781,0.7535094015212773
2000,25,3,CTATCGCA,0 2 3,0.0003709821292957327,-0.0007048990968741009,-0.0003339169675783682,-0.6551830069417243
2000,25,3,CTATCGCA,3 2 0,0.0003709821292957327,-0.0023744683125386246,-0.002003486183242892,-0.8648738568932742
2000,26,4,CTATCGCA,5 6 0 3,-0.0003258638004286357,-1.8117042992482624e-05,-0.00034398084342111834,-0.05266875565597368
2000,26,4,CTATCGCA,3 6 5 0,-0.0003258638004286357,-0.0014526043402667277,-0.0017784681406953634,-0.8167727647337971
2000,26,4,CTATCGCA,6 3 0 5,-0.0003258638004286357,-0.0012530335667917392,-0.0015788973672203749,-0.7936130573184031
2000,26,4,CTATCGCA,0 5 6 3,-0.0003258638004286357,0.0009317385325346983,0.0006058747321060626,0.7408848632931596
2000,27,4,CGGTCGCG,6 3 1 2,4.138340987160374,1.288492213178555,5.42683320033893,0.23742985376777068
2000,27,4,CTATCGCG,2 1 3 6,-0.2486746527006467,0.49191439208390175,0.24323973938325505,0.6642204547152181
2000,27,4,CTATCGCG,6 2 1 3,-0.2486746527006467,0.2930472965258444,0.04437264382519768,0.5409551836403861
2000,27,4,CTATCGCG,3 2 6 1,-0.2486746527006467,0.36048386164246704,0.11180920894182034,0.59177349270279
2000,28,4,CTATCGCA,1 6 3 2,-0.0005425167058749694,-0.005779524980578099,-0.0063220416864530685,-0.9141864712728043
2000,28,4,CTATCGCA,3 1 6 2,-0.0005425167058749694,-0.005913305992332862,-0.006455822698207832,-0.9159647451244944
2000,28,4,CTATCGCA,2 3 6 1,-0.0005425167058749694,0.008959917702061393,0.008417400996186424,0.9429076084522232
2000,28,4,CTATCGCA,2 6 3 1,-0.0005425167058749694,0.0068514974953655106,0.006308980789490541,0.9266275812962392
2000,29,2,CGATATAT,7 2,-0.006062906483674024,-0.05346845590681304,-0.059531362390487064,-0.8981560938601523
2000,29,2,CGATATAT,2 7,-0.006062906483674024,0.05574583879500161,0.04968293231132759,0.901908597944541
2000,29,2,CGATATAT,7 2,-0.006062906483674024,-0.05346845590681304,-0.059531362390487064,-0.8981560938601523
2000,29,2,CGATATAT,7 2,-0.006062906483674024,-0.05346845590681304,-0.059531362390487064,-0.8981560938601523
2000,30,4,CTATCGCA,1 7 6 5,-0.021782999014951426,0.016504537909113548,-0.005278461105837878,0.43106815520274183
2000,30,4,CTATCGCA,6 1 5 7,-0.021782999014951426,-0.02706044459215251,-0.04884344360710394,-0.5540240939976795
2000,30,4,CTATCGCA,5 6 7 1,-0.021782999014951426,-0.012642891155210112,-0.03442589017016154,-0.36724950590147043
2000,30,4,CTATCGCA,1 6 5 7,-0.021782999014951426,-0.0045609043826151385,-0.026343903397566565,-0.17312940735412952
2000,31,7,CTATCGCA,3 6 0 5 4 1 2,-0.004500439302647168,-0.009767324222732299,-0.014267763525379467,-0.6845728978727608
2000,31,7,CTATCGCA,2 3 1 6 0 5 4,-0.004500439302647168,0.01813483316013631,0.013634393857489142,0.8011758281219407
2000,31,7,CTATCGCA,2 0 5 4 3 1 6,-0.004500439302647168,0.02541602320829739,0.020915583905650223,0.84956646191037
2000,31,7,CTATCGCA,0 6 4 1 2 3 5,-0.004500439302647168,-0.0570543626473885,-0.06155480195003567,-0.9268872750772524
5000,0,2,TTTAGGCC,5 4,-0.00054396929959033,-0.0012463943299340086,-0.0017903636295243386,-0.6961682584364992
5000,0,2,TTTAGGCC,4 5,-0.00054396929959033,0.0012460282564018543,0.0007020589568115243,0.6961061216148917
5000,0,2,TTTAGGCC,5 4,-0.00054396929959033,-0.0012463943299340086,-0.0017903636295243386,-0.6961682584364992
5000,0,2,TTTAGGCC,4 5,-0.00054396929959033,0.0012460282564018543,0.0007020589568115243,0.6961061216148917
5000,1,3,CGATATAT,6 7 2,-0.01904147674331355,-0.06635723022929896,-0.08539870697261251,-0.7770285122768875
5000,1,3,CGATATAT,6 7 2,-0.01904147674331355,-0.06635723022929896,-0.08539870697261251,-0.7770285122768875
5000,1,3,CGATATAT,6 2 7,-0.01904147674331355,0.03457852355484348,0.015537046811529925,0.6448810772578824
5000,1,3,CGATATAT,7 6 2,-0.01904147674331355,-0.0932710249181794,-0.11231250166149295,-0.8304598645598326
5000,2,6,CTATCGCA,7 2 0 4 3 6,-0.39859924862349344,-0.008049010953128821,-0.40664825957662226,-0.019793545806660942
5000,2,6,CTATCGCA,3 7 0 6 4 2,-0.39859924862349344,0.2238625646086243,-0.17473668401486914,0.359640639553812
5000,2,6,CTATCGCA,2 7 0 6 3 4,-0.39859924862349344,0.3992670332617658,0.000667784638272384,0.5004184815510028
5000,2,6,TTTGGGCC,0 7 4 6 2 3,5.319412663836814,1.2959349210947115,6.615347584931525,0.19589823580042856
5000,3,6,CTATCGCA,5 6 1 3 7 4,0.07520295408649691,-0.04346212555724449,0.03174082852925242,-0.36625876532276663
5000,3,6,CGATCGCG,1 3 7 6 5 4,-0.408055958341758,-0.29340067753627874,-0.7014566358780367,-0.41827343634581104
5000,3,6,CTATCGCA,7 6 4 1 3 5,0.07520295408649691,-0.009076664477152718,0.06612628960934419,-0.10769702843752008
5000,3,6,CTATCGCG,3 5 1 6 7 4,0.3502302410802991,-0.057662201773100996,0.2925680393071981,-0.14136619293489894
5000,4,5,CTATCGCA,0 3 2 5 7,-0.10726856545548616,-0.22927372765987375,-0.3365422931153599,-0.6812627486949563
5000,4,5,CTATCGCA,2 3 0 5 7,-0.10726856545548616,0.05887060704428304,-0.04839795841120312,0.3543451322075462
5000,4,5,CTATCGCA,5 2 0 3 7,-0.10726856545548616,0.05744518650264663,-0.04982337895283953,0.3487576830697666
5000,4,5,CTATCGCA,3 5 7 2 0,-0.10726856545548616,-0.00859734417879654,-0.1158659096342827,-0.07420080855476006
5000,5,6,CGATATCT,3 1 5 4 2 7,2.0829734428861624,1.6833257787849867,3.766299221671149,0.44694424943700467
5000,5,6,CTATCGCA,4 3 7 2 5 1,-0.24507314331430696,0.14614277375721763,-0.09893036955708934,0.3735603981841538
5000,5,6,CTATCGCA,5 3 7 1 2 4,-0.24507314331430696,-0.18850603700184543,-0.4335791803161524,-0.4347672710308477
5000,5,6,CTATCGCG,7 4 2 1 3 5,0.32148025472998887,1.0921539401558338,1.4136341948858226,0.7725859660914934
5000,6,6,TTTAGGCG,6 7 3 4 5 2,2.1221750953831613,1.9218116450310712,4.0439867404142325,0.47522698969933236
5000,6,6,TTTAGGCC,3 2 5 7 6 4,0.08466091152479271,0.5667569121225711,0.6514178236473638,0.8700359301641971
5000,6,6,TTTGGGCC,3 2 7 4 5 6,-0.14643555592118274,-0.2300719284987096,-0.37650748441989235,-0.6110686719898683
5000,6,6,TTTAGGCC,3 6 7 2 5 4,0.08466091152479271,0.5769945880290948,0.6616554995538875,0.8720468407171493
5000,7,3,CTATCGCA,0 4 3,-0.0003049600242962802,-0.001438998865591401,-0.0017439588898876812,-0.8251334787393291
5000,7,3,CTATCGCA,3 0 4,-0.0003049600242962802,-0.0005524600592927698,-0.00085742008358905,-0.6443283401763149
5000,7,3,CTATCGCA,0 4 3,-0.0003049600242962802,-0.001438998865591401,-0.0017439588898876812,-0.8251334787393291
5000,7,3,CTATCGCA,0 3 4,-0.0003049600242962802,0.0008088647181700992,0.000503904693873819,0.7262046597914524
5000,8,3,TTTGCGCG,6 7 2,-0.09227242168891717,-0.0028047172769973816,-0.09507713896591455,-0.02949938657707066
5000,8,3,TTTGCGCG,6 2 7,-0.09227242168891717,-0.271496688978625,-0.36376911066754214,-0.7463434387829393
5000,8,3,TTTGCGCG,7 6 2,-0.09227242168891717,0.20889153398485827,0.1166191122959411,0.6936139934724865
5000,8,3,TTTGCGCG,7 6 2,-0.09227242168891717,0.20889153398485827,0.1166191122959411,0.6936139934724865
5000,9,4,CTATCGCA,2 3 5 0,-0.00016659932539267452,0.0011957677474612183,0.0010291684220685438,0.8777133353320985
5000,9,4,CTATCGCA,3 2 0 5,-0.00016659932539267452,-0.0024345518973376556,-0.00260115122273033,-0.9359516955658573
5000,9,4,CTATCGCA,0 3 2 5,-0.00016659932539267452,-0.0005733782036685398,-0.0007399775290612143,-0.7748589398328977
5000,9,4,CTATCGCA,0 5 2 3,-0.00016659932539267452,-0.0009583419257950254,-0.0011249412511877,-0.8519039770149944
5000,10,3,CTATCGCA,4 6 0,-0.0015010662200557467,-0.0002877596088117773,-0.001788825828867524,-0.16086507929838711
5000,10,3,CTATCGCA,4 0 6,-0.0015010662200557467,0.0009405646743354534,-0.0005605015457202933,0.385219844857007
5000,10,3,CTATCGCA,4 0 6,-0.0015010662200557467,0.0009405646743354534,-0.0005605015457202933,0.385219844857007
5000,10,3,CTATCGCA,0 4 6,-0.0015010662200557467,0.0008982839827760269,-0.0006027822372797198,0.3743863574878938
5000,11,4,CTATCGCA,0 2 6 7,-0.04682973904200399,0.01962032864635832,-0.027209410395645672,0.2952642386817992
5000,11,4,CTATCGCA,0 6 7 2,-0.04682973904200399,0.006107514841876327,-0.040722224200127666,0.1153727175813345
5000,11,4,CTATCGCG,0 2 7 6,0.3386177974375828,-0.04438223442500089,0.2942355630125819,-0.11588049799673322
5000,11,4,CTATCGCA,2 7 0 6,-0.04682973904200399,0.025282684378414633,-0.02154705466358936,0.3506009530565276
5000,12,3,CTATCGCA,3 1 0,3.4860934792046994e-05,-0.0005092918351985443,-0.00047443090040649727,-0.9359353903635375
5000,12,3,CTATCGCA,3 0 1,3.4860934792046994e-05,-0.0006022492077428776,-0.0005673882729508306,-0.945282718850868
5000,12,3,CTATCGCA,0 1 3,3.4860934792046994e-05,0.00034930824485202017,0.00038416917964406716,0.9092562947804775
5000,12,3,CTATCGCA,0 3 1,3.4860934792046994e-05,0.0006500692269517661,0.000684930161743813,0.9491029352492055
5000,13,4,CTATCGCA,3 5 0 4,-0.00025263891498156915,-0.0021502631286818286,-0.0024029020436633977,-0.8948609180104559
5000,13,4,CTATCGCA,4 3 5 0,-0.00025263891498156915,0.0024028716327268995,0.0021502327177453304,0.9048623944651322
5000,13,4,CTATCGCA,3 5 0 4,-0.00025263891498156915,-0.0021502631286818286,-0.0024029020436633977,-0.8948609180104559
5000,13,4,CTATCGCA,3 4 5 0,-0.00025263891498156915,-0.0010937482791302244,-0.0013463871941117936,-0.8123579041107606
5000,14,3,CTATCGCA,6 0 5,-0.0010811023211769744,-0.0002224943962321202,-0.0013035967174090946,-0.1706773216446333
5000,14,3,CTATCGCA,6 5 0,-0.0010811023211769744,-0.0001093924872950236,-0.001190494808471998,-0.09188825227673948
5000,14,3,CTATCGCA,0 6 5,-0.0010811023211769744,0.0003133679785858323,-0.000767734342591142,0.22472187370296437
5000,14,3,CTATCGCA,5 0 6,-0.0010811023211769744,0.0003943516642064271,-0.0006867506569705473,0.2672747968510543
5000,15,3,TTTGAGCG,5 7 3,-0.3428046424587887,0.24481935433515578,-0.09798528812363294,0.41662586223653464
5000,15,3,TTTGAGCC,7 3 5,-0.20192668438194294,0.23171211917740875,0.029785434795465804,0.5343435995014559
5000,15,3,TTTAAGCC,5 3 7,1.7471050505284282,0.2602981938491127,2.007403244377541,0.12966911086657448
5000,15,3,TTTGAGCG,7 5 3,-0.3428046424587887,0.2007241342617967,-0.14208050819699203,0.3692980810931083
5000,16,3,CTATCGCA,1 6 2,-0.00047029681624816133,-0.008943921583464798,-0.00941421839971296,-0.9500439870544642
5000,16,3,CTATCGCA,1 6 2,-0.00047029681624816133,-0.008943921583464798,-0.00941421839971296,-0.9500439870544642
5000,16,3,CTATCGCA,1 2 6,-0.00047029681624816133,-0.008789420792651326,-0.009259717608899487,-0.9492104580169745
5000,16,3,CTATCGCA,6 1 2,-0.00047029681624816133,-0.011408786684966143,-0.011879083501214305,-0.9604096716552176
5000,17,3,CTATCGCA,5 2 3,-2.0867219765907663e-05,-0.00015898971049366217,-0.00017985693025956984,-0.883978783937922
5000,17,3,CTATCGCA,5 2 3,-2.0867219765907663e-05,-0.00015898971049366217,-0.00017985693025956984,-0.883978783937922
5000,17,3,CTATCGCA,2 3 5,-2.0867219765907663e-05,1.3765137423238372e-06,-1.9490706023583826e-05,0.06188321496543939
5000,17,3,CTATCGCA,5 3 2,-2.0867219765907663e-05,-5.073931164090162e-05,-7.160653140680928e-05,-0.7085849662601681
5000,18,5,CTATCGCA,7 4 2 5 6,-0.03598953446932113,0.008512594787799976,-0.02747693968152115,0.1912851121935433
5000,18,5,CTATCGCA,2 6 5 7 4,-0.03598953446932113,0.0026952616296798126,-0.033294272839641315,0.06967237523450252
5000,18,5,CTATCGCA,5 7 6 2 4,-0.03598953446932113,-0.00836299507160998,-0.04435252954093111,-0.1885573417834516
5000,18,5,CTATCGCA,7 5 4 6 2,-0.03598953446932113,0.006585947472314224,-0.029403586997006903,0.15468873567520805
5000,19,6,CGGTCGCG,1 5 7 0 6 2,5.069786587180962,1.947457994482444,7.017244581663406,0.27752459983670796
5000,19,6,CTATCGCA,0 7 5 2 1 6,-0.1977459434568684,0.12177338477289368,-0.07597255868397473,0.38111429893007304
5000,19,6,CGATCGCG,6 0 7 1 2 5,1.0381082646531543,0.5617510742521326,1.5998593389052869,0.35112528994987396
5000,19,6,CGATCGCG,0 6 1 5 2 7,1.0381082646531543,0.9546813705891317,1.992789635242286,0.47906781212913135
5000,20,4,CTATCGCA,2 3 7 6,-0.0257946323562549,0.010220562966442248,-0.01557406938981265,0.28378474349134364
5000,20,4,CTATCGCA,2 6 7 3,-0.0257946323562549,0.02931060333323332,0.003515970976978422,0.5319023313573189
5000,20,4,CTATCGCG,7 3 2 6,0.2543315847106373,-0.09420696997610234,0.160124614734535,-0.27029138874112196
5000,20,4,CTATCGCA,2 6 7 3,-0.0257946323562549,0.02931060333323332,0.003515970976978422,0.5319023313573189
5000,21,3,CTATCGCA,4 3 7,-0.032365649809248775,-0.011985510435770896,-0.04435116024501967,-0.27024119255407275
5000,21,3,CTATCGCA,7 3 4,-0.032365649809248775,0.005873387160626686,-0.02649226264862209,0.15359662862989237
5000,21,3,CTATCGCA,4 7 3,-0.032365649809248775,0.01416308269748634,-0.018202567111762435,0.3043943373148239
5000,21,3,CTATCGCA,3 4 7,-0.032365649809248775,-0.010593481658780268,-0.042959131468029044,-0.24659440954163905
5000,22,5,CTATCGCA,3 2 6 1 5,0.0002961975977127957,0.006013038639285817,0.006309236236998613,0.953053335366358
5000,22,5,CTATCGCA,3 6 1 2 5,0.0002961975977127957,-0.006287150440893008,-0.005990952843180212,-0.9550080603401422
5000,22,5,CTATCGCA,2 6 1 3 5,0.0002961975977127957,0.002828685883433657,0.0031248834811464527,0.9052132345094265
5000,22,5,CTATCGCA,3 1 5 2 6,0.0002961975977127957,-0.00639195552579519,-0.006095757928082394,-0.9557130956419494
5000,23,5,CTATCGCG,1 7 3 4 6,0.2547048391316671,0.027658956496644294,0.2823637956283114,0.09795503858806696
5000,23,5,CTATCGCA,7 1 3 6 4,-0.008198638635488004,0.0044090941244965265,-0.003789544510991477,0.3497134820695499
5000,23,5,CTATCGCA,4 6 1 7 3,-0.008198638635488004,0.004269182134378546,-0.003929456501109457,0.3424160655803397
5000,23,5,CTATCGCA,7 4 3 6 1,-0.008198638635488004,0.004479860448411976,-0.0037187781870760273,0.3533431219867979
5000,24,3,CTATCGCA,5 0 1,-2.504900737071436e-05,2.235200728017972e-05,-2.6970000905346403e-06,0.47155124093441986
5000,24,3,CTATCGCA,1 0 5,-2.504900737071436e-05,1.3404019144847013e-05,-1.1644988225867348e-05,0.348581642576888
5000,24,3,CTATCGCA,5 1 0,-2.504900737071436e-05,0.00011530937982451306,9.02603724537987e-05,0.8215353719056834
5000,24,3,CTATCGCA,5 1 0,-2.504900737071436e-05,0.00011530937982451306,9.02603724537987e-05,0.8215353719056834
5000,25,3,CTATCGCA,0 3 6,-0.0010552572747045963,0.0010858580196662082,3.0600744961611914e-05,0.5071459825265048
5000,25,3,CTATCGTA,6 0 3,0.604602511105969,-0.10933166723959697,0.495270843866372,-0.15313970188814396
5000,25,3,CTATCGCA,0 3 6,-0.0010552572747045963,0.0010858580196662082,3.0600744961611914e-05,0.5071459825265048
5000,25,3,CTATCGCA,0 6 3,-0.0010552572747045963,0.0006444641464775636,-0.00041079312822703273,0.37915868944531944
5000,26,5,CTATCTCT,4 7 0 3 2,-0.1130441477555959,0.3807944313730891,0.2677502836174932,0.7710908937996545
5000,26,5,CTATCTCA,7 3 0 4 2,-0.1483550502745179,0.6317301828096751,0.4833751325351572,0.8098219989526372
5000,26,5,CTATCTCT,0 2 3 4 7,-0.1130441477555959,-0.5452023532170083,-0.6582465009726042,-0.8282647190853799
5000,26,5,CTATCTCA,7 2 3 4 0,-0.1483550502745179,0.3759742453988073,0.2276191951242894,0.7170574837249832
5000,27,3,CTATCGCA,2 7 0,-0.046211361621582875,0.016945097665389763,-0.02926626395619311,0.26830347769171176
5000,27,3,CTATCGCA,7 0 2,-0.046211361621582875,-0.02479911621876818,-0.07101047784035106,-0.3492317890681241
5000,27,3,CTATCGCA,2 7 0,-0.046211361621582875,0.016945097665389763,-0.02926626395619311,0.26830347769171176
5000,27,3,CTATCGCG,0 7 2,0.3858276114769357,-0.043879526469568386,0.3419480850073673,-0.1021149582928993
5000,28,2,CGATCGCG,4 1,-0.4499720438482908,-0.01603366286603536,-0.4660057067143262,-0.03440658050967693
5000,28,2,CGATCGCG,1 4,-0.4499720438482908,0.013974076507069055,-0.43599796734122176,0.03012004173322023
5000,28,2,CTATCGCG,1 4,0.24978383917338665,-0.02858783239445728,0.22119600677892937,-0.10269662941435453
5000,28,2,CTATCGCG,4 1,0.24978383917338665,0.027892098881586946,0.2776759380549736,0.10044838266131989
5000,29,5,CTATCGCG,3 2 5 6 0,-0.09050625247135347,-0.16232794925969518,-0.25283420173104865,-0.6420331907167008
5000,29,5,CTATCGCG,2 6 5 0 3,-0.09050625247135347,0.1578625761147192,0.06735632364336575,0.6355973775509902
5000,29,5,TTTGCGCG,3 0 5 6 2,2.0570837252848406,1.0290598379736515,3.086143563258492,0.33344522601765253
5000,29,5,CTATCGCG,6 5 2 0 3,-0.09050625247135347,0.14985983977504258,0.059353587303689115,0.6234649753402958
5000,30,5,CTATCGCA,2 3 7 0 6,-0.12229801516346486,0.06870735248303106,-0.053590662680433804,0.3597142495502614
5000,30,5,CTATCGCA,3 2 6 0 7,-0.12229801516346486,0.012452295047111761,-0.1098457201163531,0.09241014011509395
5000,30,5,CTATCGCA,3 0 6 7 2,-0.12229801516346486,-0.0013596181099302385,-0.1236576332733951,-0.010995019667926638
5000,30,5,CTATCGCA,2 0 7 3 6,-0.12229801516346486,0.07968969400899084,-0.04260832115447402,0.39452744097885845
5000,31,7,CGATCGCG,0 5 6 1 7 4 3,-0.2736088146405278,-0.039013386199140854,-0.31262220083966863,-0.12479403604208279
5000,31,7,CTATCGCA,6 5 4 3 0 7 1,0.08254549285418541,0.06635974474591322,0.14890523760009863,0.4456508435527943
5000,31,7,CTATCGCA,4 6 7 3 1 5 0,0.08254549285418541,-0.029548488096676095,0.05299700475750932,-0.26360459184359974
5000,31,7,CTATCGCA,1 5 4 7 0 6 3,0.08254549285418541,0.07030896813956033,0.15285446099374575,0.4599732823135409
10000,0,6,CTATCGCA,0 1 6 4 5 7,0.1107861224754208,-0.01747759376765856,0.09330852870776224,-0.1362629610273871
10000,0,6,CTATCGCA,5 1 4 0 6 7,0.1107861224754208,0.01783958305433231,0.1286257055297531,0.13869376250150664
10000,0,6,CTATCGCA,1 7 0 6 5 4,0.1107861224754208,0.04955342906206539,0.1603395515374862,0.30905306012709016
10000,0,6,CTATCGCA,7 0 5 4 1 6,0.1107861224754208,0.0039041244116688745,0.11469024688708968,0.03404059645553304
10000,1,4,CTATCGCA,5 3 0 1,0.00019627029486411762,-0.00041359306894594994,-0.00021732277408183232,-0.6781733310918429
10000,1,4,CTATCGCA,5 3 1 0,0.00019627029486411762,-6.942795559883308e-05,0.00012684233926528454,-0.26130377402885535
10000,1,4,CTATCGCA,0 1 5 3,0.00019627029486411762,1.6549117868969176e-05,0.0002128194127330868,0.07776131724282455
10000,1,4,CTATCGCA,3 1 0 5,0.00019627029486411762,-0.000574307890222947,-0.0003780375953588294,-0.7452947687041753
10000,2,5,CTATCGCA,7 5 0 3 2,-0.09716902885151682,0.0954386538498575,-0.0017303750016593178,0.4955080322410032
10000,2,5,CTATCGCA,2 3 5 0 7,-0.09716902885151682,0.04761561080904997,-0.04955341804246685,0.3288719778609115
10000,2,5,CTATCGCA,5 2 3 7 0,-0.09716902885151682,0.053801692011081315,-0.043367336840435505,0.356371697132237
10000,2,5,CTATCGCA,2 5 7 3 0,-0.09716902885151682,0.06368430952371185,-0.033484719327804974,0.39591537338909966
10000,3,5,TCTGGGCG,6 0 3 2 5,0.30369642052264995,0.010617956335447154,0.3143143768580971,0.0337813256955816
10000,3,5,TCTGGGCG,5 3 0 6 2,0.30369642052264995,0.01077168440893228,0.3144681049315822,0.0342536627403782
10000,3,5,TCTGGGCG,5 2 0 6 3,0.30369642052264995,-0.005882476704319295,0.29781394381833065,-0.019001542924957607
10000,3,5,TCTGGGCG,3 5 2 6 0,0.30369642052264995,-0.0007236180473357834,0.30297280247531416,-0.0023770381566699155
10000,4,1,CTATCGCG,5,-4.725147828565923e-06,0.0,-4.725147828565923e-06,0.0
10000,4,1,CTATCGCG,5,-4.725147828565923e-06,0.0,-4.725147828565923e-06,0.0
10000,4,1,CTATCGCG,5,-4.725147828565923e-06,0.0,-4.725147828565923e-06,0.0
10000,4,1,CTATCGCG,5,-4.725147828565923e-06,0.0,-4.725147828565923e-06,0.0
10000,5,7,CTATCGCA,4 6 7 2 1 3 0,-0.4577820796747568,-0.03908684772263271,-0.4968689273973895,-0.07866631533465071
10000,5,7,CTATCGCA,7 6 3 2 0 1 4,-0.4577820796747568,-0.0006704183989718615,-0.4584524980737287,-0.0014623508472278938
10000,5,7,CTATCGCA,1 4 2 7 6 3 0,-0.4577820796747568,0.16171303133510762,-0.2960690483396492,0.2610400444831478
10000,5,7,CTATCGCG,1 7 4 0 3 6 2,-0.02860460499148587,0.34074472219143814,0.31214011719995227,0.9225540622757946
10000,6,3,TTTAGGCC,1 2 6,-0.0007883720724975729,-0.0005905964251058382,-0.0013789684976034111,-0.4282885549106233
10000,6,3,TTTAGGCC,1 6 2,-0.0007883720724975729,-0.0006058521541734141,-0.001394224226670987,-0.43454427385759725
10000,6,3,TTTAGGCC,2 1 6,-0.0007883720724975729,0.0003422193801936313,-0.0004461526923039416,0.30269057790860626
10000,6,3,TTTAGGCC,6 1 2,-0.0007883720724975729,-3.648626202612526e-05,-0.0008248583345236982,-0.0442333677178563
10000,7,3,CTATCGCG,4 7 3,0.3167864895567938,-0.017500775095470766,0.299285714461323,-0.052352503209105464
10000,7,3,CTATCGCA,7 4 3,-0.03466875008582038,0.01218366343852173,-0.022485086647298647,0.2600434539448373
10000,7,3,CTATCGCA,3 7 4,-0.03466875008582038,0.0016632747033908934,-0.03300547538242948,0.04577985160587031
10000,7,3,CTATCGCA,3 4 7,-0.03466875008582038,-0.015585388179202742,-0.05025413826502312,-0.31013143827102835
10000,8,5,TTTAGGCC,5 7 0 6 1,-0.003671532364485343,-0.005001560042167341,-0.008673092406652684,-0.5766755163741714
10000,8,5,TTTAGGCC,7 1 6 5 0,-0.003671532364485343,-0.010268694574854464,-0.013940226939339807,-0.7366231998616787
10000,8,5,TTTAGGCC,7 1 5 6 0,-0.003671532364485343,-0.01021136404813916,-0.013882896412624503,-0.7355355643836246
10000,8,5,TTTAGGCC,7 6 0 1 5,-0.003671532364485343,-0.008657648749597513,-0.012329181114082856,-0.7022079300715617
10000,9,5,CTTTGGCA,4 1 0 6 3,-0.2146672615993397,0.35741509245141145,0.14274783085207177,0.6247616097938656
10000,9,5,CTTTGGCA,1 3 4 0 6,-0.2146672615993397,0.28054612769206955,0.06587886609272986,0.5665156349942341
10000,9,5,CTTTGGCA,4 0 1 6 3,-0.2146672615993397,0.14710039579673406,-0.06756686580260562,0.4066156628138935
10000,9,5,CTTTGGCA,0 3 1 4 6,-0.2146672615993397,-0.05836417771482871,-0.2730314393141684,-0.21376357924726372
10000,10,5,CTATCGCA,5 0 3 1 6,0.0032614875333651042,0.0035724884316188366,0.006833975964983941,0.5227540234153035
10000,10,5,CTATCGCA,0 3 1 6 5,0.0032614875333651042,0.00023818222021887436,0.0034996697535839786,0.06805848465414607
10000,10,5,CTATCGCA,5 0 3 1 6,0.0032614875333651042,0.0035724884316188366,0.006833975964983941,0.5227540234153035
10000,10,5,CTATCGCA,5 1 6 0 3,0.0032614875333651042,0.002005715769573868,0.005267203302938972,0.3807933079884589
10000,11,2,TTTAGGCC,3 5,-0.14320633989792764,0.06113513856010233,-0.0820712013378253,0.2991812480825276
10000,11,2,TTTAGGCC,5 3,-0.14320633989792764,-0.06338223087547756,-0.2065885707734052,-0.3068041500950108
10000,11,2,TTTAGGCC,3 5,-0.14320633989792764,0.06113513856010233,-0.0820712013378253,0.2991812480825276
10000,11,2,TTTAGGCC,3 5,-0.14320633989792764,0.06113513856010233,-0.0820712013378253,0.2991812480825276
10000,12,4,CTATCGCA,1 3 0 6,0.002638121785654035,0.00036796323125010133,0.0030060850169041364,0.12240612929472434
10000,12,4,CTATCGCA,6 0 1 3,0.002638121785654035,0.001210426403625675,0.00384854818927971,0.3145150701236814
10000,12,4,CTATCGCA,0 3 1 6,0.002638121785654035,0.0017379415888658656,0.004376063374519901,0.39714726230548153
10000,12,4,CTATCGCA,3 0 1 6,0.002638121785654035,-0.0001369966218103258,0.0025011251638437093,-0.049366045586321586
10000,13,4,CTATCGCA,1 4 0 5,-0.00020629479868947836,-0.0006025871343227074,-0.0008088819330121857,-0.744963028261418
10000,13,4,CTATCGCA,1 0 5 4,-0.00020629479868947836,-0.0010981774557294877,-0.001304472254418966,-0.8418557405183251
10000,13,4,CTATCGCA,0 4 5 1,-0.00020629479868947836,0.0022693542132983247,0.0020630594146088463,0.9166704174579919
10000,13,4,CTATCGCA,4 0 1 5,-0.00020629479868947836,0.0008246896096024692,0.0006183948109129908,0.799905025691658
10000,14,4,CGATCGCG,1 2 3 5,0.018101279229088996,1.089191263779886,1.1072925430089748,0.9836526676320784
10000,14,4,CGGTCGCG,3 1 5 2,4.43483757542088,1.3532997070260175,5.788137282446897,0.23380573766452184
10000,14,4,CGATCGCG,1 3 2 5,0.018101279229088996,1.0285932470287569,1.0466945262578458,0.982706244491595
10000,14,4,CGATCGCG,2 3 1 5,0.018101279229088996,-0.35602770542164786,-0.33792642619255886,-0.9516175437570356
10000,15,5,CTATCGCA,7 5 2 1 6,-0.2601903385240837,0.2294926180904655,-0.03069772043361818,0.46865551473769007
10000,15,5,CTATCGCA,7 1 5 2 6,-0.2601903385240837,0.20821979471222551,-0.05197054381185817,0.4445245308285854
10000,15,5,CTATCGCA,1 5 7 6 2,-0.2601903385240837,-0.23340217948205133,-0.493592518006135,-0.4728640953166764
10000,15,5,CTATCGCA,7 1 5 6 2,-0.2601903385240837,0.2079575987656641,-0.05223273975841958,0.44421342528943847
10000,16,3,CTATCGCA,7 2 4,-0.030473728501481306,0.015110621773087862,-0.015363106728393444,0.3314870494384967
10000,16,3,CTATCGCA,7 2 4,-0.030473728501481306,0.015110621773087862,-0.015363106728393444,0.3314870494384967
10000,16,3,CTATCGCA,2 4 7,-0.030473728501481306,-0.013673504200200748,-0.044147232701682054,-0.30972505779914433
10000,16,3,CTATCGCA,7 4 2,-0.030473728501481306,0.010809388083939941,-0.019664340417541365,0.26183556325195606
10000,17,4,TTTGGGCG,6 0 2 7,0.18300639336037072,0.30032428458180815,0.4833306779421789,0.6213640025095534
10000,17,4,TTTGGGCG,2 7 0 6,0.18300639336037072,0.03486974761416972,0.21787614097454044,0.16004390135698415
10000,17,4,TTTGGGCC,2 7 6 0,-0.023656730869983655,0.007819583511093242,-0.015837147358890413,0.2484275451192679
10000,17,4,TTTGGGCG,2 7 6 0,0.18300639336037072,0.03498107537247419,0.2179874687328449,0.16047287293998233
10000,18,2,CTCAGGCA,7 6,9.51014498672409e-05,0.003451407554101782,0.003546509003969023,0.973184489377918
10000,18,2,CTCAGGCA,6 7,9.51014498672409e-05,-0.0034400555906096697,-0.003344954140742429,-0.9730983804175185
10000,18,2,CTCAGGCA,7 6,9.51014498672409e-05,0.003451407554101782,0.003546509003969023,0.973184489377918
10000,18,2,CTCAGGCA,7 6,9.51014498672409e-05,0.003451407554101782,0.003546509003969023,0.973184489377918
10000,19,4,TTTGCGCG,5 3 2 4,-0.32771953496334394,-1.3505332246312975,-1.6782527595946415,-0.8047257583282628
10000,19,4,TTTGGGCG,3 4 5 2,1.3461043683991245,-1.932003652373112,-0.5858992839739874,-0.5893654632887853
10000,19,4,TTTAGGCG,3 2 5 4,3.2420247633492725,0.6830912445584718,3.9251160079077443,0.17403084219225123
10000,19,4,TTTGCGCG,4 2 3 5,-0.32771953496334394,0.38650789301704824,0.058788358053704304,0.5411552089366961
10000,20,4,CTATCGCA,5 2 1 4,-0.002199782207664834,0.00942568525790044,0.007225903050235606,0.8107790319674795
10000,20,4,CTATCGCA,1 5 2 4,-0.002199782207664834,-0.008933172542294088,-0.011132954749958922,-0.8024080527523072
10000,20,4,CTATCGCA,2 1 4 5,-0.002199782207664834,0.016690359921829767,0.014490577714164933,0.8835486682638481
10000,20,4,CTATCGCA,2 5 4 1,-0.002199782207664834,0.017540296601344707,0.015340514393679873,0.8885626430903186
10000,21,5,CTATCGCA,1 4 2 3 0,-0.0019100693131618423,0.05945764289389377,0.057547573580731926,0.9688750118838186
10000,21,5,CTATCGCA,3 1 4 2 0,-0.0019100693131618423,-0.011318229853723771,-0.013228299166885614,-0.8556073393060752
10000,21,5,CTATCGCA,2 0 4 1 3,-0.0019100693131618423,0.016886990148113235,0.014976920834951392,0.8983846746297266
10000,21,5,CTATCGCA,4 2 1 3 0,-0.0019100693131618423,0.014246670829369812,0.01233660151620797,0.8817787934749474
10000,22,3,TTTAGGCC,0 6 4,-0.008859174088815785,-0.023968115785908628,-0.032827289874724414,-0.7301277649594533
10000,22,3,TTTAGGCC,0 6 4,-0.008859174088815785,-0.023968115785908628,-0.032827289874724414,-0.7301277649594533
10000,22,3,TTTAGGCC,6 0 4,-0.008859174088815785,-0.0043888962413694,-0.013248070330185185,-0.3312856991232512
10000,22,3,TTTAGGCC,4 6 0,-0.008859174088815785,0.01966082574973549,0.010801651660919703,0.6893697707234698
10000,23,2,CAATCTAT,0 5,-0.031262994592686555,-0.01927405628200085,-0.050537050874687406,-0.38138466626778744
10000,23,2,CAATCTAT,5 0,-0.031262994592686555,0.02010850384002061,-0.011154490752665946,0.3914330796942054
10000,23,2,CAATCTAT,5 0,-0.031262994592686555,0.02010850384002061,-0.011154490752665946,0.3914330796942054
10000,23,2,CAATCTAT,0 5,-0.031262994592686555,-0.01927405628200085,-0.050537050874687406,-0.38138466626778744
10000,24,6,CTATCGCA,0 7 3 6 2 1,-0.3019474499501705,-0.3305677897275645,-0.6325152396777349,-0.5226242294114337
10000,24,6,CTATCGCA,7 2 6 1 3 0,-0.3019474499501705,0.035447782362399316,-0.26649966758777116,0.10506308023214676
10000,24,6,CGGTCGCG,0 6 3 7 1 2,4.860780818440151,1.2278592859341106,6.088640104374262,0.2016639618840305
10000,24,6,CTATCGCA,7 0 6 2 3 1,-0.3019474499501705,0.023067984120944907,-0.27887946582922557,0.07097504211414615
10000,25,7,TCTACTGC,4 0 3 1 6 7 5,3.9015703075341897,0.9085317623236389,4.8101020698578285,0.18887993417372373
10000,25,7,TTTGCGCG,4 7 0 3 1 6 5,-0.5241163992474562,0.49833792760635376,-0.025778471641102474,0.48739382730159436
10000,25,7,TTTGCGCG,6 5 3 4 1 0 7,-0.5241163992474562,-0.6277791501237466,-1.1518955493712029,-0.5449965931949636
10000,25,7,TGTGGGCG,0 3 7 6 5 1 4,0.14148898435643265,0.920301943375244,1.0617909277316766,0.8667449677134668
10000,26,4,CTATCGCA,1 7 6 0,-0.0060967318711269425,0.013810388940930007,0.007713657069803065,0.6937411527922012
10000,26,4,CTATCGCA,7 6 0 1,-0.0060967318711269425,0.0035495503113103233,-0.002547181559816619,0.36797081447325863
10000,26,4,CTATCGCA,1 7 6 0,-0.0060967318711269425,0.013810388940930007,0.007713657069803065,0.6937411527922012
10000,26,4,CTATCGCA,7 0 1 6,-0.0060967318711269425,0.006578669323663799,0.00048193745253685694,0.519010737614164
10000,27,2,TTTAGGCC,2 7,-0.0013357369721427315,-0.0029298671312036895,-0.004265604103346421,-0.6868586629746467
10000,27,2,TTTAGGCC,7 2,-0.0013357369721427315,0.0029232386604260974,0.001587501688283366,0.686371304421605
10000,27,2,TTTAGGCC,2 7,-0.0013357369721427315,-0.0029298671312036895,-0.004265604103346421,-0.6868586629746467
10000,27,2,TTTAGGCC,2 7,-0.0013357369721427315,-0.0029298671312036895,-0.004265604103346421,-0.6868586629746467
10000,28,7,CGGTCGCG,7 4 0 3 1 6 2,4.343462652546489,2.163501735404042,6.50696438795053,0.33249017612734627
10000,28,7,TTTAGGCC,0 4 1 6 2 7 3,5.0463967513314785,0.7307647176785714,5.77716146901005,0.12649200158218743
10000,28,7,CTATCGCA,0 7 1 4 2 6 3,-0.4577820796747568,-1.4542634821192628,-1.9120455617940197,-0.7605799313457612
10000,28,7,TATGCGCG,4 0 7 1 3 2 6,5.182593514231241,0.738353788830592,5.920947303061833,0.12470196930291465
10000,29,6,TTTAGGCC,2 3 7 0 5 1,-0.22695332084015019,0.31851350007266,0.09156017923250981,0.5839282754900551
10000,29,6,TGTGGGCG,2 1 7 3 0 5,-0.05056320329666608,0.7531528729914658,0.7025896696947997,0.9370882270637334
10000,29,6,TTTGGGCC,0 1 7 5 2 3,-0.053851424913040846,0.39035556940284266,0.3365041444898018,0.8787695250139484
10000,29,6,TTTAGGCC,7 1 3 0 2 5,-0.22695332084015019,-0.5462102284418311,-0.7731635492819813,-0.7064614323180182
10000,30,4,TTTGGGCC,0 6 1 2,-0.018661575372145994,0.0006648227100471971,-0.017996752662098797,0.03439972141833021
10000,30,4,TTTGGGCC,2 6 0 1,-0.018661575372145994,-0.0066820774990175025,-0.025343652871163497,-0.26365881560114407
10000,30,4,TTTGGGCC,2 0 1 6,-0.018661575372145994,-0.0005708792285714637,-0.019232454600717458,-0.029683118479851618
10000,30,4,TTTGGGCC,0 6 1 2,-0.018661575372145994,0.0006648227100471971,-0.017996752662098797,0.03439972141833021
10000,31,7,CGATATAG,5 6 4 3 2 0 1,0.9645743626803323,1.7614624588721473,2.7260368215524795,0.6461623867094332
10000,31,7,CTATCGCG,3 6 2 0 5 1 4,-0.5390796209036339,0.480263404437304,-0.05881621646632995,0.47114993922352205
10000,31,7,CTATCGCG,4 5 0 2 1 6 3,-0.5390796209036339,0.6013502738870589,0.062270652983424934,0.5273013945301976
10000,31,7,TGTGGGCG,1 4 3 2 5 0 6,3.803824896391086,0.9708352331538279,4.774660129544914,0.20333075167935794
15000,0,2,CTATCGCG,7 0,0.26452193232399024,-0.0837932056391204,0.18072872668486983,-0.24056722348942175
15000,0,2,CTATCGCA,0 7,-0.023237673867723574,-0.002635899756148863,-0.025873573623872437,-0.10187613796483186
15000,0,2,CTATCGCA,0 7,-0.023237673867723574,-0.002635899756148863,-0.025873573623872437,-0.10187613796483186
15000,0,2,CTATCGCA,7 0,-0.023237673867723574,0.0025619917728021413,-0.020675682094921433,0.09930329363562776
15000,1,3,TTTGCGCG,3 2 1,-0.04942015782327461,-0.06552822362977406,-0.11494838145304867,-0.570066518566331
15000,1,3,TTTGCGCG,1 3 2,-0.04942015782327461,0.13378096736510758,0.08436080954183298,0.7302409700133838
15000,1,3,TCTGCGCG,2 1 3,0.40173378036321816,-0.038216306274046374,0.3635174740891718,-0.0868650954615118
15000,1,3,TCTGCGCG,3 1 2,0.40173378036321816,-0.10112194930203477,0.3006118310611834,-0.20109535068706655
15000,2,5,TTTGCGCG,7 6 3 5 2,-0.3437812335903451,0.558591805814812,0.21481057222446692,0.6190253713508936
15000,2,5,TTTACGCC,2 6 5 3 7,4.5097615031923555,0.5860139611020223,5.095775464294378,0.11499995735843688
15000,2,5,TTTGCGCG,2 3 7 6 5,-0.3437812335903451,-0.11094775726786743,-0.45472899085821256,-0.2439865491278115
15000,2,5,TTTGCGCG,6 2 7 3 5,-0.3437812335903451,0.34999969497613215,0.006218461385787022,0.5044815741754648
15000,3,4,CTATAGCA,0 1 6 5,1.2947552617645872,0.20739588013864152,1.5021511419032287,0.13806592050109584
15000,3,4,CTATAGCA,6 0 1 5,1.2947552617645872,0.3934978222289591,1.6882530839935463,0.23307987763193883
15000,3,4,CTATAGCA,0 6 5 1,1.2947552617645872,0.3290851792601406,1.6238404410247278,0.2026585685059492
15000,3,4,CTATAGCA,0 6 1 5,1.2947552617645872,0.8002714604420125,2.0950267222065997,0.38198627824618947
15000,4,2,CTATCGCA,3 0,-0.0001422773681597489,-0.00025456339360641067,-0.00039684076176615957,-0.64147491420353
15000,4,2,CTATCGCA,3 0,-0.0001422773681597489,-0.00025456339360641067,-0.00039684076176615957,-0.64147491420353
15000,4,2,CTATCGCA,0 3,-0.0001422773681597489,0.0002546934945018009,0.000112416126342052,0.6415924151061636
15000,4,2,CTATCGCA,3 0,-0.0001422773681597489,-0.00025456339360641067,-0.00039684076176615957,-0.64147491420353
15000,5,3,CTATCGCA,3 0 5,-0.00012609094066565185,-0.00047692558179290856,-0.0006030165224585604,-0.7908996918499578
15000,5,3,CTATCGCA,3 0 5,-0.00012609094066565185,-0.00047692558179290856,-0.0006030165224585604,-0.7908996918499578
15000,5,3,CTATCGCA,3 5 0,-0.00012609094066565185,-0.0004067321849698935,-0.0005328231256355453,-0.7633531004960568
15000,5,3,CTATCGCA,3 0 5,-0.00012609094066565185,-0.00047692558179290856,-0.0006030165224585604,-0.7908996918499578
15000,6,5,CGGTCGCG,2 7 6 5 3,3.3450514094294594,-2.069084181272891,1.2759672281565684,-0.3821633475205371
15000,6,5,CGATCGCA,5 7 3 2 6,-0.7923974655015975,-2.9562785163598306,-3.748675981861428,-0.7886193767250783
15000,6,5,CGATCGCG,3 7 6 2 5,-0.30368449642067735,0.6622659684104963,0.358581471989819,0.6856106938426139
15000,6,5,CGGTCGCG,5 7 6 3 2,3.3450514094294594,0.059712690404531976,3.4047640998339914,0.0175379816790959
15000,7,3,CGATATAT,4 7 0,-0.06471995503733158,-0.06427899618806077,-0.12899895122539234,-0.49829084327786377
15000,7,3,CGATATAT,7 4 0,-0.06471995503733158,0.1437267098931061,0.07900675485577452,0.6895131180969973
15000,7,3,CGATATAT,4 0 7,-0.06471995503733158,-0.06104906377963015,-0.12576901881696173,-0.4854062181122528
15000,7,3,CGATATAT,7 0 4,-0.06471995503733158,0.04478511553789577,-0.019934839499435808,0.4089775505612726
15000,8,5,CTATCGCA,6 7 3 5 1,-0.015105548531756996,0.03465682557058791,0.019551277038830916,0.696446385361562
15000,8,5,CTATCGCA,5 6 1 3 7,-0.015105548531756996,-0.045322282127321145,-0.06042783065907814,-0.7500233192718847
15000,8,5,CTATCGCG,7 1 3 5 6,0.16068665602207588,-0.04468608451489775,0.11600057150717813,-0.21758527640065664
15000,8,5,CTATCGCA,1 3 6 5 7,-0.015105548531756996,-0.025892561148415538,-0.040998109680172534,-0.6315549997403337
15000,9,3,CTATCGCC,2 6 0,0.16580235579796976,0.11356202067105436,0.2793643764690241,0.40650143767935315
15000,9,3,CTATCGCC,6 2 0,0.16580235579796976,0.10727056508181954,0.2730729208797893,0.39282754487780797
15000,9,3,CTATCGCC,2 0 6,0.16580235579796976,-0.07320041212955153,0.09260194366841823,-0.306274327968243
15000,9,3,ATATCGCC,2 0 6,-0.621557705410313,-0.2706848652929814,-0.8922425707032944,-0.3033758690527609
15000,10,5,TCTGCGGC,3 7 5 6 2,0.16818486338297933,-0.7429581039457132,-0.5747732405627338,-0.8154133111776442
15000,10,5,TCTGCGGC,2 7 5 3 6,0.16818486338297933,-0.590823836230558,-0.4226389728475787,-0.7784151045058988
15000,10,5,TCTGCGGC,3 2 5 6 7,0.16818486338297933,0.0036666374137697133,0.17185150079674905,0.021336080259818573
15000,10,5,TCTGCGCG,5 7 2 3 6,-0.11685956426973898,0.7714015060007196,0.6545419417309806,0.8684400699513292
15000,11,4,CTATCGCA,3 6 1 0,0.001509148714769655,-0.0037006321260952824,-0.0021914834113256274,-0.7103239539498357
15000,11,4,CTATCGCA,6 1 0 3,0.001509148714769655,-0.0002274847881955644,0.0012816639265740906,-0.13099182286138375
15000,11,4,CTATCGCA,0 1 3 6,0.001509148714769655,0.0011585472286577136,0.0026676959434273687,0.43428758495214786
15000,11,4,CTATCGCA,6 1 3 0,0.001509148714769655,-0.000736741676303776,0.000772407038465879,-0.3280399075716459
15000,12,3,CTATCGCA,5 7 0,-0.01875145439399567,-0.002352119538473918,-0.021103573932469588,-0.11145598115279366
15000,12,3,CTATCGCG,7 5 0,0.21249948440562294,-0.13003213009145664,0.0824673543141663,-0.3796208133441221
15000,12,3,CTATCGCA,5 0 7,-0.01875145439399567,-0.007550011067424922,-0.026301465461420592,-0.2870566690855838
15000,12,3,CTATCGCA,5 7 0,-0.01875145439399567,-0.002352119538473918,-0.021103573932469588,-0.11145598115279366
15000,13,4,CTATCGCA,4 7 5 1,-0.01337397945228272,0.027305287371556464,0.013931307919273744,0.6712335177967074
15000,13,4,CTATCGCA,1 5 7 4,-0.01337397945228272,0.0015799057735343958,-0.011794073678748324,0.10565185901031054
15000,13,4,CTATCGCA,1 7 4 5,-0.01337397945228272,0.0037941341077307733,-0.009579845344551946,0.22099889393600863
15000,13,4,CTATCGCA,5 4 1 7,-0.01337397945228272,-0.02995523922364418,-0.0433292186759269,-0.6913403965967863
15000,14,6,CTATCGCG,0 3 4 6 1 5,0.11015752625244579,0.01903186922052491,0.1291893954729707,0.147317580911715
15000,14,6,CTATCGCG,5 4 1 6 3 0,0.11015752625244579,0.06504503788553784,0.17520256413798363,0.37125619825010414
15000,14,6,CGATCGCG,0 1 4 6 5 3,-0.16043048888574196,0.031276453489363476,-0.12915403539637849,0.16314721366827742
15000,14,6,CGATCGCG,0 4 1 5 3 6,-0.16043048888574196,0.038507459320607396,-0.12192302956513457,0.19356517782452118
15000,15,4,TTTGGGCG,4 5 6 0,1.9593842172538576,-1.5819176632809193,0.37746655397293827,-0.44670511485511416
15000,15,4,TTTGGGCG,6 4 5 0,1.9593842172538576,-1.5885711626640817,0.37081305458977587,-0.44774271166308294
15000,15,4,TTTGGGCG,6 0 5 4,1.9593842172538576,1.1532771216818243,3.112661338935682,0.37051159638078923
15000,15,4,TTTGCGCG,6 5 4 0,-0.19329140143541054,0.08433209864390134,-0.1089593027915092,0.30376426570448545
15000,16,3,CGATCGCG,4 0 6,-0.0037784414622758777,-0.011687471959717088,-0.015465913421992966,-0.7556923177325675
15000,16,3,CGATCGCG,0 6 4,-0.0037784414622758777,-0.009185198868194577,-0.012963640330470455,-0.7085354602599687
15000,16,3,CGATCGCG,6 4 0,-0.0037784414622758777,0.013104079757781717,0.00932563829550584,0.776192109399701
15000,16,3,CGATCGCG,0 4 6,-0.0037784414622758777,-0.011045776190271583,-0.014824217652547461,-0.745116973398824
15000,17,1,CTATCGCA,1,-0.0001141827879322932,0.0,-0.0001141827879322932,0.0
15000,17,1,CTATCGCA,1,-0.0001141827879322932,0.0,-0.0001141827879322932,0.0
15000,17,1,CTATCGCA,1,-0.0001141827879322932,0.0,-0.0001141827879322932,0.0
15000,17,1,CTATCGCA,1,-0.0001141827879322932,0.0,-0.0001141827879322932,0.0
15000,18,4,TGTGGGCG,0 5 2 1,-0.12314611593913394,-0.22587318980902715,-0.3490193057481611,-0.6471653174738952
15000,18,4,TGTGGGCG,2 0 1 5,-0.12314611593913394,-0.06300841894323916,-0.1861545348823731,-0.33847372551548516
15000,18,4,TGTGGGCG,1 5 0 2,-0.12314611593913394,0.12059217117382026,-0.002553944765313676,0.49476088718853983
15000,18,4,TGTGGGCG,1 0 2 5,-0.12314611593913394,0.12152202446702098,-0.001624091472112954,0.49668103196963664
15000,19,6,CGGTCGCG,6 2 0 7 5 4,4.085000713925597,-3.1505922147627548,0.9344084991628421,-0.4354297216294457
15000,19,6,CGATATAT,4 7 0 5 6 2,-1.1955020532408653,-3.8280517324629404,-5.023553785703806,-0.7620206522635302
15000,19,6,CGATCGCG,6 0 2 7 5 4,0.7601387175674956,0.541074026582824,1.3012127441503196,0.4158228767857177
15000,19,6,CGATATAG,0 7 5 4 6 2,1.548958793262782,2.192986265226598,3.74194505848938,0.5860551747683609
15000,20,3,ATGTCGCC,7 6 5,-0.023745665398602928,0.019289536734775403,-0.004456128663827524,0.4482269346613417
15000,20,3,ATGTCGCC,6 7 5,-0.023745665398602928,0.013326501399476776,-0.010419163999126152,0.3594745748761325
15000,20,3,ATGTCGCC,5 7 6,-0.023745665398602928,0.0035851431037352555,-0.020160522294867672,0.13117588904947844
15000,20,3,ATGTCGCC,6 5 7,-0.023745665398602928,-0.023950932627214705,-0.04769659802581763,-0.5021518015656029
15000,21,4,CTATCGCA,3 7 6 2,-0.023029464161751667,-0.01231232669178306,-0.03534179085353473,-0.3483786869434104
15000,21,4,CTATCGCA,7 3 6 2,-0.023029464161751667,-0.0014372538867903906,-0.024466718048542058,-0.058743223506269766
15000,21,4,CTATCGCG,3 7 6 2,0.22952414989564707,-0.08075631729106325,0.14876783260458382,-0.26026877561218953
15000,21,4,CTATCGCA,6 7 3 2,-0.023029464161751667,-0.011499566597733324,-0.03452903075948499,-0.3330405269071863
15000,22,4,CTATCGCA,6 4 3 0,0.00020604677226567641,-0.0007440743169007114,-0.0005380275446350349,-0.783136302714366
15000,22,4,CTATCGCA,6 4 3 0,0.00020604677226567641,-0.0007440743169007114,-0.0005380275446350349,-0.783136302714366
15000,22,4,CTATCGCA,4 6 0 3,0.00020604677226567641,0.002311002769272985,0.0025170495415386615,0.918139564253582
15000,22,4,CTATCGCA,4 3 6 0,0.00020604677226567641,0.0017380652531193697,0.001944112025385046,0.8940149695206647
15000,23,4,CGATCGCG,1 7 2 3,1.0554497630360402,1.4554785178775775,2.5109282809136175,0.5796575429657402
15000,23,4,CTATCGCA,7 1 2 3,-0.28176989161573046,0.07069911813065355,-0.2110707734850769,0.20058250846372133
15000,23,4,CGGTCGCG,3 1 7 2,5.772823154436865,1.6780433860976167,7.450866540534482,0.22521452732627306
15000,23,4,CTATCGCA,3 7 1 2,-0.28176989161573046,-0.02124739030281253,-0.303017281918543,-0.07011940100671964
15000,24,7,CTATCGCA,4 7 6 0 5 3 2,-0.33999468116880743,0.1642618476570803,-0.17573283351172714,0.3257505619997584
15000,24,7,CTATCGCG,5 7 2 3 0 4 6,-0.026057069955234713,0.8265560747341993,0.8004990047789646,0.9694385781904336
15000,24,7,TTTGCGCG,0 3 5 2 6 4 7,4.639008450403696,0.3171787908814583,4.956187241285154,0.06399653109135015
15000,24,7,CTATCGCA,2 7 0 3 4 6 5,-0.33999468116880743,0.40406972148451104,0.0640750403157036,0.5430574558379713
15000,25,4,CTATCGCA,7 1 3 4,-0.012168940902683861,0.02579755107785875,0.013628610175174888,0.6794820835983397
15000,25,4,CTATCGCA,1 7 4 3,-0.012168940902683861,-0.002514586117967177,-0.014683527020651038,-0.1712521871911729
15000,25,4,CTATCGCA,7 3 1 4,-0.012168940902683861,0.025687048432019743,0.013518107529335882,0.6785464832237718
15000,25,4,CTATCGCA,4 7 1 3,-0.012168940902683861,0.041682189996437025,0.029513249093753163,0.77402627021
15000,26,2,CTATCGCA,7 1,-0.019006599063837837,0.02025024762973382,0.0012436485658959828,0.5158398938101622
15000,26,2,CTATCGCA,7 1,-0.019006599063837837,0.02025024762973382,0.0012436485658959828,0.5158398938101622
15000,26,2,CTATCGCA,1 7,-0.019006599063837837,-0.01953801409560063,-0.03854461315943847,-0.5068935058391248
15000,26,2,CTATCGCA,1 7,-0.019006599063837837,-0.01953801409560063,-0.03854461315943847,-0.5068935058391248
15000,27,4,CTATCGCA,5 0 1 6,0.001146216123423062,0.0026579761972236327,0.0038041923206466946,0.6986965887076365
15000,27,4,CTATCGCA,1 5 0 6,0.001146216123423062,0.0016788571731005675,0.0028250732965236294,0.5942703062488578
15000,27,4,CTATCGCA,5 0 6 1,0.001146216123423062,0.0006526727149314127,0.0017988888383544746,0.36281992584291206
15000,27,4,CTATCGCA,1 5 0 6,0.001146216123423062,0.0016788571731005675,0.0028250732965236294,0.5942703062488578
15000,28,2,CTTTGGCA,6 7,-0.019695376558425903,0.012071130858058221,-0.007624245700367682,0.37999553113586315
15000,28,2,CTTTGGCA,7 6,-0.019695376558425903,-0.011804851304222486,-0.03150022786264839,-0.3747544733865297
15000,28,2,CTTTGGCA,6 7,-0.019695376558425903,0.012071130858058221,-0.007624245700367682,0.37999553113586315
15000,28,2,CTTTGGCA,6 7,-0.019695376558425903,0.012071130858058221,-0.007624245700367682,0.37999553113586315
15000,29,5,TTTAGGCC,7 6 4 3 2,-0.013879856719278494,-0.6291733137843583,-0.6430531705036368,-0.9784156935134807
15000,29,5,TTTAGGCC,3 2 7 6 4,-0.013879856719278494,0.5686461609091022,0.5547663041898238,0.9761729840397737
15000,29,5,TTTACGCC,6 4 3 7 2,4.026270062512014,1.83313321969278,5.859403282204793,0.3128532260716834
15000,29,5,TTTGCGCG,2 7 4 6 3,-0.3664767696332807,0.6848455977086321,0.3183688280753514,0.6514135140491171
15000,30,3,CTATCGCG,5 1 4,0.17272203027437194,-0.05556542895849925,0.11715660131587269,-0.2434011449652963
15000,30,3,CTATCGCG,5 4 1,0.17272203027437194,0.07088377124979961,0.24360580152417155,0.2909773527818312
15000,30,3,CTATCGCG,1 4 5,0.17272203027437194,-0.0676069652474609,0.10511506502691104,-0.28131006456655
15000,30,3,CTATCGCG,4 5 1,0.17272203027437194,0.07610998851102413,0.24883201878539607,0.30586895079875076
15000,31,5,CTATCGCA,2 0 1 4 7,-0.2266102059850249,0.19354070008978663,-0.03306950589523827,0.46064568061487177
15000,31,5,CTATCGCA,0 7 2 1 4,-0.2266102059850249,0.002785273095130769,-0.22382493288989413,0.012141795933814089
15000,31,5,CTATCGCA,7 0 1 2 4,-0.2266102059850249,-0.052425281898988096,-0.279035487884013,-0.1878803384348724
15000,31,5,CTATCGCA,7 1 2 0 4,-0.2266102059850249,-0.05627508905797374,-0.28288529504299864,-0.19893253570999478
20000,0,2,TTTAGGCC,5 6,-5.532868687130321e-05,5.226731670382456e-05,-3.0613701674786498e-06,0.48577377381242104
20000,0,2,TTTAGGCC,5 6,-5.532868687130321e-05,5.226731670382456e-05,-3.0613701674786498e-06,0.48577377381242104
20000,0,2,TTTAGGCC,5 6,-5.532868687130321e-05,5.226731670382456e-05,-3.0613701674786498e-06,0.48577377381242104
20000,0,2,TTTAGGCC,5 6,-5.532868687130321e-05,5.226731670382456e-05,-3.0613701674786498e-06,0.48577377381242104
20000,1,2,CTATCGCA,2 0,-0.00022719532325510272,-0.0012786654457120905,-0.0015058607689671932,-0.849125943156799
20000,1,2,CTATCGCA,2 0,-0.00022719532325510272,-0.0012786654457120905,-0.0015058607689671932,-0.849125943156799
20000,1,2,CTATCGCA,0 2,-0.00022719532325510272,0.0012822162556441752,0.0010550209323890725,0.8494808662983873
20000,1,2,CTATCGCA,2 0,-0.00022719532325510272,-0.0012786654457120905,-0.0015058607689671932,-0.849125943156799
20000,2,3,CGGTCGCG,6 3 2,3.8046086521206655,1.0752316297394764,4.879840281860142,0.22034156194341872
20000,2,3,CGATCGCG,2 6 3,-0.3513623682869895,0.3822320751849102,0.03086970689792068,0.5210400359303587
20000,2,3,CGATCGCG,3 2 6,-0.3513623682869895,0.3811119491785828,0.029749580891593297,0.520307593168952
20000,2,3,CGATCGCG,2 3 6,-0.3513623682869895,0.38410287575127566,0.03274050746428614,0.5222583648443506
20000,3,4,CTATCGCA,0 7 3 4,-0.022045971185431362,0.013117410090774495,-0.008928561094656867,0.3730417728527917
20000,3,4,CTATCGCA,4 7 3 0,-0.022045971185431362,0.0022749540540760727,-0.01977101713135529,0.09353896003843588
20000,3,4,CTATCGCA,7 0 4 3,-0.022045971185431362,0.010768937444584292,-0.01127703374084707,0.32817209902982913
20000,3,4,CTATCGCA,0 3 4 7,-0.022045971185431362,-0.02279218074444289,-0.044838151929874254,-0.5083211453516036
20000,4,5,CGATCGCG,7 0 4 1 2,1.1474440125081211,-1.4900990004479775,-0.3426549879398564,-0.5649572322151093
20000,4,5,CGATCGCG,2 7 1 0 4,1.1474440125081211,-1.337160429075035,-0.18971641656691385,-0.5381783943938435
20000,4,5,CTATCGCA,2 0 1 7 4,-0.2267807340988296,0.20992543723206758,-0.016855296866762015,0.4807017876397371
20000,4,5,CGATCGCG,1 0 2 4 7,1.1474440125081211,0.9077777008697501,2.055221713377871,0.4416933194899771
20000,5,4,TTTAGGCC,6 3 5 0,-0.10780798688696114,0.043270247579696,-0.06453773930726514,0.28640953961667925
20000,5,4,TTTAGGCC,6 0 3 5,-0.10780798688696114,0.0017815421621181216,-0.10602644472484302,0.016256499846078038
20000,5,4,TTTAGGCC,5 6 3 0,-0.10780798688696114,-0.016504577936646392,-0.12431256482360753,-0.13276677188718172
20000,5,4,TTTAGGCC,3 6 5 0,-0.10780798688696114,0.09528951625554516,-0.012518470631415979,0.4691811311372149
20000,6,5,CTATCGCA,2 5 1 6 3,-0.0009780721761261484,0.009142376298242105,0.008164304122115957,0.9033568345707919
20000,6,5,CTATCGCA,6 2 5 3 1,-0.0009780721761261484,0.0012409406057676264,0.0002628684296414781,0.5592309408459418
20000,6,5,CTATCGCA,1 3 2 5 6,-0.0009780721761261484,-0.0059226197486887955,-0.006900691924814944,-0.8582646223331616
20000,6,5,CTATCGCA,1 3 2 6 5,-0.0009780721761261484,-0.006025467585076605,-0.007003539761202753,-0.8603460236573028
20000,7,4,CTATCGCA,2 5 0 7,-0.02919219349584326,0.017550305487997075,-0.011641888007846185,0.3754678476660931
20000,7,4,CTATCGCA,5 7 0 2,-0.02919219349584326,-0.018106930649015585,-0.047299124144858845,-0.3828174617686596
20000,7,4,CTATCGCA,0 2 5 7,-0.02919219349584326,0.006184903027200317,-0.023007290468642944,0.17482788682705086
20000,7,4,CTATCGCG,2 7 0 5,0.25326747333542476,-0.13873015044288506,0.1145373228925397,-0.3539055903087373
20000,8,4,CTATCGCA,4 7 1 6,-0.013585353837262754,0.026127339179153886,0.012541985341891132,0.6579090259215922
20000,8,4,CTATCGCA,1 4 7 6,-0.013585353837262754,-0.011836719398773177,-0.02542207323603593,-0.4656079497872959
20000,8,4,CTATCGCA,1 6 7 4,-0.013585353837262754,-0.005997278452626098,-0.01958263228988885,-0.30625496939564595
20000,8,4,CTATCGCA,1 7 6 4,-0.013585353837262754,0.004715587010948319,-0.008869766826314435,0.25766910291987916
20000,9,8,ATATCGCC,3 1 7 5 2 4 0 6,1.1934392615137694,-0.7686543746324581,0.42478488688131133,-0.3917521368359268
20000,9,8,CTATCGCC,0 2 3 4 5 6 1 7,1.7713918745017523,-2.218028890110755,-0.44663701560900293,-0.55597767720703
20000,9,8,CGGTCGCG,3 0 4 5 1 7 6 2,4.298563296677841,3.3764060815803774,7.6749693782582185,0.4399243717043506
20000,9,8,CTATCGCA,6 4 2 0 5 3 7 1,-0.3712024903850759,0.5123586005715719,0.141156110186496,0.5798790890812449
20000,10,4,TTTAGGCC,2 7 6 1,-0.0033359443049400736,-0.0034775163646378893,-0.006813460669577963,-0.5103891448533587
20000,10,4,TTTAGGCC,6 7 2 1,-0.0033359443049400736,0.009768803024871264,0.006432858719931191,0.7454400133796323
20000,10,4,TTTAGGCC,2 7 1 6,-0.0033359443049400736,-0.0036902775704681368,-0.00702622187540821,-0.5252150637861459
20000,10,4,TTTAGGCC,6 2 1 7,-0.0033359443049400736,-0.002435350090946198,-0.005771294395886271,-0.42197641012423387
20000,11,1,CTATCGCA,2,-7.47841821748807e-05,0.0,-7.47841821748807e-05,0.0
20000,11,1,CTATCGCA,2,-7.47841821748807e-05,0.0,-7.47841821748807e-05,0.0
20000,11,1,CTATCGCA,2,-7.47841821748807e-05,0.0,-7.47841821748807e-05,0.0
20000,11,1,CTATCGCA,2,-7.47841821748807e-05,0.0,-7.47841821748807e-05,0.0
20000,12,3,CGATCTAT,5 1 7,-0.31382493846209014,-0.06798482245671256,-0.3818097609188027,-0.17805941444008944
20000,12,3,CAATCTAG,7 1 5,2.0282462873303286,0.37505764542039977,2.4033039327507284,0.15605918182438264
20000,12,3,CAATCTAT,7 5 1,0.12602839550332068,0.0603108353431725,0.18633923084649318,0.3236615020315113
20000,12,3,CAATCTAT,1 5 7,0.12602839550332068,-0.04253173843180602,0.08349665707151466,-0.25232382912186757
20000,13,4,CGGTCGCG,1 4 3 2,4.506091049622298,1.27359647334677,5.779687522969068,0.22035732352058265
20000,13,4,CTATCGCG,2 4 1 3,-0.34585354582213146,0.3465023868841546,0.00064884106202312,0.5004685747831227
20000,13,4,CTATCGCG,2 1 3 4,-0.34585354582213146,0.2568305095353627,-0.08902303628676878,0.4261445234070752
20000,13,4,CGGTCGCG,4 1 3 2,4.506091049622298,1.3938552872453147,5.899946336867613,0.2362488076434501
20000,14,2,CGATCTAT,7 0,-0.0017955895137216071,-0.0011625397687411443,-0.0029581292824627514,-0.39299829646839746
20000,14,2,CGATCTAT,7 0,-0.0017955895137216071,-0.0011625397687411443,-0.0029581292824627514,-0.39299829646839746
20000,14,2,CGATCTAT,7 0,-0.0017955895137216071,-0.0011625397687411443,-0.0029581292824627514,-0.39299829646839746
20000,14,2,CGATCTAT,7 0,-0.0017955895137216071,-0.0011625397687411443,-0.0029581292824627514,-0.39299829646839746
20000,15,5,CTATCGCA,3 6 7 5 2,-0.023302031783453997,-0.019433323008317238,-0.042735354791771235,-0.45473643785119944
20000,15,5,CTATCGCA,7 3 5 6 2,-0.023302031783453997,-0.01265349016282169,-0.03595552194627569,-0.3519206363275267
20000,15,5,CTATCGCA,2 7 6 5 3,-0.023302031783453997,0.03889858436926108,0.015596552585807083,0.6253729749839969
20000,15,5,CTATCGCA,7 2 3 6 5,-0.023302031783453997,-0.0121078049860186,-0.0354098367694726,-0.3419333747524343
20000,16,2,CTATCGCA,1 0,-0.00013641244195028435,0.00017830120751460843,4.188876556432408e-05,0.5665506018495663
20000,16,2,CTATCGCA,0 1,-0.00013641244195028435,-0.00017826442953372545,-0.0003146768714840098,-0.5664999422837592
20000,16,2,CTATCGCA,0 1,-0.00013641244195028435,-0.00017826442953372545,-0.0003146768714840098,-0.5664999422837592
20000,16,2,CTATCGCA,1 0,-0.00013641244195028435,0.00017830120751460843,4.188876556432408e-05,0.5665506018495663
20000,17,3,CGGTCGCG,5 3 2,3.787039222746079,1.077638469312426,4.864677692058505,0.2215230972180645
20000,17,3,CGGTCGCG,3 5 2,3.787039222746079,1.0774767561599605,4.86451597890604,0.22149721798267577
20000,17,3,CGATCGCG,2 3 5,-0.34771464165363203,0.4280761110670086,0.08036146941337657,0.5517932632810811
20000,17,3,CGATCGCG,2 5 3,-0.34771464165363203,0.4278758369758522,0.08016119532222016,0.5516775266915794
20000,18,4,ATATCGCC,7 4 6 5,-0.09272172913308424,0.036964989836078654,-0.055756739297005586,0.28503296351315854
20000,18,4,ATATCGCA,6 5 4 7,0.3280078971107274,0.14241826406054692,0.47042616117127434,0.3027430781186823
20000,18,4,ATATCGCC,6 5 4 7,-0.09272172913308424,-0.047102583610112436,-0.13982431274319668,-0.3368697666808612
20000,18,4,ATATCGCA,4 5 7 6,0.3280078971107274,0.03470039157149962,0.36270828868222704,0.09567024701192048
20000,19,2,CGATCGCG,0 4,-0.0004712827102827388,3.9991236903014205e-05,-0.0004312914733797246,0.07821880446508421
20000,19,2,CGATCGCG,4 0,-0.0004712827102827388,-3.9970751473439314e-05,-0.0005112534617561781,-0.07818186958800831
20000,19,2,CGATCGCG,4 0,-0.0004712827102827388,-3.9970751473439314e-05,-0.0005112534617561781,-0.07818186958800831
20000,19,2,CGATCGCG,4 0,-0.0004712827102827388,-3.9970751473439314e-05,-0.0005112534617561781,-0.07818186958800831
20000,20,3,TTTGGGCC,4 1 3,0.36021138402785446,0.16018739152411943,0.5203987755519739,0.3078166188116271
20000,20,3,TTTAGGCC,1 4 3,-0.21622213005811985,-0.08229796474985385,-0.2985200948079737,-0.2756865155184709
20000,20,3,TTTAGGCC,1 3 4,-0.21622213005811985,-0.06438530681840682,-0.2806074368765267,-0.2294497520631919
20000,20,3,TTTAGGCC,1 4 3,-0.21622213005811985,-0.08229796474985385,-0.2985200948079737,-0.2756865155184709
20000,21,2,TTTGCGCC,1 3,0.5103431368582221,-0.0831570132082714,0.4271861236499507,-0.14011287646507722
20000,21,2,TCTGCGCC,3 1,-0.27268177324904674,-0.2905889391631826,-0.5632707124122294,-0.5158957012316935
20000,21,2,TTTGCGCC,3 1,0.5103431368582221,0.08717643931448327,0.5975195761727053,0.14589721038576658
20000,21,2,TTTGCGCC,3 1,0.5103431368582221,0.08717643931448327,0.5975195761727053,0.14589721038576658
20000,22,3,TTTAGGCC,0 5 2,-0.00013751913873574773,2.882991118857703e-05,-0.0001086892275471707,0.17330974358851034
20000,22,3,TTTAGGCC,0 2 5,-0.00013751913873574773,-0.00013172131859429115,-0.0002692404573300389,-0.4892330071807345
20000,22,3,TTTAGGCC,2 5 0,-0.00013751913873574773,1.4237330633104506e-05,-0.00012328180810264322,0.09381696010929136
20000,22,3,TTTAGGCC,5 2 0,-0.00013751913873574773,0.00014823798353935658,1.0718844803608851e-05,0.5187551664824116
20000,23,6,CGGTCGTG,2 4 7 3 6 5,3.100070558672953,-1.0578014239227,2.042269134750253,-0.25440932966443613
20000,23,6,CGATATAT,2 7 3 4 5 6,-1.2193464330136854,-0.17165251475030008,-1.3909989477639855,-0.12340233256554901
20000,23,6,CGATCGCG,2 7 4 3 5 6,0.6866424689521686,0.3124285995752576,0.9990710685274262,0.3127190941839198
20000,23,6,CGATATAG,7 3 5 2 4 6,1.5609440284069787,2.314064937680046,3.875008966087025,0.5971766666689248
20000,24,4,CTATCGCA,5 1 2 6,-0.0017866890697419632,-0.004651438428845189,-0.0064381274985871526,-0.7224831179354475
20000,24,4,CTATCGCA,6 2 1 5,-0.0017866890697419632,0.0026213854594976382,0.000834696389755675,0.5946781167399705
20000,24,4,CTATCGCA,1 6 2 5,-0.0017866890697419632,-0.005794529179547148,-0.007581218249289111,-0.7643269180504728
20000,24,4,CTATCGCA,1 6 2 5,-0.0017866890697419632,-0.005794529179547148,-0.007581218249289111,-0.7643269180504728
20000,25,5,CAATATAT,3 7 6 4 1,0.20112984983044302,0.2752533267229076,0.4763831765533506,0.5777981680931206
20000,25,5,CGATATAT,7 6 4 1 3,-0.2666209284673121,0.40326918221876173,0.13664825375144962,0.6019930370456582
20000,25,5,CGATATAT,4 3 1 7 6,-0.2666209284673121,0.35494937171210683,0.08832844324479472,0.5710526574542721
20000,25,5,CAATATAT,6 1 4 7 3,0.20112984983044302,0.30887896211048727,0.5100088119409303,0.6056345594010284
20000,26,6,TCTGCGGC,1 3 2 6 7 5,1.6768307044188735,-0.24201555693127919,1.4348151474875943,-0.12612555878290657
20000,26,6,TTTGCGCG,1 2 5 7 3 6,-0.5190896309746796,0.6401863585452112,0.12109672757053158,0.5522294641937177
20000,26,6,TTTGCGCG,6 3 2 1 7 5,-0.5190896309746796,-0.9294420932698948,-1.4485317242445745,-0.6416442786260751
20000,26,6,TCTACGGC,5 3 6 7 2 1,1.867469252509224,0.6071975919847423,2.4746668444939663,0.24536538861210042
20000,27,4,CTATCGCA,5 1 7 2,-0.24711921106520351,-0.4983757966189555,-0.745495007684159,-0.6685166117572452
20000,27,4,CTATCGCA,2 5 7 1,-0.24711921106520351,0.23258365585873575,-0.014535555206467765,0.4848494180369653
20000,27,4,CTATCGCA,7 5 1 2,-0.24711921106520351,0.12393208872829886,-0.12318712233690465,0.334002572682725
20000,27,4,CGGTCGCG,7 1 5 2,5.820271851395132,0.8414344126147513,6.661706264009883,0.12630914352387948
20000,28,3,CTATCGCA,3 0 5,-0.00011469419612947229,-0.0004853456547622148,-0.0006000398508916871,-0.8088557019020797
20000,28,3,CTATCGCA,5 0 3,-0.00011469419612947229,0.00032573574307970254,0.00021104154695023025,0.739585832118011
20000,28,3,CTATCGCA,0 5 3,-0.00011469419612947229,0.0003773287399766456,0.00026263454384717333,0.7668925822093476
20000,28,3,CTATCGCA,5 3 0,-0.00011469419612947229,-0.00020949372892720142,-0.0003241879250566737,-0.6462107707761733
20000,29,4,CTATCGCA,4 7 3 0,-0.022045971185431362,0.0022749540540760727,-0.01977101713135529,0.09353896003843588
20000,29,4,CTATCGCA,7 4 0 3,-0.022045971185431362,0.013162961094269843,-0.00888301009116152,0.3738528902183894
20000,29,4,CTATCGCA,3 7 0 4,-0.022045971185431362,-0.0012472748848151305,-0.023293246070246493,-0.05354663240381643
20000,29,4,CTATCGCA,7 3 0 4,-0.022045971185431362,0.011824134401752229,-0.010221836783679134,0.34910237794553756
20000,30,6,TTTGGGCC,0 2 3 4 5 7,5.266979755840548,1.3157078854434552,6.582687641284003,0.19987396594543813
20000,30,6,CTATCGCA,5 2 0 4 7 3,-0.3534146860977076,0.3154218052481177,-0.037992880849589905,0.4715977811160235
20000,30,6,CTATCGCA,3 4 2 0 7 5,-0.3534146860977076,0.3654554828630374,0.01204079676532982,0.508374806248211
20000,30,6,CTATCGCA,2 3 5 0 7 4,-0.3534146860977076,0.40423095363658135,0.05081626753887375,0.5335356430987284
20000,31,2,CTATCGCA,4 2,-0.0011392941605948836,-0.0026679598366503576,-0.0038072539972452413,-0.7007569861587312
20000,31,2,CTATCGCA,4 2,-0.0011392941605948836,-0.0026679598366503576,-0.0038072539972452413,-0.7007569861587312
20000,31,2,CTATCGCA,2 4,-0.0011392941605948836,0.002669659429705984,0.0015303652691111003,0.7008905113740461
20000,31,2,CTATCGCA,2 4,-0.0011392941605948836,0.002669659429705984,0.0015303652691111003,0.7008905113740461
