step,context,hidden,y,d_exact,d_sur_expected,d_sur_draw,d_exact_centered,d_sur_expected_centered,bias_centered,noise,gap,gap_ref
0,0,5,CGGTCGCG,0.0,0.0,0.0,0.0,0.0,0.0,0.0,0.00153845453354029,0.00153845453354029
0,0,5,CAGTCGCG,0.0,0.0,0.0,0.0,0.0,0.0,0.0,0.006089564789716562,0.006089564789716562
0,0,5,CGGTCGCG,0.0,0.0,0.0,0.0,0.0,0.0,0.0,0.00153845453354029,0.00153845453354029
0,0,5,ATGTCGCG,0.0,0.0,0.0,0.0,0.0,0.0,0.0,0.12138601007848848,0.12138601007848848
0,1,4,AAGTCGCG,0.0,0.0,0.0,0.0,0.0,0.0,0.0,0.06644243856497623,0.06644243856497623
0,1,4,CAGTCGCG,0.0,0.0,0.0,0.0,0.0,0.0,0.0,0.00014764959943000533,0.00014764959943000533
0,1,4,CAGTCGCG,0.0,0.0,0.0,0.0,0.0,0.0,0.0,0.00014764959943000533,0.00014764959943000533
0,1,4,CAGTCGCG,0.0,0.0,0.0,0.0,0.0,0.0,0.0,0.00014764959943000533,0.00014764959943000533
0,2,4,CGATCGCG,0.0,0.0,0.0,0.0,0.0,0.0,0.0,6.608819493938295e-05,6.608819493938295e-05
0,2,4,CGATCGCG,0.0,0.0,0.0,0.0,0.0,0.0,0.0,6.608819493938295e-05,6.608819493938295e-05
0,2,4,CGATCGCG,0.0,0.0,0.0,0.0,0.0,0.0,0.0,6.608819493938295e-05,6.608819493938295e-05
0,2,4,CGATCGCG,0.0,0.0,0.0,0.0,0.0,0.0,0.0,6.608819493938295e-05,6.608819493938295e-05
0,3,4,CAGTCGCG,0.0,0.0,0.0,0.0,0.0,0.0,0.0,0.0012378546321385464,0.0012378546321385464
0,3,4,CTATCGCG,0.0,0.0,0.0,0.0,0.0,0.0,0.0,0.002312620361084594,0.002312620361084594
0,3,4,CTATCGCA,0.0,0.0,0.0,0.0,0.0,0.0,0.0,0.001350256343570111,0.001350256343570111
0,3,4,CAGTCGCG,0.0,0.0,0.0,0.0,0.0,0.0,0.0,0.0012378546321385464,0.0012378546321385464
0,4,7,TTTAGGCC,0.0,0.0,0.0,0.0,0.0,0.0,0.0,0.00039740568974264145,0.00039740568974264145
0,4,7,TTTAGGCC,0.0,0.0,0.0,0.0,0.0,0.0,0.0,0.00039740568974264145,0.00039740568974264145
0,4,7,TTTAGGCC,0.0,0.0,0.0,0.0,0.0,0.0,0.0,0.00039740568974264145,0.00039740568974264145
0,4,7,TTCAGGCC,0.0,0.0,0.0,0.0,0.0,0.0,0.0,0.38347363707061355,0.38347363707061355
0,5,5,TTTGGGCG,0.0,0.0,0.0,0.0,0.0,0.0,0.0,0.0054534304524485044,0.0054534304524485044
0,5,5,TTTGGGCC,0.0,0.0,0.0,0.0,0.0,0.0,0.0,0.00186957483416883,0.00186957483416883
0,5,5,TGTGGGCG,0.0,0.0,0.0,0.0,0.0,0.0,0.0,0.01222590244713695,0.01222590244713695
0,5,5,TTTAGGCC,0.0,0.0,0.0,0.0,0.0,0.0,0.0,0.004830194140586164,0.004830194140586164
0,6,4,TTTGGGCG,0.0,0.0,0.0,0.0,0.0,0.0,0.0,0.00270312365810077,0.00270312365810077
0,6,4,TTTGGGCC,0.0,0.0,0.0,0.0,0.0,0.0,0.0,0.00230666457696016,0.00230666457696016
0,6,4,TTTAGGCC,0.0,0.0,0.0,0.0,0.0,0.0,0.0,0.002782927767889909,0.002782927767889909
0,6,4,TTTAGGCC,0.0,0.0,0.0,0.0,0.0,0.0,0.0,0.002782927767889909,0.002782927767889909
0,7,2,TTTGGGCC,0.0,0.0,0.0,0.0,0.0,0.0,0.0,0.0016687781582628292,0.0016687781582628292
0,7,2,TTTGGGCG,0.0,0.0,0.0,0.0,0.0,0.0,0.0,0.00011627017054993694,0.00011627017054993694
0,7,2,TTTGGGCC,0.0,0.0,0.0,0.0,0.0,0.0,0.0,0.0016687781582628292,0.0016687781582628292
0,7,2,TTTGGGCG,0.0,0.0,0.0,0.0,0.0,0.0,0.0,0.00011627017054993694,0.00011627017054993694
0,8,3,TTTAGGCC,0.0,0.0,0.0,0.0,0.0,0.0,0.0,5.901696392807132e-06,5.901696392807132e-06
0,8,3,TTTAGGCC,0.0,0.0,0.0,0.0,0.0,0.0,0.0,5.901696392807132e-06,5.901696392807132e-06
0,8,3,TTTAGGCC,0.0,0.0,0.0,0.0,0.0,0.0,0.0,5.901696392807132e-06,5.901696392807132e-06
0,8,3,TTTAGGCC,0.0,0.0,0.0,0.0,0.0,0.0,0.0,5.901696392807132e-06,5.901696392807132e-06
0,9,4,TTTACGCC,0.0,0.0,0.0,0.0,0.0,0.0,0.0,0.002266742404941291,0.002266742404941291
0,9,4,TTTACGCC,0.0,0.0,0.0,0.0,0.0,0.0,0.0,0.002266742404941291,0.002266742404941291
0,9,4,TCTACGCC,0.0,0.0,0.0,0.0,0.0,0.0,0.0,0.013958593992930979,0.013958593992930979
0,9,4,TTTACGCC,0.0,0.0,0.0,0.0,0.0,0.0,0.0,0.002266742404941291,0.002266742404941291
0,10,4,CTATCGCG,0.0,0.0,0.0,0.0,0.0,0.0,0.0,0.005141281485952609,0.005141281485952609
0,10,4,CTATCGCA,0.0,0.0,0.0,0.0,0.0,0.0,0.0,0.0006313518619558978,0.0006313518619558978
0,10,4,CTATCGCA,0.0,0.0,0.0,0.0,0.0,0.0,0.0,0.0006313518619558978,0.0006313518619558978
0,10,4,CTATCGCA,0.0,0.0,0.0,0.0,0.0,0.0,0.0,0.0006313518619558978,0.0006313518619558978
0,11,7,TTTAGGCC,0.0,0.0,0.0,0.0,0.0,0.0,0.0,0.00039740568974264145,0.00039740568974264145
0,11,7,TTTAGGCC,0.0,0.0,0.0,0.0,0.0,0.0,0.0,0.00039740568974264145,0.00039740568974264145
0,11,7,TTTAGGCC,0.0,0.0,0.0,0.0,0.0,0.0,0.0,0.00039740568974264145,0.00039740568974264145
0,11,7,TTTAGGCC,0.0,0.0,0.0,0.0,0.0,0.0,0.0,0.00039740568974264145,0.00039740568974264145
0,12,1,CTATCGCA,0.0,0.0,0.0,0.0,0.0,0.0,0.0,0.0,0.0
0,12,1,CTATCGCA,0.0,0.0,0.0,0.0,0.0,0.0,0.0,0.0,0.0
0,12,1,CTATCGCA,0.0,0.0,0.0,0.0,0.0,0.0,0.0,0.0,0.0
0,12,1,CTATCGCA,0.0,0.0,0.0,0.0,0.0,0.0,0.0,0.0,0.0
0,13,6,TTTGGGCC,0.0,0.0,0.0,0.0,0.0,0.0,0.0,0.0026694495204877544,0.0026694495204877544
0,13,6,TGTGGGCC,0.0,0.0,0.0,0.0,0.0,0.0,0.0,0.010983978025626229,0.010983978025626229
0,13,6,TTTAGGCC,0.0,0.0,0.0,0.0,0.0,0.0,0.0,0.0038699770293000313,0.0038699770293000313
0,13,6,TTTGGGCC,0.0,0.0,0.0,0.0,0.0,0.0,0.0,0.0026694495204877544,0.0026694495204877544
0,14,5,CTATCGCA,0.0,0.0,0.0,0.0,0.0,0.0,0.0,0.0025949830720253253,0.0025949830720253253
0,14,5,CGGTCGCG,0.0,0.0,0.0,0.0,0.0,0.0,0.0,0.00153845453354029,0.00153845453354029
0,14,5,CGGTCGCG,0.0,0.0,0.0,0.0,0.0,0.0,0.0,0.00153845453354029,0.00153845453354029
0,14,5,CTGTCGCG,0.0,0.0,0.0,0.0,0.0,0.0,0.0,0.04536773880052003,0.04536773880052003
0,15,6,TTTAGGCC,0.0,0.0,0.0,0.0,0.0,0.0,0.0,0.00033217117895842363,0.00033217117895842363
0,15,6,TTTAGGCC,0.0,0.0,0.0,0.0,0.0,0.0,0.0,0.00033217117895842363,0.00033217117895842363
0,15,6,TTTAGGCC,0.0,0.0,0.0,0.0,0.0,0.0,0.0,0.00033217117895842363,0.00033217117895842363
0,15,6,TTTAGGCC,0.0,0.0,0.0,0.0,0.0,0.0,0.0,0.00033217117895842363,0.00033217117895842363
0,16,2,TGTGGGCG,0.0,0.0,0.0,0.0,0.0,0.0,0.0,0.00013467209401341051,0.00013467209401341051
0,16,2,TGTGGGCC,0.0,0.0,0.0,0.0,0.0,0.0,0.0,0.0006011996650996387,0.0006011996650996387
0,16,2,TGTGGGCG,0.0,0.0,0.0,0.0,0.0,0.0,0.0,0.00013467209401341051,0.00013467209401341051
0,16,2,TGTGGGCG,0.0,0.0,0.0,0.0,0.0,0.0,0.0,0.00013467209401341051,0.00013467209401341051
0,17,3,TTTAGGCC,0.0,0.0,0.0,0.0,0.0,0.0,0.0,0.0009063481356990088,0.0009063481356990088
0,17,3,TTTAGGCC,0.0,0.0,0.0,0.0,0.0,0.0,0.0,0.0009063481356990088,0.0009063481356990088
0,17,3,TTTGGGCC,0.0,0.0,0.0,0.0,0.0,0.0,0.0,0.000360446524700464,0.000360446524700464
0,17,3,TTTAGGCC,0.0,0.0,0.0,0.0,0.0,0.0,0.0,0.0009063481356990088,0.0009063481356990088
0,18,3,CGTTGGCG,0.0,0.0,0.0,0.0,0.0,0.0,0.0,0.004693298890532938,0.004693298890532938
0,18,3,CGTTGGCG,0.0,0.0,0.0,0.0,0.0,0.0,0.0,0.004693298890532938,0.004693298890532938
0,18,3,CGTTGGCG,0.0,0.0,0.0,0.0,0.0,0.0,0.0,0.004693298890532938,0.004693298890532938
0,18,3,CGTTGGCG,0.0,0.0,0.0,0.0,0.0,0.0,0.0,0.004693298890532938,0.004693298890532938
0,19,2,TGTGGGCG,0.0,0.0,0.0,0.0,0.0,0.0,0.0,1.2138115358384383e-06,1.2138115358384383e-06
0,19,2,TGTGGGCG,0.0,0.0,0.0,0.0,0.0,0.0,0.0,1.2138115358384383e-06,1.2138115358384383e-06
0,19,2,TGTGGGCG,0.0,0.0,0.0,0.0,0.0,0.0,0.0,1.2138115358384383e-06,1.2138115358384383e-06
0,19,2,TGTGGGCG,0.0,0.0,0.0,0.0,0.0,0.0,0.0,1.2138115358384383e-06,1.2138115358384383e-06
0,20,3,CAATCTAT,0.0,0.0,0.0,0.0,0.0,0.0,0.0,0.0005588947228193364,0.0005588947228193364
0,20,3,CAATCTAT,0.0,0.0,0.0,0.0,0.0,0.0,0.0,0.0005588947228193364,0.0005588947228193364
0,20,3,CGATATAT,0.0,0.0,0.0,0.0,0.0,0.0,0.0,0.006521273570878838,0.006521273570878838
0,20,3,CGATCTAT,0.0,0.0,0.0,0.0,0.0,0.0,0.0,0.003965863544437287,0.003965863544437287
0,21,5,CGGTCGCG,0.0,0.0,0.0,0.0,0.0,0.0,0.0,0.0001827255977293052,0.0001827255977293052
0,21,5,CGGTCGCG,0.0,0.0,0.0,0.0,0.0,0.0,0.0,0.0001827255977293052,0.0001827255977293052
0,21,5,CGGTCGCG,0.0,0.0,0.0,0.0,0.0,0.0,0.0,0.0001827255977293052,0.0001827255977293052
0,21,5,CGGTCGCG,0.0,0.0,0.0,0.0,0.0,0.0,0.0,0.0001827255977293052,0.0001827255977293052
0,22,2,CGGTCGCG,0.0,0.0,0.0,0.0,0.0,0.0,0.0,1.1014994620528462e-05,1.1014994620528462e-05
0,22,2,CGGTCGCG,0.0,0.0,0.0,0.0,0.0,0.0,0.0,1.1014994620528462e-05,1.1014994620528462e-05
0,22,2,CGGTCGCG,0.0,0.0,0.0,0.0,0.0,0.0,0.0,1.1014994620528462e-05,1.1014994620528462e-05
0,22,2,CGGTCGCG,0.0,0.0,0.0,0.0,0.0,0.0,0.0,1.1014994620528462e-05,1.1014994620528462e-05
0,23,6,AGGTCGTG,0.0,0.0,0.0,0.0,0.0,0.0,0.0,0.07719869182912742,0.07719869182912742
0,23,6,CGGTCGCG,0.0,0.0,0.0,0.0,0.0,0.0,0.0,9.182101438928725e-05,9.182101438928725e-05
0,23,6,AGGTCGCG,0.0,0.0,0.0,0.0,0.0,0.0,0.0,0.03519111760159799,0.03519111760159799
0,23,6,CGGTCGCG,0.0,0.0,0.0,0.0,0.0,0.0,0.0,9.182101438928725e-05,9.182101438928725e-05
0,24,2,TTTGGGCG,0.0,0.0,0.0,0.0,0.0,0.0,0.0,2.6782439932482305e-08,2.6782439932482305e-08
0,24,2,TTTGGGCG,0.0,0.0,0.0,0.0,0.0,0.0,0.0,2.6782439932482305e-08,2.6782439932482305e-08
0,24,2,TTTGGGCG,0.0,0.0,0.0,0.0,0.0,0.0,0.0,2.6782439932482305e-08,2.6782439932482305e-08
0,24,2,TTTGGGCG,0.0,0.0,0.0,0.0,0.0,0.0,0.0,2.6782439932482305e-08,2.6782439932482305e-08
0,25,4,TTTGGGCC,0.0,0.0,0.0,0.0,0.0,0.0,0.0,0.0007676113857073563,0.0007676113857073563
0,25,4,TTTGGGCG,0.0,0.0,0.0,0.0,0.0,0.0,0.0,0.007189428700436817,0.007189428700436817
0,25,4,CGTGGGCG,0.0,0.0,0.0,0.0,0.0,0.0,0.0,0.01421280834213956,0.01421280834213956
0,25,4,TTTGGGCC,0.0,0.0,0.0,0.0,0.0,0.0,0.0,0.0007676113857073563,0.0007676113857073563
0,26,5,CTATCGCA,0.0,0.0,0.0,0.0,0.0,0.0,0.0,0.0014051179893463939,0.0014051179893463939
0,26,5,TTTAGGCC,0.0,0.0,0.0,0.0,0.0,0.0,0.0,0.0031894694880234553,0.0031894694880234553
0,26,5,TTTGGGCC,0.0,0.0,0.0,0.0,0.0,0.0,0.0,0.0021414565429769272,0.0021414565429769272
0,26,5,CTTTGGCC,0.0,0.0,0.0,0.0,0.0,0.0,0.0,0.20909847141105864,0.20909847141105864
0,27,2,ACTACGGC,0.0,0.0,0.0,0.0,0.0,0.0,0.0,1.2181356682017253e-05,1.2181356682017253e-05
0,27,2,ACTACGGC,0.0,0.0,0.0,0.0,0.0,0.0,0.0,1.2181356682017253e-05,1.2181356682017253e-05
0,27,2,ACTACGGC,0.0,0.0,0.0,0.0,0.0,0.0,0.0,1.2181356682017253e-05,1.2181356682017253e-05
0,27,2,ACTACGGC,0.0,0.0,0.0,0.0,0.0,0.0,0.0,1.2181356682017253e-05,1.2181356682017253e-05
0,28,2,TTTGGGCC,0.0,0.0,0.0,0.0,0.0,0.0,0.0,4.987328328098783e-10,4.987328328098783e-10
0,28,2,TTTGGGCC,0.0,0.0,0.0,0.0,0.0,0.0,0.0,4.987328328098783e-10,4.987328328098783e-10
0,28,2,TTTGGGCC,0.0,0.0,0.0,0.0,0.0,0.0,0.0,4.987328328098783e-10,4.987328328098783e-10
0,28,2,TTTGGGCC,0.0,0.0,0.0,0.0,0.0,0.0,0.0,4.987328328098783e-10,4.987328328098783e-10
0,29,4,CTATCGCA,0.0,0.0,0.0,0.0,0.0,0.0,0.0,0.00017334206687569242,0.00017334206687569242
0,29,4,CTATCGCA,0.0,0.0,0.0,0.0,0.0,0.0,0.0,0.00017334206687569242,0.00017334206687569242
0,29,4,CTATCGCA,0.0,0.0,0.0,0.0,0.0,0.0,0.0,0.00017334206687569242,0.00017334206687569242
0,29,4,CTATCGCA,0.0,0.0,0.0,0.0,0.0,0.0,0.0,0.00017334206687569242,0.00017334206687569242
0,30,5,TTTGGGCG,0.0,0.0,0.0,0.0,0.0,0.0,0.0,0.0012539076504974322,0.0012539076504974322
0,30,5,TTTGGGCG,0.0,0.0,0.0,0.0,0.0,0.0,0.0,0.0012539076504974322,0.0012539076504974322
0,30,5,TGTGGGCG,0.0,0.0,0.0,0.0,0.0,0.0,0.0,0.004627887809798059,0.004627887809798059
0,30,5,TGTGGGCG,0.0,0.0,0.0,0.0,0.0,0.0,0.0,0.004627887809798059,0.004627887809798059
0,31,4,CTATCGCA,0.0,0.0,0.0,0.0,0.0,0.0,0.0,0.00017896723263194358,0.00017896723263194358
0,31,4,CTATCGCA,0.0,0.0,0.0,0.0,0.0,0.0,0.0,0.00017896723263194358,0.00017896723263194358
0,31,4,CTATCGCA,0.0,0.0,0.0,0.0,0.0,0.0,0.0,0.00017896723263194358,0.00017896723263194358
0,31,4,CTATCGCA,0.0,0.0,0.0,0.0,0.0,0.0,0.0,0.00017896723263194358,0.00017896723263194358
250,0,5,CTATCGCA,0.012035683379895731,0.012047131233439501,0.01879027672111988,0.0,0.0,0.0,0.0067431454876803795,1.4958786528507934e-06,5.8735146371696745e-05
250,0,5,CTATCGCA,0.012035683379895731,0.012047131233439501,0.02319933846592903,0.0,0.0,0.0,0.01115220723248953,1.4958786528507934e-06,5.8735146371696745e-05
250,0,5,CTATCGCA,0.012035683379895731,0.012047131233439501,0.01178214605897665,0.0,0.0,0.0,-0.000264985174462851,1.4958786528507934e-06,5.8735146371696745e-05
250,0,5,CTATCGCA,0.012035683379895731,0.012047131233439501,0.016349177807569504,0.0,0.0,0.0,0.0043020465741300026,1.4958786528507934e-06,5.8735146371696745e-05
250,1,5,CAATCTAT,-0.32944019618328574,-0.3543129958561222,-0.41601455211639404,-0.4859545170148444,-0.5053170245725873,-0.019362507557742936,-0.06170155626027185,0.13679512272693417,0.012431124362751955
250,1,5,CGATATAT,0.3184991598365068,0.31944303690732756,0.20824944972991943,0.16198483900494814,0.16843900819086244,0.0064541691859142936,-0.11119358717740813,0.02313086421273247,0.02785024956683646
250,1,5,CGATATAT,0.3184991598365068,0.31944303690732756,0.34523555636405945,0.16198483900494814,0.16843900819086244,0.0064541691859142936,0.02579251945673189,0.02313086421273247,0.02785024956683646
250,1,5,CGATATAT,0.3184991598365068,0.31944303690732756,0.3576076030731201,0.16198483900494814,0.16843900819086244,0.0064541691859142936,0.03816456616579256,0.02313086421273247,0.02785024956683646
250,2,6,CTATCGCA,0.13459787469757015,0.1334394208144709,0.03294334560632706,0.0,0.0,0.0,-0.10049607520814385,0.009923578670928412,0.0029728553723329387
250,2,6,CTATCGCA,0.13459787469757015,0.1334394208144709,0.09455472230911255,0.0,0.0,0.0,-0.03888469850535836,0.009923578670928412,0.0029728553723329387
250,2,6,CTATCGCA,0.13459787469757015,0.1334394208144709,0.01089238841086626,0.0,0.0,0.0,-0.12254703240360465,0.009923578670928412,0.0029728553723329387
250,2,6,CTATCGCA,0.13459787469757015,0.1334394208144709,0.34609106183052063,0.0,0.0,0.0,0.21265164101604972,0.009923578670928412,0.0029728553723329387
250,3,2,CTATCGCA,0.003563751023372752,0.0035647718868858647,0.0035647721961140633,0.0,0.0,0.0,3.092281986027956e-10,1.2188292375370224e-08,2.053915318600552e-06
250,3,2,CTATCGCA,0.003563751023372752,0.0035647718868858647,0.004500185139477253,0.0,0.0,0.0,0.0009354132525913883,1.2188292375370224e-08,2.053915318600552e-06
250,3,2,CTATCGCA,0.003563751023372752,0.0035647718868858647,0.004500185139477253,0.0,0.0,0.0,0.0009354132525913883,1.2188292375370224e-08,2.053915318600552e-06
250,3,2,CTATCGCA,0.003563751023372752,0.0035647718868858647,0.0035647721961140633,0.0,0.0,0.0,3.092281986027956e-10,1.2188292375370224e-08,2.053915318600552e-06
250,4,5,CTATCGCA,0.15752261348998156,0.15536804507713048,0.11795328557491302,0.0,0.0,0.0,-0.037414759502217454,0.013383816647166036,0.002610974582910597
250,4,5,CTATCGCA,0.15752261348998156,0.15536804507713048,0.31520742177963257,0.0,0.0,0.0,0.1598393767025021,0.013383816647166036,0.002610974582910597
250,4,5,CTATCGCA,0.15752261348998156,0.15536804507713048,0.32832249999046326,0.0,0.0,0.0,0.17295445491333278,0.013383816647166036,0.002610974582910597
250,4,5,CTATCGCA,0.15752261348998156,0.15536804507713048,0.22432643175125122,0.0,0.0,0.0,0.06895838667412074,0.013383816647166036,0.002610974582910597
250,5,5,CTATCGCA,0.0034799923573705675,0.0034822108438184785,0.0013226462760940194,0.0,0.0,0.0,-0.002159564567724459,2.429270500210745e-08,1.111672494455429e-05
250,5,5,CTATCGCA,0.0034799923573705675,0.0034822108438184785,0.002400584053248167,0.0,0.0,0.0,-0.0010816267905703115,2.429270500210745e-08,1.111672494455429e-05
250,5,5,CTATCGCA,0.0034799923573705675,0.0034822108438184785,0.0035783720668405294,0.0,0.0,0.0,9.61612230220509e-05,2.429270500210745e-08,1.111672494455429e-05
250,5,5,CTATCGCA,0.0034799923573705675,0.0034822108438184785,0.002958177588880062,0.0,0.0,0.0,-0.0005240332549384164,2.429270500210745e-08,1.111672494455429e-05
250,6,3,CGATCGCG,0.019225238456718825,0.01924573474712406,0.017362995073199272,0.0,0.0,0.0,-0.0018827396739247888,0.00023264448516091552,0.00029413335637662463
250,6,3,CGATCGCG,0.019225238456718825,0.01924573474712406,0.01811027340590954,0.0,0.0,0.0,-0.0011354613412145227,0.00023264448516091552,0.00029413335637662463
250,6,3,CGATCGCG,0.019225238456718825,0.01924573474712406,0.022731658071279526,0.0,0.0,0.0,0.0034859233241554648,0.00023264448516091552,0.00029413335637662463
250,6,3,CGATCGCG,0.019225238456718825,0.01924573474712406,0.021133828908205032,0.0,0.0,0.0,0.0018880941610809714,0.00023264448516091552,0.00029413335637662463
250,7,4,CTATCGCA,0.004753623810553399,0.00475415484265318,0.005038606934249401,0.0,0.0,0.0,0.0002844520915962212,6.776701484689784e-09,2.1309051006085378e-06
250,7,4,CTATCGCA,0.004753623810553399,0.00475415484265318,0.002890872536227107,0.0,0.0,0.0,-0.0018632823064260728,6.776701484689784e-09,2.1309051006085378e-06
250,7,4,CTATCGCA,0.004753623810553399,0.00475415484265318,0.0037194688338786364,0.0,0.0,0.0,-0.0010346860087745435,6.776701484689784e-09,2.1309051006085378e-06
250,7,4,CTATCGCA,0.004753623810553399,0.00475415484265318,0.004106960725039244,0.0,0.0,0.0,-0.0006471941176139362,6.776701484689784e-09,2.1309051006085378e-06
250,8,3,CTATCGCG,-0.17603697816741062,-0.17805848170165595,-0.2861146926879883,-0.14843651542470487,-0.1499551369658243,-0.0015186215411194248,-0.10805621098633234,0.00949967656072781,0.0034351659579918703
250,8,3,CTATCGCA,0.021878375732195882,0.02188170091944312,0.007492473348975182,0.04947883847490162,0.04998504565527477,0.0005062071803731485,-0.014389227570467938,5.681683390260095e-05,6.679239564430506e-05
250,8,3,CTATCGCA,0.021878375732195882,0.02188170091944312,0.015460338443517685,0.04947883847490162,0.04998504565527477,0.0005062071803731485,-0.006421362475925434,5.681683390260095e-05,6.679239564430506e-05
250,8,3,CTATCGCA,0.021878375732195882,0.02188170091944312,0.018937494605779648,0.04947883847490162,0.04998504565527477,0.0005062071803731485,-0.0029442063136634715,5.681683390260095e-05,6.679239564430506e-05
250,9,4,CAATATAT,0.2083907720180299,0.2079556358148693,0.6491749286651611,0.1231746760460051,0.12784571694942315,0.00467104090341805,0.4412192928502918,0.05157594949614408,0.04983540468350167
250,9,4,CAATATAT,0.2083907720180299,0.2079556358148693,0.052849918603897095,0.1231746760460051,0.12784571694942315,0.00467104090341805,-0.15510571721097222,0.05157594949614408,0.04983540468350167
250,9,4,CAATCTAT,-0.37593676805688603,-0.39904727450296684,-0.4535733461380005,-0.46115286402891087,-0.479157193368413,-0.018004329339502134,-0.054526071635033646,0.10057648806684272,0.008134462282519461
250,9,4,CGATATAT,0.30001960790892546,0.30357567833501287,0.2246687114238739,0.21480351193690064,0.2234657594695667,0.008662247532666062,-0.07890696691113896,0.015491500611867104,0.029715782316216632
250,10,6,CTATCGCA,0.013404695897740451,0.013384154290139763,0.009988131001591682,0.0,0.0,0.0,-0.003396023288548081,0.00039011081248402357,0.0002668611668799059
250,10,6,CTATCGCA,0.013404695897740451,0.013384154290139763,0.0053566633723676205,0.0,0.0,0.0,-0.008027490917772143,0.00039011081248402357,0.0002668611668799059
250,10,6,CTATCGCA,0.013404695897740451,0.013384154290139763,0.014903685078024864,0.0,0.0,0.0,0.0015195307878851008,0.00039011081248402357,0.0002668611668799059
250,10,6,CTATCGCA,0.013404695897740451,0.013384154290139763,0.00961962342262268,0.0,0.0,0.0,-0.0037645308675170828,0.00039011081248402357,0.0002668611668799059
250,11,5,CTATCGCA,0.14062701005777734,0.13836483007492947,0.14618220925331116,0.008639545980012292,0.01647979087411658,0.007840244894104287,0.007817379178381684,0.01227101471117159,0.0009601147969322543
250,11,5,CTATCGCG,0.10606882613772814,0.0724456665784631,-0.06234508752822876,-0.025918637940036904,-0.04943937262234979,-0.023520734682312888,-0.13479075410669186,0.17126416856120086,0.0031483707648756187
250,11,5,CTATCGCA,0.14062701005777734,0.13836483007492947,0.3061198592185974,0.008639545980012292,0.01647979087411658,0.007840244894104287,0.16775502914366794,0.01227101471117159,0.0009601147969322543
250,11,5,CTATCGCA,0.14062701005777734,0.13836483007492947,0.027628187090158463,0.008639545980012292,0.01647979087411658,0.007840244894104287,-0.11073664298477101,0.01227101471117159,0.0009601147969322543
250,12,5,CTATCGCA,0.016456584892371135,0.01647615125626718,0.02332521602511406,0.0,0.0,0.0,0.0068490647688468805,6.208126398718483e-05,0.00015991308346741118
250,12,5,CTATCGCA,0.016456584892371135,0.01647615125626718,0.013151709921658039,0.0,0.0,0.0,-0.00332444133460914,6.208126398718483e-05,0.00015991308346741118
250,12,5,CTATCGCA,0.016456584892371135,0.01647615125626718,0.028927858918905258,0.0,0.0,0.0,0.01245170766263808,6.208126398718483e-05,0.00015991308346741118
250,12,5,CTATCGCA,0.016456584892371135,0.01647615125626718,0.018492648378014565,0.0,0.0,0.0,0.0020164971217473855,6.208126398718483e-05,0.00015991308346741118
250,13,3,TTTGGGCG,-0.14062092893629252,-0.14395193218580152,-0.05454578995704651,-0.19859338159480136,-0.19509756717929524,0.0034958144155061155,0.08940614222875501,0.015774534134081364,0.0057815243855543486
250,13,3,TGTGGGCG,0.2565658342533102,0.24624320217278894,0.3159630000591278,0.19859338159480136,0.19509756717929522,-0.0034958144155061432,0.06971979788633886,0.03286531914941704,0.001897422907853219
250,13,3,TGTGGGCG,0.2565658342533102,0.24624320217278894,0.11890655755996704,0.19859338159480136,0.19509756717929522,-0.0034958144155061432,-0.1273366446128219,0.03286531914941704,0.001897422907853219
250,13,3,TTTGGGCG,-0.14062092893629252,-0.14395193218580152,0.004599779844284058,-0.19859338159480136,-0.19509756717929524,0.0034958144155061155,0.14855171203008558,0.015774534134081364,0.0057815243855543486
250,14,3,CTATCGCA,0.002943897376959048,0.0029438993667459576,0.002405622974038124,0.0,0.0,0.0,-0.0005382763927078336,5.458503093969114e-10,6.515211037338986e-09
250,14,3,CTATCGCA,0.002943897376959048,0.0029438993667459576,0.004694323521107435,0.0,0.0,0.0,0.0017504241543614776,5.458503093969114e-10,6.515211037338986e-09
250,14,3,CTATCGCA,0.002943897376959048,0.0029438993667459576,0.002691639121621847,0.0,0.0,0.0,-0.0002522602451241105,5.458503093969114e-10,6.515211037338986e-09
250,14,3,CTATCGCA,0.002943897376959048,0.0029438993667459576,0.003637425135821104,0.0,0.0,0.0,0.0006935257690751464,5.458503093969114e-10,6.515211037338986e-09
250,15,3,CGATCGCG,0.01482526969201059,0.014277423913881648,0.04244530200958252,-0.011022749432467938,-0.011441894206503374,-0.0004191447740354362,0.02816787809570087,0.016642765872779908,0.014999228538393083
250,15,3,CTATCGCA,0.029522268935301178,0.02953328285588615,0.03237133473157883,0.0036742498108226496,0.0038139647355011283,0.00013971492467847874,0.0028380518756926758,0.00019174596441182135,0.00022478772616674192
250,15,3,CTATCGCA,0.029522268935301178,0.02953328285588615,0.03690151125192642,0.0036742498108226496,0.0038139647355011283,0.00013971492467847874,0.007368228396040271,0.00019174596441182135,0.00022478772616674192
250,15,3,CTATCGCA,0.029522268935301178,0.02953328285588615,0.01020905002951622,0.0036742498108226496,0.0038139647355011283,0.00013971492467847874,-0.01932423282636993,0.00019174596441182135,0.00022478772616674192
250,16,5,TTTAGGCC,0.12044820338687305,0.1131920257041914,0.11122545599937439,-0.11463380011588405,-0.11255493961660973,0.002078860499274318,-0.0019665697048170117,0.0390496528289388,0.0027687644155305335
250,16,5,TTTGCGCG,0.5789834038504094,0.5634117841706303,0.8955750465393066,0.34390140034765226,0.3376648188498292,-0.006236581497823079,0.3321632623686763,0.09487939866551054,0.01702130026661486
250,16,5,TTTAGGCC,0.12044820338687305,0.1131920257041914,0.08196514844894409,-0.11463380011588405,-0.11255493961660973,0.002078860499274318,-0.03122687725524731,0.0390496528289388,0.0027687644155305335
250,16,5,TTTAGGCC,0.12044820338687305,0.1131920257041914,0.05919951945543289,-0.11463380011588405,-0.11255493961660973,0.002078860499274318,-0.05399250624875851,0.0390496528289388,0.0027687644155305335
250,17,3,CTATCGCG,0.17083093847507547,0.12567210700298226,-0.058167099952697754,-0.04066553251466176,-0.06231494732734688,-0.02164941481268512,-0.18383920695568,0.138409136068804,0.0029326416525243815
250,17,3,CTATCGCG,0.17083093847507547,0.12567210700298226,0.18103694915771484,-0.04066553251466176,-0.06231494732734688,-0.02164941481268512,0.055364842154732585,0.138409136068804,0.0029326416525243815
250,17,3,CTATCGCA,0.25216200350439905,0.25030200165767597,0.18959125876426697,0.04066553251466182,0.062314947327346826,0.02164941481268501,-0.060710742893409,0.006926664509061875,0.0013466589688926334
250,17,3,CTATCGCA,0.25216200350439905,0.25030200165767597,0.5211637020111084,0.04066553251466182,0.062314947327346826,0.02164941481268501,0.27086170035343243,0.006926664509061875,0.0013466589688926334
250,18,4,CTATCGCA,0.024782330870107866,0.02480622353885309,0.024085085839033127,0.0,0.0,0.0,-0.0007211376998199626,0.001109363846342526,0.0012049345213234197
250,18,4,CTATCGCA,0.024782330870107866,0.02480622353885309,0.020731575787067413,0.0,0.0,0.0,-0.004074647751785676,0.001109363846342526,0.0012049345213234197
250,18,4,CTATCGCA,0.024782330870107866,0.02480622353885309,0.023529555648565292,0.0,0.0,0.0,-0.001276667890287797,0.001109363846342526,0.0012049345213234197
250,18,4,CTATCGCA,0.024782330870107866,0.02480622353885309,0.01357472687959671,0.0,0.0,0.0,-0.01123149665925638,0.001109363846342526,0.0012049345213234197
250,19,2,CGATATAT,0.01654591378321124,0.016645953056467988,0.027936449274420738,0.0,0.0,0.0,0.01129049621795275,4.921832723603359e-07,0.00020057072978585389
250,19,2,CGATATAT,0.01654591378321124,0.016645953056467988,0.017383301630616188,0.0,0.0,0.0,0.0007373485741482,4.921832723603359e-07,0.00020057072978585389
250,19,2,CGATATAT,0.01654591378321124,0.016645953056467988,0.01664598286151886,0.0,0.0,0.0,2.980505087180063e-08,4.921832723603359e-07,0.00020057072978585389
250,19,2,CGATATAT,0.01654591378321124,0.016645953056467988,0.010632089339196682,0.0,0.0,0.0,-0.006013863717271306,4.921832723603359e-07,0.00020057072978585389
250,20,3,CTATCGCA,0.0013881096352639972,0.001388273253623007,0.0007275817915797234,0.0,0.0,0.0,-0.0006606914620432836,9.64975599426765e-11,4.909515745887827e-07
250,20,3,CTATCGCA,0.0013881096352639972,0.001388273253623007,0.0005490126786753535,0.0,0.0,0.0,-0.0008392605749476534,9.64975599426765e-11,4.909515745887827e-07
250,20,3,CTATCGCA,0.0013881096352639972,0.001388273253623007,0.0014135807286947966,0.0,0.0,0.0,2.5307475071789653e-05,9.64975599426765e-11,4.909515745887827e-07
250,20,3,CTATCGCA,0.0013881096352639972,0.001388273253623007,0.0010328725911676884,0.0,0.0,0.0,-0.00035540066245531854,9.64975599426765e-11,4.909515745887827e-07
250,21,2,CTATCGCA,0.0013850476876386963,0.00138505567338143,0.0010560527443885803,0.0,0.0,0.0,-0.0003290029289928498,4.4853010194856324e-14,1.597153032051324e-08
250,21,2,CTATCGCA,0.0013850476876386963,0.00138505567338143,0.0005269035464152694,0.0,0.0,0.0,-0.0008581521269661607,4.4853010194856324e-14,1.597153032051324e-08
250,21,2,CTATCGCA,0.0013850476876386963,0.00138505567338143,0.0010560527443885803,0.0,0.0,0.0,-0.0003290029289928498,4.4853010194856324e-14,1.597153032051324e-08
250,21,2,CTATCGCA,0.0013850476876386963,0.00138505567338143,0.0019785738550126553,0.0,0.0,0.0,0.0005935181816312252,4.4853010194856324e-14,1.597153032051324e-08
250,22,4,CAATCTAT,-0.37593676805688603,-0.39904727450296684,-0.5340255498886108,-0.29216377003745797,-0.3035014551589181,-0.011337685121460106,-0.134978275385644,0.10057648806684272,0.008134462282519461
250,22,4,CAATATAT,0.2083907720180299,0.2079556358148693,-0.05851203203201294,0.29216377003745797,0.3035014551589181,0.011337685121460106,-0.26646766784688225,0.05157594949614408,0.04983540468350167
250,22,4,CAATCTAT,-0.37593676805688603,-0.39904727450296684,-0.22500959038734436,-0.29216377003745797,-0.3035014551589181,-0.011337685121460106,0.17403768411562248,0.10057648806684272,0.008134462282519461
250,22,4,CAATATAT,0.2083907720180299,0.2079556358148693,-0.012090206146240234,0.29216377003745797,0.3035014551589181,0.011337685121460106,-0.22004584196110955,0.05157594949614408,0.04983540468350167
250,23,3,CTATCGCA,0.035527476133377874,0.03552884112764332,0.04459982365369797,0.08433684864907479,0.08457690957158708,0.00024006092251228905,0.00907098252605465,2.1782524043556517e-05,2.5877506839883102e-05
250,23,3,CTATCGCG,-0.13314622116477168,-0.13362497801553083,-0.1285552978515625,-0.08433684864907477,-0.08457690957158708,-0.00024006092251230293,0.005069680163968332,0.001789549406983948,0.0003532788547064847
250,23,3,CTATCGCG,-0.13314622116477168,-0.13362497801553083,-0.2384394407272339,-0.08433684864907477,-0.08457690957158708,-0.00024006092251230293,-0.10481446271170305,0.001789549406983948,0.0003532788547064847
250,23,3,CTATCGCA,0.035527476133377874,0.03552884112764332,0.05921580269932747,0.08433684864907479,0.08457690957158708,0.00024006092251228905,0.02368696157168415,2.1782524043556517e-05,2.5877506839883102e-05
250,24,2,CGATCGCG,1.4188717317024193,1.3906811457127335,1.390681266784668,0.7417708473709477,0.8436955184879482,0.10192467111700054,1.210719344779676e-07,0.07489713048984914,0.018515958510477493
250,24,2,CGGTCGCG,-0.9115546196670081,-1.2550203027203681,-1.616349220275879,-1.5886555039984798,-1.8020059299451534,-0.21335042594667364,-0.3613289175555108,0.6875896736489562,0.0006583075422361695
250,24,2,CTATCGCG,0.7822146935880563,0.6616005201940425,1.181257963180542,0.10511380925658464,0.1146148929692572,0.009501083712672553,0.5196574429864995,0.24683926407450274,0.0056109172864751145
250,24,2,CGATCGCG,1.4188717317024193,1.3906811457127335,0.8205122947692871,0.7417708473709477,0.8436955184879482,0.10192467111700054,-0.5701688509434464,0.07489713048984914,0.018515958510477493
250,25,3,CTATCGCA,0.035527476133377874,0.03552884112764332,0.01625700853765011,0.0,0.0,0.0,-0.01927183258999321,2.1782524043556517e-05,2.5877506839883102e-05
250,25,3,CTATCGCA,0.035527476133377874,0.03552884112764332,0.050645604729652405,0.0,0.0,0.0,0.015116763602009087,2.1782524043556517e-05,2.5877506839883102e-05
250,25,3,CTATCGCA,0.035527476133377874,0.03552884112764332,0.023085981607437134,0.0,0.0,0.0,-0.012442859520206184,2.1782524043556517e-05,2.5877506839883102e-05
250,25,3,CTATCGCA,0.035527476133377874,0.03552884112764332,0.016676709055900574,0.0,0.0,0.0,-0.018852132071742744,2.1782524043556517e-05,2.5877506839883102e-05
250,26,6,CGATCGCG,0.38147085619004706,0.34330661604534374,0.054863572120666504,0.18402656920754962,0.156404180242818,-0.027622388964731626,-0.28844304392467723,0.25156159877859796,0.022576157910378036
250,26,6,CTATCGCA,0.13610209724664762,0.13476770905491975,0.23661038279533386,-0.06134218973584982,-0.052134726747606,0.00920746298824382,0.10184267374041411,0.009585525778934678,0.0015791966285674253
250,26,6,CTATCGCA,0.13610209724664762,0.13476770905491975,0.1547907441854477,-0.06134218973584982,-0.052134726747606,0.00920746298824382,0.020023035130527944,0.009585525778934678,0.0015791966285674253
250,26,6,CTATCGCA,0.13610209724664762,0.13476770905491975,0.008013554848730564,-0.06134218973584982,-0.052134726747606,0.00920746298824382,-0.12675415420618918,0.009585525778934678,0.0015791966285674253
250,27,6,CTATCGCA,0.12513472152907443,0.12255814031021932,0.09773389995098114,0.30102228338886083,0.4208878790688127,0.11986559567995186,-0.02482424035923818,0.01741497327907282,0.001955485965942083
250,27,6,CGGTCGCG,-0.4640757159125795,-0.6919517104461478,-0.6109276413917542,-0.28818815405279313,-0.3936219716875544,-0.10543381763476128,0.08102406905439363,1.3681146128119654,0.0008586456105557083
250,27,6,CTATCGCG,0.09946646285693912,0.06802632554770287,-0.07256919145584106,0.2753540247167255,0.36635606430629625,0.09100203958957076,-0.14059551700354395,0.19390724077620902,0.005266416920791439
250,27,6,CGGTCGCG,-0.4640757159125795,-0.6919517104461478,-0.9970331192016602,-0.28818815405279313,-0.3936219716875544,-0.10543381763476128,-0.3050814087555124,1.3681146128119654,0.0008586456105557083
250,28,5,CTATCGCA,0.03663523091459749,0.036695258428088094,0.03696306049823761,0.0,0.0,0.0,0.0002678020701495157,3.5564409527302776e-05,0.000335701976980296
250,28,5,CTATCGCA,0.03663523091459749,0.036695258428088094,0.025395864620804787,0.0,0.0,0.0,-0.011299393807283308,3.5564409527302776e-05,0.000335701976980296
250,28,5,CTATCGCA,0.03663523091459749,0.036695258428088094,0.02741828002035618,0.0,0.0,0.0,-0.009276978407731916,3.5564409527302776e-05,0.000335701976980296
250,28,5,CTATCGCA,0.03663523091459749,0.036695258428088094,0.04132126644253731,0.0,0.0,0.0,0.0046260080144492136,3.5564409527302776e-05,0.000335701976980296
250,29,4,CTATCGCA,0.023591737726135466,0.02359487451273412,0.015486229211091995,0.03326547843320286,0.03399005069801814,0.0007245722648152805,-0.008108645301642126,0.00012974336179336077,0.00014229050818798106
250,29,4,CTATCGCA,0.023591737726135466,0.02359487451273412,0.024784166365861893,0.03326547843320286,0.03399005069801814,0.0007245722648152805,0.0011892918531277719,0.00012974336179336077,0.00014229050818798106
250,29,4,CTATCGCG,-0.10947017600667597,-0.11236532827933843,-0.09687095880508423,-0.09979643529960858,-0.10197015209405441,-0.0021737167944458347,0.0154943694742542,0.017462468399880304,0.005881859309230464
250,29,4,CTATCGCA,0.023591737726135466,0.02359487451273412,0.02129412069916725,0.03326547843320286,0.03399005069801814,0.0007245722648152805,-0.0023007538135668693,0.00012974336179336077,0.00014229050818798106
250,30,2,CTATCGCA,0.03279370923537073,0.03279668098912225,0.032796651124954224,0.0,0.0,0.0,-2.986416802741587e-08,1.246896474960124e-07,6.0681971505438526e-06
250,30,2,CTATCGCA,0.03279370923537073,0.03279668098912225,0.0404914990067482,0.0,0.0,0.0,0.007694818017625948,1.246896474960124e-07,6.0681971505438526e-06
250,30,2,CTATCGCA,0.03279370923537073,0.03279668098912225,0.03341594338417053,0.0,0.0,0.0,0.0006192623950482812,1.246896474960124e-07,6.0681971505438526e-06
250,30,2,CTATCGCA,0.03279370923537073,0.03279668098912225,0.040491506457328796,0.0,0.0,0.0,0.007694825468206545,1.246896474960124e-07,6.0681971505438526e-06
250,31,3,CAATATAT,0.03661968829506026,0.036655655947167055,0.02752034179866314,0.0,0.0,0.0,-0.009135314148503916,3.296409561981406e-09,0.00010790625272996679
250,31,3,CAATATAT,0.03661968829506026,0.036655655947167055,0.04073759913444519,0.0,0.0,0.0,0.004081943187278135,3.296409561981406e-09,0.00010790625272996679
250,31,3,CAATATAT,0.03661968829506026,0.036655655947167055,0.027940066531300545,0.0,0.0,0.0,-0.00871558941586651,3.296409561981406e-09,0.00010790625272996679
250,31,3,CAATATAT,0.03661968829506026,0.036655655947167055,0.033283162862062454,0.0,0.0,0.0,-0.003372493085104601,3.296409561981406e-09,0.00010790625272996679
500,0,1,CTATCGCA,0.0014111559142975239,0.0014111559142975239,0.0014110367046669126,0.0,0.0,0.0,-1.1920963061129441e-07,0.0,0.0
500,0,1,CTATCGCA,0.0014111559142975239,0.0014111559142975239,0.0014110367046669126,0.0,0.0,0.0,-1.1920963061129441e-07,0.0,0.0
500,0,1,CTATCGCA,0.0014111559142975239,0.0014111559142975239,0.0014110367046669126,0.0,0.0,0.0,-1.1920963061129441e-07,0.0,0.0
500,0,1,CTATCGCA,0.0014111559142975239,0.0014111559142975239,0.0014110367046669126,0.0,0.0,0.0,-1.1920963061129441e-07,0.0,0.0
500,1,7,CTATCGCA,0.21756672456254633,0.19872144521633345,0.03180757164955139,0.006877088779951884,0.009698043039404414,0.0028209542594525294,-0.16691387356678206,0.1383272383982741,0.006410282974783854
500,1,7,CTATCGCG,0.19005836944273882,0.15992927305871568,0.2275385856628418,-0.020631266339855625,-0.029094129118213352,-0.008462862778357727,0.06760931260412611,0.22332779599770625,0.0124241213095444
500,1,7,CTATCGCA,0.21756672456254633,0.19872144521633345,0.01820998266339302,0.006877088779951884,0.009698043039404414,0.0028209542594525294,-0.18051146255294043,0.1383272383982741,0.006410282974783854
500,1,7,CTATCGCA,0.21756672456254633,0.19872144521633345,0.17659731209278107,0.006877088779951884,0.009698043039404414,0.0028209542594525294,-0.02212413312355238,0.1383272383982741,0.006410282974783854
500,2,4,CTATCGCA,0.023879120868589482,0.023882409948460803,0.030940212309360504,0.0,0.0,0.0,0.007057802360899701,4.477243198522385e-05,5.7928751470509576e-05
500,2,4,CTATCGCA,0.023879120868589482,0.023882409948460803,0.0088126752525568,0.0,0.0,0.0,-0.015069734695904002,4.477243198522385e-05,5.7928751470509576e-05
500,2,4,CTATCGCA,0.023879120868589482,0.023882409948460803,0.0146993612870574,0.0,0.0,0.0,-0.009183048661403403,4.477243198522385e-05,5.7928751470509576e-05
500,2,4,CTATCGCA,0.023879120868589482,0.023882409948460803,0.02161228284239769,0.0,0.0,0.0,-0.0022701271060631134,4.477243198522385e-05,5.7928751470509576e-05
500,3,4,CGATATAT,0.023201997889031357,0.023258210005901447,0.007328328676521778,0.0,0.0,0.0,-0.01592988132937967,6.791921570335063e-05,0.0002927676831837034
500,3,4,CGATATAT,0.023201997889031357,0.023258210005901447,0.0166440699249506,0.0,0.0,0.0,-0.006614140080950848,6.791921570335063e-05,0.0002927676831837034
500,3,4,CGATATAT,0.023201997889031357,0.023258210005901447,0.014490931294858456,0.0,0.0,0.0,-0.008767278711042992,6.791921570335063e-05,0.0002927676831837034
500,3,4,CGATATAT,0.023201997889031357,0.023258210005901447,0.025704365223646164,0.0,0.0,0.0,0.0024461552177447166,6.791921570335063e-05,0.0002927676831837034
500,4,5,CTATCGCA,0.013837103541487752,0.013806366666646674,0.022486303001642227,0.07482036117149925,0.07223958513448986,-0.0025807760370093885,0.008679936334995553,0.00031359745767280123,0.00015991308346741118
500,4,5,CTATCGCC,-0.2854443411445093,-0.2751519738713128,-0.36033737659454346,-0.22446108351449778,-0.2167187554034696,0.007742328111028179,-0.08518540272323066,0.1277885420922935,0.17925037845827596
500,4,5,CTATCGCA,0.013837103541487752,0.013806366666646674,0.014085224829614162,0.07482036117149925,0.07223958513448986,-0.0025807760370093885,0.00027885816296748835,0.00031359745767280123,0.00015991308346741118
500,4,5,CTATCGCA,0.013837103541487752,0.013806366666646674,0.009037104435265064,0.07482036117149925,0.07223958513448986,-0.0025807760370093885,-0.00476926223138161,0.00031359745767280123,0.00015991308346741118
500,5,5,CTATCGCA,0.023327324567841545,0.02336677142760326,0.009568518027663231,0.014162135833819967,0.01516459593293571,0.0010024600991157435,-0.013798253399940029,0.00034593903336205267,0.0005431733321706322
500,5,5,CTATCGCA,0.023327324567841545,0.02336677142760326,0.02684212476015091,0.014162135833819967,0.01516459593293571,0.0010024600991157435,0.0034753533325476496,0.00034593903336205267,0.0005431733321706322
500,5,5,CTATCGCA,0.023327324567841545,0.02336677142760326,0.024962620809674263,0.014162135833819967,0.01516459593293571,0.0010024600991157435,0.0015958493820710032,0.00034593903336205267,0.0005431733321706322
500,5,5,CGATCGCG,-0.03332121876743832,-0.037291612304139576,-0.04297924041748047,-0.0424864075014599,-0.045493787798807125,-0.003007380297347227,-0.005687628113340892,0.030500116254031706,0.010648148570525429
500,6,3,CTATCGCA,0.005784056631545649,0.005784767496354333,0.010872574523091316,0.0,0.0,0.0,0.005087807026736983,1.5646183099127242e-08,2.1482406091510864e-06
500,6,3,CTATCGCA,0.005784056631545649,0.005784767496354333,0.0066216145642101765,0.0,0.0,0.0,0.0008368470678558433,1.5646183099127242e-08,2.1482406091510864e-06
500,6,3,CTATCGCA,0.005784056631545649,0.005784767496354333,0.00469763670116663,0.0,0.0,0.0,-0.0010871307951877034,1.5646183099127242e-08,2.1482406091510864e-06
500,6,3,CTATCGCA,0.005784056631545649,0.005784767496354333,0.0060139307752251625,0.0,0.0,0.0,0.00022916327887082932,1.5646183099127242e-08,2.1482406091510864e-06
500,7,5,CTATCGCA,0.16994839277980095,0.1693496488769691,0.01939300447702408,0.16318406072392555,0.23223460444848779,0.06905054372456224,-0.14995664439994502,0.005604694097069762,0.002610974582910597
500,7,5,CTTGCGCG,-0.4827878501159013,-0.7595887689169821,-0.40628838539123535,-0.4895521821717767,-0.6967038133454635,-0.2071516311736868,0.3533003835257468,1.4642331291416735,0.08022853513626949
500,7,5,CTATCGCA,0.16994839277980095,0.1693496488769691,0.019907835870981216,0.16318406072392555,0.23223460444848779,0.06905054372456224,-0.14944181300598788,0.005604694097069762,0.002610974582910597
500,7,5,CTATCGCA,0.16994839277980095,0.1693496488769691,0.1740589439868927,0.16318406072392555,0.23223460444848779,0.06905054372456224,0.0047092951099236,0.005604694097069762,0.002610974582910597
500,8,5,CGATCGCG,0.4183139883276737,0.35358367328274964,0.45000511407852173,0.19592593950905343,0.1478603332886108,-0.04806560622044262,0.09642144079577208,0.3399784784801496,0.016326903255529324
500,8,5,CTATCGCA,0.15707940231560244,0.15643656223126853,0.016046838834881783,-0.06530864650301782,-0.0492867777628703,0.01602186874014752,-0.14038972339638675,0.005809183493694803,0.0025949830720253253
500,8,5,CTATCGCA,0.15707940231560244,0.15643656223126853,0.1286284327507019,-0.06530864650301782,-0.0492867777628703,0.01602186874014752,-0.02780812948056663,0.005809183493694803,0.0025949830720253253
500,8,5,CTATCGCA,0.15707940231560244,0.15643656223126853,0.031487155705690384,-0.06530864650301782,-0.0492867777628703,0.01602186874014752,-0.12494940652557815,0.005809183493694803,0.0025949830720253253
500,9,6,CTATCGCA,-0.01397083755480552,-0.015058410584631718,0.005831128917634487,0.0,0.0,0.0,0.020889539502266206,0.0067804649850074505,0.0002550268060502736
500,9,6,CTATCGCA,-0.01397083755480552,-0.015058410584631718,-0.022516075521707535,0.0,0.0,0.0,-0.007457664937075817,0.0067804649850074505,0.0002550268060502736
500,9,6,CTATCGCA,-0.01397083755480552,-0.015058410584631718,-0.020827658474445343,0.0,0.0,0.0,-0.0057692478898136255,0.0067804649850074505,0.0002550268060502736
500,9,6,CTATCGCA,-0.01397083755480552,-0.015058410584631718,0.01414433866739273,0.0,0.0,0.0,0.02920274925202445,0.0067804649850074505,0.0002550268060502736
500,10,4,CTATCGCA,0.007611088081607077,0.007619708743201725,0.0018177286256104708,0.0,0.0,0.0,-0.005801980117591254,5.4193380329553564e-06,3.990198441154724e-05
500,10,4,CTATCGCA,0.007611088081607077,0.007619708743201725,0.01151103526353836,0.0,0.0,0.0,0.0038913265203366354,5.4193380329553564e-06,3.990198441154724e-05
500,10,4,CTATCGCA,0.007611088081607077,0.007619708743201725,0.0008690741378813982,0.0,0.0,0.0,-0.006750634605320327,5.4193380329553564e-06,3.990198441154724e-05
500,10,4,CTATCGCA,0.007611088081607077,0.007619708743201725,0.008420385420322418,0.0,0.0,0.0,0.000800676677120693,5.4193380329553564e-06,3.990198441154724e-05
500,11,2,CTATCGCA,0.000646217519740977,0.0006462250967160799,0.0005944239092059433,0.0,0.0,0.0,-5.1801187510136515e-05,3.3330915805152017e-09,1.848704178630811e-08
500,11,2,CTATCGCA,0.000646217519740977,0.0006462250967160799,0.0007499168277718127,0.0,0.0,0.0,0.00010369173105573282,3.3330915805152017e-09,1.848704178630811e-08
500,11,2,CTATCGCA,0.000646217519740977,0.0006462250967160799,0.0008445428684353828,0.0,0.0,0.0,0.00019831777171930298,3.3330915805152017e-09,1.848704178630811e-08
500,11,2,CTATCGCA,0.000646217519740977,0.0006462250967160799,0.00044796703150495887,0.0,0.0,0.0,-0.000198258065211121,3.3330915805152017e-09,1.848704178630811e-08
500,12,5,CTATCGCA,0.017762866182489383,0.017763960220060326,0.02249610610306263,0.0,0.0,0.0,0.004732145883002303,0.00019859828086787878,0.0002040684687225902
500,12,5,CTATCGCA,0.017762866182489383,0.017763960220060326,0.013847548514604568,0.0,0.0,0.0,-0.003916411705455758,0.00019859828086787878,0.0002040684687225902
500,12,5,CTATCGCA,0.017762866182489383,0.017763960220060326,0.01800479181110859,0.0,0.0,0.0,0.0002408315910482628,0.00019859828086787878,0.0002040684687225902
500,12,5,CTATCGCA,0.017762866182489383,0.017763960220060326,0.029493069276213646,0.0,0.0,0.0,0.01172910905615332,0.00019859828086787878,0.0002040684687225902
500,13,2,CTATCGCA,0.004299781817684478,0.004299782447077405,0.004864782094955444,0.0,0.0,0.0,0.0005649996478780395,1.0146539164423984e-10,1.3602512449750748e-09
500,13,2,CTATCGCA,0.004299781817684478,0.004299782447077405,0.005163159221410751,0.0,0.0,0.0,0.0008633767743333465,1.0146539164423984e-10,1.3602512449750748e-09
500,13,2,CTATCGCA,0.004299781817684478,0.004299782447077405,0.004299722611904144,0.0,0.0,0.0,-5.983517326058063e-08,1.0146539164423984e-10,1.3602512449750748e-09
500,13,2,CTATCGCA,0.004299781817684478,0.004299782447077405,0.002572850091382861,0.0,0.0,0.0,-0.0017269323556945437,1.0146539164423984e-10,1.3602512449750748e-09
500,14,5,CTATCGCG,-0.011081808200786903,-0.013717611904709593,-0.035522133111953735,-0.06468749193331623,-0.06530318447722991,-0.000615692543913679,-0.021804521207244142,0.020991894439571723,0.007812875919958273
500,14,5,CTATCGCA,0.07516818104363474,0.07335330073159696,0.0201069675385952,0.021562497311105412,0.02176772815907664,0.00020523084797122865,-0.05324633319300176,0.010142966164200545,0.0010685646040116126
500,14,5,CTATCGCA,0.07516818104363474,0.07335330073159696,0.11174744367599487,0.021562497311105412,0.02176772815907664,0.00020523084797122865,0.03839414294439791,0.010142966164200545,0.0010685646040116126
500,14,5,CTATCGCA,0.07516818104363474,0.07335330073159696,0.0632803738117218,0.021562497311105412,0.02176772815907664,0.00020523084797122865,-0.010072926919875158,0.010142966164200545,0.0010685646040116126
500,15,2,CAATATAT,-0.03408741947615951,-0.03376151634071611,-0.033761560916900635,-0.028692096591413918,-0.0286248326680143,6.726392339961862e-05,-4.457618452136103e-08,0.0004322997048252786,0.0010841059757120686
500,15,2,CGATATAT,0.023296773706668328,0.023488148995312486,0.0308038592338562,0.028692096591413918,0.0286248326680143,-6.726392339961862e-05,0.007315710238543716,0.0001779457242037097,0.0005606963014920252
500,15,2,CGATATAT,0.023296773706668328,0.023488148995312486,0.01540711522102356,0.028692096591413918,0.0286248326680143,-6.726392339961862e-05,-0.008081033774288926,0.0001779457242037097,0.0005606963014920252
500,15,2,CAATATAT,-0.03408741947615951,-0.03376151634071611,-0.02316761016845703,-0.028692096591413918,-0.0286248326680143,6.726392339961862e-05,0.010593906172259082,0.0004322997048252786,0.0010841059757120686
500,16,4,TTTGCGCG,0.570730268060705,0.5741556356637362,0.32849475741386414,0.0,0.0,0.0,-0.24566087824987204,0.0005578761051428793,0.014259346517267346
500,16,4,TTTGCGCG,0.570730268060705,0.5741556356637362,0.6186526417732239,0.0,0.0,0.0,0.0444970061094877,0.0005578761051428793,0.014259346517267346
500,16,4,TTTGCGCG,0.570730268060705,0.5741556356637362,0.48935073614120483,0.0,0.0,0.0,-0.08480489952253134,0.0005578761051428793,0.014259346517267346
500,16,4,TTTGCGCG,0.570730268060705,0.5741556356637362,0.2969275712966919,0.0,0.0,0.0,-0.2772280643670443,0.0005578761051428793,0.014259346517267346
500,17,3,CTATCGCA,0.002691419797015454,0.002691649584745696,0.0008922468987293541,0.0,0.0,0.0,-0.0017994026860163417,5.928482149641923e-10,6.899560389406201e-07
500,17,3,CTATCGCA,0.002691419797015454,0.002691649584745696,0.002299623331055045,0.0,0.0,0.0,-0.0003920262536906507,5.928482149641923e-10,6.899560389406201e-07
500,17,3,CTATCGCA,0.002691419797015454,0.002691649584745696,0.002904131542891264,0.0,0.0,0.0,0.00021248195814556814,5.928482149641923e-10,6.899560389406201e-07
500,17,3,CTATCGCA,0.002691419797015454,0.002691649584745696,0.0017990219639614224,0.0,0.0,0.0,-0.0008926276207842734,5.928482149641923e-10,6.899560389406201e-07
500,18,5,TCTACGGC,0.2111948847458014,0.08412383746090554,0.11324617266654968,0.12126668949979089,0.0372116279122916,-0.08405506158749929,0.02912233520564414,0.8262031095115856,0.19084787308710638
500,18,5,ACTACGGC,0.0495059654127469,0.03450833357785008,0.020462458953261375,-0.04042222983326361,-0.01240387597076386,0.028018353862499748,-0.014045874624588707,0.07838171380234249,0.0033935546278583972
500,18,5,ACTACGGC,0.0495059654127469,0.03450833357785008,0.032453492283821106,-0.04042222983326361,-0.01240387597076386,0.028018353862499748,-0.0020548412940289765,0.07838171380234249,0.0033935546278583972
500,18,5,ACTACGGC,0.0495059654127469,0.03450833357785008,0.022774673998355865,-0.04042222983326361,-0.01240387597076386,0.028018353862499748,-0.011733659579494217,0.07838171380234249,0.0033935546278583972
500,19,2,TTTAGGCC,0.0027994179769451066,0.0027994425764106268,0.003517561824992299,0.0,0.0,0.0,0.0007181192485816723,5.825024906869203e-10,4.978143353095987e-08
500,19,2,TTTAGGCC,0.0027994179769451066,0.0027994425764106268,0.002274602884426713,0.0,0.0,0.0,-0.0005248396919839138,5.825024906869203e-10,4.978143353095987e-08
500,19,2,TTTAGGCC,0.0027994179769451066,0.0027994425764106268,0.004042372107505798,0.0,0.0,0.0,0.0012429295310951716,5.825024906869203e-10,4.978143353095987e-08
500,19,2,TTTAGGCC,0.0027994179769451066,0.0027994425764106268,0.00012015570246148854,0.0,0.0,0.0,-0.0026792868739491382,5.825024906869203e-10,4.978143353095987e-08
500,20,2,CGATCGCG,0.0018500026371953693,0.0018501227013985044,0.0019460201729089022,0.0,0.0,0.0,9.589747151039774e-05,7.767729348628905e-09,2.478961356189302e-07
500,20,2,CGATCGCG,0.0018500026371953693,0.0018501227013985044,0.0018500034930184484,0.0,0.0,0.0,-1.1920838005607948e-07,7.767729348628905e-09,2.478961356189302e-07
500,20,2,CGATCGCG,0.0018500026371953693,0.0018501227013985044,0.0023939560633152723,0.0,0.0,0.0,0.0005438333619167679,7.767729348628905e-09,2.478961356189302e-07
500,20,2,CGATCGCG,0.0018500026371953693,0.0018501227013985044,0.0019460199400782585,0.0,0.0,0.0,9.589723867975408e-05,7.767729348628905e-09,2.478961356189302e-07
500,21,3,CTATCGCA,0.0010880073986714773,0.0010880156162077121,0.0009530849056318402,0.0,0.0,0.0,-0.00013493071057587192,5.647406986497572e-10,2.5217349403083844e-08
500,21,3,CTATCGCA,0.0010880073986714773,0.0010880156162077121,0.0013976176269352436,0.0,0.0,0.0,0.00030960201072753146,5.647406986497572e-10,2.5217349403083844e-08
500,21,3,CTATCGCA,0.0010880073986714773,0.0010880156162077121,0.0008440865203738213,0.0,0.0,0.0,-0.0002439290958338909,5.647406986497572e-10,2.5217349403083844e-08
500,21,3,CTATCGCA,0.0010880073986714773,0.0010880156162077121,0.0010605579009279609,0.0,0.0,0.0,-2.7457715279751273e-05,5.647406986497572e-10,2.5217349403083844e-08
500,22,5,TCTACGGC,0.13745887185144445,0.005136998035041707,-0.009083747863769531,0.07780399696731408,-0.006983777024995996,-0.08478777399231008,-0.014220745898811237,0.8394044676831207,0.17779509860110698
500,22,5,ACTACGGC,0.033720209228359034,0.014448700735036369,0.03640887886285782,-0.02593466565577135,0.002327925674998666,0.028262591330770016,0.02196017812782145,0.10702130197507953,0.010663759508466208
500,22,5,ACTACGGC,0.033720209228359034,0.014448700735036369,0.0318659245967865,-0.02593466565577135,0.002327925674998666,0.028262591330770016,0.017417223861750132,0.10702130197507953,0.010663759508466208
500,22,5,ACTACGGC,0.033720209228359034,0.014448700735036369,-0.006050877273082733,-0.02593466565577135,0.002327925674998666,0.028262591330770016,-0.0204995780081191,0.10702130197507953,0.010663759508466208
500,23,6,CTATCGCG,0.16307553990063153,0.14783845372035978,0.029001593589782715,-0.01775204912395481,-0.027665632249949668,-0.009913583125994857,-0.11883686013057707,0.10091951745566341,0.009497000374032893
500,23,6,CTATCGCA,0.18674493873257128,0.18472596338695935,0.0060208383947610855,0.005917349707984937,0.009221877416649898,0.0033045277086649616,-0.17870512499219826,0.016296633650245418,0.004182781576573813
500,23,6,CTATCGCA,0.18674493873257128,0.18472596338695935,0.2866685092449188,0.005917349707984937,0.009221877416649898,0.0033045277086649616,0.10194254585795948,0.016296633650245418,0.004182781576573813
500,23,6,CTATCGCA,0.18674493873257128,0.18472596338695935,0.18205855786800385,0.005917349707984937,0.009221877416649898,0.0033045277086649616,-0.0026674055189555013,0.016296633650245418,0.004182781576573813
500,24,4,TGTGGGCG,0.01901706183937893,0.0182398487109926,0.005533814430236816,0.07215751817004261,0.08843536192715276,0.016277843757110153,-0.012706034280755785,0.0031620199812974203,5.316746775210768e-05
500,24,4,CGTGCGCG,-0.2696130108407915,-0.33550159899761844,-1.0437970161437988,-0.2164725545101278,-0.2653060857814583,-0.0488335312713305,-0.7082954171461804,0.3366191923887083,0.07306483976140044
500,24,4,TGTGGGCG,0.01901706183937893,0.0182398487109926,0.01706591248512268,0.07215751817004261,0.08843536192715276,0.016277843757110153,-0.0011739362258699204,0.0031620199812974203,5.316746775210768e-05
500,24,4,TGTGGGCG,0.01901706183937893,0.0182398487109926,0.013953017070889473,0.07215751817004261,0.08843536192715276,0.016277843757110153,-0.004286831640103128,0.0031620199812974203,5.316746775210768e-05
500,25,3,CTATCGCA,0.002462007447333205,0.0024621926252355784,0.003290723543614149,0.0,0.0,0.0,0.0008285309183785707,4.526936880910881e-09,5.600606440003819e-07
500,25,3,CTATCGCA,0.002462007447333205,0.0024621926252355784,0.0021806538570672274,0.0,0.0,0.0,-0.000281538768168351,4.526936880910881e-09,5.600606440003819e-07
500,25,3,CTATCGCA,0.002462007447333205,0.0024621926252355784,0.002936297794803977,0.0,0.0,0.0,0.00047410516956839866,4.526936880910881e-09,5.600606440003819e-07
500,25,3,CTATCGCA,0.002462007447333205,0.0024621926252355784,0.003467689035460353,0.0,0.0,0.0,0.0010054964102247745,4.526936880910881e-09,5.600606440003819e-07
500,26,3,CTATCGCA,0.0023363549831636556,0.002336893363412399,0.003149798372760415,0.0,0.0,0.0,0.0008129050093480159,2.315224589821696e-08,1.6382929921288092e-06
500,26,3,CTATCGCA,0.0023363549831636556,0.002336893363412399,0.0027931954246014357,0.0,0.0,0.0,0.0004563020611890365,2.315224589821696e-08,1.6382929921288092e-06
500,26,3,CTATCGCA,0.0023363549831636556,0.002336893363412399,0.004095681011676788,0.0,0.0,0.0,0.0017587876482643892,2.315224589821696e-08,1.6382929921288092e-06
500,26,3,CTATCGCA,0.0023363549831636556,0.002336893363412399,0.002598333638161421,0.0,0.0,0.0,0.00026144027474902165,2.315224589821696e-08,1.6382929921288092e-06
500,27,4,CTATCGCA,0.02207611219869448,0.02205502714070917,0.016178417950868607,0.036058952418615675,0.03774567865385353,0.0016867262352378565,-0.005876609189840565,0.0002931786706553974,0.00020883843871416508
500,27,4,CTATCGCA,0.02207611219869448,0.02205502714070917,0.00972423143684864,0.036058952418615675,0.03774567865385353,0.0016867262352378565,-0.012330795703860531,0.0002931786706553974,0.00020883843871416508
500,27,4,CGATCGCG,-0.033005350373309206,-0.03612723833786413,0.02270670235157013,-0.019022510153388014,-0.02043658682471977,-0.0014140766713317578,0.05883394068943426,0.024154734085877205,0.011667182227657502
500,27,4,CTATCGCG,-0.06707823490376452,-0.07074542199613165,-0.12137669324874878,-0.05309539468384333,-0.05505477048298729,-0.0019593757991439587,-0.05063127125261713,0.020004942345278387,0.005336193975809866
500,28,5,CGATCGCG,0.7240566607234323,0.724626142813638,0.5101280808448792,0.0,0.0,0.0,-0.21449806196875887,0.0014325338685773487,0.004279944319605544
500,28,5,CGATCGCG,0.7240566607234323,0.724626142813638,0.5972152948379517,0.0,0.0,0.0,-0.12741084797568636,0.0014325338685773487,0.004279944319605544
500,28,5,CGATCGCG,0.7240566607234323,0.724626142813638,1.2525734901428223,0.0,0.0,0.0,0.5279473473291842,0.0014325338685773487,0.004279944319605544
500,28,5,CGATCGCG,0.7240566607234323,0.724626142813638,1.0739480257034302,0.0,0.0,0.0,0.34932188288979216,0.0014325338685773487,0.004279944319605544
500,29,2,CTATCGCA,0.000646217519740977,0.0006462250967160799,0.0004997979267500341,0.0,0.0,0.0,-0.00014642716996604577,3.3330915805152017e-09,1.848704178630811e-08
500,29,2,CTATCGCA,0.000646217519740977,0.0006462250967160799,0.0008445428684353828,0.0,0.0,0.0,0.00019831777171930298,3.3330915805152017e-09,1.848704178630811e-08
500,29,2,CTATCGCA,0.000646217519740977,0.0006462250967160799,0.0004997979267500341,0.0,0.0,0.0,-0.00014642716996604577,3.3330915805152017e-09,1.848704178630811e-08
500,29,2,CTATCGCA,0.000646217519740977,0.0006462250967160799,0.0005944239092059433,0.0,0.0,0.0,-5.1801187510136515e-05,3.3330915805152017e-09,1.848704178630811e-08
500,30,3,CTATCGCA,0.0010880073986714773,0.0010880156162077121,0.0013125075493007898,0.0,0.0,0.0,0.0002244919330930777,5.647406986497572e-10,2.5217349403083844e-08
500,30,3,CTATCGCA,0.0010880073986714773,0.0010880156162077121,0.0012754772324115038,0.0,0.0,0.0,0.00018746161620379165,5.647406986497572e-10,2.5217349403083844e-08
500,30,3,CTATCGCA,0.0010880073986714773,0.0010880156162077121,0.0009432978695258498,0.0,0.0,0.0,-0.00014471774668186233,5.647406986497572e-10,2.5217349403083844e-08
500,30,3,CTATCGCA,0.0010880073986714773,0.0010880156162077121,0.0013125075493007898,0.0,0.0,0.0,0.0002244919330930777,5.647406986497572e-10,2.5217349403083844e-08
500,31,4,TTTAGGCC,0.007682101103846267,0.007687146919625576,0.008363521657884121,0.0,0.0,0.0,0.000676374738258545,7.24003273534779e-07,2.0907266390771118e-05
500,31,4,TTTAGGCC,0.007682101103846267,0.007687146919625576,0.010863764211535454,0.0,0.0,0.0,0.003176617291909878,7.24003273534779e-07,2.0907266390771118e-05
500,31,4,TTTAGGCC,0.007682101103846267,0.007687146919625576,0.009359612129628658,0.0,0.0,0.0,0.0016724652100030823,7.24003273534779e-07,2.0907266390771118e-05
500,31,4,TTTAGGCC,0.007682101103846267,0.007687146919625576,0.008789693005383015,0.0,0.0,0.0,0.0011025460857574387,7.24003273534779e-07,2.0907266390771118e-05
1000,0,5,CTATCGCA,0.1803810475942946,0.1777566044844674,0.17565655708312988,-0.05785896699602991,-0.04213193098964685,0.01572703600638306,-0.0021000474013375126,0.01573319013204666,0.002610974582910597
1000,0,5,CTATCGCA,0.1803810475942946,0.1777566044844674,0.144728884100914,-0.05785896699602991,-0.04213193098964685,0.01572703600638306,-0.033027720383553394,0.01573319013204666,0.002610974582910597
1000,0,5,CTATCGCA,0.1803810475942946,0.1777566044844674,0.12455712258815765,-0.05785896699602991,-0.04213193098964685,0.01572703600638306,-0.05319948189630974,0.01573319013204666,0.002610974582910597
1000,0,5,CGATCGCG,0.4118169155784142,0.3462843284430548,0.14967864751815796,0.1735769009880897,0.12639579296894055,-0.047181108019149154,-0.19660568092489683,0.35337461482135923,0.025711679144562183
1000,1,6,CTATCGCA,0.14114945129650683,0.1395830297671421,0.012604301795363426,0.15220539979077874,0.21901374482669644,0.0668083450359177,-0.12697872797177867,0.013070338419567312,0.003671809243378954
1000,1,6,CTATCGCA,0.14114945129650683,0.1395830297671421,0.028939655050635338,0.15220539979077874,0.21901374482669644,0.0668083450359177,-0.11064337471650676,0.013070338419567312,0.003671809243378954
1000,1,6,CGGTCGCG,-0.46767214786660816,-0.7364719495396437,-0.8484646081924438,-0.4566161993723362,-0.6570412344800893,-0.2004250351077531,-0.11199265865280017,1.6144184136910091,0.001619603652796231
1000,1,6,CTATCGCA,0.14114945129650683,0.1395830297671421,0.20814411342144012,0.15220539979077874,0.21901374482669644,0.0668083450359177,0.06856108365429803,0.013070338419567312,0.003671809243378954
1000,2,4,CTATCGCA,0.033092292446895155,0.03313079090483251,0.040451738983392715,0.0,0.0,0.0,0.007320948078560208,1.57206214359204e-05,0.00016971445318533784
1000,2,4,CTATCGCA,0.033092292446895155,0.03313079090483251,0.046900082379579544,0.0,0.0,0.0,0.013769291474747036,1.57206214359204e-05,0.00016971445318533784
1000,2,4,CTATCGCA,0.033092292446895155,0.03313079090483251,0.017920905724167824,0.0,0.0,0.0,-0.015209885180664684,1.57206214359204e-05,0.00016971445318533784
1000,2,4,CTATCGCA,0.033092292446895155,0.03313079090483251,0.05108017474412918,0.0,0.0,0.0,0.017949383839296673,1.57206214359204e-05,0.00016971445318533784
1000,3,4,CTATCGCG,-0.2867437395004471,-0.28724945205915264,-0.26694414019584656,-0.2454066542615992,-0.2458655962466239,-0.00045894198502471895,0.020305311863306086,0.00716413172077468,0.005141281485952609
1000,3,4,CTATCGCA,0.04046513284835178,0.0405713429363459,0.03943432867527008,0.08180221808719972,0.08195519874887464,0.0001529806616749202,-0.0011370142610758194,0.00020651150997941237,0.0006313518619558978
1000,3,4,CTATCGCA,0.04046513284835178,0.0405713429363459,0.014658351428806782,0.08180221808719972,0.08195519874887464,0.0001529806616749202,-0.025912991507539118,0.00020651150997941237,0.0006313518619558978
1000,3,4,CTATCGCA,0.04046513284835178,0.0405713429363459,0.01460203342139721,0.08180221808719972,0.08195519874887464,0.0001529806616749202,-0.02596930951494869,0.00020651150997941237,0.0006313518619558978
1000,4,6,CGATCGCG,0.5028214270206228,0.47414967834096017,0.9147719740867615,-0.0477411746011035,0.015429094327619575,0.06317026892872307,0.4406222957458013,0.1862725840926085,0.014242092014632224
1000,4,6,CGATATAT,0.6932904405547676,0.5949288022974063,0.06525479257106781,0.1427278389330413,0.1362082182840657,-0.006519620648975599,-0.5296740097263385,0.8413373498492036,0.2511675203050361
1000,4,6,CGATCTAT,0.3747607957455623,0.28947743547538646,0.926417887210846,-0.175801805876164,-0.16924314853795414,0.006558657338209872,0.6369404517354595,0.7209272646895468,0.2092271030684918
1000,4,6,CGATATAG,0.6313777431659527,0.47632641993960956,0.0746464729309082,0.08081514154422642,0.017605835926268965,-0.06320930561795746,-0.40167994700870135,1.6571707055979825,0.7268627662399236
1000,5,5,CTATCGCA,0.0031967627241500734,0.003197040705587817,0.002246454358100891,0.0,0.0,0.0,-0.0009505863474869257,4.9966408883703184e-08,1.439873597602892e-06
1000,5,5,CTATCGCA,0.0031967627241500734,0.003197040705587817,0.0018659941852092743,0.0,0.0,0.0,-0.0013310465203785426,4.9966408883703184e-08,1.439873597602892e-06
1000,5,5,CTATCGCA,0.0031967627241500734,0.003197040705587817,0.003344692522659898,0.0,0.0,0.0,0.00014765181707208095,4.9966408883703184e-08,1.439873597602892e-06
1000,5,5,CTATCGCA,0.0031967627241500734,0.003197040705587817,0.00416068360209465,0.0,0.0,0.0,0.0009636428965068334,4.9966408883703184e-08,1.439873597602892e-06
1000,6,7,TTTAGGCC,-0.003244378723651389,-0.013349993417561126,0.028045058250427246,0.0,0.0,0.0,0.041395051667988375,0.0711367085471108,0.00039740568974264145
1000,6,7,TTTAGGCC,-0.003244378723651389,-0.013349993417561126,-0.02758561260998249,0.0,0.0,0.0,-0.014235619192421365,0.0711367085471108,0.00039740568974264145
1000,6,7,TTTAGGCC,-0.003244378723651389,-0.013349993417561126,-0.034894511103630066,0.0,0.0,0.0,-0.02154451768606894,0.0711367085471108,0.00039740568974264145
1000,6,7,TTTAGGCC,-0.003244378723651389,-0.013349993417561126,-0.010450299829244614,0.0,0.0,0.0,0.002899693588316512,0.0711367085471108,0.00039740568974264145
1000,7,3,CGGTCGCG,-0.4796559783882648,-0.8340142677671891,-0.5754767060279846,-0.5000534434020931,-0.6476942124716816,-0.14764076906958845,0.2585375617392045,1.063399968863778,0.00032510072700497883
1000,7,3,CGGTCGCG,-0.4796559783882648,-0.8340142677671891,-0.5948189496994019,-0.5000534434020931,-0.6476942124716816,-0.14764076906958845,0.23919531806778727,1.063399968863778,0.00032510072700497883
1000,7,3,CTATCGCG,0.5204509084159216,0.461374157176174,0.694793701171875,0.5000534434020931,0.6476942124716816,0.14764076906958845,0.23341954399570097,0.17967125201445477,0.002440998295212271
1000,7,3,CTATCGCG,0.5204509084159216,0.461374157176174,0.281938761472702,0.5000534434020931,0.6476942124716816,0.14764076906958845,-0.179435395703472,0.17967125201445477,0.002440998295212271
1000,8,2,CTATCGCA,0.07301166794122355,0.07300688852046733,0.07142244279384613,0.0,0.0,0.0,-0.0015844457266211975,1.3099059323340434e-05,3.5402178109045224e-06
1000,8,2,CTATCGCA,0.07301166794122355,0.07300688852046733,0.07142244279384613,0.0,0.0,0.0,-0.0015844457266211975,1.3099059323340434e-05,3.5402178109045224e-06
1000,8,2,CTATCGCA,0.07301166794122355,0.07300688852046733,0.07300687581300735,0.0,0.0,0.0,-1.2707459973171353e-08,1.3099059323340434e-05,3.5402178109045224e-06
1000,8,2,CTATCGCA,0.07301166794122355,0.07300688852046733,0.07142244279384613,0.0,0.0,0.0,-0.0015844457266211975,1.3099059323340434e-05,3.5402178109045224e-06
1000,9,6,CTATCGCA,0.14702592147775162,0.1441202643810858,0.12866050004959106,-0.08180746349373241,-0.05611647150702487,0.025690991986707545,-0.015459764331494735,0.020492544083010322,0.0030586015030154012
1000,9,6,CTATCGCA,0.14702592147775162,0.1441202643810858,0.13723313808441162,-0.08180746349373241,-0.05611647150702487,0.025690991986707545,-0.006887126296674179,0.020492544083010322,0.0030586015030154012
1000,9,6,CGATATCG,0.4742557754526813,0.3685861504091852,0.7738975286483765,0.2454223904811973,0.16834941452107452,-0.07707297596012277,0.4053113782391913,0.9773488895904059,0.34333113932942894
1000,9,6,CTATCGCA,0.14702592147775162,0.1441202643810858,0.04022938758134842,-0.08180746349373241,-0.05611647150702487,0.025690991986707545,-0.10389087679973738,0.020492544083010322,0.0030586015030154012
1000,10,4,CTATCGCA,0.04984106858281125,0.04986049515847901,0.052243806421756744,0.0,0.0,0.0,0.002383311263277732,6.45749324977643e-05,0.0001422812351687952
1000,10,4,CTATCGCA,0.04984106858281125,0.04986049515847901,0.024131610989570618,0.0,0.0,0.0,-0.025728884168908395,6.45749324977643e-05,0.0001422812351687952
1000,10,4,CTATCGCA,0.04984106858281125,0.04986049515847901,0.06447640061378479,0.0,0.0,0.0,0.014615905455305778,6.45749324977643e-05,0.0001422812351687952
1000,10,4,CTATCGCA,0.04984106858281125,0.04986049515847901,0.04656990244984627,0.0,0.0,0.0,-0.0032905927086327447,6.45749324977643e-05,0.0001422812351687952
1000,11,4,CTATCGCA,0.02996274881395257,0.029982954599245604,0.04083312302827835,0.07791533316551921,0.07810532794244607,0.00018999477692685507,0.010850168429032747,8.20708486037186e-06,8.903022603251598e-05
1000,11,4,CTATCGCA,0.02996274881395257,0.029982954599245604,0.01159594114869833,0.07791533316551921,0.07810532794244607,0.00018999477692685507,-0.018387013450547274,8.20708486037186e-06,8.903022603251598e-05
1000,11,4,CTATCGCA,0.02996274881395257,0.029982954599245604,0.02139393240213394,0.07791533316551921,0.07810532794244607,0.00018999477692685507,-0.008589022197111662,8.20708486037186e-06,8.903022603251598e-05
1000,11,4,CTATCGCG,-0.2816985838481243,-0.28243835717053867,-0.278145968914032,-0.23374599949655767,-0.2343159838273382,-0.0005699843307805375,0.004292388256506685,0.004329291213546416,0.0013701979238889272
1000,12,4,TTTAGGCC,0.0006961594255700948,0.0006961789109254379,0.0005347057012841105,0.0,0.0,0.0,-0.0001614732096413274,4.694659938575541e-10,7.84108873663758e-08
1000,12,4,TTTAGGCC,0.0006961594255700948,0.0006961789109254379,0.00038444469100795686,0.0,0.0,0.0,-0.00031173421991748107,4.694659938575541e-10,7.84108873663758e-08
1000,12,4,TTTAGGCC,0.0006961594255700948,0.0006961789109254379,0.000787958677392453,0.0,0.0,0.0,9.177976646701502e-05,4.694659938575541e-10,7.84108873663758e-08
1000,12,4,TTTAGGCC,0.0006961594255700948,0.0006961789109254379,0.0009428710327483714,0.0,0.0,0.0,0.00024669212182293343,4.694659938575541e-10,7.84108873663758e-08
1000,13,6,CTATCGCA,0.14702592147775162,0.1441202643810858,0.13173654675483704,0.0,0.0,0.0,-0.012383717626248764,0.020492544083010322,0.0030586015030154012
1000,13,6,CTATCGCA,0.14702592147775162,0.1441202643810858,0.030673515051603317,0.0,0.0,0.0,-0.11344674932948248,0.020492544083010322,0.0030586015030154012
1000,13,6,CTATCGCA,0.14702592147775162,0.1441202643810858,0.031565599143505096,0.0,0.0,0.0,-0.1125546652375807,0.020492544083010322,0.0030586015030154012
1000,13,6,CTATCGCA,0.14702592147775162,0.1441202643810858,0.15175607800483704,0.0,0.0,0.0,0.007635813623751236,0.020492544083010322,0.0030586015030154012
1000,14,3,CAATATAT,-0.24408019160034558,-0.26761276833066283,-0.18235903978347778,-0.24572741723382255,-0.26363426089907677,-0.01790684366525422,0.08525372854718505,0.0857439506527995,0.01514622046184777
1000,14,3,CGATATAT,0.08355636471141781,0.08389957953477285,0.08475709706544876,0.08190913907794084,0.08787808696635893,0.005968947888418091,0.0008575175306759081,0.002696364405531032,0.003726008875596154
1000,14,3,CGATATAT,0.08355636471141781,0.08389957953477285,0.051016051322221756,0.08190913907794084,0.08787808696635893,0.005968947888418091,-0.0328835282125511,0.002696364405531032,0.003726008875596154
1000,14,3,CGATATAT,0.08355636471141781,0.08389957953477285,0.08416544646024704,0.08190913907794084,0.08787808696635893,0.005968947888418091,0.0002658669254741869,0.002696364405531032,0.003726008875596154
1000,15,4,CTATCGCA,0.04414936147617162,0.04418290616499354,0.0179520882666111,0.0,0.0,0.0,-0.02623081789838244,2.1674928735358756e-05,0.000155853684023044
1000,15,4,CTATCGCA,0.04414936147617162,0.04418290616499354,0.02890762872993946,0.0,0.0,0.0,-0.01527527743505408,2.1674928735358756e-05,0.000155853684023044
1000,15,4,CTATCGCA,0.04414936147617162,0.04418290616499354,0.003007745835930109,0.0,0.0,0.0,-0.04117516032906343,2.1674928735358756e-05,0.000155853684023044
1000,15,4,CTATCGCA,0.04414936147617162,0.04418290616499354,0.06461253762245178,0.0,0.0,0.0,0.02042963145745824,2.1674928735358756e-05,0.000155853684023044
1000,16,6,CTATCGCA,0.01832140947771669,0.018439402647825325,0.021043479442596436,0.0,0.0,0.0,0.0026040767947711103,2.7225568882629017e-05,0.000735184589534435
1000,16,6,CTATCGCA,0.01832140947771669,0.018439402647825325,0.018821800127625465,0.0,0.0,0.0,0.0003823974798001402,2.7225568882629017e-05,0.000735184589534435
1000,16,6,CTATCGCA,0.01832140947771669,0.018439402647825325,0.019930971786379814,0.0,0.0,0.0,0.001491569138554489,2.7225568882629017e-05,0.000735184589534435
1000,16,6,CTATCGCA,0.01832140947771669,0.018439402647825325,0.010278075933456421,0.0,0.0,0.0,-0.008161326714368904,2.7225568882629017e-05,0.000735184589534435
1000,17,6,TTTGGGCC,-0.1475104866060681,-0.15968483921313922,-0.12817540764808655,-0.20226358180673734,-0.20998466694148843,-0.007721085134751088,0.031509431565052676,0.07516952495421236,0.0021234093117857844
1000,17,6,TTTAGGCC,0.12217428913624834,0.12029471670884535,0.20488077402114868,0.0674211939355791,0.06999488898049615,0.002573695044917043,0.08458605731230333,0.015655470703104357,0.004378036138686481
1000,17,6,TTTAGGCC,0.12217428913624834,0.12029471670884535,0.19041164219379425,0.0674211939355791,0.06999488898049615,0.002573695044917043,0.0701169254849489,0.015655470703104357,0.004378036138686481
1000,17,6,TTTAGGCC,0.12217428913624834,0.12029471670884535,0.07738456130027771,0.0674211939355791,0.06999488898049615,0.002573695044917043,-0.04291015540856764,0.015655470703104357,0.004378036138686481
1000,18,3,CGATCGCG,0.2042137742982583,0.20351002250572492,0.26664575934410095,0.10973128858191354,0.10945123371478378,-0.0002800548671297587,0.06313573683837603,0.0031451888525528826,0.0010339334749527307
1000,18,3,CTATCGCG,-0.01524880286556877,-0.015392444923842655,-0.012877784669399261,-0.10973128858191353,-0.1094512337147838,0.00028005486712973093,0.0025146602544433936,0.0011115533528192056,0.0006806271779975503
1000,18,3,CGATCGCG,0.2042137742982583,0.20351002250572492,0.32168132066726685,0.10973128858191354,0.10945123371478378,-0.0002800548671297587,0.11817129816154193,0.0031451888525528826,0.0010339334749527307
1000,18,3,CTATCGCG,-0.01524880286556877,-0.015392444923842655,-0.009462326765060425,-0.10973128858191353,-0.1094512337147838,0.00028005486712973093,0.00593011815878223,0.0011115533528192056,0.0006806271779975503
1000,19,4,CTATCGCA,0.0014208567880346044,0.001421029396626139,0.0011974112130701542,0.0,0.0,0.0,-0.00022361818355598473,8.04851964533726e-07,1.4952863306716413e-06
1000,19,4,CTATCGCA,0.0014208567880346044,0.001421029396626139,0.0013252607313916087,0.0,0.0,0.0,-9.57686652345302e-05,8.04851964533726e-07,1.4952863306716413e-06
1000,19,4,CTATCGCA,0.0014208567880346044,0.001421029396626139,0.0010658816900104284,0.0,0.0,0.0,-0.0003551477066157105,8.04851964533726e-07,1.4952863306716413e-06
1000,19,4,CTATCGCA,0.0014208567880346044,0.001421029396626139,0.002103985520079732,0.0,0.0,0.0,0.000682956123453593,8.04851964533726e-07,1.4952863306716413e-06
1000,20,8,CTATCGCA,0.19623158797838683,0.19062129305254483,0.044029951095581055,0.10185210019432356,0.16479113164669817,0.06293903145237462,-0.14659134195696377,0.05010611864828163,0.005223759241545611
1000,20,8,AGGTCGTG,-0.21117681279890743,-0.46854323353424787,-0.7189239263534546,-0.3055563005829707,-0.4943733949400945,-0.18881709435712385,-0.2503806928192067,2.1102662462926034,0.05133488040987988
1000,20,8,CTATCGCA,0.19623158797838683,0.19062129305254483,0.29244035482406616,0.10185210019432356,0.16479113164669817,0.06293903145237462,0.10181906177152134,0.05010611864828163,0.005223759241545611
1000,20,8,CTATCGCA,0.19623158797838683,0.19062129305254483,0.01578105241060257,0.10185210019432356,0.16479113164669817,0.06293903145237462,-0.17484024064194226,0.05010611864828163,0.005223759241545611
1000,21,3,CTATCGCA,0.002563329085163907,0.0025634496888516565,0.001160807441920042,0.0,0.0,0.0,-0.0014026422469316144,2.224337103395868e-09,3.640354003520141e-07
1000,21,3,CTATCGCA,0.002563329085163907,0.0025634496888516565,0.0027248412370681763,0.0,0.0,0.0,0.0001613915482165198,2.224337103395868e-09,3.640354003520141e-07
1000,21,3,CTATCGCA,0.002563329085163907,0.0025634496888516565,0.003366992576047778,0.0,0.0,0.0,0.0008035428871961217,2.224337103395868e-09,3.640354003520141e-07
1000,21,3,CTATCGCA,0.002563329085163907,0.0025634496888516565,0.0024998271837830544,0.0,0.0,0.0,-6.362250506860212e-05,2.224337103395868e-09,3.640354003520141e-07
1000,22,7,CTATCGCC,0.28075535021121567,0.03447304083997084,0.5689552426338196,0.10634102987650076,-0.033231633219765036,-0.13957266309626581,0.5344822017938488,1.86488641102929,0.14091024543057618
1000,22,7,CTATCGCA,0.23535130726249212,0.2281005029018091,0.0033706380054354668,0.060936986927777215,0.16039582884207323,0.09945884191429602,-0.22472986489637364,0.05427752982122369,0.0035218992964427542
1000,22,7,TTTAGGCC,-0.05380068339734031,-0.21985535040464552,-0.00864875316619873,-0.22821500373205522,-0.2875600244643814,-0.05934502073232617,0.21120659723844679,1.1677645056489467,0.005381836597810219
1000,22,7,CTATCGCA,0.23535130726249212,0.2281005029018091,0.5531842708587646,0.060936986927777215,0.16039582884207323,0.09945884191429602,0.32508376795695554,0.05427752982122369,0.0035218992964427542
1000,23,6,CTATCGCA,0.01240266320866972,0.011641574642754874,0.036863986402750015,0.0,0.0,0.0,0.025222411759995143,0.004821558201539344,0.0002550268060502736
1000,23,6,CTATCGCA,0.01240266320866972,0.011641574642754874,0.01145940087735653,0.0,0.0,0.0,-0.00018217376539834441,0.004821558201539344,0.0002550268060502736
1000,23,6,CTATCGCA,0.01240266320866972,0.011641574642754874,0.031608760356903076,0.0,0.0,0.0,0.019967185714148204,0.004821558201539344,0.0002550268060502736
1000,23,6,CTATCGCA,0.01240266320866972,0.011641574642754874,0.030916931107640266,0.0,0.0,0.0,0.019275356464885395,0.004821558201539344,0.0002550268060502736
1000,24,1,CTATCGCA,0.0025201786920661107,0.0025201786920661107,0.002520059933885932,0.0,0.0,0.0,-1.1875818017870188e-07,0.0,0.0
1000,24,1,CTATCGCA,0.0025201786920661107,0.0025201786920661107,0.002520059933885932,0.0,0.0,0.0,-1.1875818017870188e-07,0.0,0.0
1000,24,1,CTATCGCA,0.0025201786920661107,0.0025201786920661107,0.002520059933885932,0.0,0.0,0.0,-1.1875818017870188e-07,0.0,0.0
1000,24,1,CTATCGCA,0.0025201786920661107,0.0025201786920661107,0.002520059933885932,0.0,0.0,0.0,-1.1875818017870188e-07,0.0,0.0
1000,25,5,CTATCGCA,0.019337937288614465,0.01939178325900155,0.004967888817191124,0.0,0.0,0.0,-0.014423894441810425,2.7270413412334993e-05,0.00029650026534776275
1000,25,5,CTATCGCA,0.019337937288614465,0.01939178325900155,0.024915583431720734,0.0,0.0,0.0,0.005523800172719185,2.7270413412334993e-05,0.00029650026534776275
1000,25,5,CTATCGCA,0.019337937288614465,0.01939178325900155,0.0377187579870224,0.0,0.0,0.0,0.01832697472802085,2.7270413412334993e-05,0.00029650026534776275
1000,25,5,CTATCGCA,0.019337937288614465,0.01939178325900155,0.025176089257001877,0.0,0.0,0.0,0.005784305998000328,2.7270413412334993e-05,0.00029650026534776275
1000,26,2,CTATCGCA,0.004272871906425224,0.004272871956914059,0.004841834772378206,0.0,0.0,0.0,0.0005689628154641468,1.2592735743055528e-09,1.3602512449750748e-09
1000,26,2,CTATCGCA,0.004272871906425224,0.004272871956914059,0.004562621936202049,0.0,0.0,0.0,0.00028974997928798985,1.2592735743055528e-09,1.3602512449750748e-09
1000,26,2,CTATCGCA,0.004272871906425224,0.004272871956914059,0.004841834772378206,0.0,0.0,0.0,0.0005689628154641468,1.2592735743055528e-09,1.3602512449750748e-09
1000,26,2,CTATCGCA,0.004272871906425224,0.004272871956914059,0.00513158505782485,0.0,0.0,0.0,0.0008587131009107907,1.2592735743055528e-09,1.3602512449750748e-09
1000,27,4,CTATCGCA,0.009233479481033806,0.009233948936045011,0.007332981564104557,0.0,0.0,0.0,-0.001900967371940454,6.397011743583536e-07,2.5175212191794194e-06
1000,27,4,CTATCGCA,0.009233479481033806,0.009233948936045011,0.018047107383608818,0.0,0.0,0.0,0.008813158447563807,6.397011743583536e-07,2.5175212191794194e-06
1000,27,4,CTATCGCA,0.009233479481033806,0.009233948936045011,0.01766818016767502,0.0,0.0,0.0,0.008434231231630007,6.397011743583536e-07,2.5175212191794194e-06
1000,27,4,CTATCGCA,0.009233479481033806,0.009233948936045011,0.008014114573597908,0.0,0.0,0.0,-0.001219834362447103,6.397011743583536e-07,2.5175212191794194e-06
1000,28,5,CTATCGCA,0.03466418742422365,0.03468129645954328,0.03830525651574135,0.06896633627511112,0.06943157960113724,0.00046524332602612684,0.0036239600561980695,0.00033418435459410534,0.00041972953119223666
1000,28,5,CTATCGCA,0.03466418742422365,0.03468129645954328,0.04451250657439232,0.06896633627511112,0.06943157960113724,0.00046524332602612684,0.00983121011484904,0.00033418435459410534,0.00041972953119223666
1000,28,5,CTATCGCG,-0.24120115767622083,-0.24304502194500568,-0.19474643468856812,-0.20689900882533335,-0.2082947388034117,-0.0013957299780783528,0.04829858725643757,0.01340419236840118,0.004184871024476955
1000,28,5,CTATCGCA,0.03466418742422365,0.03468129645954328,0.023096051067113876,0.06896633627511112,0.06943157960113724,0.00046524332602612684,-0.011585245392429402,0.00033418435459410534,0.00041972953119223666
1000,29,4,TTTAGGCC,0.1798164560074888,0.17935148968709314,0.11223315447568893,0.08083777955898194,0.08232058163068123,0.0014828020716992907,-0.0671183352114042,0.0037585158069519675,0.0018986505253693053
1000,29,4,TTTGGGCC,-0.14353466222843894,-0.1499308368356318,-0.01596681773662567,-0.2425133386769458,-0.2469617448920437,-0.0044484062150979,0.13396401909900613,0.02660984006518441,0.001025141636412985
1000,29,4,TTTAGGCC,0.1798164560074888,0.17935148968709314,0.134779155254364,0.08083777955898194,0.08232058163068123,0.0014828020716992907,-0.04457233443272912,0.0037585158069519675,0.0018986505253693053
1000,29,4,TTTAGGCC,0.1798164560074888,0.17935148968709314,0.18507272005081177,0.08083777955898194,0.08232058163068123,0.0014828020716992907,0.005721230363718632,0.0037585158069519675,0.0018986505253693053
1000,30,3,CTATCGCA,0.007956086494593303,0.007960890697884526,0.0014291465049609542,0.0,0.0,0.0,-0.006531744192923572,1.1787003346142022e-06,1.559131020828497e-05
1000,30,3,CTATCGCA,0.007956086494593303,0.007960890697884526,0.006610102951526642,0.0,0.0,0.0,-0.0013507877463578843,1.1787003346142022e-06,1.559131020828497e-05
1000,30,3,CTATCGCA,0.007956086494593303,0.007960890697884526,0.010175088420510292,0.0,0.0,0.0,0.002214197722625766,1.1787003346142022e-06,1.559131020828497e-05
1000,30,3,CTATCGCA,0.007956086494593303,0.007960890697884526,0.010288159362971783,0.0,0.0,0.0,0.0023272686650872565,1.1787003346142022e-06,1.559131020828497e-05
1000,31,4,CTATCGCA,0.0019592877338746994,0.001959814742048649,0.0023949076421558857,0.0,0.0,0.0,0.0004350929001072368,1.9665222894538203e-08,2.1276979186926614e-06
1000,31,4,CTATCGCA,0.0019592877338746994,0.001959814742048649,0.002203363925218582,0.0,0.0,0.0,0.00024354918316993324,1.9665222894538203e-08,2.1276979186926614e-06
1000,31,4,CTATCGCA,0.0019592877338746994,0.001959814742048649,0.00145149533636868,0.0,0.0,0.0,-0.0005083194056799689,1.9665222894538203e-08,2.1276979186926614e-06
1000,31,4,CTATCGCA,0.0019592877338746994,0.001959814742048649,0.00128621282055974,0.0,0.0,0.0,-0.0006736019214889089,1.9665222894538203e-08,2.1276979186926614e-06
2000,0,6,TTTAGGCC,-0.014287054469297058,-0.02055229908042877,-0.04467255249619484,0.0,0.0,0.0,-0.02412025341576607,0.037626459409586255,3.499174279597561e-05
2000,0,6,TTTAGGCC,-0.014287054469297058,-0.02055229908042877,0.0055925194174051285,0.0,0.0,0.0,0.0261448184978339,0.037626459409586255,3.499174279597561e-05
2000,0,6,TTTAGGCC,-0.014287054469297058,-0.02055229908042877,-0.05830886960029602,0.0,0.0,0.0,-0.03775657051986725,0.037626459409586255,3.499174279597561e-05
2000,0,6,TTTAGGCC,-0.014287054469297058,-0.02055229908042877,-0.01926260069012642,0.0,0.0,0.0,0.0012896983903023518,0.037626459409586255,3.499174279597561e-05
2000,1,2,CTATCGCG,-0.2608163936088106,-0.2630728360527428,-0.15262579917907715,-0.22075365242813672,-0.22243306663312978,-0.0016794142049930683,0.11044703687366564,0.0045743691612556425,6.148427339125462e-05
2000,1,2,CTATCGCA,0.033521809628705046,0.03350458612476359,0.042905863374471664,0.07358455080937891,0.0741443555443766,0.0005598047349976848,0.009401277249708073,3.511563728197942e-05,6.686293990698644e-07
2000,1,2,CTATCGCA,0.033521809628705046,0.03350458612476359,0.018456775695085526,0.07358455080937891,0.0741443555443766,0.0005598047349976848,-0.015047810429678066,3.511563728197942e-05,6.686293990698644e-07
2000,1,2,CTATCGCA,0.033521809628705046,0.03350458612476359,0.02974996343255043,0.07358455080937891,0.0741443555443766,0.0005598047349976848,-0.003754622692213161,3.511563728197942e-05,6.686293990698644e-07
2000,2,3,CTATCGCA,0.0004932592127980806,0.0004932902735264774,0.0004526924167294055,0.0,0.0,0.0,-4.059785679707184e-05,8.465858847284125e-10,9.402877107489438e-08
2000,2,3,CTATCGCA,0.0004932592127980806,0.0004932902735264774,0.00044164026621729136,0.0,0.0,0.0,-5.165000730918601e-05,8.465858847284125e-10,9.402877107489438e-08
2000,2,3,CTATCGCA,0.0004932592127980806,0.0004932902735264774,0.0005995372775942087,0.0,0.0,0.0,0.00010624700406773136,8.465858847284125e-10,9.402877107489438e-08
2000,2,3,CTATCGCA,0.0004932592127980806,0.0004932902735264774,0.0007007316453382373,0.0,0.0,0.0,0.00020744137181175992,8.465858847284125e-10,9.402877107489438e-08
2000,3,4,CTATCGCA,0.010915175999853918,0.010938214991351058,0.005571225192397833,0.0,0.0,0.0,-0.005366989798953226,1.1837552493385028e-05,0.00010399351848194849
2000,3,4,CTATCGCA,0.010915175999853918,0.010938214991351058,0.007446654606610537,0.0,0.0,0.0,-0.003491560384740522,1.1837552493385028e-05,0.00010399351848194849
2000,3,4,CTATCGCA,0.010915175999853918,0.010938214991351058,0.0148625448346138,0.0,0.0,0.0,0.003924329843262742,1.1837552493385028e-05,0.00010399351848194849
2000,3,4,CTATCGCA,0.010915175999853918,0.010938214991351058,0.007866710424423218,0.0,0.0,0.0,-0.0030715045669278407,1.1837552493385028e-05,0.00010399351848194849
2000,4,2,CTATCGCA,0.001278135734809227,0.0012781483137587202,0.0018089796649292111,0.0,0.0,0.0,0.000530831351170491,7.062989082484705e-10,2.5864197894520657e-08
2000,4,2,CTATCGCA,0.001278135734809227,0.0012781483137587202,0.0012780590914189816,0.0,0.0,0.0,-8.922233973862603e-08,7.062989082484705e-10,2.5864197894520657e-08
2000,4,2,CTATCGCA,0.001278135734809227,0.0012781483137587202,0.0008252874831669033,0.0,0.0,0.0,-0.0004528608305918169,7.062989082484705e-10,2.5864197894520657e-08
2000,4,2,CTATCGCA,0.001278135734809227,0.0012781483137587202,0.001012598630040884,0.0,0.0,0.0,-0.00026554968371783616,7.062989082484705e-10,2.5864197894520657e-08
2000,5,4,CTATCGCA,0.020088186203878103,0.020100444847770405,0.011039852164685726,0.0,0.0,0.0,-0.009060592683084678,8.072379440335342e-05,0.00012975836997256018
2000,5,4,CTATCGCA,0.020088186203878103,0.020100444847770405,0.00702538900077343,0.0,0.0,0.0,-0.013075055846996975,8.072379440335342e-05,0.00012975836997256018
2000,5,4,CTATCGCA,0.020088186203878103,0.020100444847770405,0.034110166132450104,0.0,0.0,0.0,0.0140097212846797,8.072379440335342e-05,0.00012975836997256018
2000,5,4,CTATCGCA,0.020088186203878103,0.020100444847770405,0.018132133409380913,0.0,0.0,0.0,-0.0019683114383894917,8.072379440335342e-05,0.00012975836997256018
2000,6,6,CTATCGCA,0.02758803237488631,0.0276037936820203,0.01881301775574684,0.0,0.0,0.0,-0.008790775926273458,0.00042723272969640014,0.0005218005725003416
2000,6,6,CTATCGCA,0.02758803237488631,0.0276037936820203,0.028453446924686432,0.0,0.0,0.0,0.0008496532426661325,0.00042723272969640014,0.0005218005725003416
2000,6,6,CTATCGCA,0.02758803237488631,0.0276037936820203,0.015960853546857834,0.0,0.0,0.0,-0.011642940135162465,0.00042723272969640014,0.0005218005725003416
2000,6,6,CTATCGCA,0.02758803237488631,0.0276037936820203,0.012221449986100197,0.0,0.0,0.0,-0.015382343695920103,0.00042723272969640014,0.0005218005725003416
2000,7,4,CTATCGCA,0.019536793659674423,0.019556524569983025,0.03400355949997902,0.0,0.0,0.0,0.014447034929995994,9.4418425641285e-05,0.00017334206687569242
2000,7,4,CTATCGCA,0.019536793659674423,0.019556524569983025,0.00040599083877168596,0.0,0.0,0.0,-0.01915053373121134,9.4418425641285e-05,0.00017334206687569242
2000,7,4,CTATCGCA,0.019536793659674423,0.019556524569983025,0.014502245932817459,0.0,0.0,0.0,-0.005054278637165566,9.4418425641285e-05,0.00017334206687569242
2000,7,4,CTATCGCA,0.019536793659674423,0.019556524569983025,0.026143137365579605,0.0,0.0,0.0,0.00658661279559658,9.4418425641285e-05,0.00017334206687569242
2000,8,5,TTTGCGCG,0.6505919592980713,0.6435779087507936,0.804751992225647,0.3793447484303063,0.3820448408930952,0.0027000924627889056,0.1611740834748534,0.03722581757146215,0.002155564835073065
2000,8,5,TTTGGGCC,-0.1080975375625413,-0.12051177303539688,-0.08610190451145172,-0.37934474843030636,-0.38204484089309526,-0.0027000924627889056,0.03440986852394516,0.06268877498280157,0.0006175976185236465
2000,8,5,TTTGCGCG,0.6505919592980713,0.6435779087507936,0.446210116147995,0.3793447484303063,0.3820448408930952,0.0027000924627889056,-0.19736779260279858,0.03722581757146215,0.002155564835073065
2000,8,5,TTTGGGCC,-0.1080975375625413,-0.12051177303539688,-0.18783971667289734,-0.37934474843030636,-0.38204484089309526,-0.0027000924627889056,-0.06732794363750046,0.06268877498280157,0.0006175976185236465
2000,9,2,CTATCGCA,0.05314951979576382,0.05314437892047863,0.06660780310630798,0.060699963589880154,0.0607381645654641,3.820097558394908e-05,0.013463424185829354,1.3821968381289018e-05,3.5402178109045224e-06
2000,9,2,CTATCGCG,-0.1896503345637568,-0.18980827934137778,-0.18980836868286133,-0.18209989076964045,-0.1822144936963923,-0.00011460292675186112,-8.934148354455829e-08,0.001058880237754245,0.0007429906825122679
2000,9,2,CTATCGCA,0.05314951979576382,0.05314437892047863,0.06322671473026276,0.060699963589880154,0.0607381645654641,3.820097558394908e-05,0.010082335809784126,1.3821968381289018e-05,3.5402178109045224e-06
2000,9,2,CTATCGCA,0.05314951979576382,0.05314437892047863,0.06660780310630798,0.060699963589880154,0.0607381645654641,3.820097558394908e-05,0.013463424185829354,1.3821968381289018e-05,3.5402178109045224e-06
2000,10,5,CTATCGCA,0.14609906439835213,0.1440266987072242,0.22749698162078857,0.018412634119497978,0.022213552589003094,0.0038009184695051157,0.08347028291356437,0.011321943252571909,0.0009601147969322543
2000,10,5,CTATCGCA,0.14609906439835213,0.1440266987072242,0.2844984233379364,0.018412634119497978,0.022213552589003094,0.0038009184695051157,0.1404717246307122,0.011321943252571909,0.0009601147969322543
2000,10,5,CTATCGCG,0.0724485279203602,0.05517248835121187,0.033063650131225586,-0.05523790235849395,-0.06664065776700924,-0.011402755408515292,-0.022108838219986285,0.08952856861061731,0.0031483707648756187
2000,10,5,CTATCGCA,0.14609906439835213,0.1440266987072242,0.10385246574878693,0.018412634119497978,0.022213552589003094,0.0038009184695051157,-0.04017423295843728,0.011321943252571909,0.0009601147969322543
2000,11,2,CTATCGCA,0.033521809628705046,0.03350458612476359,0.03350461646914482,0.0,0.0,0.0,3.034438122995198e-08,3.511563728197942e-05,6.686293990698644e-07
2000,11,2,CTATCGCA,0.033521809628705046,0.03350458612476359,0.03350461646914482,0.0,0.0,0.0,3.034438122995198e-08,3.511563728197942e-05,6.686293990698644e-07
2000,11,2,CTATCGCA,0.033521809628705046,0.03350458612476359,0.039151206612586975,0.0,0.0,0.0,0.005646620487823384,3.511563728197942e-05,6.686293990698644e-07
2000,11,2,CTATCGCA,0.033521809628705046,0.03350458612476359,0.042905863374471664,0.0,0.0,0.0,0.009401277249708073,3.511563728197942e-05,6.686293990698644e-07
2000,12,4,TTTGGGCC,0.032278035474798406,0.03077792529062151,0.05142788589000702,0.0,0.0,0.0,0.02064996059938551,0.006528029965187754,0.0005275892284801742
2000,12,4,TTTGGGCC,0.032278035474798406,0.03077792529062151,0.00366036593914032,0.0,0.0,0.0,-0.02711755935148119,0.006528029965187754,0.0005275892284801742
2000,12,4,TTTGGGCC,0.032278035474798406,0.03077792529062151,0.08798817545175552,0.0,0.0,0.0,0.05721025016113401,0.006528029965187754,0.0005275892284801742
2000,12,4,TTTGGGCC,0.032278035474798406,0.03077792529062151,0.05185757577419281,0.0,0.0,0.0,0.0210796504835713,0.006528029965187754,0.0005275892284801742
2000,13,4,CTATCGCA,0.019536793659674423,0.019556524569983025,0.024334929883480072,0.0,0.0,0.0,0.004778405313497047,9.4418425641285e-05,0.00017334206687569242
2000,13,4,CTATCGCA,0.019536793659674423,0.019556524569983025,0.020849771797657013,0.0,0.0,0.0,0.0012932472276739881,9.4418425641285e-05,0.00017334206687569242
2000,13,4,CTATCGCA,0.019536793659674423,0.019556524569983025,0.013306200504302979,0.0,0.0,0.0,-0.006250324065680046,9.4418425641285e-05,0.00017334206687569242
2000,13,4,CTATCGCA,0.019536793659674423,0.019556524569983025,0.01407158374786377,0.0,0.0,0.0,-0.005484940822119255,9.4418425641285e-05,0.00017334206687569242
2000,14,5,CTATATAT,0.03713395753767923,-0.05593540033597222,0.23242858052253723,-0.10344454703410799,-0.1321833269083319,-0.028738779874223908,0.28836398085850945,2.018241664423149,1.5528948750548919
2000,14,5,CTATCTCT,-0.012811055234044844,-0.1826270524266384,0.06704246997833252,-0.15338955980583208,-0.2588749789989981,-0.10548541919316601,0.24966952240497092,1.6297344883886709,0.780654502425703
2000,14,5,CGATATAT,0.26899555799175723,0.2717770795260247,0.32022571563720703,0.12841705341997,0.19552915295366502,0.06711209953369501,0.04844863611118233,0.020535633304674672,0.03444324097601181
2000,14,5,CGATATAT,0.26899555799175723,0.2717770795260247,0.4344285726547241,0.12841705341997,0.19552915295366502,0.06711209953369501,0.16265149312869942,0.020535633304674672,0.03444324097601181
2000,15,3,CTATCGCG,0.003521554091905891,0.0035219253940238873,0.0018441644497215748,0.0,0.0,0.0,-0.0016777609443023125,1.2726018477071666e-06,2.386508201696058e-06
2000,15,3,CTATCGCG,0.003521554091905891,0.0035219253940238873,0.00126105104573071,0.0,0.0,0.0,-0.0022608743482931772,1.2726018477071666e-06,2.386508201696058e-06
2000,15,3,CTATCGCG,0.003521554091905891,0.0035219253940238873,0.0013020019978284836,0.0,0.0,0.0,-0.0022199233961954037,1.2726018477071666e-06,2.386508201696058e-06
2000,15,3,CTATCGCG,0.003521554091905891,0.0035219253940238873,0.0023025507107377052,0.0,0.0,0.0,-0.001219374683286182,1.2726018477071666e-06,2.386508201696058e-06
2000,16,4,CAATCTAT,0.07369075665466354,0.074544731681497,0.1177210882306099,0.0,0.0,0.0,0.04317635654911289,0.00019831525062150024,0.0036142153579553637
2000,16,4,CAATCTAT,0.07369075665466354,0.074544731681497,0.08147828280925751,0.0,0.0,0.0,0.006933551127760507,0.00019831525062150024,0.0036142153579553637
2000,16,4,CAATCTAT,0.07369075665466354,0.074544731681497,0.07070401310920715,0.0,0.0,0.0,-0.0038407185722898474,0.00019831525062150024,0.0036142153579553637
2000,16,4,CAATCTAT,0.07369075665466354,0.074544731681497,0.11768998205661774,0.0,0.0,0.0,0.043145250375120736,0.00019831525062150024,0.0036142153579553637
2000,17,4,CTATCGCA,0.0022341243311200035,0.0022342777622957888,0.0035130411852151155,0.0,0.0,0.0,0.0012787634229193268,1.254376195275464e-08,6.262684650940042e-07
2000,17,4,CTATCGCA,0.0022341243311200035,0.0022342777622957888,0.0010657627135515213,0.0,0.0,0.0,-0.0011685150487442675,1.254376195275464e-08,6.262684650940042e-07
2000,17,4,CTATCGCA,0.0022341243311200035,0.0022342777622957888,0.0019342374289408326,0.0,0.0,0.0,-0.00030004033335495617,1.254376195275464e-08,6.262684650940042e-07
2000,17,4,CTATCGCA,0.0022341243311200035,0.0022342777622957888,0.0020867299754172564,0.0,0.0,0.0,-0.00014754778687853243,1.254376195275464e-08,6.262684650940042e-07
2000,18,6,CGATATAT,0.26956893726332143,0.265494699492109,0.45468682050704956,0.0,0.0,0.0,0.18919212101494054,0.05892533235188624,0.0344799057246119
2000,18,6,CGATATAT,0.26956893726332143,0.265494699492109,0.06616159528493881,0.0,0.0,0.0,-0.1993331042071702,0.05892533235188624,0.0344799057246119
2000,18,6,CGATATAT,0.26956893726332143,0.265494699492109,0.17493709921836853,0.0,0.0,0.0,-0.09055760027374049,0.05892533235188624,0.0344799057246119
2000,18,6,CGATATAT,0.26956893726332143,0.265494699492109,0.19775913655757904,0.0,0.0,0.0,-0.06773556293452998,0.05892533235188624,0.0344799057246119
2000,19,3,CTATCGCA,0.0026521053891292354,0.00265233410371161,0.0030529454816132784,0.0,0.0,0.0,0.00040061137790166823,3.81229181556364e-09,6.899560389406201e-07
2000,19,3,CTATCGCA,0.0026521053891292354,0.00265233410371161,0.002426834311336279,0.0,0.0,0.0,-0.00022549979237533125,3.81229181556364e-09,6.899560389406201e-07
2000,19,3,CTATCGCA,0.0026521053891292354,0.00265233410371161,0.0035075179766863585,0.0,0.0,0.0,0.0008551838729747483,3.81229181556364e-09,6.899560389406201e-07
2000,19,3,CTATCGCA,0.0026521053891292354,0.00265233410371161,0.002023387933149934,0.0,0.0,0.0,-0.0006289461705616763,3.81229181556364e-09,6.899560389406201e-07
2000,20,5,CAATATAT,-0.08280859354752561,-0.08958224223717401,-0.10486021637916565,-0.10250916278578606,-0.10762344194011612,-0.005114279154330062,-0.01527797414199164,0.04929633131411837,0.01542808786587635
2000,20,5,CGATATAT,0.05387029016685581,0.053915680349647485,0.0050483099184930325,0.034169720928595354,0.03587448064670537,0.001704759718110016,-0.04886737043115445,0.0034918398314631727,0.003718790745421585
2000,20,5,CGATATAT,0.05387029016685581,0.053915680349647485,0.026736170053482056,0.034169720928595354,0.03587448064670537,0.001704759718110016,-0.02717951029616543,0.0034918398314631727,0.003718790745421585
2000,20,5,CGATATAT,0.05387029016685581,0.053915680349647485,0.04018232226371765,0.034169720928595354,0.03587448064670537,0.001704759718110016,-0.013733358085929834,0.0034918398314631727,0.003718790745421585
2000,21,6,TTTAGGCC,-0.16087241676180034,-0.3537202933323605,-0.47709596157073975,-0.21407007767669137,-0.23912889128304063,-0.02505881360634926,-0.12337566823837925,1.161508389577547,0.004421130154186104
2000,21,6,TTTGCGCG,0.310944652550669,0.0313497756547448,-0.6209965348243713,0.25774699163577797,0.14594117770406467,-0.1118058139317133,-0.6523463104791162,1.691202218595616,0.01363295722007063
2000,21,6,CTATCGCA,0.22359082463249577,0.21772520281269672,0.48513129353523254,0.17039316371760474,0.3323166048620166,0.16192344114441184,0.26740609072253585,0.038900035409643596,0.0037063044908494103
2000,21,6,TTTAGGCC,-0.16087241676180034,-0.3537202933323605,-0.8283284306526184,-0.21407007767669137,-0.23912889128304063,-0.02505881360634926,-0.4746081373202579,1.161508389577547,0.004421130154186104
2000,22,4,CTATCGCA,0.03085471538313663,0.030963990767238103,0.01330327894538641,0.0,0.0,0.0,-0.017660711821851693,0.0001538100610658233,0.0005909115974717105
2000,22,4,CTATCGCA,0.03085471538313663,0.030963990767238103,0.02478347346186638,0.0,0.0,0.0,-0.006180517305371724,0.0001538100610658233,0.0005909115974717105
2000,22,4,CTATCGCA,0.03085471538313663,0.030963990767238103,4.411733243614435e-05,0.0,0.0,0.0,-0.03091987343480196,0.0001538100610658233,0.0005909115974717105
2000,22,4,CTATCGCA,0.03085471538313663,0.030963990767238103,0.04168187826871872,0.0,0.0,0.0,0.010717887501480616,0.0001538100610658233,0.0005909115974717105
2000,23,5,CTATCGCA,0.02000320043413325,0.019998288228986638,0.03296486288309097,0.0,0.0,0.0,0.012966574654104335,0.00018446570358315872,0.00015990467785009788
2000,23,5,CTATCGCA,0.02000320043413325,0.019998288228986638,0.03411408141255379,0.0,0.0,0.0,0.014115793183567149,0.00018446570358315872,0.00015990467785009788
2000,23,5,CTATCGCA,0.02000320043413325,0.019998288228986638,0.017873622477054596,0.0,0.0,0.0,-0.002124665751932042,0.00018446570358315872,0.00015990467785009788
2000,23,5,CTATCGCA,0.02000320043413325,0.019998288228986638,0.010164059698581696,0.0,0.0,0.0,-0.009834228530404943,0.00018446570358315872,0.00015990467785009788
2000,24,7,CTATCGCA,0.10343324924310394,0.09935589847264177,0.013141948729753494,-0.08826879345190701,-0.0617313833090669,0.026537410142840112,-0.08621394974288828,0.03187462232647292,0.003333166933237708
2000,24,7,CGATATAT,0.5098916055262953,0.40866501582240516,0.5576620101928711,0.31818956283128436,0.2475777340406965,-0.07061182879058786,0.14899699437046593,0.8298275885365971,0.12124146060936614
2000,24,7,CTATCGCA,0.10343324924310394,0.09935589847264177,0.012514321133494377,-0.08826879345190701,-0.0617313833090669,0.026537410142840112,-0.0868415773391474,0.03187462232647292,0.003333166933237708
2000,24,7,CTATCGCG,0.0500500667675406,0.03697231435914589,0.06158986687660217,-0.14165197592747036,-0.12411496742256278,0.01753700850490758,0.02461755251745628,0.10237915835740896,0.010834891498646027
2000,25,3,CTATCGCA,0.004803653415796342,0.004803954154112944,0.006250424310564995,0.0,0.0,0.0,0.001446470156452051,4.7719596135697984e-08,9.499345459407227e-07
2000,25,3,CTATCGCA,0.004803653415796342,0.004803954154112944,0.004731875378638506,0.0,0.0,0.0,-7.207877547443786e-05,4.7719596135697984e-08,9.499345459407227e-07
2000,25,3,CTATCGCA,0.004803653415796342,0.004803954154112944,0.007820173166692257,0.0,0.0,0.0,0.003016219012579313,4.7719596135697984e-08,9.499345459407227e-07
2000,25,3,CTATCGCA,0.004803653415796342,0.004803954154112944,0.004769223742187023,0.0,0.0,0.0,-3.4730411925920635e-05,4.7719596135697984e-08,9.499345459407227e-07
2000,26,4,CTATCGCA,0.00022026437987528354,0.00022021833620067266,0.0004081785446032882,0.0,0.0,0.0,0.00018796020840261551,2.8838500078232077e-07,1.0421030233881412e-07
2000,26,4,CTATCGCA,0.00022026437987528354,0.00022021833620067266,0.00019737047841772437,0.0,0.0,0.0,-2.284785778294829e-05,2.8838500078232077e-07,1.0421030233881412e-07
2000,26,4,CTATCGCA,0.00022026437987528354,0.00022021833620067266,-5.964335286989808e-05,0.0,0.0,0.0,-0.00027986168907057074,2.8838500078232077e-07,1.0421030233881412e-07
2000,26,4,CTATCGCA,0.00022026437987528354,0.00022021833620067266,9.769771713763475e-05,0.0,0.0,0.0,-0.0001225206190630379,2.8838500078232077e-07,1.0421030233881412e-07
2000,27,4,CGGTCGCG,-0.40735326267182564,-0.9246693383184189,-0.003869242500513792,-0.6333333708904263,-0.996168390610274,-0.36283501971984766,0.9208000958179051,2.0695184815503738,0.0002541789640007064
2000,27,4,CTATCGCG,0.43709123184874277,0.40355518249527966,0.7180185914039612,0.21111112363014212,0.3320561302034246,0.1209450065732825,0.3144634089086815,0.1383183509602688,0.00417415354641637
2000,27,4,CTATCGCG,0.43709123184874277,0.40355518249527966,0.6887078285217285,0.21111112363014212,0.3320561302034246,0.1209450065732825,0.28515264602644885,0.1383183509602688,0.00417415354641637
2000,27,4,CTATCGCG,0.43709123184874277,0.40355518249527966,0.21832606196403503,0.21111112363014212,0.3320561302034246,0.1209450065732825,-0.18522912053124463,0.1383183509602688,0.00417415354641637
2000,28,4,CTATCGCA,0.006731587924870639,0.006737303673512884,0.009455520659685135,0.0,0.0,0.0,0.0027182169861722505,1.4206532559506158e-05,3.706952712848738e-05
2000,28,4,CTATCGCA,0.006731587924870639,0.006737303673512884,0.010180994868278503,0.0,0.0,0.0,0.003443691194765619,1.4206532559506158e-05,3.706952712848738e-05
2000,28,4,CTATCGCA,0.006731587924870639,0.006737303673512884,0.003919030539691448,0.0,0.0,0.0,-0.002818273133821436,1.4206532559506158e-05,3.706952712848738e-05
2000,28,4,CTATCGCA,0.006731587924870639,0.006737303673512884,0.0037296549417078495,0.0,0.0,0.0,-0.003007648731805035,1.4206532559506158e-05,3.706952712848738e-05
2000,29,2,CGATATAT,0.058969362579213924,0.05953870830126107,0.05953867360949516,0.0,0.0,0.0,-3.4691765904426575e-08,2.075562044001611e-05,0.0011594470645343025
2000,29,2,CGATATAT,0.058969362579213924,0.05953870830126107,0.034117065370082855,0.0,0.0,0.0,-0.025421642931178212,2.075562044001611e-05,0.0011594470645343025
2000,29,2,CGATATAT,0.058969362579213924,0.05953870830126107,0.03186900168657303,0.0,0.0,0.0,-0.02766970661468804,2.075562044001611e-05,0.0011594470645343025
2000,29,2,CGATATAT,0.058969362579213924,0.05953870830126107,0.08496027439832687,0.0,0.0,0.0,0.025421566097065806,2.075562044001611e-05,0.0011594470645343025
2000,30,4,CTATCGCA,0.023876108580648155,0.02389012871511409,0.011941066011786461,0.0,0.0,0.0,-0.011949062703327629,0.00017574328064259848,0.00023182381850633815
2000,30,4,CTATCGCA,0.023876108580648155,0.02389012871511409,0.011343706399202347,0.0,0.0,0.0,-0.012546422315911743,0.00017574328064259848,0.00023182381850633815
2000,30,4,CTATCGCA,0.023876108580648155,0.02389012871511409,0.019622281193733215,0.0,0.0,0.0,-0.004267847521380874,0.00017574328064259848,0.00023182381850633815
2000,30,4,CTATCGCA,0.023876108580648155,0.02389012871511409,0.022778570652008057,0.0,0.0,0.0,-0.0011115580631060329,0.00017574328064259848,0.00023182381850633815
2000,31,7,CTATCGCA,0.01767618799764457,0.017725146319459588,0.0035255274269729853,0.0,0.0,0.0,-0.014199618892486603,7.187933221135083e-05,0.0004145875849164704
2000,31,7,CTATCGCA,0.01767618799764457,0.017725146319459588,0.017155764624476433,0.0,0.0,0.0,-0.0005693816949831551,7.187933221135083e-05,0.0004145875849164704
2000,31,7,CTATCGCA,0.01767618799764457,0.017725146319459588,0.027332983911037445,0.0,0.0,0.0,0.009607837591577857,7.187933221135083e-05,0.0004145875849164704
2000,31,7,CTATCGCA,0.01767618799764457,0.017725146319459588,0.003877075621858239,0.0,0.0,0.0,-0.013848070697601349,7.187933221135083e-05,0.0004145875849164704
5000,0,2,TTTAGGCC,0.009677632029505057,0.009677540511122018,0.009677600115537643,0.0,0.0,0.0,5.960441562535834e-08,2.964347647349541e-07,1.1339799865783817e-07
5000,0,2,TTTAGGCC,0.009677632029505057,0.009677540511122018,0.01030165795236826,0.0,0.0,0.0,0.0006241174412462414,2.964347647349541e-07,1.1339799865783817e-07
5000,0,2,TTTAGGCC,0.009677632029505057,0.009677540511122018,0.002665709936991334,0.0,0.0,0.0,-0.007011830574130684,2.964347647349541e-07,1.1339799865783817e-07
5000,0,2,TTTAGGCC,0.009677632029505057,0.009677540511122018,0.007756342180073261,0.0,0.0,0.0,-0.0019211983310487568,2.964347647349541e-07,1.1339799865783817e-07
5000,1,3,CGATATAT,0.05073082417466845,0.05193666472688263,0.057761698961257935,0.0,0.0,0.0,0.005825034234375304,2.2946515087857167e-05,0.0036404681717304155
5000,1,3,CGATATAT,0.05073082417466845,0.05193666472688263,0.007720625028014183,0.0,0.0,0.0,-0.04421603969886845,2.2946515087857167e-05,0.0036404681717304155
5000,1,3,CGATATAT,0.05073082417466845,0.05193666472688263,0.03448448330163956,0.0,0.0,0.0,-0.017452181425243074,2.2946515087857167e-05,0.0036404681717304155
5000,1,3,CGATATAT,0.05073082417466845,0.05193666472688263,0.035130374133586884,0.0,0.0,0.0,-0.016806290593295747,2.2946515087857167e-05,0.0036404681717304155
5000,2,6,CTATCGCA,0.20165584550326784,0.1636388122902419,0.010178223252296448,0.135068391243528,0.1727610099806405,0.03769261873711249,-0.15346058903794546,0.22941503354046128,0.0013128342623056621
5000,2,6,CTATCGCA,0.20165584550326784,0.1636388122902419,0.17674612998962402,0.135068391243528,0.1727610099806405,0.03769261873711249,0.013107317699382115,0.22941503354046128,0.0013128342623056621
5000,2,6,CTATCGCA,0.20165584550326784,0.1636388122902419,0.10278069227933884,0.135068391243528,0.1727610099806405,0.03769261873711249,-0.06085812001090307,0.22941503354046128,0.0013128342623056621
5000,2,6,TTTGGGCC,-0.3386177194708442,-0.5274052276323201,-0.6291565895080566,-0.405205173730584,-0.5182830299419215,-0.11307785621133754,-0.10175136187573652,1.1347606430710213,0.002035594102165472
5000,3,6,CTATCGCA,0.01588004555379341,0.015831468484909905,0.008549099788069725,0.032284173653879214,0.0332787896679821,0.0009946160141028892,-0.00728236869684018,0.0007511969494062853,0.0004597345361052607
5000,3,6,CGATCGCG,-0.04013706808480869,-0.04362336419507843,-0.08689773082733154,-0.023732939984722885,-0.02617604301200623,-0.0024431030272833443,-0.04327436663225311,0.03705514181546743,0.016137365153849004
5000,3,6,CTATCGCA,0.01588004555379341,0.015831468484909905,0.01602332293987274,0.032284173653879214,0.0332787896679821,0.0009946160141028892,0.00019185445496283648,0.0007511969494062853,0.0004597345361052607
5000,3,6,CTATCGCG,-0.05723953542312136,-0.057828857507030186,-0.03717431426048279,-0.04083540732303555,-0.04038153632395798,0.0004538709990775658,0.020654543246547398,0.008544289103066038,0.005008356599613073
5000,4,5,CTATCGCA,0.07649179189403718,0.07555616874190427,0.06363646686077118,0.0,0.0,0.0,-0.011919701881133088,0.005746680364676154,0.0010685646040116126
5000,4,5,CTATCGCA,0.07649179189403718,0.07555616874190427,0.06062661483883858,0.0,0.0,0.0,-0.01492955390306569,0.005746680364676154,0.0010685646040116126
5000,4,5,CTATCGCA,0.07649179189403718,0.07555616874190427,0.0743371844291687,0.0,0.0,0.0,-0.001218984312735566,0.005746680364676154,0.0010685646040116126
5000,4,5,CTATCGCA,0.07649179189403718,0.07555616874190427,0.10031692683696747,0.0,0.0,0.0,0.0247607580950632,0.005746680364676154,0.0010685646040116126
5000,5,6,CGATATCT,0.7776313056666696,0.22659610446486203,0.2997511625289917,0.4934325917115898,0.08637371846199762,-0.4070588732495922,0.07315505806412967,3.4086788076537236,0.10246760044287839
5000,5,6,CTATCGCA,0.12789848198516088,0.12563138916811312,0.14037030935287476,-0.1563002319699189,-0.01459099683475129,0.14170923513516762,0.014738920184761639,0.016661158405302023,0.0030586015030154012
5000,5,6,CTATCGCA,0.12789848198516088,0.12563138916811312,0.023435592651367188,-0.1563002319699189,-0.01459099683475129,0.14170923513516762,-0.10219579651674593,0.016661158405302023,0.0030586015030154012
5000,5,6,CTATCGCG,0.1033665861833278,0.08303066121036935,0.026130318641662598,-0.180832127771752,-0.057191724792495055,0.12364040297925695,-0.056900342568706755,0.12962412611723328,0.007608576279482637
5000,6,6,TTTAGGCG,0.26099190509777975,-0.09747848431543933,-0.05166280269622803,0.2198563565441983,-0.033187843646601434,-0.25304420019079976,0.045815681619211304,2.173875551178834,0.023053214699519486
5000,6,6,TTTAGGCC,0.06132222324579092,0.03858728083813127,0.032889723777770996,0.020186674692209472,0.10287792150696917,0.0826912468147597,-0.005697557060360271,0.1390767026708859,0.002667048224928026
5000,6,6,TTTGGGCC,-0.2190941573750358,-0.23685864003617482,-0.3247838020324707,-0.2602297059286172,-0.1725679993673369,0.0876617065612803,-0.08792516199629588,0.1085594290911227,0.001972533124288578
5000,6,6,TTTAGGCC,0.06132222324579092,0.03858728083813127,0.10997721552848816,0.020186674692209472,0.10287792150696917,0.0826912468147597,0.0713899346903569,0.1390767026708859,0.002667048224928026
5000,7,3,CTATCGCA,0.002424506056763439,0.002424622618036665,0.0016708194743841887,0.0,0.0,0.0,-0.0007538031436524761,1.4351580673865882e-08,3.640354003520141e-07
5000,7,3,CTATCGCA,0.002424506056763439,0.002424622618036665,0.0030812551267445087,0.0,0.0,0.0,0.000656632508707844,1.4351580673865882e-08,3.640354003520141e-07
5000,7,3,CTATCGCA,0.002424506056763439,0.002424622618036665,0.0021992321126163006,0.0,0.0,0.0,-0.0002253905054203642,1.4351580673865882e-08,3.640354003520141e-07
5000,7,3,CTATCGCA,0.002424506056763439,0.002424622618036665,0.003236661897972226,0.0,0.0,0.0,0.0008120392799355614,1.4351580673865882e-08,3.640354003520141e-07
5000,8,3,TTTGCGCG,0.7404616561454782,0.7408499534151612,0.6979725360870361,0.0,0.0,0.0,-0.04287741732812511,0.005089689557498417,0.006254581366547551
5000,8,3,TTTGCGCG,0.7404616561454782,0.7408499534151612,0.40439364314079285,0.0,0.0,0.0,-0.3364563102743684,0.005089689557498417,0.006254581366547551
5000,8,3,TTTGCGCG,0.7404616561454782,0.7408499534151612,0.8839814066886902,0.0,0.0,0.0,0.14313145327352894,0.005089689557498417,0.006254581366547551
5000,8,3,TTTGCGCG,0.7404616561454782,0.7408499534151612,0.4961935579776764,0.0,0.0,0.0,-0.24465639543748485,0.005089689557498417,0.006254581366547551
5000,9,4,CTATCGCA,0.00344516974145038,0.0034453754949055337,0.002632279647514224,0.0,0.0,0.0,-0.0008130958473913097,1.905003668978278e-07,1.0135141875131093e-06
5000,9,4,CTATCGCA,0.00344516974145038,0.0034453754949055337,0.0060231052339077,0.0,0.0,0.0,0.002577729739002166,1.905003668978278e-07,1.0135141875131093e-06
5000,9,4,CTATCGCA,0.00344516974145038,0.0034453754949055337,0.0012661864748224616,0.0,0.0,0.0,-0.002179189020083072,1.905003668978278e-07,1.0135141875131093e-06
5000,9,4,CTATCGCA,0.00344516974145038,0.0034453754949055337,0.0023249476216733456,0.0,0.0,0.0,-0.0011204278732321882,1.905003668978278e-07,1.0135141875131093e-06
5000,10,3,CTATCGCA,0.0003267256215297813,0.00032666257215570776,0.00048254415742121637,0.0,0.0,0.0,0.0001558815852655086,2.2080631001397677e-07,3.165818779349294e-08
5000,10,3,CTATCGCA,0.0003267256215297813,0.00032666257215570776,-0.00015238806372508407,0.0,0.0,0.0,-0.00047905063588079183,2.2080631001397677e-07,3.165818779349294e-08
5000,10,3,CTATCGCA,0.0003267256215297813,0.00032666257215570776,0.0013442346826195717,0.0,0.0,0.0,0.001017572110463864,2.2080631001397677e-07,3.165818779349294e-08
5000,10,3,CTATCGCA,0.0003267256215297813,0.00032666257215570776,0.0004949602880515158,0.0,0.0,0.0,0.00016829771589580805,2.2080631001397677e-07,3.165818779349294e-08
5000,11,4,CTATCGCA,0.028726573986328365,0.02883389692556193,0.03913450986146927,0.02051858268803094,0.020519084547098942,5.018590680042068e-07,0.010300612935907338,0.00028543175932710385,0.0007147235162613674
5000,11,4,CTATCGCA,0.028726573986328365,0.02883389692556193,0.05579134449362755,0.02051858268803094,0.020519084547098942,5.018590680042068e-07,0.026957447568065618,0.00028543175932710385,0.0007147235162613674
5000,11,4,CTATCGCG,-0.053347756765795395,-0.05324244126283384,0.008022546768188477,-0.06155574806409282,-0.06155725364129683,-1.5055772040056814e-06,0.061264988031022316,0.0042242732281598805,0.0046455352400061045
5000,11,4,CTATCGCA,0.028726573986328365,0.02883389692556193,0.038119032979011536,0.02051858268803094,0.020519084547098942,5.018590680042068e-07,0.009285136053449605,0.00028543175932710385,0.0007147235162613674
5000,12,3,CTATCGCA,0.0009108730419354708,0.0009109033413526498,0.0012738205259665847,0.0,0.0,0.0,0.00036291718461393485,1.4402304515659381e-08,1.053005560525122e-07
5000,12,3,CTATCGCA,0.0009108730419354708,0.0009109033413526498,0.0009329834720119834,0.0,0.0,0.0,2.2080130659333564e-05,1.4402304515659381e-08,1.053005560525122e-07
5000,12,3,CTATCGCA,0.0009108730419354708,0.0009109033413526498,0.0006915639969520271,0.0,0.0,0.0,-0.00021933934440062275,1.4402304515659381e-08,1.053005560525122e-07
5000,12,3,CTATCGCA,0.0009108730419354708,0.0009109033413526498,0.0008980663260444999,0.0,0.0,0.0,-1.2837015308149956e-05,1.4402304515659381e-08,1.053005560525122e-07
5000,13,4,CTATCGCA,0.002155361837086131,0.002155779606634267,0.0034804213792085648,0.0,0.0,0.0,0.0013246417725742976,1.0833329726345209e-08,1.6819115222707626e-06
5000,13,4,CTATCGCA,0.002155361837086131,0.002155779606634267,0.0028367869090288877,0.0,0.0,0.0,0.0006810073023946206,1.0833329726345209e-08,1.6819115222707626e-06
5000,13,4,CTATCGCA,0.002155361837086131,0.002155779606634267,0.0018266249680891633,0.0,0.0,0.0,-0.00032915463854510385,1.0833329726345209e-08,1.6819115222707626e-06
5000,13,4,CTATCGCA,0.002155361837086131,0.002155779606634267,0.001688186195679009,0.0,0.0,0.0,-0.0004675934109552582,1.0833329726345209e-08,1.6819115222707626e-06
5000,14,3,CTATCGCA,-0.00042099183102372223,-0.0004210443453808536,-0.00033112309756688774,0.0,0.0,0.0,8.992124781396588e-05,1.7297920673620126e-07,1.5436135342161705e-08
5000,14,3,CTATCGCA,-0.00042099183102372223,-0.0004210443453808536,-0.0007550684385932982,0.0,0.0,0.0,-0.0003340240932124446,1.7297920673620126e-07,1.5436135342161705e-08
5000,14,3,CTATCGCA,-0.00042099183102372223,-0.0004210443453808536,-0.00017231563106179237,0.0,0.0,0.0,0.00024872871431906124,1.7297920673620126e-07,1.5436135342161705e-08
5000,14,3,CTATCGCA,-0.00042099183102372223,-0.0004210443453808536,-0.0005537453689612448,0.0,0.0,0.0,-0.0001327010235803912,1.7297920673620126e-07,1.5436135342161705e-08
5000,15,3,TTTGAGCG,-0.011864522204061497,-0.045053014213206254,-0.0053816139698028564,-0.05049295988479139,-0.05005078775076296,0.0004421721340284318,0.0396714002434034,0.11577230768887303,0.01620683166143877
5000,15,3,TTTGAGCC,0.07104436289101335,0.06276026379782706,0.023968636989593506,0.032415925210283456,0.05776249026027036,0.025346565049986905,-0.03879162680823356,0.028239937796527226,0.003387640516968382
5000,15,3,TTTAAGCC,0.10719843224002923,0.04733685877881225,0.06752258539199829,0.06856999455929934,0.04233908524125555,-0.02623090931804379,0.020185726613186038,0.21960411739342267,0.04001939700977175
5000,15,3,TTTGAGCG,-0.011864522204061497,-0.045053014213206254,0.0036196261644363403,-0.05049295988479139,-0.05005078775076296,0.0004421721340284318,0.048672640377642594,0.11577230768887303,0.01620683166143877
5000,16,3,CTATCGCA,0.008026485468670935,0.008039026733058563,0.0013877545716241002,0.0,0.0,0.0,-0.006651272161434463,8.789145105103646e-06,4.641293826798676e-05
5000,16,3,CTATCGCA,0.008026485468670935,0.008039026733058563,0.008781516924500465,0.0,0.0,0.0,0.0007424901914419024,8.789145105103646e-06,4.641293826798676e-05
5000,16,3,CTATCGCA,0.008026485468670935,0.008039026733058563,0.006845762953162193,0.0,0.0,0.0,-0.0011932637798963697,8.789145105103646e-06,4.641293826798676e-05
5000,16,3,CTATCGCA,0.008026485468670935,0.008039026733058563,0.006845762953162193,0.0,0.0,0.0,-0.0011932637798963697,8.789145105103646e-06,4.641293826798676e-05
5000,17,3,CTATCGCA,0.0029528902651189495,0.0029528924268586256,0.0025738191325217485,0.0,0.0,0.0,-0.0003790732943368771,2.999200887643383e-11,6.515211037338986e-09
5000,17,3,CTATCGCA,0.0029528902651189495,0.0029528924268586256,0.00299802771769464,0.0,0.0,0.0,4.5135290836014526e-05,2.999200887643383e-11,6.515211037338986e-09
5000,17,3,CTATCGCA,0.0029528902651189495,0.0029528924268586256,0.0037825668696314096,0.0,0.0,0.0,0.000829674442772784,2.999200887643383e-11,6.515211037338986e-09
5000,17,3,CTATCGCA,0.0029528902651189495,0.0029528924268586256,0.0025738191325217485,0.0,0.0,0.0,-0.0003790732943368771,2.999200887643383e-11,6.515211037338986e-09
5000,18,5,CTATCGCA,0.021590801471078197,0.021600673951881255,0.023975413292646408,0.0,0.0,0.0,0.002374739340765153,0.00015470606470729953,0.0002040684687225902
5000,18,5,CTATCGCA,0.021590801471078197,0.021600673951881255,0.025290481746196747,0.0,0.0,0.0,0.0036898077943154917,0.00015470606470729953,0.0002040684687225902
5000,18,5,CTATCGCA,0.021590801471078197,0.021600673951881255,0.014034338295459747,0.0,0.0,0.0,-0.007566335656421508,0.00015470606470729953,0.0002040684687225902
5000,18,5,CTATCGCA,0.021590801471078197,0.021600673951881255,0.001436184043996036,0.0,0.0,0.0,-0.02016448990788522,0.00015470606470729953,0.0002040684687225902
5000,19,6,CGGTCGCG,-0.40311261664749454,-0.7976934930010584,-1.320480465888977,-0.5166266126547853,-0.7716428386974787,-0.2550162260426935,-0.5227869728879186,2.3684785994216444,0.0009933413002611857
5000,19,6,CTATCGCA,0.13205504036925694,0.12865758761029275,0.19609788060188293,0.01854104436196624,0.15470824191387242,0.13616719755190618,0.06744029299159018,0.023916155155153496,0.0035314386013682864
5000,19,6,CGATCGCG,0.3625567801537002,0.2824166440882235,0.15030747652053833,0.24904278414640948,0.30846729839180315,0.05942451424539366,-0.13210916756768515,0.4987805602819848,0.01793974388912467
5000,19,6,CGATCGCG,0.3625567801537002,0.2824166440882235,1.2111613750457764,0.24904278414640948,0.30846729839180315,0.05942451424539366,0.9287447309575529,0.4987805602819848,0.01793974388912467
5000,20,4,CTATCGCA,0.02915919755423141,0.029195378850881526,0.03383604809641838,0.027101163965409708,0.027006360557779302,-9.480340763040607e-05,0.004640669245536855,1.112849742257449e-05,0.000155853684023044
5000,20,4,CTATCGCA,0.02915919755423141,0.029195378850881526,0.024052519351243973,0.027101163965409708,0.027006360557779302,-9.480340763040607e-05,-0.005142859499637553,1.112849742257449e-05,0.000155853684023044
5000,20,4,CTATCGCG,-0.07924545830740742,-0.07883006338023568,-0.10465437173843384,-0.08130349189622912,-0.0810190816733379,0.0002844102228912182,-0.025824308358198156,0.000876271926381289,0.0025378516350682556
5000,20,4,CTATCGCA,0.02915919755423141,0.029195378850881526,0.0372392013669014,0.027101163965409708,0.027006360557779302,-9.480340763040607e-05,0.008043822516019872,1.112849742257449e-05,0.000155853684023044
5000,21,3,CTATCGCA,0.01920382885402457,0.019232243022745177,0.029489003121852875,0.0,0.0,0.0,0.010256760099107698,3.1418044595332706e-05,0.00011666055075715276
5000,21,3,CTATCGCA,0.01920382885402457,0.019232243022745177,0.006727932021021843,0.0,0.0,0.0,-0.012504311001723334,3.1418044595332706e-05,0.00011666055075715276
5000,21,3,CTATCGCA,0.01920382885402457,0.019232243022745177,0.015575829893350601,0.0,0.0,0.0,-0.0036564131293945756,3.1418044595332706e-05,0.00011666055075715276
5000,21,3,CTATCGCA,0.01920382885402457,0.019232243022745177,0.015068624168634415,0.0,0.0,0.0,-0.004163618854110762,3.1418044595332706e-05,0.00011666055075715276
5000,22,5,CTATCGCA,0.005951961454746019,0.005957077596401028,0.0013750825310125947,0.0,0.0,0.0,-0.0045819950653884335,9.186108645172289e-06,3.476681692021755e-05
5000,22,5,CTATCGCA,0.005951961454746019,0.005957077596401028,0.0038533045444637537,0.0,0.0,0.0,-0.0021037730519372745,9.186108645172289e-06,3.476681692021755e-05
5000,22,5,CTATCGCA,0.005951961454746019,0.005957077596401028,0.007095759268850088,0.0,0.0,0.0,0.0011386816724490599,9.186108645172289e-06,3.476681692021755e-05
5000,22,5,CTATCGCA,0.005951961454746019,0.005957077596401028,0.006044173613190651,0.0,0.0,0.0,8.709601678962269e-05,9.186108645172289e-06,3.476681692021755e-05
5000,23,5,CTATCGCG,-0.06816061051228398,-0.06854967801366954,-0.10077273845672607,-0.06762619426321993,-0.06795991511699216,-0.00033372085377222915,-0.032223060443056534,0.006130208531404779,0.004184871024476955
5000,23,5,CTATCGCA,0.02200764850534261,0.02206354214232,0.01755756139755249,0.02254206475440665,0.022653305038997387,0.00011124028459073843,-0.004505980744767511,0.00014026134630526488,0.00041972953119223666
5000,23,5,CTATCGCA,0.02200764850534261,0.02206354214232,0.03728240728378296,0.02254206475440665,0.022653305038997387,0.00011124028459073843,0.015218865141462957,0.00014026134630526488,0.00041972953119223666
5000,23,5,CTATCGCA,0.02200764850534261,0.02206354214232,0.009566443972289562,0.02254206475440665,0.022653305038997387,0.00011124028459073843,-0.01249709817003044,0.00014026134630526488,0.00041972953119223666
5000,24,3,CTATCGCA,0.0005393361610583994,0.0005393428659772326,0.0003933349216822535,0.0,0.0,0.0,-0.0001460079442949791,1.1820183998256795e-08,3.1934940497579944e-08
5000,24,3,CTATCGCA,0.0005393361610583994,0.0005393428659772326,0.0006242229137569666,0.0,0.0,0.0,8.488004777973401e-05,1.1820183998256795e-08,3.1934940497579944e-08
5000,24,3,CTATCGCA,0.0005393361610583994,0.0005393428659772326,0.0002216571447206661,0.0,0.0,0.0,-0.00031768572125656647,1.1820183998256795e-08,3.1934940497579944e-08
5000,24,3,CTATCGCA,0.0005393361610583994,0.0005393428659772326,0.0005557085969485343,0.0,0.0,0.0,1.6365730971301673e-05,1.1820183998256795e-08,3.1934940497579944e-08
5000,25,3,CTATCGCA,-1.624896526261632e-05,-1.627826395633747e-05,-5.348390550352633e-05,-0.14862679030881507,-0.14318941136986676,0.005437378938948301,-3.720564154718886e-05,1.5217776092035784e-07,6.428167975691679e-08
5000,25,3,CTATCGTA,0.5944909122699977,0.5727413672155107,0.4951181411743164,0.4458803709264453,0.4295682341096003,-0.016312136816844958,-0.07762322604119432,0.16886218926557373,0.10361355410211281
5000,25,3,CTATCGCA,-1.624896526261632e-05,-1.627826395633747e-05,0.000403455866035074,-0.14862679030881507,-0.14318941136986676,0.005437378938948301,0.00041973412999141146,1.5217776092035784e-07,6.428167975691679e-08
5000,25,3,CTATCGCA,-1.624896526261632e-05,-1.627826395633747e-05,-4.267023177817464e-05,-0.14862679030881507,-0.14318941136986676,0.005437378938948301,-2.639196782183717e-05,1.5217776092035784e-07,6.428167975691679e-08
5000,26,5,CTATCTCT,0.047952419136152134,0.05459768834904324,0.0724276602268219,-0.003487757875224373,0.0034568866294117442,0.006944644504636117,0.017829971877778662,0.01917311467031335,0.052399460734768866
5000,26,5,CTATCTCA,0.05492793488660088,0.04768391509021974,0.05864882469177246,0.003487757875224373,-0.003456886629411751,-0.006944644504636124,0.01096490960155272,0.05973314424317566,0.02351304526126996
5000,26,5,CTATCTCT,0.047952419136152134,0.05459768834904324,0.047636061906814575,-0.003487757875224373,0.0034568866294117442,0.006944644504636117,-0.006961626442228662,0.01917311467031335,0.052399460734768866
5000,26,5,CTATCTCA,0.05492793488660088,0.04768391509021974,0.013349831104278564,0.003487757875224373,-0.003456886629411751,-0.006944644504636124,-0.03433408398594118,0.05973314424317566,0.02351304526126996
5000,27,3,CTATCGCA,0.035523784517591896,0.035601755830106795,0.028539814054965973,0.02347548331306433,0.02327213943630748,-0.00020334387675684934,-0.007061941775140822,0.00013887677127247255,0.0003727907088171556
5000,27,3,CTATCGCA,0.035523784517591896,0.035601755830106795,0.04745061695575714,0.02347548331306433,0.02327213943630748,-0.00020334387675684934,0.011848861125650346,0.00013887677127247255,0.0003727907088171556
5000,27,3,CTATCGCA,0.035523784517591896,0.035601755830106795,0.04762346297502518,0.02347548331306433,0.02327213943630748,-0.00020334387675684934,0.012021707144918382,0.00013887677127247255,0.0003727907088171556
5000,27,3,CTATCGCG,-0.05837814873466544,-0.05748680191512312,0.060898229479789734,-0.070426449939193,-0.06981641830892243,0.0006100316302705688,0.11838503139491285,0.0022196104299561092,0.004893650888583068
5000,28,2,CGATCGCG,0.12692275202837033,0.12640785543862876,0.18435907363891602,0.04028628010756369,0.04011579850180169,-0.00017048160576199622,0.05795121820028726,0.0029039504472463396,0.001874157267763188
5000,28,2,CGATCGCG,0.12692275202837033,0.12640785543862876,0.15222597122192383,0.04028628010756369,0.04011579850180169,-0.00017048160576199622,0.02581811578329507,0.0029039504472463396,0.001874157267763188
5000,28,2,CTATCGCG,0.04635019181324296,0.046176258435025375,0.02455832064151764,-0.04028628010756369,-0.04011579850180169,0.00017048160576199622,-0.021617937793507735,0.0003494872923051062,1.6205358699394878e-06
5000,28,2,CTATCGCG,0.04635019181324296,0.046176258435025375,0.02455832064151764,-0.04028628010756369,-0.04011579850180169,0.00017048160576199622,-0.021617937793507735,0.0003494872923051062,1.6205358699394878e-06
5000,29,5,CTATCGCG,0.08530199563466663,0.08469533336023946,0.10100484639406204,0.0645641988289928,0.12704964233037094,0.06248544350137815,0.01630951303382258,0.004210277880786539,0.0011769665086507342
5000,29,5,CTATCGCG,0.08530199563466663,0.08469533336023946,0.08612877130508423,0.0645641988289928,0.12704964233037094,0.06248544350137815,0.0014334379448447676,0.004210277880786539,0.0011769665086507342
5000,29,5,TTTGCGCG,-0.17295479968130456,-0.42350323596124434,-0.3172670900821686,-0.1936925964869784,-0.38114892699111286,-0.18745633050413446,0.10623614587907576,1.2554679308013288,0.002725749401629951
5000,29,5,CTATCGCG,0.08530199563466663,0.08469533336023946,0.10639221966266632,0.0645641988289928,0.12704964233037094,0.06248544350137815,0.02169688630242686,0.004210277880786539,0.0011769665086507342
5000,30,5,CTATCGCA,0.07945456466462981,0.07874741510931411,0.00800908450037241,0.0,0.0,0.0,-0.0707383306089417,0.005257794334448368,0.001722046557869894
5000,30,5,CTATCGCA,0.07945456466462981,0.07874741510931411,0.016122037544846535,0.0,0.0,0.0,-0.06262537756446758,0.005257794334448368,0.001722046557869894
5000,30,5,CTATCGCA,0.07945456466462981,0.07874741510931411,0.06463832408189774,0.0,0.0,0.0,-0.014109091027416379,0.005257794334448368,0.001722046557869894
5000,30,5,CTATCGCA,0.07945456466462981,0.07874741510931411,0.08487097918987274,0.0,0.0,0.0,0.006123564080558627,0.005257794334448368,0.001722046557869894
5000,31,7,CGATCGCG,-0.015440935997455187,-0.020560146280640117,-0.12877050042152405,-0.02239265109622167,-0.026151386447512817,-0.003758735351291148,-0.10821035414088392,0.05163880083437089,0.015804328852076388
5000,31,7,CTATCGCA,0.014415932130840371,0.014308368982710309,0.009231816977262497,0.007464217032073889,0.008717128815837607,0.0012529117837637178,-0.005076552005447812,0.0012834144857654939,0.0005304724488550683
5000,31,7,CTATCGCA,0.014415932130840371,0.014308368982710309,0.008387807756662369,0.007464217032073889,0.008717128815837607,0.0012529117837637178,-0.00592056122604794,0.0012834144857654939,0.0005304724488550683
5000,31,7,CTATCGCA,0.014415932130840371,0.014308368982710309,0.009667251259088516,0.007464217032073889,0.008717128815837607,0.0012529117837637178,-0.004641117723621793,0.0012834144857654939,0.0005304724488550683
10000,0,6,CTATCGCA,0.012523361860846821,0.012482539308570573,0.016557997092604637,0.0,0.0,0.0,0.0040754577840340644,0.0004999621197077642,0.0002550268060502736
10000,0,6,CTATCGCA,0.012523361860846821,0.012482539308570573,0.006985146552324295,0.0,0.0,0.0,-0.005497392756246278,0.0004999621197077642,0.0002550268060502736
10000,0,6,CTATCGCA,0.012523361860846821,0.012482539308570573,0.008670559152960777,0.0,0.0,0.0,-0.0038119801556097954,0.0004999621197077642,0.0002550268060502736
10000,0,6,CTATCGCA,0.012523361860846821,0.012482539308570573,0.008338432759046555,0.0,0.0,0.0,-0.004144106549524018,0.0004999621197077642,0.0002550268060502736
10000,1,4,CTATCGCA,0.0008705154087860229,0.0008705531589754401,0.0011299167526885867,0.0,0.0,0.0,0.00025936359371314666,2.3789805542184794e-09,1.5337973822276973e-07
10000,1,4,CTATCGCA,0.0008705154087860229,0.0008705531589754401,0.0008062725537456572,0.0,0.0,0.0,-6.428060522978285e-05,2.3789805542184794e-09,1.5337973822276973e-07
10000,1,4,CTATCGCA,0.0008705154087860229,0.0008705531589754401,0.001161074498668313,0.0,0.0,0.0,0.00029052133969287297,2.3789805542184794e-09,1.5337973822276973e-07
10000,1,4,CTATCGCA,0.0008705154087860229,0.0008705531589754401,0.0008711126283742487,0.0,0.0,0.0,5.594693988086874e-07,2.3789805542184794e-09,1.5337973822276973e-07
10000,2,5,CTATCGCA,0.07851169921483106,0.07740256716119517,0.0038495261687785387,0.0,0.0,0.0,-0.07355304099241664,0.00661422487219096,0.0010685646040116126
10000,2,5,CTATCGCA,0.07851169921483106,0.07740256716119517,0.017063364386558533,0.0,0.0,0.0,-0.06033920277463664,0.00661422487219096,0.0010685646040116126
10000,2,5,CTATCGCA,0.07851169921483106,0.07740256716119517,0.20447199046611786,0.0,0.0,0.0,0.12706942330492269,0.00661422487219096,0.0010685646040116126
10000,2,5,CTATCGCA,0.07851169921483106,0.07740256716119517,0.14054960012435913,0.0,0.0,0.0,0.06314703296316396,0.00661422487219096,0.0010685646040116126
10000,3,5,TCTGGGCG,0.00471076800916223,0.004703824116165123,0.003101821755990386,0.0,0.0,0.0,-0.0016020023601747372,4.1709963339995465e-05,6.990498354460251e-06
10000,3,5,TCTGGGCG,0.00471076800916223,0.004703824116165123,0.005969455000013113,0.0,0.0,0.0,0.0012656308838479898,4.1709963339995465e-05,6.990498354460251e-06
10000,3,5,TCTGGGCG,0.00471076800916223,0.004703824116165123,0.0033648409880697727,0.0,0.0,0.0,-0.0013389831280953505,4.1709963339995465e-05,6.990498354460251e-06
10000,3,5,TCTGGGCG,0.00471076800916223,0.004703824116165123,0.007892289198935032,0.0,0.0,0.0,0.0031884650827699087,4.1709963339995465e-05,6.990498354460251e-06
10000,4,1,CTATCGCG,0.00014530467569784378,0.00014530467569784378,0.00014530468615703285,0.0,0.0,0.0,1.0459189070388675e-11,0.0,0.0
10000,4,1,CTATCGCG,0.00014530467569784378,0.00014530467569784378,0.00014530468615703285,0.0,0.0,0.0,1.0459189070388675e-11,0.0,0.0
10000,4,1,CTATCGCG,0.00014530467569784378,0.00014530467569784378,0.00014530468615703285,0.0,0.0,0.0,1.0459189070388675e-11,0.0,0.0
10000,4,1,CTATCGCG,0.00014530467569784378,0.00014530467569784378,0.00014530468615703285,0.0,0.0,0.0,1.0459189070388675e-11,0.0,0.0
10000,5,7,CTATCGCA,0.21619158372571748,0.18677787654880845,0.386197030544281,0.010163117791857773,0.014356599805083636,0.004193482013225863,0.19941915399547255,0.2094178495348059,0.0035218992964427542
10000,5,7,CTATCGCA,0.21619158372571748,0.18677787654880845,0.25074976682662964,0.010163117791857773,0.014356599805083636,0.004193482013225863,0.06397189027782119,0.2094178495348059,0.0035218992964427542
10000,5,7,CTATCGCA,0.21619158372571748,0.18677787654880845,0.2578953504562378,0.010163117791857773,0.014356599805083636,0.004193482013225863,0.07111747390742934,0.2094178495348059,0.0035218992964427542
10000,5,7,CTATCGCG,0.1755391125582863,0.1293514773284739,0.12792158126831055,-0.030489353375573403,-0.04306979941525091,-0.012580446039677506,-0.0014298960601633603,0.3349755869859905,0.011662140377303842
10000,6,3,TTTAGGCC,0.0012616634891103318,0.001261730572587642,0.0009513412369415164,0.0,0.0,0.0,-0.0003103893356461256,6.347884476398669e-08,2.647292766944087e-07
10000,6,3,TTTAGGCC,0.0012616634891103318,0.001261730572587642,0.0015604323707520962,0.0,0.0,0.0,0.0002987017981644542,6.347884476398669e-08,2.647292766944087e-07
10000,6,3,TTTAGGCC,0.0012616634891103318,0.001261730572587642,0.0014366996474564075,0.0,0.0,0.0,0.00017496907486876556,6.347884476398669e-08,2.647292766944087e-07
10000,6,3,TTTAGGCC,0.0012616634891103318,0.001261730572587642,0.001328316400758922,0.0,0.0,0.0,6.658582817128012e-05,6.347884476398669e-08,2.647292766944087e-07
10000,7,3,CTATCGCG,-0.10232704897572369,-0.10167482845215788,-0.10105258226394653,-0.09057238330316829,-0.0901071268292904,0.0004652564738778925,0.0006222461882113423,0.0013815823791434312,0.0033382439498408356
10000,7,3,CTATCGCA,0.018436128761834036,0.018468007320229313,0.008355977945029736,0.03019079443438943,0.0300357089430968,-0.00015508549129263083,-0.010112029375199578,2.102487557131827e-05,0.00011666055075715276
10000,7,3,CTATCGCA,0.018436128761834036,0.018468007320229313,0.02383604645729065,0.03019079443438943,0.0300357089430968,-0.00015508549129263083,0.005368039137061336,2.102487557131827e-05,0.00011666055075715276
10000,7,3,CTATCGCA,0.018436128761834036,0.018468007320229313,0.019014529883861542,0.03019079443438943,0.0300357089430968,-0.00015508549129263083,0.0005465225636322284,2.102487557131827e-05,0.00011666055075715276
10000,8,5,TTTAGGCC,0.0055513403333649815,0.0055532135717434985,0.0036095227114856243,0.0,0.0,0.0,-0.0019436908602578741,1.5571650634947642e-05,2.4937842527529563e-05
10000,8,5,TTTAGGCC,0.0055513403333649815,0.0055532135717434985,0.002674123039469123,0.0,0.0,0.0,-0.0028790905322743756,1.5571650634947642e-05,2.4937842527529563e-05
10000,8,5,TTTAGGCC,0.0055513403333649815,0.0055532135717434985,0.005288420245051384,0.0,0.0,0.0,-0.0002647933266921145,1.5571650634947642e-05,2.4937842527529563e-05
10000,8,5,TTTAGGCC,0.0055513403333649815,0.0055532135717434985,0.007117988541722298,0.0,0.0,0.0,0.0015647749699787992,1.5571650634947642e-05,2.4937842527529563e-05
10000,9,5,CTTTGGCA,0.3423405807761882,0.34758937830236436,0.5026323795318604,0.0,0.0,0.0,0.155043001229496,0.04458551415681655,0.07082950178769742
10000,9,5,CTTTGGCA,0.3423405807761882,0.34758937830236436,0.38694286346435547,0.0,0.0,0.0,0.03935348516199111,0.04458551415681655,0.07082950178769742
10000,9,5,CTTTGGCA,0.3423405807761882,0.34758937830236436,0.5415862798690796,0.0,0.0,0.0,0.19399690156671523,0.04458551415681655,0.07082950178769742
10000,9,5,CTTTGGCA,0.3423405807761882,0.34758937830236436,0.30424776673316956,0.0,0.0,0.0,-0.043341611569194805,0.04458551415681655,0.07082950178769742
10000,10,5,CTATCGCA,0.001265715377910963,0.0012659880254879852,0.0014476096257567406,0.0,0.0,0.0,0.00018162160026875536,3.0671359480208965e-06,4.4303738331308296e-06
10000,10,5,CTATCGCA,0.001265715377910963,0.0012659880254879852,0.0014798517804592848,0.0,0.0,0.0,0.00021386375497129957,3.0671359480208965e-06,4.4303738331308296e-06
10000,10,5,CTATCGCA,0.001265715377910963,0.0012659880254879852,0.0014405755791813135,0.0,0.0,0.0,0.0001745875536933283,3.0671359480208965e-06,4.4303738331308296e-06
10000,10,5,CTATCGCA,0.001265715377910963,0.0012659880254879852,0.0014790144050493836,0.0,0.0,0.0,0.00021302637956139843,3.0671359480208965e-06,4.4303738331308296e-06
10000,11,2,TTTAGGCC,0.2259418205403429,0.2253800474614991,0.2253800332546234,0.0,0.0,0.0,-1.4206875675881747e-08,0.0012090233328657662,8.547717517815023e-05
10000,11,2,TTTAGGCC,0.2259418205403429,0.2253800474614991,0.32240161299705505,0.0,0.0,0.0,0.09702156553555596,0.0012090233328657662,8.547717517815023e-05
10000,11,2,TTTAGGCC,0.2259418205403429,0.2253800474614991,0.32240164279937744,0.0,0.0,0.0,0.09702159533787835,0.0012090233328657662,8.547717517815023e-05
10000,11,2,TTTAGGCC,0.2259418205403429,0.2253800474614991,0.2253800332546234,0.0,0.0,0.0,-1.4206875675881747e-08,0.0012090233328657662,8.547717517815023e-05
10000,12,4,CTATCGCA,0.000934210098113581,0.0009340910255748458,0.0006016190745867789,0.0,0.0,0.0,-0.0003324719509880669,3.054095193522066e-06,2.5778050385810714e-06
10000,12,4,CTATCGCA,0.000934210098113581,0.0009340910255748458,0.0008266604272648692,0.0,0.0,0.0,-0.00010743059830997659,3.054095193522066e-06,2.5778050385810714e-06
10000,12,4,CTATCGCA,0.000934210098113581,0.0009340910255748458,0.0005191021482460201,0.0,0.0,0.0,-0.0004149888773288257,3.054095193522066e-06,2.5778050385810714e-06
10000,12,4,CTATCGCA,0.000934210098113581,0.0009340910255748458,0.0012424946762621403,0.0,0.0,0.0,0.00030840365068729447,3.054095193522066e-06,2.5778050385810714e-06
10000,13,4,CTATCGCA,0.0013622546614296856,0.001362463747284437,0.0010478317271918058,0.0,0.0,0.0,-0.00031463202009263114,2.511695242762846e-08,8.614603714332536e-07
10000,13,4,CTATCGCA,0.0013622546614296856,0.001362463747284437,0.001601102645508945,0.0,0.0,0.0,0.000238638898224508,2.511695242762846e-08,8.614603714332536e-07
10000,13,4,CTATCGCA,0.0013622546614296856,0.001362463747284437,0.0017534653889015317,0.0,0.0,0.0,0.0003910016416170947,2.511695242762846e-08,8.614603714332536e-07
10000,13,4,CTATCGCA,0.0013622546614296856,0.001362463747284437,0.001174628036096692,0.0,0.0,0.0,-0.0001878357111877449,2.511695242762846e-08,8.614603714332536e-07
10000,14,4,CGATCGCG,0.711812894665402,0.6696982856011875,0.7156380414962769,0.2630599029923798,0.4225676973226684,0.1595077943302886,0.04593975589508936,0.19043627996242007,0.021977843705561995
10000,14,4,CGGTCGCG,-0.3404267173041172,-1.0205725036894862,-0.36843299865722656,-0.7891797089771394,-1.2677030919680052,-0.47852338299086583,0.6521395050322596,2.720814452727918,0.00023130718644243098
10000,14,4,CGATCGCG,0.711812894665402,0.6696982856011875,1.2271062135696411,0.2630599029923798,0.4225676973226684,0.1595077943302886,0.5574079279684536,0.19043627996242007,0.021977843705561995
10000,14,4,CGATCGCG,0.711812894665402,0.6696982856011875,0.36921870708465576,0.2630599029923798,0.4225676973226684,0.1595077943302886,-0.30047957851653173,0.19043627996242007,0.021977843705561995
10000,15,5,CTATCGCA,0.13440276160268266,0.12699598639167267,0.17584125697612762,0.0,0.0,0.0,0.04884527058445495,0.037993990851982296,0.0009601147969322543
10000,15,5,CTATCGCA,0.13440276160268266,0.12699598639167267,0.010206405073404312,0.0,0.0,0.0,-0.11678958131826836,0.037993990851982296,0.0009601147969322543
10000,15,5,CTATCGCA,0.13440276160268266,0.12699598639167267,0.08791745454072952,0.0,0.0,0.0,-0.03907853185094315,0.037993990851982296,0.0009601147969322543
10000,15,5,CTATCGCA,0.13440276160268266,0.12699598639167267,0.02713564783334732,0.0,0.0,0.0,-0.09986033855832535,0.037993990851982296,0.0009601147969322543
10000,16,3,CTATCGCA,0.03646358425629681,0.03647671025353505,0.02340104430913925,0.0,0.0,0.0,-0.013075665944395798,1.6311556202880384e-05,5.568954791759784e-05
10000,16,3,CTATCGCA,0.03646358425629681,0.03647671025353505,0.0219685360789299,0.0,0.0,0.0,-0.014508174174605148,1.6311556202880384e-05,5.568954791759784e-05
10000,16,3,CTATCGCA,0.03646358425629681,0.03647671025353505,0.022870201617479324,0.0,0.0,0.0,-0.013606508636055725,1.6311556202880384e-05,5.568954791759784e-05
10000,16,3,CTATCGCA,0.03646358425629681,0.03647671025353505,0.027744535356760025,0.0,0.0,0.0,-0.008732174896775025,1.6311556202880384e-05,5.568954791759784e-05
10000,17,4,TTTGGGCG,-0.21780395611030634,-0.23112050344185286,-0.25479811429977417,-0.07051047358037474,-0.0737785573222976,-0.0032680837419228614,-0.023677610857921305,0.05495902126771668,0.0016928319415305815
10000,17,4,TTTGGGCG,-0.21780395611030634,-0.23112050344185286,-0.301723837852478,-0.07051047358037474,-0.0737785573222976,-0.0032680837419228614,-0.07060333441062516,0.05495902126771668,0.0016928319415305815
10000,17,4,TTTGGGCC,0.06423793821119259,0.06399372584733753,0.017890680581331253,0.2115314207411242,0.2213356719668928,0.009804251225768612,-0.04610304526600628,0.0013849185806832365,0.00040806912526303307
10000,17,4,TTTGGGCG,-0.21780395611030634,-0.23112050344185286,-0.27770185470581055,-0.07051047358037474,-0.0737785573222976,-0.0032680837419228614,-0.04658135126395768,0.05495902126771668,0.0016928319415305815
10000,18,2,CTCAGGCA,0.00873439035698137,0.008737228347854398,0.008444751612842083,0.0,0.0,0.0,-0.00029247673501231475,2.8586290001797465e-09,5.678840375056282e-06
10000,18,2,CTCAGGCA,0.00873439035698137,0.008737228347854398,0.00824885256588459,0.0,0.0,0.0,-0.0004883757819698076,2.8586290001797465e-09,5.678840375056282e-06
10000,18,2,CTCAGGCA,0.00873439035698137,0.008737228347854398,0.008444752544164658,0.0,0.0,0.0,-0.00029247580368974013,2.8586290001797465e-09,5.678840375056282e-06
10000,18,2,CTCAGGCA,0.00873439035698137,0.008737228347854398,0.008444751612842083,0.0,0.0,0.0,-0.00029247673501231475,2.8586290001797465e-09,5.678840375056282e-06
10000,19,4,TTTGCGCG,0.5901616789183045,0.5523875368813763,0.6083849668502808,0.31833910918244257,0.5427779428291815,0.2244388336467389,0.055997429968904444,0.1557390481886407,0.004642480040927932
10000,19,4,TTTGGGCG,-0.5268486488033232,-0.7731702728298391,-1.1811903715133667,-0.7986712185391851,-0.7827798668820338,0.015891351657151276,-0.4080200986835276,0.9852999138552279,1.3417749164135184e-05
10000,19,4,TTTAGGCG,0.4338155699101619,-0.29316642472413434,-0.12453263998031616,0.16199300017429996,-0.30277601877632915,-0.4647690189506291,0.16863378474381818,2.912078816716697,0.004150838179512117
10000,19,4,TTTGCGCG,0.5901616789183045,0.5523875368813763,0.47015082836151123,0.31833910918244257,0.5427779428291815,0.2244388336467389,-0.08223670851986509,0.1557390481886407,0.004642480040927932
10000,20,4,CTATCGCA,0.0101797019856762,0.010195436759185439,0.01142443809658289,0.0,0.0,0.0,0.0012290013373974507,2.5333823462161953e-06,6.547247638317294e-05
10000,20,4,CTATCGCA,0.0101797019856762,0.010195436759185439,0.009534004144370556,0.0,0.0,0.0,-0.000661432614814883,2.5333823462161953e-06,6.547247638317294e-05
10000,20,4,CTATCGCA,0.0101797019856762,0.010195436759185439,0.005029503721743822,0.0,0.0,0.0,-0.005165933037441617,2.5333823462161953e-06,6.547247638317294e-05
10000,20,4,CTATCGCA,0.0101797019856762,0.010195436759185439,0.006511246785521507,0.0,0.0,0.0,-0.0036841899736639316,2.5333823462161953e-06,6.547247638317294e-05
10000,21,5,CTATCGCA,0.020476188531394837,0.02053465943392734,0.04813775420188904,0.0,0.0,0.0,0.0276030947679617,4.145752685260143e-06,0.00029650026534776275
10000,21,5,CTATCGCA,0.020476188531394837,0.02053465943392734,0.017371581867337227,0.0,0.0,0.0,-0.003163077566590112,4.145752685260143e-06,0.00029650026534776275
10000,21,5,CTATCGCA,0.020476188531394837,0.02053465943392734,0.036552734673023224,0.0,0.0,0.0,0.016018075239095885,4.145752685260143e-06,0.00029650026534776275
10000,21,5,CTATCGCA,0.020476188531394837,0.02053465943392734,0.0063958074897527695,0.0,0.0,0.0,-0.01413885194417457,4.145752685260143e-06,0.00029650026534776275
10000,22,3,TTTAGGCC,0.005883407842850565,0.005858863529687748,0.003230041591450572,0.0,0.0,0.0,-0.0026288219382371763,9.435835052948316e-05,2.072541104103376e-05
10000,22,3,TTTAGGCC,0.005883407842850565,0.005858863529687748,0.009655044414103031,0.0,0.0,0.0,0.003796180884415283,9.435835052948316e-05,2.072541104103376e-05
10000,22,3,TTTAGGCC,0.005883407842850565,0.005858863529687748,0.008340861648321152,0.0,0.0,0.0,0.0024819981186334035,9.435835052948316e-05,2.072541104103376e-05
10000,22,3,TTTAGGCC,0.005883407842850565,0.005858863529687748,0.010011410340666771,0.0,0.0,0.0,0.004152546810979023,9.435835052948316e-05,2.072541104103376e-05
10000,23,2,CAATCTAT,0.024086688765450615,0.024295300654955554,0.02568518929183483,0.0,0.0,0.0,0.0013898886368792773,6.436977492962903e-05,0.00048159355393950776
10000,23,2,CAATCTAT,0.024086688765450615,0.024295300654955554,0.03146253153681755,0.0,0.0,0.0,0.007167230881861997,6.436977492962903e-05,0.00048159355393950776
10000,23,2,CAATCTAT,0.024086688765450615,0.024295300654955554,0.03146253153681755,0.0,0.0,0.0,0.007167230881861997,6.436977492962903e-05,0.00048159355393950776
10000,23,2,CAATCTAT,0.024086688765450615,0.024295300654955554,0.014348288998007774,0.0,0.0,0.0,-0.00994701165694778,6.436977492962903e-05,0.00048159355393950776
10000,24,6,CTATCGCA,0.174612268853657,0.16827289232159956,0.08427821099758148,0.13815875851450077,0.2636963182610045,0.1255375597465037,-0.08399468132401808,0.042219040768918414,0.004182781576573813
10000,24,6,CTATCGCA,0.174612268853657,0.16827289232159956,0.142858624458313,0.13815875851450077,0.2636963182610045,0.1255375597465037,-0.02541426786328657,0.042219040768918414,0.004182781576573813
10000,24,6,CGGTCGCG,-0.378022765204346,-0.8865123807224183,-1.0409514904022217,-0.41447627554350225,-0.7910889547830134,-0.3766126792395112,-0.15443910967980334,3.0516420857548034,0.0007043926463694561
10000,24,6,CTATCGCA,0.174612268853657,0.16827289232159956,0.025446118786931038,0.13815875851450077,0.2636963182610045,0.1255375597465037,-0.14282677353466852,0.042219040768918414,0.004182781576573813
10000,25,7,TCTACTGC,0.2586068756990293,0.1121421454150097,0.07170295715332031,-0.04618887722137138,-0.13153710315463774,-0.08534822593326635,-0.04043918826168939,1.8542122837551567,0.8289591717670195
10000,25,7,TTTGCGCG,0.46133807665376275,0.4341638713730592,0.24491876363754272,0.15654232373336208,0.19048462280341175,0.03394229907004967,-0.18924510773551645,0.20296480078298407,0.012745363818059019
10000,25,7,TTTGCGCG,0.46133807665376275,0.4341638713730592,0.32920604944229126,0.15654232373336208,0.19048462280341175,0.03394229907004967,-0.10495782193076791,0.20296480078298407,0.012745363818059019
10000,25,7,TGTGGGCG,0.03789998267504797,-0.005752893882538349,-0.12393820285797119,-0.2668957702453527,-0.24943214245218578,0.01746362779316693,-0.11818530897543285,0.313446389450065,0.007876253546960754
10000,26,4,CTATCGCA,0.024745191179894994,0.024743102638088543,0.03354401886463165,0.0,0.0,0.0,0.00880091622654311,0.0001506446754137858,0.00014229050818798106
10000,26,4,CTATCGCA,0.024745191179894994,0.024743102638088543,0.035060614347457886,0.0,0.0,0.0,0.010317511709369342,0.0001506446754137858,0.00014229050818798106
10000,26,4,CTATCGCA,0.024745191179894994,0.024743102638088543,0.010839465074241161,0.0,0.0,0.0,-0.013903637563847382,0.0001506446754137858,0.00014229050818798106
10000,26,4,CTATCGCA,0.024745191179894994,0.024743102638088543,0.026907652616500854,0.0,0.0,0.0,0.0021645499784123112,0.0001506446754137858,0.00014229050818798106
10000,27,2,TTTAGGCC,0.00939788759505844,0.009396230477364043,0.010938756167888641,0.0,0.0,0.0,0.0015425256905245988,3.368951184024027e-06,5.471579522797754e-08
10000,27,2,TTTAGGCC,0.00939788759505844,0.009396230477364043,0.0055537112057209015,0.0,0.0,0.0,-0.003842519271643141,3.368951184024027e-06,5.471579522797754e-08
10000,27,2,TTTAGGCC,0.00939788759505844,0.009396230477364043,0.006703709252178669,0.0,0.0,0.0,-0.0026925212251853736,3.368951184024027e-06,5.471579522797754e-08
10000,27,2,TTTAGGCC,0.00939788759505844,0.009396230477364043,0.010546229779720306,0.0,0.0,0.0,0.0011499993023562638,3.368951184024027e-06,5.471579522797754e-08
10000,28,7,CGGTCGCG,-0.30913609349101,-0.687477163656156,-0.5830883979797363,-0.2964434855591771,-0.44013844839482913,-0.14369496283565203,0.10438876567641964,2.6533615415810208,0.004974050424998433
10000,28,7,TTTAGGCC,-0.07010450984853445,-0.26809207218025427,0.12861306965351105,-0.05741190191670156,-0.020753356918927435,0.03665854499777413,0.3967051418337653,1.3912947729198488,0.005381836597810219
10000,28,7,CTATCGCA,0.21619158372571748,0.18677787654880845,0.303912878036499,0.22888419165755036,0.4341165918101353,0.20523240015258493,0.11713500148769057,0.2094178495348059,0.0035218992964427542
10000,28,7,TATGCGCG,0.11227858788649543,-0.2205635017577054,-0.9891831874847412,0.12497119581832832,0.026775213503621442,-0.09819598231470687,-0.7686196857270358,2.582892394861723,0.2529977673523174
10000,29,6,TTTAGGCC,0.08362189872809393,0.0713445405466439,-0.009793505072593689,0.05733121189285918,0.064103295144885,0.006772083252025815,-0.08113804561923758,0.07703330546053944,0.0033691563718392104
10000,29,6,TGTGGGCG,0.06734703788197027,0.027542238994619456,-0.0971183180809021,0.04105635104673552,0.020300993592860563,-0.02075535745387496,-0.12466055707552155,0.24983101875408398,0.011002225429979084
10000,29,6,TTTGGGCC,-0.12942808799721917,-0.14126633848087167,-0.22632308304309845,-0.15571877483245392,-0.14850758388263055,0.007211190949823365,-0.08505674456222678,0.07238296649565323,0.0013534635937382244
10000,29,6,TTTAGGCC,0.08362189872809393,0.0713445405466439,0.15340009331703186,0.05733121189285918,0.064103295144885,0.006772083252025815,0.08205555277038797,0.07703330546053944,0.0033691563718392104
10000,30,4,TTTGGGCC,0.014607892961499013,0.014603219005491774,0.008061532862484455,0.0,0.0,0.0,-0.006541686143007319,0.0001356280598667492,0.00011693223583779389
10000,30,4,TTTGGGCC,0.014607892961499013,0.014603219005491774,0.017471015453338623,0.0,0.0,0.0,0.0028677964478468487,0.0001356280598667492,0.00011693223583779389
10000,30,4,TTTGGGCC,0.014607892961499013,0.014603219005491774,0.020044852048158646,0.0,0.0,0.0,0.005441633042666871,0.0001356280598667492,0.00011693223583779389
10000,30,4,TTTGGGCC,0.014607892961499013,0.014603219005491774,0.013296831399202347,0.0,0.0,0.0,-0.0013063876062894275,0.0001356280598667492,0.00011693223583779389
10000,31,7,CGATATAG,0.8068681596574567,0.5093371523985832,0.673395037651062,0.5011163519447686,0.34572753142700813,-0.15538882051776043,0.16405788525247877,2.392377172392242,0.30966012158012823
10000,31,7,CTATCGCG,0.26850547508806105,0.2180518768195928,0.25669828057289124,-0.037246332624627065,0.05444225584801768,0.09168858847264474,0.03864640375329845,0.36609391906085653,0.012918731181578824
10000,31,7,CTATCGCG,0.26850547508806105,0.2180518768195928,0.26909852027893066,-0.037246332624627065,0.05444225584801768,0.09168858847264474,0.051046643459337876,0.36609391906085653,0.012918731181578824
10000,31,7,TGTGGGCG,-0.12087187898282645,-0.2910024221514685,-0.34283024072647095,-0.42662368669551454,-0.4546120431230436,-0.02798835642752906,-0.05182781857500246,1.197614886215614,0.00670108403511982
15000,0,2,CTATCGCG,-0.1891045428524929,-0.19377765303943306,-0.23526060581207275,-0.15974443749884104,-0.16323541239216866,-0.003490974893327614,-0.04148295277263969,0.013305258437351863,0.003959038063471532
15000,0,2,CTATCGCA,0.02388804047929516,0.023869563483458478,0.025004718452692032,0.053248145832947014,0.054411804130722885,0.0011636582977758714,0.0011351549692335539,0.00012041916646299278,8.3465174789632e-05
15000,0,2,CTATCGCA,0.02388804047929516,0.023869563483458478,0.040330350399017334,0.053248145832947014,0.054411804130722885,0.0011636582977758714,0.016460786915558856,0.00012041916646299278,8.3465174789632e-05
15000,0,2,CTATCGCA,0.02388804047929516,0.023869563483458478,0.03522180765867233,0.053248145832947014,0.054411804130722885,0.0011636582977758714,0.011352244175213855,0.00012041916646299278,8.3465174789632e-05
15000,1,3,TTTGCGCG,0.24175331744495232,0.24253107157867113,0.22988104820251465,0.18766864667630212,0.1897836740858262,0.002115027409524073,-0.012650023376156477,0.0003493019116343754,0.0026825643127907917
15000,1,3,TTTGCGCG,0.24175331744495232,0.24253107157867113,0.2128758281469345,0.18766864667630212,0.1897836740858262,0.002115027409524073,-0.029655243431736616,0.0003493019116343754,0.0026825643127907917
15000,1,3,TCTGCGCG,-0.13358397590765195,-0.13703627659298126,-0.1606992483139038,-0.18766864667630215,-0.1897836740858262,-0.002115027409524045,-0.02366297172092255,0.01429492743918015,0.003938025383192212
15000,1,3,TCTGCGCG,-0.13358397590765195,-0.13703627659298126,-0.15005987882614136,-0.18766864667630215,-0.1897836740858262,-0.002115027409524045,-0.013023602233160098,0.01429492743918015,0.003938025383192212
15000,2,5,TTTGCGCG,0.4295409684869302,0.41298217539188364,0.9746077060699463,0.04969254244381022,0.21467906860581104,0.16498652616200082,0.5616255306780626,0.10353442788080974,0.02074046240557692
15000,2,5,TTTACGCC,0.2307707987116892,-0.4457340990313606,-0.36969155073165894,-0.14907762733143076,-0.6440372058174332,-0.4949595784860024,0.07604254829970164,3.386469806614378,0.003945317899129108
15000,2,5,TTTGCGCG,0.4295409684869302,0.41298217539188364,0.3487323522567749,0.04969254244381022,0.21467906860581104,0.16498652616200082,-0.06424982313510874,0.10353442788080974,0.02074046240557692
15000,2,5,TTTGCGCG,0.4295409684869302,0.41298217539188364,0.4880102276802063,0.04969254244381022,0.21467906860581104,0.16498652616200082,0.07502805228832266,0.10353442788080974,0.02074046240557692
15000,3,4,CTATAGCA,-0.08879141920016856,-0.10659422771277594,-0.177702859044075,0.0,0.0,0.0,-0.07110863133129908,0.14267726418168714,0.07146603013125763
15000,3,4,CTATAGCA,-0.08879141920016856,-0.10659422771277594,-0.11716659367084503,0.0,0.0,0.0,-0.010572365958069097,0.14267726418168714,0.07146603013125763
15000,3,4,CTATAGCA,-0.08879141920016856,-0.10659422771277594,-0.20409759879112244,0.0,0.0,0.0,-0.0975033710783465,0.14267726418168714,0.07146603013125763
15000,3,4,CTATAGCA,-0.08879141920016856,-0.10659422771277594,-0.084755077958107,0.0,0.0,0.0,0.02183914975466894,0.14267726418168714,0.07146603013125763
15000,4,2,CTATCGCA,0.0005868622571489901,0.0005868947823728377,0.00035661354195326567,0.0,0.0,0.0,-0.00023028124041957199,8.212214130942641e-09,7.326266182605679e-08
15000,4,2,CTATCGCA,0.0005868622571489901,0.0005868947823728377,0.00024775287602096796,0.0,0.0,0.0,-0.0003391419063518697,8.212214130942641e-09,7.326266182605679e-08
15000,4,2,CTATCGCA,0.0005868622571489901,0.0005868947823728377,0.0004780340532306582,0.0,0.0,0.0,-0.00010886072914217948,8.212214130942641e-09,7.326266182605679e-08
15000,4,2,CTATCGCA,0.0005868622571489901,0.0005868947823728377,0.00024775287602096796,0.0,0.0,0.0,-0.0003391419063518697,8.212214130942641e-09,7.326266182605679e-08
15000,5,3,CTATCGCA,0.0004241483147067922,0.00042417807172675143,0.0002502597635611892,0.0,0.0,0.0,-0.00017391830816556225,4.757711197234116e-09,9.402877107489438e-08
15000,5,3,CTATCGCA,0.0004241483147067922,0.00042417807172675143,0.0005881483084522188,0.0,0.0,0.0,0.00016397023672546734,4.757711197234116e-09,9.402877107489438e-08
15000,5,3,CTATCGCA,0.0004241483147067922,0.00042417807172675143,0.00057843211106956,0.0,0.0,0.0,0.00015425403934280862,4.757711197234116e-09,9.402877107489438e-08
15000,5,3,CTATCGCA,0.0004241483147067922,0.00042417807172675143,0.0005168908974155784,0.0,0.0,0.0,9.271282568882694e-05,4.757711197234116e-09,9.402877107489438e-08
15000,6,5,CGGTCGCG,-0.3958607222389347,-0.7774346907328766,-0.8067717552185059,-0.4206440993392667,-0.5627553202419211,-0.14211122090265438,-0.029337064485629227,1.9078961397699783,2.629730026867949e-05
15000,6,5,CGATCGCA,0.2913239156211631,0.18656770733421482,-0.03913450241088867,0.26654053852083104,0.40124707782517033,0.1347065393043393,-0.2257022097451035,0.5834697634984263,0.05968872206368481
15000,6,5,CGATCGCG,0.5995310372580345,0.5095841921677164,0.3642770051956177,0.5747476601577024,0.724263562658672,0.14951590250096958,-0.14530718697209877,0.46178474036105505,0.012050514909465182
15000,6,5,CGGTCGCG,-0.3958607222389347,-0.7774346907328766,-0.5640178322792053,-0.4206440993392667,-0.5627553202419211,-0.14211122090265438,0.2134168584536713,1.9078961397699783,2.629730026867949e-05
15000,7,3,CGATATAT,0.12759374339946647,0.12949917477422127,0.1042313352227211,0.0,0.0,0.0,-0.025267839551500165,0.0014788222289586206,0.007195116353223008
15000,7,3,CGATATAT,0.12759374339946647,0.12949917477422127,0.19476713240146637,0.0,0.0,0.0,0.0652679576272451,0.0014788222289586206,0.007195116353223008
15000,7,3,CGATATAT,0.12759374339946647,0.12949917477422127,0.03136897459626198,0.0,0.0,0.0,-0.09813020017795929,0.0014788222289586206,0.007195116353223008
15000,7,3,CGATATAT,0.12759374339946647,0.12949917477422127,0.12990808486938477,0.0,0.0,0.0,0.0004089100951635005,0.0014788222289586206,0.007195116353223008
15000,8,5,CTATCGCA,0.024152623252909268,0.024247284630656195,0.02171974442899227,0.026897628415072837,0.026973934517860433,7.630610278759609e-05,-0.0025275402016639234,0.00016492996045341934,0.0006382368491880674
15000,8,5,CTATCGCA,0.024152623252909268,0.024247284630656195,0.028250403702259064,0.026897628415072837,0.026973934517860433,7.630610278759609e-05,0.004003119071602869,0.00016492996045341934,0.0006382368491880674
15000,8,5,CTATCGCG,-0.08343789040738207,-0.08364845344078553,-0.13450676202774048,-0.0806928852452185,-0.08092180355358129,-0.00022891830836278826,-0.05085830858695495,0.007215277921334362,0.0061624627543170885
15000,8,5,CTATCGCA,0.024152623252909268,0.024247284630656195,0.03206400200724602,0.026897628415072837,0.026973934517860433,7.630610278759609e-05,0.007816717376589823,0.00016492996045341934,0.0006382368491880674
15000,9,3,CTATCGCC,0.09161970338707677,0.06982368059511312,-0.022318094968795776,-0.16106559492968514,-0.15964545778580133,0.0014201371438838095,-0.0921417755639089,0.20680279170434868,0.14141472332845773
15000,9,3,CTATCGCC,0.09161970338707677,0.06982368059511312,-0.017647743225097656,-0.16106559492968514,-0.15964545778580133,0.0014201371438838095,-0.08747142382021078,0.20680279170434868,0.14141472332845773
15000,9,3,CTATCGCC,0.09161970338707677,0.06982368059511312,-0.018246173858642578,-0.16106559492968514,-0.15964545778580133,0.0014201371438838095,-0.0880698544537557,0.20680279170434868,0.14141472332845773
15000,9,3,ATATCGCC,0.7358820831058174,0.7084055117383184,0.9093992710113525,0.4831967847890555,0.478936373357404,-0.004260411431651456,0.2009937592730341,0.18155955042766037,0.09912983632516381
15000,10,5,TCTGCGGC,-0.07496334896155135,-0.11988213125259346,-0.31115561723709106,-0.16694395081347324,-0.1441103136083571,0.022833637205116136,-0.19127348598449762,0.22534361628260757,0.0007497048273970575
15000,10,5,TCTGCGGC,-0.07496334896155135,-0.11988213125259346,-0.06437087059020996,-0.16694395081347324,-0.1441103136083571,0.022833637205116136,0.0555112606623835,0.22534361628260757,0.0007497048273970575
15000,10,5,TCTGCGGC,-0.07496334896155135,-0.11988213125259346,-0.04027490317821503,-0.16694395081347324,-0.1441103136083571,0.022833637205116136,0.07960722807437844,0.22534361628260757,0.0007497048273970575
15000,10,5,TCTGCGCG,0.5928124542923416,0.45655912318083497,0.3794800937175751,0.5008318524404197,0.43233094082507134,-0.06850091161534838,-0.0770790294632599,0.7133901306748858,0.03212347511735203
15000,11,4,CTATCGCA,0.000651966830392486,0.0006511991444899667,0.0008458133088424802,0.0,0.0,0.0,0.00019461416435251344,5.648548648658214e-06,2.5778050385810714e-06
15000,11,4,CTATCGCA,0.000651966830392486,0.0006511991444899667,0.0009274570038542151,0.0,0.0,0.0,0.0002762578593642484,5.648548648658214e-06,2.5778050385810714e-06
15000,11,4,CTATCGCA,0.000651966830392486,0.0006511991444899667,0.0006083842599764466,0.0,0.0,0.0,-4.281488451352011e-05,5.648548648658214e-06,2.5778050385810714e-06
15000,11,4,CTATCGCA,0.000651966830392486,0.0006511991444899667,0.0007068994455039501,0.0,0.0,0.0,5.570030101398338e-05,5.648548648658214e-06,2.5778050385810714e-06
15000,12,3,CTATCGCA,0.01769780609128287,0.0176843606835367,0.01442466676235199,0.040207819504639156,0.04121669417099834,0.001008874666359183,-0.0032596939211847094,0.00012637029604817274,8.60340728096598e-05
15000,12,3,CTATCGCG,-0.14313347192727374,-0.14718241600045667,-0.18056142330169678,-0.12062345851391745,-0.12365008251299503,-0.0030266239990775767,-0.033379007301240105,0.01635011599536007,0.004203283775811251
15000,12,3,CTATCGCA,0.01769780609128287,0.0176843606835367,0.023911774158477783,0.040207819504639156,0.04121669417099834,0.001008874666359183,0.006227413474941084,0.00012637029604817274,8.60340728096598e-05
15000,12,3,CTATCGCA,0.01769780609128287,0.0176843606835367,0.027997348457574844,0.040207819504639156,0.04121669417099834,0.001008874666359183,0.010312987774038145,0.00012637029604817274,8.60340728096598e-05
15000,13,4,CTATCGCA,0.021918881700732633,0.02195092733461479,0.02129773050546646,0.0,0.0,0.0,-0.0006531968291483281,4.515953134706652e-05,0.00017334206687569242
15000,13,4,CTATCGCA,0.021918881700732633,0.02195092733461479,0.02594742178916931,0.0,0.0,0.0,0.003996494454554522,4.515953134706652e-05,0.00017334206687569242
15000,13,4,CTATCGCA,0.021918881700732633,0.02195092733461479,0.03367120027542114,0.0,0.0,0.0,0.011720272940806353,4.515953134706652e-05,0.00017334206687569242
15000,13,4,CTATCGCA,0.021918881700732633,0.02195092733461479,0.014485837891697884,0.0,0.0,0.0,-0.007465089442916906,4.515953134706652e-05,0.00017334206687569242
15000,14,6,CTATCGCG,0.0020979414067551585,0.0014952454481894268,0.015015661716461182,-0.04919274902614546,-0.04861591673377911,0.0005768322923663527,0.013520416268271754,0.0067078721964281,0.0030916964450337092
15000,14,6,CTATCGCG,0.0020979414067551585,0.0014952454481894268,-0.008777275681495667,-0.04919274902614546,-0.04861591673377911,0.0005768322923663527,-0.010272521129685094,0.0067078721964281,0.0030916964450337092
15000,14,6,CGATCGCG,0.10048343945904607,0.09872707891574765,0.12171304225921631,0.049192749026145455,0.048615916733779116,-0.0005768322923663388,0.022985963343468654,0.015400211131688213,0.004862047871897701
15000,14,6,CGATCGCG,0.10048343945904607,0.09872707891574765,0.06480634212493896,0.049192749026145455,0.048615916733779116,-0.0005768322923663388,-0.03392073679080869,0.015400211131688213,0.004862047871897701
15000,15,4,TTTGGGCG,-0.38525955266554834,-0.5581972431097112,-0.5441241264343262,-0.2493243538973207,-0.28830575445381634,-0.038981400556495654,0.014073116675385022,0.6917563817050372,5.6199283857139015e-06
15000,15,4,TTTGGGCG,-0.38525955266554834,-0.5581972431097112,-0.4145126938819885,-0.2493243538973207,-0.28830575445381634,-0.038981400556495654,0.14368454922772267,0.6917563817050372,5.6199283857139015e-06
15000,15,4,TTTGGGCG,-0.38525955266554834,-0.5581972431097112,-0.934965193271637,-0.2493243538973207,-0.28830575445381634,-0.038981400556495654,-0.37676795016192577,0.6917563817050372,5.6199283857139015e-06
15000,15,4,TTTGCGCG,0.6120378629237343,0.595025774705554,0.4345851242542267,0.747973061691962,0.8649172633614488,0.11694420166948682,-0.16044065045132727,0.0689351574333972,0.0008868045606758024
15000,16,3,CGATCGCG,0.012060965542033592,0.012088567268114655,0.01319466158747673,0.0,0.0,0.0,0.0011060943193620752,2.344753425892465e-06,8.51499316690818e-05
15000,16,3,CGATCGCG,0.012060965542033592,0.012088567268114655,0.01490368414670229,0.0,0.0,0.0,0.0028151168785876344,2.344753425892465e-06,8.51499316690818e-05
15000,16,3,CGATCGCG,0.012060965542033592,0.012088567268114655,0.011202912777662277,0.0,0.0,0.0,-0.000885654490452378,2.344753425892465e-06,8.51499316690818e-05
15000,16,3,CGATCGCG,0.012060965542033592,0.012088567268114655,0.009178158827126026,0.0,0.0,0.0,-0.002910408440988629,2.344753425892465e-06,8.51499316690818e-05
15000,17,1,CTATCGCA,0.000801131798652932,0.000801131798652932,0.0008011318277567625,0.0,0.0,0.0,2.9103830456733704e-11,0.0,0.0
15000,17,1,CTATCGCA,0.000801131798652932,0.000801131798652932,0.0008011318277567625,0.0,0.0,0.0,2.9103830456733704e-11,0.0,0.0
15000,17,1,CTATCGCA,0.000801131798652932,0.000801131798652932,0.0008011318277567625,0.0,0.0,0.0,2.9103830456733704e-11,0.0,0.0
15000,17,1,CTATCGCA,0.000801131798652932,0.000801131798652932,0.0008011318277567625,0.0,0.0,0.0,2.9103830456733704e-11,0.0,0.0
15000,18,4,TGTGGGCG,0.20460730513784284,0.20414259729791995,0.17801856994628906,0.0,0.0,0.0,-0.026124027351630885,0.004271136517154717,0.002412305157463157
15000,18,4,TGTGGGCG,0.20460730513784284,0.20414259729791995,0.062135905027389526,0.0,0.0,0.0,-0.14200669227053042,0.004271136517154717,0.002412305157463157
15000,18,4,TGTGGGCG,0.20460730513784284,0.20414259729791995,0.15310649573802948,0.0,0.0,0.0,-0.05103610155989047,0.004271136517154717,0.002412305157463157
15000,18,4,TGTGGGCG,0.20460730513784284,0.20414259729791995,0.29131579399108887,0.0,0.0,0.0,0.08717319669316892,0.004271136517154717,0.002412305157463157
15000,19,6,CGGTCGCG,-0.4202637266007227,-0.8657618140078155,-0.9385248422622681,-0.8038807620091013,-0.9142417051715624,-0.11036094316246114,-0.07276302825445258,2.6731100040211597,0.00012147957860253467
15000,19,6,CGATATAT,0.6628477723358612,0.37950029433010357,0.743369460105896,0.27923073692748257,0.3310204031663566,0.051789666238874044,0.3638691657757924,1.9329422206664209,0.2328573526318749
15000,19,6,CGATCGCG,0.4632083912287581,0.3095385297270923,0.04304414987564087,0.07959135582037946,0.2610586385633453,0.18146728274296586,-0.2664943798514514,0.9351307673403726,0.01311159833037756
15000,19,6,CGATATAG,0.8286757046696179,0.3706425546056075,0.18345198035240173,0.44505866926123927,0.32216266344186056,-0.1228960058193787,-0.1871905742532058,3.4801671220070314,0.731968221622969
15000,20,3,ATGTCGCC,0.06122066641401103,0.06119083999472733,0.0739140436053276,0.0,0.0,0.0,0.012723203610600274,0.00010188395941010397,1.2404701559026732e-05
15000,20,3,ATGTCGCC,0.06122066641401103,0.06119083999472733,0.0835079550743103,0.0,0.0,0.0,0.02231711507958297,0.00010188395941010397,1.2404701559026732e-05
15000,20,3,ATGTCGCC,0.06122066641401103,0.06119083999472733,0.05584915727376938,0.0,0.0,0.0,-0.0053416827209579534,0.00010188395941010397,1.2404701559026732e-05
15000,20,3,ATGTCGCC,0.06122066641401103,0.06119083999472733,0.05985794588923454,0.0,0.0,0.0,-0.0013328941054927892,0.00010188395941010397,1.2404701559026732e-05
15000,21,4,CTATCGCA,0.029850489602857216,0.029882372170258464,0.02478381246328354,0.02882445165350305,0.028827833456567337,3.381803064285427e-06,-0.0050985597069749256,2.8323414418052195e-05,0.000155853684023044
15000,21,4,CTATCGCA,0.029850489602857216,0.029882372170258464,0.03746318072080612,0.02882445165350305,0.028827833456567337,3.381803064285427e-06,0.0075808085505476575,2.8323414418052195e-05,0.000155853684023044
15000,21,4,CTATCGCG,-0.08544731701115499,-0.08542896165601088,-0.0989152193069458,-0.08647335496050915,-0.08648350036970201,-1.014540919286322e-05,-0.013486257650934919,0.0024644302144918306,0.0025378516350682556
15000,21,4,CTATCGCA,0.029850489602857216,0.029882372170258464,0.025084108114242554,0.02882445165350305,0.028827833456567337,3.381803064285427e-06,-0.004798264056015911,2.8323414418052195e-05,0.000155853684023044
15000,22,4,CTATCGCA,0.00212870333765792,0.002128994714799659,0.00246537197381258,0.0,0.0,0.0,0.00033637725901292104,4.3366478984230294e-08,1.208875045941027e-06
15000,22,4,CTATCGCA,0.00212870333765792,0.002128994714799659,0.0004763593024108559,0.0,0.0,0.0,-0.0016526354123888032,4.3366478984230294e-08,1.208875045941027e-06
15000,22,4,CTATCGCA,0.00212870333765792,0.002128994714799659,0.0017000564839690924,0.0,0.0,0.0,-0.0004289382308305667,4.3366478984230294e-08,1.208875045941027e-06
15000,22,4,CTATCGCA,0.00212870333765792,0.002128994714799659,0.0018225230742245913,0.0,0.0,0.0,-0.0003064716405750678,4.3366478984230294e-08,1.208875045941027e-06
15000,23,4,CGATCGCG,0.5554284183507334,0.4232557293846966,0.867006778717041,0.4298170606664164,0.5385740954460501,0.10875703477963367,0.44375104933234444,0.5510217559356241,0.02233100007147648
15000,23,4,CTATCGCA,0.18433445817114197,0.17580423568197534,0.278383731842041,0.05872310048682494,0.29112260174332877,0.23239950125650383,0.10257949616006568,0.036746855879353835,0.002625965922687268
15000,23,4,CGGTCGCG,-0.4216519039557492,-1.236137664994061,-1.8597043752670288,-0.5472632616400662,-1.1208192989327075,-0.5735560372926413,-0.6235667102729678,3.259050265957727,0.0011072218044800852
15000,23,4,CTATCGCA,0.18433445817114197,0.17580423568197534,0.25664567947387695,0.05872310048682494,0.29112260174332877,0.23239950125650383,0.08084144379190161,0.036746855879353835,0.002625965922687268
15000,24,7,CTATCGCA,0.17745607805059344,0.1348468806713188,0.006605563219636679,-0.015234901526408051,0.04161807040959781,0.05685297193600586,-0.12824131745168213,0.3013050094351915,0.003040627780269034
15000,24,7,CTATCGCG,0.1203407692446307,0.06813284625765752,0.2435094714164734,-0.07235021033237078,-0.025095964004063484,0.0472542463283073,0.17537662515881586,0.37471819383395255,0.009262732925140238
15000,24,7,TTTGCGCG,0.2955109929621883,0.035088633446588906,0.27103447914123535,0.10282001338518681,-0.058140176815132096,-0.1609601902003189,0.23594584569464644,1.8389722953541963,0.016015778745000375
15000,24,7,CTATCGCA,0.17745607805059344,0.1348468806713188,0.03343556821346283,-0.015234901526408051,0.04161807040959781,0.05685297193600586,-0.10141131245785598,0.3013050094351915,0.003040627780269034
15000,25,4,CTATCGCA,0.024940605271183088,0.025069207947259087,0.019339580088853836,0.0,0.0,0.0,-0.005729627858405251,0.00011694115765190083,0.0006313518619558978
15000,25,4,CTATCGCA,0.024940605271183088,0.025069207947259087,0.01856572926044464,0.0,0.0,0.0,-0.006503478686814446,0.00011694115765190083,0.0006313518619558978
15000,25,4,CTATCGCA,0.024940605271183088,0.025069207947259087,0.023433778434991837,0.0,0.0,0.0,-0.0016354295122672502,0.00011694115765190083,0.0006313518619558978
15000,25,4,CTATCGCA,0.024940605271183088,0.025069207947259087,0.03376041352748871,0.0,0.0,0.0,0.008691205580229622,0.00011694115765190083,0.0006313518619558978
15000,26,2,CTATCGCA,0.041369012972502006,0.0415470713560353,0.0527065247297287,0.0,0.0,0.0,0.011159453373693395,3.164888605222682e-05,0.00038776565311882116
15000,26,2,CTATCGCA,0.041369012972502006,0.0415470713560353,0.0527065247297287,0.0,0.0,0.0,0.011159453373693395,3.164888605222682e-05,0.00038776565311882116
15000,26,2,CTATCGCA,0.041369012972502006,0.0415470713560353,0.011960575357079506,0.0,0.0,0.0,-0.029586495998955797,3.164888605222682e-05,0.00038776565311882116
15000,26,2,CTATCGCA,0.041369012972502006,0.0415470713560353,0.045180901885032654,0.0,0.0,0.0,0.0036338305289973505,3.164888605222682e-05,0.00038776565311882116
15000,27,4,CTATCGCA,0.0003379918291103838,0.00033664285024315177,0.0005171283846721053,0.0,0.0,0.0,0.00018048553442895354,8.527495468903246e-06,3.131579999975098e-06
15000,27,4,CTATCGCA,0.0003379918291103838,0.00033664285024315177,0.0003967008669860661,0.0,0.0,0.0,6.005801674291433e-05,8.527495468903246e-06,3.131579999975098e-06
15000,27,4,CTATCGCA,0.0003379918291103838,0.00033664285024315177,0.0003652184968814254,0.0,0.0,0.0,2.857564663827361e-05,8.527495468903246e-06,3.131579999975098e-06
15000,27,4,CTATCGCA,0.0003379918291103838,0.00033664285024315177,0.0003689947770908475,0.0,0.0,0.0,3.235192684769572e-05,8.527495468903246e-06,3.131579999975098e-06
15000,28,2,CTTTGGCA,0.40763574124373886,0.4077023111321978,0.5076318979263306,0.0,0.0,0.0,0.09992958679413277,1.3437960930562376e-05,0.0001465777378484301
15000,28,2,CTTTGGCA,0.40763574124373886,0.4077023111321978,0.5076318383216858,0.0,0.0,0.0,0.099929527189488,1.3437960930562376e-05,0.0001465777378484301
15000,28,2,CTTTGGCA,0.40763574124373886,0.4077023111321978,0.6139942407608032,0.0,0.0,0.0,0.20629192962860543,1.3437960930562376e-05,0.0001465777378484301
15000,28,2,CTTTGGCA,0.40763574124373886,0.4077023111321978,0.3013399541378021,0.0,0.0,0.0,-0.10636235699439567,1.3437960930562376e-05,0.0001465777378484301
15000,29,5,TTTAGGCC,0.05625724627575621,0.025128809663638306,-0.043215684592723846,-0.22757124691638478,-0.0660118004144851,0.16155944650189968,-0.06834449425636216,0.15837307564700553,0.0027308925864160116
15000,29,5,TTTAGGCC,0.05625724627575621,0.025128809663638306,0.10086451470851898,-0.22757124691638478,-0.0660118004144851,0.16155944650189968,0.07573570504488067,0.15837307564700553,0.0027308925864160116
15000,29,5,TTTACGCC,0.36593506475716486,-0.28038562662881894,-0.13516443967819214,0.08210657156502388,-0.37152623670694235,-0.4536328082719662,0.1452211869506268,3.2599927933460333,0.028389336416114297
15000,29,5,TTTGCGCG,0.6568644154598867,0.5946904476140359,0.6712630987167358,0.37303592226774573,0.5035498375359125,0.1305139152681668,0.07657265110269995,0.3287794289333381,0.017909589704084183
15000,30,3,CTATCGCG,0.002196005878501698,0.0010388557723975584,-0.010739892721176147,0.0,0.0,0.0,-0.011778748493573707,0.004320216105459407,0.0008487657871469878
15000,30,3,CTATCGCG,0.002196005878501698,0.0010388557723975584,-0.007047861814498901,0.0,0.0,0.0,-0.00808671758689646,0.004320216105459407,0.0008487657871469878
15000,30,3,CTATCGCG,0.002196005878501698,0.0010388557723975584,-0.010666541755199432,0.0,0.0,0.0,-0.011705397527596991,0.004320216105459407,0.0008487657871469878
15000,30,3,CTATCGCG,0.002196005878501698,0.0010388557723975584,-0.00508306547999382,0.0,0.0,0.0,-0.006121921252391378,0.004320216105459407,0.0008487657871469878
15000,31,5,CTATCGCA,0.1428120763443751,0.13816346308495397,0.02789960615336895,0.0,0.0,0.0,-0.11026385693158502,0.025838049369130922,0.0025949830720253253
15000,31,5,CTATCGCA,0.1428120763443751,0.13816346308495397,0.10309984534978867,0.0,0.0,0.0,-0.03506361773516531,0.025838049369130922,0.0025949830720253253
15000,31,5,CTATCGCA,0.1428120763443751,0.13816346308495397,0.33295387029647827,0.0,0.0,0.0,0.1947904072115243,0.025838049369130922,0.0025949830720253253
15000,31,5,CTATCGCA,0.1428120763443751,0.13816346308495397,0.13743261992931366,0.0,0.0,0.0,-0.000730843155640315,0.025838049369130922,0.0025949830720253253
20000,0,2,TTTAGGCC,3.942414777224901e-05,3.942421861324874e-05,3.9483828004449606e-05,0.0,0.0,0.0,5.96093912008655e-08,2.743155702589206e-10,4.1599756972487967e-10
20000,0,2,TTTAGGCC,3.942414777224901e-05,3.942421861324874e-05,5.47556956007611e-05,0.0,0.0,0.0,1.533147698751236e-05,2.743155702589206e-10,4.1599756972487967e-10
20000,0,2,TTTAGGCC,3.942414777224901e-05,3.942421861324874e-05,5.47556956007611e-05,0.0,0.0,0.0,1.533147698751236e-05,2.743155702589206e-10,4.1599756972487967e-10
20000,0,2,TTTAGGCC,3.942414777224901e-05,3.942421861324874e-05,3.9483828004449606e-05,0.0,0.0,0.0,5.96093912008655e-08,2.743155702589206e-10,4.1599756972487967e-10
20000,1,2,CTATCGCA,0.0031793915866709654,0.0031802792891539866,0.0016873402055352926,0.0,0.0,0.0,-0.001492939083618694,2.7851035255821444e-07,2.053915318600552e-06
20000,1,2,CTATCGCA,0.0031793915866709654,0.0031802792891539866,0.004007086623460054,0.0,0.0,0.0,0.0008268073343060678,2.7851035255821444e-07,2.053915318600552e-06
20000,1,2,CTATCGCA,0.0031793915866709654,0.0031802792891539866,0.0038462330121546984,0.0,0.0,0.0,0.0006659537230007118,2.7851035255821444e-07,2.053915318600552e-06
20000,1,2,CTATCGCA,0.0031793915866709654,0.0031802792891539866,0.003180219791829586,0.0,0.0,0.0,-5.949732440058142e-08,2.7851035255821444e-07,2.053915318600552e-06
20000,2,3,CGGTCGCG,-0.3999458949605144,-0.9940228509310979,-0.7937513589859009,-1.117430920731832,-1.478162047023917,-0.3607311262920849,0.200271491945197,1.782240592125615,9.724213864553688e-06
20000,2,3,CGATCGCG,1.089961999348595,0.9768598784341248,0.30789586901664734,0.37247697357727727,0.49272068234130567,0.1202437087640284,-0.6689640094174775,0.3404204383013718,0.0011140755579610584
20000,2,3,CGATCGCG,1.089961999348595,0.9768598784341248,0.7606154084205627,0.37247697357727727,0.49272068234130567,0.1202437087640284,-0.21624447001356206,0.3404204383013718,0.0011140755579610584
20000,2,3,CGATCGCG,1.089961999348595,0.9768598784341248,0.30621761083602905,0.37247697357727727,0.49272068234130567,0.1202437087640284,-0.6706422675980958,0.3404204383013718,0.0011140755579610584
20000,3,4,CTATCGCA,0.018056861686747472,0.018072057606786984,0.0084019023925066,0.0,0.0,0.0,-0.009670155214280385,6.897468981451049e-05,0.00012975836997256018
20000,3,4,CTATCGCA,0.018056861686747472,0.018072057606786984,0.007642525248229504,0.0,0.0,0.0,-0.01042953235855748,6.897468981451049e-05,0.00012975836997256018
20000,3,4,CTATCGCA,0.018056861686747472,0.018072057606786984,0.011944472789764404,0.0,0.0,0.0,-0.00612758481702258,6.897468981451049e-05,0.00012975836997256018
20000,3,4,CTATCGCA,0.018056861686747472,0.018072057606786984,0.013788152486085892,0.0,0.0,0.0,-0.0042839051207010925,6.897468981451049e-05,0.00012975836997256018
20000,4,5,CGATCGCG,0.4470541661623331,0.347182432416327,-0.04390668869018555,0.07606904886017973,0.05231238600928306,-0.02375666285089667,-0.39108912110651256,0.51568557198556,0.016326903255529324
20000,4,5,CGATCGCG,0.4470541661623331,0.347182432416327,0.22502970695495605,0.07606904886017973,0.05231238600928306,-0.02375666285089667,-0.12215272546137096,0.51568557198556,0.016326903255529324
20000,4,5,CTATCGCA,0.14277797072161416,0.13793288837919473,0.11269369721412659,-0.22820714658053923,-0.15693715802784922,0.07126998855269001,-0.025239191165068148,0.02682039478412246,0.0025949830720253253
20000,4,5,CGATCGCG,0.4470541661623331,0.347182432416327,0.5719014406204224,0.07606904886017973,0.05231238600928306,-0.02375666285089667,0.22471900820409535,0.51568557198556,0.016326903255529324
20000,5,4,TTTAGGCC,0.12527774847737377,0.12477735844605786,0.1892009675502777,0.0,0.0,0.0,0.06442360910421985,0.002403637896158828,0.0004020777708951817
20000,5,4,TTTAGGCC,0.12527774847737377,0.12477735844605786,0.08301116526126862,0.0,0.0,0.0,-0.041766193184789246,0.002403637896158828,0.0004020777708951817
20000,5,4,TTTAGGCC,0.12527774847737377,0.12477735844605786,0.1368868052959442,0.0,0.0,0.0,0.012109446849886352,0.002403637896158828,0.0004020777708951817
20000,5,4,TTTAGGCC,0.12527774847737377,0.12477735844605786,0.11199381947517395,0.0,0.0,0.0,-0.012783538970883912,0.002403637896158828,0.0004020777708951817
20000,6,5,CTATCGCA,0.0056971074999782306,0.005700150735307652,0.003963283263146877,0.0,0.0,0.0,-0.0017368674721607745,1.955064027310896e-05,3.476681692021755e-05
20000,6,5,CTATCGCA,0.0056971074999782306,0.005700150735307652,0.00619974872097373,0.0,0.0,0.0,0.0004995979856660783,1.955064027310896e-05,3.476681692021755e-05
20000,6,5,CTATCGCA,0.0056971074999782306,0.005700150735307652,0.006447475403547287,0.0,0.0,0.0,0.0007473246682396352,1.955064027310896e-05,3.476681692021755e-05
20000,6,5,CTATCGCA,0.0056971074999782306,0.005700150735307652,0.007328049745410681,0.0,0.0,0.0,0.001627899010103029,1.955064027310896e-05,3.476681692021755e-05
20000,7,4,CTATCGCA,0.029642973067194885,0.029723611122240756,0.030823983252048492,0.02695532234235204,0.027378494507134477,0.00042317216478243713,0.0011003721298077362,0.00019824295051826257,0.0005207951707017489
20000,7,4,CTATCGCA,0.029642973067194885,0.029723611122240756,0.04199373349547386,0.02695532234235204,0.027378494507134477,0.00042317216478243713,0.012270122373233106,0.00019824295051826257,0.0005207951707017489
20000,7,4,CTATCGCA,0.029642973067194885,0.029723611122240756,0.024162914603948593,0.02695532234235204,0.027378494507134477,0.00042317216478243713,-0.005560696518292163,0.00019824295051826257,0.0005207951707017489
20000,7,4,CTATCGCG,-0.07817831630221328,-0.07979036690629715,-0.11960494518280029,-0.08086596702705612,-0.08213548352140343,-0.0012695164943473114,-0.03981457827650314,0.01392152771179278,0.0074733252954573
20000,8,4,CTATCGCA,0.022087414618379743,0.02210211089110692,0.021947059780359268,0.0,0.0,0.0,-0.00015505111074765043,5.1887456911342555e-05,0.00011067254782004543
20000,8,4,CTATCGCA,0.022087414618379743,0.02210211089110692,0.007750031538307667,0.0,0.0,0.0,-0.014352079352799252,5.1887456911342555e-05,0.00011067254782004543
20000,8,4,CTATCGCA,0.022087414618379743,0.02210211089110692,0.028219856321811676,0.0,0.0,0.0,0.006117745430704757,5.1887456911342555e-05,0.00011067254782004543
20000,8,4,CTATCGCA,0.022087414618379743,0.02210211089110692,0.03376155346632004,0.0,0.0,0.0,0.01165944257521312,5.1887456911342555e-05,0.00011067254782004543
20000,9,8,ATATCGCC,0.44097056494971143,0.36196741861159953,0.5554429292678833,0.31886375590479105,0.3898510283033993,0.07098727239860825,0.19347551065628377,0.8738567850191652,0.24183161431427003
20000,9,8,CTATCGCC,0.1731962415276338,-0.003068148195214615,-0.10366398096084595,0.0510894324827134,0.024815461496585145,-0.026273970986128256,-0.10059583276563133,1.5446062379568009,0.13449112017401355
20000,9,8,CGGTCGCG,-0.3009180780035453,-0.6205317449949006,-0.2087697684764862,-0.4230248870484657,-0.5926481353031008,-0.1696232482546351,0.4117619765184144,2.561605879132175,0.004696543201332615
20000,9,8,CTATCGCA,0.17517850770588167,0.15009803581131664,0.12291222810745239,0.05307169866096127,0.1779816455031164,0.12490994684215513,-0.02718580770386425,0.20586753439806582,0.005223759241545611
20000,10,4,TTTAGGCC,0.005366911152737058,0.0053681276914392395,0.005948348436504602,0.0,0.0,0.0,0.0005802207450653629,6.846065462341733e-06,1.1712220271069274e-05
20000,10,4,TTTAGGCC,0.005366911152737058,0.0053681276914392395,0.007565842941403389,0.0,0.0,0.0,0.0021977152499641495,6.846065462341733e-06,1.1712220271069274e-05
20000,10,4,TTTAGGCC,0.005366911152737058,0.0053681276914392395,0.006044745445251465,0.0,0.0,0.0,0.0006766177538122253,6.846065462341733e-06,1.1712220271069274e-05
20000,10,4,TTTAGGCC,0.005366911152737058,0.0053681276914392395,0.00661498261615634,0.0,0.0,0.0,0.0012468549247171001,6.846065462341733e-06,1.1712220271069274e-05
20000,11,1,CTATCGCA,0.006005243900290225,0.006005243900290225,0.0060051255859434605,0.0,0.0,0.0,-1.1831434676423669e-07,0.0,0.0
20000,11,1,CTATCGCA,0.006005243900290225,0.006005243900290225,0.0060051255859434605,0.0,0.0,0.0,-1.1831434676423669e-07,0.0,0.0
20000,11,1,CTATCGCA,0.006005243900290225,0.006005243900290225,0.0060051255859434605,0.0,0.0,0.0,-1.1831434676423669e-07,0.0,0.0
20000,11,1,CTATCGCA,0.006005243900290225,0.006005243900290225,0.0060051255859434605,0.0,0.0,0.0,-1.1831434676423669e-07,0.0,0.0
20000,12,3,CGATCTAT,0.30455663583520387,0.300892404668654,0.1826508343219757,0.38933386219451893,0.4211865172255784,0.031852655031059496,-0.11824157034667832,0.013672807176404955,0.002680113676755358
20000,12,3,CAATCTAG,-0.5919192086591215,-0.7312075276341705,-0.86089026927948,-0.5071419822998064,-0.6109134150772461,-0.10377143277743961,-0.12968274164530946,0.4428470452111135,0.024982088285966597
20000,12,3,CAATCTAT,-0.025873166306671247,-0.02543066363109059,-0.052982136607170105,0.058904060052643786,0.09486344892583383,0.03595938887319004,-0.027551472976079516,0.002298796813005599,0.003626304839747574
20000,12,3,CAATCTAT,-0.025873166306671247,-0.02543066363109059,-0.015291288495063782,0.058904060052643786,0.09486344892583383,0.03595938887319004,0.010139375136026807,0.002298796813005599,0.003626304839747574
20000,13,4,CGGTCGCG,-0.3348732106122224,-0.9915402553347691,-0.7171005010604858,-0.36410613381724644,-0.665201598750605,-0.3010954649333586,0.27443975427428324,2.6275160121732535,0.0008478332830667012
20000,13,4,CTATCGCG,0.39333905702227046,0.33886294216644086,0.387547105550766,0.36410613381724644,0.665201598750605,0.3010954649333586,0.04868416338432513,0.22590994361378325,0.008005484190464873
20000,13,4,CTATCGCG,0.39333905702227046,0.33886294216644086,0.321913480758667,0.36410613381724644,0.665201598750605,0.3010954649333586,-0.01694946140777387,0.22590994361378325,0.008005484190464873
20000,13,4,CGGTCGCG,-0.3348732106122224,-0.9915402553347691,-0.9980864524841309,-0.36410613381724644,-0.665201598750605,-0.3010954649333586,-0.0065461971493617765,2.6275160121732535,0.0008478332830667012
20000,14,2,CGATCTAT,0.005290608759472848,0.005291159451445537,0.005291100591421127,0.0,0.0,0.0,-5.886002441002347e-08,6.649492800825385e-08,1.167878873387096e-06
20000,14,2,CGATCTAT,0.005290608759472848,0.005291159451445537,0.005291100591421127,0.0,0.0,0.0,-5.886002441002347e-08,6.649492800825385e-08,1.167878873387096e-06
20000,14,2,CGATCTAT,0.005290608759472848,0.005291159451445537,0.005291100591421127,0.0,0.0,0.0,-5.886002441002347e-08,6.649492800825385e-08,1.167878873387096e-06
20000,14,2,CGATCTAT,0.005290608759472848,0.005291159451445537,0.006478090304881334,0.0,0.0,0.0,0.001186930853435797,6.649492800825385e-08,1.167878873387096e-06
20000,15,5,CTATCGCA,0.02342655990505086,0.023456955007486614,0.014497948810458183,0.0,0.0,0.0,-0.00895900619702843,3.00249772158534e-05,0.00018200048939462365
20000,15,5,CTATCGCA,0.02342655990505086,0.023456955007486614,0.008764342404901981,0.0,0.0,0.0,-0.014692612602584632,3.00249772158534e-05,0.00018200048939462365
20000,15,5,CTATCGCA,0.02342655990505086,0.023456955007486614,0.009842107072472572,0.0,0.0,0.0,-0.013614847935014041,3.00249772158534e-05,0.00018200048939462365
20000,15,5,CTATCGCA,0.02342655990505086,0.023456955007486614,0.008766243234276772,0.0,0.0,0.0,-0.014690711773209842,3.00249772158534e-05,0.00018200048939462365
20000,16,2,CTATCGCA,0.0005265238892621649,0.0005265330837573856,0.0005668043158948421,0.0,0.0,0.0,4.0271232137456536e-05,9.805134482121503e-11,1.848704178630811e-08
20000,16,2,CTATCGCA,0.0005265238892621649,0.0005265330837573856,0.0003353371284902096,0.0,0.0,0.0,-0.00019119595526717603,9.805134482121503e-11,1.848704178630811e-08
20000,16,2,CTATCGCA,0.0005265238892621649,0.0005265330837573856,0.0005265033105388284,0.0,0.0,0.0,-2.977321855723858e-08,9.805134482121503e-11,1.848704178630811e-08
20000,16,2,CTATCGCA,0.0005265238892621649,0.0005265330837573856,0.0004862023633904755,0.0,0.0,0.0,-4.03307203669101e-05,9.805134482121503e-11,1.848704178630811e-08
20000,17,3,CGGTCGCG,-0.40108161637870654,-1.0069764153536955,-1.1454975605010986,-0.7484901398225453,-0.9952572993742607,-0.24676715955171535,-0.1385211451474031,1.8176935657029594,9.168777992452082e-06
20000,17,3,CGGTCGCG,-0.40108161637870654,-1.0069764153536955,-1.310703158378601,-0.7484901398225453,-0.9952572993742607,-0.24676715955171535,-0.30372674302490554,1.8176935657029594,9.168777992452082e-06
20000,17,3,CGATCGCG,1.095898663266384,0.9835381833948259,0.7471208572387695,0.7484901398225453,0.9952572993742608,0.24676715955171546,-0.23641732615605637,0.3395872560403464,0.0025058164256721582
20000,17,3,CGATCGCG,1.095898663266384,0.9835381833948259,0.763790488243103,0.7484901398225453,0.9952572993742608,0.24676715955171546,-0.21974769515172288,0.3395872560403464,0.0025058164256721582
20000,18,4,ATATCGCC,0.08078923910548148,0.08045990043169604,0.12060707807540894,0.09472472368086685,0.09744667413793456,0.0027219504570677178,0.040147177643712895,0.00561451875504998,0.0042971640599082095
20000,18,4,ATATCGCA,-0.10866020825625222,-0.11443344784417309,-0.20533674955368042,-0.09472472368086685,-0.09744667413793456,-0.0027219504570677178,-0.09090330170950733,0.028385348845822556,0.005292390494139099
20000,18,4,ATATCGCC,0.08078923910548148,0.08045990043169604,0.062040992081165314,0.09472472368086685,0.09744667413793456,0.0027219504570677178,-0.018418908350530727,0.00561451875504998,0.0042971640599082095
20000,18,4,ATATCGCA,-0.10866020825625222,-0.11443344784417309,-0.08502012491226196,-0.09472472368086685,-0.09744667413793456,-0.0027219504570677178,0.029413322931911123,0.028385348845822556,0.005292390494139099
20000,19,2,CGATCGCG,0.0034930888878152433,0.003493094009172637,0.0034930643159896135,0.0,0.0,0.0,-2.969318302348256e-08,2.78950090804031e-08,3.8137723867848194e-08
20000,19,2,CGATCGCG,0.0034930888878152433,0.003493094009172637,0.0034056527074426413,0.0,0.0,0.0,-8.744130172999576e-05,2.78950090804031e-08,3.8137723867848194e-08
20000,19,2,CGATCGCG,0.0034930888878152433,0.003493094009172637,0.0037759041879326105,0.0,0.0,0.0,0.0002828101787599735,2.78950090804031e-08,3.8137723867848194e-08
20000,19,2,CGATCGCG,0.0034930888878152433,0.003493094009172637,0.0036884923465549946,0.0,0.0,0.0,0.00019539833738235757,2.78950090804031e-08,3.8137723867848194e-08
20000,20,3,TTTGGGCC,-0.09537236825777533,-0.098079739138484,-0.07614952325820923,-0.21874207554825253,-0.22012104132833588,-0.001378965780083341,0.021930215880274773,0.008747806870000652,0.000625694227874618
20000,20,3,TTTAGGCC,0.19628373247322808,0.1954149826326305,0.30132079124450684,0.07291402518275086,0.07337368044277862,0.0004596552600277526,0.10590580861187635,0.0038254523875390634,0.0012192028657462828
20000,20,3,TTTAGGCC,0.19628373247322808,0.1954149826326305,0.2186780422925949,0.07291402518275086,0.07337368044277862,0.0004596552600277526,0.02326305965996442,0.0038254523875390634,0.0012192028657462828
20000,20,3,TTTAGGCC,0.19628373247322808,0.1954149826326305,0.2174975425004959,0.07291402518275086,0.07337368044277862,0.0004596552600277526,0.02208255986786542,0.0038254523875390634,0.0012192028657462828
20000,21,2,TTTGCGCC,-0.0788324833658331,-0.07782762683928013,-0.028099432587623596,-0.0987627830508467,-0.09537017089314759,0.003392612157699107,0.04972819425165653,0.00017986888646137622,0.002189581939567309
20000,21,2,TCTGCGCC,0.3162186488375537,0.3036530567333102,0.18611735105514526,0.2962883491525401,0.28611051267944276,-0.010177836473097335,-0.11753570567816496,0.02582361811316569,0.0006924339046787686
20000,21,2,TTTGCGCC,-0.0788324833658331,-0.07782762683928013,-0.07782760262489319,-0.0987627830508467,-0.09537017089314759,0.003392612157699107,2.421438694000244e-08,0.00017986888646137622,0.002189581939567309
20000,21,2,TTTGCGCC,-0.0788324833658331,-0.07782762683928013,-0.12710148096084595,-0.0987627830508467,-0.09537017089314759,0.003392612157699107,-0.04927385412156582,0.00017986888646137622,0.002189581939567309
20000,22,3,TTTAGGCC,0.0006729106600143198,0.0006729151296490284,0.0006417303229682148,0.0,0.0,0.0,-3.118480668081369e-05,1.383879286165346e-08,2.7247696987586778e-08
20000,22,3,TTTAGGCC,0.0006729106600143198,0.0006729151296490284,0.0008534013759344816,0.0,0.0,0.0,0.00018048624628545318,1.383879286165346e-08,2.7247696987586778e-08
20000,22,3,TTTAGGCC,0.0006729106600143198,0.0006729151296490284,0.0008129560737870634,0.0,0.0,0.0,0.00014004094413803492,1.383879286165346e-08,2.7247696987586778e-08
20000,22,3,TTTAGGCC,0.0006729106600143198,0.0006729151296490284,0.0006737291114404798,0.0,0.0,0.0,8.139817914513134e-07,1.383879286165346e-08,2.7247696987586778e-08
20000,23,6,CGGTCGTG,-0.3559491856900621,-0.6189694227862708,-0.28145986795425415,-0.7647866689018739,-0.7410258859360517,0.02376078296582218,0.3375095548320166,1.6162314263438011,0.03811000376654938
20000,23,6,CGATATAT,0.6758047587660783,0.3864910252044753,0.11498197913169861,0.2669672755542666,0.2644345620546944,-0.002532713499572181,-0.2715090460727767,1.9870499216746536,0.2511675203050361
20000,23,6,CGATCGCG,0.4678900661852264,0.33882212215484664,0.23057827353477478,0.0590525829734147,0.21676565900506573,0.15771307603165102,-0.10824384862007186,0.7886497561969108,0.014242092014632224
20000,23,6,CGATATAG,0.8476042935860043,0.38188212802607246,0.5811880826950073,0.43876681037419263,0.25982566487629155,-0.17894114549790108,0.19930595466893486,3.521195759599514,0.7268627662399236
20000,24,4,CTATCGCA,0.005979068566011632,0.005982243934492204,0.0004681830760091543,0.0,0.0,0.0,-0.00551406085848305,2.8803235115927583e-05,4.150470903821479e-05
20000,24,4,CTATCGCA,0.005979068566011632,0.005982243934492204,0.0031427217181771994,0.0,0.0,0.0,-0.0028395222163150047,2.8803235115927583e-05,4.150470903821479e-05
20000,24,4,CTATCGCA,0.005979068566011632,0.005982243934492204,0.011047638021409512,0.0,0.0,0.0,0.0050653940869173075,2.8803235115927583e-05,4.150470903821479e-05
20000,24,4,CTATCGCA,0.005979068566011632,0.005982243934492204,0.006485544610768557,0.0,0.0,0.0,0.0005033006762763526,2.8803235115927583e-05,4.150470903821479e-05
20000,25,5,CAATATAT,0.2122541382261509,0.20954467164011809,0.5544119477272034,-0.06510092781160137,-0.06781698237662565,-0.002716054565024273,0.3448672760870853,0.05112836186807601,0.03758102893791193
20000,25,5,CGATATAT,0.34245599384935366,0.34517863639336943,0.3995257318019867,0.06510092781160137,0.0678169823766257,0.0027160545650243284,0.05434709540861726,0.017553989833130834,0.031167202553209705
20000,25,5,CGATATAT,0.34245599384935366,0.34517863639336943,0.37081778049468994,0.06510092781160137,0.0678169823766257,0.0027160545650243284,0.02563914410132051,0.017553989833130834,0.031167202553209705
20000,25,5,CAATATAT,0.2122541382261509,0.20954467164011809,0.11441513895988464,-0.06510092781160137,-0.06781698237662565,-0.002716054565024273,-0.09512953268023344,0.05112836186807601,0.03758102893791193
20000,26,6,TCTGCGGC,-0.06832458041964162,-0.19052853965440844,-0.1566246747970581,-0.32786046207254044,-0.3622799478838352,-0.03441948581129478,0.033903864857350335,0.7389853066479841,0.005761551239383156
20000,26,6,TTTGCGCG,0.43253690737584743,0.4143449739330232,0.4505637586116791,0.17300102572294862,0.24259356570359644,0.06959253998064782,0.03621878467865586,0.12274871276810029,0.013597112111154885
20000,26,6,TTTGCGCG,0.43253690737584743,0.4143449739330232,0.49851787090301514,0.17300102572294862,0.24259356570359644,0.06959253998064782,0.08417289696999192,0.12274871276810029,0.013597112111154885
20000,26,6,TCTACGGC,0.241394292279542,0.04884422470606905,0.035131990909576416,-0.018141589373356803,-0.12290718352335772,-0.10476559415000092,-0.013712233796492633,1.2658671796967305,0.11056677425589267
20000,27,4,CTATCGCA,0.16993787557309323,0.1629680324862951,0.12498672306537628,0.15069671775414156,0.3492775675669334,0.19858084981279184,-0.03798130942091882,0.02922962869076262,0.001350256343570111
20000,27,4,CTATCGCA,0.16993787557309323,0.1629680324862951,0.1487591713666916,0.15069671775414156,0.3492775675669334,0.19858084981279184,-0.01420886111960351,0.02922962869076262,0.001350256343570111
20000,27,4,CTATCGCA,0.16993787557309323,0.1629680324862951,0.23189707100391388,0.15069671775414156,0.3492775675669334,0.19858084981279184,0.06892903851761878,0.02922962869076262,0.001350256343570111
20000,27,4,CGGTCGCG,-0.432848995443473,-1.2341422377814386,-1.056335687637329,-0.45209015326242463,-1.0478327027008003,-0.5957425494383757,0.1778065501441095,3.2067076004333885,0.0015346310815261832
20000,28,3,CTATCGCA,0.0004279472295521854,0.0004279771935924437,0.00028662034310400486,0.0,0.0,0.0,-0.00014135685048843882,4.136650300079481e-09,9.402877107489438e-08
20000,28,3,CTATCGCA,0.0004279472295521854,0.0004279771935924437,0.0006356239318847656,0.0,0.0,0.0,0.00020764673829232194,4.136650300079481e-09,9.402877107489438e-08
20000,28,3,CTATCGCA,0.0004279472295521854,0.0004279771935924437,0.00021988878143019974,0.0,0.0,0.0,-0.00020808841216224394,4.136650300079481e-09,9.402877107489438e-08
20000,28,3,CTATCGCA,0.0004279472295521854,0.0004279771935924437,0.0003172560245729983,0.0,0.0,0.0,-0.0001107211690194454,4.136650300079481e-09,9.402877107489438e-08
20000,29,4,CTATCGCA,0.018056861686747472,0.018072057606786984,0.022367797791957855,0.0,0.0,0.0,0.004295740185170871,6.897468981451049e-05,0.00012975836997256018
20000,29,4,CTATCGCA,0.018056861686747472,0.018072057606786984,0.02903277799487114,0.0,0.0,0.0,0.010960720388084155,6.897468981451049e-05,0.00012975836997256018
20000,29,4,CTATCGCA,0.018056861686747472,0.018072057606786984,0.021305430680513382,0.0,0.0,0.0,0.0032333730737263977,6.897468981451049e-05,0.00012975836997256018
20000,29,4,CTATCGCA,0.018056861686747472,0.018072057606786984,0.03051671013236046,0.0,0.0,0.0,0.012444652525573474,6.897468981451049e-05,0.00012975836997256018
20000,30,6,TTTGGGCC,-0.3439330229123474,-0.5380716351525473,-1.182524561882019,-0.4174073575458408,-0.522429812255567,-0.10502245470972615,-0.6444529267294717,1.1664671079896332,0.0016354345484341781
20000,30,6,CTATCGCA,0.212610120482107,0.15850144785487533,0.0023568514734506607,0.1391357858486136,0.17414327075185565,0.03500748490324204,-0.15614459638142467,0.32835834025423943,0.0037063044908494103
20000,30,6,CTATCGCA,0.212610120482107,0.15850144785487533,0.17271071672439575,0.1391357858486136,0.17414327075185565,0.03500748490324204,0.014209268869520425,0.32835834025423943,0.0037063044908494103
20000,30,6,CTATCGCA,0.212610120482107,0.15850144785487533,0.0015000109560787678,0.1391357858486136,0.17414327075185565,0.03500748490324204,-0.15700143689879656,0.32835834025423943,0.0037063044908494103
20000,31,2,CTATCGCA,0.008139781118569056,0.008140206016832963,0.010489524342119694,0.0,0.0,0.0,0.002349318325286731,5.161145039123127e-07,1.365911031725453e-06
20000,31,2,CTATCGCA,0.008139781118569056,0.008140206016832963,0.008140086196362972,0.0,0.0,0.0,-1.1982046999037266e-07,5.161145039123127e-07,1.365911031725453e-06
20000,31,2,CTATCGCA,0.008139781118569056,0.008140206016832963,0.009634886868298054,0.0,0.0,0.0,0.0014946808514650911,5.161145039123127e-07,1.365911031725453e-06
20000,31,2,CTATCGCA,0.008139781118569056,0.008140206016832963,0.009634886868298054,0.0,0.0,0.0,0.0014946808514650911,5.161145039123127e-07,1.365911031725453e-06
