step,context,hidden,y,order,delta_y,log_rho,delta_tau,share
0,0,5,CCCTTTGG,4 1 0 2 7,13.158744768168784,0.0,13.158744768168784,0.0
0,0,5,CATTTTGC,0 4 7 1 2,12.723275039032025,0.0,12.723275039032025,0.0
0,0,5,TTTTATGG,2 1 7 0 4,14.366695889484319,0.0,14.366695889484319,0.0
0,0,5,ATTTTTGG,7 4 0 2 1,14.84013243811215,0.0,14.84013243811215,0.0
0,1,4,AACGTCGT,3 5 2 0,5.583034013795686,0.0,5.583034013795686,0.0
0,1,4,AAGATAGT,5 3 0 2,0.8678227081750514,0.0,0.8678227081750514,0.0
0,1,4,AAGCTGGT,0 2 3 5,10.622987313595502,0.0,10.622987313595502,0.0
0,1,4,CATCTTGT,2 3 0 5,1.294892272804442,0.0,1.294892272804442,0.0
0,2,4,AGATCGGG,5 6 0 3,3.473779170196992,0.0,3.473779170196992,0.0
0,2,4,AGAGCTAG,5 6 3 0,14.235811201568911,0.0,14.235811201568911,0.0
0,2,4,GGAACGCG,5 3 6 0,7.061769838716755,0.0,7.061769838716755,0.0
0,2,4,AGACCCGG,3 0 6 5,14.932853475248137,0.0,14.932853475248137,0.0
0,3,4,CAGACGAG,7 2 1 5,2.554132549906594,0.0,2.554132549906594,0.0
0,3,4,CTAACGAC,5 2 1 7,6.003459021890318,0.0,6.003459021890318,0.0
0,3,4,CAAACCAA,5 2 1 7,9.17828280789455,0.0,9.17828280789455,0.0
0,3,4,CACACAAT,7 2 1 5,2.6491968229918905,0.0,2.6491968229918905,0.0
0,4,7,AACCTGCG,5 0 2 6 1 7 4,14.55201040359807,0.0,14.55201040359807,0.0
0,4,7,CCTCAGAT,0 4 5 6 1 7 2,0.40001011416152465,0.0,0.40001011416152465,0.0
0,4,7,TCACTTGA,0 6 5 2 7 4 1,0.6687168747170844,0.0,0.6687168747170844,0.0
0,4,7,TTCCTCGC,2 1 0 4 6 5 7,12.588589070115294,0.0,12.588589070115294,0.0
0,5,5,TACTTATT,1 2 7 5 3,10.811845231654688,0.0,10.811845231654688,0.0
0,5,5,TATCTTTC,5 3 1 7 2,4.176710534622442,0.0,4.176710534622442,0.0
0,5,5,TGCGTTTG,5 7 1 2 3,4.983004243649032,0.0,4.983004243649032,0.0
0,5,5,TCTTTTTT,1 5 7 2 3,9.773134633113116,0.0,9.773134633113116,0.0
0,6,4,TCACTTTA,3 4 6 7,-4.079137129400963,0.0,-4.079137129400963,0.0
0,6,4,TCAATTCC,7 3 4 6,-0.036119931447497144,0.0,-0.036119931447497144,0.0
0,6,4,TCATCTGA,3 4 6 7,0.7143741575523785,0.0,0.7143741575523785,0.0
0,6,4,TCACATTG,3 7 6 4,1.712333881996698,0.0,1.712333881996698,0.0
0,7,2,ACTTACAA,3 7,5.961474175142847,0.0,5.961474175142847,0.0
0,7,2,ACTCACAT,7 3,6.9762439895638515,0.0,6.9762439895638515,0.0
0,7,2,ACTTACAC,7 3,1.9749640413736187,0.0,1.9749640413736187,0.0
0,7,2,ACTAACAT,7 3,3.119888394018635,0.0,3.119888394018635,0.0
0,8,3,AGACTAAT,5 7 4,4.915656988446971,0.0,4.915656988446971,0.0
0,8,3,AGACGCAG,4 7 5,4.332245444856277,0.0,4.332245444856277,0.0
0,8,3,AGACAAAC,7 5 4,5.814532353886618,0.0,5.814532353886618,0.0
0,8,3,AGACAGAA,5 7 4,6.157458354211731,0.0,6.157458354211731,0.0
0,9,4,TTCACGTG,2 5 6 1,4.135248922331163,0.0,4.135248922331163,0.0
0,9,4,TATACAGG,5 1 2 6,5.323509529820667,0.0,5.323509529820667,0.0
0,9,4,TCGACGTG,5 2 1 6,4.201317539787039,0.0,4.201317539787039,0.0
0,9,4,TCAACCCG,6 2 1 5,1.6078970946202062,0.0,1.6078970946202062,0.0
0,10,4,TTAGTCTC,7 3 4 1,6.153278899001652,0.0,6.153278899001652,0.0
0,10,4,TCATGCTA,1 3 4 7,10.299258819622334,0.0,10.299258819622334,0.0
0,10,4,TCAAACTT,4 7 1 3,9.592412178131088,0.0,9.592412178131088,0.0
0,10,4,TAAATCTC,1 3 4 7,8.710531879668354,0.0,8.710531879668354,0.0
0,11,7,TACCAGTC,5 6 0 1 2 7 4,9.514391851052768,0.0,9.514391851052768,0.0
0,11,7,TTCCTGTC,0 7 6 2 1 5 4,13.166121304103662,0.0,13.166121304103662,0.0
0,11,7,TGTCAGGC,0 1 7 2 6 4 5,8.819611768830624,0.0,8.819611768830624,0.0
0,11,7,GATCGGTA,6 5 0 4 2 7 1,-1.8720045591854761,0.0,-1.8720045591854761,0.0
0,12,1,CACAACGT,0,0.47686276444280873,0.0,0.47686276444280873,0.0
0,12,1,CACAACGT,0,0.47686276444280873,0.0,0.47686276444280873,0.0
0,12,1,GACAACGT,0,2.2681375446025513,0.0,2.2681375446025513,0.0
0,12,1,TACAACGT,0,3.4661911892046895,0.0,3.4661911892046895,0.0
0,13,6,ATCGTAAT,6 1 3 2 7 4,6.472429067409411,0.0,6.472429067409411,0.0
0,13,6,ACGCGATC,7 2 1 3 6 4,0.057028848897919815,0.0,0.057028848897919815,0.0
0,13,6,ATAAAACC,1 7 6 4 2 3,6.188416182256832,0.0,6.188416182256832,0.0
0,13,6,AGCGGAAG,3 7 6 2 1 4,10.825080775506365,0.0,10.825080775506365,0.0
0,14,5,CACCTTTA,2 4 7 1 0,2.570160587871687,0.0,2.570160587871687,0.0
0,14,5,TCGCTTTT,4 2 1 7 0,7.222627974236359,0.0,7.222627974236359,0.0
0,14,5,AGACTTTC,1 7 0 2 4,9.43571417376975,0.0,9.43571417376975,0.0
0,14,5,TTTCATTT,2 4 0 1 7,5.8414739016541555,0.0,5.8414739016541555,0.0
0,15,6,GACAGCCA,1 4 2 6 0 7,3.8180837352633574,0.0,3.8180837352633574,0.0
0,15,6,CTAAGCTA,6 0 7 2 1 4,6.279682153289961,0.0,6.279682153289961,0.0
0,15,6,CGGATCCA,4 0 1 2 7 6,1.7068356579392105,0.0,1.7068356579392105,0.0
0,15,6,AATAACGT,1 2 6 4 7 0,14.322642619278954,0.0,14.322642619278954,0.0
0,16,2,TACCTTCG,5 7,-1.7088156431344101,0.0,-1.7088156431344101,0.0
0,16,2,TACCTGCC,5 7,5.3679433889353,0.0,5.3679433889353,0.0
0,16,2,TACCTACA,5 7,1.9736892937339174,0.0,1.9736892937339174,0.0
0,16,2,TACCTCCG,5 7,1.6816961377674193,0.0,1.6816961377674193,0.0
0,17,3,GCGCGTGC,4 2 3,8.83461953977179,0.0,8.83461953977179,0.0
0,17,3,GCCCCTGC,4 3 2,6.845132826477809,0.0,6.845132826477809,0.0
0,17,3,GCGCGTGC,3 2 4,8.83461953977179,0.0,8.83461953977179,0.0
0,17,3,GCGAGTGC,4 3 2,7.456355061523272,0.0,7.456355061523272,0.0
0,18,3,CACAGGAG,4 1 5,-1.982344500852982,0.0,-1.982344500852982,0.0
0,18,3,CCCAGAAG,5 4 1,3.44669212494336,0.0,3.44669212494336,0.0
0,18,3,CTCAGGAG,1 5 4,4.178326365621977,0.0,4.178326365621977,0.0
0,18,3,CACAGAAG,1 5 4,-1.0499662080638972,0.0,-1.0499662080638972,0.0
0,19,2,AGAGGACC,0 2,9.957168885574816,0.0,9.957168885574816,0.0
0,19,2,AGGGGACC,2 0,5.048877624607799,0.0,5.048877624607799,0.0
0,19,2,TGCGGACC,0 2,2.160313549240331,0.0,2.160313549240331,0.0
0,19,2,AGTGGACC,0 2,5.907943887782353,0.0,5.907943887782353,0.0
0,20,3,GTCGTGGT,1 2 4,10.58693167472211,0.0,10.58693167472211,0.0
0,20,3,GAAGTGGT,1 4 2,6.395596751072452,0.0,6.395596751072452,0.0
0,20,3,GCGGAGGT,4 2 1,6.827442955972509,0.0,6.827442955972509,0.0
0,20,3,GGAGCGGT,1 4 2,5.6748782882177125,0.0,5.6748782882177125,0.0
0,21,5,GGGCGGAC,7 4 1 0 5,9.558054759559539,0.0,9.558054759559539,0.0
0,21,5,AAGCTCAC,4 7 1 5 0,10.489264647414203,0.0,10.489264647414203,0.0
0,21,5,AAGCGGAA,4 0 1 7 5,6.917898708039516,0.0,6.917898708039516,0.0
0,21,5,AAGCCGAA,7 1 5 4 0,6.821143426517434,0.0,6.821143426517434,0.0
0,22,2,CTTGCCGG,1 3,1.5559081963126578,0.0,1.5559081963126578,0.0
0,22,2,CGTCCCGG,3 1,6.26010154584059,0.0,6.26010154584059,0.0
0,22,2,CCTCCCGG,3 1,5.493032876094251,0.0,5.493032876094251,0.0
0,22,2,CATTCCGG,3 1,2.991517192300565,0.0,2.991517192300565,0.0
0,23,6,AATCGAAG,0 5 7 3 4 6,13.321746440877474,0.0,13.321746440877474,0.0
0,23,6,AATGCCCG,5 6 3 4 7 0,12.301154874207112,0.0,12.301154874207112,0.0
0,23,6,AATTCACA,4 3 0 5 6 7,12.424545867628302,0.0,12.424545867628302,0.0
0,23,6,AATTGGAC,5 7 6 3 4 0,8.655061732337822,0.0,8.655061732337822,0.0
0,24,2,TAATAGTG,2 5,1.0986734139586725,0.0,1.0986734139586725,0.0
0,24,2,TAATAATG,5 2,7.226761569078532,0.0,7.226761569078532,0.0
0,24,2,TAATATTG,2 5,0.8133403106952075,0.0,0.8133403106952075,0.0
0,24,2,TAATATTG,5 2,0.8133403106952075,0.0,0.8133403106952075,0.0
0,25,4,ATAGGCTA,1 7 0 2,1.538180490876857,0.0,1.538180490876857,0.0
0,25,4,TGTGGCTG,7 1 0 2,1.8414819616676708,0.0,1.8414819616676708,0.0
0,25,4,CGGGGCTG,2 0 7 1,9.642906047691337,0.0,9.642906047691337,0.0
0,25,4,AATGGCTG,1 7 2 0,8.68809766306938,0.0,8.68809766306938,0.0
0,26,5,TTTTCATA,7 3 4 2 0,0.816335995708652,0.0,0.816335995708652,0.0
0,26,5,ATCATATG,3 4 7 0 2,5.17670110229476,0.0,5.17670110229476,0.0
0,26,5,TTGCAATC,4 7 3 2 0,14.591598614657741,0.0,14.591598614657741,0.0
0,26,5,CTCCGATC,0 4 3 7 2,7.697460986155285,0.0,7.697460986155285,0.0
0,27,2,GCTTTTAA,2 7,5.925685586459757,0.0,5.925685586459757,0.0
0,27,2,GCCTTTAA,7 2,3.9271624790588224,0.0,3.9271624790588224,0.0
0,27,2,GCTTTTAC,7 2,2.2387523754315954,0.0,2.2387523754315954,0.0
0,27,2,GCGTTTAA,7 2,3.073964468607836,0.0,3.073964468607836,0.0
0,28,2,TACGTGCA,0 5,1.9633430239956664,0.0,1.9633430239956664,0.0
0,28,2,TACGTCCA,0 5,3.347109945544359,0.0,3.347109945544359,0.0
0,28,2,CACGTGCA,0 5,-2.3955909303107923,0.0,-2.3955909303107923,0.0
0,28,2,GACGTTCA,0 5,3.3538989969376827,0.0,3.3538989969376827,0.0
0,29,4,TCCACCTT,5 7 4 1,7.352580053264597,0.0,7.352580053264597,0.0
0,29,4,TACAGCTC,7 4 1 5,6.255135875598448,0.0,6.255135875598448,0.0
0,29,4,TTCATATT,1 7 4 5,12.066353334877103,0.0,12.066353334877103,0.0
0,29,4,TCCATGTT,5 1 4 7,13.297496065890394,0.0,13.297496065890394,0.0
0,30,5,GATAAAGG,2 3 5 0 1,6.115311637913827,0.0,6.115311637913827,0.0
0,30,5,ACACACGG,0 2 1 3 5,9.17331763289109,0.0,9.17331763289109,0.0
0,30,5,CGTGACGG,2 3 1 0 5,10.624560995074022,0.0,10.624560995074022,0.0
0,30,5,TGTCAGGG,1 2 0 5 3,6.579119848825627,0.0,6.579119848825627,0.0
0,31,4,CTATGCAG,4 3 6 7,9.037502010219184,0.0,9.037502010219184,0.0
0,31,4,CTACCCCT,3 6 7 4,1.9573554723265483,0.0,1.9573554723265483,0.0
0,31,4,CTAATCGG,4 7 3 6,6.011023210212249,0.0,6.011023210212249,0.0
0,31,4,CTATCCGG,7 6 4 3,-0.46285356895572694,0.0,-0.46285356895572694,0.0
250,0,5,CGATATCA,2 4 1 3 5,0.7911360723514437,-0.049388815716790546,0.7417472566346531,-0.05875949233377268
250,0,5,CGATATCA,1 3 5 2 4,0.7911360723514437,0.038214740042624484,0.8293508123940682,0.046077895471411986
250,0,5,CGATATCA,1 5 4 2 3,0.7911360723514437,0.36753937595249475,1.1586754483039385,0.3172064934063257
250,0,5,CGATATCA,2 4 1 3 5,0.7911360723514437,-0.049388815716790546,0.7417472566346531,-0.05875949233377268
250,1,5,CAATATCA,0 6 7 4 1,1.1312612949388487,-0.15887300863009912,0.9723882863087496,-0.12314455029263437
250,1,5,CGATATCA,0 7 4 1 6,0.7110721113945879,-0.5023605219210037,0.20871158947358426,-0.4139995152004033
250,1,5,CGATATAT,1 0 7 4 6,-0.39564676210677896,0.2760560242492849,-0.11959073785749408,0.4109794240200605
250,1,5,CGATATAC,7 4 1 6 0,0.5439340438540583,0.07659321911641737,0.6205272629704757,0.12343248022619374
250,2,6,CGATATAT,0 7 1 6 4 2,-0.18717875276723883,-0.1442328864423681,-0.3314116392096069,-0.43520766737810784
250,2,6,CGATATCC,0 6 2 1 4 7,0.40181077215389394,0.2624045706266642,0.6642153427805582,0.39505948406457814
250,2,6,CAATATAT,6 0 1 2 7 4,-0.5023267450916791,-0.6421427725525035,-1.1444695176441826,-0.5610833339400016
250,2,6,CACTATAG,0 1 4 6 2 7,0.5327398207928553,0.3398164747512986,0.8725562955441539,0.3894493415343227
250,3,2,CGATATAT,2 0,-0.09829631664446803,0.03539910605838614,-0.06289721058608189,0.2647742558626162
250,3,2,CGATATAT,2 0,-0.09829631664446803,0.03539910605838614,-0.06289721058608189,0.2647742558626162
250,3,2,CGATATAT,2 0,-0.09829631664446803,0.03539910605838614,-0.06289721058608189,0.2647742558626162
250,3,2,CGATATAT,2 0,-0.09829631664446803,0.03539910605838614,-0.06289721058608189,0.2647742558626162
250,4,5,CAGTATCA,1 3 5 2 7,-1.0837895643891944,0.7107109664872029,-0.3730785979019915,0.3960494601470562
250,4,5,CGATATCA,1 5 3 2 7,0.5527986544633601,0.48402098622829737,1.0368196406916574,0.4668323855298587
250,4,5,CGATATCT,7 1 2 5 3,0.3033365963492427,0.3197850601243628,0.6231216564736055,0.5131984369378252
250,4,5,CAATATCC,7 5 1 3 2,2.6418933970878626,-0.9327925282835787,1.709100868804284,-0.26094391164914815
250,5,5,CGATCGAT,3 1 4 6 5,-0.05210985537893276,0.5269394574373107,0.474829602058378,0.9100079143078624
250,5,5,CGATATAT,1 3 5 6 4,-0.2279063009463902,-0.1473243822839656,-0.3752306832303558,-0.3926234950075298
250,5,5,CAATATAT,1 3 6 4 5,-0.03857064733998539,-0.0638738529875571,-0.10244450032754249,-0.6234971402401818
250,5,5,CAATATAT,1 6 5 4 3,-0.03857064733998539,0.04646881351921017,0.007898166179224786,0.5464382423137784
250,6,3,CGATATAG,0 7 6,0.03501933041344474,-0.04264561116675081,-0.0076262807533060695,-0.5490973185464338
250,6,3,CGATATCG,6 7 0,0.05446539641174386,0.08792699416937699,0.14239239058112085,0.6174978438843264
250,6,3,CGATATAA,0 6 7,1.2258688117607655,0.05478983161837281,1.2806586433791383,0.04278254154737494
250,6,3,CGATATAT,7 0 6,-0.5351685266362765,0.2514080622374988,-0.28376046439877767,0.3196231184524145
250,7,4,CGATATAT,2 6 5 4,-0.14032510426631395,-0.04065649186998188,-0.18098159613629583,-0.2246443436125063
250,7,4,CGATCTAT,5 2 6 4,0.38459001652053715,0.39550975843932434,0.7800997749598615,0.506998939282702
250,7,4,CGATATAT,2 6 5 4,-0.14032510426631395,-0.04065649186998188,-0.18098159613629583,-0.2246443436125063
250,7,4,CGATATAT,2 6 5 4,-0.14032510426631395,-0.04065649186998188,-0.18098159613629583,-0.2246443436125063
250,8,3,CAATATCG,4 0 7,0.2633569484424596,-0.07676616436222572,0.18659078408023388,-0.2257011107807556
250,8,3,CAATATCT,4 7 0,-0.13525505093786117,-0.0954551759098825,-0.23071022684774367,-0.4137448834154967
250,8,3,CAATATCT,7 4 0,-0.13525505093786117,0.05630651238214379,-0.07894853855571737,0.293934291442816
250,8,3,CAATCTCT,7 0 4,-1.4471805370146762,0.5892362935623807,-0.8579442434522955,0.2893495500110405
250,9,4,CTATATCT,2 1 4 7,0.9189166965743119,-0.6388114976083039,0.28010519896600794,-0.4100917605484482
250,9,4,CGATATCT,1 2 4 7,0.2843505766558263,-0.25470447031014753,0.02964610634567877,-0.4725017820419831
250,9,4,CTATCTCA,2 7 1 4,-0.7760323702011851,0.4502327902771519,-0.3257995799240332,0.3671577769538252
250,9,4,CGATATCA,1 4 7 2,0.5202433112190317,0.09937326413733327,0.6196165753563649,0.1603786407427528
250,10,6,CGCTATAT,7 4 0 5 3 6,2.556302829638783,0.14334613215396885,2.699648961792752,0.05309806355666968
250,10,6,CGCTCGAT,7 4 3 0 5 6,3.2614975251527802,0.5496608209595166,3.811158346112297,0.14422408387209024
250,10,6,CGCTATCT,6 4 3 5 0 7,5.7146700696765045,0.3671220567136153,6.08179212639012,0.060364124436380985
250,10,6,CGCTATCG,6 3 4 5 0 7,3.518299172154917,0.04313664675795259,3.5614358189128694,0.012112150534589748
250,11,5,CAATATCT,6 2 5 7 1,1.7248061174411697,0.03868792688679523,1.763494044327965,0.021938223727621654
250,11,5,CGATATCG,2 5 1 7 6,-0.07291758805089765,0.30582784333447677,0.23291025528357912,0.8074759930854352
250,11,5,CGATATTA,5 6 1 2 7,-0.7167381139909708,-0.29166607254962695,-1.0084041865405977,-0.2892352852581941
250,11,5,CGATAGCT,1 7 2 5 6,0.3236996810258921,0.2550116452145321,0.5787113262404242,0.44065431874507355
250,12,5,TGATATCT,7 4 0 5 3,2.256113320356583,0.3730373880398714,2.6291507083964545,0.14188512923528476
250,12,5,CGATATCC,5 3 7 4 0,0.11644716604058569,-0.11984209644662691,-0.003394930406041219,-0.5071838440103155
250,12,5,CGATATCA,5 7 0 3 4,0.560628626443781,0.002656350280427766,0.5632849767242087,0.004715819505565028
250,12,5,CGATATCA,5 0 4 3 7,0.560628626443781,0.3248678738207458,0.8854965002645268,0.36687651924507564
250,13,3,CGATCTAG,1 7 0,1.3331472260900026,0.2965042122946979,1.6296514383847005,0.18194333175233526
250,13,3,CGATCTAT,0 1 7,-0.38248699919540885,-0.050807341570872744,-0.4332943407662816,-0.11725826254970212
250,13,3,CGATCTAG,7 0 1,1.3331472260900026,-0.08150997969043239,1.2516372463995702,-0.05761818436111181
250,13,3,CGATCTAT,1 7 0,-0.38248699919540885,0.2387655902552419,-0.14372140894016694,0.38432932805378395
250,14,3,CGATATCC,2 3 5,-0.11981291429202376,-0.01358499206746866,-0.13339790635949242,-0.10183812053885334
250,14,3,CGATATCC,5 2 3,-0.11981291429202376,0.124518303050148,0.004705388758124235,0.5096291190485386
250,14,3,CGATATCC,2 3 5,-0.11981291429202376,-0.01358499206746866,-0.13339790635949242,-0.10183812053885334
250,14,3,CGATATCC,2 5 3,-0.11981291429202376,0.1790101861939306,0.05919727190190685,0.5990506955547255
250,15,3,CGATATTG,0 7 1,-0.08314643313223646,-0.17104713826353812,-0.2541935713957746,-0.6729011175393612
250,15,3,CTATATTA,0 1 7,0.2545076414694276,-0.20636807588424722,0.0481395655851804,-0.44777380997463334
250,15,3,CGATATTG,7 1 0,-0.08314643313223646,0.0760308781367991,-0.007115554995437368,0.47764896599047674
250,15,3,GGATATTA,7 1 0,-0.021933748901694194,0.06882941431589717,0.04689566541420298,0.7583408497001008
250,16,5,CGATATAT,6 4 3 5 7,-0.39679566938698274,0.04753394281542178,-0.34926172657156096,0.10697901177418881
250,16,5,CGATATCA,4 5 6 7 3,0.9095300870093173,0.46036307310808144,1.3698931601173987,0.33605764778665564
250,16,5,CGATATAT,7 6 5 4 3,-0.39679566938698274,0.060088286605237684,-0.33670738278174506,0.13151761145725335
250,16,5,CGATATCT,4 3 5 7 6,0.1353812805180512,-0.15351680275866197,-0.01813552224061077,-0.5313874049196099
250,17,3,CAATATCT,1 2 7,1.3693408017767688,-0.29484412497829116,1.0744966767984776,-0.1771702893338892
250,17,3,CGATATCG,2 1 7,-0.39953879602901865,0.22211398165780216,-0.1774248143712165,0.3572958886861112
250,17,3,CGATATCT,1 2 7,0.1804739730313265,-0.1355337472533895,0.04494022577793699,-0.4288937850356206
250,17,3,CGATATCT,2 7 1,0.1804739730313265,-0.1924433084106163,-0.011969335379289792,-0.5160482444431223
250,18,4,CGATATCA,5 1 7 3,0.4605691646029735,0.4269735487702846,0.8875427133732581,0.48107380336378236
250,18,4,CGATATCA,5 1 7 3,0.4605691646029735,0.4269735487702846,0.8875427133732581,0.48107380336378236
250,18,4,CGATATCT,7 3 1 5,-0.044399018543901825,-0.02523992865052982,-0.06963894719443164,-0.3624398367203922
250,18,4,CAATATCA,5 3 1 7,0.923269699941093,0.19148847605079844,1.1147581759918914,0.1717757987111559
250,19,2,CGATATCT,5 2,0.004827963118907319,0.022158800572271375,0.026986763691178695,0.8210988477849436
250,19,2,CGGTATCT,5 2,0.9452504331062164,0.17475055009529994,1.1200009832015163,0.15602713990105305
250,19,2,CGATATCT,2 5,0.004827963118907319,-0.021861714362983675,-0.017033751244076356,-0.8191074762074925
250,19,2,CGATATCT,5 2,0.004827963118907319,0.022158800572271375,0.026986763691178695,0.8210988477849436
250,20,3,CAATATAT,4 6 5,-0.3020619433208641,-0.02255219647215112,-0.32461413979301523,-0.06947385744358256
250,20,3,CAATATAT,4 6 5,-0.3020619433208641,-0.02255219647215112,-0.32461413979301523,-0.06947385744358256
250,20,3,CAATATAT,6 4 5,-0.3020619433208641,-0.028590579121572812,-0.3306525224424369,-0.08646714354507949
250,20,3,CAATATCT,5 4 6,1.4491749852564788,0.009504455261117872,1.4586794405175967,0.006515794352832806
250,21,2,CGATATAT,4 0,-0.09728010332462422,-0.09333576190068649,-0.1906158652253107,-0.48965369063253084
250,21,2,CGATATAT,0 4,-0.09728010332462422,0.1044063165526159,0.0071262132279916734,0.5176665668227171
250,21,2,CGATATAT,4 0,-0.09728010332462422,-0.09333576190068649,-0.1906158652253107,-0.48965369063253084
250,21,2,CGATATAT,4 0,-0.09728010332462422,-0.09333576190068649,-0.1906158652253107,-0.48965369063253084
250,22,4,CAATATAT,2 1 7 4,-0.43267114803779716,-0.24276352772777177,-0.6754346757655689,-0.35941821827938036
250,22,4,CGATATAT,7 2 1 4,-0.11323389589430732,-0.1677908050957866,-0.2810247009900939,-0.5970678182545285
250,22,4,CAATCTAT,7 1 4 2,0.46088514639318046,0.4187426068069273,0.8796277532001078,0.4760452421874267
250,22,4,CGATATAT,1 4 2 7,-0.11323389589430732,0.07274381712639855,-0.04049007876790878,0.3911426586813636
250,23,3,CGATATGT,5 7 2,1.3174921727395557,0.13031446754100573,1.4478066402805614,0.09000819855043136
250,23,3,CGATATGG,2 7 5,0.0594551994848016,-0.049259764621193414,0.010195434863608188,-0.45310933068207687
250,23,3,CGATATGT,7 5 2,1.3174921727395557,0.10712043575110686,1.4246126084906625,0.0751926770215785
250,23,3,CGATATGT,7 2 5,1.3174921727395557,0.0338472668743397,1.3513394396138954,0.025047198270192233
250,24,2,CGATATCG,2 1,-0.013540557720725599,-0.02635924890980934,-0.03989980663053494,-0.6606360064320929
250,24,2,CGGTATCG,1 2,-0.641227018938348,0.0151405943071512,-0.6260864246311968,0.023067247685007595
250,24,2,CGATATCG,2 1,-0.013540557720725599,-0.02635924890980934,-0.03989980663053494,-0.6606360064320929
250,24,2,CAATATCG,1 2,2.016643218904979,0.01307221752704324,2.0297154364320225,0.006440418835274027
250,25,3,CGATATAT,2 5 7,-0.17414677569707382,-0.04239931093946292,-0.21654608663653674,-0.19579809359763833
250,25,3,CGATATAT,2 5 7,-0.17414677569707382,-0.04239931093946292,-0.21654608663653674,-0.19579809359763833
250,25,3,CGATATAG,2 5 7,0.05015524432091012,0.28971095983941253,0.33986620416032265,0.8524265028209432
250,25,3,CGATATAT,2 5 7,-0.17414677569707382,-0.04239931093946292,-0.21654608663653674,-0.19579809359763833
250,26,6,CGATATCG,7 2 3 6 1 4,0.04737655530495788,-0.3778754540754061,-0.33049889877044825,-0.8885918131839273
250,26,6,CGATCTTG,2 3 1 7 6 4,0.9755643071960609,0.8938438645635447,1.8694081717596056,0.4781426967456776
250,26,6,CTATATAT,3 2 1 7 6 4,0.29824319982871117,0.08168270929537336,0.3799259091240845,0.21499641728486496
250,26,6,CGGTATCA,7 4 3 2 1 6,-1.124434630763151,-0.019817677734002004,-1.144252308497153,-0.017319325105867867
250,27,6,CGATATCT,6 2 1 3 5 7,0.4621098135522934,0.10645362095789501,0.5685634345101884,0.18723261908251929
250,27,6,CGGTATAC,3 1 2 5 6 7,1.2363330561636978,-0.455906040315309,0.7804270158483888,-0.26940994405808233
250,27,6,CGATATCG,5 2 6 7 3 1,0.09834513240906739,0.26603745908724896,0.36438259149631635,0.7301047451108498
250,27,6,CGATATAT,5 7 3 6 1 2,-0.28823431319926973,0.1420903632530397,-0.14614394994623003,0.3301933889184875
250,28,5,CAATATAC,3 7 5 4 2,2.9417413122959624,-0.849235705187235,2.0925056071087274,-0.2240149969970107
250,28,5,CAATATAG,7 2 3 4 5,2.4303284644275025,-0.20985765643717436,2.220470807990328,-0.07948593274494023
250,28,5,CAATATAT,3 5 2 7 4,-0.3566073042932938,-0.028590299272144293,-0.3851976035654381,-0.0742224224852617
250,28,5,CAATATAT,3 5 7 2 4,-0.3566073042932938,0.025541372514163996,-0.3310659317791298,0.06683621863496021
250,29,4,CAGTATAC,0 1 6 7,0.8900911648088199,-0.34678242734918996,0.5433087374596299,-0.28037014416659056
250,29,4,GCGTATCG,0 1 7 6,1.0047283719762365,-1.1726070860879654,-0.16787871411172883,-0.5385514123443763
250,29,4,CGGTATCG,6 0 1 7,-0.6695806481548177,0.05471380477676657,-0.6148668433780511,0.07554083088074506
250,29,4,CGGTATAC,1 6 0 7,1.767066790242417,-0.26032681005862823,1.5067399801837889,-0.12840467189990765
250,30,2,CAATAGAA,4 7,7.569069747062939,0.11263255465127653,7.681702301714216,0.014662447232059738
250,30,2,CAATCGAT,4 7,-1.4569364024320022,-0.2641950702849032,-1.7211314727169054,-0.15350080715673395
250,30,2,CAATCGAT,7 4,-1.4569364024320022,0.22164519069761024,-1.235291211734392,0.13204314380951027
250,30,2,CAATAGAT,4 7,0.4182142270949676,0.040424945827048475,0.45863917292201606,0.08814106647170773
250,31,3,CAATATAT,7 5 3,-0.41128053683624777,-0.03177690399906097,-0.44305744083530874,-0.07172186057670327
250,31,3,CAATATAG,5 7 3,2.665894859255982,0.1843038848918459,2.850198744147828,0.0646635204896739
250,31,3,CAATATAA,7 5 3,3.4205441046191396,0.010764606361103546,3.431308710980243,0.0031371722184764758
250,31,3,CAATATAT,3 5 7,-0.41128053683624777,0.024962320121913573,-0.3863182167143342,0.05722115496852165
500,0,1,CGATATCC,3,-0.04093524644174984,0.0,-0.04093524644174984,0.0
500,0,1,CGATATCC,3,-0.04093524644174984,0.0,-0.04093524644174984,0.0
500,0,1,CGATATCC,3,-0.04093524644174984,0.0,-0.04093524644174984,0.0
500,0,1,CGATATCC,3,-0.04093524644174984,0.0,-0.04093524644174984,0.0
500,1,7,CAATATAT,2 3 7 5 4 0 1,-0.14522824233396237,0.15650473978389812,0.011276497449935752,0.5186862194692574
500,1,7,CGATATAT,3 2 0 4 7 5 1,-0.15805500739265876,-0.3339776384846509,-0.49203264587730966,-0.6787712995936647
500,1,7,CCATATAT,3 0 5 4 1 7 2,-0.2282433156905137,-0.3196416574774652,-0.5478849731679789,-0.583410155655911
500,1,7,CAATATAT,3 0 7 4 1 5 2,-0.14522824233396237,0.12539435621370387,-0.019833886120258493,0.4633550815292222
500,2,4,CTATATAT,4 5 7 2,0.6572894485524021,0.19204725268787826,0.8493367012402804,0.22611439304039613
500,2,4,CTATATAT,4 7 2 5,0.6572894485524021,0.06922718453711951,0.7265166330895216,0.09528644133408204
500,2,4,CTATCTAT,7 2 4 5,-0.44889257218975676,0.5460294964501866,0.09713692426042986,0.5488163481956008
500,2,4,CTGTATAT,7 5 2 4,3.4504969567803414,0.14563273891448425,3.5961296956948257,0.040497076367638024
500,3,4,CGATATAT,5 3 6 7,-0.2467669153743105,-0.0007849039937157798,-0.24755181936802628,-0.0031706654215652988
500,3,4,CGATATCC,7 5 3 6,0.41681331508089414,0.16916899002108732,0.5859823051019815,0.2886930007069855
500,3,4,CGATATCT,6 5 7 3,-0.01178044816367052,-0.011934048920724472,-0.023714497084394992,-0.5032385413130904
500,3,4,CGATATAT,3 7 5 6,-0.2467669153743105,-0.09463058062445118,-0.3413974959987617,-0.27718592471690073
500,4,5,GGATATCT,3 0 7 4 5,2.7968145018988047,-0.6560444386509792,2.1407700632478255,-0.1900003591072041
500,4,5,CGATATCC,7 4 5 3 0,0.020796052957646083,0.07167566045999596,0.09247171341764204,0.7751090340056515
500,4,5,CGATCTCA,5 0 3 7 4,1.9883492306538022,0.600430672883796,2.5887799035375982,0.23193577486571973
500,4,5,CGATATCA,0 7 4 5 3,0.5255873130378841,0.24227107983743057,0.7678583928753147,0.3155153112675174
500,5,5,CAATATAT,3 6 7 0 1,-0.3572920677388147,0.13659012696765327,-0.22070194077116145,0.27656418561279317
500,5,5,CGATATAT,0 6 1 3 7,-0.3865686323581885,0.04362411831825064,-0.34294451403993786,0.10140598196890967
500,5,5,CGATATAT,0 3 1 6 7,-0.3865686323581885,-0.07160936074943258,-0.4581779931076211,-0.1562915762578154
500,5,5,CGATATAG,0 7 6 3 1,-0.14064511602927698,-0.26555980797653955,-0.40620492400581654,-0.6537582197618484
500,6,3,CGATATCT,2 6 4,0.15212897248073354,-0.06702843949529713,0.0851005329854364,-0.30584609888817293
500,6,3,CGATATAT,2 6 4,-0.17171514842956137,0.0026152456010075653,-0.1690999028285538,0.015001661732887384
500,6,3,CGATATAT,4 2 6,-0.17171514842956137,0.06465533616192065,-0.10705981226764072,0.27353388166743475
500,6,3,CGATATAT,6 4 2,-0.17171514842956137,-0.015277364680698291,-0.18699251311025966,-0.08170040835640319
500,7,5,CGATATCA,1 3 5 2 7,0.6043573536497799,0.218643796536659,0.8230011501864389,0.26566645318433446
500,7,5,CGAGATCT,1 7 5 3 2,3.2363844161484643,0.5939969887526697,3.830381404901134,0.15507515465499744
500,7,5,CGGTATCA,7 3 5 1 2,-1.0562536735047425,0.2226340828852873,-0.8336195906194552,0.17408414598770253
500,7,5,CTATATCG,2 3 5 7 1,-0.06665598343799983,0.34733582710496513,0.2806798436669653,0.8389920241403371
500,8,5,CGATATCG,1 7 2 4 0,-0.29113427921321633,0.07253074729942544,-0.2186035319137909,0.19944383433006338
500,8,5,CGGTATCC,2 7 1 4 0,2.2074881649073284,-1.1592827181801226,1.0482054467272057,-0.3443307425532379
500,8,5,CGATATCA,4 1 2 0 7,0.5286721711172246,0.3311022534590098,0.8597744245762344,0.38510363183017854
500,8,5,CGATCTCG,2 7 1 0 4,2.5282235014086973,0.765011058495717,3.2932345599044144,0.23229777429455903
500,9,6,CTATATCC,1 7 6 4 5 0,1.5233380608782667,-0.45295024016548524,1.0703878207127815,-0.2291923905668344
500,9,6,CGATATAA,0 5 4 6 7 1,1.1943374700473504,0.030355536663706495,1.2246930067110569,0.024786241529399303
500,9,6,CTATATAT,6 4 7 1 5 0,0.7360995233835839,0.04969170926986788,0.7857912326534517,0.0632378005823117
500,9,6,TGATATCA,6 4 1 7 0 5,3.1388194940832363,0.6107885561861393,3.7496080502693756,0.16289397398276323
500,10,4,GGATATAT,1 2 6 0,2.7125625633940764,0.5543816117608387,3.266944175154915,0.169694240867936
500,10,4,CGGTATCT,6 2 1 0,1.3726228319744118,0.1422739575999028,1.5148967895743146,0.09391660116982736
500,10,4,CGGTATAT,1 6 0 2,0.7234134479901546,0.07018173331769395,0.7935951813078486,0.08843518077067218
500,10,4,CGATATAT,2 6 1 0,-0.33168688622623266,0.010860010341053883,-0.3208268758851788,0.03170371838099736
500,11,2,CGATATAG,0 1,-0.21333593079564073,-0.034024648031574345,-0.24736057882721507,-0.13755081020950008
500,11,2,CGATATAG,0 1,-0.21333593079564073,-0.034024648031574345,-0.24736057882721507,-0.13755081020950008
500,11,2,CGATATAG,0 1,-0.21333593079564073,-0.034024648031574345,-0.24736057882721507,-0.13755081020950008
500,11,2,CGATATAG,0 1,-0.21333593079564073,-0.034024648031574345,-0.24736057882721507,-0.13755081020950008
500,12,5,CGATATAT,5 2 6 7 4,-0.07987490321033641,0.08742307436884111,0.007548171158504702,0.5225590627804582
500,12,5,CGATATAT,5 7 6 2 4,-0.07987490321033641,-0.034700938190811215,-0.11457584140114763,-0.3028643540073854
500,12,5,CGATATCG,2 6 5 7 4,-0.2454312978563249,-0.061044832408935434,-0.3064761302652603,-0.1991829913673867
500,12,5,CGATATAT,2 5 6 4 7,-0.07987490321033641,0.03420078878522581,-0.0456741144251106,0.2998078572826566
500,13,2,CGATATAT,3 2,-0.1601895763749761,-0.0632556861362108,-0.2234452625111869,-0.28309253651347327
500,13,2,CGATATAT,3 2,-0.1601895763749761,-0.0632556861362108,-0.2234452625111869,-0.28309253651347327
500,13,2,CGGTATAT,2 3,0.9394632231129738,-0.033870064424113444,0.9055931586888604,-0.03479801303191624
500,13,2,CGATATAT,3 2,-0.1601895763749761,-0.0632556861362108,-0.2234452625111869,-0.28309253651347327
500,14,5,GGATATAT,5 7 0 2 3,2.8752244457408516,-0.30075846385451666,2.574465981886335,-0.09469775890350568
500,14,5,CGGGATAG,5 3 7 2 0,3.2101068965898847,0.738845708505905,3.9489526050957897,0.1870991582812331
500,14,5,CGATAGAT,0 2 7 3 5,2.2215352249015092,0.4373563661884763,2.6588915910899855,0.16448822797216284
500,14,5,CGATATAT,5 7 0 2 3,-0.15353138727503302,0.19950253063582757,0.04597114336079455,0.5651086779888413
500,15,2,CGATATAG,1 0,-0.21333593079564073,0.03537713024916067,-0.17795880054648006,0.14224074160217942
500,15,2,CGATATAG,0 1,-0.21333593079564073,-0.034024648031574345,-0.24736057882721507,-0.13755081020950008
500,15,2,CGATATAG,0 1,-0.21333593079564073,-0.034024648031574345,-0.24736057882721507,-0.13755081020950008
500,15,2,CAATATAG,0 1,1.7049339420894594,0.00889999667613095,1.7138339387655903,0.005193033277507202
500,16,4,CGATATAT,7 2 5 3,-0.148722587867414,0.05098981988601947,-0.09773276798139452,0.25531623427710065
500,16,4,CGAGATAT,7 2 5 3,1.1051618975950164,0.5373999094167679,1.6425618070117842,0.32717180389968264
500,16,4,CGATATAT,3 7 5 2,-0.148722587867414,-0.011422628341386076,-0.16014521620880007,-0.0713266909358882
500,16,4,CGATATAT,2 7 5 3,-0.148722587867414,0.059703959347536806,-0.08901862851987719,0.286450839134057
500,17,3,CGATATAA,4 5 3,-0.22601888140166326,0.16533789348765393,-0.06068098791400933,0.4224735691222274
500,17,3,CGATATAA,5 4 3,-0.22601888140166326,0.10590190005465527,-0.12011698134700799,0.3190577570648199
500,17,3,CGATATAA,4 5 3,-0.22601888140166326,0.16533789348765393,-0.06068098791400933,0.4224735691222274
500,17,3,CGATATAA,3 5 4,-0.22601888140166326,-0.1276830012632988,-0.35370188266496205,-0.36099044851351353
500,18,5,CAATCGTA,0 1 7 5 6,5.022475277899392,-0.4542846511133831,4.568190626786009,-0.08294770210883995
500,18,5,TTATCGCG,5 6 7 1 0,0.48279034443797286,0.8400695904717788,1.3228599349097516,0.6350404667211349
500,18,5,CGATCTCT,1 6 7 5 0,2.929623767806994,-0.11210369921159469,2.817520068595399,-0.03685527399385173
500,18,5,CGATCTAT,6 5 0 7 1,1.1612309846155555,-0.31024955226158646,0.8509814323539691,-0.21084176411875305
500,19,2,CGATATAT,5 1,-0.17741942512432807,-0.03732682075876348,-0.21474624588309155,-0.17381826911695725
500,19,2,CGATACAT,1 5,0.5032288703352394,-0.06391963112878774,0.4393092392064517,-0.1127035176215519
500,19,2,CTATATAT,5 1,0.9447342250348449,0.08368860289142921,1.0284228279262742,0.08137567605357424
500,19,2,CGATATAT,1 5,-0.17741942512432807,0.036186381610449625,-0.14123304351387844,0.16940729357315748
500,20,2,CGATCATA,5 0,0.6269828562812645,-0.050995876379201555,0.5759869799020629,-0.0752175163062828
500,20,2,CGATCGTA,5 0,-1.1551677716499178,-0.07825609884919293,-1.2334238704991107,-0.06344623346516412
500,20,2,GGATCCTA,0 5,0.18414403819425162,0.09135985508480182,0.27550389327905345,0.33161003279276674
500,20,2,GGATCATA,5 0,-0.3942454311020933,-0.15731155826755883,-0.5515569893696521,-0.2852136067523006
500,21,3,CGATATAA,3 5 1,-0.3560878815480666,-0.060879799944453694,-0.4169676814925203,-0.1460060399082651
500,21,3,CGATATAA,3 5 1,-0.3560878815480666,-0.060879799944453694,-0.4169676814925203,-0.1460060399082651
500,21,3,CAATATAA,3 5 1,0.6639507491521632,-0.02353065397142906,0.6404200951807342,-0.034227331626014657
500,21,3,CGATATAA,3 1 5,-0.3560878815480666,-0.06912634096770809,-0.4252142225157747,-0.1625682710204822
500,22,5,CGATATAG,0 7 6 2 1,-0.2245819783499412,-0.22582675769634086,-0.45040873604628207,-0.5013818330405028
500,22,5,CGATATCC,1 0 6 7 2,0.6846867007999187,0.001510471921571721,0.6861971727214904,0.0022012214296673917
500,22,5,CGATATAA,0 7 2 6 1,0.8940183193017139,-0.4743422068419241,0.41967611245978986,-0.34665002225600006
500,22,5,CGATATAT,7 1 6 2 0,-0.33238063265293394,-0.018667611328025302,-0.35104824398095924,-0.05317676885755289
500,23,6,CGATATAG,7 2 3 1 6 0,-0.14788353249804365,-0.2789176066659085,-0.4268011391639521,-0.6535071748221473
500,23,6,CAATATAT,3 2 7 6 1 0,-0.37951443033119725,0.31426770294345197,-0.06524672738774528,0.45297750961113614
500,23,6,CGATATAC,7 3 6 1 0 2,0.746988969974677,0.015413605969724742,0.7624025759444018,0.020217148336142007
500,23,6,CGATATAA,3 6 7 2 0 1,1.1718773698278797,-0.3582406975001229,0.8136366723277568,-0.23412617963900487
500,24,4,CGATATAG,0 2 4 5,-0.13554731512345974,0.005261935626917236,-0.1302853794965425,0.03736924668568445
500,24,4,CGATCTAG,2 0 5 4,1.182015071538017,0.4357562268263324,1.6177712983643495,0.269355889344127
500,24,4,CGATATAG,0 5 4 2,-0.13554731512345974,0.06777115013247048,-0.06777616499098926,0.33332511165261114
500,24,4,CGATATAG,5 4 0 2,-0.13554731512345974,-0.147201491186566,-0.28274880631002575,-0.5206087095736981
500,25,3,CATTATAT,4 3 6,1.0758310069454473,-0.028659734710815954,1.0471712722346314,-0.025948370257806438
500,25,3,CATTATAT,4 6 3,1.0758310069454473,-0.1276862507907186,0.9481447561547287,-0.10609424166538199
500,25,3,CATGATAT,4 3 6,-0.9532752632269952,0.17194736699868263,-0.7813278962283126,0.15281186351912987
500,25,3,CATTATAT,6 4 3,1.0758310069454473,-0.19810115157044272,0.8777298553750046,-0.15550369008756895
500,26,3,CGATATCC,0 5 2,-0.22469270328395963,-0.022891574074455967,-0.2475842773584156,-0.09245972449743632
500,26,3,CGATATCC,0 5 2,-0.22469270328395963,-0.022891574074455967,-0.2475842773584156,-0.09245972449743632
500,26,3,CGATATCC,5 2 0,-0.22469270328395963,-0.06192446174187349,-0.2866171650258331,-0.21605287225659417
500,26,3,CGATATCC,5 0 2,-0.22469270328395963,-0.055730890949198475,-0.2804235942331581,-0.19873823777774222
500,27,4,CGATATAC,1 7 0 5,0.5624550501161623,0.0008473070389922732,0.5633023571551545,0.0015041780461765282
500,27,4,CGATATAT,5 0 1 7,-0.22087532607228777,0.008597255982011553,-0.21227807009027622,0.03746528628843865
500,27,4,CGATATAT,1 5 7 0,-0.22087532607228777,0.3335935895512998,0.11271826347901204,0.601645250349375
500,27,4,CGATATAG,1 7 0 5,-0.1454794352816129,0.04787505995391639,-0.0976043753276965,0.2476025183464121
500,28,5,CGATATAT,5 0 6 2 4,-0.18110814983293477,0.22371752542945966,0.04260937559652489,0.5526268196414506
500,28,5,CGATATAT,2 6 4 5 0,-0.18110814983293477,-0.17067301569935456,-0.35178116553228933,-0.4851681454892695
500,28,5,CGATATCT,6 0 4 5 2,0.2101897309999372,-0.21835032279129685,-0.00816059179135964,-0.5095213874632768
500,28,5,CGATATAT,5 0 2 6 4,-0.18110814983293477,0.28111042810175046,0.10000227826881569,0.6081763942890962
500,29,2,CAATATAT,0 1,0.16790990432276587,-0.03442807216005672,0.13348183216270915,-0.17015131197073863
500,29,2,CAATATAT,1 0,0.16790990432276587,0.033690272832342494,0.20160017715510836,0.16711430172217392
500,29,2,TCATATAT,0 1,3.6047275078878496,0.3155417101081115,3.920269217995961,0.08048980632748896
500,29,2,CGATATAT,0 1,-0.18147646281021435,-0.053139315418812894,-0.23461577822902724,-0.22649506277851167
500,30,3,CGATATAA,1 3 5,-0.3560878815480666,-0.037974152189784505,-0.3940620337378511,-0.09636592449565118
500,30,3,CGATATAA,1 5 3,-0.3560878815480666,0.07344178162784054,-0.28264609992022605,0.17098186207867003
500,30,3,CGATATAA,5 3 1,-0.3560878815480666,0.013559588755375884,-0.3425282927926907,0.0366824876259666
500,30,3,CAAGATAA,5 3 1,1.940206401464443,0.32336754768554066,2.2635739491499836,0.14285707246585494
500,31,4,CGATATAT,0 5 4 6,-0.2417730422726564,0.17041685542827834,-0.07135618684437806,0.41344258163242187
500,31,4,CGATCTAT,6 4 5 0,0.853032599733389,-0.14096217868827932,0.7120704210451096,-0.14181380199210758
500,31,4,CGATATCT,4 0 5 6,0.19534058238320662,-0.06517653907803478,0.13016404330517184,-0.25018140348112
500,31,4,CGATATAT,0 5 4 6,-0.2417730422726564,0.17041685542827834,-0.07135618684437806,0.41344258163242187
1000,0,5,CGATCTGT,5 7 3 2 1,1.0660904422859399,0.3151729057524486,1.3812633480383885,0.22817727423234951
1000,0,5,CGATCGGA,3 2 5 7 1,1.2530523339100115,-0.026282422514828596,1.2267699113951829,-0.020543819655362165
1000,0,5,CTATCGGT,2 5 7 1 3,2.697303142707407,-0.3520333444077455,2.3452697982996615,-0.11544588335700179
1000,0,5,CGATCTGG,1 7 3 2 5,2.5694400119305967,-0.05725631281885679,2.51218369911174,-0.021797842513948836
1000,1,6,CACTATCT,4 5 2 7 1 0,1.0171103483607515,-0.18443534359450542,0.8326750047662461,-0.15349840195787862
1000,1,6,CGATATCT,1 4 2 5 0 7,0.2886759843755513,-0.1311400072677884,0.1575359771077629,-0.3123749687439257
1000,1,6,CGATATCC,5 1 0 7 4 2,0.6430244584588802,0.014860898774381681,0.6578853572332619,0.022588888186961965
1000,1,6,CTATAGCA,0 1 7 2 5 4,1.91310509422122,0.06094720190723901,1.974052296128459,0.03087415770431694
1000,2,4,CGATATGT,7 5 4 3,0.7685721176547469,0.21893152598067722,0.9875036436354241,0.22170199309310543
1000,2,4,CGATATGA,3 5 4 7,2.3438915799793905,-0.2387657809086403,2.10512579907075,-0.09244965457846958
1000,2,4,CGATCTGT,5 3 7 4,0.5476314961503932,0.27510988076493037,0.8227413769153236,0.3343819679962986
1000,2,4,CGATATGA,5 7 4 3,2.3438915799793905,0.12753511350450308,2.4714266934838935,0.05160384236391037
1000,3,4,CGATATAG,1 7 4 3,-0.09570278771554275,-0.03174618080504832,-0.12744896852059107,-0.2490893506126674
1000,3,4,CGATATAT,3 7 1 4,-0.27371474845048327,-0.18147521471904993,-0.4551899631695332,-0.3986801761959334
1000,3,4,CGATATAT,4 7 3 1,-0.27371474845048327,-0.028598783596627708,-0.302313532047111,-0.09459974683558334
1000,3,4,CAATATAT,4 7 3 1,-0.10398806759223911,0.22320993491437546,0.11922186732213635,0.6821861172879963
1000,4,6,CGATATAT,7 3 5 2 6 4,-0.3467628063246113,-0.023754228451399406,-0.3705170347760107,-0.0641110292425815
1000,4,6,CGATATAC,5 2 4 7 6 3,0.5815400848515249,0.16069072950929275,0.7422308143608176,0.21649697964597955
1000,4,6,CGATCTAT,6 2 4 3 7 5,0.11003124008117071,0.09500604277980429,0.205037282860975,0.4633598409720582
1000,4,6,CGATATCG,2 7 3 5 6 4,-0.18597792825706527,-0.27230195517099887,-0.45827988342806414,-0.5941826491141236
1000,5,5,TGATATCG,3 5 2 0 6,1.7982855307619667,0.23619889151794915,2.034484422279916,0.11609766530099859
1000,5,5,CGATATAG,3 0 5 2 6,-0.4902821844472902,-0.00787909013369692,-0.49816127458098713,-0.015816344095241387
1000,5,5,CGATATCG,5 2 6 3 0,-0.021040628714940612,0.1889042958919145,0.16786366717697387,0.8997802459176305
1000,5,5,CGATATAG,3 0 2 6 5,-0.4902821844472902,-0.10218145382741106,-0.5924636382747013,-0.17246873432599366
1000,6,7,CGATATAT,4 0 5 1 6 2 7,-0.15267025128447353,-0.10263595022547456,-0.2553062015099481,-0.40201119133988333
1000,6,7,CTATATCA,0 6 5 4 1 7 2,-0.5172007696574275,-0.4131399514054621,-0.9303407210628896,-0.44407381301493576
1000,6,7,CAATATAT,0 6 5 2 1 4 7,-0.05584790354557567,0.0954591845384627,0.03961128099288702,0.6308969774465764
1000,6,7,CAATATCT,4 5 6 1 7 0 2,1.9008015535929452,0.04652096660582927,1.9473225201987745,0.02388970811115593
1000,7,3,CGGTATAG,1 5 2,2.276889400170755,0.22430266679939548,2.5011920669701504,0.08967830570129197
1000,7,3,CGGTATAG,1 2 5,2.276889400170755,-0.2791649698491696,1.9977244303215853,-0.10921714855658313
1000,7,3,CGATACAG,5 2 1,0.5338370656738114,-0.19214448221601277,0.3416925834577986,-0.26466854808432794
1000,7,3,CGATATAG,2 5 1,-0.3646185209864468,0.022888194987233712,-0.3417303259992131,0.05906528595181375
1000,8,2,CGATATAT,2 7,-0.2838173129417788,-0.004692306902232324,-0.28850961984401113,-0.016263953017474148
1000,8,2,CGATATAC,2 7,0.7777461162496482,0.041521945279642036,0.8192680615292902,0.050681757570452485
1000,8,2,CGATATAT,2 7,-0.2838173129417788,-0.004692306902232324,-0.28850961984401113,-0.016263953017474148
1000,8,2,CGGTATAC,2 7,2.756394517707313,-0.30946445994243765,2.446930057764875,-0.1009389088664702
1000,9,6,CGATATCT,5 3 7 1 4 2,0.06014230181965985,-0.20787679577752982,-0.14773449395786997,-0.7756044164059954
1000,9,6,CGATATCT,1 2 3 7 5 4,0.06014230181965985,-0.10321265749208663,-0.043070355672426786,-0.63183057268017
1000,9,6,CGAGATCG,5 7 3 2 1 4,3.355347288049236,-1.1512085236346348,2.2041387644146013,-0.2554519619284348
1000,9,6,CGGTATCC,5 7 4 3 1 2,2.992619315534135,0.7434223370372237,3.736041652571359,0.19898662974636744
1000,10,4,AGATATCT,7 2 4 0,2.678240706426865,0.8212369954199588,3.499477701846824,0.23467416151460457
1000,10,4,CGGTATCA,2 4 0 7,-0.1860199701664702,-0.6389004950943726,-0.8249204652608428,-0.7744995087403366
1000,10,4,CGGTATCA,4 7 2 0,-0.1860199701664702,0.36578971337793886,0.17976974321146866,0.6628910732924832
1000,10,4,CGCTATCG,0 4 7 2,2.3520741103434215,0.08011905600259528,2.432193166346017,0.03294107438142399
1000,11,4,CGATCCTT,5 4 7 6,1.078353041486297,0.5513154489754495,1.6296684904617464,0.33829914010256223
1000,11,4,CGATCTCA,6 5 4 7,1.6824137372566783,0.3100639869047601,1.9924777241614384,0.15561729154851897
1000,11,4,CGATATCA,6 4 7 5,0.7000810923077916,-0.07432980297871161,0.62575128932908,-0.09598238277783057
1000,11,4,CGATACAC,7 4 6 5,1.637408550623105,0.4491131798492578,2.086521730472363,0.2152449089267736
1000,12,4,CGATATAG,0 5 6 2,-0.4468340827402091,-0.018600798367082838,-0.4654348811072919,-0.03996434114011964
1000,12,4,CGATATAG,5 2 6 0,-0.4468340827402091,0.08587030585247302,-0.36096377688773607,0.1611969183871909
1000,12,4,CGATATTG,2 6 0 5,0.9985129166575195,0.13236567459677495,1.1308785912542945,0.11704675959066821
1000,12,4,CGATATCG,5 0 2 6,-0.00404503369125031,-0.009672630203324317,-0.013717663894574628,-0.7051222626288335
1000,13,6,CGATATCT,1 7 5 2 3 4,0.06014230181965985,0.024834064892083063,0.08497636671174291,0.29224672521390865
1000,13,6,CTATATCT,5 3 2 4 7 1,1.2838842122678202,-0.04354426131710554,1.2403399509507147,-0.032803470909063395
1000,13,6,CGATATCG,1 4 2 5 3 7,-0.4267005852698307,0.7814897242149978,0.35478913894516717,0.6468266779496225
1000,13,6,CGATATCC,4 2 3 1 5 7,0.5214342955507982,0.1428154259382728,0.664249721489071,0.2150026132011296
1000,14,3,CAATATAT,1 2 6,-0.07630993472836534,-0.0031456383706303104,-0.07945557309899565,-0.03958990223015675
1000,14,3,CAGTATAT,6 1 2,0.44217504280338016,0.1997004611084403,0.6418755039118205,0.31112024043820613
1000,14,3,CAATATAT,1 6 2,-0.07630993472836534,-0.08095899548542218,-0.15726893021378752,-0.514780607812163
1000,14,3,CGATATCT,6 1 2,0.30094870251026307,-0.013593976134097518,0.28735472637616555,-0.043218224606866855
1000,15,4,CTATATCA,2 7 3 6,-1.0621667099148508,0.23841934086243377,-0.8237473690524171,0.18331685221438782
1000,15,4,CTATATCT,3 7 2 6,0.8346764095995733,0.3231683131335008,1.1578447227330741,0.27911196276014205
1000,15,4,CTATATCA,3 6 2 7,-1.0621667099148508,0.03399729350070224,-1.0281694164141486,0.03101478738105757
1000,15,4,CTGTATCA,6 7 3 2,-0.17218966505735267,0.42012345074997803,0.24793378569262536,0.7092928377541398
1000,16,6,CGATATGA,0 5 3 4 6 2,1.8929877816578387,-0.1507469145724638,1.7422408670853748,-0.07376051052542124
1000,16,6,CGATATCA,3 6 0 5 4 2,0.48430620151349246,-0.3455592705476498,0.13874693096584267,-0.41640396206554053
1000,16,6,CGATCGTA,3 2 0 4 5 6,-1.1062812642846485,0.8588347437942048,-0.2474465204904437,0.4370402257492285
1000,16,6,CGAGATTA,4 0 6 2 3 5,3.2019318770263023,0.3547388575805126,3.556670734606815,0.09973902113818486
1000,17,6,CAATATAT,6 1 2 5 3 7,-0.4353083375421738,-0.22250923182332283,-0.6578175693654966,-0.33825370769276647
1000,17,6,CGATATAT,6 7 2 5 3 1,-0.5070910047690258,-0.028906106936879006,-0.5359971117059048,-0.05392959459218027
1000,17,6,CAATATAT,1 2 6 5 3 7,-0.4353083375421738,-0.15000602270924812,-0.5853143602514219,-0.2562828334586102
1000,17,6,CGATATAA,3 6 2 7 1 5,1.0217317206618546,0.11777679670786512,1.1395085173697197,0.10335753959937431
1000,18,3,CGATATAC,0 4 1,-0.33328183964114844,0.011914947823965072,-0.32136689181718336,0.03451639255237631
1000,18,3,CGATATAC,1 4 0,-0.33328183964114844,-0.053374072714365006,-0.38665591235551344,-0.13804023424654074
1000,18,3,CGATATAC,0 1 4,-0.33328183964114844,0.009815336958848953,-0.3234665026822995,0.02860803768808696
1000,18,3,CTATATAC,4 1 0,0.28072447236263987,-0.03603245672658151,0.24469201563605836,-0.11375428101979167
1000,19,4,CTATATAG,3 6 1 5,2.699001236447428,-0.07494309896439777,2.62405813748303,-0.027016799871462296
1000,19,4,CGATATAG,6 3 1 5,-0.5174825701914987,0.008858579150573753,-0.5086239910409249,0.01683048942999611
1000,19,4,CGATATCG,1 5 3 6,-0.0807535961080803,0.0279434957910758,-0.052810100317004505,0.25707675617486087
1000,19,4,CGATATCG,1 5 6 3,-0.0807535961080803,0.07849636500668344,-0.0022572311013968616,0.4929129304472163
1000,20,8,CGATATAT,5 2 0 3 4 1 6 7,-0.04591107383369253,-0.0751267343026516,-0.12103780813634413,-0.620688159009162
1000,20,8,CTATCTTC,6 0 3 2 5 7 4 1,-0.26670181936615656,0.4087163818822539,0.14201456251609734,0.6051308376451837
1000,20,8,CGATCGAT,2 6 3 7 1 4 0 5,1.0523807950721746,0.6623976993480234,1.714778494420198,0.38628761761558816
1000,20,8,CGATATCC,1 2 0 4 7 6 5 3,0.9756818572443269,0.25495065398835237,1.2306325112326792,0.2071704198136109
1000,21,3,CGTGATCA,4 0 3,0.37468600385696305,0.352071826360729,0.726757830217692,0.4844417379793072
1000,21,3,AGTTATCA,3 4 0,2.654477268018467,0.6412675537633916,3.2957448217818586,0.1945743946937881
1000,21,3,TGTAATCA,4 0 3,2.328552190285956,-0.25418196959157946,2.0743702206943766,-0.09841584687276987
1000,21,3,CGTGATCA,0 3 4,0.37468600385696305,0.3133638762082722,0.6880498800652353,0.455437731024038
1000,22,7,CGATATAT,7 1 2 0 6 4 3,-0.41412988882610025,0.3211721405900594,-0.09295774823604086,0.43678941134580396
1000,22,7,CGATATAC,4 3 7 0 6 2 1,0.5769604302988323,0.200862246783025,0.7778226770818573,0.2582365527533809
1000,22,7,CGATATAT,3 6 4 7 2 0 1,-0.41412988882610025,-0.1627306043588046,-0.5768604931849048,-0.28209698234030994
1000,22,7,CGATATCC,6 2 0 4 7 1 3,0.7206482054927696,-0.042366311986265615,0.678281893506504,-0.05552490944240741
1000,23,6,CGATATAT,0 5 7 6 4 1,-0.22206215335531865,-0.20848237707726724,-0.4305445304325859,-0.4842295333952945
1000,23,6,CTATCGTA,6 0 4 7 1 5,-2.627768196061801,0.5226856054881814,-2.1050825905736197,0.165908036877426
1000,23,6,CGATATAC,7 1 6 4 5 0,0.5869041977403433,-0.33574187106512454,0.25116232667521876,-0.3638902092758094
1000,23,6,CGATATCT,0 6 1 7 4 5,0.40507035663293633,-0.1464842198293681,0.25858613680356823,-0.26558427049762584
1000,24,1,CGATATAT,4,-0.04645090047515765,0.0,-0.04645090047515765,0.0
1000,24,1,CGATATAT,4,-0.04645090047515765,0.0,-0.04645090047515765,0.0
1000,24,1,CGATATAT,4,-0.04645090047515765,0.0,-0.04645090047515765,0.0
1000,24,1,CGATATAT,4,-0.04645090047515765,0.0,-0.04645090047515765,0.0
1000,25,5,CGCGATAT,0 1 3 2 4,-0.37478768060475254,0.03736844282005247,-0.33741923778470007,0.09066574702212347
1000,25,5,CTATATAT,3 4 1 0 2,0.7667213295318982,-0.2581028385893811,0.5086184909425171,-0.25185085072938757
1000,25,5,CAATATAT,3 1 0 4 2,-0.02022496200820889,0.17380722846963703,0.15358226646142814,0.8957649142732421
1000,25,5,CAATATAT,4 3 2 0 1,-0.02022496200820889,0.03848945770540535,0.01826449569719646,0.6555367130109048
1000,26,2,CGGTATCG,3 2,0.18951546059859048,-0.10964222055883699,0.07987324003975349,-0.3665031101144929
1000,26,2,CGTGATCG,3 2,2.8775147599055324,0.532092007657242,3.4096067675627744,0.1560567079814859
1000,26,2,CGTGATCG,3 2,2.8775147599055324,0.532092007657242,3.4096067675627744,0.1560567079814859
1000,26,2,CGGTATCG,3 2,0.18951546059859048,-0.10964222055883699,0.07987324003975349,-0.3665031101144929
1000,27,4,GGATAATA,3 4 6 2,0.8505655620305652,-0.23539277634786382,0.6151727856827014,-0.2167604115452129
1000,27,4,GGATAATA,3 6 2 4,0.8505655620305652,-0.1505890759007813,0.6999764861297839,-0.15041540057382008
1000,27,4,GGATCATA,6 4 2 3,-0.5894318968308465,-0.10416837353804276,-0.6936002703688893,-0.1501850244127516
1000,27,4,GGATCATA,2 6 3 4,-0.5894318968308465,0.10635749073154166,-0.48307440609930485,0.15285874236189767
1000,28,5,CGATATAG,6 7 3 1 4,-0.25556084748825736,-0.33940954108428567,-0.594970388572543,-0.570464593874326
1000,28,5,CGATATCT,3 4 7 6 1,0.07034800147867193,-0.021265267001525423,0.049082734477146506,-0.23211994675336808
1000,28,5,CGATATAT,6 4 3 7 1,-0.41547372028575524,0.015518212668209408,-0.39995550761754584,0.03600580772324327
1000,28,5,CTATATTA,3 1 7 4 6,0.7879692722430285,0.05621234740756975,0.8441816196505982,0.0665879783438494
1000,29,4,CGATCTCC,1 4 2 3,-1.0683354364272324,0.07837118778305907,-0.9899642486441733,0.0683445845069844
1000,29,4,CGATATCC,1 2 4 3,-0.44802570064126634,0.12813815797866202,-0.31988754266260433,0.2223988125280685
1000,29,4,CGATATCC,3 2 1 4,-0.44802570064126634,-0.05912903000413561,-0.507154730645402,-0.11658972386768111
1000,29,4,CACGATCC,4 1 2 3,2.482220082722244,0.5823732190257509,3.064593301747995,0.19003279120057287
1000,30,3,CGATATAT,2 0 1,-0.29643773622349023,-0.010427284090044342,-0.3068650203135346,-0.03398003486806814
1000,30,3,CAATATAT,0 1 2,0.08806871305882957,-0.09832476045778593,-0.010256047398956358,-0.5275118200370951
1000,30,3,CGATATAT,1 2 0,-0.29643773622349023,0.11066475972699896,-0.18577297649649127,0.27183512955041605
1000,30,3,CGATATAT,0 2 1,-0.29643773622349023,-0.08516511976552232,-0.38160285598901256,-0.22317736471022237
1000,31,4,CGATATAT,5 0 2 6,-0.28264525934707485,0.15850959605607073,-0.12413566329100412,0.3593060217170637
1000,31,4,CGATATAT,6 5 2 0,-0.28264525934707485,-0.07355588787165601,-0.35620114721873086,-0.20650098531683805
1000,31,4,CGATATAT,2 5 0 6,-0.28264525934707485,0.22511761150392573,-0.05752764784314912,0.4433518565991898
1000,31,4,CGATATAT,5 2 0 6,-0.28264525934707485,0.22239200658234637,-0.06025325276472848,0.44034771607017525
2000,0,6,GGATAGTA,6 7 0 4 2 5,1.9832054803216002,0.7018073414170294,2.6850128217386295,0.2613795121330509
2000,0,6,CGATCTAT,0 4 7 5 6 2,0.42433871324764727,0.1879079165300288,0.6122466297776761,0.3069153955135097
2000,0,6,CGATACAT,2 7 4 6 0 5,0.10318817539728009,0.3111648769636375,0.4143530523609176,0.7509655719697723
2000,0,6,CGATATAG,0 4 6 2 5 7,-0.3695617839661267,0.2881916618696021,-0.08137012209652461,0.43814542317361993
2000,1,2,CGATATCG,7 6,0.07767128670677659,0.012411638677617187,0.09008292538439377,0.13778014673319453
2000,1,2,CGATATGA,6 7,2.4846553656050627,0.18012094315349225,2.664776308758555,0.06759326948437394
2000,1,2,CGATATAT,6 7,-0.43180587756043254,0.06130218449069913,-0.3705036930697334,0.12431795220647304
2000,1,2,CGATATCT,6 7,-0.2759717280635403,0.04676448095632635,-0.22920724710721396,0.1449000132285983
2000,2,3,CAATATAC,5 0 3,-0.11421663328521514,0.011941572372834663,-0.10227506091238048,0.09465553437881118
2000,2,3,CAATATAC,0 5 3,-0.11421663328521514,-0.014894573296387215,-0.12911120658160236,-0.11536235847175183
2000,2,3,CAATATAC,3 0 5,-0.11421663328521514,-0.02721974095233204,-0.14143637423754718,-0.1924521969618336
2000,2,3,CAAGATAC,0 5 3,0.8047976973648829,0.16607767741621293,0.9708753747810959,0.17105972788078863
2000,3,4,CGATATAT,6 4 1 2,-0.3220527064618005,-0.12647271558874706,-0.4485254220505476,-0.2819744642578898
2000,3,4,CGATATCT,4 2 6 1,-0.027832847886250622,0.029671145494251316,0.001838297608000694,0.5159840864949738
2000,3,4,CAATATCT,1 2 4 6,1.4852457303216964,-0.2159108209206826,1.2693349094010138,-0.1269200184797806
2000,3,4,CAATATAT,4 6 2 1,-0.07530760344364906,0.1797761838569274,0.10446858041327833,0.7047730698975753
2000,4,2,CGATATAT,6 4,-0.13317306525587846,-0.013872777228196798,-0.14704584248407526,-0.09434321293170318
2000,4,2,CGATATAT,4 6,-0.13317306525587846,0.01524894207255012,-0.11792412318332834,0.10274043820743661
2000,4,2,CGATATAT,6 4,-0.13317306525587846,-0.013872777228196798,-0.14704584248407526,-0.09434321293170318
2000,4,2,CGATGTAT,6 4,3.2265170732884974,0.31056351637144397,3.5370805896599413,0.0878022166866438
2000,5,4,CGATCGTA,7 0 3 4,-0.703354131785143,0.041055952599760914,-0.6622981791853821,0.055152332646977636
2000,5,4,GGATCGTA,7 4 0 3,0.2599446646523731,0.14654463753004077,0.40648930218241386,0.3605129009379888
2000,5,4,AGATAGTA,3 7 4 0,1.2199868779494958,0.0811279331586281,1.3011148111081239,0.06235263211671048
2000,5,4,CGATCGTA,3 7 0 4,-0.703354131785143,-0.1912576697715327,-0.8946118015566757,-0.21378844929022106
2000,6,6,TAATATAT,7 6 4 5 3 2,2.9149146040884193,-0.3484745580961004,2.566440045992319,-0.10678302242777285
2000,6,6,TAATACCT,5 4 7 3 6 2,0.5124427051984624,0.7467627235902254,1.2592054287886878,0.5930428082005534
2000,6,6,TACGATCA,7 2 4 3 6 5,3.3745346933240175,0.7679047205153022,4.14243941383932,0.18537500342185773
2000,6,6,TATGATCC,5 4 3 6 7 2,0.8022250007569243,0.23338278275096158,1.0356077835078858,0.22535827411457887
2000,7,4,CGGTATAA,4 7 1 5,0.7838765068014122,0.10217634075261861,0.8860528475540308,0.11531630538142137
2000,7,4,CAGTATAT,5 1 7 4,-0.1903866936860421,0.1454059973435715,-0.044980696342470594,0.4330231158329415
2000,7,4,CAGTATAC,7 1 4 5,0.45822141820143525,-0.12294053522531012,0.3352808829761251,-0.2115426422882767
2000,7,4,CGGTATAT,5 7 1 4,-0.6938530632461855,-0.06608068579825721,-0.7599337490444427,-0.0869558509295692
2000,8,5,CGATACCA,0 5 7 4 2,1.4218840430368402,-0.7675736557473689,0.6543103872894713,-0.3505770658065681
2000,8,5,CGATATCT,5 0 2 7 4,-0.24756084136344003,-0.04225318008219592,-0.28981402144563595,-0.14579411952337812
2000,8,5,CGATATCG,7 2 5 4 0,-0.34309405218468525,-0.3413753811410265,-0.6844694333257118,-0.49874452315912193
2000,8,5,CGATATCC,5 0 7 4 2,0.2504018030513908,-0.09150413488586029,0.15889766816553053,-0.2676295575265901
2000,9,2,CAATATAT,2 7,-0.1555227796585692,-0.02437100400448511,-0.1798937836630543,-0.13547440888859522
2000,9,2,CAATATAT,2 7,-0.1555227796585692,-0.02437100400448511,-0.1798937836630543,-0.13547440888859522
2000,9,2,CAATATAG,2 7,1.6132958081280755,0.05019728829660508,1.6634930964246806,0.030175832051538606
2000,9,2,CAATATAT,7 2,-0.1555227796585692,0.023352989654534362,-0.13216979000403484,0.13055423741410926
2000,10,5,CAATATAT,7 5 1 6 2,-0.28008773197176495,-0.06496869555952056,-0.3450564275312855,-0.1882842641835153
2000,10,5,CGATATCC,5 6 2 7 1,0.5471188360399979,0.07089802365652709,0.618016859696525,0.11471859148202092
2000,10,5,CTATATCC,2 7 6 5 1,1.6362989387489648,0.47838820130140824,2.114687140050373,0.22622173854521704
2000,10,5,CAATATAT,6 1 5 2 7,-0.28008773197176495,-0.1078147829258631,-0.38790251489762806,-0.2779429851191263
2000,11,2,CAATCTAT,7 6,-0.10099095350536436,0.005405906073517652,-0.0955850474318467,0.05080888754531091
2000,11,2,CAATCTAT,6 7,-0.10099095350536436,-0.005429704256587176,-0.10642065776195153,-0.051021149190157065
2000,11,2,CAATCTCT,6 7,-0.6558307535252865,0.1252983172656461,-0.5305324362596404,0.16040667535107256
2000,11,2,CAATCTAT,6 7,-0.10099095350536436,-0.005429704256587176,-0.10642065776195153,-0.051021149190157065
2000,12,4,CGATATCG,2 5 1 7,-0.3092670941257947,0.27504371606585387,-0.0342233780599408,0.4707147485011309
2000,12,4,CGATATCT,5 7 1 2,-0.3085185307860283,-0.051420177329700056,-0.35993870811572837,-0.14285814826330742
2000,12,4,CGGTATCT,2 5 7 1,0.058645918934312924,-0.5585168172509354,-0.49987089831662246,-0.9049749515066158
2000,12,4,CGATATCC,2 7 1 5,0.3187945007641906,-0.0953883081861644,0.22340619257802619,-0.2303048463742441
2000,13,4,CTATATCA,5 4 1 7,-0.17186498570751496,-0.1062726140173238,-0.27813759972483876,-0.38208647130937773
2000,13,4,CGATATCG,4 5 1 7,-0.6187629803246293,0.48502274584299476,-0.13374023448163452,0.43941748325284813
2000,13,4,CGATATCG,1 4 7 5,-0.6187629803246293,0.11698468383675964,-0.5017782964878696,0.15900109444465546
2000,13,4,CGATATCT,5 1 7 4,-0.46736568357242936,-0.1071413113266595,-0.5745069948990889,-0.18649261415081408
2000,14,5,CTATATCA,1 4 6 2 7,-0.014337826343662652,-0.13062176166020745,-0.1449595880038701,-0.9010908726970177
2000,14,5,CTGTCTTG,1 7 6 4 2,4.680539142114002,0.7820583897920734,5.462597531906075,0.14316602774123618
2000,14,5,CGATATAT,2 6 4 7 1,-0.4623035587885427,0.050430069038189806,-0.4118734897503529,0.09835529854349945
2000,14,5,CGATATAT,1 7 6 2 4,-0.4623035587885427,0.030992286571778216,-0.43131127221676446,0.06282697667794129
2000,15,3,CGATACCG,3 4 0,0.967948072392814,-0.21727921850288756,0.7506688538899264,-0.18332282775794423
2000,15,3,CGATACCG,0 3 4,0.967948072392814,0.054188426218382046,1.022136498611196,0.05301486278203479
2000,15,3,TGATACCG,3 4 0,-1.6823807307967358,0.25029178815075914,-1.4320889426459766,0.12950553479544707
2000,15,3,TGATCCCG,0 4 3,-1.7152485433059672,0.11221609671964305,-1.6030324465863242,0.06140534501289746
2000,16,4,GTATAGGA,6 3 0 5,5.556305030001827,0.3841990734553091,5.940504103457136,0.06467449003725469
2000,16,4,CTATATCA,0 3 6 5,-0.5881058960038587,-0.07442622820411815,-0.6625321242079768,-0.11233602943116289
2000,16,4,CTATATTA,0 6 5 3,0.7507299324797909,0.015904043088924347,0.7666339755687153,0.02074528861980867
2000,16,4,CTATATCA,3 5 6 0,-0.5881058960038587,-0.11014090958082123,-0.6982468055846799,-0.15773922444026692
2000,17,4,ATATCTTA,4 3 1 0,2.706896187019454,0.03954599646121837,2.7464421834806725,0.014398991065269831
2000,17,4,ATATCTTA,1 0 4 3,2.706896187019454,0.31115682024128377,3.018053007260738,0.10309852726002902
2000,17,4,CGATATTA,3 1 0 4,-0.8440158837784562,-0.11141261107752065,-0.9554284948559768,-0.11661009869117961
2000,17,4,CGATATTA,4 0 1 3,-0.8440158837784562,0.1661131981667321,-0.6779026856117241,0.16444749600402628
2000,18,6,CGATATCA,4 6 1 3 5 0,0.523033040663353,0.10021341686669594,0.6232464575300489,0.16079259762477557
2000,18,6,GTATATTA,0 6 5 4 3 1,3.362624103438212,-1.2415303348627704,2.1210937685754416,-0.2696543635753708
2000,18,6,CGATATAA,4 1 5 3 6 0,1.146425864174312,0.1604780698144257,1.3069039339887376,0.1227925524140389
2000,18,6,CGATATTA,1 5 4 0 6 3,0.2126345736532831,0.25855523628658084,0.4711898099398639,0.5487284122710108
2000,19,3,CGGTATCA,4 5 3,0.022901863416491197,0.11078666451092944,0.13368852792742064,0.8286923809279687
2000,19,3,CGGTATCA,3 4 5,0.022901863416491197,0.012460397767686704,0.0353622611841779,0.35236428187634805
2000,19,3,CGGTATCA,5 4 3,0.022901863416491197,-0.005590551554373047,0.01731131186211815,-0.19621192377304028
2000,19,3,CGGTATCA,3 5 4,0.022901863416491197,-0.09359985429156437,-0.07069799087507317,-0.8034203798275187
2000,20,5,CAATATAT,1 3 6 2 5,-0.12596383581350556,-0.4188624925141369,-0.5448263283276424,-0.7688000207329286
2000,20,5,CGGTATAT,6 2 1 5 3,-0.3541506011394686,-0.383270339993949,-0.7374209411334176,-0.5197443123934908
2000,20,5,CTATATCT,3 2 5 1 6,1.6758971021947984,-0.0915930984023241,1.5843040037924743,-0.05182099361647415
2000,20,5,CGATATAT,2 5 3 6 1,-0.22461781178975093,-0.08414833266268928,-0.3087661444524402,-0.27253095643603115
2000,21,6,CGATATTA,4 2 7 5 3 0,-0.082486419796854,0.13076850885434688,0.04828208905749287,0.6132027507239068
2000,21,6,CGATACTA,0 4 2 7 3 5,0.25180018876420496,0.5914994669050131,0.843299655669218,0.7014107772113536
2000,21,6,GGATCCTA,3 0 5 2 4 7,0.7685650625595253,0.2101035646633198,0.9786686272228451,0.21468304880634406
2000,21,6,GGATATTA,4 5 3 7 0 2,1.6619051951156294,0.6818804362938167,2.343785631409446,0.29093122986839237
2000,22,4,CGATCGTC,6 1 7 3,5.084868636530509,-0.5873502757103104,4.497518360820199,-0.1035485909125952
2000,22,4,CGATCGGC,6 3 1 7,0.11440629761400611,-0.08004169965861152,0.034364597955394593,-0.4116355055402932
2000,22,4,CGATCGTA,3 1 7 6,0.09158134620723501,0.4317235726597204,0.5233049188669554,0.8249942950937204
2000,22,4,CTATCGTA,1 6 3 7,-0.8959049752374342,-0.4715801962169368,-1.367485171454371,-0.3448521461592113
2000,23,5,CCATATAT,6 7 5 1 0,0.1730758289278107,0.4237627919843705,0.5968386209121812,0.7100123503011762
2000,23,5,CAATATAT,6 7 0 1 5,-0.26088563350094107,-0.06801730134115669,-0.32890293484209776,-0.20680053029569637
2000,23,5,CAATATAT,7 5 1 0 6,-0.26088563350094107,0.06734728700890091,-0.19353834649204016,0.2051813904110862
2000,23,5,GTATATTC,0 7 5 1 6,3.893762172090584,0.5175286600321396,4.411290832122724,0.11731909768078101
2000,24,7,CAATATAA,2 6 5 4 1 0 7,2.492141409347065,0.02166511608316668,2.5138065254302315,0.008618450093114764
2000,24,7,CTATACCA,0 5 4 6 7 1 2,2.8127657259091423,-0.1995938507839039,2.6131718751252384,-0.06625830871194237
2000,24,7,TGATCTAT,7 1 4 5 0 2 6,1.9864472103859914,-0.09639068355033764,1.8900565268356537,-0.04627853364438752
2000,24,7,CGATATCC,0 4 5 1 7 2 6,0.4539830060674026,-0.05969777127902276,0.39428523478837985,-0.11621570031763656
2000,25,3,CTATATAA,3 2 0,0.29370257826424373,-0.03133853473477188,0.26236404352947185,-0.09641406419521703
2000,25,3,CTATATAA,3 0 2,0.29370257826424373,0.009683825590087736,0.30338640385433147,0.03191911525058765
2000,25,3,CTATATAA,0 2 3,0.29370257826424373,0.033578502994402015,0.32728108125864575,0.10259836243899899
2000,25,3,GTATATAA,3 2 0,1.1684413671172953,0.3399498457561343,1.5083912128734296,0.22537246495127905
2000,26,4,CTATCGCA,5 6 0 3,0.9122086524726294,0.06228531924048131,0.9744939717131107,0.06391555109467419
2000,26,4,CTATCGTA,3 6 5 0,-0.5627686414301829,-0.6955029609671914,-1.2582716023973743,-0.552744701256911
2000,26,4,CTATCGCA,6 3 0 5,0.9122086524726294,0.01588914619846893,0.9280977986710983,0.017120120553264846
2000,26,4,CTATCGTA,0 5 6 3,-0.5627686414301829,0.5661865786823324,0.00341793725214945,0.5015137612153513
2000,27,4,CGATATCT,6 3 1 2,0.12022796352209442,-0.013655224061142501,0.10657273946095192,-0.10199356848038049
2000,27,4,CGATATAT,2 1 3 6,-0.2372845029997407,0.17188637044934607,-0.06539813255039462,0.4200845700487866
2000,27,4,CGATATAT,6 2 1 3,-0.2372845029997407,-0.1244868403980317,-0.3617713433977724,-0.3441036518504916
2000,27,4,CAATATAT,3 2 6 1,-0.04765828597428179,0.25863244691297727,0.21097416093869548,0.8444018024148838
2000,28,4,CGATATAT,1 6 3 2,-0.2372845029997407,-0.010816487551647658,-0.24810099055138835,-0.04359711554399165
2000,28,4,CAATATAT,3 1 6 2,-0.04765828597428179,-0.030846138211038543,-0.07850442418532033,-0.39292229108288285
2000,28,4,CAATATAT,2 3 6 1,-0.04765828597428179,0.2885421880464287,0.24088390207214694,0.8582444414657608
2000,28,4,CGATATAT,2 6 3 1,-0.2372845029997407,-0.026949490488487715,-0.2642339934882284,-0.10199100476331525
2000,29,2,CGATATAT,7 2,-0.21875306341759893,0.03074679511296119,-0.18800626830463774,0.1232337176223094
2000,29,2,CGATATAT,2 7,-0.21875306341759893,-0.03366074350965653,-0.25241380692725546,-0.1333553973113579
2000,29,2,CGATATAT,7 2,-0.21875306341759893,0.03074679511296119,-0.18800626830463774,0.1232337176223094
2000,29,2,CGATATAT,7 2,-0.21875306341759893,0.03074679511296119,-0.18800626830463774,0.1232337176223094
2000,30,4,CGATATGT,1 7 6 5,1.1586103105868135,0.33250611921489615,1.4911164298017097,0.2229913858967493
2000,30,4,CGATATAT,6 1 5 7,-0.5283956819665871,0.053624051627353175,-0.474771630339234,0.09213442179396146
2000,30,4,CTATATCA,5 6 7 1,0.045635298405834135,0.08465287141725142,0.13028816982308555,0.6497356707995748
2000,30,4,CGATATCG,1 6 5 7,-0.1441738320989745,0.24073240261752327,0.09655857051854877,0.6254312892458976
2000,31,7,CAATATAT,3 6 0 5 4 1 2,-0.29341847365166807,0.1640534743910358,-0.12936499926063227,0.35860881763994373
2000,31,7,CGATATAT,2 3 1 6 0 5 4,-0.37871682899910186,0.012490984880448863,-0.366225844118653,0.03192928269141046
2000,31,7,CGATATAT,2 0 5 4 3 1 6,-0.37871682899910186,0.11826004729521422,-0.26045678170388764,0.2379588526875023
2000,31,7,CAATATAT,0 6 4 1 2 3 5,-0.29341847365166807,0.06471737923675036,-0.2287010944149177,0.18070622841805745
5000,0,2,CGATATAA,5 4,-0.30614642165767936,-0.03232797359886164,-0.338474395256541,-0.09551083937784774
5000,0,2,CGATATAA,4 5,-0.30614642165767936,0.033190621679401455,-0.2729557999782779,0.09781019293679505
5000,0,2,CGATCGAA,5 4,1.7703769476906723,0.1427641083467659,1.9131410560374382,0.07462288674232087
5000,0,2,CGATCGAA,4 5,1.7703769476906723,-0.15473474366777573,1.6156422040228966,-0.08037702142808541
5000,1,3,TTATCCTA,6 7 2,0.9236715299657297,0.02369540058381636,0.947366930549546,0.025011851078727436
5000,1,3,TTATCCAT,6 7 2,4.607591261028942,0.3400500639184454,4.947641324947387,0.06872973232797175
5000,1,3,TTATCCTA,6 2 7,0.9236715299657297,0.029205994464715612,0.9528775244304453,0.030650313094720796
5000,1,3,TTATCCAT,7 6 2,4.607591261028942,0.46884020407042293,5.076431465099365,0.09235625602230917
5000,2,6,CGGTATCC,7 2 0 4 3 6,1.96448206375962,-0.21159753382748825,1.7528845299321318,-0.09723795676505258
5000,2,6,CGATATAT,3 7 0 6 4 2,-0.5086370237713136,0.25159266441534456,-0.25704435935596903,0.33094296148241364
5000,2,6,CGATCTAT,2 7 0 6 3 4,0.03667430742851607,0.7677744601989094,0.8044487676274255,0.9544106363209677
5000,2,6,CGATATCC,0 7 4 6 2 3,0.6492717293199961,-0.13107035542812984,0.5182013738918663,-0.1679652526627933
5000,3,6,CTATCTAT,5 6 1 3 7 4,1.0254927765703155,0.3825657956017601,1.4080585721720755,0.27169735916000487
5000,3,6,CGATATAT,1 3 7 6 5 4,-0.46792062190278627,0.07075904257508725,-0.397161579327699,0.13135643916254372
5000,3,6,CGATACCT,7 6 4 1 3 5,0.1671165213556245,0.28672307832175736,0.45383959967738186,0.6317718386090116
5000,3,6,CGATATAT,3 5 1 6 7 4,-0.46792062190278627,-0.0510998189551124,-0.5190204408578987,-0.09845434771441476
5000,4,5,CGATCGCA,0 3 2 5 7,-0.5419074133276585,0.15091363146552705,-0.3909937818621314,0.21782483745218276
5000,4,5,TGATCGCA,2 3 0 5 7,4.16654883315562,-0.8873195663660987,3.279229266789521,-0.1755723529425641
5000,4,5,CGATCGCT,5 2 0 3 7,-0.10982450280851053,-0.2806838929254587,-0.3905083957339692,-0.7187653223124872
5000,4,5,CGATCTCC,3 5 7 2 0,0.14214556215463325,-0.29199948122426633,-0.14985391906963308,-0.6725850857392471
5000,5,6,CGATATAC,3 1 5 4 2 7,0.7532046185015067,0.2587614833178389,1.0119661018193455,0.25570173037676763
5000,5,6,CGATATAT,4 3 7 2 5 1,-0.4225948161513813,-0.18319337394391688,-0.6057881900952982,-0.3024049939222127
5000,5,6,CCATATAT,5 3 7 1 2 4,0.10457091563997079,-0.3646885935840656,-0.2601176779440948,-0.7771575991866667
5000,5,6,CGCGATAT,7 4 2 1 3 5,-0.452579102765589,-0.32283758190152323,-0.7754166846671122,-0.41634077301305167
5000,6,6,CTATCGCG,6 7 3 4 5 2,-0.34552753114323576,0.33876191644359555,-0.00676561469964021,0.4950564671693394
5000,6,6,CTATCTAA,3 2 5 7 6 4,0.438677894397582,-0.04019646808533395,0.39848142631224803,-0.08393948650105063
5000,6,6,CTATCTCA,3 2 7 4 5 6,0.15676099425331103,-1.1268471623663885,-0.9700861681130775,-0.8778747287909644
5000,6,6,CTATCGCA,3 6 7 2 5 4,0.40546932955614334,0.3534495372554938,0.7589188668116371,0.4657276985883915
5000,7,3,TGATATAA,0 4 3,2.884494662896989,-0.213799462233907,2.670695200663082,-0.06900554098454886
5000,7,3,CGATATAA,3 0 4,-0.123717824783981,0.0058527131702195145,-0.11786511161376148,0.045170092388504876
5000,7,3,CGATATAA,0 4 3,-0.123717824783981,0.11813976607726917,-0.005578058706711825,0.48846829928544216
5000,7,3,CGATATAA,0 3 4,-0.123717824783981,0.00764101223530278,-0.11607681254867822,0.058169000340502874
5000,8,3,CGATATAC,6 7 2,0.8559362696979811,-0.14329876806134134,0.7126375016366397,-0.14340847012598104
5000,8,3,CGATATAG,6 2 7,-0.1638597462224185,0.10546273875901857,-0.05839700746339993,0.39158534708413795
5000,8,3,CGATATCC,7 6 2,0.472521230359626,-0.4016706621511581,0.07085056820846791,-0.45947653552072154
5000,8,3,CGATATAC,7 6 2,0.8559362696979811,-0.05441852714413553,0.8015177425538456,-0.059777272919201596
5000,9,4,TGATACCT,2 3 5 0,0.7021028747066804,0.5289644485050111,1.2310673232116915,0.4296795459772362
5000,9,4,CGGTATCT,3 2 0 5,0.926273810467348,-0.6590051767133835,0.2672686337539645,-0.41570296587691596
5000,9,4,CGATATCT,0 3 2 5,-0.18067865614868966,-0.1665847447906197,-0.34726340093930935,-0.4797071742660651
5000,9,4,CGATATCT,0 5 2 3,-0.18067865614868966,0.01809825029032819,-0.16258040585836148,0.09104805288777594
5000,10,3,AGATCCGT,4 6 0,4.414997062613056,-0.037961830819291276,4.377035231793764,-0.008525080003608621
5000,10,3,CGATACAT,4 0 6,-0.4656318098428327,0.1638238335787341,-0.3018079762640986,0.2602627131726516
5000,10,3,AGATACCT,4 0 6,0.20253920626643662,-0.028804904616065663,0.17373430165037096,-0.1245110779184495
5000,10,3,CGATCCCT,0 4 6,0.08634168262758024,0.26956124589381414,0.3559029285213944,0.7574010335169524
5000,11,4,CGATCGCT,0 2 6 7,0.15211469378830866,-0.46532781921356303,-0.31321312542525437,-0.753637479465481
5000,11,4,CGATCGTT,0 6 7 2,3.610984649563381,0.01078444068217177,3.621769090245553,0.0029776720750136487
5000,11,4,CGATCGCC,0 2 7 6,1.3118033089255214,-0.04957201936494071,1.2622312895605807,-0.03641319064242955
5000,11,4,CGATCGAT,2 7 0 6,0.7863004157047482,0.350489033294886,1.1367894489996342,0.3083148190751714
5000,12,3,CTATCTCA,3 1 0,-0.25362055583190585,-0.04114253791621292,-0.29476309374811877,-0.13957832167201392
5000,12,3,CTATCTCA,3 0 1,-0.25362055583190585,0.08250395981022751,-0.17111659602167834,0.2454565375947413
5000,12,3,CTATCTCA,0 1 3,-0.25362055583190585,0.03496597222411668,-0.21865458360778917,0.12116287083688408
5000,12,3,TTATCTCA,0 3 1,4.198784142304861,0.06880450681725536,4.267588649122116,0.016122572364468426
5000,13,4,CGATCCGT,3 5 0 4,0.9114823794247231,0.3063161149090954,1.2177984943338185,0.2515326766573659
5000,13,4,CGATCCGT,4 3 5 0,0.9114823794247231,0.08437612309873632,0.9958585025234594,0.0847270198375885
5000,13,4,CGATATGT,3 5 0 4,-0.3918983763359911,0.004238009586551961,-0.38766036674943916,0.010698359800204324
5000,13,4,CGATCGGT,3 4 5 0,1.501667165288425,-0.31150040105474197,1.190166764233683,-0.1717990145185435
5000,14,3,CAATATTA,6 0 5,1.150820122463736,-0.30405154687506863,0.8467685755886674,-0.20898856805236363
5000,14,3,CAATATTA,6 5 0,1.150820122463736,-0.0822922424708099,1.068527879992926,-0.06673539639283238
5000,14,3,CAATATCA,0 6 5,-0.5809206544233119,-0.052211200568339944,-0.6331318549916518,-0.08246497180121884
5000,14,3,CAATATCA,5 0 6,-0.5809206544233119,0.08323396208558309,-0.4976866923377288,0.1253231702628214
5000,15,3,CGATATCG,5 7 3,-0.2077047842450488,0.25303000303619094,0.04532521879114215,0.5491879710870138
5000,15,3,CGATATCC,7 3 5,0.45906996677623213,-0.21409696854197136,0.24497299823426077,-0.31804439182796246
5000,15,3,CGATATCT,5 3 7,-0.24578027003164915,-0.061863924052025565,-0.3076441940836747,-0.20108919733164046
5000,15,3,CGATATCG,7 5 3,-0.2077047842450488,-0.02562406194693856,-0.23332884619198735,-0.10981952023992181
5000,16,3,TTATCCTA,1 6 2,0.9717370226535744,0.2874406527438913,1.2591776753974657,0.22827648421670058
5000,16,3,TTATCCTA,1 6 2,0.9717370226535744,0.2874406527438913,1.2591776753974657,0.22827648421670058
5000,16,3,TTATCCTA,1 2 6,0.9717370226535744,0.17897963438320574,1.1507166570367802,0.15553753679389473
5000,16,3,TGATCCCA,6 1 2,0.5097496733044751,-0.6165782686561472,-0.1068285953516721,-0.5474233974723709
5000,17,3,CTATCGAT,5 2 3,0.10462696874119681,0.1487925557434897,0.2534195244846865,0.5871392744740189
5000,17,3,CTATCGAT,5 2 3,0.10462696874119681,0.1487925557434897,0.2534195244846865,0.5871392744740189
5000,17,3,CTATCTAT,2 3 5,-0.3105013732277957,0.1875955408650376,-0.1229058323627581,0.3766245795894939
5000,17,3,CTATCGAT,5 3 2,0.10462696874119681,0.12016390783399,0.22479087657518682,0.5345586514219506
5000,18,5,CGATATAT,7 4 2 5 6,-0.4368286347368955,-0.08684988682584738,-0.5236785215627429,-0.16584580663471366
5000,18,5,CGATCTCA,2 6 5 7 4,1.1309530861081951,0.3172274506861603,1.4481805367943554,0.21905241965781733
5000,18,5,CGATACAT,5 7 6 2 4,0.5021140660119929,-0.05523624466352839,0.44687782134846454,-0.09910507557909279
5000,18,5,CGATATCT,7 5 4 6 2,-0.09938017381726683,0.047132855080159075,-0.05224731873710775,0.32169736326423837
5000,19,6,CGATCGAT,1 5 7 0 6 2,1.5529190477534303,0.6959381296825473,2.2488571774359776,0.30946301822333483
5000,19,6,CGATCGTT,0 7 5 2 1 6,3.831341336285388,1.0941545268380262,4.925495863123414,0.22214098991125492
5000,19,6,CGATCGCT,6 0 7 1 2 5,0.6018945331872452,-0.12942665859294067,0.4724678745943045,-0.17697649137978572
5000,19,6,CGATCTAC,0 6 1 5 2 7,1.2749377386740326,0.3155870855284091,1.5905248242024417,0.19841695063556028
5000,20,4,GGGTATGT,2 3 7 6,7.839050538347616,0.19399789464846062,8.033048432996075,0.024149971989662893
5000,20,4,GGATATTA,2 6 7 3,-0.6441382392987185,-0.23394084545086358,-0.8780790847495821,-0.2664234344194416
5000,20,4,GGATATCG,7 3 2 6,-0.003961018810246575,-0.24526091586632992,-0.2492219346765765,-0.9841064599093698
5000,20,4,GGGTATCA,2 6 7 3,0.6539548266063542,0.033680727196123694,0.6876355538024779,0.04898049120624502
5000,21,3,GGATCGCG,4 3 7,-0.6179123789370988,-0.11668064420675761,-0.7345930231438564,-0.15883712549759388
5000,21,3,GGATCGCG,7 3 4,-0.6179123789370988,0.10847484577814215,-0.5094375331589567,0.1493347378468372
5000,21,3,GGATCGCC,4 7 3,0.3754294178808213,0.05716091678902768,0.432590334669849,0.13213637062106956
5000,21,3,GGATCGCA,3 4 7,-0.3161601559280145,-0.048617645290611744,-0.36477780121862624,-0.133280164330705
5000,22,5,CAATCGTT,3 2 6 1 5,0.009401190131649528,-0.3719594777173496,-0.3625582875857001,-0.9753482964442155
5000,22,5,CAATCTAT,3 6 1 2 5,-0.09461295839059547,0.30962215665759807,0.2150091982670026,0.7659457210210063
5000,22,5,CGATCTCT,2 6 1 3 5,1.5661994818540341,-0.0928601649564742,1.47333931689756,-0.05597156505795017
5000,22,5,CGATCTAT,3 1 5 2 6,-0.3234818044291097,-0.07810051555681952,-0.4015823199859292,-0.1944819571727063
5000,23,5,CTATATCG,1 7 3 4 6,0.22584033876072418,-0.18488345632906267,0.04095688243166151,-0.4501406018822113
5000,23,5,CAATATAT,7 1 3 6 4,-0.44472958292366194,-0.2814048669494973,-0.7261344498731592,-0.387538240333664
5000,23,5,CCATATCT,4 6 1 7 3,0.9791713710220558,0.4744340524630646,1.4536054234851203,0.32638434392022003
5000,23,5,CGATATAT,7 4 3 6 1,-0.3960327698228221,-0.052876379000749374,-0.44890914882357147,-0.11778859740176657
5000,24,3,CTATACCA,5 0 1,2.654174566033933,-0.025828284368937027,2.628346281664996,-0.009637409290461913
5000,24,3,CGATACCA,1 0 5,1.449055319375499,-0.02606808850929543,1.4229872308662035,-0.0176718018099075
5000,24,3,CTATATCA,5 1 0,-0.5223860294511304,-0.03871802308082595,-0.5611040525319564,-0.06900328540867355
5000,24,3,CGATATCA,5 1 0,-0.06630643669228153,0.06736629411312967,0.0010598574208481315,0.5039643740890989
5000,25,3,CAATATAT,0 3 6,-0.17552903362949582,0.07601954051108772,-0.0995094931184081,0.30220620717413615
5000,25,3,CAATATAT,6 0 3,-0.17552903362949582,-0.06912190458921974,-0.24465093821871556,-0.2825327590913444
5000,25,3,TAATATAT,0 3 6,3.699075574128285,-0.6117801425904199,3.087295431537865,-0.1419161722851835
5000,25,3,GAACATAT,0 6 3,1.4619409440266846,0.8001583130081515,2.262099257034836,0.3537237857798515
5000,26,5,CGATATCG,4 7 0 3 2,-0.3009471536854038,-0.24047923404605065,-0.5414263877314545,-0.4441586880418682
5000,26,5,CGGTATCG,7 3 0 4 2,-0.47249419147230487,0.23260008677836108,-0.2398941046939438,0.32988508622625656
5000,26,5,CGATATCG,0 2 3 4 7,-0.3009471536854038,0.059746892285785336,-0.24120026139961848,0.1656442432392069
5000,26,5,CGATATCA,7 2 3 4 0,0.030192387523339193,-0.09426788558413612,-0.06407549806079693,-0.757413455960625
5000,27,3,ATATCGCT,2 7 0,-0.40269657907194434,0.2932794555843308,-0.10941712348761357,0.4213930379501847
5000,27,3,ATATCGCA,7 0 2,0.635050362047819,0.04574353169535561,0.6807938937431746,0.06719145414751926
5000,27,3,GTATCGCT,2 7 0,1.0043346435403242,0.16355105944729953,1.1678857029876237,0.14004029592015024
5000,27,3,GTATCGCC,0 7 2,0.30124236722109154,0.09127124528985009,0.39251361251094163,0.2325301400529283
5000,28,2,CGATATAT,4 1,-0.3232073850309086,-0.007199501972927513,-0.33040688700383614,-0.02178980601225762
5000,28,2,CGATATAT,1 4,-0.3232073850309086,0.006746792811618385,-0.31646059221929024,0.020447665962994233
5000,28,2,CAATATAT,1 4,0.16936233077973006,0.01576298485517902,0.18512531563490908,0.08514764607486558
5000,28,2,CAATATAT,4 1,0.16936233077973006,-0.016029178993697935,0.15333315178603213,-0.086461235540331
5000,29,5,CGATATCT,3 2 5 6 0,0.24636535489490985,0.1820172707957921,0.42838262569070196,0.42489414808155884
5000,29,5,CGATATAT,2 6 5 0 3,-0.32163300388055227,0.05037221732720365,-0.2712607865533486,0.13540728585385092
5000,29,5,CGATACAT,3 0 5 6 2,0.7347907063644321,-0.5680342377035021,0.16675646866092997,-0.4360019665649591
5000,29,5,CGATATCT,6 5 2 0 3,0.24636535489490985,0.24827253105470515,0.494637885949615,0.5019278508722941
5000,30,5,CGATATCG,2 3 7 0 6,-0.04958129957550339,0.1675352708079192,0.1179539712324158,0.7716374227543111
5000,30,5,CGTGATAC,3 2 6 0 7,0.7945626215692476,-0.2936519753716711,0.5009106461975765,-0.26984748798367203
5000,30,5,CGCGATAC,3 0 6 7 2,-0.11687126022215644,-0.4861887722688101,-0.6030600324909665,-0.8062029417877115
5000,30,5,CGATATCC,2 0 7 3 6,0.7311711741883169,-0.6276736968692802,0.10349747731903669,-0.4619171108036475
5000,31,7,CGATATCC,0 5 6 1 7 4 3,0.4570227732853911,-0.34149701966086354,0.11552575362452755,-0.42766256100034883
5000,31,7,CGATCTTC,6 5 4 3 0 7 1,0.26267505832445437,-0.6938078399322585,-0.4311327816078041,-0.7253740147333462
5000,31,7,ATATAGTA,4 6 7 3 1 5 0,0.2804778548700746,0.4532950191535363,0.7337728740236109,0.6177593029133296
5000,31,7,CGATCGAT,1 5 4 7 0 6 3,1.793077887512485,0.5722941211184551,2.36537200863094,0.24194677159881278
10000,0,6,CGATATAT,0 1 6 4 5 7,-0.5355250305735213,0.033698292175084354,-0.501826738398437,0.05920047691012657
10000,0,6,CGATATCT,5 1 4 0 6 7,-0.1174674388562078,-0.2666609471192114,-0.3841283859754192,-0.6941974528700291
10000,0,6,CTATATCT,1 7 0 6 5 4,1.2102534353405856,0.5970271763872832,1.8072806117278688,0.33034558801385544
10000,0,6,CGATCTAC,7 0 5 4 1 6,1.274562432729292,0.03406183525095585,1.3086242679802478,0.026028735737514214
10000,1,4,CTATATAC,5 3 0 1,-0.11290386328635327,0.04297034023279833,-0.06993352305355494,0.27567319840398574
10000,1,4,CGATATAC,5 3 1 0,-0.2761409903187161,0.10236676068316308,-0.173774229635553,0.2704482547905733
10000,1,4,GAATAGAC,0 1 5 3,7.246006314140617,0.15054225455020642,7.3965485686908234,0.020353040766533107
10000,1,4,CGATATAC,3 1 0 5,-0.2761409903187161,-0.0694579180954853,-0.3455989084142014,-0.2009784070620957
10000,2,5,CGGTATAT,7 5 0 3 2,0.447565057824276,0.4524866505731868,0.9000517083974628,0.5027340611117075
10000,2,5,CGATATAT,2 3 5 0 7,-0.31201554446615765,-0.07605905350760445,-0.3880745979737621,-0.1959908066766762
10000,2,5,CGATATAC,5 2 3 7 0,0.7262112554963491,0.32529874650935575,1.0515100020057049,0.30936343533477
10000,2,5,CGATATAT,2 5 7 3 0,-0.31201554446615765,0.3307817309676029,0.018766186501445237,0.5145972822370644
10000,3,5,CTATTTCG,6 0 3 2 5,7.22092073805452,-0.0310980595030097,7.1898226785515105,-0.004288193449454859
10000,3,5,ATATTGCG,5 3 0 6 2,3.3312569861157475,-0.08126572243386754,3.24999126368188,-0.023813972645593606
10000,3,5,CTATTCAG,5 2 0 6 3,5.919271427143183,-0.2899737303833163,5.629297696759867,-0.0467003191252364
10000,3,5,ATATTGCG,3 5 2 6 0,3.3312569861157475,0.33647869617229453,3.667735682288042,0.0917401703173957
10000,4,1,CGATATCG,5,-0.05579155324132756,0.0,-0.05579155324132756,0.0
10000,4,1,CGATATCG,5,-0.05579155324132756,0.0,-0.05579155324132756,0.0
10000,4,1,CGATATCG,5,-0.05579155324132756,0.0,-0.05579155324132756,0.0
10000,4,1,CGATATCG,5,-0.05579155324132756,0.0,-0.05579155324132756,0.0
10000,5,7,GTATCTCA,4 6 7 2 1 3 0,1.882056608103527,0.06942327753657906,1.951479885640106,0.03557468260238178
10000,5,7,CAATATAT,7 6 3 2 0 1 4,-0.6951729057174529,0.2260456674048985,-0.46912723831255443,0.2453768019882034
10000,5,7,CGATATAG,1 4 2 7 6 3 0,-0.48929433946217626,0.9453544620399992,0.4560601225778229,0.6589448658446223
10000,5,7,CTATATAG,1 7 4 0 3 6 2,2.685327947647176,-0.21204292534139135,2.4732850223057845,-0.07318459894734644
10000,6,3,CGATATCT,1 2 6,0.10972997673931584,0.16553077349682743,0.27526075023614327,0.6013598864161358
10000,6,3,CGATATAT,1 6 2,-0.275173962022243,0.08760596469112203,-0.18756799733112095,0.24148514909519822
10000,6,3,CGGTATAT,2 1 6,0.6915067520234879,-0.27471385808563076,0.4167928939378571,-0.28431794479586436
10000,6,3,CGATATAT,6 1 2,-0.275173962022243,0.0357130731648998,-0.23946088885734318,0.11487475874766478
10000,7,3,TTATCGTG,4 7 3,3.1082493033292846,0.2196192222550697,3.3278685255843543,0.06599395996766604
10000,7,3,TTATCGTA,7 4 3,-0.34174463388677434,0.07928929826524511,-0.26245533562152923,0.1883204469054925
10000,7,3,TTATCGTA,3 7 4,-0.34174463388677434,-0.0949892813870643,-0.43673391527383865,-0.21749920962173183
10000,7,3,TTATCGTA,3 4 7,-0.34174463388677434,-0.06586788991186365,-0.407612523798638,-0.16159437226811663
10000,8,5,CGATATCA,5 7 0 6 1,0.3953999381848803,0.16100232877528953,0.5564022669601698,0.2893631790087852
10000,8,5,CGATATCC,7 1 6 5 0,0.18558635055239936,-0.18864294854391428,-0.00305659799151492,-0.5040838571417257
10000,8,5,CGATATAT,7 1 5 6 0,-0.557172791924442,0.10901630028686782,-0.4481564916375742,0.16364167705749333
10000,8,5,GGATATCG,7 6 0 1 5,1.412379788891073,0.11814658342032214,1.530526372311395,0.07719343198372833
10000,9,5,GTATCGTA,4 1 0 6 3,0.21952380246438086,-0.1321752468196138,0.08734855564476707,-0.3758191757660487
10000,9,5,CTATAGCA,1 3 4 0 6,1.8760114239615593,-1.0153051577555106,0.8607062662060487,-0.351156689023846
10000,9,5,CGATCGCA,4 0 1 6 3,-0.5435895867062737,-0.0017531682735958398,-0.5453427549798695,-0.0032148007057699983
10000,9,5,CGATCGCA,0 3 1 4 6,-0.5435895867062737,0.13142822638631824,-0.4121613603199554,0.1947033453594065
10000,10,5,CTATCTCA,5 0 3 1 6,0.12689729333739264,0.35069925296900983,0.47759654630640247,0.7343002282600646
10000,10,5,CGATCGTA,0 3 1 6 5,0.33245961609259167,-0.20562566415612427,0.1268339519364674,-0.38214326186562686
10000,10,5,ATATCGTA,5 0 3 1 6,-0.6653891920134076,0.17021015574042764,-0.49517903627298,0.20369828698163486
10000,10,5,CGATCGTA,5 1 6 0 3,0.33245961609259167,-0.08676038164851096,0.2456992344440807,-0.20695668650351814
10000,11,2,CGATATAG,3 5,-0.04489669431996779,-0.01767899817016083,-0.06257569249012862,-0.28252181424839545
10000,11,2,CGATATAG,5 3,-0.04489669431996779,0.017983271049595295,-0.026913423270372494,0.2859936538435191
10000,11,2,CGATATAG,3 5,-0.04489669431996779,-0.01767899817016083,-0.06257569249012862,-0.28252181424839545
10000,11,2,CGATATAG,3 5,-0.04489669431996779,-0.01767899817016083,-0.06257569249012862,-0.28252181424839545
10000,12,4,CGATATAT,1 3 0 6,-0.27157619293023216,0.25224009613679144,-0.019336096793440727,0.48154305507768713
10000,12,4,CAATATAT,6 0 1 3,-0.13641848053188288,0.11294180256853181,-0.023476677963351067,0.4529261884221208
10000,12,4,CGATATCT,0 3 1 6,0.24713406625706313,-0.04324092231814003,0.2038931439389231,-0.14891407324822406
10000,12,4,CGATATGT,3 0 1 6,1.3940155336136035,0.3920321203993691,1.7860476540129726,0.21949701035049854
10000,13,4,ATATCGTA,1 4 0 5,-0.8278775746914602,-0.10321538682760822,-0.9310929615190684,-0.1108540082391058
10000,13,4,CGATACTA,1 0 5 4,0.6300673375542916,0.20271356173872768,0.8327808992930192,0.24341764071536615
10000,13,4,GGATCCTA,0 4 5 1,1.1469258634044648,-0.22782646680434748,0.9190993966001173,-0.16572182625050924
10000,13,4,CTATCGTA,4 0 1 5,-1.1396948188123126,0.12188148885795602,-1.0178133299543566,0.09661047700161117
10000,14,4,CGATATAG,1 2 3 5,-0.3927079541285683,-0.03658318044137898,-0.4292911345699473,-0.08521764717556318
10000,14,4,CGATATAG,3 1 5 2,-0.3927079541285683,-0.035706006823896796,-0.4284139609524651,-0.08334463878001067
10000,14,4,CGATATAG,1 3 2 5,-0.3927079541285683,-0.05612243422758523,-0.4488303883561535,-0.12504152054662407
10000,14,4,CGATATAG,2 3 1 5,-0.3927079541285683,0.03707161555546579,-0.3556363385731025,0.08625727738226399
10000,15,5,GTATCGCC,7 5 2 1 6,0.23378679188201845,-0.0825753820009627,0.15121140988105575,-0.2610153451262679
10000,15,5,GGATCGCT,7 1 5 2 6,3.3720071474645312,1.1575055703047363,4.529512717769268,0.25554748213065936
10000,15,5,GTATCGCA,1 5 7 6 2,-0.8021552621569228,-0.33177476467658895,-1.1339300268335117,-0.29258839330947667
10000,15,5,GGATCGGA,7 1 5 6 2,4.036200148245016,-0.11329940304227204,3.9229007452027442,-0.027304353607442485
10000,16,3,CGATATAT,7 2 4,-0.17938917050677283,0.026836134861386807,-0.15255303564538603,0.1301301739545403
10000,16,3,CGATATAT,7 2 4,-0.17938917050677283,0.026836134861386807,-0.15255303564538603,0.1301301739545403
10000,16,3,CGATATAT,2 4 7,-0.17938917050677283,-0.017507060994230716,-0.19689623150100355,-0.0889151654187017
10000,16,3,CGATATAT,7 4 2,-0.17938917050677283,-0.019345514108263462,-0.1987346846150363,-0.09734342118356011
10000,17,4,ATATATTA,6 0 2 7,4.1733845379795245,-0.5969541464567785,3.576430391522746,-0.12513873457337524
10000,17,4,CTATATCA,2 7 0 6,-0.7346806277539646,-0.091659564855048,-0.8263401926090126,-0.11092231223275041
10000,17,4,CTATATCT,2 7 6 0,0.48242284977308403,0.24217906979634085,0.7246019195694249,0.3342236105864158
10000,17,4,GTATATCG,2 7 6 0,2.210165257894526,0.367273113341418,2.577438371235944,0.1424954006428102
10000,18,2,TGTGGTAC,7 6,5.948164604574651,-0.001807413964527882,5.946357190610123,-0.0003037684814140745
10000,18,2,TGTGGTAA,6 7,2.613411367284866,0.4066509163970431,3.020062283681909,0.13464984434071825
10000,18,2,TGTGGTAG,7 6,4.42553769898425,-0.17441280418968885,4.251124894794561,-0.0379162349832558
10000,18,2,TGTGGTAT,7 6,-1.4174611807883206,-0.013453777327901761,-1.4309149581162224,-0.009402220063177936
10000,19,4,CGATACCC,5 3 2 4,2.249922396507798,0.47511641579932906,2.725038812307127,0.17435216469341824
10000,19,4,CGATACCC,3 4 5 2,2.249922396507798,0.0848394165865276,2.3347618130943255,0.03633750394182075
10000,19,4,CGATCTCC,3 2 5 4,0.2005837360908771,0.23524441651406836,0.43582815260494545,0.539764159584488
10000,19,4,CGGTATCC,4 2 3 5,1.7352693517170725,0.157321446464612,1.8925907981816845,0.0831249135395561
10000,20,4,TGATCCTC,5 2 1 4,-0.2540067737951197,0.5669599774805896,0.31295320368546986,0.6906004129882047
10000,20,4,TTATCCTC,1 5 2 4,0.49733366894996545,0.3298919763919277,0.8272256453418931,0.39879321712225574
10000,20,4,TGTTAATC,2 1 4 5,0.8077452773846812,1.0826336148624476,1.8903788922471287,0.5727072066359674
10000,20,4,TGATCCTC,2 5 4 1,-0.2540067737951197,-0.3648001464502819,-0.6188069202454016,-0.5895217627909078
10000,21,5,TGATACTC,1 4 2 3 0,0.7222712747705455,0.27523200978556783,0.9975032845561134,0.2759209057723007
10000,21,5,TGATCCTC,3 1 4 2 0,0.05720696397439573,0.33477014060817467,0.3919771045825704,0.8540553432698132
10000,21,5,CCATACTC,2 0 4 1 3,0.7800932988775013,-0.3747360918279936,0.40535720704950773,-0.32449476506574204
10000,21,5,TTATCCTC,4 2 1 3 0,-0.11227902684852742,-0.3830675906491594,-0.4953466174976868,-0.7733324042551846
10000,22,3,CGATCGAT,0 6 4,-0.14345801021798166,0.054894981103027485,-0.08856302911495417,0.2767539866045525
10000,22,3,CGATCGCT,0 6 4,-0.5297680188965175,0.018631901306706666,-0.5111361175898108,0.03397502556127674
10000,22,3,CGATCGAT,6 0 4,-0.14345801021798166,-0.16015263168326554,-0.3036106419012472,-0.527493472166753
10000,22,3,CGATCGCT,4 6 0,-0.5297680188965175,0.009861658973294496,-0.519906359923223,0.018274863999740328
10000,23,2,ATATCCAT,0 5,1.6096439295108675,-0.23782294669628845,1.371820982814579,-0.12872920741320043
10000,23,2,ATATCGAT,5 0,0.8927193588935078,0.3287064533660682,1.221425812259576,0.26911700249561443
10000,23,2,CTATCTAT,5 0,-0.3571477341040219,-0.010746349054872262,-0.36789408315889416,-0.029210442751890883
10000,23,2,CTATCGAT,0 5,-0.5646912006047873,0.19040605895977647,-0.3742851416450108,0.2521609720442854
10000,24,6,CGATCTGC,0 7 3 6 2 1,1.151815627899318,-0.504494939358592,0.6473206885407259,-0.3045895795942449
10000,24,6,CGATCTGT,7 2 6 1 3 0,0.4967231225029911,-0.05208656354187635,0.44463655896111476,-0.09490824390737532
10000,24,6,CGATCTGG,0 6 3 7 1 2,2.8485398222211886,-0.9676624699836269,1.8808773522375617,-0.2535668698591339
10000,24,6,CGATCTAC,7 0 6 2 3 1,0.440075882722204,0.39412648447534604,0.83420236719755,0.4724590818405239
10000,25,7,CGATCTTA,4 0 3 1 6 7 5,0.7583521540763405,0.0820753185933718,0.8404274726697123,0.09765901432594812
10000,25,7,GTATCCCA,4 7 0 3 1 6 5,2.0547125428263397,-0.7793734625493869,1.2753390802769529,-0.27499993333690737
10000,25,7,CGATATTA,6 5 3 4 1 0 7,0.054630213343225265,-0.49168759063683076,-0.4370573772936055,-0.9000028683941269
10000,25,7,CGATATAG,0 3 7 6 5 1 4,-0.552148149859911,-0.7902686506835472,-1.3424168005434582,-0.5886909716591883
10000,26,4,CGATATTG,1 7 6 0,1.0369528071889578,0.7057780754041225,1.7427308825930803,0.4049839722550659
10000,26,4,CGATATCA,7 6 0 1,0.4253056363493686,0.0956319956902183,0.5209376320395869,0.18357666985162452
10000,26,4,CGATATAG,1 7 6 0,-0.22493983917217353,0.2750084087747622,0.05006856960258865,0.5500737524415756
10000,26,4,CGATATAT,7 0 1 6,-0.5430231324922672,-0.041080317294262425,-0.5841034497865296,-0.0703305507085704
10000,27,2,CTATCGCC,2 7,1.1671104547045412,-0.08202241586156278,1.0850880388429784,-0.06566348368079564
10000,27,2,CTATCGCA,7 2,0.3804623792609717,0.06924431818400023,0.44970669744497194,0.1539766220459131
10000,27,2,CTATCGCG,2 7,-0.34509386885151994,0.0769506266666875,-0.26814324218483243,0.18232823193725975
10000,27,2,CTATCGCT,2 7,-0.657868885106768,0.1045960462794584,-0.5532728388273096,0.13718145185942368
10000,28,7,CGATATCG,7 4 0 3 1 6 2,-0.07450417629319572,-0.3121174221748859,-0.38662159846808164,-0.8072943245064294
10000,28,7,CAATATAT,0 4 1 6 2 7 3,-0.6951729057174529,-0.12828272653125872,-0.8234556322487117,-0.15578583897828385
10000,28,7,CGATATCG,0 7 1 4 2 6 3,-0.07450417629319572,-0.3140354949871451,-0.38853967128034084,-0.8082456392478925
10000,28,7,CACGATAT,4 0 7 1 3 2 6,0.22810708670568935,0.32559894411693513,0.5537060308226245,0.5880357554227873
10000,29,6,CGATATAT,2 3 7 0 5 1,-0.349972796224423,-0.10277703584786124,-0.45274983207228425,-0.2270062373683051
10000,29,6,CGATATAG,2 1 7 3 0 5,-0.35564595893153284,0.2107155762171491,-0.14493038271438374,0.3720513543735483
10000,29,6,CAGTATAT,0 1 7 5 2 3,0.4200841124727841,0.29044497130867164,0.7105290837814557,0.408772811610913
10000,29,6,CGATATAT,7 1 3 0 2 5,-0.349972796224423,-0.10808100172932811,-0.4580537979537511,-0.2359570037671445
10000,30,4,CAATATTA,0 6 1 2,2.4915723207256493,-0.3153400138077602,2.176232306917889,-0.11234409066793279
10000,30,4,CGATATAA,2 6 0 1,0.4598735475900404,0.07678015144787809,0.5366536990379185,0.14307206227316624
10000,30,4,CTATATCA,2 0 1 6,-0.9193536953113477,0.14027384485651195,-0.7790798504548357,0.132380331332546
10000,30,4,CGATATTA,0 6 1 2,-0.043389088120520336,-0.28130906784983,-0.32469815597035034,-0.8663710054316343
10000,31,7,CGATATAA,5 6 4 3 2 0 1,0.738921652125601,-0.43808035896792497,0.30084129315767605,-0.3722001787923152
10000,31,7,CGATACCA,3 6 2 0 5 1 4,1.571617376918824,-0.422730054732817,1.148887322186007,-0.21196409814248282
10000,31,7,CTATCGTA,4 5 0 2 1 6 3,-1.0610823067030175,0.3495593108692798,-0.7115229958337377,0.24780164324860096
10000,31,7,GGGTATCA,1 4 3 2 5 0 6,2.220536497631655,-0.11411985248150636,2.1064166451501487,-0.04888079244552413
15000,0,2,CGATATCG,7 0,-0.07912275249144196,0.070208600567224,-0.008914151924217961,0.4701531133896712
15000,0,2,CGATATCA,0 7,0.06567895576939886,0.04712500651387508,0.11280396228327394,0.41776020593615765
15000,0,2,CGATATCG,0 7,-0.07912275249144196,-0.06207214404499295,-0.1411948965364349,-0.43962030900299165
15000,0,2,CGATATCT,7 0,-0.40283982657768513,0.08601642421113986,-0.31682340236654527,0.17595443256037457
15000,1,3,CAATATAT,3 2 1,-0.054993565380288656,0.16026372052111193,0.10527015514082327,0.7445217003921593
15000,1,3,CGATATAT,1 3 2,-0.3215208483311057,0.02144303074355669,-0.30007781758754903,0.06252270880948543
15000,1,3,CCATATAT,2 1 3,0.764186575114906,0.15076059846363554,0.9149471735785415,0.16477519447814748
15000,1,3,CGATATAT,3 1 2,-0.3215208483311057,0.012248120217281055,-0.30927272811382467,0.03669640191702074
15000,2,5,CGATATAT,7 6 3 5 2,-0.41102050884407193,-0.03431366798271984,-0.44533417682679177,-0.07705150372068972
15000,2,5,CGATATAT,2 6 5 3 7,-0.41102050884407193,0.06395121994624287,-0.34706928889782906,0.13464216093264644
15000,2,5,CGATATCG,2 3 7 6 5,-0.0938501236000544,-0.18017341439580825,-0.27402353799586265,-0.6575107223034563
15000,2,5,CGGTATTA,6 2 7 3 5,1.014930897733854,0.03364525385328765,1.0485761515871417,0.03208660983025568
15000,3,4,CGATATTA,0 1 6 5,-0.37046368786077943,-0.013611757179576411,-0.38407544504035585,-0.035440321310169116
15000,3,4,CGATATCA,6 0 1 5,-0.22959503069829346,-0.11604754549132323,-0.3456425761896167,-0.33574435988366347
15000,3,4,CTATATCA,0 6 5 1,-0.6863607841742505,0.11362404336915155,-0.572736740805099,0.14203274794356902
15000,3,4,CGATACTA,0 6 1 5,-0.0694549689343269,0.6080665797794609,0.538611610845134,0.8974867012478337
15000,4,2,CGATATCA,3 0,-0.0897752266819043,0.04805021912891805,-0.04172500755298625,0.34863097192423553
15000,4,2,CGATATCA,3 0,-0.0897752266819043,0.04805021912891805,-0.04172500755298625,0.34863097192423553
15000,4,2,CGATATCA,0 3,-0.0897752266819043,-0.04473662382822097,-0.13451185051012526,-0.3325850001956033
15000,4,2,CGATATCA,3 0,-0.0897752266819043,0.04805021912891805,-0.04172500755298625,0.34863097192423553
15000,5,3,CGATCGCT,3 0 5,-0.5793275201086852,-0.10102961415962275,-0.6803571342683079,-0.14849497281787946
15000,5,3,CGATCTCT,3 0 5,1.182616646199548,-0.01595180944758834,1.1666648367519596,-0.013309051621065372
15000,5,3,CGATCGCT,3 5 0,-0.5793275201086852,-0.19327607954458292,-0.7726035996532681,-0.25016202310126706
15000,5,3,CGATCTCT,3 0 5,1.182616646199548,-0.01595180944758834,1.1666648367519596,-0.013309051621065372
15000,6,5,CGGTATTG,2 7 6 5 3,-0.11985757044996426,-0.44177490490688864,-0.5616324753568529,-0.7865907409043458
15000,6,5,CGATATCA,5 7 3 2 6,0.2578276652627558,-0.137190385833855,0.12063727942890079,-0.3473015611641047
15000,6,5,CGCTATAC,3 7 6 2 5,1.9130919782664941,0.5384342246797154,2.4515262029462095,0.21963225358661584
15000,6,5,CGATATAC,5 7 6 3 2,0.6627725539518758,0.26767092933067804,0.9304434832825539,0.28768101893341186
15000,7,3,CGATATAT,4 7 0,-0.17151527952606938,0.045551706888240506,-0.12596357263782887,0.2098509204034242
15000,7,3,CGATATAT,7 4 0,-0.17151527952606938,0.10943617750005119,-0.062079102026018185,0.3895198788375627
15000,7,3,CGATATAG,4 0 7,-0.06983798008016096,-0.025789266554370416,-0.09562724663453137,-0.2696853403395786
15000,7,3,CGATATAT,7 0 4,-0.17151527952606938,0.29260314893023365,0.12108786940416427,0.6304493228236085
15000,8,5,ATATCCGT,6 7 3 5 1,1.473090895857772,0.05819764184507026,1.5312885377028422,0.03800566673892516
15000,8,5,ATATCGTA,5 6 1 3 7,-0.8304560040508773,0.22510465323382345,-0.6053513508170538,0.2132560091931404
15000,8,5,ATATCCAG,7 1 3 5 6,3.1300556133314315,-0.3372162766102198,2.7928393367212117,-0.09725694647381536
15000,8,5,ATATCTTT,1 3 6 5 7,1.318782239633924,-1.1098834722169117,0.2088987674170122,-0.45699309987420733
15000,9,3,CGGTATAT,2 6 0,0.8735120798611447,-0.13003000514343777,0.7434820747177069,-0.1295710534579564
15000,9,3,CGATATAT,6 2 0,-0.17259110816606538,-0.002650234325147993,-0.17524134249121337,-0.01512333954689303
15000,9,3,CGATATAT,2 0 6,-0.17259110816606538,0.08366716332890856,-0.08892394483715682,0.326495464286114
15000,9,3,CGATATAT,2 0 6,-0.17259110816606538,0.08366716332890856,-0.08892394483715682,0.326495464286114
15000,10,5,CTATATAT,3 7 5 6 2,0.3455156699130135,0.02851649019146052,0.37403216010447404,0.07624074406728913
15000,10,5,CTATATCT,2 7 5 3 6,0.519923678497848,0.24226487802169494,0.762188556519543,0.3178542579122062
15000,10,5,CTATATCC,3 2 5 6 7,0.5299417441891627,0.1632691755637703,0.693210919752933,0.2355259718383562
15000,10,5,CTATACCT,5 7 2 3 6,0.16687851590700564,0.27696472259175664,0.4438432384987623,0.62401473891672
15000,11,4,CAATATAT,3 6 1 0,-0.17939424883840127,0.2325579532841462,0.05316370444574492,0.5645265447930896
15000,11,4,CGATATAT,6 1 0 3,-0.23423183928922853,-0.009173346201645671,-0.2434051854908742,-0.037687554532356504
15000,11,4,CGATATAT,0 1 3 6,-0.23423183928922853,0.04276901904238528,-0.19146282024684325,0.1544003123311048
15000,11,4,CGATATAT,6 1 3 0,-0.23423183928922853,-0.029929650465714275,-0.2641614897549428,-0.11330058175201616
15000,12,3,CAATATAT,5 7 0,-0.19584345077356594,0.1733464055903382,-0.022497045183227732,0.46953187527306717
15000,12,3,CAATATAG,7 5 0,1.6394223042047207,-0.12777910250204982,1.5116432017026709,-0.07230590809689869
15000,12,3,CAATATAT,5 0 7,-0.19584345077356594,-0.0975096805743747,-0.2933531313479406,-0.3323969310514034
15000,12,3,CAATATAT,5 7 0,-0.19584345077356594,0.1733464055903382,-0.022497045183227732,0.46953187527306717
15000,13,4,ATATATGC,4 7 5 1,3.565544622897863,0.900171667919091,4.465716290816954,0.201573859443367
15000,13,4,ATATCGGA,1 5 7 4,-0.09669187805828328,0.255732695149947,0.15904081709166373,0.7256380927752367
15000,13,4,ATATCGGA,1 7 4 5,-0.09669187805828328,0.12807005508499225,0.031378177026708975,0.5698031392324492
15000,13,4,ATATCGGA,5 4 1 7,-0.09669187805828328,0.0450681881483086,-0.05162368990997468,0.31791878597622236
15000,14,6,CAATATAT,0 3 4 6 1 5,-0.4074986696304772,0.2319595176820517,-0.1755391519484255,0.3627438389004217
15000,14,6,CAATATAT,5 4 1 6 3 0,-0.4074986696304772,-0.405520495390439,-0.8130191650209162,-0.49878343935472463
15000,14,6,CAATATAT,0 1 4 6 5 3,-0.4074986696304772,-0.2924922820086717,-0.6999909516391489,-0.41785151839998913
15000,14,6,CGATCGAT,0 4 1 5 3 6,1.6999584154521008,0.4283699527993976,2.1283283682514984,0.20127061180475622
15000,15,4,TGATATCG,4 5 6 0,0.8348649305691751,0.7652532086824761,1.6001181392516513,0.47824794301774015
15000,15,4,CGATATCG,6 4 5 0,-0.23328145813148315,-0.03771406648309972,-0.27099552461458287,-0.1391685952627361
15000,15,4,TGATATGG,6 0 5 4,2.1758867274231886,-0.40595071039799624,1.7699360170251923,-0.15723325738919428
15000,15,4,CGATATAG,6 5 4 0,-0.2507546879160052,-0.18982931680977577,-0.44058400472578096,-0.43085839425315803
15000,16,3,CGATATCG,4 0 6,-0.1674551218710424,-0.049646586207908516,-0.2171017080789509,-0.22867892955431796
15000,16,3,CGATATCG,0 6 4,-0.1674551218710424,0.06836056147678482,-0.09909456039425757,0.28988980082360877
15000,16,3,CGATATCG,6 4 0,-0.1674551218710424,-0.060383155970138436,-0.22783827784118083,-0.26502638863970746
15000,16,3,CGATATCG,0 4 6,-0.1674551218710424,0.09449780170782196,-0.07295732016322043,0.36074345121547063
15000,17,1,CAATATAT,1,0.29667761372574475,0.0,0.29667761372574475,0.0
15000,17,1,CGATATAT,1,-0.24206273023990477,0.0,-0.24206273023990477,0.0
15000,17,1,CGATATAT,1,-0.24206273023990477,0.0,-0.24206273023990477,0.0
15000,17,1,CAATATAT,1,0.29667761372574475,0.0,0.29667761372574475,0.0
15000,18,4,CGGGATCA,0 5 2 1,0.09693947341582287,-0.48261996276188235,-0.3856804893460595,-0.8327359242821487
15000,18,4,TGCGATCA,2 0 1 5,3.017124564214827,0.08962435869506402,3.1067489229098912,0.028848278672973248
15000,18,4,TGTGATCA,1 5 0 2,0.15205376465863019,0.45494188320472073,0.6069956478633509,0.7494977679100904
15000,18,4,TGAGATCA,1 0 2 5,2.278766505357612,0.35330645537775585,2.6320729607353677,0.13423125447063844
15000,19,6,CGATCGGC,6 2 0 7 5 4,0.5893693518753311,0.3634130862522911,0.9527824381276222,0.38142294789402176
15000,19,6,CGATATCA,4 7 0 5 6 2,0.15549554286098521,-0.005081639977891683,0.15041390288309353,-0.03164608998646214
15000,19,6,CGATATCC,6 0 2 7 5 4,0.12902551438643162,-0.25542918111139645,-0.12640366672496484,-0.6643934489618932
15000,19,6,CGATATCC,0 7 5 4 6 2,0.12902551438643162,-0.444855826747955,-0.31583031236152337,-0.7751703964945298
15000,20,3,AACTATAG,7 6 5,3.3436363346014297,0.0219964496431424,3.365632784244572,0.006535605947895941
15000,20,3,AACTATCG,6 7 5,2.3246482971143307,-0.19695379300883298,2.1276945041054978,-0.078106610785373
15000,20,3,AACTATCG,5 7 6,2.3246482971143307,0.2151761306924529,2.5398244278067836,0.0847208682366537
15000,20,3,AACTATAC,6 5 7,0.8545717126200123,-0.10796714347473424,0.7466045691452781,-0.1121691272940223
15000,21,4,CTATCTCA,3 7 6 2,0.011369707879090862,-0.07868713083172896,-0.0673174229526381,-0.8737496447593507
15000,21,4,CTATCTAT,7 3 6 2,-0.09366546442351353,0.24286444913364758,0.14919898471013404,0.7216726934213412
15000,21,4,CTATCTCG,3 7 6 2,3.076806246945907,-0.26697730793720575,2.8098289390087015,-0.07984287964671755
15000,21,4,CTATCTCC,6 7 3 2,-0.7630112813561252,-0.07820757848967519,-0.8412188598458004,-0.09296935936982087
15000,22,4,CAGTATAT,6 4 3 0,-0.40112994657523926,-0.08302825836695371,-0.48415820494219297,-0.17148993349574038
15000,22,4,CAGTATAT,6 4 3 0,-0.40112994657523926,-0.08302825836695371,-0.48415820494219297,-0.17148993349574038
15000,22,4,CAGTATAT,4 6 0 3,-0.40112994657523926,0.08694629410051169,-0.31418365247472757,0.17814080435493618
15000,22,4,CAGTGTAT,4 3 6 0,0.5904670472332949,-1.2523267620342784,-0.6618597148009835,-0.6795805128800716
15000,23,4,TACGCGCT,1 7 2 3,3.4941045405980162,-1.0273806989031975,2.4667238416948187,-0.22722195130211964
15000,23,4,TTATCGCA,7 1 2 3,2.5438555028876335,0.009778207561499386,2.553633710449133,0.0038291347429696937
15000,23,4,TTATCGCA,3 1 7 2,2.5438555028876335,0.10006424078953913,2.6439197436771726,0.03784692823178114
15000,23,4,TTATCGCA,3 7 1 2,2.5438555028876335,-0.049505866670482845,2.4943496362171507,-0.019089459437316353
15000,24,7,CTATATCA,4 7 6 0 5 3 2,-0.2769144126938041,-0.5409059997758057,-0.8178204124696098,-0.6613994851784233
15000,24,7,CTATCGTG,5 7 2 3 0 4 6,0.14365250877915603,-0.5400344385653586,-0.39638192978620257,-0.7898855472711424
15000,24,7,CTATATCG,0 3 5 2 6 4 7,0.40866015038725223,0.2602238678754585,0.6688840182627107,0.38904183800255343
15000,24,7,CTATCGTA,2 7 0 3 4 6 5,-1.0907348663117813,-0.1613084779130105,-1.2520433442247918,-0.12883617700382838
15000,25,4,CGGTATAT,7 1 3 4,-0.4886897408844706,-0.11501583156149797,-0.6037055724459686,-0.19051643186843675
15000,25,4,CAGTATAT,1 7 4 3,-0.391544683833827,-0.08083679489376339,-0.4723814787275904,-0.1711260888371531
15000,25,4,CAGTATAT,7 3 1 4,-0.391544683833827,0.14460805096147267,-0.24693663287235434,0.2697142839655257
15000,25,4,CGGTATAA,4 7 1 3,0.4723759990458172,0.33316730422187657,0.8055433032676937,0.4135932889894067
15000,26,2,CGATATGT,7 1,0.5078874157031019,0.025532396250378397,0.5334198119534803,0.0478654817054397
15000,26,2,CGATATGC,7 1,-0.38152889498718334,-0.055914348656692425,-0.43744324364387577,-0.12782080754277808
15000,26,2,CGATATGT,1 7,0.5078874157031019,-0.03239436287342379,0.47549305282967813,-0.059958273919162794
15000,26,2,CGATATGT,1 7,0.5078874157031019,-0.03239436287342379,0.47549305282967813,-0.059958273919162794
15000,27,4,TTATCTTA,5 0 1 6,2.1504703982564903,0.10723359631639351,2.257703994572884,0.04749674739211335
15000,27,4,ATATCTCA,1 5 0 6,2.6754418141351124,-0.2605163862675912,2.414925427867521,-0.08873300247662182
15000,27,4,ATATCGTA,5 0 6 1,-0.7131421547307077,-0.06266922315306633,-0.7758113778837741,-0.08077894310342912
15000,27,4,CGATCTGA,1 5 0 6,-0.6006728944921926,-0.30254595172135357,-0.9032188462135462,-0.33496417063226697
15000,28,2,CTATCCAT,6 7,1.787123061305012,-0.362138065080873,1.424984996224139,-0.16849421442327506
15000,28,2,CTATCCCA,7 6,0.3365513251147041,-0.38646098715989297,-0.049909662045188874,-0.5345150844583636
15000,28,2,CTATCCAT,6 7,1.787123061305012,-0.362138065080873,1.424984996224139,-0.16849421442327506
15000,28,2,CTATCCGT,6 7,2.1312643013148285,-0.09817801067164833,2.03308629064318,-0.04403702672358891
15000,29,5,CGATATAT,7 6 4 3 2,-0.3768652214295749,-0.15551488406581804,-0.5323801054953929,-0.29211250093785446
15000,29,5,CGATATAT,3 2 7 6 4,-0.3768652214295749,-0.07783739946408197,-0.4547026208936569,-0.1711830895346568
15000,29,5,CGATATAT,6 4 3 7 2,-0.3768652214295749,-0.08703360080344602,-0.4638988222330209,-0.18761332564825567
15000,29,5,CGATATAT,2 7 4 6 3,-0.3768652214295749,0.29689510979132727,-0.07997011163824763,0.44065388838391834
15000,30,3,ACATATAG,5 1 4,2.55575977826721,0.013065882068382884,2.568825660335593,0.005086324957792562
15000,30,3,ATATCGAG,5 4 1,-0.28574694107541454,-0.014808248662614876,-0.3005551897380294,-0.04926964886389776
15000,30,3,AAATCTAG,1 4 5,4.557633810404436,0.1451447346892989,4.702778545093735,0.030863612500045098
15000,30,3,ATATCGAG,4 5 1,-0.28574694107541454,0.06758696219954485,-0.2181599788758697,0.1912835467332713
15000,31,5,CTATCCAT,2 0 1 4 7,3.262218967653607,-0.833822078517378,2.428396889136229,-0.20356780342737096
15000,31,5,CGATACAT,0 7 2 1 4,-0.7176844688438593,0.16201219954090096,-0.5556722693029583,0.18416825408510054
15000,31,5,CGATACAT,7 0 1 2 4,-0.7176844688438593,0.49955002045752384,-0.21813444838633544,0.41039752393496054
15000,31,5,CGATCCAT,7 1 2 0 4,-0.29614248819719036,0.2960445140826913,-9.797411449907756e-05,0.49991727772298117
20000,0,2,CGATATAT,5 6,-0.20736209170365716,-0.021026944144323823,-0.22838903584798098,-0.09206634664511504
20000,0,2,CGATACAT,5 6,1.1415716807654213,-0.27022541044985093,0.8713462703155703,-0.19140527497279472
20000,0,2,CGATATCT,5 6,0.14072311580789476,0.16492183192909193,0.3056449477369867,0.5395863178834885
20000,0,2,CGATATAT,5 6,-0.20736209170365716,-0.021026944144323823,-0.22838903584798098,-0.09206634664511504
20000,1,2,CGATATAT,2 0,-0.11269518162870273,0.04929529340826244,-0.06339988822044029,0.3043098268402113
20000,1,2,CGATATAT,2 0,-0.11269518162870273,0.04929529340826244,-0.06339988822044029,0.3043098268402113
20000,1,2,CGATATAT,0 2,-0.11269518162870273,-0.047472588476908495,-0.16016777010561123,-0.2963928913139396
20000,1,2,CGGTATAT,2 0,0.9959501598408123,-0.054826983357181724,0.9411231764836305,-0.0521775561184346
20000,2,3,CGAGATCA,6 3 2,2.4765311478413583,0.560139483284305,3.0366706311256633,0.18445842546864125
20000,2,3,CGGAATCA,2 6 3,4.92634718210586,0.1453200123568319,5.071667194462692,0.028653302116411355
20000,2,3,CGGTATCA,3 2 6,0.17994978501783176,-0.25108826485947544,-0.07113847984164368,-0.5825199537046589
20000,2,3,CGATATCA,2 3 6,-0.04608718752782215,-0.14070406313375639,-0.18679125066157853,-0.7532690243007087
20000,3,4,CTATTACT,0 7 3 4,2.432509231091638,0.015506304884277178,2.448015535975915,0.00633423467147054
20000,3,4,CTATCACC,4 7 3 0,-0.5276737168617314,0.11038924263454986,-0.4172844742271815,0.17300681851473818
20000,3,4,ATATCACA,7 0 4 3,1.9598517583733281,0.19754431357181357,2.1573960719451417,0.09156608568110748
20000,3,4,ATATCACA,0 3 4 7,1.9598517583733281,0.01669800987041281,1.976549768243741,0.008448059410742685
20000,4,5,CAATCTAT,7 0 4 1 2,0.6338427712224934,0.3685406378125471,1.0023834090350405,0.36766434329487585
20000,4,5,CGATATAG,2 7 1 0 4,-0.38855644784025234,-0.05857695619634029,-0.44713340403659263,-0.13100554704149647
20000,4,5,CTATATAT,2 0 1 7 4,0.8988790791718699,0.5024143624950144,1.4012934416668843,0.3585361549236797
20000,4,5,CGGTATAG,1 0 2 4 7,1.6961500391057847,0.4978770205086791,2.1940270596144638,0.22692382864054852
20000,5,4,TTATACTC,6 3 5 0,1.4422155036645927,-0.5419408248307249,0.9002746788338678,-0.27313413618054233
20000,5,4,ATATAGAC,6 0 3 5,2.1208413825610144,0.5837026182804976,2.704544000841512,0.2158229328488943
20000,5,4,CTATATAC,5 6 3 0,-0.48016754702141107,0.49808442712690315,0.017916880105492083,0.5091575997692674
20000,5,4,CTATATCC,3 6 5 0,-0.41816905118335235,0.013647195787957145,-0.4045218553953952,0.03160417395981834
20000,6,5,CGATATAG,2 5 1 6 3,-0.5072979672233233,0.3989841838618382,-0.10831378336148512,0.44024279125888516
20000,6,5,CTATATCG,6 2 5 3 1,-0.048650481102186394,0.4969403198041311,0.4482898387019447,0.9108297261952184
20000,6,5,CGATATGG,1 3 2 5 6,0.6174003905960488,0.08013551975891531,0.6975359103549641,0.11488371934591254
20000,6,5,CGATATAG,1 3 2 6 5,-0.5072979672233233,-0.041207101822866576,-0.5485050690461899,-0.07512620055548931
20000,7,4,CGATATCA,2 5 0 7,0.13026775924139322,0.09103771703722785,0.22130547627862107,0.41136676131146616
20000,7,4,CGATATCT,5 7 0 2,-0.3813823881851033,0.09830424135013516,-0.2830781468349681,0.20493429521973697
20000,7,4,CGATATCG,0 2 5 7,-0.27899942234266883,0.06110413532945547,-0.21789528701321337,0.17966332298223914
20000,7,4,CGATATCG,2 7 0 5,-0.27899942234266883,0.09698371749612722,-0.18201570484654161,0.25794698543586103
20000,8,4,CGATATCC,4 7 1 6,0.26959612325037474,-0.10327760279908427,0.16631852045129047,-0.27697742046159946
20000,8,4,CTATATCA,1 4 7 6,0.1778520601015008,-0.14154656087023776,0.03630549923126303,-0.44316584849238366
20000,8,4,CGATATAT,1 6 7 4,-0.4997712953518676,0.18163461846246776,-0.31813667688939984,0.26655861767580474
20000,8,4,CGATATTG,1 7 6 4,0.8379095748790677,0.5623641567054571,1.4002737315845248,0.40161015951438
20000,9,8,CAATCTCC,3 1 7 5 2 4 0 6,1.7962169871436355,-0.22715604536903555,1.5690609417746,-0.11226602397035408
20000,9,8,CTATCTAC,0 2 3 4 5 6 1 7,1.9491132137852656,0.5555272416177708,2.5046404554030364,0.221799196934387
20000,9,8,CGGTATCG,3 0 4 5 1 7 6 2,-0.22213359693807178,0.6310758092993627,0.4089422123612909,0.7396493811318161
20000,9,8,TAATATCG,6 4 2 0 5 3 7 1,2.590680176162019,-0.3706641824207324,2.2200159937412867,-0.12516753796175392
20000,10,4,CGATATCT,2 7 6 1,-0.11810147653668279,-0.12758193223554004,-0.24568340877222283,-0.5192940494969417
20000,10,4,CGATATAC,6 7 2 1,0.7264980920545572,-0.13472534292573446,0.5917727491288227,-0.1564348314892494
20000,10,4,CAGTATCT,2 7 1 6,3.0417027933371,-0.3316417319626561,2.710061061374444,-0.09831244021337737
20000,10,4,CGATATAT,6 2 1 7,-0.5038189039884873,0.11320844811482811,-0.39061045587365917,0.18347395415928405
20000,11,1,CGATATCG,2,-0.17325202732620326,0.0,-0.17325202732620326,0.0
20000,11,1,CGGTATCG,2,0.3841382151009931,0.0,0.3841382151009931,0.0
20000,11,1,CGATATCG,2,-0.17325202732620326,0.0,-0.17325202732620326,0.0
20000,11,1,CGATATCG,2,-0.17325202732620326,0.0,-0.17325202732620326,0.0
20000,12,3,CGATATCA,5 1 7,0.21550931194838308,0.019454508660412984,0.23496382060879606,0.08279789037310491
20000,12,3,CGATATCG,7 1 5,-0.3681294807058251,-0.26768329047342077,-0.6358127711792458,-0.42100961573474993
20000,12,3,CGATATCA,7 5 1,0.21550931194838308,0.04379343205509301,0.2593027440034761,0.1688891963846936
20000,12,3,CTATATCA,1 5 7,-0.09613924295688658,0.026726448298716843,-0.06941279465816974,0.2175257228083023
20000,13,4,CGATATTG,1 4 3 2,-0.1112878512351293,0.14060309864687603,0.029315247411746737,0.558190354646483
20000,13,4,CGATATTG,2 4 1 3,-0.1112878512351293,0.14568313476736527,0.034395283532235976,0.5669244494627539
20000,13,4,CAGTATTG,2 1 3 4,4.27410366414871,0.31828278501129725,4.592386449160006,0.06930662054137765
20000,13,4,CTATCTTG,4 1 3 2,2.1204166803684896,0.0216082695521842,2.142024949920674,0.010087776780090459
20000,14,2,CGATATCA,7 0,0.10799418124871485,-0.049577158818870704,0.058417022429844145,-0.3146330976026862
20000,14,2,CGATATCT,7 0,-0.444600436340429,0.0721266358386985,-0.3724738005017305,0.13958362106813563
20000,14,2,CGATATCG,7 0,-0.10813629814766457,0.06607366750683474,-0.04206263064082982,0.3792760492122183
20000,14,2,CGATATCG,7 0,-0.10813629814766457,0.06607366750683474,-0.04206263064082982,0.3792760492122183
20000,15,5,CTATCGCC,3 6 7 5 2,1.513356734865348,0.23220967503090684,1.745566409896255,0.13302826733742423
20000,15,5,CTATCTCT,7 3 5 6 2,0.21514119846003954,-0.3055069793378866,-0.09036578087784708,-0.5867820005248533
20000,15,5,CTATCGCA,2 7 6 5 3,0.6834696245674106,-0.11768830669320351,0.565781317874207,-0.14689776147884118
20000,15,5,CTATCGCA,7 2 3 6 5,0.6834696245674106,-0.3699803987678436,0.31348922579956695,-0.351208306585323
20000,16,2,CGATATAT,1 0,-0.20802316113988395,0.0826912306451888,-0.12533193049469515,0.2844414758328271
20000,16,2,CGATATAT,0 1,-0.20802316113988395,-0.07862815370618392,-0.2866513148460679,-0.2742989466083815
20000,16,2,CGATATAT,0 1,-0.20802316113988395,-0.07862815370618392,-0.2866513148460679,-0.2742989466083815
20000,16,2,CGATATAT,1 0,-0.20802316113988395,0.0826912306451888,-0.12533193049469515,0.2844414758328271
20000,17,3,CGATATTT,5 3 2,0.49698088595752177,0.19017415878489796,0.6871550447424197,0.2767558213244069
20000,17,3,CGGTATTT,3 5 2,1.3936291084728851,-0.08987794535326676,1.3037511631196184,-0.06058477788929968
20000,17,3,CGATACTT,2 3 5,-1.0556779063130735,0.3769597795714905,-0.6787181267415829,0.26312289791451454
20000,17,3,CGATACTT,2 5 3,-1.0556779063130735,0.09832183135834538,-0.9573560749547281,0.08520091309270367
20000,18,4,ATATCCTC,7 4 6 5,-0.007244303160633514,0.21508845572832058,0.20784415256768707,0.9674168431281341
20000,18,4,ATATCCCA,6 5 4 7,0.8677478780509915,0.5871210753534104,1.454868953404402,0.4035559862484821
20000,18,4,ATATCGTC,6 5 4 7,0.721657822853178,-0.20741198609141875,0.5142458367617593,-0.22324693375520865
20000,18,4,ATATCGTA,4 5 7 6,-0.7242605181463204,0.03705251971458701,-0.6872079984317334,0.048669230489858675
20000,19,2,TGATACCC,0 4,1.3162762341303726,-0.0797003438185756,1.236575890311797,-0.05709289473586733
20000,19,2,CGATCCCC,4 0,-0.8216460603168212,-0.049144851646936605,-0.8707909119637578,-0.05643702865031969
20000,19,2,TGATACCC,4 0,1.3162762341303726,0.07517228224763228,1.3914485163780048,0.0540244797869408
20000,19,2,TGATACCC,4 0,1.3162762341303726,0.07517228224763228,1.3914485163780048,0.0540244797869408
20000,20,3,CTATCGGA,4 1 3,-0.5038722730459698,0.12270935292743612,-0.3811629201185337,0.1958393732609138
20000,20,3,CGATAGGA,1 4 3,3.0652172624694423,0.24368905106097039,3.3089063135304126,0.0736464039687386
20000,20,3,CTATCGGA,1 3 4,-0.5038722730459698,-0.14226799513873178,-0.6461402681847016,-0.22018128592794026
20000,20,3,CTATAGGA,1 4 3,2.1057615289248908,-0.3531350319712656,1.7526264969536252,-0.14361524497905837
20000,21,2,GGTTATTC,1 3,4.9488304740491476,0.062341849423873,5.011172323473021,0.01244057186615898
20000,21,2,GGTTATTC,3 1,4.9488304740491476,-0.05909087219096465,4.889739601858183,-0.011799480883486594
20000,21,2,GTTTATTC,3 1,5.195930917764304,0.00017541226347672634,5.196106330027781,3.375840530110716e-05
20000,21,2,GTTTATTC,3 1,5.195930917764304,0.00017541226347672634,5.196106330027781,3.375840530110716e-05
20000,22,3,CGATATCG,0 5 2,-0.23769366165511496,-0.06393197534147488,-0.30162563699658984,-0.21195802842912087
20000,22,3,CGGTATCG,0 2 5,0.11405201507332907,-0.21371067664214594,-0.09965866156881686,-0.6520286843008489
20000,22,3,CGATATCG,2 5 0,-0.23769366165511496,0.06990995461579574,-0.16778370703931922,0.2272728632495175
20000,22,3,CGATATCG,5 2 0,-0.23769366165511496,0.09410076791878952,-0.14359289373632544,0.28361165689139256
20000,23,6,CGGTATTT,2 4 7 3 6 5,2.8550691227431635,-0.3183406490033587,2.536728473739805,-0.10031501504709751
20000,23,6,CGATATAT,2 7 3 4 5 6,-0.5252773122706187,0.02044489061441901,-0.5048324216561997,0.037463915718169795
20000,23,6,CGCTATCC,2 7 4 3 5 6,1.4479222621171237,-1.1892213908145104,0.2587008713026133,-0.4509505538283773
20000,23,6,CGATATAT,7 3 5 2 4 6,-0.5252773122706187,-0.0023914616184246285,-0.5276687738890433,-0.004532126471686002
20000,24,4,CGATCTGC,5 1 2 6,0.6907360505599347,-0.2852269562594283,0.4055090943005064,-0.2922518110486331
20000,24,4,CTATCTCC,6 2 1 5,-0.7352751045312966,0.09334218642893477,-0.6419329181023619,0.11264812772705539
20000,24,4,CGATCTAC,1 6 2 5,0.17911940811997695,-0.08561644966648174,0.09350295845349521,-0.3234032986024194
20000,24,4,CTATCTCC,1 6 2 5,-0.7352751045312966,0.44392354717697247,-0.29135155735432416,0.37646205457738097
20000,25,5,TAATATAT,3 7 6 4 1,1.8395104153695105,0.18953789615619154,2.029048311525702,0.09341221452419353
20000,25,5,TGATATCA,7 6 4 1 3,0.5416913120803191,0.325979340821716,0.867670652902035,0.3756947866467957
20000,25,5,TGATATTA,4 3 1 7 6,-0.42444118945325116,0.24344387435154324,-0.1809973151017079,0.36449965352525926
20000,25,5,TGATATCG,6 1 4 7 3,-0.21769991926034749,0.3181267989591987,0.10042687969885122,0.5937120866541998
20000,26,6,GTATTTCC,1 3 2 6 7 5,2.397495250745945,0.0684909232840143,2.4659861740299593,0.027774252753447186
20000,26,6,GGATTCTT,1 2 5 7 3 6,5.931363493546938,0.17685901330180798,6.108222506848746,0.028954251929019886
20000,26,6,GGATTATG,6 3 2 1 7 5,3.0463938766097556,-0.10611374803839801,2.9402801285713576,-0.03366010829243948
20000,26,6,GATATGAT,5 3 6 7 2 1,2.9408153499717873,0.03167630446166925,2.9724916544334565,0.010656482219024634
20000,27,4,CAATATCT,5 1 7 2,1.11785059904881,0.2513976015786521,1.369248200627462,0.1836026525092006
20000,27,4,CGATATCG,2 5 7 1,-0.3550813626168132,0.09905939324112634,-0.2560219693756869,0.21812486979722484
20000,27,4,CGATATCT,7 5 1 2,-0.30630976691252854,0.1412911367167604,-0.16501863019576812,0.3156632070470087
20000,27,4,CGATATCT,7 1 5 2,-0.30630976691252854,0.11051553753510834,-0.1957942293774202,0.2651363445450124
20000,28,3,ATATCCCT,3 0 5,-0.5441158922337479,-0.08365702873234415,-0.627772920966092,-0.1332600147894285
20000,28,3,CTATCGCT,5 0 3,-0.14737400234384712,0.00963475033770722,-0.1377392520061399,0.06136441550649378
20000,28,3,CTATCGCT,0 5 3,-0.14737400234384712,0.23085393235217255,0.08347993000832543,0.6103566425830207
20000,28,3,CTATCGCT,5 3 0,-0.14737400234384712,0.04296236871871573,-0.1044116336251314,0.22571812459634505
20000,29,4,CTGTATCA,4 7 3 0,-0.1733010580880675,-0.046598227480284304,-0.2198992855683518,-0.21190713448589205
20000,29,4,CTGTATCA,7 4 0 3,-0.1733010580880675,-0.16679692805730495,-0.34009798614537246,-0.4904378586529142
20000,29,4,GTGTATCA,3 7 0 4,1.2958067058490919,0.11788406164442744,1.4136907674935193,0.08338744536999167
20000,29,4,GTGTATCG,7 3 0 4,0.7063459763980839,0.2596171946986754,0.9659631710967593,0.2687651066488433
20000,30,6,CTATATAA,0 2 3 4 5 7,2.7531832929612925,0.04608932111401387,2.7992726140753064,0.016464749050259516
20000,30,6,CTATCCAT,5 2 0 4 7 3,3.1613667283206475,0.1582544599431568,3.3196211882638043,0.0476724454292104
20000,30,6,CTATATAT,3 4 2 0 7 5,-0.12281928404900055,-0.33482473787327116,-0.4576440219222717,-0.7316270328778364
20000,30,6,CTATTGAT,2 3 5 0 7 4,-0.28087228786770346,0.21293657027977986,-0.0679357175879236,0.4312125365239665
20000,31,2,CGATATGC,4 2,-0.2504357560345758,-0.0059389877500808375,-0.25637474378465663,-0.023165260596298528
20000,31,2,CGATATGC,4 2,-0.2504357560345758,-0.0059389877500808375,-0.25637474378465663,-0.023165260596298528
20000,31,2,CGATATGC,2 4,-0.2504357560345758,0.005869015548857437,-0.24456674048571836,0.02289858090662559
20000,31,2,CGATATGC,2 4,-0.2504357560345758,0.005869015548857437,-0.24456674048571836,0.02289858090662559
22500,0,7,CTATCCCA,4 7 0 1 3 6 2,2.319438561639246,0.3534462514008485,2.6728848130400946,0.13223400038658778
22500,0,7,CGATACTT,4 2 7 1 0 3 6,0.6010116931352076,0.5031961049817628,1.1042077981169705,0.45570779869502287
22500,0,7,ATATCCCA,2 3 1 0 4 6 7,0.6877283917824961,-0.20270203878189186,0.48502635300060426,-0.22764500383641623
22500,0,7,TTATCCCA,3 2 4 6 0 1 7,1.9812401015334649,0.822056603534203,2.803296705067668,0.293246377398485
22500,1,5,CTATAGCT,3 0 4 5 1,4.213994509215082,0.3219999516512271,4.535994460866309,0.07098773034871161
22500,1,5,CTATATCT,1 3 5 0 4,1.0448569504072722,-0.09236646800362092,0.9524904824036513,-0.08122103933868143
22500,1,5,CAATATCT,3 1 4 0 5,0.6611195079600312,-0.13961617451573183,0.5215033334442993,-0.17435987626286129
22500,1,5,CGATATCT,1 5 4 3 0,-0.5092351494565213,0.13659039471965162,-0.37264475473686964,0.21149735551864687
22500,2,7,CGATATCG,5 7 0 4 6 3 2,-0.1975700927219317,0.3367111545037158,0.1391410617817841,0.6302133122810312
22500,2,7,CGATATAC,2 0 3 6 5 4 7,0.27808705891375585,0.2514618825888082,0.529548941502564,0.4748605140731655
22500,2,7,TGATACCC,3 7 4 2 6 0 5,2.643290679914652,0.6271737538732483,3.2704644337879003,0.19176901830632243
22500,2,7,CGATCCAT,2 0 7 3 5 6 4,0.6709963468257039,0.3879942235904368,1.0589905704161406,0.3663811883027161
22500,3,4,CTATCTTG,2 5 3 1,1.602776605635082,0.13080442892680466,1.7335810345618867,0.07545331098979273
22500,3,4,CGATCTTG,1 2 3 5,0.10929752258230208,0.1658145470721606,0.27511206965446267,0.6027163667534529
22500,3,4,CTATCCTG,1 3 2 5,0.07739262257046908,0.31148615818480563,0.3888787807552747,0.8009852262441313
22500,3,4,CGATCGTG,1 5 2 3,-0.39535277564716975,0.01114899549975501,-0.38420378014741474,0.02742668369758554
22500,4,7,CGGTATCA,0 7 2 3 1 5 6,0.2512641850021753,-0.47475676030651215,-0.22349257530433686,-0.6539160658852018
22500,4,7,TGTTATCC,7 2 6 5 1 0 3,1.562937709119728,-1.2249332937838453,0.33800441533588277,-0.43937947362273033
22500,4,7,CGATATAT,6 2 0 7 1 3 5,-0.6014181578820743,-0.19651273404197234,-0.7979308919240466,-0.24627788700863829
22500,4,7,CTATATAT,3 2 7 1 5 0 6,0.5321975945991655,0.3839491732219926,0.9161467678211581,0.41909133635337315
22500,5,5,CTATCTCG,3 5 2 4 0,3.503589283336675,0.190790529925831,3.694379813262506,0.051643452912153054
22500,5,5,ATATCGCG,5 2 4 0 3,-0.4486319094385869,-0.0013656417694791756,-0.44999755120806606,-0.003034776002253714
22500,5,5,GTATATCG,2 4 0 3 5,2.438324425333899,-0.0006196445947059814,2.437704780739193,-0.0002540626504502501
22500,5,5,CTATCGCG,2 4 3 5 0,0.022519531226418366,0.09123299536650631,0.11375252659292467,0.8020304963686049
22500,6,4,CGATATCA,2 4 1 7,0.24754715783215664,0.02567586957203316,0.2732230274041898,0.09397403218891143
22500,6,4,CGATATCT,4 2 7 1,-0.271225639515956,-0.007688044392004656,-0.2789136839079607,-0.027564242400317834
22500,6,4,CGATATCT,7 4 1 2,-0.271225639515956,0.12075752130852635,-0.15046811820742967,0.3080681350049058
22500,6,4,CGATATCA,1 4 7 2,0.24754715783215664,-0.11383946516824794,0.1337076926639087,-0.3150074129006167
22500,7,1,GTATCGGA,2,0.0006325422444692919,0.0,0.0006325422444692919,0.0
22500,7,1,GTATCGGA,2,0.0006325422444692919,0.0,0.0006325422444692919,0.0
22500,7,1,GTATCGGA,2,0.0006325422444692919,0.0,0.0006325422444692919,0.0
22500,7,1,GTATCGGA,2,0.0006325422444692919,0.0,0.0006325422444692919,0.0
22500,8,5,CGATATGC,2 7 5 4 1,-0.7367949771311295,0.05713141150913614,-0.6796635656219934,0.07196059020910418
22500,8,5,CGATCTGA,4 7 2 1 5,-1.2047880369295827,-0.204298068778761,-1.4090861057083437,-0.14498622046667684
22500,8,5,CGATACGA,4 2 1 7 5,2.393193116798961,0.17659730472899327,2.569790421527954,0.0687205085868409
22500,8,5,CGATCGGT,7 4 1 5 2,2.7924260992074847,0.41739476842036094,3.2098208676278457,0.1300367795068976
22500,9,5,CGGTATAC,6 4 0 1 3,-0.5544775132605579,-0.20639904717944368,-0.7608765604400016,-0.2712648252169665
22500,9,5,TTGAATCC,6 3 0 1 4,1.9541855483414983,0.7753774047067941,2.7295629530482923,0.28406650370194847
22500,9,5,CTGTATCC,3 6 1 4 0,-0.5303998324093948,0.2378481248812534,-0.2925517075281414,0.30959812209597487
22500,9,5,CGGTATCC,3 1 4 6 0,0.3420742059175237,-0.2823510062500647,0.05972319966745898,-0.45217745976324386
22500,10,5,ATATCGCT,5 7 1 4 0,-0.8303112842599143,0.7618411026102461,-0.06847018164966823,0.47849760418213916
22500,10,5,CTATCGCA,5 1 7 0 4,0.6345478856740701,-0.17678089756368287,0.4577669881103872,-0.21789057804433737
22500,10,5,CGATATCG,4 5 7 0 1,-0.632539712206643,0.3938731382259988,-0.23866657398064417,0.383737536080124
22500,10,5,CTATCACA,7 1 0 4 5,1.4574815954210498,0.5265698541474038,1.9840514495684536,0.265401310163573
22500,11,5,CGATATCT,0 1 3 5 7,-0.45920270218797565,-0.21750081377745012,-0.6767035159654258,-0.3214122708778163
22500,11,5,CGATATCT,0 7 5 1 3,-0.45920270218797565,0.32468549021809956,-0.1345172119698761,0.41419872548597303
22500,11,5,CGATATCC,1 3 0 5 7,0.00825237034991222,0.10680134438112887,0.11505371473104109,0.9282737600502198
22500,11,5,CGATATCC,7 0 1 3 5,0.00825237034991222,-0.24313037626310674,-0.23487800591319452,-0.9671720893295195
22500,12,3,GTATCGTA,5 4 7,-0.42043207791792403,0.0005751115054932754,-0.41985696641243075,0.001366037255280388
22500,12,3,GTATCCTA,4 5 7,0.09987799666518171,-0.244589453673568,-0.14471145700838628,-0.710050988658111
22500,12,3,GTATCGTA,7 4 5,-0.42043207791792403,0.04038299739073192,-0.3800490805271921,0.087633846101244
22500,12,3,GTATACTA,5 7 4,1.5184291842451723,-0.23217249267389128,1.286256691571281,-0.1326243975057185
22500,13,6,CTATTGAT,6 3 1 0 4 2,-0.5672175952678673,-0.7461155648262432,-1.3133331600941105,-0.5681083730291088
22500,13,6,CTATCGCT,0 2 4 3 6 1,-0.6059575679114919,0.5008108338197523,-0.10514673409173958,0.452498312236207
22500,13,6,CGATCGCT,1 3 2 4 6 0,0.4294860442245336,0.5705114176682216,0.9999974618927552,0.5705128656910592
22500,13,6,CTATCGCT,0 1 2 6 3 4,-0.6059575679114919,-0.16859942750578583,-0.7745569954172777,-0.217672073847782
22500,14,4,CGATCTAT,0 4 5 1,0.463766551924059,0.24151694194081763,0.7052834938648767,0.3424395211879001
22500,14,4,CGATCCAT,4 1 0 5,1.328019573584844,0.055351164814523734,1.3833707383993676,0.0400118083158011
22500,14,4,AGATCCAT,0 1 5 4,4.4481660675159,-0.17377060047339565,4.274395467042504,-0.037596923747765666
22500,14,4,CGATATAT,0 4 5 1,-0.49615576007238316,-0.09774050887400199,-0.5938962689463851,-0.16457505120784932
22500,15,6,CGGTATTG,7 5 1 4 0 3,-0.158877187547376,0.022662839991800077,-0.13621434755557593,0.12483660104606664
22500,15,6,CAGTCTTA,7 5 3 0 1 4,4.76032316225526,1.873509879940971,6.6338330421962315,0.28241740001956955
22500,15,6,CTGTATTA,1 7 4 0 5 3,4.487037418011614,0.2772215091028034,4.764258927114417,0.05818775036030818
22500,15,6,GGGTATTG,5 7 0 4 3 1,0.12048014380750693,-0.019926912317446366,0.10055323149006057,-0.141922442271795
22500,16,3,CTATCTAT,3 7 2,-0.33581512210989317,-0.02158700213550757,-0.35740212424540074,-0.06039975890206356
22500,16,3,CTATCTAT,3 2 7,-0.33581512210989317,-0.11967518953389655,-0.4554903116437897,-0.26273926464430924
22500,16,3,CTATCTAA,7 2 3,0.46680090523957185,0.036212808308388134,0.50301371354796,0.07199169194208344
22500,16,3,CTATCTAT,7 3 2,-0.33581512210989317,0.0994638013209479,-0.23635132078894527,0.22850589809628383
22500,17,5,CAATCGAT,5 6 3 1 4,1.210307515060232,0.2913038655334592,1.5016113805936913,0.19399417805310357
22500,17,5,CTATCGCT,4 3 1 6 5,0.9852991459999187,0.12396567428491068,1.1092648202848294,0.11175480554145728
22500,17,5,CGATATAT,5 3 6 4 1,-0.5088772220740936,-0.18440932930506637,-0.69328655137916,-0.26599294179040334
22500,17,5,CGATCTAT,6 1 4 3 5,0.5161097661733138,-0.05202500160509871,0.4640847645682151,-0.09157158574986177
22500,18,4,CGATCGAG,6 1 2 7,2.107421380061055,-0.2116281191902072,1.8957932608708479,-0.09125640451337252
22500,18,4,CTATCGCG,2 6 7 1,0.01661690120182513,0.18401375675101939,0.20063065795284452,0.9171766599811944
22500,18,4,CTATCGGA,1 6 2 7,-0.7592933442020686,-0.10142303085300997,-0.8607163750550786,-0.11783560042821277
22500,18,4,CTATCGCA,1 7 6 2,0.5682714921537801,0.025607444374602828,0.593878936528383,0.043118963814907055
22500,19,5,CAGTATAC,2 7 5 0 1,1.0009565009969812,0.0048404788953932965,1.0057969798923745,0.00481258046321759
22500,19,5,CGATATAT,7 5 1 2 0,-0.3590692901580822,0.13866378990721184,-0.22040550025087036,0.2785906652799158
22500,19,5,CGATATAT,0 2 5 1 7,-0.3590692901580822,-0.016581588706260142,-0.37565087886434234,-0.044140955443493585
22500,19,5,CGATACAA,7 2 0 1 5,1.5425468437215333,0.8749625989164791,2.4175094426380124,0.3619272725411614
22500,20,5,CTATCGTT,5 7 6 0 4,1.048802280129781,-0.17038852998126686,0.8784137501485141,-0.1397554251296787
22500,20,5,CTATCGCA,6 0 7 5 4,0.682860094167268,0.5093251614359646,1.1921852556032326,0.4272198125602985
22500,20,5,CTATCGCA,6 7 0 5 4,0.682860094167268,0.3445179908064633,1.0273780849737313,0.3353371031028681
22500,20,5,CTATCGTA,4 0 6 5 7,-1.0379589448465083,-0.46439056149001345,-1.5023495063365218,-0.30910953778154426
22500,21,5,CGATATAC,7 2 6 1 4,0.5484967511131154,-0.21171780857797273,0.3367789425351426,-0.2784974398069986
22500,21,5,CAATATAT,4 2 6 7 1,-0.5024111547129815,0.3634623709225462,-0.1389487837904353,0.4197638109512295
22500,21,5,CGATATAT,6 2 4 7 1,-0.4551803376957335,-0.09424839363939785,-0.5494287313351314,-0.1715388880562742
22500,21,5,CGATATAA,1 6 7 2 4,0.9289437264637579,-0.17665505698176975,0.7522886694819881,-0.15978224617002165
22500,22,2,TGGTATTC,0 2,1.9364561608978987,0.3424421772671531,2.278898338165052,0.15026654394021122
22500,22,2,TGATATTC,2 0,-0.5344209213658491,0.13169220654125735,-0.4027287148245917,0.19770246377672748
22500,22,2,TGATATTC,2 0,-0.5344209213658491,0.13169220654125735,-0.4027287148245917,0.19770246377672748
22500,22,2,GGATATTC,0 2,1.0309511420556103,0.031082477579852164,1.0620336196354625,0.029266943159973656
22500,23,4,CGATATAC,5 1 7 2,0.8292032950293717,0.07701555913368852,0.9062188541630603,0.08498560671066191
22500,23,4,CGATATAT,7 5 1 2,-0.2821068845067036,-0.025044833717832393,-0.307151718224536,-0.08153896667940486
22500,23,4,CGATATAC,1 5 2 7,0.8292032950293717,0.29782201996127755,1.1270253149906493,0.2642549515081199
22500,23,4,CGATATAG,5 7 2 1,-0.36889785064860625,-0.2062915837368955,-0.5751894343855017,-0.3586498141386849
22500,24,3,CTAACCTA,1 4 3,6.983345296053674,0.48223326404047917,7.465578560094153,0.06459422537164988
22500,24,3,CGATACTA,1 3 4,-0.7192059490905348,0.05770641520513786,-0.661499533885397,0.07427660809266809
22500,24,3,CGATCCTA,1 4 3,1.0508108050047524,0.07043069585368222,1.1212415008584347,0.06281492060342016
22500,24,3,CTATCCTA,4 3 1,1.4067058303580164,0.15889001660396995,1.5655958469619864,0.10148852713955105
22500,25,1,CGAGATAT,0,0.0025777208678192665,0.0,0.0025777208678192665,0.0
22500,25,1,CGAGATAT,0,0.0025777208678192665,0.0,0.0025777208678192665,0.0
22500,25,1,CGAGATAT,0,0.0025777208678192665,0.0,0.0025777208678192665,0.0
22500,25,1,CGAGATAT,0,0.0025777208678192665,0.0,0.0025777208678192665,0.0
22500,26,5,CGATATAT,5 6 1 0 7,-0.6222199822873431,0.07658189529747705,-0.545638086989866,0.1095902826737634
22500,26,5,CGATATAT,0 1 5 6 7,-0.6222199822873431,0.14174894796879034,-0.48047103431855276,0.18554281771808
22500,26,5,CGATATCG,6 5 0 7 1,-0.17612341150592226,-0.05475720375773818,-0.23088061526366044,-0.23716674392610526
22500,26,5,CAATATCT,0 5 1 6 7,1.1459447467537185,0.38401439589573716,1.5299591426494557,0.2509965038875045
22500,27,3,CGATCTTC,0 6 3,-0.8864269474275024,0.1425811715070444,-0.743845775920458,0.1385617556202331
22500,27,3,TGATCTCC,0 3 6,-0.05993738177856578,-0.5063578056031837,-0.5662951873817494,-0.8941587654034556
22500,27,3,TGATCTCC,6 0 3,-0.05993738177856578,0.488274628496729,0.4283372467181632,0.8906675142916568
22500,27,3,TGATCTCC,3 6 0,-0.05993738177856578,0.20170665622223138,0.1417692744436656,0.7709201316546599
22500,28,4,TGATCCTG,6 2 7 3,-0.2883872225599253,0.04636891967815604,-0.2420183028817693,0.13851551570688755
22500,28,4,TGATCCTC,3 7 6 2,-0.09962756622924429,-0.2398326488694873,-0.3394602150987316,-0.7065118037462277
22500,28,4,TGATCCTC,6 2 3 7,-0.09962756622924429,0.13132315532828231,0.031695589099038024,0.5686198096400905
22500,28,4,TGATCCGG,2 7 6 3,1.502807375609526,0.46259543686077764,1.9654028124703036,0.23536927591924225
22500,29,4,CGGTATTA,2 7 1 6,1.0534451124729145,0.20994694672718595,1.2633920592001004,0.1661771935309701
22500,29,4,CGATATCA,6 1 7 2,0.5338797042173815,0.008874959070707344,0.5427546632880889,0.016351695657374026
22500,29,4,CGATATAT,7 1 6 2,-0.46793704323424934,0.02420937917777799,-0.44372766405647135,0.04919141555297091
22500,29,4,CGATATAT,2 1 6 7,-0.46793704323424934,0.08487576149055265,-0.3830612817436967,0.15353436238294987
22500,30,3,CGATCCAT,4 7 6,-0.341570758614949,0.11806420999479128,-0.22350654862015773,0.25686516052488473
22500,30,3,CGATACCT,4 6 7,-0.46108015307710004,-0.04626450195023746,-0.5073446550273375,-0.09118949316169413
22500,30,3,CGATCCTT,7 4 6,1.259956959073814,-0.14242479552225706,1.117532163551557,-0.10155921884713894
22500,30,3,CGATACCA,6 4 7,0.7882611931946326,0.20118284901107542,0.989444042205708,0.20332918328821364
22500,31,6,CGATATAT,5 2 4 6 0 1,-0.535402772930395,-0.0975707573000264,-0.6329735302304214,-0.1541466627593538
22500,31,6,CGATATAT,5 4 1 0 6 2,-0.535402772930395,0.2105107615586448,-0.32489201137175017,0.28221871815591515
22500,31,6,CGATCGGT,2 5 1 6 4 0,4.005598858223751,0.5551847654378967,4.5607836236616475,0.12173012605938185
22500,31,6,CTATCTCT,5 0 1 2 4 6,1.0290380079478938,-0.15183100984487385,0.8772069981030199,-0.12857565704337828
