step,context,hidden,y,d_exact,d_sur_expected,d_sur_draw,d_exact_centered,d_sur_expected_centered,bias_centered,noise,gap,gap_ref
0,0,5,CCCTTTGG,0.0,0.0,0.0,0.0,0.0,0.0,0.0,0.007023947001496111,0.007023947001496111
0,0,5,AATTTTGC,0.0,0.0,0.0,0.0,0.0,0.0,0.0,0.0075068284396078155,0.0075068284396078155
0,0,5,TTTTATGG,0.0,0.0,0.0,0.0,0.0,0.0,0.0,0.014904227419093807,0.014904227419093807
0,0,5,ATTTTTGG,0.0,0.0,0.0,0.0,0.0,0.0,0.0,0.012759832139572325,0.012759832139572325
0,1,4,AACGTCGT,0.0,0.0,0.0,0.0,0.0,0.0,0.0,0.004459869748911771,0.004459869748911771
0,1,4,AAGATTGT,0.0,0.0,0.0,0.0,0.0,0.0,0.0,0.0018348731700150722,0.0018348731700150722
0,1,4,AAGCTGGT,0.0,0.0,0.0,0.0,0.0,0.0,0.0,0.002862153058945438,0.002862153058945438
0,1,4,CATCTTGT,0.0,0.0,0.0,0.0,0.0,0.0,0.0,0.005550517893466278,0.005550517893466278
0,2,4,AGATCGGG,0.0,0.0,0.0,0.0,0.0,0.0,0.0,0.004944062550503503,0.004944062550503503
0,2,4,AGAGCTAG,0.0,0.0,0.0,0.0,0.0,0.0,0.0,0.001916295844237581,0.001916295844237581
0,2,4,GGAACGAG,0.0,0.0,0.0,0.0,0.0,0.0,0.0,0.0022599907336084968,0.0022599907336084968
0,2,4,AGACCCGG,0.0,0.0,0.0,0.0,0.0,0.0,0.0,0.005189533620574949,0.005189533620574949
0,3,4,CAGACGAG,0.0,0.0,0.0,0.0,0.0,0.0,0.0,0.0016131788930850988,0.0016131788930850988
0,3,4,CTAACGAC,0.0,0.0,0.0,0.0,0.0,0.0,0.0,0.0034659138853392335,0.0034659138853392335
0,3,4,CAAACCAA,0.0,0.0,0.0,0.0,0.0,0.0,0.0,0.00031861785209574833,0.00031861785209574833
0,3,4,CACACAAT,0.0,0.0,0.0,0.0,0.0,0.0,0.0,0.0075441914528369125,0.0075441914528369125
0,4,7,AACCTGCG,0.0,0.0,0.0,0.0,0.0,0.0,0.0,0.018500052803323896,0.018500052803323896
0,4,7,TCTCAGAT,0.0,0.0,0.0,0.0,0.0,0.0,0.0,0.010012624837333561,0.010012624837333561
0,4,7,TCACTTGA,0.0,0.0,0.0,0.0,0.0,0.0,0.0,0.011343423837242739,0.011343423837242739
0,4,7,TTCCTCGC,0.0,0.0,0.0,0.0,0.0,0.0,0.0,0.016048299303685454,0.016048299303685454
0,5,5,TACTTATT,0.0,0.0,0.0,0.0,0.0,0.0,0.0,0.003628584841006699,0.003628584841006699
0,5,5,TATCTTTC,0.0,0.0,0.0,0.0,0.0,0.0,0.0,0.00707947102016071,0.00707947102016071
0,5,5,TGTTTTTG,0.0,0.0,0.0,0.0,0.0,0.0,0.0,0.003981463021773379,0.003981463021773379
0,5,5,TCTTTTTT,0.0,0.0,0.0,0.0,0.0,0.0,0.0,0.004095149581098134,0.004095149581098134
0,6,4,TCTCTTTA,0.0,0.0,0.0,0.0,0.0,0.0,0.0,0.0030704366948874906,0.0030704366948874906
0,6,4,TCTATTCC,0.0,0.0,0.0,0.0,0.0,0.0,0.0,0.0005203713923132014,0.0005203713923132014
0,6,4,TCTTCTAA,0.0,0.0,0.0,0.0,0.0,0.0,0.0,0.005315269002282186,0.005315269002282186
0,6,4,TCTCATTG,0.0,0.0,0.0,0.0,0.0,0.0,0.0,0.0012862556767521127,0.0012862556767521127
0,7,2,ACTTACAA,0.0,0.0,0.0,0.0,0.0,0.0,0.0,0.00020598913216218762,0.00020598913216218762
0,7,2,ACTCACAT,0.0,0.0,0.0,0.0,0.0,0.0,0.0,0.0002036321859630874,0.0002036321859630874
0,7,2,ACTTACAC,0.0,0.0,0.0,0.0,0.0,0.0,0.0,0.00037380353230087593,0.00037380353230087593
0,7,2,ACTAACAT,0.0,0.0,0.0,0.0,0.0,0.0,0.0,0.00010338746607807536,0.00010338746607807536
0,8,3,AGACTAAT,0.0,0.0,0.0,0.0,0.0,0.0,0.0,0.005268633268367573,0.005268633268367573
0,8,3,AGACGCAG,0.0,0.0,0.0,0.0,0.0,0.0,0.0,0.007615367789198579,0.007615367789198579
0,8,3,AGACAAAC,0.0,0.0,0.0,0.0,0.0,0.0,0.0,0.001665786377645695,0.001665786377645695
0,8,3,AGACAGAA,0.0,0.0,0.0,0.0,0.0,0.0,0.0,0.007096091979347019,0.007096091979347019
0,9,4,TTCACGTG,0.0,0.0,0.0,0.0,0.0,0.0,0.0,0.00508646213127939,0.00508646213127939
0,9,4,TATACAGG,0.0,0.0,0.0,0.0,0.0,0.0,0.0,0.011780634581253224,0.011780634581253224
0,9,4,TCGACGTG,0.0,0.0,0.0,0.0,0.0,0.0,0.0,0.0028552430967767606,0.0028552430967767606
0,9,4,TCAACCCG,0.0,0.0,0.0,0.0,0.0,0.0,0.0,0.0052963784786248524,0.0052963784786248524
0,10,4,TTAGTCTC,0.0,0.0,0.0,0.0,0.0,0.0,0.0,0.0036292794117001037,0.0036292794117001037
0,10,4,TCATGCTG,0.0,0.0,0.0,0.0,0.0,0.0,0.0,0.005520082323020148,0.005520082323020148
0,10,4,TCAAACTT,0.0,0.0,0.0,0.0,0.0,0.0,0.0,0.006450402830989965,0.006450402830989965
0,10,4,TAAATCTC,0.0,0.0,0.0,0.0,0.0,0.0,0.0,0.0007389426882076222,0.0007389426882076222
0,11,7,TACCTGTC,0.0,0.0,0.0,0.0,0.0,0.0,0.0,0.026036472637120056,0.026036472637120056
0,11,7,TTCCTGTC,0.0,0.0,0.0,0.0,0.0,0.0,0.0,0.02895938368391704,0.02895938368391704
0,11,7,TGTCAGAC,0.0,0.0,0.0,0.0,0.0,0.0,0.0,0.0102185812570319,0.0102185812570319
0,11,7,GATCGGCA,0.0,0.0,0.0,0.0,0.0,0.0,0.0,0.01703604334789155,0.01703604334789155
0,12,1,GACAACGT,0.0,0.0,0.0,0.0,0.0,0.0,0.0,0.0,0.0
0,12,1,CACAACGT,0.0,0.0,0.0,0.0,0.0,0.0,0.0,0.0,0.0
0,12,1,GACAACGT,0.0,0.0,0.0,0.0,0.0,0.0,0.0,0.0,0.0
0,12,1,TACAACGT,0.0,0.0,0.0,0.0,0.0,0.0,0.0,0.0,0.0
0,13,6,ATCGTAAT,0.0,0.0,0.0,0.0,0.0,0.0,0.0,0.014423055697470488,0.014423055697470488
0,13,6,ACGGGATC,0.0,0.0,0.0,0.0,0.0,0.0,0.0,0.029425631420174625,0.029425631420174625
0,13,6,ATAAAACC,0.0,0.0,0.0,0.0,0.0,0.0,0.0,0.013462047857181858,0.013462047857181858
0,13,6,AGCGGAAG,0.0,0.0,0.0,0.0,0.0,0.0,0.0,0.018930025723253863,0.018930025723253863
0,14,5,CACCTTCA,0.0,0.0,0.0,0.0,0.0,0.0,0.0,0.009469635634580698,0.009469635634580698
0,14,5,TCGCTTCC,0.0,0.0,0.0,0.0,0.0,0.0,0.0,0.017879466940724065,0.017879466940724065
0,14,5,TGACTTCT,0.0,0.0,0.0,0.0,0.0,0.0,0.0,0.009277366854613334,0.009277366854613334
0,14,5,TTTCATCT,0.0,0.0,0.0,0.0,0.0,0.0,0.0,0.01607151833700904,0.01607151833700904
0,15,6,GACAGCCA,0.0,0.0,0.0,0.0,0.0,0.0,0.0,0.006910708188385684,0.006910708188385684
0,15,6,CTAAGCTA,0.0,0.0,0.0,0.0,0.0,0.0,0.0,0.007575185663588613,0.007575185663588613
0,15,6,CGGATCCA,0.0,0.0,0.0,0.0,0.0,0.0,0.0,0.00784087355360441,0.00784087355360441
0,15,6,AATAACGT,0.0,0.0,0.0,0.0,0.0,0.0,0.0,0.02413109836918892,0.02413109836918892
0,16,2,TACCTTCG,0.0,0.0,0.0,0.0,0.0,0.0,0.0,2.435751950402576e-05,2.435751950402576e-05
0,16,2,TACCTGCC,0.0,0.0,0.0,0.0,0.0,0.0,0.0,0.0029030089321393504,0.0029030089321393504
0,16,2,TACCTACA,0.0,0.0,0.0,0.0,0.0,0.0,0.0,2.0305821024635407e-08,2.0305821024635407e-08
0,16,2,TACCTCCG,0.0,0.0,0.0,0.0,0.0,0.0,0.0,0.002924567860432603,0.002924567860432603
0,17,3,GCGCGTCC,0.0,0.0,0.0,0.0,0.0,0.0,0.0,0.0008888959696795595,0.0008888959696795595
0,17,3,GCCCCTCC,0.0,0.0,0.0,0.0,0.0,0.0,0.0,0.0028299315522035684,0.0028299315522035684
0,17,3,GCGCCTCC,0.0,0.0,0.0,0.0,0.0,0.0,0.0,0.0016157625768000727,0.0016157625768000727
0,17,3,GCGAGTCC,0.0,0.0,0.0,0.0,0.0,0.0,0.0,0.0004849301393003991,0.0004849301393003991
0,18,3,CACAAGAG,0.0,0.0,0.0,0.0,0.0,0.0,0.0,0.001998101497014737,0.001998101497014737
0,18,3,CCCAGAAG,0.0,0.0,0.0,0.0,0.0,0.0,0.0,0.002823893263834698,0.002823893263834698
0,18,3,CTCAGGAG,0.0,0.0,0.0,0.0,0.0,0.0,0.0,0.0025154522382644373,0.0025154522382644373
0,18,3,CACAAAAG,0.0,0.0,0.0,0.0,0.0,0.0,0.0,0.003265322367536072,0.003265322367536072
0,19,2,AGAGTACG,0.0,0.0,0.0,0.0,0.0,0.0,0.0,0.0014448914892017939,0.0014448914892017939
0,19,2,AGGGTACG,0.0,0.0,0.0,0.0,0.0,0.0,0.0,0.0017471473753918332,0.0017471473753918332
0,19,2,TGCGTACG,0.0,0.0,0.0,0.0,0.0,0.0,0.0,0.00022842665520306227,0.00022842665520306227
0,19,2,AGTGTACG,0.0,0.0,0.0,0.0,0.0,0.0,0.0,0.0002292120216291771,0.0002292120216291771
0,20,3,GCCGTGGT,0.0,0.0,0.0,0.0,0.0,0.0,0.0,0.0007398821976085657,0.0007398821976085657
0,20,3,GAAGTGGT,0.0,0.0,0.0,0.0,0.0,0.0,0.0,0.0014930418038616722,0.0014930418038616722
0,20,3,GCGGAGGT,0.0,0.0,0.0,0.0,0.0,0.0,0.0,0.00149673031701969,0.00149673031701969
0,20,3,GGAGCGGT,0.0,0.0,0.0,0.0,0.0,0.0,0.0,0.0030762988609414066,0.0030762988609414066
0,21,5,GGGCGGCC,0.0,0.0,0.0,0.0,0.0,0.0,0.0,0.00617748906356308,0.00617748906356308
0,21,5,AAGCTCCC,0.0,0.0,0.0,0.0,0.0,0.0,0.0,0.004693676262617963,0.004693676262617963
0,21,5,AAGCGGCA,0.0,0.0,0.0,0.0,0.0,0.0,0.0,0.0021369690157682086,0.0021369690157682086
0,21,5,ACGCCGCA,0.0,0.0,0.0,0.0,0.0,0.0,0.0,0.006444851218999403,0.006444851218999403
0,22,2,CTTGCCGG,0.0,0.0,0.0,0.0,0.0,0.0,0.0,2.0865725968821636e-05,2.0865725968821636e-05
0,22,2,CGTCCCGG,0.0,0.0,0.0,0.0,0.0,0.0,0.0,4.0676160214747625e-05,4.0676160214747625e-05
0,22,2,CCTCCCGG,0.0,0.0,0.0,0.0,0.0,0.0,0.0,3.4193804489657253e-05,3.4193804489657253e-05
0,22,2,CATTCCGG,0.0,0.0,0.0,0.0,0.0,0.0,0.0,6.0933992435341366e-05,6.0933992435341366e-05
0,23,6,AATCGAAG,0.0,0.0,0.0,0.0,0.0,0.0,0.0,0.007061010898583575,0.007061010898583575
0,23,6,AATGCCCG,0.0,0.0,0.0,0.0,0.0,0.0,0.0,0.007273227492913037,0.007273227492913037
0,23,6,AATTCACA,0.0,0.0,0.0,0.0,0.0,0.0,0.0,0.0039613563545177755,0.0039613563545177755
0,23,6,AATTTCAC,0.0,0.0,0.0,0.0,0.0,0.0,0.0,0.01758980646446595,0.01758980646446595
0,24,2,TAATAGTG,0.0,0.0,0.0,0.0,0.0,0.0,0.0,6.29423134412832e-06,6.29423134412832e-06
0,24,2,TAATAATG,0.0,0.0,0.0,0.0,0.0,0.0,0.0,0.0005991727067469199,0.0005991727067469199
0,24,2,TAATATTG,0.0,0.0,0.0,0.0,0.0,0.0,0.0,6.898746161887459e-06,6.898746161887459e-06
0,24,2,TAATATTG,0.0,0.0,0.0,0.0,0.0,0.0,0.0,6.898746161887459e-06,6.898746161887459e-06
0,25,4,ATAGGCTA,0.0,0.0,0.0,0.0,0.0,0.0,0.0,0.0007344435804306215,0.0007344435804306215
0,25,4,TATGGCTG,0.0,0.0,0.0,0.0,0.0,0.0,0.0,0.00737853390197607,0.00737853390197607
0,25,4,CGGGGCTG,0.0,0.0,0.0,0.0,0.0,0.0,0.0,0.004198362210868112,0.004198362210868112
0,25,4,AATGGCTG,0.0,0.0,0.0,0.0,0.0,0.0,0.0,0.004755412184215935,0.004755412184215935
0,26,5,TTTTCATA,0.0,0.0,0.0,0.0,0.0,0.0,0.0,0.006535446871155592,0.006535446871155592
0,26,5,ATCATATG,0.0,0.0,0.0,0.0,0.0,0.0,0.0,0.006430296033837379,0.006430296033837379
0,26,5,TTGCAATG,0.0,0.0,0.0,0.0,0.0,0.0,0.0,0.019045958508907113,0.019045958508907113
0,26,5,CTCCGATC,0.0,0.0,0.0,0.0,0.0,0.0,0.0,0.005417706288137758,0.005417706288137758
0,27,2,TCTTTTAA,0.0,0.0,0.0,0.0,0.0,0.0,0.0,0.0007966690386616015,0.0007966690386616015
0,27,2,TCCTTTAG,0.0,0.0,0.0,0.0,0.0,0.0,0.0,0.0006542787198990929,0.0006542787198990929
0,27,2,TCTTTTAC,0.0,0.0,0.0,0.0,0.0,0.0,0.0,0.00016437194421081713,0.00016437194421081713
0,27,2,TCGTTTAA,0.0,0.0,0.0,0.0,0.0,0.0,0.0,0.001534723515148606,0.001534723515148606
0,28,2,TACGTGCA,0.0,0.0,0.0,0.0,0.0,0.0,0.0,9.774994892897126e-05,9.774994892897126e-05
0,28,2,TACGTCCA,0.0,0.0,0.0,0.0,0.0,0.0,0.0,0.000732626157206262,0.000732626157206262
0,28,2,AACGTGCA,0.0,0.0,0.0,0.0,0.0,0.0,0.0,0.0011646155766062982,0.0011646155766062982
0,28,2,GACGTTCA,0.0,0.0,0.0,0.0,0.0,0.0,0.0,0.00019386676090338284,0.00019386676090338284
0,29,4,TCCACTTT,0.0,0.0,0.0,0.0,0.0,0.0,0.0,0.010189217312495558,0.010189217312495558
0,29,4,TACAGCTC,0.0,0.0,0.0,0.0,0.0,0.0,0.0,0.004195316603547106,0.004195316603547106
0,29,4,TTCATATT,0.0,0.0,0.0,0.0,0.0,0.0,0.0,0.00773537366865007,0.00773537366865007
0,29,4,TCCATGTT,0.0,0.0,0.0,0.0,0.0,0.0,0.0,0.020909006610959402,0.020909006610959402
0,30,5,GATAAAGT,0.0,0.0,0.0,0.0,0.0,0.0,0.0,0.002032112773153294,0.002032112773153294
0,30,5,ACACAGGT,0.0,0.0,0.0,0.0,0.0,0.0,0.0,0.004622997960657571,0.004622997960657571
0,30,5,CGTGACGT,0.0,0.0,0.0,0.0,0.0,0.0,0.0,0.004653203387683824,0.004653203387683824
0,30,5,TGTTAGGT,0.0,0.0,0.0,0.0,0.0,0.0,0.0,0.005097464280333419,0.005097464280333419
0,31,4,CTATCCAG,0.0,0.0,0.0,0.0,0.0,0.0,0.0,0.0027376467969046914,0.0027376467969046914
0,31,4,CTACCCCT,0.0,0.0,0.0,0.0,0.0,0.0,0.0,0.002820742381627106,0.002820742381627106
0,31,4,CTAACCGG,0.0,0.0,0.0,0.0,0.0,0.0,0.0,0.0022923307164859352,0.0022923307164859352
0,31,4,CTATCCAG,0.0,0.0,0.0,0.0,0.0,0.0,0.0,0.0027376467969046914,0.0027376467969046914
250,0,5,GATACTCA,0.32205420870408563,0.29994991638076807,0.6135703921318054,-0.20915799106785593,-0.2021526805055326,0.007005310562323341,0.31362047575103735,0.11842327810507314,0.007901816488485203
250,0,5,GATAACCA,0.18132617962051256,0.13619732586666977,0.23747766017913818,-0.349886020151429,-0.3659052710196309,-0.016019250868201884,0.10128033431246841,0.23426039747819072,0.008616128708976767
250,0,5,GTATTGCA,0.4440559381651946,0.4012917529605325,0.3350343704223633,-0.08715626160674694,-0.10081084392576817,-0.013654582319021225,-0.06625738253816921,0.22491830376420463,0.011097377740894032
250,0,5,GTATCGCA,1.1774124725979735,1.1709713923372322,1.145495057106018,0.646200272826032,0.6688687954509316,0.0226685226248996,-0.025476335231214176,0.037636185198350436,0.005430783894643909
250,1,5,CGATCTCA,0.234728244367251,0.22411053102463435,-0.33948779106140137,-0.39091347508862706,-0.39291633983763535,-0.002002864749008293,-0.5635983220860357,0.0590327576671843,0.005944190954100925
250,1,5,CGATATCA,0.7802042767663226,0.7756672422836217,0.49981236457824707,0.15456255731044455,0.158640371421352,0.004077814110907463,-0.27585487770537465,0.0338228163021701,0.011137643888665671
250,1,5,CGATCTAT,0.7223477148619261,0.716858436452845,0.971541166305542,0.09670599540604796,0.09983156559057527,0.0031255701845273043,0.254682729852697,0.03238883420351568,0.004942442158109905
250,1,5,CGATATAC,0.7652866418280128,0.751471273687978,0.7324994802474976,0.13964492237213466,0.13444440282570824,-0.005200519546426419,-0.01897179344048039,0.07282411914851084,0.003747278448336999
250,2,6,ATATCGGA,0.5608113095662127,0.5522246573068607,0.5767300128936768,-0.050041063900828076,-0.04916946226633945,0.0008716016344886279,0.024505355586816102,0.05988975964865073,0.008369846092538324
250,2,6,CGATCGCC,0.646004833271686,0.6415874042496492,0.8801959156990051,0.03515245980464521,0.040193284676449115,0.005040824871803906,0.2386085114493559,0.038295938913444516,0.011791364781223557
250,2,6,ATATCGAA,0.42504705600484965,0.4107234765891909,0.5032899975776672,-0.18580531746219114,-0.1906706429840092,-0.004865325521818065,0.09256652098847634,0.09170029563176474,0.005758819137811955
250,2,6,CGATCGCG,0.811546295025415,0.8010409401470996,0.6953990459442139,0.20069392155837418,0.19964682057389949,-0.0010471009844746915,-0.10564189420288572,0.07210843807487599,0.009076308804983668
250,3,2,GAATCTCC,-0.01690316917043133,-0.01690572500228882,-0.016905784606933594,-0.4533349127112899,-0.4474873952567577,0.005847517454532214,-5.960464477539063e-08,1.5815589241352512e-05,1.0703925526378555e-05
250,3,2,CAATCTCC,0.9074686322284031,0.9067155569791794,0.8364412784576416,0.47103688868754456,0.4761338867247105,0.005096998037165956,-0.07027427852153778,0.0015881687165619773,8.201821811448795e-05
250,3,2,CAATCTCC,0.9074686322284031,0.9067155569791794,0.8364412784576416,0.47103688868754456,0.4761338867247105,0.005096998037165956,-0.07027427852153778,0.0015881687165619773,8.201821811448795e-05
250,3,2,CATTCTCC,-0.05230712112294067,-0.0741987079381945,-0.07419872283935547,-0.48873886466379923,-0.5047803781926634,-0.016041513528864182,-1.4901160971803051e-08,0.04486750014017016,0.0010843265096625032
250,4,5,CGGTATTA,0.9195446087042732,0.8819675319020941,0.8151931762695312,-0.10318004677611092,-0.13057035941785844,-0.027390312641747516,-0.06677435563256284,0.19568021495320176,0.0077948309423065965
250,4,5,CGATATTA,1.1755123835507468,1.174938388261944,1.2637118101119995,0.15278772807036267,0.16240049694199143,0.009612768871628763,0.08877342185005554,0.016361310158732767,0.013491333714718223
250,4,5,CGATATTT,0.8203292461157699,0.8183072568538282,0.8995973467826843,-0.2023954093646143,-0.19423063446612432,0.00816477489848999,0.08129008992885611,0.02279658124522621,0.012686634935518804
250,4,5,CGATATTA,1.1755123835507468,1.174938388261944,1.1927680969238281,0.15278772807036267,0.16240049694199143,0.009612768871628763,0.017829708661884158,0.016361310158732767,0.013491333714718223
250,5,5,GATACGCC,1.1573268655893982,1.1535528814420104,1.0849993228912354,0.08752385788753969,0.09429331863531853,0.006769460747778844,-0.06855355855077505,0.023274483521360967,0.004404562784421806
250,5,5,GATACGCC,1.1573268655893982,1.1535528814420104,1.2195647954940796,0.08752385788753969,0.09429331863531853,0.006769460747778844,0.06601191405206919,0.023274483521360967,0.004404562784421806
250,5,5,GATACCCC,0.8072314340392392,0.7763796069007366,0.9641659259796143,-0.2625715736626193,-0.28287995590595527,-0.020308382243335976,0.18778631907887766,0.16326261948986698,0.00900348379735405
250,5,5,GATACGCC,1.1573268655893982,1.1535528814420104,1.2331295013427734,0.08752385788753969,0.09429331863531853,0.006769460747778844,0.07957661990076303,0.023274483521360967,0.004404562784421806
250,6,3,CGGTATAG,0.6750775376467403,0.672638057420651,0.8630284070968628,0.01578327766618326,0.01881619749797714,0.003032919831793879,0.19039034967621182,0.011810782883962645,0.0044923422056948326
250,6,3,CGGTATCG,0.7904851946731725,0.7905741259455678,0.7268356084823608,0.13119093469261545,0.13675226602289392,0.005561331330278474,-0.06373851746320691,0.0018859502900985259,0.002152744107284832
250,6,3,CGGTATAA,0.47374632855247434,0.45497915065950795,0.1880807876586914,-0.18554793142808268,-0.19884270926316588,-0.013294777835083205,-0.26689836300081654,0.05983458301321187,0.0035330493343126435
250,6,3,CGGTATCA,0.6978679790498411,0.6970961056649686,0.5573368072509766,0.038573719069284085,0.04327424574229477,0.004700526673010685,-0.13975929841399204,0.004121874153793836,0.0018062539991765547
250,7,4,ATATCGCC,1.1152264996650265,1.114830080904843,1.0990281105041504,0.20621748950247087,0.20794835584335192,0.0017308663408810432,-0.015801970400692644,0.002801605263112683,0.0012159302223784252
250,7,4,ATATCGCC,1.1152264996650265,1.114830080904843,1.1624666452407837,0.20621748950247087,0.20794835584335192,0.0017308663408810432,0.04763656433594066,0.002801605263112683,0.0012159302223784252
250,7,4,ATATCGAC,0.4982570616337757,0.4936283382897577,0.10391640663146973,-0.41075194852877994,-0.4132533867717334,-0.0025014382429534576,-0.389711931658288,0.02067739755764242,0.0021625041815704904
250,7,4,ATATCGTC,0.9073259796863942,0.9042384001465209,0.8574960827827454,-0.0016830304761614734,-0.002643324914970213,-0.0009602944388087398,-0.04674231736377554,0.016010022858881534,0.0036597046993884774
250,8,3,GATACGCG,0.7849471147864965,0.7779836199349827,0.6714054346084595,0.7111036710665907,0.7105467254295946,-0.0005569456369960424,-0.10657818532652319,0.0227516493402371,0.001861164785695646
250,8,3,GATACGCC,0.8024210317622155,0.8015385307371615,1.0130165815353394,0.7285775880423097,0.7341016362317735,0.005524048189463837,0.21147805079817783,0.00367536420029535,0.0010278611251335334
250,8,3,CATACGCC,-1.3583773165596786,-1.3599623723162548,0.24196839332580566,-1.4322207602795844,-1.4273992668216429,0.004821493457941584,1.6019307656420605,0.010138644285776266,0.0053834770160472445
250,8,3,TATACGCG,0.06638294489058987,0.050187799665662926,-0.08782720565795898,-0.007460498829315931,-0.01724909483972515,-0.009788596010409219,-0.1380150053236219,0.049635224460347516,0.0010497887855667187
250,9,4,CTATCTCT,0.46415538898042563,0.44151519717221777,0.3160449266433716,-0.21513537206373423,-0.2259995224158048,-0.010864150352070556,-0.12547027052884618,0.09259597002329523,0.0020352027904637637
250,9,4,CGATATCT,1.0559432609051855,1.0570673559171462,1.0944499969482422,0.37665249986102567,0.3895526363291236,0.012900136468097956,0.03738264103109601,0.0067828603385471364,0.011279240386389944
250,9,4,CTATCTCA,0.3571529692700308,0.3339381467182345,0.16232919692993164,-0.32213779177412905,-0.33357657286978804,-0.01143878109565899,-0.17160894978830288,0.09463912323782608,0.0017798330306408872
250,9,4,CGATATCA,0.8399114250209975,0.8375381785444918,0.43740224838256836,0.1606206639768376,0.1700234589564692,0.00940279497963159,-0.4001359301619234,0.016644613854462253,0.007151627948439376
250,10,6,TGCTATAC,0.45904667380560377,0.4237763353054298,0.7386215925216675,0.036036396166804485,0.02574940807761672,-0.010286988089187765,0.3148452572162377,0.21850258201753725,0.006880551016493541
250,10,6,CGCTCGCT,0.36250483160162883,0.33794959999827806,0.6114646196365356,-0.06050544603717045,-0.060077327229535016,0.00042811880763543586,0.2735150196382576,0.1560930544216177,0.008761664801513191
250,10,6,TGCTCCTA,0.3322910227880927,0.31362619238595063,0.2703876495361328,-0.09071925485070659,-0.08440073484186245,0.006318520008844142,-0.04323854284981782,0.11748171837642563,0.0054927359635730255
250,10,6,CGCGATCA,0.5381985823598717,0.5167555812215939,0.5049629807472229,0.11518830472107244,0.11872865399378085,0.0035403492727084096,-0.011792600474371029,0.14634756396837023,0.017689557138703904
250,11,5,AATAAGCC,0.7550132392527276,0.7356708933164672,0.6799607276916504,0.32914622154872625,0.32841258438304044,-0.0007336371656858076,-0.05571016562481679,0.10652894355350906,0.00981721387220702
250,11,5,AATAAGCG,0.8365114629778972,0.8287720164159931,0.6986389756202698,0.41064444527389593,0.42151370748256634,0.010869262208670405,-0.1301330407957233,0.047284741604145974,0.008587508794624554
250,11,5,AGAAACTA,0.24467318545978003,0.2188548198839026,-0.1397998332977295,-0.18119383224422128,-0.18840348904952414,-0.007209656805302861,-0.3586546531816321,0.14019321267303386,0.011101384793646751
250,11,5,AGCAAGCC,-0.13272981687439972,-0.1542644938826559,-0.12962603569030762,-0.558596834578401,-0.5615228028160826,-0.002925968237681542,0.024638458192348278,0.12690660821433042,0.01923322317304965
250,12,5,TATGATCT,0.372361545378811,0.2994723774492737,-0.029697179794311523,-0.2075861148003168,-0.24225667412897278,-0.03467055932865598,-0.3291695572435852,0.38687102471568746,0.022425185068001063
250,12,5,GATAAGCC,0.30024234253407744,0.24850811390516653,-0.18854296207427979,-0.27970531764505036,-0.29322093767307994,-0.013515620028029585,-0.4370510759794463,0.26382811975095954,0.005156976606405017
250,12,5,GATAGGCC,0.6976366104597227,0.6738294535471745,0.6469552516937256,0.1176889502805949,0.13210040196892803,0.014411451688333132,-0.02687420185344891,0.1237156332411109,0.00467984867836968
250,12,5,GATACGCC,0.9495501423439002,0.945106261411371,0.8747379183769226,0.36960248216477243,0.40337720983312453,0.0337747276683521,-0.07036834303444839,0.029483767541326644,0.007264362878680153
250,13,3,CTATCTCG,0.3636452618189823,0.3504686976472535,0.7625449299812317,-0.23670072202186548,-0.2408750188123021,-0.004174296790436627,0.41207623233397817,0.0504204794235843,0.010890786908397843
250,13,3,CGATCTCT,0.8738341839633798,0.8718918808218504,0.8516774773597717,0.27348820012253194,0.2805481643622948,0.00705996423976285,-0.0202144034620787,0.008610130037060904,0.0027832206124731584
250,13,3,CGATCTCG,0.618530040087356,0.6130916886031627,0.7366679310798645,0.018184056246508207,0.02174797214360702,0.0035639158970988127,0.12357624247670185,0.0253409716359827,0.009025917183402399
250,13,3,CTATCTCA,0.5453744494936733,0.529922598765956,0.4811320900917053,-0.0549715343471745,-0.06142111769359959,-0.006449583346425092,-0.04879050867425072,0.04812788739873852,0.001772335215586729
250,14,3,CGATATCC,1.3010112045411872,1.2992728525358768,1.4071204662322998,0.28215513361235467,0.28290008124895394,0.0007449476365992691,0.10784761369642304,0.006112596028355899,0.0008975400124242583
250,14,3,CGATATCC,1.3010112045411872,1.2992728525358768,1.1937401294708252,0.28215513361235467,0.28290008124895394,0.0007449476365992691,-0.10553272306505157,0.006112596028355899,0.0008975400124242583
250,14,3,CGATATCC,1.3010112045411872,1.2992728525358768,1.3527076244354248,0.28215513361235467,0.28290008124895394,0.0007449476365992691,0.05343477189954804,0.006112596028355899,0.0008975400124242583
250,14,3,CGTTATCC,0.17239067009176892,0.16767252754006087,-0.20764422416687012,-0.8464654008370637,-0.8487002437468619,-0.0022348429097982514,-0.375316751706931,0.015741776206200875,0.0015873485510766727
250,15,3,CGATATAT,1.2084462759179746,1.208822821266949,1.1775299310684204,0.594896806087887,0.5960321673968187,0.0011353613089317705,-0.031292890198528545,0.00013417852722563683,0.0012638145741483697
250,15,3,CGATATAT,1.2084462759179746,1.208822821266949,1.1817970275878906,0.594896806087887,0.5960321673968187,0.0011353613089317705,-0.02702579367905833,0.00013417852722563683,0.0012638145741483697
250,15,3,CGATATAT,1.2084462759179746,1.208822821266949,1.1421781778335571,0.594896806087887,0.5960321673968187,0.0011353613089317705,-0.06664464343339183,0.00013417852722563683,0.0012638145741483697
250,15,3,GGATATAA,-1.171140948433573,-1.1753058483203258,-0.5479350090026855,-1.7846904182636607,-1.788096502190456,-0.0034060839267953114,0.6273708393176403,0.013383692728287322,0.0008889930680293645
250,16,5,GATACGGC,0.6295633791667806,0.6242105024245873,0.4847526550292969,0.11996541776943148,0.1524927753120816,0.032527357542650126,-0.13945784739529044,0.03369643366897401,0.006932049958007447
250,16,5,GATACGCC,0.9719657301592453,0.9679304559823743,0.8207727670669556,0.4623677687618961,0.49621272886986856,0.033844960107972444,-0.1471576889154187,0.025058558828212396,0.004882187943858085
250,16,5,GATGATAT,0.30062626684574417,0.18996551374594334,0.07618832588195801,-0.20897169455160497,-0.28175221336656237,-0.0727805188149574,-0.11377718786398533,0.5602545921170119,0.006950826618007611
250,16,5,GATAATCT,0.13623646941762643,0.10476443629711803,0.403068482875824,-0.3733614919797227,-0.3669532908153877,0.006408201164334992,0.29830404657870596,0.17785521655129433,0.020495050948752258
250,17,3,CAATATCT,0.1185444389000095,0.0886491487423579,0.16592562198638916,-0.5820312707182983,-0.6033739081273475,-0.02134263740904918,0.07727647324403127,0.09119651242572102,0.0015106419527661785
250,17,3,CGATATCG,0.8922963827160455,0.8881588404377297,0.9598045349121094,0.19172067309773766,0.1961357835680244,0.004415110470286754,0.07164569447437963,0.01867958520872759,0.00626695837378044
250,17,3,CGATATCT,0.8957310084285881,0.895642119149367,1.0382986068725586,0.19515529881028026,0.20361906227966164,0.00846376346938138,0.14265648772319162,0.0044630538547243415,0.004196386017061293
250,17,3,CGATATCT,0.8957310084285881,0.895642119149367,0.9145225286483765,0.19515529881028026,0.20361906227966164,0.00846376346938138,0.018880409499009487,0.0044630538547243415,0.004196386017061293
250,18,4,CGATATCA,0.8459167857955652,0.8414785867207686,0.9255255460739136,-0.06147613508855798,-0.06235250582782714,-0.0008763707392691611,0.08404695935314499,0.029059286664520734,0.011306490365334376
250,18,4,CGATATCA,0.8459167857955652,0.8414785867207686,1.0003478527069092,-0.06147613508855798,-0.06235250582782714,-0.0008763707392691611,0.1588692659861406,0.029059286664520734,0.011306490365334376
250,18,4,CGATATCT,1.0918213261497967,1.0908886100320772,1.2013859748840332,0.1844284052656735,0.18705751748348143,0.0026291122178079274,0.11049736485195605,0.012813030115458313,0.009082165644580087
250,18,4,CGATATCA,0.8459167857955652,0.8414785867207686,1.1424719095230103,-0.06147613508855798,-0.06235250582782714,-0.0008763707392691611,0.30099332280224167,0.029059286664520734,0.011306490365334376
250,19,2,GTATCGCT,1.0986304705619472,1.0958179547451437,1.1618571281433105,0.10443902369625924,0.10689259576611221,0.0024535720698529717,0.0660391733981669,0.005960999961740154,0.00033596832813298505
250,19,2,GTATCCCT,0.6808743757769101,0.6682475716806948,0.9458327293395996,-0.3133170710887778,-0.3206777872983366,-0.007360716209558804,0.2775851576589048,0.025438287171575036,0.00018467897914442588
250,19,2,GTATCGCT,1.0986304705619472,1.0958179547451437,1.095818042755127,0.10443902369625924,0.10689259576611221,0.0024535720698529717,8.800998330116272e-08,0.005960999961740154,0.00033596832813298505
250,19,2,GTATCGCT,1.0986304705619472,1.0958179547451437,0.9939223527908325,0.10443902369625924,0.10689259576611221,0.0024535720698529717,-0.10189560195431113,0.005960999961740154,0.00033596832813298505
250,20,3,CAGGATAT,1.3848096640625451,1.3852675492978754,1.4038301706314087,0.17699996597910594,0.17756256311097074,0.0005625971318647949,0.018562621333533258,0.00039943578138965097,0.0017730914873803627
250,20,3,CAGGATAT,1.3848096640625451,1.3852675492978754,1.3513462543487549,0.17699996597910594,0.17756256311097074,0.0005625971318647949,-0.03392129494912055,0.00039943578138965097,0.0017730914873803627
250,20,3,CAGGATAT,1.3848096640625451,1.3852675492978754,1.3869730234146118,0.17699996597910594,0.17756256311097074,0.0005625971318647949,0.001705474116736383,0.00039943578138965097,0.0017730914873803627
250,20,3,CAGGATCT,0.6768098001461209,0.6750172968539926,0.07971394062042236,-0.5309998979373183,-0.5326876893329121,-0.0016877913955938295,-0.5953033562335702,0.009490398864802962,0.004112888988418106
250,21,2,CGATATAT,1.4835860819809232,1.4835441946052015,1.5014129877090454,0.0,0.0,0.0,0.017868793103843927,0.00017195102056577483,8.817626912227539e-05
250,21,2,CGATATAT,1.4835860819809232,1.4835441946052015,1.5427970886230469,0.0,0.0,0.0,0.05925289401784539,0.00017195102056577483,8.817626912227539e-05
250,21,2,CGATATAT,1.4835860819809232,1.4835441946052015,1.5014129877090454,0.0,0.0,0.0,0.017868793103843927,0.00017195102056577483,8.817626912227539e-05
250,21,2,CGATATAT,1.4835860819809232,1.4835441946052015,1.4449834823608398,0.0,0.0,0.0,-0.03856071224436164,0.00017195102056577483,8.817626912227539e-05
250,22,4,CAATATAT,0.9312341655145941,0.913154323973383,1.1411283016204834,-0.03497018968128218,-0.032672274954771985,0.0022979147265101973,0.22797397764710037,0.07791846690537163,0.005599100740527163
250,22,4,CGATATAT,1.2382228368306727,1.2392084792566798,1.08772611618042,0.27201848163479636,0.29338188032852475,0.021363398693728386,-0.15148236307625984,0.002879469648596422,0.00682203935262482
250,22,4,CAGTATAT,0.4571375816075659,0.3917351132258775,0.29401516914367676,-0.5090667735883104,-0.5540914857022775,-0.04502471211396708,-0.09771994408220075,0.2654597049960512,0.0038498314692976265
250,22,4,CGATATAT,1.2382228368306727,1.2392084792566798,1.11214280128479,0.27201848163479636,0.29338188032852475,0.021363398693728386,-0.12706567797188972,0.002879469648596422,0.00682203935262482
250,23,3,TGATATGT,0.5618173680796065,0.5611980573998555,0.7119766473770142,-0.11244314939101563,-0.10644351380566763,0.0059996355853479955,0.15077858997715865,0.0031457743362661716,0.0012878422970130643
250,23,3,TGATATGG,0.7691813531448742,0.7649367277820905,0.7873731851577759,0.09492083567425214,0.0972951565765674,0.0023743209023152634,0.022436457375685337,0.014482542080761718,0.0017486659924106362
250,23,3,TGATATGG,0.7691813531448742,0.7649367277820905,0.4898766279220581,0.09492083567425214,0.0972951565765674,0.0023743209023152634,-0.27506009986003244,0.014482542080761718,0.0017486659924106362
250,23,3,TGATATGC,0.5968619955131335,0.5794947718580562,0.4563724398612976,-0.07739852195748864,-0.08814679934746694,-0.0107482773899783,-0.1231223319967586,0.05228978290902786,0.00018811194379608764
250,24,2,AATAAGCC,1.090892546933959,1.0842811428010464,1.084281086921692,0.31678195592480773,0.3157144351862371,-0.0010675207385706376,-5.587935447692871e-08,0.013269930034457977,4.712176863286288e-05
250,24,2,ACTAAGCC,-0.1762352767652715,-0.17857659794390202,0.46547913551330566,-0.9503458677744228,-0.9471433055587113,0.0032025622157114686,0.6440557334572077,0.005015305264158609,0.00033266290689759614
250,24,2,AATAAGCC,1.090892546933959,1.0842811428010464,0.9789794683456421,0.31678195592480773,0.3157144351862371,-0.0010675207385706376,-0.10530167445540428,0.013269930034457977,4.712176863286288e-05
250,24,2,AATAAGCC,1.090892546933959,1.0842811428010464,1.0502649545669556,0.31678195592480773,0.3157144351862371,-0.0010675207385706376,-0.034016188234090805,0.013269930034457977,4.712176863286288e-05
250,25,3,CGATCGAT,0.6761377032999493,0.6761193135235871,0.144112229347229,-0.21482933936902893,-0.20745764658527643,0.007371692783752493,-0.5320070841763581,0.0021517869285307967,0.0020966175994443503
250,25,3,CGATCTAT,1.1712244272402066,1.1728477748110888,1.1108614206314087,0.2802573845712284,0.28927081470222527,0.009013430130996869,-0.061986354179680125,0.0007553225680010378,0.005625365280647721
250,25,3,CGATCTAT,1.1712244272402066,1.1728477748110888,1.0825965404510498,0.2802573845712284,0.28927081470222527,0.009013430130996869,-0.09025123436003901,0.0007553225680010378,0.005625365280647721
250,25,3,CGATCCAT,0.5452816128955504,0.5124929772896897,0.24520623683929443,-0.34568542977342775,-0.3710839828191739,-0.02539855304574612,-0.26728674045039524,0.10128959989583564,0.0029236930782534643
250,26,6,CGATATCG,0.9528170260414051,0.9366791238232199,0.8718774914741516,0.3542558390667855,0.3628033627681565,0.008547523701371018,-0.06480163234906833,0.11845914724192452,0.021631733932814257
250,26,6,CGATCTTG,0.23821844186708585,0.21566118304617632,-0.12530231475830078,-0.3603427451075337,-0.3582145780088871,0.002128167098646605,-0.3409634978044771,0.14849480151350392,0.013151248588046727
250,26,6,CTATCTAT,0.6164136503173614,0.5949108443520439,0.8080723285675049,0.01785246334274182,0.02103508329698045,0.00318261995423863,0.213161484215461,0.13865355054386974,0.009636714751964703
250,26,6,CGGTATCA,0.5867956296726259,0.5482518929988137,0.8727517127990723,-0.01176555730199369,-0.02562386805624972,-0.013858310754256031,0.32449981980025855,0.2460059618120436,0.014743541769171031
250,27,6,CGATATCT,0.9443540665428318,0.9334648800237719,0.710637092590332,0.16070385458865677,0.17883329988366725,0.018129445295010482,-0.2228277874334399,0.08864562704897505,0.023310507934615643
250,27,6,CGGTATAC,0.474640438167643,0.42123566078953356,0.4371088147163391,-0.30900977378653205,-0.3333959193505711,-0.024386145564039063,0.01587315392680555,0.3366666184479845,0.01623795417932783
250,27,6,CGATATCG,0.9628748210974253,0.9592515651783383,0.810811460018158,0.17922460914325022,0.20461998503823364,0.02539537589498342,-0.14844010516018036,0.03958712504111084,0.017847589526589047
250,27,6,CGGTATAT,0.7527315220087999,0.7045742145687747,0.4726889133453369,-0.030918689945375166,-0.050057365571330004,-0.019138675625954837,-0.23188530122343776,0.30609324556349504,0.01714940092334416
250,28,5,CGATATCC,0.9328004295364256,0.9192647833097721,0.6453053951263428,-0.08428590996847984,-0.08924587730007871,-0.004959967331598869,-0.27395938818342935,0.07268613138560864,0.00500790025234199
250,28,5,CGATATCG,1.101372249473385,1.0977565379099297,1.2535203695297241,0.08428590996847962,0.08924587730007882,0.004959967331599202,0.15576383161979446,0.030965034156475335,0.012886476339197372
250,28,5,CGATATCC,0.9328004295364256,0.9192647833097721,0.9938790202140808,-0.08428590996847984,-0.08924587730007871,-0.004959967331598869,0.07461423690430868,0.07268613138560864,0.00500790025234199
250,28,5,CGATATCG,1.101372249473385,1.0977565379099297,0.9692339897155762,0.08428590996847962,0.08924587730007882,0.004959967331599202,-0.1285225481943535,0.030965034156475335,0.012886476339197372
250,29,4,GTATCGCC,0.28186064763835383,0.2790777391443655,0.2696009874343872,-0.11857444897607783,-0.11608013910396636,0.0024943098721114665,-0.009476751709978304,0.018850235527036574,0.007718601551083282
250,29,4,GTATCGCG,0.3173279186196083,0.3056028829887514,0.04429662227630615,-0.08310717799482337,-0.0895549952595805,-0.0064478172647571275,-0.2613062607124452,0.05032050376031627,0.0034203612368886027
250,29,4,ATATCGCG,0.436852226947682,0.4301439957149953,0.4276343584060669,0.036417130333250336,0.03498611746666341,-0.0014310128665869226,-0.002509637308928392,0.0306609196040446,0.003827994673297752
250,29,4,ATATCGCC,0.5656995932520824,0.5658068951452153,0.397847056388855,0.16526449663765075,0.17064901689688344,0.005384520259232695,-0.16795983875636034,0.008018334829391183,0.008447542401922803
250,30,2,CGATCCCA,-0.38063322826327783,-0.3831993639469149,-0.38319945335388184,-0.46020929819726564,-0.45073402673006074,0.009475271467204893,-8.940696694104133e-08,0.007128887057086253,0.0019966156898121312
250,30,2,CGATCCCC,0.10502712628339372,0.08250269293785095,-0.14284110069274902,0.02545105634940592,0.014968030154705103,-0.010483026194700817,-0.22534379363059998,0.04613526374969856,0.00108639705861302
250,30,2,CGATCCCC,0.10502712628339372,0.08250269293785095,-0.10941660404205322,0.02545105634940592,0.014968030154705103,-0.010483026194700817,-0.19191929697990417,0.04613526374969856,0.00108639705861302
250,30,2,CGATCCCT,0.4888832554324416,0.4883326292037964,0.5688486695289612,0.4093071854984538,0.42079796642065054,0.011490780922196742,0.0805160403251648,0.0011178525780182191,1.6600120727794376e-05
250,31,3,CGATATTT,0.5965584322073259,0.5969912845434414,0.617529034614563,-0.16589681738035122,-0.1555178108780334,0.010379006502317822,0.020537750071121574,0.0010824466465000349,0.002381003654846836
250,31,3,CGATATTG,0.9708024730622501,0.9676457761476432,0.9710806608200073,0.20834722347457302,0.21513668072616843,0.00678945725159541,0.0034348846723640802,0.012195092558894727,0.0027250018150741795
250,31,3,CGATACTA,0.38483042840532145,0.3496098635304308,0.494459867477417,-0.37762482118235563,-0.40289923189104404,-0.02527441070868841,0.14485000394698622,0.10747116593808048,0.0018094713134084728
250,31,3,CGATATTA,1.0976296646758108,1.0957894574643836,1.1425341367721558,0.3351744150881337,0.3432803620429088,0.008105946954775067,0.04674467930777215,0.008428886760705856,0.002908265126424503
500,0,1,GATACGCC,1.2764416206628084,1.2764416206628084,1.2764414548873901,0.0,0.0,0.0,-1.6577541828155518e-07,0.0,0.0
500,0,1,GATACGCC,1.2764416206628084,1.2764416206628084,1.2764414548873901,0.0,0.0,0.0,-1.6577541828155518e-07,0.0,0.0
500,0,1,GATACGCC,1.2764416206628084,1.2764416206628084,1.2764414548873901,0.0,0.0,0.0,-1.6577541828155518e-07,0.0,0.0
500,0,1,GATACGCC,1.2764416206628084,1.2764416206628084,1.2764414548873901,0.0,0.0,0.0,-1.6577541828155518e-07,0.0,0.0
500,1,7,CTATATCA,0.8476512940020479,0.8126914461824385,0.7218493223190308,-0.04316001636374167,-0.05329789314486355,-0.01013787678112188,-0.09084212386340773,0.26073798017166183,0.016019045434395807
500,1,7,CTATCGCG,0.9018681259205764,0.895055814647254,0.7912243604660034,0.01105681555478688,0.02906647531995199,0.01800965976516511,-0.10383145418125062,0.06609308025733895,0.018406901344082627
500,1,7,ATATCGCC,0.9259727922879056,0.8969164605043771,1.1401371955871582,0.0351614819221161,0.03092712117707508,-0.0042343607450410214,0.24322073508278108,0.21648471895876042,0.01309039647406074
500,1,7,CGATATCA,0.8877530292526284,0.859293635975139,1.0299054384231567,-0.0030582811131610876,-0.006695703352163074,-0.003637422239001986,0.17061180244801777,0.2277999160931694,0.02858416315074308
500,2,4,CTATCCAT,0.40984549785244173,0.36859350293525517,0.9086446166038513,-0.4227494984948814,-0.44988458755688054,-0.02713508906199913,0.5400511136685961,0.16867856712151497,0.0036705874527687143
500,2,4,CTATCGAT,0.8098336873329759,0.8040420449494075,1.0197664499282837,-0.022761309014347253,-0.01443604554272826,0.008325263471618993,0.21572440497887624,0.024318204241629005,0.0011516347073552424
500,2,4,CTATCTAT,0.9300922729759877,0.9200204521960893,0.88609778881073,0.09749727662866459,0.10154236170395359,0.004045085075289001,-0.03392266338535932,0.043071015053441464,0.002783731933847733
500,2,4,CTATATAT,1.1806085272278874,1.1812563618877907,1.1365625858306885,0.3480135308805643,0.362778271395655,0.01476474051509069,-0.04469377605710223,0.005108604946104656,0.0076999435857176834
500,3,4,GGATATCT,0.7390242353161699,0.7345438079112987,0.7861548662185669,0.01796421536634696,0.020620730409670163,0.0026565150433232043,0.0516110583072682,0.02404946136799735,0.006127751748512544
500,3,4,GGATATCC,0.7061577895113346,0.6885122143333626,0.9992471933364868,-0.014902230438488373,-0.025410863168265907,-0.010508632729777534,0.3107349790031242,0.0734493151967972,0.002867014484909447
500,3,4,GGATACTG,0.5033325721797021,0.49790928631167275,0.7446509599685669,-0.21772744777012087,-0.21601379118995578,0.0017136565801650905,0.24674167365689414,0.03182863623937893,0.010135492767261667
500,3,4,GGATATCG,0.9357254827920853,0.9347270014501798,0.9212783575057983,0.2146654628422624,0.2208039239485513,0.006138461106288906,-0.0134486439443815,0.009417692517061482,0.005423767149439485
500,4,5,GTATCGCC,0.5507149978664355,0.5397948739708702,0.486000120639801,-0.1917598596303638,-0.19457569592942825,-0.002815836299064456,-0.0537947533310692,0.06279586055626929,0.00819524107844316
500,4,5,CTATATCC,0.6881167695587399,0.6765754468506195,0.7915754318237305,-0.05435808793805941,-0.05779512304967893,-0.003437035111619524,0.11499998497311092,0.06192801808437043,0.004221404543768514
500,4,5,CTATCGCA,0.893709478113459,0.8912450293172146,0.891089916229248,0.1512346206166597,0.15687445941691613,0.005639838800256425,-0.00015511308796656298,0.01864917656576326,0.0063269325845407565
500,4,5,CTATATCA,0.8373581844485626,0.8298669294624894,0.9916414022445679,0.09488332695176327,0.09549635956219094,0.0006130326104276662,0.16177447278207846,0.04713954003370446,0.009683265103338279
500,5,5,CTATCTAC,0.5655473343410835,0.5563007961361042,0.6385981440544128,-0.3052531026761819,-0.30849111048931577,-0.0032380078131338808,0.08229734791830867,0.053726222769023835,0.0074935317441271465
500,5,5,CGATCTAT,1.1347103273827515,1.1350967919384125,1.0433471202850342,0.26390989036548607,0.27030488531299257,0.006394994947506505,-0.09174967165337833,0.00922575621305155,0.011158078991357456
500,5,5,CGATCTAT,1.1347103273827515,1.1350967919384125,1.0247141122817993,0.26390989036548607,0.27030488531299257,0.006394994947506505,-0.11038267965661319,0.00922575621305155,0.011158078991357456
500,5,5,CGATCTAG,0.648233758962475,0.6326732464887506,0.9748349189758301,-0.22256667805479036,-0.23211866013666937,-0.009551982081879018,0.3421616724870795,0.09872901429755387,0.020926451928931833
500,6,3,CGATATCT,0.8404548674294968,0.8387103842364413,1.1668994426727295,-0.3670527813173,-0.36840445967391167,-0.001351678356611652,0.3281890584362882,0.006078414302911339,0.0008449647237451785
500,6,3,CGATATAT,1.3298585758525636,1.3299163304683235,1.3425273895263672,0.12235092710576678,0.12280148655797052,0.00045055945220373594,0.012611059058043717,0.00015895957708056407,0.000332223424360123
500,6,3,CGATATAT,1.3298585758525636,1.3299163304683235,1.2999961376190186,0.12235092710576678,0.12280148655797052,0.00045055945220373594,-0.029920192849304916,0.00015895957708056407,0.000332223424360123
500,6,3,CGATATAT,1.3298585758525636,1.3299163304683235,1.333757758140564,0.12235092710576678,0.12280148655797052,0.00045055945220373594,0.003841427672240494,0.00015895957708056407,0.000332223424360123
500,7,5,CGATATCT,1.1000758274370808,1.0998089294026911,1.0651507377624512,0.5111318593526581,0.5344779891423724,0.023346129789714287,-0.03465819164023998,0.016586288483720457,0.015251798311772369
500,7,5,CGCGATCT,0.05628964343511615,0.004013267541304799,-0.21859192848205566,-0.5326543246493065,-0.5613176727190139,-0.028663348069707384,-0.22260519602336046,0.2753034723619985,0.013921592892941703
500,7,5,CGGTATCA,0.5956254422221747,0.5591467931726942,0.9966146945953369,0.006681474137752108,-0.006184147087624492,-0.0128656212253766,0.4374679014226427,0.19500983975394792,0.01261659450654573
500,7,5,CTATATCG,0.6037849592433187,0.5983547709245848,0.7976006865501404,0.014840991158896033,0.03302383066426606,0.01818283950537003,0.1992459156255556,0.039956004004032764,0.012805062410363277
500,8,5,CGATACCG,0.7018200424617981,0.6948885885913227,0.6392572522163391,-0.018040446766678264,-0.015498629387002638,0.002541817379675626,-0.05563133637498363,0.04980921684262318,0.01515194749024662
500,8,5,ATATCCCC,0.935975686138201,0.930716764114331,1.0835291147232056,0.2161151969097247,0.22032954613600564,0.0042143492262809445,0.15281235060887455,0.03369890811134768,0.0074042979919983765
500,8,5,GTATCCCA,0.551382544708167,0.5390386561482827,0.5337294936180115,-0.1684779445203093,-0.17134856183004266,-0.00287061730973337,-0.00530916253027125,0.06438718427741463,0.002667741477993424
500,8,5,TGATCCCC,0.690263683605739,0.6769048630593651,0.540416419506073,-0.029596805622737365,-0.03348235491896023,-0.0038855492962228677,-0.13648844355329215,0.07112732190652782,0.004333219174658787
500,9,6,ATATATCC,0.02010034587517347,-0.005707278723517876,0.3505796194076538,-0.5947676351948116,-0.594481078662081,0.00028655653273057524,0.3562868981311717,0.1679222431680678,0.013076495575919722
500,9,6,CAATATAT,0.8879131863264539,0.8346254561820784,0.7043631076812744,0.2730452052564688,0.24585165624351524,-0.027193549012953566,-0.13026234850080398,0.3336506817256639,0.013924300859411431
500,9,6,CTATATCT,0.6632320115595642,0.6430115172070338,0.6946372985839844,0.04836403048957916,0.0542377172684706,0.00587368677889144,0.05162578137695062,0.1455808815356887,0.024257915420506038
500,9,6,CGATATCT,0.8882263805187485,0.8831655050886583,0.9115698933601379,0.2733583994487634,0.29439170515009516,0.021033305701331773,0.02840438827147962,0.06370905604835642,0.03334380346781529
500,10,4,GGATCGAT,0.08855264749183522,0.08516669187035086,0.14546966552734375,-0.6573947613573379,-0.6586854117103942,-0.0012906503530563107,0.060302973656992886,0.01658870673997992,0.003044884254042479
500,10,4,CGATCGCT,0.8947634820714996,0.8910442384124815,0.8958626985549927,0.14881607322232648,0.14719213483173643,-0.0016239383905900517,0.004818460142511194,0.017822464854454934,0.0029454902183827514
500,10,4,CTATCGCT,0.9514573719631332,0.9498825760310867,0.920509397983551,0.20550996311396008,0.20603047245034167,0.0005205093363815916,-0.029373178047535697,0.011021957083350076,0.004722773355164023
500,10,4,CGATCGAT,1.0490161338702244,1.0493149080090614,0.9199405908584595,0.3030687250210513,0.3054628044283163,0.002394079407264993,-0.12937431715060188,0.002153366427222414,0.0033484629825704104
500,11,2,CGATATAG,1.3568121822149959,1.3566764052957296,1.4339100122451782,0.16689625740295955,0.16766763059422374,0.0007713731912641908,0.07723360694944859,0.0005875480197627958,0.00031599418123029466
500,11,2,CGATATAG,1.3568121822149959,1.3566764052957296,1.202209234237671,0.16689625740295955,0.16766763059422374,0.0007713731912641908,-0.15446717105805874,0.0005875480197627958,0.00031599418123029466
500,11,2,CGATATAG,1.3568121822149959,1.3566764052957296,1.2414156198501587,0.16689625740295955,0.16766763059422374,0.0007713731912641908,-0.11526078544557095,0.0005875480197627958,0.00031599418123029466
500,11,2,CAATATAG,0.6892271526031573,0.6860058829188347,1.1114799976348877,-0.5006887722088791,-0.5030028917826712,-0.0023141195737921283,0.425474114716053,0.006452963301342596,1.042393269745645e-05
500,12,5,CTATATAT,0.9747187646022402,0.9721678536152462,0.9249770045280457,0.18750049352042553,0.1916981815965847,0.004197688076159167,-0.047190849087200504,0.021029969010647243,0.008275414075677112
500,12,5,CTATCGAT,0.6785856782642153,0.6706750869238747,0.4836304187774658,-0.1086325928175993,-0.10979458509478679,-0.0011619922771874958,-0.18704466814640885,0.04141121727577923,0.0018582605740755653
500,12,5,CTATATCC,0.6396930148335895,0.6240272535958009,0.7472615242004395,-0.1475252562482251,-0.15644241842286055,-0.008917162174635451,0.12323427060463854,0.08689351285987978,0.008564706670936673
500,12,5,CTATATCA,0.855875626627214,0.8550084939397244,0.9452890157699585,0.06865735554539931,0.07453882192106298,0.005881466375663669,0.09028052183023405,0.014838106424181596,0.010502442986734195
500,13,2,CGATATAT,1.3491283008186654,1.3494975175708532,1.3126798868179321,0.3019326748360167,0.3025321611203253,0.0005994862843086146,-0.036817630752921104,5.05609247136718e-07,0.0007389391136229939
500,13,2,CGATATAT,1.3491283008186654,1.3494975175708532,1.3058052062988281,0.3019326748360167,0.3025321611203253,0.0005994862843086146,-0.04369231127202511,5.05609247136718e-07,0.0007389391136229939
500,13,2,CGGTATAT,0.1413976014745988,0.13936887308955193,0.13936889171600342,-0.9057980245080499,-0.907596483360976,-0.0017984588529260659,1.862645149230957e-08,0.004058179084972302,7.223148785762135e-07
500,13,2,CGATATAT,1.3491283008186654,1.3494975175708532,1.436882495880127,0.3019326748360167,0.3025321611203253,0.0005994862843086146,0.08738497830927372,5.05609247136718e-07,0.0007389391136229939
500,14,5,GGATATAT,0.29201397620699954,0.26735713833322095,0.4896754026412964,-0.4976179029288922,-0.4972063637749914,0.0004115391539007973,0.22231826430807544,0.1261970697678576,0.0029128803989646457
500,14,5,CGGGATAG,0.14624796951089677,0.0696546646238616,0.2780107259750366,-0.6433839096249949,-0.6949088374843507,-0.05152492785935581,0.20835606135117501,0.3853755726566437,0.0024090482214678133
500,14,5,CGATATAT,1.3601327854128353,1.3606211027378834,1.2637927532196045,0.5705009062769436,0.5960576006296711,0.02555669435272745,-0.0968283495182789,0.0025637230655635723,0.005005309690803372
500,14,5,CGATATAT,1.3601327854128353,1.3606211027378834,1.336483120918274,0.5705009062769436,0.5960576006296711,0.02555669435272745,-0.024137981819609466,0.0025637230655635723,0.005005309690803372
500,15,2,CGATATAG,1.3568121822149959,1.3566764052957296,1.3566763401031494,0.16689625740295955,0.16766763059422374,0.0007713731912641908,-6.51925802230835e-08,0.0005875480197627958,0.00031599418123029466
500,15,2,CGATATAG,1.3568121822149959,1.3566764052957296,1.3958828449249268,0.16689625740295955,0.16766763059422374,0.0007713731912641908,0.03920643962919712,0.0005875480197627958,0.00031599418123029466
500,15,2,CGATATAG,1.3568121822149959,1.3566764052957296,1.4719371795654297,0.16689625740295955,0.16766763059422374,0.0007713731912641908,0.11526077426970005,0.0005875480197627958,0.00031599418123029466
500,15,2,CAATATAG,0.6892271526031573,0.6860058829188347,0.9177353382110596,-0.5006887722088791,-0.5030028917826712,-0.0023141195737921283,0.23172945529222488,0.006452963301342596,1.042393269745645e-05
500,16,4,CGATATAT,1.3132009056453524,1.3136660443851729,1.321128010749817,0.20721609389380968,0.2184850195383965,0.011268925644586814,0.007461966364644024,0.0022422578772814394,0.004102812836562997
500,16,4,CGAGATAT,0.4843365300701138,0.43972596623158755,0.6563175916671753,-0.6216482816814289,-0.6554550586151888,-0.033806776933759886,0.21659162543558774,0.18123249585711187,0.0027902405030069133
500,16,4,CGATATAT,1.3132009056453524,1.3136660443851729,1.3343555927276611,0.20721609389380968,0.2184850195383965,0.011268925644586814,0.020689548342488262,0.0022422578772814394,0.004102812836562997
500,16,4,CGATATAT,1.3132009056453524,1.3136660443851729,1.3898282051086426,0.20721609389380968,0.2184850195383965,0.011268925644586814,0.07616216072346971,0.0022422578772814394,0.004102812836562997
500,17,3,CGATATCA,1.3124442340331726,1.3107021199539302,1.3260371685028076,0.0,0.0,0.0,0.015335048548877461,0.008183446617022028,0.0029571043792948615
500,17,3,CGATATCA,1.3124442340331726,1.3107021199539302,1.2899590730667114,0.0,0.0,0.0,-0.02074304688721873,0.008183446617022028,0.0029571043792948615
500,17,3,CGATATCA,1.3124442340331726,1.3107021199539302,1.2364646196365356,0.0,0.0,0.0,-0.07423750031739451,0.008183446617022028,0.0029571043792948615
500,17,3,CGATATCA,1.3124442340331726,1.3107021199539302,1.4270294904708862,0.0,0.0,0.0,0.11632737051695607,0.008183446617022028,0.0029571043792948615
500,18,5,CGATCGTA,0.5161148719168894,0.5073163042714193,0.4128110408782959,-0.017795448608526665,-0.012006864058785038,0.005788584549741627,-0.09450526339312337,0.05172892258740269,0.007736084360051798
500,18,5,ATATCGCG,0.4766671548573857,0.456018299342443,0.3829532265663147,-0.057243165668030394,-0.06330486898776133,-0.006061703319730938,-0.07306507277612828,0.10792528179419847,0.004681004219484919
500,18,5,CGATCGCT,0.6043742577533463,0.5984673246244583,0.720459520816803,0.0704639372279302,0.07914415629425398,0.008680219066323769,0.12199219619234469,0.03482622037218519,0.005291554727745229
500,18,5,CTATCTCT,0.5384849975740431,0.5154907450824968,0.45728349685668945,0.004574677048627018,-0.003832423247707495,-0.008407100296334513,-0.05820724822580736,0.12992903215800844,0.014957769700276735
500,19,2,CGATATAT,1.0954645812024228,1.0968508571386337,1.0380892753601074,0.6286123505301237,0.630359950941056,0.0017476004109323595,-0.058761581778526306,2.166576226270145e-05,0.0027942176346846814
500,19,2,CGATACAT,-0.2569633787888046,-0.25943877547979377,-0.628995418548584,-0.7238156094611038,-0.7259296816773715,-0.002114072216267693,-0.3695566430687902,0.005909571015172421,0.0009587776331940745
500,19,2,CTATATAT,-0.06655686092684432,-0.06829931400716305,-0.7990353107452393,-0.5334090915991435,-0.5347902202047408,-0.0013811286055972483,-0.7307359967380762,0.004243944418298895,0.0007590382576614374
500,19,2,CGATATAT,1.0954645812024228,1.0968508571386337,1.3351730108261108,0.6286123505301237,0.630359950941056,0.0017476004109323595,0.2383221536874771,2.166576226270145e-05,0.0027942176346846814
500,20,2,CGATCATA,-0.07534014128579769,-0.07690311968326569,0.1109931468963623,-0.2745930671877906,-0.27081831917166704,0.0037747480161235414,0.187896266579628,0.0031259843144266775,2.7519490686245263e-08
500,20,2,CGATCGTA,0.7314216693224428,0.7310826331377029,0.7310826182365417,0.5321687434204498,0.5371674336493015,0.004998690228851688,-1.4901161193847656e-08,0.0013780541299273086,0.00069998176044761
500,20,2,GGATCGTA,0.416636454532173,0.4153289347887039,0.2947608232498169,0.21738352863018012,0.22141373530030256,0.004030206670122438,-0.12056811153888702,0.002720949021471686,0.00010590953453348817
500,20,2,GGATCATA,-0.27570627896084665,-0.29384765028953574,-0.2638261318206787,-0.47495920486283955,-0.4877628497779371,-0.012803644915097556,0.030021518468857034,0.03658202380111408,0.00029928114373589665
500,21,3,CCTGATAT,0.565889722368047,0.5390055886366304,0.4446561336517334,-0.2584865929882131,-0.27555309065307143,-0.01706649766485835,-0.094349454984897,0.08122977118472452,0.00057736999047453
500,21,3,CGTGATAT,0.9484962688957719,0.9452150428874625,0.938243567943573,0.12411995353951177,0.13065636359776067,0.006536410058248898,-0.0069714749438895,0.012892021716717661,0.0030483436917894124
500,21,3,CATGATAT,0.982179162659873,0.9742636236672596,0.7252755761146545,0.15780284730361294,0.15970494437755778,0.0019020970739448417,-0.24898804755260506,0.024515333521637928,0.0007687165437975096
500,21,3,CATTATAT,0.8009401075013484,0.7997504619674549,0.8204980492591858,-0.02343620785491174,-0.014808217322246908,0.008627990532664831,0.020747587291730873,0.0039443604703661705,0.00037542386868594235
500,22,5,CGATATAG,0.8448991012884036,0.8386666150391097,0.8297460079193115,0.00791507338752595,0.005257614532796051,-0.0026574588547298994,-0.00892060711979814,0.048609877960376746,0.017447446713906523
500,22,5,CGATATCC,0.7297397880044996,0.7289863215635215,0.9293375015258789,-0.1072442398963781,-0.10442267894279211,0.0028215609535859887,0.2003511799623574,0.009469521441183293,0.005702189236292732
500,22,5,CGATATAA,0.5815278707883001,0.5733372742185981,0.9113178849220276,-0.2554561571125775,-0.26007172628771547,-0.004615569175137946,0.33798061070342944,0.05105246433709709,0.010099481488587081
500,22,5,CGATATAT,1.1917693515223076,1.1926457912040251,1.2164902687072754,0.3547853236214299,0.3592367906977115,0.004451467076281634,0.02384447750325025,0.004015787452649633,0.008397985861237522
500,23,6,ATATCGAG,0.3608257862304655,0.3469794089207416,0.30229127407073975,-0.1933443073558468,-0.17491022701781073,0.018434080338036063,-0.04468813485000184,0.10262285884162559,0.019544594983281982
500,23,6,AAATCGAT,0.03292782796338697,-0.06462878511778787,0.12197685241699219,-0.5212422656229253,-0.5865184210563402,-0.06527615543341492,0.18660563753478004,0.5953093407765486,0.009969662289499581
500,23,6,ATATCGCC,0.9437491755992022,0.9348963857773919,0.9131109118461609,0.38957908201288993,0.41300674983883956,0.023427667825949627,-0.02178547393123098,0.06940142005041006,0.016284681119547173
500,23,6,ATATCGTA,0.8791775845521945,0.8703115341738638,0.7789826989173889,0.3250074909658822,0.34842189823531144,0.023414407269429227,-0.09132883525647484,0.06415043574419643,0.010954133474211147
500,24,4,CGATATAG,1.389586239293342,1.38934037857689,1.3771864175796509,0.19902231859610575,0.20156423870745743,0.002541920111351681,-0.0121539609972392,0.00555968205948254,0.00457623919367478
500,24,4,CGATCTAG,0.5934969649089192,0.5830834237470603,0.7572020292282104,-0.597066955788317,-0.6046927161223723,-0.007625760334055265,0.1741186054811501,0.042949088715284134,0.0012949240678485907
500,24,4,CGATATAG,1.389586239293342,1.38934037857689,1.3950780630111694,0.19902231859610575,0.20156423870745743,0.002541920111351681,0.005737684434279355,0.00555968205948254,0.00457623919367478
500,24,4,CGATATAG,1.389586239293342,1.38934037857689,1.4354572296142578,0.19902231859610575,0.20156423870745743,0.002541920111351681,0.046116851037367734,0.00555968205948254,0.00457623919367478
500,25,3,GATACGCT,0.8996136867514695,0.8976292800572182,0.9318501949310303,0.19916005674843584,0.20031402239369023,0.0011539656452543845,0.03422091487381207,0.007021741863256992,0.0010685217805033176
500,25,3,GATTCGCT,0.1029734597577261,0.09637319048245734,0.39364928007125854,-0.5974801702453075,-0.6009420671810707,-0.0034618969357631535,0.2972760895888012,0.020916810098489336,0.0011160022726830476
500,25,3,GATACGCT,0.8996136867514695,0.8976292800572182,0.8514270186424255,0.19916005674843584,0.20031402239369023,0.0011539656452543845,-0.04620226141479267,0.007021741863256992,0.0010685217805033176
500,25,3,GATACGCT,0.8996136867514695,0.8976292800572182,0.9737434983253479,0.19916005674843584,0.20031402239369023,0.0011539656452543845,0.0761142182681297,0.007021741863256992,0.0010685217805033176
500,26,3,CTATCGCC,0.5508902478084362,0.5475148822103315,0.6495404243469238,0.06723079005442578,0.0696515842282679,0.0024207941738421113,0.10202554213659232,0.010700756260064725,0.0005746594657507487
500,26,3,CTATCTCC,0.5888887030685175,0.5851422558512742,0.5993443131446838,0.10522924531450706,0.1072789578692106,0.002049712554703542,0.01420205729340962,0.014219402778471668,0.002980061126741873
500,26,3,ATATCTCC,0.24396863233065172,0.23128117165631723,0.8788560628890991,-0.2396908254233587,-0.2465821263257464,-0.0068913009023876814,0.6475748912327819,0.04121095447105727,0.003148572448053777
500,26,3,CTATCGCC,0.5508902478084362,0.5475148822103315,0.4876211881637573,0.06723079005442578,0.0696515842282679,0.0024207941738421113,-0.059893694046574186,0.010700756260064725,0.0005746594657507487
500,27,4,CTATCTCC,0.43435780206564645,0.43109751430650567,0.22141242027282715,-0.05785576942784065,-0.0487222998829871,0.009133469544853556,-0.20968509403367852,0.021839250730192106,0.008798099693628991
500,27,4,CTATCCCT,0.43710846218383703,0.4163727645451829,0.43018001317977905,-0.05510510930965007,-0.06344704964430986,-0.008341940334659792,0.013807248634596148,0.08444847002524902,0.001505679470632515
500,27,4,CGATCGCG,0.6088519842379084,0.6038819961249831,0.6931189298629761,0.11663841274442133,0.12406218193549029,0.007423769191068963,0.08923693373799302,0.025196364191702347,0.005316411740000859
500,27,4,ATATCGCG,0.4885360374865564,0.46792698178129943,0.48485004901885986,-0.003677534006930716,-0.011892832408193332,-0.008215298401262616,0.01692306723756043,0.0877904827455449,0.005354259924517102
500,28,5,CGATATAC,1.0776321592279874,1.07452815497294,1.0665920972824097,0.186724892031505,0.19164821446252334,0.00492332243101834,-0.007936057690530296,0.024100784198254788,0.00858076292301746
500,28,5,CGATATCC,1.1091876858694827,1.1076211879340305,1.0715930461883545,0.2182804186730003,0.2247412474236139,0.006460828750613601,-0.036028141745676034,0.019162399245310047,0.011329909568050134
500,28,5,TGGTATCC,0.2991770644604722,0.2748422641617559,0.1767897605895996,-0.5917302027360102,-0.6080376763486608,-0.016307473612650614,-0.09805250357215628,0.1381551421145355,0.016481140620953738
500,28,5,CGATATAC,1.0776321592279874,1.07452815497294,1.0613542795181274,0.186724892031505,0.19164821446252334,0.00492332243101834,-0.013173875454812523,0.024100784198254788,0.00858076292301746
500,29,2,CCATATCA,-0.21237679902590334,-0.21664648689329646,0.18706655502319336,0.026497089142206443,0.023390668909996637,-0.0031064202322098056,0.4037130419164898,0.011211882704525777,0.00267250696973953
500,29,2,CGATATCA,1.2018429524923901,1.2018420659005642,1.0722815990447998,1.4407168406605,1.4418792217038572,0.0011623810433571968,-0.1295604668557644,3.583542023899433e-06,1.810358372100751e-06
500,29,2,TCATATCA,-1.5730507748431184,-1.5734497606754303,-1.3566405773162842,-1.3341768866750086,-1.3334126048721373,0.0007642818028712473,0.21680918335914612,0.0008225877946532734,2.46161300294645e-05
500,29,2,GGATATCA,-0.37191093129580755,-0.37189444154500984,-0.6287825107574463,-0.13303704312769776,-0.13185728574171673,0.0011797573859810284,-0.25688806921243645,0.0006245298764722129,0.0006575093780676333
500,30,3,ATATCATA,0.5483487132702165,0.5388884234966501,1.1562750339508057,-0.1365678453452296,-0.14168658888795305,-0.0051187435427234584,0.6173866104541555,0.02964555386679102,0.0012646845460917433
500,30,3,ATATCCTA,0.8649006918351833,0.8642845251080061,0.9438861608505249,0.17998413321973716,0.18370951272340297,0.0037253795036658044,0.07960163574251877,0.0032844419584932005,0.0014359417769620464
500,30,3,ATATCGTA,1.2721994671099386,1.2722783312201498,1.213310956954956,0.5872829084944925,0.5917033188355466,0.004420410341054115,-0.05896737426519372,0.0010425133686537968,0.001279105699287797
500,30,3,ATAACGTA,0.05421736224644599,0.046848769713607,-0.18455994129180908,-0.6306991963690001,-0.6337262426709962,-0.003027046301996128,-0.23140871100541607,0.023538280159548286,0.0014325025610313347
500,31,4,CGATATAT,1.242865698751179,1.2451576842383174,1.1707409620285034,0.29925625221983143,0.30204464037281764,0.00278838815298621,-0.07441672220981399,0.0012439102797592305,0.010411852228312313
500,31,4,CGATCCAT,0.4342219745909006,0.4267948813891662,0.4622100591659546,-0.509387471940447,-0.5163181624763336,-0.0069306905358865745,0.035415177776788376,0.037471186368259524,0.007762813561321913
500,31,4,CGATATCT,0.8544844140321317,0.8553419255961978,0.9779916405677795,-0.08912503249921588,-0.08777111826930195,0.0013539142299139328,0.12264971497158172,0.009309599803719593,0.012739646059984011
500,31,4,CGATATAT,1.242865698751179,1.2451576842383174,1.4035148620605469,0.29925625221983143,0.30204464037281764,0.00278838815298621,0.15835717782222947,0.0012439102797592305,0.010411852228312313
1000,0,5,CGATCGCG,0.9690297905150261,0.9563408788887312,0.8097348213195801,0.062270910473024355,0.05933582697364437,-0.002935083499379987,-0.14660605756915113,0.07918266039189881,0.015738102260423936
1000,0,5,CGATCGCA,0.7281264655753046,0.7218323272175613,0.8710740804672241,-0.1786324144666972,-0.17517272469752554,0.003459689769171659,0.14924175324966282,0.048510985272054,0.0170402934833378
1000,0,5,CTATCGCT,0.96084947356265,0.9535061226653239,1.1922483444213867,0.05409059352064827,0.056501070750237026,0.002410477229588759,0.23874222175606286,0.043136626044462556,0.006419871557831414
1000,0,5,CGATCGCG,0.9690297905150261,0.9563408788887312,0.9276149272918701,0.062270910473024355,0.05933582697364437,-0.002935083499379987,-0.028725951596861088,0.07918266039189881,0.015738102260423936
1000,1,6,CACTATCA,0.21634551121656864,0.1547589520328779,0.9601158499717712,-0.33297739305633356,-0.36617929769919155,-0.03320190464285799,0.8053568979388933,0.3831819980124438,0.013662642910299283
1000,1,6,ATATCGCT,0.6417263180325237,0.6198486829668068,0.47033947706222534,0.09240341375962147,0.09891043323473736,0.006507019475115894,-0.1495092059045815,0.13478475988719207,0.0035189494928911103
1000,1,6,CGATCGCC,0.4743179708921755,0.45816843136886237,0.8421602249145508,-0.07500493338072672,-0.06276981836320711,0.012235115017519615,0.3839917935456884,0.10672149356680105,0.009824256426922418
1000,1,6,CTATCGCA,0.8649018169503409,0.8509769325597306,0.7578299045562744,0.31557891267743865,0.33003868282766113,0.014459770150222484,-0.0931470280034562,0.08982351865535954,0.006274212311698335
1000,2,4,CGATATGG,0.8673280979414792,0.8642886480859795,0.6642180681228638,0.10408641657727224,0.10727676883713388,0.0031903522598616396,-0.20007057996311572,0.021725523142199776,0.00956772372020076
1000,2,4,CGATATGC,0.7866877150900696,0.771943633143868,0.8903734683990479,0.023446033725862625,0.014931753895022437,-0.008514279830840188,0.1184298352551798,0.061165104442781004,0.002188776657974678
1000,2,4,CGATCTGT,0.6090359100107438,0.6051352075543646,0.8471696972846985,-0.15420577135346325,-0.15187667169448105,0.0023290996589822033,0.24203448973033392,0.020531067963191152,0.004928258137674391
1000,2,4,CGATATGA,0.7899150024145355,0.7866800282111706,0.5327694416046143,0.02667332105032849,0.029668148962324947,0.002994827911996456,-0.2539105866065563,0.01960003068040672,0.006660133866946971
1000,3,4,GGATAGTG,-0.16211036710066828,-0.1774102685352168,-0.7163488864898682,-0.9240120875708832,-0.9302565209048532,-0.0062444333339700675,-0.5389386179546514,0.07179739450242106,0.010597788764227012
1000,3,4,GTATCGTA,1.3453867446240424,1.3471313391928565,1.3180385828018188,0.5834850241538275,0.5942850868232201,0.010800062669392596,-0.0290927563910377,0.0011649434084587407,0.008143321683714788
1000,3,4,GTATCGTC,0.5189437597334429,0.4945325996280494,0.966515302658081,-0.242957960736772,-0.258313652741587,-0.015355692004815014,0.47198270303003165,0.10776319761721931,0.010118557195645472
1000,3,4,GTATCGTA,1.3453867446240424,1.3471313391928565,1.3533164262771606,0.5834850241538275,0.5942850868232201,0.010800062669392596,0.006185087084304097,0.0011649434084587407,0.008143321683714788
1000,4,6,CGATAGCG,0.48853138959061476,0.46088034081492574,0.690626859664917,-0.3240587808859134,-0.33626688522498555,-0.012208104339072157,0.22974651884999125,0.18396663758779663,0.018060344933662265
1000,4,6,CGATATAT,1.1888844145255317,1.190301915137873,1.18877112865448,0.3762942440490036,0.3931546890979618,0.016860445048958228,-0.0015307864833931095,0.01108405757416775,0.01958906124821702
1000,4,6,CGATCGAT,0.5500914776733716,0.5141033672122921,0.5469951033592224,-0.2624986928031565,-0.2830438588276192,-0.020545166024462658,0.032891736146930306,0.2280311970724389,0.012102534305961754
1000,4,6,CGATATCG,1.0228534001165948,1.0233032809945541,1.0266178846359253,0.2102632296400666,0.22615605495464286,0.015892825314576253,0.00331460364137115,0.012215075147131493,0.01491436041488825
1000,5,5,TTATCGCA,0.26501602244781103,0.26277905135260227,0.21675431728363037,-0.3666188486513961,-0.36435849239196016,0.002260356259435936,-0.046024734068971895,0.016768641918108784,0.00558378644206492
1000,5,5,ATATCGTA,1.031899880895751,1.0315270124298208,0.9392254948616028,0.4002650097965438,0.4043894686852584,0.004124458888714599,-0.09230151756821803,0.008031126123084986,0.006166783793434938
1000,5,5,ATATCGCA,0.9366972135969792,0.9352206897006055,0.9658636450767517,0.3050623424977721,0.308083145956043,0.0030208034582709375,0.030642955376146253,0.01339546474315867,0.0060128452612895344
1000,5,5,GTATCGAA,0.29292636745628736,0.2790234214952211,0.24705004692077637,-0.33870850364291977,-0.34811412224934135,-0.009405618606421584,-0.03197337457444471,0.07296928317543827,0.0034545533701066944
1000,6,7,CGATCTAT,0.7488746189410371,0.7347503116131018,0.9580239653587341,-0.02211266539541279,-0.017877581844155777,0.004235083551257013,0.22327365374563235,0.11604746237824148,0.017177311082694047
1000,6,7,CTATCGCA,0.8379335661923728,0.8295658290028248,1.0382335186004639,0.06694628185592288,0.07693793554556727,0.009991653689644386,0.20866768959763904,0.06419451521086073,0.005620354884024792
1000,6,7,CGATATAT,1.1129594072866589,1.109859285273013,1.0921759605407715,0.34197212295020896,0.35723139181575536,0.015259268865546405,-0.017683324732241434,0.048956411418975776,0.027255557323455193
1000,6,7,CAGTATCT,0.3841815449257305,0.3363361479400905,0.45648491382598877,-0.38680573941071944,-0.4162917455171671,-0.029486006106447638,0.12014876588589829,0.35458134442268996,0.019663565523210025
1000,7,3,CGATCTAG,0.9867502865220522,0.9835373559552757,0.9490813612937927,0.36316201221861677,0.3989698990610321,0.035807886842415315,-0.03445599466148297,0.014565627597707742,0.00492683589737819
1000,7,3,CGATCGAG,0.9341223371023918,0.9337660131924266,0.7749040126800537,0.31053406279895635,0.34919855629818297,0.038664493499226626,-0.15886200051237287,0.0021499839373309015,0.0010810122074351725
1000,7,3,CGATCCAG,0.28674023679464894,0.21048322921463614,-0.05923163890838623,-0.3368480375087865,-0.3740842276796075,-0.03723619017082097,-0.26971486812302237,0.23100821480204559,0.0022371920620072316
1000,7,3,CGATCCAG,0.28674023679464894,0.21048322921463614,-0.04884040355682373,-0.3368480375087865,-0.3740842276796075,-0.03723619017082097,-0.25932363277145987,0.23100821480204559,0.0022371920620072316
1000,8,2,TGTACGCC,0.8081367778749435,0.8087208494544029,0.8437012434005737,0.35675150377017967,0.35811667330563074,0.0013651695354510718,0.03498039394617081,0.00032276667161967865,0.001490909830538456
1000,8,2,TGTACGCC,0.8081367778749435,0.8087208494544029,0.8437012434005737,0.35675150377017967,0.35811667330563074,0.0013651695354510718,0.03498039394617081,0.00032276667161967865,0.001490909830538456
1000,8,2,TGCACGCC,-0.6188692372057751,-0.62374584376812,-0.6237457990646362,-1.070254511310539,-1.0743500199168923,-0.004095508606353215,4.4703483803587574e-08,0.01149460952946324,0.0017413964047734432
1000,8,2,TGTACGCC,0.8081367778749435,0.8087208494544029,0.8437012434005737,0.35675150377017967,0.35811667330563074,0.0013651695354510718,0.03498039394617081,0.00032276667161967865,0.001490909830538456
1000,9,6,CGGTATCG,0.9326889838287263,0.9005896126152942,0.9869998097419739,0.11792124194336617,0.1278882640432537,0.009967022099887535,0.08641019712667963,0.20928016990756193,0.01668394262696893
1000,9,6,CGATACCT,0.6644048482810532,0.5911704180820371,0.7817155718803406,-0.150362893604307,-0.18153093049000346,-0.03116803688569647,0.1905451537983035,0.4621001197552461,0.02269353856114975
1000,9,6,CGATATCG,1.1292292071771808,1.1289401437844686,1.1404271125793457,0.3144614652918206,0.35623879521242807,0.04177732992060745,0.011486968794877095,0.025044190996640125,0.023309810640366635
1000,9,6,CGGTATCC,0.5327479282544806,0.4701052198063624,0.194161057472229,-0.2820198136308796,-0.30259612876567815,-0.020576315134798573,-0.2759441623341334,0.3944152448456979,0.018558994156988362
1000,10,4,ATATCGCC,0.8966680040997042,0.8878893633906653,0.7890925407409668,0.05305849270104779,0.049493299838407445,-0.003565192862640343,-0.09879682264969847,0.03697960009419887,0.0018650372580433228
1000,10,4,ATATCGCA,0.8341884680080867,0.8289145679785486,0.6365126371383667,-0.009421043390569706,-0.009481495573709253,-6.04521831395477e-05,-0.19240193084018187,0.022452062225934766,0.0013564621077826189
1000,10,4,CTATCGCA,0.871028731200624,0.8689057116377328,0.8333320021629333,0.027419219801967598,0.03050964808547496,0.0030904282835073627,-0.03557370947479943,0.009931279980545327,0.0014392017289805992
1000,10,4,ATATCGCG,0.7725528422862107,0.7678746112020844,1.0219602584838867,-0.07105666911244568,-0.07052145235017337,0.0005352167622723059,0.2540856472818023,0.02384365032065272,0.005130725984147766
1000,11,4,CGATCCCT,0.13158881280960566,0.12728925421834014,0.037026166915893555,-0.011911372229019501,-0.008830026762249588,0.0030813454667699136,-0.09026308730244659,0.02271142258754466,0.00551318822248259
1000,11,4,CGATCGCA,0.1784108198815264,0.16695670410990737,0.6831981539726257,0.034910634842901245,0.030837423129317643,-0.004073211713583602,0.5162414498627184,0.048031401886778013,0.00221493880030188
1000,11,4,CGATATCA,0.5561869575451126,0.5500126384819553,0.7282342314720154,0.41268677250648744,0.4138933575013655,0.0012065849948780794,0.17822159299006013,0.03498859282183364,0.010291316569204234
1000,11,4,CGATACAG,-0.292185850081744,-0.29978147288784385,-0.2591114044189453,-0.4356860351203692,-0.4359007538684336,-0.00021471874806439084,0.040670068468898535,0.0423772605600794,0.011994769335680111
1000,12,4,CGATCTAG,0.587445525244927,0.5862680504797029,0.6659373641014099,-0.15567260527119864,-0.14699795580236263,0.008674649468836004,0.07966931362170704,0.012356872948245279,0.007646973887348807
1000,12,4,CGATCGTG,0.8280479234639504,0.8273363979436306,0.7414411306381226,0.08492979294782477,0.09407039166156506,0.009140598713740289,-0.085895267305508,0.005787624782609413,0.0029415227013300793
1000,12,4,GGATCGTG,0.5049533328191106,0.468248751276406,0.4127061367034912,-0.23816479769701504,-0.26501725500565954,-0.026852457308644495,-0.05554261457291476,0.15321142985046388,0.006393103679645407
1000,12,4,CGATCGCG,1.0520257405365145,1.0512108254285224,1.0974339246749878,0.3089076100203889,0.3179448191464569,0.00903720912606798,0.04622309924646539,0.005032646679572039,0.0017729862476034697
1000,13,6,CGATATCT,1.048877843294849,1.0461703325780232,1.2139897346496582,0.07217394976222158,0.07580652414261646,0.003632574380394882,0.16781940207163504,0.044442861055352445,0.02819779675439804
1000,13,6,CTATATCG,0.7879428395639573,0.7753379106414888,1.0796949863433838,-0.18876105396867005,-0.19502589779391788,-0.0062648438252478345,0.30435707570189496,0.09184341426708098,0.016213840732270057
1000,13,6,CGATATCG,1.1292292071771808,1.1289401437844686,1.1640591621398926,0.15252531364455346,0.1585763353490619,0.006051021704508441,0.03511901835542397,0.025044190996640125,0.023309810640366635
1000,13,6,CGATATCC,0.9407656840945221,0.9310068467376462,0.831540584564209,-0.03593820943810522,-0.039356961697760484,-0.0034187522596552666,-0.09946626217343724,0.06967767582234696,0.01112465168109189
1000,14,3,CACTTTAT,-0.24999009717329232,-0.29171732895904096,-0.2010498046875,-0.7255731490817402,-0.7440519764398532,-0.018478827358113015,0.09066752427154096,0.12905184450781615,0.003870149150570157
1000,14,3,CGGTTTAT,0.056370971893694076,0.007753148674964905,0.31624436378479004,-0.4192120800147538,-0.4445814988058474,-0.025369418791093612,0.30849121510982513,0.14972685448338208,0.0038733848271945703
1000,14,3,CTATTTAT,1.1275986946526178,1.1245124364892638,1.1684123277664185,0.6520156427441699,0.6721777890084515,0.02016214626428159,0.04389989127715466,0.01018296469026625,0.0009241902002044
1000,14,3,CGATTTAT,0.9683526382607718,0.9687903337180614,0.9822086095809937,0.49276958635232393,0.5164556862372491,0.023686099884925205,0.013418275862932205,0.0032991236452653006,0.004612210017134188
1000,15,4,ATATCGCC,1.0907297541975245,1.0869177668549432,1.1090831756591797,0.31319986239241515,0.31453790651964164,0.0013380441272264898,0.022165408804236453,0.019226429716515003,0.003978480346190416
1000,15,4,ATATCGTT,0.1694649031133979,0.1567295795927448,0.33046460151672363,-0.6080649886917114,-0.6156502807425568,-0.007585292050845349,0.17373502192397883,0.05419812821321912,0.003256834130606734
1000,15,4,ATATCGTA,0.988644363778368,0.987367377946309,1.340496301651001,0.2111144719732586,0.21498751761100743,0.0038730456377488176,0.35312892370469195,0.012287726696247114,0.007179783368011172
1000,15,4,ATATCGCA,0.8612805461311469,0.8585047169472093,0.9412367343902588,0.08375065432603757,0.08612485661190772,0.002374202285870153,0.08273201744304948,0.021861698908390625,0.010758382172640246
1000,16,6,GATACGGA,0.547143538245205,0.5269567570985391,0.5529329776763916,0.0634801348719185,0.09361210971029399,0.030131974838375486,0.025976220577852538,0.1270900290196444,0.005969342139648504
1000,16,6,GATGAGTA,-0.001657801328419269,-0.11277253110375678,0.18113994598388672,-0.48532120470170576,-0.5461171784920018,-0.060795973790296054,0.2939124770876435,0.6723357837013593,0.005647405049334253
1000,16,6,CAATCATA,0.5198024733829599,0.4614912163996543,0.3552664518356323,0.036139070009673424,0.028146569011409217,-0.007992500998264207,-0.10622476456402197,0.3554310730521104,0.005563531152276369
1000,16,6,GATACGTA,0.8693654031934003,0.8577031471585436,0.9391882419586182,0.3857019998201138,0.4243584997702985,0.03865649995018472,0.0814850948000746,0.07795429752201466,0.00798076131287484
1000,17,6,GATACTTC,0.40609303448119016,0.359658749402862,0.4248638153076172,-0.2019364526941272,-0.20994437753963424,-0.008007924845507053,0.06520506590475517,0.2889066583087212,0.01030094783875235
1000,17,6,GATACGTC,0.752959469505603,0.7442028633276795,0.8369011282920837,0.14492998233028564,0.17459973638518322,0.02966975405489758,0.09269826496440425,0.06806786251831376,0.015528225450772482
1000,17,6,GATACCTA,0.4647345162190096,0.39042508378366136,0.2835114002227783,-0.14329497095630778,-0.1791780431588349,-0.03588307220252712,-0.10691368356088304,0.45399271861458335,0.008136124002493972
1000,17,6,GATACGTA,0.8083309284954665,0.7841258112557821,0.833958625793457,0.20030144132014915,0.2145226843132858,0.014221242993136651,0.04983281453767496,0.1579347381770253,0.01270403473891868
1000,18,3,GATACGTC,1.1400017504916242,1.1317975774614346,1.2991262674331665,0.3944089528918022,0.4478522645982189,0.053443311706416696,0.1673286899717319,0.025147151712658022,0.0005346326220889708
1000,18,3,GATACGTC,1.1400017504916242,1.1317975774614346,1.0539582967758179,0.3944089528918022,0.4478522645982189,0.053443311706416696,-0.07783928068561674,0.025147151712658022,0.0005346326220889708
1000,18,3,TATACGTC,0.7896562488438589,0.77758704425974,1.0034151077270508,0.04406345124403688,0.09364173139652432,0.04957828015248744,0.22582806346731077,0.036694411113225245,0.0004867973608684295
1000,18,3,ATTATGTC,-0.08728855942781906,-0.3054009477297465,-0.12182354927062988,-0.8328813570276411,-0.9893462605929622,-0.15646490356532106,0.18357739845911664,0.6546214959700611,0.00028433106427883104
1000,19,4,TTATCCTG,0.6824913245771171,0.6810268172218159,0.7068076729774475,-0.14002897553550175,-0.13662345508540352,0.0034055204500982317,0.025780855755631604,0.009356567406008764,0.003498537984803818
1000,19,4,TGATCGCG,0.7915597517025582,0.7801492443541067,0.7752240896224976,-0.030960548410060684,-0.03750102795311272,-0.006540479543052036,-0.004925154731609149,0.05196204850241459,0.006320019108608577
1000,19,4,TGATCCCG,0.9080150620854003,0.9047125138264775,1.1263186931610107,0.08549476197278139,0.08706224151925812,0.0015674795464767355,0.2216061793345332,0.019583838575935264,0.006373645540244333
1000,19,4,TGATCCCG,0.9080150620854003,0.9047125138264775,0.8116533160209656,0.08549476197278139,0.08706224151925812,0.0015674795464767355,-0.09305919780551197,0.019583838575935264,0.006373645540244333
1000,20,8,CGATACAT,0.6802488628800948,0.6342319363134656,1.176863670349121,-0.09129440443218462,-0.11253982471215807,-0.021245420279973448,0.5426317340356555,0.396211526936578,0.02807611440354485
1000,20,8,ATATCGTC,0.7003789024463345,0.675063605635279,0.7482061982154846,-0.0711643648659449,-0.0717081553903447,-0.0005437905243997898,0.07314259258020561,0.22266908909474026,0.020146714606296356
1000,20,8,CGATCGAT,0.6867731375057201,0.6629096574822881,0.5931525826454163,-0.08477012980655929,-0.08386210354333556,0.0009080262632237268,-0.06975707483687188,0.21086877843268592,0.019960938245230153
1000,20,8,CGATATCG,1.018772166416968,1.014881844671462,1.1412928104400635,0.2472288991046886,0.2681100836458383,0.020881184541149733,0.12641096576860145,0.0691981350747839,0.038075561110735734
1000,21,3,CTATCATA,0.9829008515254559,0.9801570965598024,0.985302209854126,0.4709577825084704,0.4725298871700133,0.0015721046615428946,0.0051451132943235445,0.008760703894447053,0.0005294389974865865
1000,21,3,ATATCATA,0.8097383323172576,0.8102419813060097,0.8216290473937988,0.29779526330027206,0.30261477191622055,0.004819508615948487,0.011387066087789166,0.00039586651934619965,0.0019068134856023988
1000,21,3,GTAACATA,-0.5546052400920288,-0.5701322216126652,-0.899111270904541,-1.0665483091090144,-1.0777594310024543,-0.011211121893439868,-0.3289790492918758,0.04815659585225518,0.0015756512903459807
1000,21,3,ATATCATA,0.8097383323172576,0.8102419813060097,0.7734546661376953,0.29779526330027206,0.30261477191622055,0.004819508615948487,-0.03678731516831435,0.00039586651934619965,0.0019068134856023988
1000,22,7,CGATATAC,0.9533910529913091,0.9279577079073841,1.1728849411010742,0.030632724610863526,0.03758350062964311,0.006950776018779581,0.24492723319369014,0.1896202035555481,0.011586787968072443
1000,22,7,TGATATAC,0.5348316628906817,0.4695515216587961,0.33291733264923096,-0.38792666548976384,-0.42082268561894487,-0.032896020129181025,-0.13663418900956514,0.46913984308973156,0.012178854466531774
1000,22,7,CGATATAT,1.2086669429320978,1.1944586396142909,1.2216590642929077,0.2859086145516522,0.3040844323365499,0.01817581778489774,0.02720042467861683,0.12680964631115454,0.0273515230865069
1000,22,7,CGATATCC,0.9941436547076936,0.969528959930493,1.0433083772659302,0.07138532632724803,0.07915475265275207,0.007769426325504036,0.07377941733543714,0.1843277023883747,0.012024838947970906
1000,23,6,TGATACTA,0.35700525690371726,0.3328675105753864,0.09865176677703857,-0.10520621493174426,-0.1140615258462882,-0.008855310914543946,-0.2342157437983478,0.15769807424764615,0.012871596277660657
1000,23,6,TTATCGTA,0.266160767085348,0.2583138912476383,-0.2209397554397583,-0.1960507047501135,-0.18861514517403627,0.007435559576077222,-0.4792536466873966,0.054858588761407034,0.007777333735148773
1000,23,6,CGATATAC,0.6095792964288856,0.5880306178341715,0.5667893886566162,0.14736782459342412,0.14110158141249696,-0.006266243180927167,-0.021241229177555332,0.1405063807762339,0.011214309207948858
1000,23,6,CTATATCT,0.6161005669238953,0.608504126029502,0.7435728907585144,0.15388909508843374,0.1615750896078274,0.0076859945193936685,0.1350687647290124,0.0698365607868654,0.024257915420506038
1000,24,1,GATACGCC,0.9930737614631653,0.9930737614631653,0.993073582649231,0.6555536091327667,0.6555536091327667,0.0,-1.7881393432617188e-07,0.0,0.0
1000,24,1,GATAGGCC,-0.31803345680236816,-0.31803345680236816,-0.3180335760116577,-0.6555536091327667,-0.6555536091327667,0.0,-1.1920928955078125e-07,0.0,0.0
1000,24,1,GATACGCC,0.9930737614631653,0.9930737614631653,0.993073582649231,0.6555536091327667,0.6555536091327667,0.0,-1.7881393432617188e-07,0.0,0.0
1000,24,1,GATAGGCC,-0.31803345680236816,-0.31803345680236816,-0.3180335760116577,-0.6555536091327667,-0.6555536091327667,0.0,-1.1920928955078125e-07,0.0,0.0
1000,25,5,CTATTGCA,0.20394113811563575,0.18010311954189043,-0.7367422580718994,-0.525772100415947,-0.5369358284484287,-0.011163728032481668,-0.9168453776137898,0.12563266580775245,0.006442572939025837
1000,25,5,ATATCGCA,1.1173865925505901,1.111895265926917,1.2173702716827393,0.3876733540190074,0.3948563179365979,0.007182963917590546,0.10547500575582225,0.03333288839030368,0.0058762552719375805
1000,25,5,CTATAGCA,0.5067312631561212,0.48864759660481133,0.5107165575027466,-0.2229819753754616,-0.22839135138550776,-0.005409376010046152,0.022068960897935253,0.09605508751618697,0.005636754759637874
1000,25,5,GTATCGCA,1.0907939603039838,1.0875098098876574,1.2929713726043701,0.361080721772401,0.37047086189733835,0.00939014012493733,0.20546156271671268,0.022051575595249284,0.005630823513617322
1000,26,2,CTATCGTA,1.3800518460760844,1.380534769501537,1.3623985052108765,0.0,0.0,0.0,-0.01813626429066062,1.5138936104275302e-05,0.0009809857870095584
1000,26,2,CTATCGTA,1.3800518460760844,1.380534769501537,1.3463034629821777,0.0,0.0,0.0,-0.03423130651935935,1.5138936104275302e-05,0.0009809857870095584
1000,26,2,CTATCGTA,1.3800518460760844,1.380534769501537,1.3623985052108765,0.0,0.0,0.0,-0.01813626429066062,1.5138936104275302e-05,0.0009809857870095584
1000,26,2,CTATCGTA,1.3800518460760844,1.380534769501537,1.3281669616699219,0.0,0.0,0.0,-0.05236780783161521,1.5138936104275302e-05,0.0009809857870095584
1000,27,4,GTATCATA,1.2490354552200769,1.24942335919089,1.2208551168441772,0.0,0.0,0.0,-0.028568242346712847,0.0016420537025081394,0.003193669585761505
1000,27,4,GTATCATA,1.2490354552200769,1.24942335919089,1.2269086837768555,0.0,0.0,0.0,-0.022514675414034624,0.0016420537025081394,0.003193669585761505
1000,27,4,GTATCATA,1.2490354552200769,1.24942335919089,1.2534444332122803,0.0,0.0,0.0,0.004021074021390181,0.0016420537025081394,0.003193669585761505
1000,27,4,GTATCATA,1.2490354552200769,1.24942335919089,1.2259551286697388,0.0,0.0,0.0,-0.023468230521151323,0.0016420537025081394,0.003193669585761505
1000,28,5,GTATCGTA,1.169057937958345,1.1664503569140403,1.2689945697784424,0.14854430147604858,0.1492371456573407,0.0006928441812921182,0.10254421286440207,0.019833144567097172,0.006795239345573911
1000,28,5,GTATCGCA,1.0719520411723384,1.068940458912402,1.135040283203125,0.05143840469004202,0.05172724765570247,0.00028884296566045187,0.06609982429072292,0.02524932730619578,0.010191416006514409
1000,28,5,GTATCGTG,0.6719866288401576,0.667011672286316,0.792449414730072,-0.34852700764213884,-0.35020153897038364,-0.0016745313282447993,0.12543774244375605,0.02827308005355267,0.003398297284344487
1000,28,5,GTATCGTA,1.169057937958345,1.1664503569140403,1.1529712677001953,0.14854430147604858,0.1492371456573407,0.0006928441812921182,-0.013479089213844997,0.019833144567097172,0.006795239345573911
1000,29,4,CGATCTCT,0.5894127190611983,0.5828304406701748,0.6950290203094482,-0.29169014274757943,-0.28095281375620573,0.010737328991373696,0.11219857963927349,0.0367340857754237,0.010404972211329522
1000,29,4,CGATATCT,1.3298835925881822,1.3320947715643952,1.367729663848877,0.4487807307794045,0.46831151713801467,0.019530786358610164,0.0356348922844818,0.0009944646704506122,0.009839180575301754
1000,29,4,CGATATCT,1.3298835925881822,1.3320947715643952,1.1797082424163818,0.4487807307794045,0.46831151713801467,0.019530786358610164,-0.15238652914801332,0.0009944646704506122,0.009839180575301754
1000,29,4,CACTATCT,0.27523154299754826,0.2081130339065571,0.22792410850524902,-0.6058713188112295,-0.6556702205198234,-0.04979890170859391,0.019811074598691913,0.2703238723485697,0.001849835984605086
1000,30,3,TTAACCGC,0.18087682287572374,0.16597800287935494,0.2657949924468994,-0.33000895153345644,-0.3191509435936391,0.010858007939817338,0.09981698956754448,0.04840140411891447,0.003704944129808041
1000,30,3,AATACCGC,0.11492595257942832,0.03725016737977649,-0.5007447004318237,-0.3959598218297518,-0.44787877909321755,-0.05191895726346574,-0.5379948678116002,0.23406671811146484,0.0010393625125093564
1000,30,3,TATACCGC,0.721558881711235,0.7183930604822102,0.44656503200531006,0.2106731073020548,0.23326411400921615,0.022591006707161354,-0.27182802847690013,0.011037386671108651,0.0015399229840342699
1000,30,3,GATACCGC,1.0261814404703333,1.0188945551506345,0.8772907853126526,0.5152956660611532,0.5337656086776406,0.018469942616487378,-0.14160376983798195,0.02474917277765265,0.002888516818556397
1000,31,4,CGATCGAT,0.8585284536667539,0.8540821337761981,0.9733985662460327,-0.19241382022607345,-0.19494181434129154,-0.0025279941152180907,0.11931643246983459,0.02086064345323635,0.003075363891013261
1000,31,4,CGATCTAT,1.1150802139681852,1.11400455289792,0.9909034967422485,0.06413794007535789,0.06498060478043044,0.0008426647050725489,-0.12310105615567157,0.009615573777064457,0.005312929496003704
1000,31,4,CGATCTAT,1.1150802139681852,1.11400455289792,0.9339615106582642,0.06413794007535789,0.06498060478043044,0.0008426647050725489,-0.18004304223965595,0.009615573777064457,0.005312929496003704
1000,31,4,CGATCTAT,1.1150802139681852,1.11400455289792,1.0575077533721924,0.06413794007535789,0.06498060478043044,0.0008426647050725489,-0.056496799525727726,0.009615573777064457,0.005312929496003704
2000,0,6,GGATAGTA,0.054277305032293555,-0.03815327956755166,-0.16828429698944092,-0.5475007896019559,-0.6039951682614626,-0.05649437865950668,-0.13013101742188926,0.5623791992055107,0.007795691606439448
2000,0,6,CGATCTAT,0.750002974391704,0.7328325468335395,0.6387826204299927,0.14822487975745458,0.16699065813962854,0.01876577838217397,-0.09404992640354681,0.11292322609015581,0.009900660741168466
2000,0,6,CGATACAT,0.6476690539073932,0.6219494929291404,0.3885679244995117,0.04589095927314368,0.056107604235229425,0.010216644962085741,-0.23338156842962865,0.16850140745366282,0.014184041584146101
2000,0,6,CGATATAG,0.9551630452056069,0.9467387945805154,1.075231909751892,0.35338495057135744,0.3808969058866044,0.027511955315246972,0.12849311517137674,0.06991432878663506,0.019368825036085724
2000,1,2,CGATATCG,0.390062950676484,0.3894825130701065,0.4460146427154541,0.2784309100410988,0.2781212367117405,-0.0003096733293583287,0.056532129645347595,0.0013158405849418298,0.0001549653721868438
2000,1,2,CGATATGT,-1.1309164967780578,-1.131465196609497,-0.5608096122741699,-1.242548537413443,-1.242826472967863,-0.00027793555442001683,0.5706555843353271,0.0026694223924463856,0.0015720227295679123
2000,1,2,CGATATAT,0.872145755714656,0.8723657429218292,0.8934066295623779,0.7605137150792709,0.7610044665634632,0.0004907514841923089,0.021040886640548706,3.424261928741679e-05,0.00047421703363381695
2000,1,2,CGATATCT,0.3152359529284585,0.3150620460510254,0.10523200035095215,0.20360391229307334,0.20370076969265938,9.685739958603667e-05,-0.20983004570007324,0.0018352618426553668,0.0014874480877891116
2000,2,3,CGATCTAC,1.24977186202863,1.2497377564044048,1.2506892681121826,0.12840970501690951,0.12933714468575408,0.0009274396688445652,0.0009515117077778523,0.0014638525099044397,0.001361535637228073
2000,2,3,CGATCTAC,1.24977186202863,1.2497377564044048,1.241060495376587,0.12840970501690951,0.12933714468575408,0.0009274396688445652,-0.00867726102781785,0.0014638525099044397,0.001361535637228073
2000,2,3,TGATCCAC,0.7361330419609923,0.7323891776613888,0.8211348056793213,-0.3852291150507282,-0.3880114340572619,-0.0027823190065336956,0.08874562801793251,0.012256343331970676,0.001024750433160193
2000,2,3,CGATCTAC,1.24977186202863,1.2497377564044048,1.3042445182800293,0.12840970501690951,0.12933714468575408,0.0009274396688445652,0.05450676187562453,0.0014638525099044397,0.001361535637228073
2000,3,4,TGATCCTA,1.0116547647030543,1.0073572534820416,1.0612144470214844,0.21117094983210583,0.21666264385385148,0.005491694021745652,0.05385719353944274,0.018995529343704742,0.0018054844596537833
2000,3,4,TTATCCCA,0.7616707372632907,0.7470147291169271,0.7442669868469238,-0.03881307760765773,-0.043679880511263036,-0.004866802903605305,-0.002747742270003295,0.06043028132976325,0.0018062487443089026
2000,3,4,TGATACCA,0.5083134681127943,0.4983380218036475,0.7089791297912598,-0.2921703467581541,-0.29235658782454266,-0.0001862410663885372,0.21064110798761226,0.040988379949872034,0.0010865947132847609
2000,3,4,TGATACTA,0.9202962894046546,0.9100684341101444,0.9479106664657593,0.11981247453370614,0.11937382448195422,-0.00043865005175192096,0.0378422323556149,0.04231061657390223,0.001399195395861419
2000,4,2,AGGATATC,1.1042149940600983,1.1048825476318598,1.037975788116455,0.17365067750134677,0.17663282109424472,0.0029821435928979456,-0.0669067595154047,0.00022172754779470338,0.0015568346913177322
2000,4,2,AGGATATC,1.1042149940600983,1.1048825476318598,1.1048824787139893,0.17365067750134677,0.17663282109424472,0.0029821435928979456,-6.891787052154541e-08,0.00022172754779470338,0.0015568346913177322
2000,4,2,AGGATATC,1.1042149940600983,1.1048825476318598,1.0839672088623047,0.17365067750134677,0.17663282109424472,0.0029821435928979456,-0.020915338769555092,0.00022172754779470338,0.0015568346913177322
2000,4,2,AGGAGATC,0.40961228405471095,0.3983512632548809,0.5170060396194458,-0.5209520325040405,-0.5298984632827342,-0.008946430778693615,0.1186547763645649,0.0227574169317748,0.00023537533211470674
2000,5,4,TTATCCTA,0.7604807940175522,0.7590721587766895,0.6114226579666138,-0.058881458565666955,-0.05219716431747656,0.006684294248190392,-0.14764950081007577,0.008828182841191357,0.0031936418777407383
2000,5,4,GTATCCTA,0.8259657345672512,0.8196392196502227,1.0620110034942627,0.006603481984032045,0.008369896556056577,0.0017664145720245328,0.24237178384404,0.030118786082907523,0.004812726414793467
2000,5,4,ATATACTA,0.6731081796397906,0.6499551812497282,0.739314615726471,-0.14625407294342851,-0.16131414184443793,-0.015060068901009416,0.08935943447674277,0.09565775895879014,0.00304576539854029
2000,5,4,ATATCCTA,1.0178943021082825,1.016410732700024,1.0683457851409912,0.19853204952506331,0.20514140960585792,0.006609360080794602,0.05193505244096719,0.008607234646144102,0.0026729570131101
2000,6,6,GATACGCC,0.891304254383226,0.8771842203924374,0.9145511388778687,0.2207304272661227,0.22732230409326615,0.006591876827143461,0.03736691848543128,0.09600876592822738,0.011288561983494816
2000,6,6,GATACCCG,0.5119613017170609,0.4839567580648376,0.20702838897705078,-0.15861252540004245,-0.1659051582343336,-0.007292632834291157,-0.27692836908778684,0.17713402353105856,0.009106761617719172
2000,6,6,GACACGTA,0.6138714294682033,0.5914099135410238,0.7650617361068726,-0.05670239764890006,-0.05845200275814744,-0.0017496051092473763,0.17365182256584877,0.14211511026607493,0.007346014702998005
2000,6,6,GATACCCC,0.6651583228999234,0.6468967731983861,0.5793717503547668,-0.005415504217179956,-0.002965143100785106,0.00245036111639485,-0.06752502284361928,0.11750236226980748,0.007933064060583916
2000,7,4,CGGTATAT,1.1561103920083724,1.1561541620806872,1.0597209930419922,0.29060465432106763,0.3288112066644924,0.03820655234342474,-0.09643316903869503,0.009250644286773024,0.009425724576032302
2000,7,4,CAGTATAT,1.1494455401186636,1.1476759407232753,0.9459748268127441,0.28393980243135886,0.32033298530708043,0.036393182875721575,-0.20170111391053114,0.016315427389824055,0.009237029808271124
2000,7,4,CAGTGGAT,0.00035662661381064,-0.15061244321987033,-0.28952860832214355,-0.8651491110734941,-0.9779553986360652,-0.11280628756257105,-0.13891616510227323,0.6062474418359054,0.002371162501181523
2000,7,4,CGGTATAT,1.1561103920083724,1.1561541620806872,0.9977802634239197,0.29060465432106763,0.3288112066644924,0.03820655234342474,-0.15837389865676754,0.009250644286773024,0.009425724576032302
2000,8,5,GTATACTA,0.2659329350150603,0.2139898608353299,-0.10589981079101562,-0.05654281728790311,-0.073543307064877,-0.01700048977697388,-0.3198896716263455,0.26287028469700946,0.003154913798357306
2000,8,5,CTATATTT,0.07957566761676756,0.042653711102902746,0.5892438888549805,-0.2429000846861959,-0.24487945679730413,-0.0019793721111082407,0.5465901777520777,0.1954672871536145,0.010857504584290467
2000,8,5,ATATTATA,0.33555208482876553,0.3146605903406936,0.3249540328979492,0.013076332525802092,0.027127422440486715,0.014051089914684622,0.010293442557255617,0.11060693321594961,0.006149460775589866
2000,8,5,ATATCGTC,0.6088423217512603,0.5788285093219013,0.5386500954627991,0.28636656944829686,0.29129534142169444,0.004928771973397583,-0.04017841385910226,0.15451096566604194,0.0044419035192468925
2000,9,2,CGATATAT,1.1629584269349118,1.162582453340292,1.0789417028427124,0.16631894128675362,0.16838233452290297,0.0020633932361493468,-0.08364075049757957,0.001325988557845048,0.0005740413686052825
2000,9,2,CGATATAT,1.1629584269349118,1.162582453340292,1.162582516670227,0.16631894128675362,0.16838233452290297,0.0020633932361493468,6.332993507385254e-08,0.001325988557845048,0.0005740413686052825
2000,9,2,CGATATAG,0.4976826617878969,0.4890531152486801,0.042900681495666504,-0.4989568238602613,-0.5051470035687089,-0.006190179708447596,-0.4461524337530136,0.01802824457551422,0.0007691514970806779
2000,9,2,CGATATAT,1.1629584269349118,1.162582453340292,1.078941822052002,0.16631894128675362,0.16838233452290297,0.0020633932361493468,-0.08364063128829002,0.001325988557845048,0.0005740413686052825
2000,10,5,CAATATAT,0.8894451263689206,0.8760875506016109,0.8999159336090088,0.15292382177987318,0.15923221002235843,0.006308388242485252,0.02382838300739787,0.06890077958981244,0.002112900753264313
2000,10,5,CGGTATCG,0.7050496366624485,0.6860675374519385,0.5645736455917358,-0.031471667926598945,-0.030787803127313995,0.00068386479928495,-0.12149389186020265,0.10322443972897943,0.00831394367642968
2000,10,5,CTATATCT,0.46214532895590016,0.4291787236618493,0.6639707088470459,-0.27437597563314725,-0.2876766169174032,-0.013300641284255954,0.23479198518519662,0.1738503235899067,0.00901729711965249
2000,10,5,CAATATAT,0.8894451263689206,0.8760875506016109,0.8182566165924072,0.15292382177987318,0.15923221002235843,0.006308388242485252,-0.057830934009203694,0.06890077958981244,0.002112900753264313
2000,11,2,GAGGGATA,1.1390278546196193,1.1369575490243733,1.1369574069976807,0.0,0.0,0.0,-1.4202669262886047e-07,0.004719293543510972,0.0005786823530189444
2000,11,2,GAGGGATA,1.1390278546196193,1.1369575490243733,1.1369574069976807,0.0,0.0,0.0,-1.4202669262886047e-07,0.004719293543510972,0.0005786823530189444
2000,11,2,GAGGGATA,1.1390278546196193,1.1369575490243733,1.156337022781372,0.0,0.0,0.0,0.019379473756998777,0.004719293543510972,0.0005786823530189444
2000,11,2,GAGGGATA,1.1390278546196193,1.1369575490243733,1.1005268096923828,0.0,0.0,0.0,-0.03643073933199048,0.004719293543510972,0.0005786823530189444
2000,12,4,CGATATCG,1.061564887602452,1.0628882299060936,1.0500662326812744,0.25848429701012665,0.28046363703773125,0.0219793400276046,-0.012821997224819137,0.006078561444411212,0.011371930658977902
2000,12,4,CGATATCT,0.9169454975661442,0.9097505321260546,0.9665778279304504,0.1138649069738189,0.1273259392576923,0.013461032283873409,0.05682729580439583,0.03937796760600065,0.010598105845642358
2000,12,4,CGGTATCT,0.31686647963456127,0.24730907731524643,0.32334399223327637,-0.486214110957764,-0.5351155155531159,-0.04890140459535186,0.07603491491802994,0.2905982026475078,0.012368593370248426
2000,12,4,CGATATCT,0.9169454975661442,0.9097505321260546,0.7612811326980591,0.1138649069738189,0.1273259392576923,0.013461032283873409,-0.14846939942799553,0.03937796760600065,0.010598105845642358
2000,13,4,CTATATCA,0.7343728675315866,0.7327685116324578,0.7239062786102295,-0.16452761253545112,-0.1665479383082129,-0.0020203257727617885,-0.008862233022228327,0.013023246096919294,0.0066058225004042015
2000,13,4,CGATATCG,0.9781229641469716,0.9789842340784771,1.0699141025543213,0.07922248407993393,0.0796677841378064,0.0004453000578724664,0.09092986847584417,0.01656315164043276,0.020008231366454687
2000,13,4,CGATATCG,0.9781229641469716,0.9789842340784771,0.9990561008453369,0.07922248407993393,0.0796677841378064,0.0004453000578724664,0.02007186676685979,0.01656315164043276,0.020008231366454687
2000,13,4,CGATATCT,0.904983124442621,0.9065288199732706,0.9011343717575073,0.006082644375583257,0.007212370032599891,0.0011297256570166336,-0.005394448215763292,0.011112068365086936,0.01729485048768531
2000,14,5,CTATATCA,0.693890943754774,0.6766359854986262,1.0408347845077515,-0.12570534518260978,-0.13176805968260585,-0.006062714499996069,0.3641987990091252,0.0910970783908982,0.004822287110159529
2000,14,5,CTATCTTA,0.27835508194193237,0.2493671113819193,0.29122042655944824,-0.5412412069954514,-0.5590369337993129,-0.017795726803861434,0.04185331517752894,0.15250184482302842,0.00756199202296326
2000,14,5,CGATATAT,1.1530695650264144,1.1538065419221915,1.114565372467041,0.33347327608903066,0.34540249674095935,0.011929220651928696,-0.03924116945515044,0.006439880719687929,0.010124765198572305
2000,14,5,CGATATAT,1.1530695650264144,1.1538065419221915,1.2037231922149658,0.33347327608903066,0.34540249674095935,0.011929220651928696,0.04991665029277437,0.006439880719687929,0.010124765198572305
2000,15,3,TGATACCG,1.0097250065858496,1.0058247314041682,0.5922884941101074,-0.01015376136581203,-0.004212447364504435,0.005941314001307596,-0.41353623729406075,0.016205622157974275,0.004504796612930129
2000,15,3,TGATCCCG,1.0232633550735992,1.011441327890174,1.0834500789642334,0.0033845871219375656,0.0014041491215013302,-0.0019804380004362354,0.07200875107405946,0.03778887494673655,0.0023227933964609093
2000,15,3,TGATCCCG,1.0232633550735992,1.011441327890174,1.3564162254333496,0.0033845871219375656,0.0014041491215013302,-0.0019804380004362354,0.3449748975431757,0.03778887494673655,0.0023227933964609093
2000,15,3,TGATCCCG,1.0232633550735992,1.011441327890174,1.378846526145935,0.0033845871219375656,0.0014041491215013302,-0.0019804380004362354,0.3674051982557611,0.03778887494673655,0.0023227933964609093
2000,16,4,CTATATCA,1.2169747995921365,1.215517493799174,1.1325469017028809,0.06304314361754892,0.06311686020732554,7.371658977661788e-05,-0.0829705920962931,0.0076025815053711865,0.0017733583335211023
2000,16,4,CTATATCA,1.2169747995921365,1.215517493799174,1.249084711074829,0.06304314361754892,0.06311686020732554,7.371658977661788e-05,0.03356721727565515,0.0076025815053711865,0.0017733583335211023
2000,16,4,CTATATTA,0.964802225121941,0.963050052969872,0.6176609992980957,-0.18912943085264655,-0.1893505806219764,-0.00022114976932985364,-0.3453890536717763,0.009183300839848085,0.002174612231572226
2000,16,4,CTATATCA,1.2169747995921365,1.215517493799174,1.1281076669692993,0.06304314361754892,0.06311686020732554,7.371658977661788e-05,-0.08740982682987464,0.0076025815053711865,0.0017733583335211023
2000,17,4,ATATCTTA,0.3195705933465869,0.30384941430141565,0.3354712724685669,0.09868625233733913,0.1087689073877604,0.010082655050421274,0.03162185816715124,0.06391403840588694,0.0010293222252020229
2000,17,4,ATATCTTA,0.3195705933465869,0.30384941430141565,-0.14127731323242188,0.09868625233733913,0.1087689073877604,0.010082655050421274,-0.44512672753383753,0.06391403840588694,0.0010293222252020229
2000,17,4,CGATATTA,1.3055787274350314,1.3050772435478093,1.3430615663528442,1.0846943864257836,1.109996736634154,0.02530235020837046,0.03798432280503494,0.004273137586967901,0.0022672020380793967
2000,17,4,TCAGTTTA,-1.0611825500912142,-1.1324540444960196,-0.6229839324951172,-1.282066891100462,-1.3275345514096748,-0.04546766030921279,0.5094701120009024,0.2853147658823474,0.0002287882631257787
2000,18,6,TCTAATCG,0.33663881156175696,0.26379244249417483,0.3189581632614136,-0.17746392358418156,-0.19353590913977098,-0.01607198555558942,0.055165720767238746,0.44687516735430943,0.00979695294881644
2000,18,6,GGTGATCG,0.46047283537649575,0.41768571154938733,0.16545605659484863,-0.05362989976944277,-0.03964264008455848,0.01398725968488429,-0.2522296549545387,0.2666092154227604,0.009886472460109985
2000,18,6,CGTTATAG,0.45770102288858466,0.3895555365054548,-0.09844493865966797,-0.05640171225735385,-0.06777281512849098,-0.011371102871137129,-0.4880004751651228,0.4277505540819737,0.01887763578319479
2000,18,6,CGTGATCG,0.8015982707569166,0.7582797159867664,0.8331623077392578,0.28749553561097807,0.30095136435282055,0.01345582874184248,0.07488259175249146,0.27357251348833866,0.013661184867437726
2000,19,3,CGGTATCA,1.3978278765895142,1.3985212373857694,1.4088685512542725,0.0,0.0,0.0,0.010347313868503072,1.9025565443059334e-05,0.0020991079542085345
2000,19,3,CGGTATCA,1.3978278765895142,1.3985212373857694,1.375946283340454,0.0,0.0,0.0,-0.022574954045315287,1.9025565443059334e-05,0.0020991079542085345
2000,19,3,CGGTATCA,1.3978278765895142,1.3985212373857694,1.4146406650543213,0.0,0.0,0.0,0.0161194276685519,1.9025565443059334e-05,0.0020991079542085345
2000,19,3,CGGTATCA,1.3978278765895142,1.3985212373857694,1.3627594709396362,0.0,0.0,0.0,-0.03576176644613316,1.9025565443059334e-05,0.0020991079542085345
2000,20,5,CAGTATAT,0.6487847643250013,0.6139830883421616,0.5852766633033752,-0.15133543852817744,-0.16500224392977547,-0.013666805401598037,-0.0287064250387864,0.1774192317592247,0.003410851845026208
2000,20,5,CGGTATAT,0.7048687087293046,0.6720552821923039,1.0288374423980713,-0.09525149412387413,-0.10693005007963319,-0.011678555955759062,0.35678216020576736,0.1723349793431752,0.00826784665817204
2000,20,5,CTATATCT,0.5878253451278092,0.5690128890114515,0.848495364189148,-0.2122948577253696,-0.2099724432604856,0.002322414464884015,0.2794824751776964,0.09965326166638988,0.005590981084601765
2000,20,5,CGATATAT,1.2590019932306,1.2608900695418315,1.3264161348342896,0.4588817903774213,0.48190473726989436,0.023022946892473084,0.06552606529245808,0.004616663672868948,0.014057045229026066
2000,21,6,ATATCGTA,1.119025031823783,1.1189596022071775,1.0431954860687256,0.5447979297253073,0.5761810239851505,0.0313830942598432,-0.07576411613845191,0.01260995398772824,0.012217376288093718
2000,21,6,ATCTCGTA,0.45853098695256334,0.40310737607327923,0.37729477882385254,-0.11569611514591249,-0.1396712021487478,-0.023975087002835294,-0.025812597249426694,0.349157785438412,0.016616120162707304
2000,21,6,GTATCCTA,0.758587215605442,0.7524600801074278,0.8198087215423584,0.18436011350696613,0.2096815018854008,0.025321388378434673,0.06734864143493058,0.04236898809637557,0.005606175108290756
2000,21,6,ATTATATC,-0.039234825987885046,-0.10341274549977648,-0.6363191604614258,-0.6134619280863609,-0.6461913237218035,-0.03272939563544264,-0.5329064149616493,0.3935179026020368,0.00845038553068811
2000,22,4,CGATCGTG,0.4503088917251751,0.44301812562844156,0.4862384796142578,0.006454764026445514,0.008243476249541914,0.0017887122230964003,0.04322035398581625,0.030976737960699996,0.0018136735737659393
2000,22,4,CGATCGGC,0.13070451270647943,0.1128433900958048,0.06383490562438965,-0.31314961499225014,-0.32193125928309485,-0.008781644290844715,-0.04900848447141515,0.07559652617232437,0.004152035729625858
2000,22,4,CGATCGAA,0.26425977883471985,0.2609696088741962,-0.4394110441207886,-0.1795943488640097,-0.17380504050470347,0.005789308359306244,-0.7003806529949848,0.026218843892187316,0.013058164050092635
2000,22,4,CTATCGTA,0.930143327528544,0.922267472917156,1.2688243389129639,0.48628919982981444,0.4874928235382564,0.0012036237084419588,0.3465568659958078,0.03629421357776419,0.0047907951322123665
2000,23,5,CTATCGTA,0.7486000818178872,0.7414261035621159,0.7981539964675903,0.36457188178749084,0.3672346065659073,0.0026627247784164476,0.05672789290547442,0.044804959317211956,0.008935068038355531
2000,23,5,ATATCGTT,0.21910522250927844,0.2009896107638877,0.16952383518218994,-0.1649229775211179,-0.17320188623232094,-0.008278908711203042,-0.03146577558169775,0.09221894173754297,0.001640883010589178
2000,23,5,CTATCGTA,0.7486000818178872,0.7414261035621159,0.684140682220459,0.36457188178749084,0.3672346065659073,0.0026627247784164476,-0.05728542134165693,0.044804959317211956,0.008935068038355531
2000,23,5,GTATCTTC,-0.18019258602346752,-0.18707582990328503,-0.0017216205596923828,-0.5642207860538638,-0.5612673268994937,0.002953459154370175,0.18535420934359265,0.04112935840903109,0.006713139009943525
2000,24,7,GATAGGCA,0.6242371297682613,0.5651320362168991,0.6916160583496094,0.2868013200332347,0.28305800165860295,-0.0037433183746317655,0.12648402213271026,0.43138825006412507,0.017652595204589616
2000,24,7,TTAACCCA,0.2163048799265836,0.16180687297363658,-0.26797401905059814,-0.12113092980844298,-0.12026716158465958,0.0008637682237833955,-0.42978089202423475,0.3909450967628434,0.009459048092214317
2000,24,7,TATACGCC,0.5848778846350694,0.5559824798104896,0.49188101291656494,0.24744207490004283,0.2739084452521935,0.02646637035215066,-0.06410146689392471,0.22626159053358474,0.023993756761527152
2000,24,7,CATAGATC,-0.07567665538980808,-0.15462525076784064,0.0437471866607666,-0.4131124651248347,-0.4366992853261368,-0.023586820201302094,0.19837243742860725,0.5673721094544621,0.014731941808234339
2000,25,3,CTATCGCA,1.1291826153486502,1.1294359781572385,1.2942088842391968,0.0621192505057615,0.06224691248240144,0.00012766197663993673,0.16477290608195827,0.0008710840409826837,0.0016311724667481542
2000,25,3,CTATCGCA,1.1291826153486502,1.1294359781572385,1.122610092163086,0.0621192505057615,0.06224691248240144,0.00012766197663993673,-0.00682588599415257,0.0008710840409826837,0.0016311724667481542
2000,25,3,ATATCGCA,1.114502852184174,1.1151340453005913,1.1950888633728027,0.047439487341285336,0.04794497962575428,0.0005054922844689447,0.07995481807221139,0.0009794455485534481,0.0028730248978048323
2000,25,3,GTATCGCA,0.8953853764900801,0.8947502610842797,0.8213150501251221,-0.17167798835280856,-0.17243880459055738,-0.0007608162377488181,-0.07343521095915762,0.004441398111631356,0.00253605189423034
2000,26,4,ATATCGCA,0.8563794521174657,0.8550472647087497,0.9536157846450806,0.4214636263340012,0.4507493151904785,0.02928568885647731,0.09856851993633087,0.006589104543333946,0.001260354908469985
2000,26,4,CTATCGTA,0.8598137478937726,0.8559311027735628,0.9610433578491211,0.42489792211030813,0.4516331532552916,0.02673523114498344,0.10511225507555833,0.01628483635104061,0.0007542558702011704
2000,26,4,CTATCGCA,0.8495465624323265,0.8488167703423339,0.6556989550590515,0.414630736648862,0.44451882082406274,0.029888084175200724,-0.19311781528328242,0.005774254513015276,0.0028550861530449723
2000,26,4,CTACCGTA,-0.826076459309707,-0.9426033397515614,-0.7910466194152832,-1.2609922850931714,-1.3469012892698327,-0.08590900417666125,0.1515567203362782,0.46799016434650653,0.0018826425790887669
2000,27,4,CGATATCT,0.8572853524630428,0.8454318523872646,0.7631747722625732,-0.21898280011535776,-0.2284847307309974,-0.009501930615639642,-0.08225708012469135,0.057884126439522454,0.010470126136409519
2000,27,4,CGATATAT,1.2387151641027805,1.2410685997844366,1.2013341188430786,0.1624470115243799,0.16715201666617463,0.004705005141794727,-0.03973448094135801,0.0017759003831476772,0.01118964310977244
2000,27,4,CGATATAT,1.2387151641027805,1.2410685997844366,1.2197530269622803,0.1624470115243799,0.16715201666617463,0.004705005141794727,-0.021315572822156348,0.0017759003831476772,0.01118964310977244
2000,27,4,CAATATAT,0.9703569296449986,0.9680972805169101,1.2458069324493408,-0.10591122293340194,-0.10581930260135186,9.192033205007721e-05,0.2777096519324307,0.012454396864783224,0.003415800352429166
2000,28,4,CGATATAT,1.2387151641027805,1.2410685997844366,1.219103217124939,0.13417911722889087,0.13648565963376313,0.0023065424048722694,-0.021965382659497656,0.0017759003831476772,0.01118964310977244
2000,28,4,CAATATAT,0.9703569296449986,0.9680972805169101,1.0389419794082642,-0.13417911722889098,-0.13648565963376336,-0.0023065424048723804,0.07084469889135403,0.012454396864783224,0.003415800352429166
2000,28,4,CAATATAT,0.9703569296449986,0.9680972805169101,0.9247761368751526,-0.13417911722889098,-0.13648565963376336,-0.0023065424048723804,-0.04332114364175754,0.012454396864783224,0.003415800352429166
2000,28,4,CGATATAT,1.2387151641027805,1.2410685997844366,1.2604886293411255,0.13417911722889087,0.13648565963376313,0.0023065424048722694,0.019420029556688867,0.0017759003831476772,0.01118964310977244
2000,29,2,CGATATAT,1.1629584269349118,1.162582453340292,1.1625826358795166,0.0,0.0,0.0,1.825392246246338e-07,0.001325988557845048,0.0005740413686052825
2000,29,2,CGATATAT,1.1629584269349118,1.162582453340292,1.0980095863342285,0.0,0.0,0.0,-0.06457286700606346,0.001325988557845048,0.0005740413686052825
2000,29,2,CGATATAT,1.1629584269349118,1.162582453340292,1.1816504001617432,0.0,0.0,0.0,0.019067946821451187,0.001325988557845048,0.0005740413686052825
2000,29,2,CGATATAT,1.1629584269349118,1.162582453340292,1.2271554470062256,0.0,0.0,0.0,0.06457299366593361,0.001325988557845048,0.0005740413686052825
2000,30,4,CGGTATCG,1.0467389790267425,1.0472240713570502,1.1754584312438965,0.1633533362970978,0.16851005961992382,0.005156723322826018,0.12823435988684628,0.0031335433988548544,0.005073912720085616
2000,30,4,CGGTATCT,0.5931223707872116,0.5776954417451636,0.7416160106658936,-0.29026327194243307,-0.30101856999196275,-0.010755298049529682,0.16392056892072993,0.06983915052112133,0.00813143435292929
2000,30,4,CGGTATCA,0.8469422420778823,0.8427124624892413,0.9870789647102356,-0.036443400651762436,-0.03600154924788512,0.0004418514038773136,0.14436650222099434,0.02463206758228509,0.007712949227721033
2000,30,4,CGGTATCG,1.0467389790267425,1.0472240713570502,1.0135170221328735,0.1633533362970978,0.16851005961992382,0.005156723322826018,-0.033707049224176666,0.0031335433988548544,0.005073912720085616
2000,31,7,CGGTATTG,0.7904446468528523,0.7423919096244594,1.108555555343628,-0.2301351520948005,-0.2533477502389475,-0.023212598144147,0.3661636457191685,0.354281095761082,0.01791193516233136
2000,31,7,CGATATCG,1.1913093655518574,1.1784642577849629,1.0678231716156006,0.17072956660420457,0.18272459792155593,0.011995031317351357,-0.1106410861693623,0.11197455159881309,0.022058797230551264
2000,31,7,CGATATTG,0.909255817834044,0.8836382142592427,0.7224695086479187,-0.11132398111360886,-0.11210144560416424,-0.0007774644905553796,-0.16116870561132401,0.19495869026895774,0.015635465245349423
2000,31,7,CGATATCG,1.1913093655518574,1.1784642577849629,1.080971598625183,0.17072956660420457,0.18272459792155593,0.011995031317351357,-0.09749265915977978,0.11197455159881309,0.022058797230551264
5000,0,2,CGATCGAA,0.49472497752450517,0.48682376742362976,0.48682379722595215,-0.14435691158706088,-0.14605206809937954,-0.001695156512318663,2.9802322387695312e-08,0.015973405919494477,0.00017098571774365467
5000,0,2,CGATATAA,1.0721526238727488,1.071032039821148,0.9061338305473328,0.43307073476118274,0.4381562042981386,0.005085469536955878,-0.16489820927381516,0.004850858661842761,0.00260969055864102
5000,0,2,CGATCGAA,0.49472497752450517,0.48682376742362976,0.5042449235916138,-0.14435691158706088,-0.14605206809937954,-0.001695156512318663,0.01742115616798401,0.015973405919494477,0.00017098571774365467
5000,0,2,CGATCGAA,0.49472497752450517,0.48682376742362976,0.27285993099212646,-0.14435691158706088,-0.14605206809937954,-0.001695156512318663,-0.2139638364315033,0.015973405919494477,0.00017098571774365467
5000,1,3,TTACTCCA,1.018140674251142,1.0187573737154405,0.9119026064872742,0.057866832368746235,0.07137063890695594,0.013503806538209706,-0.10685476722816634,0.0014185772740178404,0.0032686756669129124
5000,1,3,TTACTCTA,0.9024070095136496,0.8760160959015285,1.0727444887161255,-0.057866832368746235,-0.07137063890695605,-0.013503806538209817,0.19672839281459698,0.08101233795675045,0.0018395971203872818
5000,1,3,TTACTCCA,1.018140674251142,1.0187573737154405,1.0694137811660767,0.057866832368746235,0.07137063890695594,0.013503806538209706,0.050656407450636154,0.0014185772740178404,0.0032686756669129124
5000,1,3,TTACTCTA,0.9024070095136496,0.8760160959015285,0.7688312530517578,-0.057866832368746235,-0.07137063890695605,-0.013503806538209817,-0.1071848428497707,0.08101233795675045,0.0018395971203872818
5000,2,6,ATGTCGTA,0.22634758965962712,0.18585076447990131,-0.0842430591583252,-0.49466697767056833,-0.509525505091531,-0.01485852742096272,-0.27009382363822654,0.2501761017023405,0.007195150623985569
5000,2,6,CTATCGTA,0.9908183628194108,0.9798227560777576,0.7960093021392822,0.2698037954892154,0.2844464865063252,0.014642691017109799,-0.18381345393847537,0.07608189967123291,0.010108259221313531
5000,2,6,CTATCGGA,0.6902330241370525,0.6517489946280767,0.5693395137786865,-0.03078154319314297,-0.04362727494335572,-0.012845731750212752,-0.08240948084939015,0.2425547141297617,0.011650537075906797
5000,2,6,ATATCGCC,0.9766592927046914,0.964082563099994,1.2678020000457764,0.255644725374496,0.26870629352856157,0.013061568154065561,0.3037194369457824,0.08416036510699687,0.008699987478811622
5000,3,6,CGATATAT,1.1342882674800923,1.138002832059282,1.094536542892456,0.22303881033213235,0.23239633996112796,0.009357529628995609,-0.043466289166826044,0.004652328768733893,0.02693971624387359
5000,3,6,CGATCTAT,0.7823085473628281,0.7703562907231868,0.8213645815849304,-0.12894090978513184,-0.13525020137496735,-0.006309291589835508,0.05100829086174363,0.08763335349658652,0.015919813658738846
5000,3,6,CGATACCT,0.594112746268827,0.5760640135508656,0.3484917879104614,-0.31713671087913287,-0.3295424785472886,-0.01240576766815571,-0.22757222564040414,0.12946251536987052,0.02117011906210209
5000,3,6,CGATATAT,1.1342882674800923,1.138002832059282,1.1693429946899414,0.22303881033213235,0.23239633996112796,0.009357529628995609,0.03134016263065931,0.004652328768733893,0.02693971624387359
5000,4,5,CGATCGCA,0.9094118930541985,0.8964230581499087,1.0195993185043335,0.09557047345555558,0.09144510475086765,-0.004125368704687937,0.12317626035442475,0.07233366712249145,0.007389492601042491
5000,4,5,TGATCGCA,0.3292624987763343,0.3218125116654356,0.8019293546676636,-0.4845789208223086,-0.4831654417336055,0.0014134790887030957,0.48011684300222796,0.041918913881406894,0.0046689783269133756
5000,4,5,CGATCGCT,1.0075878266882143,0.9965345471288305,1.0485029220581055,0.19374640708957147,0.1915565937297894,-0.002189813359782078,0.051968374929274974,0.060875891046124675,0.005609493249205677
5000,4,5,CGATCTCC,1.0091034598758246,1.0051416966519895,1.2396204471588135,0.19526204027718175,0.2001637432529484,0.004901702975766642,0.23447875050682399,0.02343014974169222,0.003621333622516154
5000,5,6,TGATCCCC,0.7574358866830465,0.7441101245905472,0.6766119599342346,0.3145606320974261,0.34379481363478864,0.02923418153736257,-0.06749816465631253,0.0927216792390948,0.012767106684098195
5000,5,6,TGTGATCG,0.8281558484828784,0.8034520847334828,0.9576863050460815,0.38528059389725794,0.40313677377772433,0.017856179880466394,0.1542342203125987,0.16599475567353172,0.017772173177158734
5000,5,6,TCGGATCC,0.062195826725875314,0.012289757297063867,0.17554068565368652,-0.3806794278597451,-0.3880255536586946,-0.007346125798949499,0.16325092835662267,0.32342729719929153,0.02399088062642285
5000,5,6,TTTACGCG,0.12371345645068137,0.04140927720194002,-0.7024445533752441,-0.31916179813493906,-0.35890603375381847,-0.03974423561887941,-0.7438538305771841,0.500346292451062,0.006521216958613962
5000,6,6,TCTATATG,0.013583265434934303,-0.04070266100526284,-0.4794008731842041,-0.4069938273517965,-0.42474656706067904,-0.017752739708882526,-0.4386982121789413,0.3327240864324166,0.007008527791233732
5000,6,6,TCTATTAC,-0.08062642653946088,-0.13028795563926288,0.3951665163040161,-0.5012035193261917,-0.514331861694679,-0.013128342368487367,0.525454471943279,0.30285063502015497,0.004881460421342965
5000,6,6,TCTGGATC,0.8128577767230786,0.7801194984103645,0.5001356601715088,0.39228068393634774,0.3960755923549483,0.0037949084186005844,-0.27998383823885575,0.20729543895026437,0.010865769073979514
5000,6,6,TCTGATCC,0.9364937555283713,0.9270467424558261,1.1930010318756104,0.5159166627416405,0.5430028364004098,0.027086173658769308,0.2659542894197843,0.06528872468918268,0.008606646253911165
5000,7,3,TGATATCA,0.33612253838432027,0.33088356867018637,0.3421899080276489,-0.8737626951433395,-0.8777231524582025,-0.003960457314863053,0.011306339357462558,0.02018788329674326,0.0044709741543416115
5000,7,3,CGATATCA,1.5011394652421064,1.501181105281123,1.4679104089736938,0.29125423171444664,0.2925743841527342,0.0013201524382875363,-0.03327069630742918,0.00034629854552312156,0.00047121866257260336
5000,7,3,CGATATCA,1.5011394652421064,1.501181105281123,1.4704653024673462,0.29125423171444664,0.2925743841527342,0.0013201524382875363,-0.030715802813776838,0.00034629854552312156,0.00047121866257260336
5000,7,3,CGATATCA,1.5011394652421064,1.501181105281123,1.5526134967803955,0.29125423171444664,0.2925743841527342,0.0013201524382875363,0.05143239149927248,0.00034629854552312156,0.00047121866257260336
5000,8,3,TGTGATAC,0.8593254401162866,0.8574006872044665,0.8932576775550842,0.036559921370420634,0.03759437923630071,0.0010344578658800785,0.035856990350617735,0.006806536134362995,0.001032277398902437
5000,8,3,TGTGATAC,0.8593254401162866,0.8574006872044665,0.8689522743225098,0.036559921370420634,0.03759437923630071,0.0010344578658800785,0.011551587118043272,0.006806536134362995,0.001032277398902437
5000,8,3,TGTGATCC,0.7130857546346041,0.7070231702592635,0.5399223566055298,-0.1096797641112619,-0.11278313770890225,-0.0031033735976403465,-0.16710081365373375,0.019106269708909496,0.000918516582887996
5000,8,3,TGTGATAC,0.8593254401162866,0.8574006872044665,0.8719651699066162,0.036559921370420634,0.03759437923630071,0.0010344578658800785,0.014564482702149717,0.006806536134362995,0.001032277398902437
5000,9,4,TTATCCCT,0.4947003569240762,0.45196882684710293,0.5704815983772278,-0.28692227265093284,-0.31246057580483455,-0.02553830315390171,0.11851277153012485,0.17765276935430574,0.006726649046412625
5000,9,4,GTATCCCT,0.509085675293368,0.4951737230185249,0.5989159345626831,-0.27253695428164104,-0.26925567963341257,0.0032812746482284716,0.10374221154415819,0.06128726885324953,0.005639459753877141
5000,9,4,ATATCGCT,1.0298769534503167,1.0205181142167328,0.9910164475440979,0.24825432387530766,0.2560887115647953,0.007834387689487632,-0.029501666672634874,0.041214785212318805,0.0037794282779826105
5000,9,4,CTATCGCT,1.0928275326322756,1.0900569465253893,1.13576340675354,0.31120490305726656,0.32562754387345183,0.014422640816185273,0.045706460228150725,0.01260023251307607,0.001517888085531105
5000,10,3,AGTGTATC,0.7533241466060305,0.7515098046407926,0.5262510776519775,-0.002989063833441219,-0.0034181578860928985,-0.00042909405265167955,-0.2252587269888151,0.006442151932085194,0.0009991260363717558
5000,10,3,AGTGTATC,0.7533241466060305,0.7515098046407926,0.9912184476852417,-0.002989063833441219,-0.0034181578860928985,-0.00042909405265167955,0.23970864304444905,0.006442151932085194,0.0009991260363717558
5000,10,3,AGTGTATC,0.7533241466060305,0.7515098046407926,0.7707312107086182,-0.002989063833441219,-0.0034181578860928985,-0.00042909405265167955,0.01922140606782552,0.006442151932085194,0.0009991260363717558
5000,10,3,TGTGTATC,0.7652804019397955,0.7651824361851642,0.7981460094451904,0.008967191500323768,0.010254473658278696,0.0012872821579549276,0.03296357326002619,0.001162424468227119,0.0008685272043331693
5000,11,4,CGATCGCT,0.8598104347059151,0.8479532294149978,0.8500851392745972,-0.05422816254020213,-0.06034831328482437,-0.006120150744622244,0.0021319098595993236,0.05426266706649896,0.0068338459028298715
5000,11,4,CGATCGTA,0.9100549194504345,0.9038247202600664,0.9998875856399536,-0.003983677795682761,-0.004476822439755779,-0.0004931446440730181,0.09606286537988717,0.029209135753628157,0.004288338992155971
5000,11,4,CGATCGCG,0.9431445174140598,0.9407141105621124,0.9796037673950195,0.029105920167942556,0.03241256786229019,0.003306647694347631,0.03888965683290713,0.011949609176167497,0.002227981768378129
5000,11,4,CGATCGCG,0.9431445174140598,0.9407141105621124,0.790553092956543,0.029105920167942556,0.03241256786229019,0.003306647694347631,-0.15016101760556944,0.011949609176167497,0.002227981768378129
5000,12,3,TAATCATA,-0.352713754173769,-0.3653937271899643,0.0032792091369628906,-0.6861784307333865,-0.6932537710397604,-0.007075340306373912,0.3686729363269272,0.038719963139628,0.0006800440910419425
5000,12,3,CGATCATA,0.8713709557568933,0.868673670829998,1.1651060581207275,0.5379062791972757,0.540813626980202,0.0029073477829262284,0.2964323872907295,0.00933436549578981,0.0012425107151043946
5000,12,3,ATATCATA,0.6206577217635717,0.6193793022798165,0.1895604133605957,0.2871930452039542,0.2915192584300205,0.0043262132260663,-0.4298188889192208,0.004598832347974646,0.0007635738967088912
5000,12,3,TTATCATA,0.19454378289177368,0.18878092947933375,-0.018573522567749023,-0.1389208936678438,-0.13907911437046225,-0.00015822070261845012,-0.20735445204708278,0.017561766999281136,0.00027320676196129767
5000,13,4,GACACGTA,0.6192733977372077,0.6045729814407728,0.5679014921188354,0.1494162967278575,0.1729799858100402,0.023563689082182704,-0.03667148932193731,0.059779684237714736,0.000978019051975032
5000,13,4,CACAGATA,0.33330129799774766,0.2736972350782405,0.5532971620559692,-0.13655580301160253,-0.15789576055249205,-0.02133995754088952,0.27959992697772873,0.24036311747959882,0.001946865801570219
5000,13,4,TACACGTA,0.3075803105652375,0.2435287845631442,0.1342782974243164,-0.1622767904441127,-0.18806421106758836,-0.025787420623475665,-0.10925048713882779,0.2567847824398948,0.0005786784315215954
5000,13,4,GACACGTA,0.6192733977372077,0.6045729814407728,0.25588762760162354,0.1494162967278575,0.1729799858100402,0.023563689082182704,-0.3486853538391492,0.059779684237714736,0.000978019051975032
5000,14,3,CAGTATTA,0.6783877674085935,0.6406219678206578,0.10952794551849365,-0.2052659562199468,-0.21685855835676182,-0.011592602136815011,-0.5310940223021642,0.11391157002622077,0.0006141712624136986
5000,14,3,GAGTATTA,0.7062973397528814,0.6749915310906042,0.38441574573516846,-0.17735638387565889,-0.1824889950868155,-0.005132611211156601,-0.2905757853554357,0.09420993633662511,0.00029251034979349555
5000,14,3,CAGTATCA,1.0749648936763432,1.0571543028992083,1.0874196290969849,0.19131117004780285,0.19967377672178865,0.008362606673985806,0.030265326197776554,0.053867281324134986,0.0004355089927301492
5000,14,3,CAGTATCA,1.0749648936763432,1.0571543028992083,1.0342843532562256,0.19131117004780285,0.19967377672178865,0.008362606673985806,-0.022869949642982723,0.053867281324134986,0.0004355089927301492
5000,15,3,CGATATCT,0.9973445160961072,0.9973762619257384,1.0335642099380493,-0.017425211840520705,-0.017570740423656805,-0.00014552858313610084,0.036187948012310955,0.002132559239888865,0.002227796728782039
5000,15,3,CGATATCT,0.9973445160961072,0.9973762619257384,1.0271613597869873,-0.017425211840520705,-0.017570740423656805,-0.00014552858313610084,0.029785097861248944,0.002132559239888865,0.002227796728782039
5000,15,3,CGATATCT,0.9973445160961072,0.9973762619257384,0.7518673539161682,-0.017425211840520705,-0.017570740423656805,-0.00014552858313610084,-0.24550890800957015,0.002132559239888865,0.002227796728782039
5000,15,3,CGATATCG,1.06704536345819,1.0676592236203655,1.195604920387268,0.052275635521562114,0.052712221270970305,0.0004365857494081915,0.1279456967669026,0.004614969079001829,0.0064565495655282135
5000,16,3,TTATTCTA,1.0786959503046376,1.0763493352052238,1.0239089727401733,-0.027893522442646645,-0.026706023245221866,0.0011874991974247795,-0.05244036246505046,0.007234986026249279,0.0001951407280076367
5000,16,3,TTATTCTA,1.0786959503046376,1.0763493352052238,1.0178732872009277,-0.027893522442646645,-0.026706023245221866,0.0011874991974247795,-0.058476048004296066,0.007234986026249279,0.0001951407280076367
5000,16,3,TTATTCCA,1.134482995189931,1.1297613816956675,1.0041029453277588,0.027893522442646645,0.026706023245221866,-0.0011874991974247795,-0.12565843636790874,0.014998663919899013,0.0008338234371088049
5000,16,3,TTATTCCA,1.134482995189931,1.1297613816956675,1.0041029453277588,0.027893522442646645,0.026706023245221866,-0.0011874991974247795,-0.12565843636790874,0.014998663919899013,0.0008338234371088049
5000,17,3,CTATCGAT,1.1791290250584896,1.178878359677684,1.0537234544754028,0.06727371883461508,0.06728359637782,9.877543204916961e-06,-0.12515490520228112,0.0014638891326592685,0.0007118929902425464
5000,17,3,CTATCTAT,1.0445815873892597,1.044311166922044,1.2759989500045776,-0.06727371883461486,-0.06728359637782,-9.877543205139006e-06,0.23168778308253368,0.0014317531232301839,0.0006204917215830719
5000,17,3,CTATCTAT,1.0445815873892597,1.044311166922044,1.1958526372909546,-0.06727371883461486,-0.06728359637782,-9.877543205139006e-06,0.15154147036891064,0.0014317531232301839,0.0006204917215830719
5000,17,3,CTATCGAT,1.1791290250584896,1.178878359677684,1.0537234544754028,0.06727371883461508,0.06728359637782,9.877543204916961e-06,-0.12515490520228112,0.0014638891326592685,0.0007118929902425464
5000,18,5,AGTATATC,0.5648886833731049,0.5541555708398412,0.7527254223823547,-0.062308085508855804,-0.059810580598811836,0.0024975049100439684,0.1985698515425135,0.0638388278740809,0.010173265207762405
5000,18,5,AGGATATC,1.1024405038113063,1.1015313536177076,1.0648449659347534,0.4752437349293456,0.4875652021790545,0.01232146724970895,-0.03668638768295418,0.016183423244793937,0.011637672276799904
5000,18,5,AGGATCTG,0.35338255838022403,0.33954499813417593,0.7568253874778748,-0.2738142105017367,-0.27442115330447714,-0.0006069428027404289,0.4172803893436988,0.07558621486474326,0.006398413634502553
5000,18,5,AGAATATC,0.48807532996320757,0.4606326831628877,1.220558762550354,-0.13912143891875317,-0.15333346827576538,-0.014212029357012212,0.7599260793874663,0.15077472439403916,0.013561490392439701
5000,19,6,CGATCGAT,0.6994029668441363,0.6879016198314876,0.8240577578544617,0.029817603172573204,0.029104981441600786,-0.0007126217309724181,0.1361561380229741,0.07881760304756202,0.009809520971669983
5000,19,6,CGATCGCT,0.7105283552517303,0.6964153053833991,0.6278375387191772,0.04094299158016723,0.03761866699351235,-0.003324324586654881,-0.06857776666422188,0.09569092116409772,0.011012621954110458
5000,19,6,CGATCGTA,0.7655656444630085,0.7582929144432345,0.803587019443512,0.09598028079144538,0.09949627605334777,0.0035159952619023827,0.04529410500027742,0.05284370812255945,0.00920732800391555
5000,19,6,CGATCTAC,0.5028444881273771,0.49257671390142627,0.9146153926849365,-0.16674087554418593,-0.1662199244884605,0.000520951055725416,0.42203867878351026,0.06812292681026211,0.00651628145455696
5000,20,4,GGGTATGT,-0.940294469630901,-1.020825962070375,-0.3228238821029663,-1.2680901683692243,-1.32689744757954,-0.05880727921031581,0.6980020799674087,0.32973336891569005,0.00760739915779407
5000,20,4,GGATATTA,0.7481571724251872,0.7442099412049481,0.8548783659934998,0.420361473686864,0.4381384556957831,0.017776982008919084,0.11066842478855166,0.02079404101191784,0.00500511613096144
5000,20,4,GGGTATCG,0.8277529469874855,0.8258510252926501,0.8120931386947632,0.49995724824916227,0.519779539783485,0.019822291534322745,-0.013757886597886904,0.010145681100475645,0.002537994321134107
5000,20,4,GGGTATTA,0.6755671451715212,0.6750509376094369,0.44383782148361206,0.34777144643319796,0.3689794521002719,0.021208005667073926,-0.23121311612582485,0.006444081601671758,0.004379251353334723
5000,21,3,GTATCGTA,1.3179420174314018,1.3203819868698095,1.303149938583374,0.0,0.0,0.0,-0.01723204828643543,0.0006482690857465556,0.007968177400969445
5000,21,3,GTATCGTA,1.3179420174314018,1.3203819868698095,1.3233261108398438,0.0,0.0,0.0,0.002944123970034296,0.0006482690857465556,0.007968177400969445
5000,21,3,GTATCGTA,1.3179420174314018,1.3203819868698095,1.3899906873703003,0.0,0.0,0.0,0.06960870050049084,0.0006482690857465556,0.007968177400969445
5000,21,3,GTATCGTA,1.3179420174314018,1.3203819868698095,1.2777092456817627,0.0,0.0,0.0,-0.04267274118804676,0.0006482690857465556,0.007968177400969445
5000,22,5,CAATATAT,1.0785033426535118,1.074266220958282,1.1806182861328125,0.1777207847066471,0.1841530721099115,0.006432287403264403,0.10635206517453044,0.026200779627733484,0.005015171151583786
5000,22,5,CAAGATAT,0.5652536086355372,0.5441522346095489,0.3442349433898926,-0.3355289493113275,-0.3459609142388217,-0.010431964927494208,-0.1999172912196563,0.10690887712969666,0.0014020069997551232
5000,22,5,CGATATAT,1.2471422339869518,1.2488352192255356,1.2846524715423584,0.3463596760400871,0.3587220703771651,0.012362394337077975,0.035817252316822756,0.005592119036107013,0.014057045229026066
5000,22,5,CGCGATAT,0.712231046511458,0.6931989206001156,0.6365414261817932,-0.18855151143540672,-0.196914228248255,-0.008362716812848281,-0.05665749441832235,0.10660491764761515,0.011444288090903143
5000,23,5,ATATCGCG,0.9154943020468626,0.9122978837803621,0.6218451261520386,0.4345634944015021,0.4500534413157339,0.015489946914231778,-0.29045275762832357,0.02274443488079614,0.00676234354829397
5000,23,5,ATATTGAT,0.07550146524212273,0.03902465420154222,-0.2451702356338501,-0.4054293424032377,-0.42321978826308604,-0.017790445859848347,-0.2841948898353923,0.18592671937029692,0.0035426641673943493
5000,23,5,ATATAGCT,0.2690131222812779,0.2521687077575674,0.10101616382598877,-0.21191768536408256,-0.21007573470706087,0.001841950657021696,-0.15115254393157862,0.0924323992850331,0.008210326666480583
5000,23,5,ATATCGAT,0.6637143410111785,0.6454865241190412,0.33473241329193115,0.1827835333658181,0.1832420816544129,0.0004585482885948178,-0.31075411082711,0.09546042030712032,0.0043213358464333496
5000,24,3,TCTAATCG,0.5425787724384906,0.5395769551396369,0.4030616879463196,0.020833285240419164,0.03590484977596342,0.015071564535544257,-0.1365152671933173,0.00927303053333528,0.00026757863677406846
5000,24,3,TATAACCG,0.19699528558622367,0.1418801926904254,-0.05088925361633301,-0.32475020161184776,-0.36179191267324806,-0.037041711061400306,-0.1927694463067584,0.16897450829358673,0.0036292296061919416
5000,24,3,TATAAGCG,0.6628067835695163,0.6607514677776227,0.691015899181366,0.14106129637144482,0.15707936241394926,0.016018066042504442,0.03026443140374324,0.006524652739033687,0.00035870536335291803
5000,24,3,TGTAATCG,0.6846011071980552,0.6724798058470087,0.664595365524292,0.16285561999998377,0.16880770048333527,0.005952080483351496,-0.007884440322716735,0.03938791457513258,0.0030240105219929703
5000,25,3,TACTTATA,-0.1466403224444086,-0.1643438440644077,-0.049413323402404785,-0.6191259874837108,-0.6251123013401712,-0.0059863138564603124,0.1149305206620029,0.05460081370390313,0.001490248843905917
5000,25,3,AACATATA,0.6450930982415112,0.6419275808665487,0.6639659404754639,0.17260743320220895,0.18115912359078518,0.008551690388576227,0.022038359608915203,0.011968634183033622,0.0024720820581460856
5000,25,3,TACATATA,0.42500551117984015,0.4008717692146697,0.29992568492889404,-0.04748015385946208,-0.05989668806109377,-0.01241653420163169,-0.10094608428577567,0.0726971126318059,0.0002958867362945483
5000,25,3,GACATATA,0.966484373180266,0.9646183230862433,0.9135164022445679,0.4939987081409638,0.5038498658104797,0.009851157669515942,-0.05110192084167542,0.005701218122346807,0.00010306784027847016
5000,26,5,CAGTATCG,1.0159400544698987,0.9920863169307503,0.930691123008728,0.07095816776507302,0.06804772193116759,-0.0029104458339054284,-0.061395193922022306,0.13569693912138936,0.016428251425647744
5000,26,5,CAGTATCG,1.0159400544698987,0.9920863169307503,1.190298080444336,0.07095816776507302,0.06804772193116759,-0.0029104458339054284,0.1982117635135856,0.13569693912138936,0.016428251425647744
5000,26,5,CAATATCG,0.9261443141611565,0.8994478997200097,0.9112529754638672,-0.018837572543669134,-0.024590695279573027,-0.005753122735903893,0.011805075743857474,0.1474596164666142,0.013977544260880492
5000,26,5,GATACTCC,0.821903123718349,0.8125338464168207,0.9518863558769226,-0.12307876298647669,-0.11150474858276205,0.011574014403714639,0.13935250946010191,0.05406326771346004,0.007216881205818204
5000,27,3,ATATCGTA,0.9511951303339429,0.9512832668195995,0.9954227209091187,0.5796459151117247,0.5885916573913872,0.008945742279662494,0.04413945408951914,0.0011194781867445158,0.0013838876437146652
5000,27,3,ATATCGTA,0.9511951303339429,0.9512832668195995,0.9795063734054565,0.5796459151117247,0.5885916573913872,0.008945742279662494,0.028223106585857027,0.0011194781867445158,0.0013838876437146652
5000,27,3,GTATCGTT,-0.4903696778569581,-0.5251940596434809,-0.668438196182251,-0.8619188930791764,-0.8878856690716932,-0.025966775992516844,-0.1432441365387701,0.10834049481291963,0.00386734945335121
5000,27,3,GTATCGTG,0.07417627807794513,0.07339396371713125,0.27431535720825195,-0.29737293714427304,-0.2892976457110811,0.008075291433191967,0.2009213934911207,0.008122061602632513,0.005775118520190858
5000,28,2,CGATATTG,1.2809830298045393,1.2801509853452444,1.289597511291504,0.0,0.0,0.0,0.009446525946259499,0.0017048280018825412,4.073908329260689e-05
5000,28,2,CGATATTG,1.2809830298045393,1.2801509853452444,1.2678472995758057,0.0,0.0,0.0,-0.012303685769438744,0.0017048280018825412,4.073908329260689e-05
5000,28,2,CGATATTG,1.2809830298045393,1.2801509853452444,1.292454719543457,0.0,0.0,0.0,0.012303734198212624,0.0017048280018825412,4.073908329260689e-05
5000,28,2,CGATATTG,1.2809830298045393,1.2801509853452444,1.292454719543457,0.0,0.0,0.0,0.012303734198212624,0.0017048280018825412,4.073908329260689e-05
5000,29,5,CGTGATAT,0.6689625902195131,0.6563140541998038,0.27354907989501953,-0.3731572474494824,-0.3766922204995844,-0.003534973050101975,-0.3827649743047843,0.07325401543740284,0.010011335338856675
5000,29,5,CGATATAT,1.3266179604627921,1.327077799638112,1.2535531520843506,0.2844981227937966,0.2940715249387238,0.00957340214492719,-0.07352464755376142,0.007509461437505749,0.00980865731410585
5000,29,5,CGCGATAT,0.8462808395308852,0.8215554453215246,0.8679337501525879,-0.19583899813811034,-0.21145082937786364,-0.015611831239753293,0.04637830483106331,0.13066680701841316,0.0070398359716099534
5000,29,5,CGATATAT,1.3266179604627921,1.327077799638112,1.2952814102172852,0.2844981227937966,0.2940715249387238,0.00957340214492719,-0.031796389420826854,0.007509461437505749,0.00980865731410585
5000,30,5,CGATATCG,0.9221259968051172,0.9215351252847656,0.7721984386444092,0.2188912480727453,0.2253274414300297,0.006436193357284403,-0.14933668664035638,0.01770891503724048,0.014754557435482596
5000,30,5,CGTGATAC,0.4108523014337154,0.3992569292833405,0.6887363195419312,-0.29238244729865653,-0.29695075457139536,-0.004568307272738825,0.28947939025859065,0.06324992999647794,0.00527306924460369
5000,30,5,CGCGATAC,0.5578346998855379,0.5425035555660717,1.0134527683258057,-0.145400048846834,-0.1537041282886642,-0.008304079441830203,0.470949212759734,0.08115612065306088,0.0045003990557299645
5000,30,5,CGATATCG,0.9221259968051172,0.9215351252847656,1.1584097146987915,0.2188912480727453,0.2253274414300297,0.006436193357284403,0.23687458941402595,0.01770891503724048,0.014754557435482596
5000,31,7,CGATATTA,0.7726787355855765,0.7611366570300776,0.6040452718734741,0.10997563468215721,0.118764497020588,0.008788862338430792,-0.15709138515660348,0.10041229333870305,0.019617743450210057
5000,31,7,GTATCGTA,0.7684652966911466,0.757073874694381,0.3918284773826599,0.10576219578772728,0.11470171468489143,0.008939518897164156,-0.3652453973117211,0.09003129569507173,0.010291341717712399
5000,31,7,ATATTGTA,0.42376815014665475,0.3839602884922024,-0.2483358383178711,-0.23893495075676457,-0.25841187151728723,-0.019476920760522654,-0.6322961268100735,0.28613530397205444,0.007480272390887777
5000,31,7,CGATCGAT,0.6859002211902995,0.6673178198212975,0.41806817054748535,0.023197120286880146,0.024945659811807852,0.0017485395249277058,-0.2492496492738121,0.14465662189807027,0.014579812315055563
10000,0,6,CGATATAT,0.9975036190164176,0.9979786511562342,1.0946321487426758,0.3100499279892053,0.3142289647392721,0.004179036750066811,0.0966534975864416,0.022341835825913314,0.025192028664813293
10000,0,6,CGATATCT,0.7741026952414414,0.7761390092265271,1.096756935119629,0.08664900421422905,0.09238932280956502,0.005740318595335969,0.3206179258931018,0.021125919557300588,0.03334380346781529
10000,0,6,CTATATAT,0.5820685725225901,0.5771378696326984,0.3913850784301758,-0.10538511850462218,-0.10661181678426368,-0.0012266982796415027,-0.18575279120252264,0.046444399188183993,0.016860181848834088
10000,0,6,CGATCTAC,0.3961398773283998,0.3837432156523886,0.5848488807678223,-0.29131381369881254,-0.3000064707645735,-0.008692657065760945,0.20110566511543365,0.08229218538078609,0.007912215324719085
10000,1,4,GATACGCC,1.2604140477046084,1.259552455749751,1.2636356353759766,0.0,0.0,0.0,0.004083179626225508,0.008559105969067782,0.005112738149638751
10000,1,4,GATACGCC,1.2604140477046084,1.259552455749751,1.2421684265136719,0.0,0.0,0.0,-0.01738402923607918,0.008559105969067782,0.005112738149638751
10000,1,4,GATACGCC,1.2604140477046084,1.259552455749751,1.2702254056930542,0.0,0.0,0.0,0.010672949943303145,0.008559105969067782,0.005112738149638751
10000,1,4,GATACGCC,1.2604140477046084,1.259552455749751,1.2539225816726685,0.0,0.0,0.0,-0.005629874077082597,0.008559105969067782,0.005112738149638751
10000,2,5,CGTCGATA,0.3932107817531024,0.3543425404808172,0.18053674697875977,-0.07751351260142875,-0.08675254370934754,-0.009239031107918794,-0.17380579350205744,0.1989566975768664,0.004615491215440137
10000,2,5,TGCGGATC,0.6403235015219702,0.6094503657525635,0.8286271691322327,0.16959920716743898,0.16835528156239876,-0.0012439256050402192,0.21917680337966916,0.1566633339306982,0.0022976550836650844
10000,2,5,TGGTGATC,0.1999556837866491,0.15463876367469034,0.3105044364929199,-0.27076861056788204,-0.2864563205154744,-0.015687709947592388,0.15586567281822958,0.23266425747192088,0.006079656912127085
10000,2,5,CGATGATA,0.6494072103564028,0.6459486668525877,0.4392404556274414,0.17868291600187164,0.20485358266242293,0.02617066666055129,-0.20670821122514627,0.024685130014981738,0.007392412495906164
10000,3,5,ACGGTATC,0.8134763516343806,0.7684126024650558,0.7726712226867676,-0.09383537618543614,-0.11953392912798644,-0.0256985529425503,0.004258620221711751,0.22751050066186584,0.0021917548152421418
10000,3,5,ACGATATC,1.074660281702755,1.070752568279082,1.2105228900909424,0.16734855388293834,0.18280603668603967,0.01545748280310133,0.13977032181186044,0.024902819691567712,0.005364252573202499
10000,3,5,ACGATATC,1.074660281702755,1.070752568279082,1.0432193279266357,0.16734855388293834,0.18280603668603967,0.01545748280310133,-0.027533240352446198,0.024902819691567712,0.005364252573202499
10000,3,5,TCTATATC,0.666449996239376,0.6418683873489496,0.6300961971282959,-0.24086173158044077,-0.2460781442440927,-0.005216412663651915,-0.011772190220653678,0.12994592806096206,0.0070378836088300645
10000,4,1,CTATATCG,1.2794167026877403,1.2794167026877403,1.2794166803359985,0.0,0.0,0.0,-2.2351741790771484e-08,0.0,0.0
10000,4,1,CTATATCG,1.2794167026877403,1.2794167026877403,1.2794166803359985,0.0,0.0,0.0,-2.2351741790771484e-08,0.0,0.0
10000,4,1,CTATATCG,1.2794167026877403,1.2794167026877403,1.2794166803359985,0.0,0.0,0.0,-2.2351741790771484e-08,0.0,0.0
10000,4,1,CTATATCG,1.2794167026877403,1.2794167026877403,1.2794166803359985,0.0,0.0,0.0,-2.2351741790771484e-08,0.0,0.0
10000,5,7,GTATCGCC,0.7164920871586268,0.7021624149618033,0.8482891321182251,0.04014793275459749,0.040478141353056496,0.0003302085984590031,0.14612671715642178,0.11599146505254154,0.01568375967477742
10000,5,7,CTATCGCT,0.8641115009436036,0.8463718258804087,0.7501600384712219,0.18776734653957428,0.1846875522716619,-0.0030797942679123835,-0.09621178740918679,0.13315497950331245,0.00897725406094807
10000,5,7,CTATCGCG,0.8227337770623308,0.8098942388949697,0.8940234184265137,0.14638962265830147,0.14820996528622288,0.0018203426279214119,0.08412917953154397,0.10225473026168164,0.012377963090154154
10000,5,7,ATATCGAG,0.3020392524515558,0.28830861469780594,0.4509250521659851,-0.3743049019524735,-0.3733756589109409,0.0009292430415326347,0.16261643746817916,0.11930402335076717,0.023189559074518584
10000,6,3,AGGATTTC,-0.07309662983301972,-0.12223283118671846,0.13503122329711914,-0.5697281264707563,-0.6058838393332229,-0.03615571286246655,0.2572640544838376,0.14917704426193001,0.0017684402008337763
10000,6,3,ATTATTCC,0.8102748048274808,0.8088967671824824,0.8898223638534546,0.3136433081897442,0.32524575903597797,0.011602450846233792,0.08092559667097221,0.007503117398631076,0.0033690044636358607
10000,6,3,ATCATTCC,0.4390730067290047,0.4390433294077713,0.01111912727355957,-0.05755848990873197,-0.044607678738733114,0.012950811169998855,-0.42792420213421173,0.0058172927950082,0.005728260831308063
10000,6,3,ATTATTCC,0.8102748048274808,0.8088967671824824,0.5045294761657715,0.3136433081897442,0.32524575903597797,0.011602450846233792,-0.3043672910167109,0.007503117398631076,0.0033690044636358607
10000,7,3,TCCGATAG,0.13600459705095855,0.11320698995970983,0.17212486267089844,-0.8396310335501379,-0.8565953819391631,-0.016964348389025163,0.058917872711188604,0.07098370806640553,0.002590886792659397
10000,7,3,TCCGATAC,1.2555126417844757,1.2553341658785937,1.2999377250671387,0.27987701118337927,0.28553179397972084,0.005654782796341573,0.04460355918854497,0.0016010062906813283,0.0010655785730353529
10000,7,3,TCCGATAC,1.2555126417844757,1.2553341658785937,1.2207589149475098,0.27987701118337927,0.28553179397972084,0.005654782796341573,-0.034575250931083934,0.0016010062906813283,0.0010655785730353529
10000,7,3,TCCGATAC,1.2555126417844757,1.2553341658785937,1.2808476686477661,0.27987701118337927,0.28553179397972084,0.005654782796341573,0.025513502769172414,0.0016010062906813283,0.0010655785730353529
10000,8,5,TTAATCCA,0.7279697730294471,0.7110542606748634,0.7274271845817566,0.06652657101329584,0.0628479954584813,-0.003678575554814545,0.016372923906893155,0.08838147060747215,0.0038039088345538374
10000,8,5,AGAATATC,0.48800088153736726,0.48276859682053264,0.6475719213485718,-0.173442320478784,-0.1654376683958495,0.008004652082934494,0.16480332452803914,0.03562081812562479,0.009459394541451616
10000,8,5,TTAATCCC,0.772446315095832,0.7511457036559774,0.6930127739906311,0.1110031130796807,0.1029394384395953,-0.008063674640085394,-0.05813292966534633,0.11337795280496454,0.0068748956056916555
10000,8,5,GTAATCCG,0.6573558384019589,0.647856499714155,0.8625572323799133,-0.004087363614192374,-0.0003497655022270951,0.003737598111965279,0.2147007326657583,0.060499239487511236,0.013002546048491936
10000,9,5,GATACGTA,1.069707730216821,1.0673039504699409,1.0179942846298218,0.21368890053512168,0.23109154387881692,0.017402643343695234,-0.04930966584011909,0.014883891434578134,0.002864992700176927
10000,9,5,TATCAGTA,0.43787103035148506,0.37226886684695837,0.3302687406539917,-0.41814779933021423,-0.4639435397441656,-0.04579574041395135,-0.04200012619296667,0.3358811081077899,0.007870290585156425
10000,9,5,GATACGCA,0.9778581712589529,0.9744726640614679,1.1235830783843994,0.12183934157725362,0.13826025747034398,0.01642091589309036,0.14911041432293148,0.02097121147078984,0.004043675483364595
10000,9,5,GATAGGCA,0.938638386899538,0.9308041449861287,1.0054850578308105,0.08261955721783876,0.09459173839500479,0.01197218117716603,0.07468091284468181,0.040324816801295515,0.0011536072342490655
10000,10,5,CTATCGCA,0.9031371424811073,0.9013267894834275,0.9720953106880188,0.1175236194482393,0.1237903227598871,0.006266703311647803,0.07076852120459132,0.013659024766520034,0.00460725977812082
10000,10,5,GTATCGTA,0.9156235435186704,0.9134170385124154,0.9499291181564331,0.13001002048580235,0.13588057178887503,0.00587055130307268,0.0365120796440177,0.014785779644558517,0.0037532546132839073
10000,10,5,ATATCGTA,1.0010100876702557,1.000075157882335,0.7943826913833618,0.21539656463738766,0.22253869115879465,0.0071421265214069996,-0.20569246649897321,0.007164562027194954,0.002489913087591056
10000,10,5,TGATCGTA,0.3226833184614392,0.29532688101598337,0.07176017761230469,-0.4629302045714288,-0.482209585707557,-0.019279381136128204,-0.22356670340367868,0.14027408143447584,0.003491894207196644
10000,11,2,CGATATAG,1.4884814317246169,1.4884604341350496,1.4884605407714844,0.0,0.0,0.0,1.0663643479347229e-07,4.231039191937569e-05,3.1521278476276393e-07
10000,11,2,CGATATAG,1.4884814317246169,1.4884604341350496,1.521525502204895,0.0,0.0,0.0,0.03306506806984544,4.231039191937569e-05,3.1521278476276393e-07
10000,11,2,CGATATAG,1.4884814317246169,1.4884604341350496,1.521525502204895,0.0,0.0,0.0,0.03306506806984544,4.231039191937569e-05,3.1521278476276393e-07
10000,11,2,CGATATAG,1.4884814317246169,1.4884604341350496,1.4884605407714844,0.0,0.0,0.0,1.0663643479347229e-07,4.231039191937569e-05,3.1521278476276393e-07
10000,12,4,GTATCGTA,0.9115233239155781,0.9093398128946626,0.7299394011497498,0.08534617484985929,0.08959447392408038,0.004248299074221085,-0.17940041174491284,0.011787663959708983,0.003053619876046909
10000,12,4,GTATCGTA,0.9115233239155781,0.9093398128946626,1.0042524337768555,0.08534617484985929,0.08959447392408038,0.004248299074221085,0.09491262088219288,0.011787663959708983,0.003053619876046909
10000,12,4,ATATCGCA,0.7587498271582519,0.7582253888637451,0.23754441738128662,-0.06742732190746692,-0.061519950106837085,0.005907371800629835,-0.5206809714824585,0.003522360811116787,0.001424607633089714
10000,12,4,CTATCGGA,0.7229121212734673,0.7020763412292583,1.1052309274673462,-0.10326502779225155,-0.11766899774132389,-0.014403969949072337,0.40315458623808786,0.08771850086802413,0.004375380691188369
10000,13,4,GATACGTA,1.0702924262368856,1.06329190194568,1.0415748357772827,0.3294894820446207,0.33609722831170075,0.00660774626708005,-0.021717066168397192,0.031075100375486553,0.003073003210663394
10000,13,4,GATACCTA,0.7358300691026861,0.7233686309967504,0.7464723587036133,-0.0049728750895787766,-0.0038260426372287437,0.0011468324523500328,0.023103727706862864,0.05327468917085332,0.0034289367471105336
10000,13,4,GGTAGATA,0.08679685519260216,0.058826259647806634,0.29235804080963135,-0.6540060889996627,-0.6683684139861725,-0.0143623249865098,0.23353178116182471,0.11267354898327753,0.0007911668040954112
10000,13,4,GATACGTA,1.0702924262368856,1.06329190194568,1.1533937454223633,0.3294894820446207,0.33609722831170075,0.00660774626708005,0.09010184347668337,0.031075100375486553,0.003073003210663394
10000,14,4,ATCCGCTG,0.4646069746262429,0.39443738510211346,0.3392559289932251,0.12462254898991876,0.08718305069487553,-0.03743949829504323,-0.05518145610888836,0.2926347293524616,0.011956371255943843
10000,14,4,AGCGGATG,0.4115095184445692,0.4029945856891577,0.6214792728424072,0.07152509280824504,0.09574025128191976,0.024215158473674725,0.21848468715324953,0.039951504029505536,0.005891773007859591
10000,14,4,ACCCGATG,0.12687912043373917,0.11386310060819005,0.17290151119232178,-0.21310530520258497,-0.19339123379904788,0.019714071403537092,0.05903841058413173,0.05826521097809767,0.006201131675901195
10000,14,4,AGTCGATG,0.3569420890407454,0.3177222662294905,0.18729257583618164,0.016957663404421286,0.010467931822252585,-0.006489731582168701,-0.13042969039330887,0.1610740568899547,0.004194765644935039
10000,15,5,TATGAATC,0.11945911314066286,0.040327286897227664,-0.26718735694885254,-0.2673424124355401,-0.3129194035978672,-0.04557699116232711,-0.3075146438460802,0.3992786806596351,0.0036195494424591246
10000,15,5,TGCGATCC,0.33693638519110874,0.3153415658821661,0.7487747669219971,-0.04986514038509421,-0.03790512461292872,0.011960015772165489,0.43343320103983096,0.1159633332948724,0.007989236750159279
10000,15,5,TCAGATAC,0.24682923930004996,0.22218213782956156,-0.012795448303222656,-0.139972286276153,-0.13106455266553327,0.008907733610619722,-0.23497758613278422,0.12612038695635963,0.0028848796039175895
10000,15,5,TGTGATCG,0.8439813646729902,0.8351357713714241,0.7636555433273315,0.4571798390967873,0.4818890808763293,0.024709241779542035,-0.0714802280440926,0.04876769498251132,0.004539728474680871
10000,16,3,CGGTATAT,0.3780736609457794,0.37268837562037865,0.5741087198257446,-0.4843247540924573,-0.4809764107922088,0.0033483433002484686,0.20142034420536598,0.018093360924827273,0.0019375049486249907
10000,16,3,CGATCTAT,0.5944495479879985,0.5623399032176365,0.6551713347434998,-0.2679488670502381,-0.291324883194951,-0.023376016144712852,0.09283143152586326,0.09748164532538883,0.0011527110143028096
10000,16,3,CGATATAT,1.2385352256095843,1.2398154334061673,1.2726069688796997,0.3761368105713476,0.3861506469935798,0.010013836422232192,0.03279153547353242,0.00025702976736974303,0.0040976531571192965
10000,16,3,CGATATAT,1.2385352256095843,1.2398154334061673,1.2277381420135498,0.3761368105713476,0.3861506469935798,0.010013836422232192,-0.012077291392617484,0.00025702976736974303,0.0040976531571192965
10000,17,4,TTCAGATA,0.6776819493889525,0.6732354764438548,0.7521882653236389,0.048626497940211344,0.047391800918073046,-0.001234697022138298,0.07895278887978407,0.021601085120988905,0.0038151933405980998
10000,17,4,CTTAGATA,0.6853030639279786,0.68480792727011,0.6981965899467468,0.056247612479237374,0.05896425174432818,0.0027166392650908033,0.013388662676636853,0.007092034073087117,0.0051114874416127165
10000,17,4,CTTAGATA,0.6853030639279786,0.68480792727011,0.7304099202156067,0.056247612479237374,0.05896425174432818,0.0027166392650908033,0.04560199294549672,0.007092034073087117,0.0051114874416127165
10000,17,4,GTCAGATA,0.4679337285500548,0.4605233711190526,0.43769705295562744,-0.16112172289868643,-0.16532030440672918,-0.0041985815080427535,-0.022826318163425174,0.0356164691033638,0.005975039379355174
10000,18,2,ATCCGATA,1.299431902389149,1.299533664714545,1.3153845071792603,0.0,0.0,0.0,0.015850842464715242,3.803416815606475e-05,0.00024155881894838416
10000,18,2,ATCCGATA,1.299431902389149,1.299533664714545,1.3213897943496704,0.0,0.0,0.0,0.0218561296351254,3.803416815606475e-05,0.00024155881894838416
10000,18,2,ATCCGATA,1.299431902389149,1.299533664714545,1.3153845071792603,0.0,0.0,0.0,0.015850842464715242,3.803416815606475e-05,0.00024155881894838416
10000,18,2,ATCCGATA,1.299431902389149,1.299533664714545,1.3153845071792603,0.0,0.0,0.0,0.015850842464715242,3.803416815606475e-05,0.00024155881894838416
10000,19,4,GTATCCCC,0.8773850442316085,0.8664948540584498,0.9192186594009399,-0.0601278548285018,-0.06262597931466485,-0.0024981244861630447,0.052723805342490104,0.046666290440415814,0.0031055297477813326
10000,19,4,GTATCCCC,0.8773850442316085,0.8664948540584498,0.9024816155433655,-0.0601278548285018,-0.06262597931466485,-0.0024981244861630447,0.03598676148491564,0.046666290440415814,0.0031055297477813326
10000,19,4,GTGATCCC,0.9325622993067881,0.9265231026850722,0.9607205986976624,-0.004950599753322127,-0.0025977306880424766,0.0023528690652796502,0.034197496012590145,0.027868788364008745,0.0037120018771448215
10000,19,4,GTATCGCC,1.062719208470436,1.056970522690487,0.9982889294624329,0.12520630941032573,0.1278496893173724,0.0026433799070466613,-0.05868159322805422,0.025718901344396583,0.0027241582246011475
10000,20,4,TGATCTTC,0.8976946950451248,0.8956650580706387,0.7906549572944641,0.06880675873489972,0.07548848271350517,0.006681723978605447,-0.10501010077617456,0.012155352314175749,0.004036804416231554
10000,20,4,TGATCCTC,1.0188209511465471,1.014843594263463,0.9627819061279297,0.18993301483632208,0.19466701890632954,0.004734004070007458,-0.05206168813553336,0.022161181656395357,0.0062517541240589836
10000,20,4,TATTGATC,0.38021514790268107,0.3553540548309688,0.9449985027313232,-0.448672788407544,-0.4648225205261647,-0.016149732118620697,0.5896444479003544,0.10522137555886912,0.005777003272020131
10000,20,4,TGATCCTC,1.0188209511465471,1.014843594263463,0.9356222748756409,0.18993301483632208,0.19466701890632954,0.004734004070007458,-0.07922131938782218,0.022161181656395357,0.0062517541240589836
10000,21,5,ACGGTATC,0.5131645704476748,0.49001877591013887,0.595443069934845,0.17468002647881847,0.1773400097278257,0.002659983249007236,0.1054242940247061,0.12087695456655378,0.005147981878874219
10000,21,5,TGCAGATC,0.19923722408359607,0.16444603378573994,0.12595200538635254,-0.1392473198852603,-0.14823273239657322,-0.008985412511312935,-0.0384940283993874,0.17846001533035505,0.00450406384107449
10000,21,5,GCTGGATC,0.05499546414134056,0.028686164468527054,0.25220775604248047,-0.2834890798275158,-0.2839926017137861,-0.0005035218862702862,0.2235215915739534,0.13860789572395316,0.007061397359885646
10000,21,5,TCTGGATC,0.586540917202814,0.5675640905648468,0.6789419651031494,0.24805637323395763,0.25488532438253364,0.006828951148576012,0.11137787453830261,0.1041265574633159,0.009242424273479877
10000,22,3,ATATCGTC,0.6079571548053168,0.6068036704220705,0.37974750995635986,-0.2105080434581853,-0.2107521230484255,-0.0002440795902401982,-0.22705616046571064,0.004130515275164726,0.0006700621254260852
10000,22,3,ATATCGCC,1.1016486682438804,1.1014506435539158,1.1715519428253174,0.28318346998037836,0.28389485008341975,0.0007113801030413924,0.07010129927140163,0.0013544781704438735,0.0007604041005500051
10000,22,3,ATATCGCC,1.1016486682438804,1.1014506435539158,1.1400164365768433,0.28318346998037836,0.28389485008341975,0.0007113801030413924,0.03856579302292751,0.0013544781704438735,0.0007604041005500051
10000,22,3,CTATCGCC,0.46260630176093115,0.46051821635208184,0.5594534873962402,-0.3558588965025709,-0.35703757711841416,-0.0011786806158432528,0.09893527104415839,0.0077662688018302894,0.0015020125752824853
10000,23,2,ATGGGGAT,0.040585282443492465,0.017877578735351562,-0.15864944458007812,-0.2234170827633003,-0.23199433460831642,-0.00857725184501612,-0.1765270233154297,0.04550256481689763,8.715740061582267e-05
10000,23,2,ATGGGGAT,0.040585282443492465,0.017877578735351562,0.17268526554107666,-0.2234170827633003,-0.23199433460831642,-0.00857725184501612,0.1548076868057251,0.04550256481689763,8.715740061582267e-05
10000,23,2,TTGGGTAT,0.3400443335233083,0.3326919227838516,0.41372811794281006,0.07604196831651555,0.08282000944018364,0.006778041123668088,0.08103619515895844,0.014794452143808368,8.963066489497962e-05
10000,23,2,CTGGGGAT,0.6347945624168777,0.6310405731201172,0.5242354869842529,0.37079219721008494,0.3811686597764492,0.010376462566364264,-0.10680508613586426,0.007719415401248986,0.00021143680772794937
10000,24,6,GTATCGCC,0.6872050961866477,0.6677481011730068,0.8169460296630859,0.10907514298903065,0.1106977556870129,0.0016226126979822508,0.14919792849007918,0.12948068716023098,0.01273871707838481
10000,24,6,GATACGGA,0.4875490448431619,0.46120751109370267,0.3047661781311035,-0.09058090835445515,-0.09584283439229119,-0.00526192603783604,-0.15644133296259916,0.16673172282108517,0.008682520324329701
10000,24,6,ATATCGGG,0.24313359639912266,0.22102417138683172,0.6973555088043213,-0.3349963567984944,-0.33602617409916213,-0.001029817300667757,0.47633133741748956,0.1588771176408894,0.02622056756714386
10000,24,6,GATACGCC,0.8946320753615359,0.8782215982904343,0.8031291961669922,0.3165021221639188,0.3211712528044405,0.004669130640521657,-0.07509240212344215,0.1091152983825534,0.010652435955943673
10000,25,7,GTATCTTA,0.45851386638445807,0.440965538142569,0.5393309593200684,-0.10195957457863686,-0.10324048675401887,-0.0012809121753820096,0.09836542117749936,0.13459842815660483,0.011760130463381202
10000,25,7,GTATCCCA,0.5259933614319312,0.5099092458355791,0.2300107479095459,-0.03448007953116372,-0.03429677906100881,0.00018330047015491235,-0.27989849792603316,0.11930970437666133,0.006720895202196431
10000,25,7,CGATATTA,0.7759731679380681,0.7653608069793939,0.8770840167999268,0.21549972697497322,0.22115478208280603,0.005655055107832818,0.11172320982053285,0.09390427016092939,0.019617743450210057
10000,25,7,TGATACCG,0.48141336809792207,0.46058850862880946,0.5027452707290649,-0.07906007286517286,-0.08361751626777841,-0.004557443402605554,0.042156762100255485,0.17854671992957094,0.032772703645783
10000,26,4,CGGTATTG,0.4651311113220232,0.4477718624596798,0.3835347890853882,-0.06377289022499533,-0.06979895782812173,-0.006026067603126406,-0.06423707337429163,0.07197119823671327,0.0025342027873396233
10000,26,4,CGGTATCA,0.8005687621977097,0.7988870736832423,0.7569832801818848,0.2716647606506911,0.28131625339544075,0.009651492744749635,-0.041903793501357534,0.010890299556616245,0.004163545498746757
10000,26,4,GGGTATTG,0.023077230802772908,-0.0025909595812358965,-0.07226479053497314,-0.5058267707442456,-0.5201617798690374,-0.014335009124791798,-0.06967383095373725,0.10551249312716315,0.0028397315911279364
10000,26,4,CGGTATAT,0.8268389018655684,0.82621530458952,0.8567350506782532,0.29793490031854986,0.3086444843017184,0.010709583983168569,0.0305197460887332,0.005998269791413158,0.0035038806872194073
10000,27,2,TTGATCCC,0.46439366094565016,0.46500425040721893,0.36942946910858154,0.01190392477847102,0.01190904900431633,5.1242258453099154e-06,-0.09557478129863739,0.00016661263004036364,0.0013877915531779195
10000,27,2,TTAATCCC,0.27556907474310943,0.27551209926605225,0.3778010606765747,-0.1769206614240697,-0.17758310213685036,-0.0006624407127806542,0.10228896141052246,0.0004368622434021141,0.0003229112892877417
10000,27,2,TTAATCCG,0.6056025480343068,0.6068602055311203,0.6335389018058777,0.15311281186712766,0.1537650041282177,0.0006521922610900344,0.026678696274757385,6.84176899996558e-05,0.0025837326836266605
10000,27,2,TTGATCCC,0.46439366094565016,0.46500425040721893,0.47232913970947266,0.01190392477847102,0.01190904900431633,5.1242258453099154e-06,0.007324889302253723,0.00016661263004036364,0.0013877915531779195
10000,28,7,CGATATCG,1.0556978515622333,1.0532488286922468,1.200070858001709,0.3396365606966655,0.3606784030524851,0.02104184235581963,0.1468220293094622,0.04912390789982801,0.03198074780992144
10000,28,7,TATCATAC,0.08183427400954534,0.01532522840108592,-0.8758893013000488,-0.6342270168560225,-0.6772451972386757,-0.04301818038265326,-0.8912145297011348,0.4753442624743638,0.009780943215147886
10000,28,7,CGATATCG,1.0556978515622333,1.0532488286922468,1.0306000709533691,0.3396365606966655,0.3606784030524851,0.02104184235581963,-0.022648757738877645,0.04912390789982801,0.03198074780992144
10000,28,7,CACGATAT,0.6710151863282597,0.6484588167734674,0.3796604871749878,-0.04504610453730806,-0.04411160886629428,0.0009344956710137797,-0.2687983295984796,0.17093983030056936,0.0130452434170234
10000,29,6,CTATATAT,0.7973739656857651,0.7854178324613402,0.9175924062728882,0.08105415694637619,0.08184440631335332,0.000790249366977136,0.13217457381154796,0.07761335111733869,0.0058765517707897175
10000,29,6,CGATATAG,1.0282741425604152,1.019722756148419,1.0050833225250244,0.3119543338210262,0.3161493300004321,0.004194996179405885,-0.014639433623394593,0.07022910754269329,0.018920789070715927
10000,29,6,CAGTATAT,0.7193461281521252,0.7099524704946404,0.6464626789093018,0.0030263194127362336,0.006379044346653484,0.0033527249339172505,-0.06348979158533863,0.060284461319687566,0.003922515374778612
10000,29,6,TGATACAC,0.3202849985592504,0.29920064548754777,-0.12577760219573975,-0.39603481018013853,-0.40437278066043914,-0.008337970480300605,-0.4249782476832875,0.13241014884019364,0.0059040304099777785
10000,30,4,AATGGATA,-0.0001159177961604918,-0.011195552021187272,0.13895153999328613,-0.4116638084343353,-0.41468153660601587,-0.003017728171680556,0.1501470920144734,0.05102707252614014,0.006708535626033019
10000,30,4,GATGGATA,0.2759353871335837,0.2689260741365922,0.10802316665649414,-0.13561250350459114,-0.1345599104482364,0.0010525930563547448,-0.16090290748009806,0.035686877135034045,0.007649625147068129
10000,30,4,TTTGGATA,0.6809192483081498,0.6782904830737004,0.5044994354248047,0.26937135766997494,0.27480449848887184,0.005433140818896898,-0.17379104764889575,0.014521293354500475,0.00400623241670317
10000,30,4,TGCGGATA,0.6894528449071263,0.677922933150209,0.6623945236206055,0.2779049542689515,0.2744369485653804,-0.0034680057035710865,-0.015528409529603548,0.04771989537811239,0.0016002483504431453
10000,31,7,CGATATAA,0.7195891285603117,0.7022716116263107,0.601580023765564,0.19448870056662448,0.2023134557572257,0.007824755190601218,-0.10069158786074672,0.142861644052501,0.021639025514494037
10000,31,7,CTATCCCA,0.526068212885796,0.5055558906064278,0.4614211916923523,0.0009677848921088028,0.005597734737342819,0.004629949845234016,-0.04413469891407551,0.15178826558886627,0.008202009633288654
10000,31,7,GTATCGTA,0.877933322817382,0.8713325795640721,1.0263123512268066,0.35283289482369484,0.3713744236949871,0.018541528871292234,0.15497977166273458,0.05733346034698927,0.011128257573819411
10000,31,7,GTCCGATA,-0.023188952288740898,-0.07932745832047061,0.35833466053009033,-0.548289380282428,-0.5792856141895556,-0.03099623390712758,0.43766211885056094,0.40144195317329867,0.008472410951190668
15000,0,2,CGATATCG,0.9189252700395352,0.9206922752782702,0.6448349952697754,0.10181485944593827,0.10273221507668495,0.0009173556307466857,-0.27585728000849485,6.653834752334831e-05,0.003600548824993499
15000,0,2,CGATATCA,0.6519235978442681,0.6521585145965219,0.6306555867195129,-0.16518681274932878,-0.16580154560506344,-0.0006147328557346565,-0.021502927877008915,0.0007777118145715356,0.001247545319079002
15000,0,2,CGATATCG,0.9189252700395352,0.9206922752782702,0.5092995762825012,0.10181485944593827,0.10273221507668495,0.0009173556307466857,-0.411392698995769,6.653834752334831e-05,0.003600548824993499
15000,0,2,CGATATCT,0.7786675044510495,0.7782971756532788,0.4515942931175232,-0.03844290614254742,-0.039662884548306465,-0.001219978405759048,-0.32670288253575563,0.0014551873313080055,0.0007145297357666891
15000,1,3,ATCATATA,0.7371275518356062,0.7346405966414343,0.6641094088554382,0.2551278613175675,0.260473743908935,0.0053458825913675345,-0.0705311877859961,0.009064095107635506,0.0016032295251200424
15000,1,3,ATATTATA,0.4437629171344124,0.4251739597982828,0.08217298984527588,-0.0382367733836263,-0.04899289293421649,-0.010756119550590193,-0.34300096995300694,0.05632337655549291,0.0005565045471040975
15000,1,3,ACGATATA,0.3735541465510681,0.3684264272451401,0.15533876419067383,-0.10844554396697059,-0.10574042548735924,0.002705118479611357,-0.21308766305446625,0.01599669010666105,0.0006135321888769418
15000,1,3,ACGATATA,0.3735541465510681,0.3684264272451401,0.328662633895874,-0.10844554396697059,-0.10574042548735924,0.002705118479611357,-0.03976379334926605,0.01599669010666105,0.0006135321888769418
15000,2,5,ATATCGCC,1.0265178641260915,1.025567581954722,0.8846932649612427,-0.018695138263657984,-0.01877927978367855,-8.414152002056419e-05,-0.1408743169934794,0.013666703033668126,0.00891529217682141
15000,2,5,ATATCGTA,1.0639081406534074,1.0631261415220794,1.0006357431411743,0.018695138263657984,0.01877927978367877,8.414152002078623e-05,-0.06249039838090509,0.013560987045988071,0.009650991389347219
15000,2,5,ATATCGCC,1.0265178641260915,1.025567581954722,0.9759951829910278,-0.018695138263657984,-0.01877927978367855,-8.414152002056419e-05,-0.04957239896369425,0.013666703033668126,0.00891529217682141
15000,2,5,ATATCGTA,1.0639081406534074,1.0631261415220794,0.9955570101737976,0.018695138263657984,0.01877927978367877,8.414152002078623e-05,-0.0675691313482818,0.013560987045988071,0.009650991389347219
15000,3,4,ATATCGTA,0.8548913537991035,0.8533646623836835,0.9191620945930481,0.28925359142614215,0.2984469167519518,0.009193325325809631,0.06579743220936463,0.007674895514736324,0.0015681298530560994
15000,3,4,CGATCGCA,0.4329774201282529,0.40197511296719335,0.3111623525619507,-0.13266034224470846,-0.15294263266453834,-0.020282290419829874,-0.09081276040524267,0.12563250572501916,0.001623277080780916
15000,3,4,CTATCGCA,0.700379246110802,0.6954259987299642,0.7676358222961426,0.13474148373784067,0.14050825309823256,0.005766769360391888,0.07220982356617833,0.02224014165933408,0.0024271521359828796
15000,3,4,CTATCATA,0.2743030294536868,0.2689052084460857,0.2166534662246704,-0.2913347329192746,-0.286012537185646,0.005322195733628576,-0.052251742221415265,0.02231028905805399,0.0007190050276495441
15000,4,2,CACCGATA,-0.2052863949408137,-0.21283033490180991,-0.12757086753845215,-0.2232836581722486,-0.22679619863629352,-0.003512540464044922,0.08525946736335777,0.015567974806083296,0.00048009488409084256
15000,4,2,CACTGATA,0.48393311069785416,0.4845027029514313,0.45461738109588623,0.46593584746641925,0.47053683921694767,0.004600991750528416,-0.029885321855545044,0.0011400332748938702,0.002279217782048093
15000,4,2,GACGGATA,0.12179761914477139,0.11262936890125275,0.0007474422454833984,0.10380035591333647,0.09866350516676914,-0.005136850746567334,-0.11188192665576935,0.018394342104017358,5.7841616980081056e-05
15000,4,2,AACTGATA,-0.3284552819760722,-0.3284382820129397,-0.6522860527038574,-0.3464525452075071,-0.3424041457474233,0.00404839946008384,-0.32384777069091775,0.00017500989513807852,0.00020900982140314994
15000,5,3,CTATCGCT,1.0446923483295474,1.043121709035606,1.0405817031860352,0.19560076375079993,0.19657501278238176,0.0009742490315818308,-0.0025400058495708144,0.005756133232169169,0.0010442153503449347
15000,5,3,CTATCTCT,0.6534908208279474,0.6499716834708426,1.0515222549438477,-0.19560076375080004,-0.19657501278238165,-0.0009742490315816088,0.4015505714730051,0.012339617244668588,0.0017822051733542565
15000,5,3,CTATCGCT,1.0446923483295474,1.043121709035606,1.163283348083496,0.19560076375079993,0.19657501278238176,0.0009742490315818308,0.12016163904789012,0.005756133232169169,0.0010442153503449347
15000,5,3,CTATCTCT,0.6534908208279474,0.6499716834708426,0.6396057605743408,-0.19560076375080004,-0.19657501278238165,-0.0009742490315816088,-0.010365922896501734,0.012339617244668588,0.0017822051733542565
15000,6,5,CGGTCGTG,-0.3322270472452951,-0.4425257864501326,-0.19601380825042725,-0.8611388798779622,-0.9413308408434381,-0.08019196096547587,0.24651197819970533,0.5561921520708673,0.004698456046679844
15000,6,5,CGATCGTA,0.8378621948190507,0.8341375889865832,1.180106282234192,0.3089503621863836,0.33533253459327766,0.026382172406894056,0.3459686932476087,0.030239139245666014,0.01161611008332919
15000,6,5,CGATCTCC,0.7721499881378622,0.7694708260501884,0.9653951525688171,0.24323815550519512,0.2706657716568828,0.027427616151687706,0.1959243265186288,0.020772183250474807,0.007376372812105458
15000,6,5,CGATCGTA,0.8378621948190507,0.8341375889865832,0.7341442704200745,0.3089503621863836,0.33533253459327766,0.026382172406894056,-0.09999331856650873,0.030239139245666014,0.01161611008332919
15000,7,3,CGATATTA,1.0404785158351952,1.0403333761625817,0.9415260553359985,0.24321250233738534,0.24490259836117412,0.0016900960237887785,-0.09880732082658317,0.0026668787615282685,0.002231459743687658
15000,7,3,TGATCTTC,0.29451099039816614,0.29338692790932147,0.3080540895462036,-0.5027550230996438,-0.5020438498920861,0.0007111732075577581,0.014667161636882142,0.006334395571944373,0.002962208105410369
15000,7,3,CGATATTG,0.813596031922683,0.8076694309711453,0.6153520345687866,0.01633001842487314,0.012238653169737712,-0.004091365255135426,-0.19231739640235868,0.02728666442259553,0.009506861567982305
15000,7,3,CGATATTA,1.0404785158351952,1.0403333761625817,1.0977463722229004,0.24321250233738534,0.24490259836117412,0.0016900960237887785,0.05741299606031869,0.0026668787615282685,0.002231459743687658
15000,8,5,ATATCGCT,0.8497320512086445,0.8477460031444203,1.1483045816421509,0.025395252672526625,0.029038306402508263,0.003643053729981638,0.3005585784977306,0.013931018795573458,0.00400077847445246
15000,8,5,ATATCGTA,1.0849876961421177,1.0853154443064699,1.013275384902954,0.2606508976059998,0.26660774756455785,0.0059568499585580525,-0.07204005940351577,0.005690307824982588,0.0073290486467447735
15000,8,5,ATATCGCG,0.8087024759996361,0.802060854271985,0.704934298992157,-0.01563432253648178,-0.01664684246992698,-0.0010125199334451995,-0.09712655527982805,0.040494546676919985,0.007286438038665466
15000,8,5,ATATCGTT,0.5539249707940733,0.5397084852447727,0.17994272708892822,-0.27041182774204453,-0.27899921149713935,-0.008587383755094824,-0.35976575815584444,0.07273099878403766,0.001648571037534019
15000,9,3,GAGTGATC,0.6557073635218587,0.6550868477982777,0.5960741639137268,0.2804583711713643,0.28550174564588804,0.005043374474523743,-0.05901268388455094,0.004005357231504858,0.0021438100607622523
15000,9,3,TACTGATC,0.29203529290176017,0.2871429288449387,0.8609235882759094,-0.08321369944873419,-0.08244217330745102,0.0007715261412831742,0.5737806594309707,0.016278584192305434,0.0016014920218410111
15000,9,3,CATTGATC,0.09090783026238143,0.07500858190986825,0.8222740888595581,-0.28434116208811294,-0.29457652024252146,-0.010235358154408514,0.7472655069496899,0.052995238002731426,0.005297492945191884
15000,9,3,AAGTGATC,0.46234548271597725,0.46110205005647426,0.5730082988739014,0.08709649036548289,0.09151694790408454,0.004420457538601652,0.11190624881742711,0.00568353396910215,0.0019532359905931607
15000,10,5,CGATATAT,1.092623821296365,1.0917436620717245,0.9466109275817871,0.296213044974341,0.31136206793686183,0.015149022962520853,-0.14513273448993735,0.01479713102921032,0.010396334906007887
15000,10,5,CGATATCT,0.8864693066658804,0.8842087916719412,0.8843960165977478,0.09005853034385636,0.10382719753707859,0.013768667193222228,0.0001872249258065839,0.022324368505167946,0.01102179353547239
15000,10,5,CGATATAC,0.650529806543007,0.6210958369697124,1.0465407371520996,-0.1458809697790171,-0.15928575716515025,-0.013404787386133155,0.42544490018238723,0.15663206331983304,0.009462215453360123
15000,10,5,CGATACCT,0.556020170782844,0.5244780858260729,0.43079620599746704,-0.24039060553918,-0.2559035083087897,-0.015512902769609704,-0.09368187982860587,0.16785639131182872,0.010145966527972838
15000,11,4,ATACTATA,0.6185631596021063,0.6137613626973084,0.1812746524810791,0.041848069188145987,0.05832455515337631,0.016476485965230325,-0.4324867102162293,0.02152869010038172,0.0023215024811902296
15000,11,4,GTATTATA,0.8153176637752603,0.7926543380599471,0.7356534600257874,0.23860257336129997,0.23721753051601502,-0.0013850428452849561,-0.05700087803415976,0.09256025026274584,0.0019069474014932197
15000,11,4,GGATTATA,0.5570579027856204,0.5125309304761081,0.6012656688690186,-0.0196571876283399,-0.042905877067824005,-0.023248689439484105,0.08873473839291046,0.18117026736141462,0.0030623781233654057
15000,11,4,CGATTATA,0.31592163549285424,0.3028005989423648,0.09215843677520752,-0.26079345492110606,-0.2526362086015673,0.008157246319538736,-0.21064216216715725,0.05520632944464943,0.002722183242691578
15000,12,3,ATATCGCA,0.4471514474324594,0.4471680596470833,0.6735163927078247,-0.00015939897676381376,0.0036041767646869394,0.003763575741450753,0.22634833306074142,0.002214529185296854,0.0022643658291685576
15000,12,3,CTATCGCG,0.3429114866732692,0.33648635860946446,0.10200095176696777,-0.10439935973595399,-0.10707752427293188,-0.0026781645369778895,-0.2344854068424967,0.022446938104361713,0.0031715539129475445
15000,12,3,GTATCGCA,0.4631625231654731,0.45757127553224547,0.5405820608139038,0.015851676756249877,0.014007392649849126,-0.001844284106400751,0.08301078528165834,0.018393464581571095,0.0016197216818882865
15000,12,3,CTATCGCT,0.5360179283656912,0.5330298377407922,0.3832268714904785,0.08870708195646798,0.08946595485839581,0.0007588729019278317,-0.14980296625031364,0.011296105146342494,0.0023318332716453227
15000,13,4,ATGATCCG,1.0191197045055884,1.0181334803346547,1.0032463073730469,0.18830893978026708,0.19127215588620539,0.0029632161059383044,-0.014887172961607797,0.015365263145306729,0.011420366461571518
15000,13,4,ATGATCCC,1.086098424082315,1.085384568742787,1.150205135345459,0.2552876593569937,0.2585232442943377,0.0032355849373439938,0.06482056660267199,0.00847575184454441,0.005620330486432401
15000,13,4,ATGATGCC,0.4751433045057454,0.4596121962337447,0.8006599545478821,-0.35566746021957596,-0.36724912821470457,-0.011581667995128608,0.34104775831413736,0.07408443415515986,0.011960001067157222
15000,13,4,ATGATCCA,0.7428816258076367,0.7443150524826103,0.8743066191673279,-0.08792913891768461,-0.08254627196583897,0.005382866951845644,0.12999156668471756,0.005833539565327506,0.011567246265221875
15000,14,6,GATACGCG,1.0768904555462169,1.0739263167617734,1.2282823324203491,0.4660309313217248,0.500940914286831,0.03490998296510617,0.1543560156585757,0.025176325645216657,0.007391492938555899
15000,14,6,TATCATAG,0.12346550648062242,0.04383433868901587,0.10852718353271484,-0.48739401774386965,-0.5291510637859266,-0.04175704604205693,0.06469284484369897,0.48773137200790817,0.009944365258268917
15000,14,6,TATAGGCG,0.671114529904976,0.6483085349460849,0.6855016946792603,0.06025500568048392,0.07532313247114242,0.015068126790658498,0.037193159733175385,0.13869886971331535,0.0018628999599688
15000,14,6,TATACGTG,0.5719676049661531,0.5258724195028958,0.2680389881134033,-0.038891919258339014,-0.04711298297204669,-0.008221063713707677,-0.25783343138949244,0.2798278990714964,0.0032567862919528068
15000,15,4,TGTCGATA,1.1693430330374976,1.1670746037076851,1.064907193183899,0.0,0.0,0.0,-0.1021674105237862,0.010201867999491854,0.0011281506802411911
15000,15,4,TGTCGATA,1.1693430330374976,1.1670746037076851,1.186478853225708,0.0,0.0,0.0,0.019404249518022887,0.010201867999491854,0.0011281506802411911
15000,15,4,TGTCGATA,1.1693430330374976,1.1670746037076851,1.1793174743652344,0.0,0.0,0.0,0.012242870657549254,0.010201867999491854,0.0011281506802411911
15000,15,4,TGTCGATA,1.1693430330374976,1.1670746037076851,1.1812338829040527,0.0,0.0,0.0,0.014159279196367613,0.010201867999491854,0.0011281506802411911
15000,16,3,CACGGATC,0.7586755030032218,0.7486935871032377,1.079547643661499,-0.08567097427734016,-0.08798204326174319,-0.0023110689844030308,0.3308540565582613,0.03136797906277877,0.001422231362826487
15000,16,3,TACGGATC,1.1013594001125824,1.1006217601502104,1.1198656558990479,0.2570129228320204,0.26394612978522947,0.006933206953209092,0.019243895748837447,0.0024517645558406187,0.00023884466872470256
15000,16,3,CACGGATC,0.7586755030032218,0.7486935871032377,0.49930787086486816,-0.08567097427734016,-0.08798204326174319,-0.0023110689844030308,-0.24938571623836958,0.03136797906277877,0.001422231362826487
15000,16,3,CACGGATC,0.7586755030032218,0.7486935871032377,0.23511600494384766,-0.08567097427734016,-0.08798204326174319,-0.0023110689844030308,-0.5135775821593901,0.03136797906277877,0.001422231362826487
15000,17,1,ATATCGTA,1.3442436531186104,1.3442436531186104,1.3442438840866089,0.0,0.0,0.0,2.3096799850463867e-07,0.0,0.0
15000,17,1,ATATCGTA,1.3442436531186104,1.3442436531186104,1.3442438840866089,0.0,0.0,0.0,2.3096799850463867e-07,0.0,0.0
15000,17,1,ATATCGTA,1.3442436531186104,1.3442436531186104,1.3442438840866089,0.0,0.0,0.0,2.3096799850463867e-07,0.0,0.0
15000,17,1,ATATCGTA,1.3442436531186104,1.3442436531186104,1.3442438840866089,0.0,0.0,0.0,2.3096799850463867e-07,0.0,0.0
15000,18,4,CGTGATAC,0.810187650100369,0.7956272646454943,0.7250986099243164,0.026235198670617077,0.01936344695180514,-0.006871751718811936,-0.07052865472117786,0.06325061543690369,0.00500907361740488
15000,18,4,TGCGATAC,0.7464782295023175,0.7411808963418784,0.7452969551086426,-0.03747422192743444,-0.03508292135181068,0.002391300575623756,0.00411605876676413,0.024395665054103066,0.003206332412347024
15000,18,4,TGTGATAC,0.9879313063270206,0.9854779209223732,0.9522176384925842,0.20397885489726875,0.20921410322868406,0.00523524833141531,-0.03326028242978896,0.012594838810573439,0.0027812971919836116
15000,18,4,CGAGATAC,0.5912126197893004,0.5827691888650106,0.43338119983673096,-0.1927398316404515,-0.19349462882867852,-0.0007547971882270188,-0.14938798902827966,0.04058637634781004,0.006812652650650897
15000,19,6,CGGTATTG,0.6269945040761328,0.6014015550932115,0.47741377353668213,-0.24097985216950102,-0.25520425681024783,-0.014224404640746813,-0.12398778155652934,0.16190269536821855,0.008345001470690505
15000,19,6,CGATATTA,0.8826523361575903,0.8723089903593056,0.9162369966506958,0.014677979911956518,0.015703178455846345,0.001025198543889827,0.043928006291390154,0.06871182142101473,0.006651746631307631
15000,19,6,CGATATCG,0.981125292374406,0.9763563510806602,1.0653505325317383,0.11315093612877225,0.11975053917720091,0.006599603048428659,0.08899418145107807,0.04389718114687691,0.015283533384401693
15000,19,6,CGATATCG,0.981125292374406,0.9763563510806602,1.0160307884216309,0.11315093612877225,0.11975053917720091,0.006599603048428659,0.03967443734097065,0.04389718114687691,0.015283533384401693
15000,20,3,ATATCGCG,0.36318322494353233,0.35011191997263175,0.23835039138793945,-0.10623404275813214,-0.11472079716622813,-0.008486754408095987,-0.1117615285846923,0.04079072042964871,0.0015768055169469442
15000,20,3,ATATCGTA,0.8170211833955877,0.8172574962178866,0.725966215133667,0.34760391569392324,0.3524247790790267,0.004820863385103458,-0.09129128108421958,0.004255106516343865,0.004964044983240434
15000,20,3,ATATCCGC,-0.02245913533284849,-0.02741647760073344,-0.2981609106063843,-0.49187640303451297,-0.49224919473959333,-0.0003727917050803664,-0.2707444330056508,0.017783894001988543,0.0029118671983336952
15000,20,3,ATATCGCC,0.7199237978003863,0.7193779299656547,0.6592302322387695,0.2505065300987218,0.2545452128267949,0.004038682728073062,-0.06014769772688522,0.003674007393657197,0.002036403889462246
15000,21,4,CTATCTCA,0.9202583356974019,0.9214754233544231,0.797237753868103,0.17724225028395968,0.17907563126148796,0.0018333809775282761,-0.12423766948632009,0.004791504692340132,0.009659855320425237
15000,21,4,CTATCTAT,0.9784231885285049,0.9790194829159498,0.9287246465682983,0.23540710311506263,0.2366196908230146,0.001212587707951962,-0.05029483634765142,0.0032002469347132134,0.00558542448449284
15000,21,4,CTATCTCG,0.5322212984313069,0.531555764745766,0.4696044325828552,-0.21079478698213527,-0.21084402734716912,-4.924036503384244e-05,-0.06195133216291082,0.009645453809118631,0.0069833190669550405
15000,21,4,CTATCTTC,0.5411615189965552,0.5375484973556017,0.4595569968223572,-0.20185456641688704,-0.20485129473733343,-0.0029967283204463957,-0.07799150053324455,0.018689921026683987,0.0042378344628701825
15000,22,4,CTATCGTA,1.036551516786534,1.0362842619069856,0.9979280829429626,0.05215169694283639,0.05278252130180283,0.000630824358966442,-0.03835617896402299,0.002282801461294559,0.0012137819431012886
15000,22,4,GTATCGTA,0.827944729015189,0.8251541766997741,0.722962498664856,-0.15645509082850861,-0.15834756390540872,-0.001892473076900103,-0.10219167803491813,0.014663440714324683,0.00350123145266501
15000,22,4,CTATCGTA,1.036551516786534,1.0362842619069856,1.132889986038208,0.05215169694283639,0.05278252130180283,0.000630824358966442,0.09660572413122237,0.002282801461294559,0.0012137819431012886
15000,22,4,CTATCGTA,1.036551516786534,1.0362842619069856,0.8734855055809021,0.05215169694283639,0.05278252130180283,0.000630824358966442,-0.16279875632608354,0.002282801461294559,0.0012137819431012886
15000,23,4,TATACGCC,0.7545898174093537,0.7275779638439419,0.46948301792144775,0.19029868932398442,0.1885342919073688,-0.001764397416615604,-0.25809494592249416,0.11125264025455373,0.003205225992906513
15000,23,4,TATACGCG,0.6331216970023117,0.6016619159684828,0.6965253353118896,0.06883056891694239,0.06261824403190974,-0.00621232488503265,0.09486341934340681,0.12825033681136766,0.0024112126760522656
15000,23,4,TATACGCA,0.2233902507327159,0.1938265136753523,0.5907648801803589,-0.3409008773526534,-0.3452171582612208,-0.004316280908567394,0.3969383665050066,0.1198602259044268,0.0016052776749724273
15000,23,4,TTATCGCG,0.6460627471970959,0.6331082942585153,0.6451829671859741,0.08177161911172659,0.09406462232194224,0.012293003210215647,0.012074672927458785,0.060975500709623986,0.00915768895530178
15000,24,7,CGCTATCA,0.7028569138357185,0.6589459035049039,0.3408641815185547,-0.08098165409084557,-0.10226827214567447,-0.0212866180548289,-0.3180817219863492,0.33114425434856276,0.0237671820328611
15000,24,7,CGGTATTG,0.6792086597666804,0.6609500422823515,0.48058003187179565,-0.1046299081598836,-0.10026413336822682,0.004365774791656785,-0.1803700104105559,0.14125808989116084,0.013447767500858632
15000,24,7,CGATATCG,1.014510482021542,1.0063647267736535,0.9480870962142944,0.230671914094978,0.24515055112307516,0.014478637028097152,-0.058277630559359084,0.08209882655817813,0.02507853982295849
15000,24,7,CGGTATTA,0.7387782160823154,0.7185960300414046,0.9467881917953491,-0.045060351844248614,-0.04261814560917376,0.002442206235074851,0.22819216175394452,0.14780419202231165,0.0065288897359359055
15000,25,4,AGGATATC,0.8569592217493166,0.8560992049363754,1.0531455278396606,0.12775474039681833,0.1335642798415695,0.005809539444751155,0.19704632290328528,0.01026591818910072,0.006825850937335787
15000,25,4,AGGGGATC,0.4739139529436447,0.4541810266673567,0.4743785858154297,-0.2552905284088536,-0.26835389842744917,-0.013063370018595588,0.020197559148072974,0.0813428121384101,0.0024111070332581974
15000,25,4,ATGATATC,0.7289855289677151,0.7237602638391161,0.4510812759399414,-0.00021895238478319978,0.0012253387443101893,0.001444291129093389,-0.27267898789917466,0.022973715397950567,0.00207265488355457
15000,25,4,AGGATATC,0.8569592217493166,0.8560992049363754,0.9544495940208435,0.12775474039681833,0.1335642798415695,0.005809539444751155,0.09835038908446814,0.01026591818910072,0.006825850937335787
15000,26,2,TGCGATAT,0.19947922889947045,0.14753693342208862,-0.0033794641494750977,0.13540925928905378,0.0994455311447382,-0.03596372814431559,-0.15091639757156372,0.10598062425036714,0.0020960332956034833
15000,26,2,TCCGATAC,0.3192246207362255,0.30796094983816147,0.6208634376525879,0.2551546511258088,0.25986954756081104,0.004714896435002225,0.3129024878144264,0.024116606628968196,0.0015892648328401648
15000,26,2,TACGATAT,-0.13121198559701464,-0.1315661370754242,0.16796410083770752,-0.1952819552074313,-0.17965753935277462,0.015624415854656681,0.2995302379131317,0.0007236494124986947,1.534645567957682e-05
15000,26,2,TACGATAT,-0.13121198559701464,-0.1315661370754242,-0.21908724308013916,-0.1952819552074313,-0.17965753935277462,0.015624415854656681,-0.08752110600471497,0.0007236494124986947,1.534645567957682e-05
15000,27,4,TGATCTTA,-0.14200324634871775,-0.19381239016850804,-0.21935343742370605,-0.5314897444743442,-0.5592498485251178,-0.02776010405077367,-0.025541047255198013,0.21174980661524057,0.004513231336079393
15000,27,4,CTATCTCA,0.2871947181564618,0.2474823122223222,-0.014879941940307617,-0.10229177996916461,-0.11795514613428759,-0.015663366165122983,-0.2623622541626298,0.16260092322240993,0.0037512994858515114
15000,27,4,ATATCGTA,0.8548913537991035,0.8533646623836835,0.7005323171615601,0.4654048556734771,0.4879272040270737,0.022522348353596566,-0.1528323452221234,0.007674895514736324,0.0015681298530560994
15000,27,4,ATATCGCA,0.557863166895658,0.5547152489889415,0.3696749210357666,0.16837666877003155,0.18927779063233174,0.020901121862300198,-0.18504032795317493,0.013809907099024521,0.001218235472158824
15000,28,2,ATGCGATA,1.2532798783044115,1.2535303367767483,1.2443181276321411,0.0,0.0,0.0,-0.009212209144607186,8.356590861069435e-06,0.00050927353553476
15000,28,2,ATGCGATA,1.2532798783044115,1.2535303367767483,1.2443181276321411,0.0,0.0,0.0,-0.009212209144607186,8.356590861069435e-06,0.00050927353553476
15000,28,2,ATGCGATA,1.2532798783044115,1.2535303367767483,1.2381489276885986,0.0,0.0,0.0,-0.015381409088149667,8.356590861069435e-06,0.00050927353553476
15000,28,2,ATGCGATA,1.2532798783044115,1.2535303367767483,1.2596993446350098,0.0,0.0,0.0,0.006169007858261466,8.356590861069435e-06,0.00050927353553476
15000,29,5,CGATATAT,1.1629175509875758,1.1652570027640707,1.1070977449417114,0.06315472157929891,0.06396932742965888,0.0008146058503599729,-0.05815925782235931,0.00429989016818344,0.015997149050657633
15000,29,5,CGATATAT,1.1629175509875758,1.1652570027640707,1.1271315813064575,0.06315472157929891,0.06396932742965888,0.0008146058503599729,-0.03812542145761322,0.00429989016818344,0.015997149050657633
15000,29,5,CGATATAT,1.1629175509875758,1.1652570027640707,1.0483405590057373,0.06315472157929891,0.06396932742965888,0.0008146058503599729,-0.11691644375833343,0.00429989016818344,0.015997149050657633
15000,29,5,CGATATCT,0.9102986646703798,0.9093796930454354,1.048557996749878,-0.18946416473789707,-0.19190798228897643,-0.0024438175510793636,0.1391783037044425,0.020811110840520897,0.016216252715799406
15000,30,3,ACATCCTG,-0.7075070085046639,-0.7116817020707664,-0.019548892974853516,-1.3701011237202718,-1.3729768736908836,-0.002875749970611796,0.6921328090959129,0.015427218723995217,0.002903138025687646
15000,30,3,ATATCGTG,1.1192944897890318,1.1189541295170784,1.1308917999267578,0.45670037457342394,0.4576589578969612,0.0009585833235372654,0.011937670409679413,0.001318304583313723,0.0002972237674532252
15000,30,3,ATATCGTG,1.1192944897890318,1.1189541295170784,1.118620753288269,0.45670037457342394,0.4576589578969612,0.0009585833235372654,-0.0003333762288093567,0.001318304583313723,0.0002972237674532252
15000,30,3,ATATCGTG,1.1192944897890318,1.1189541295170784,1.099773645401001,0.45670037457342394,0.4576589578969612,0.0009585833235372654,-0.019180484116077423,0.001318304583313723,0.0002972237674532252
15000,31,5,ATCATCCT,0.26859116328984634,0.22565017221495473,0.03350961208343506,0.014106913887290462,-0.003961730555941567,-0.01806864444323203,-0.19214056013151967,0.22236230516338829,0.00765734978893029
15000,31,5,ATAATCCT,0.5431381280915785,0.5257837147576104,0.7846102714538574,0.2886538786890226,0.29617181198671416,0.00751793329769157,0.258826556696247,0.09249223902362225,0.0057201723537820826
15000,31,5,TTAATCCC,0.6008503998392509,0.5854293318216992,0.5471144914627075,0.34636615043669505,0.35581742905080294,0.009451278614107883,-0.038314840358991686,0.08456851043714675,0.0074631703493883705
15000,31,5,TAGACCCC,-0.39464269361045246,-0.4184156077106792,-0.901178240776062,-0.6491269430130083,-0.6480275104815755,0.0010994325314328535,-0.4827626330653828,0.13137585667158547,0.012511286170451719
20000,0,2,ATATCGTA,0.9211559248312948,0.9203860424458981,0.9203860759735107,0.3848082925176288,0.3918893048539758,0.007081012336346948,3.3527612686157227e-08,0.001540184029619085,4.192588254348095e-07
20000,0,2,ATATCGTA,0.9211559248312948,0.9203860424458981,0.949778139591217,0.3848082925176288,0.3918893048539758,0.007081012336346948,0.029392097145318985,0.001540184029619085,4.192588254348095e-07
20000,0,2,ATATCGCA,0.5430148308926142,0.5425559170544147,0.6617950797080994,0.0066671985789481525,0.014059179462492466,0.0073919808835443135,0.11923916265368462,0.0010557064519387538,0.00013787877553994576
20000,0,2,ATATCCGA,-0.23993615130054002,-0.26934105157852195,-0.2693411111831665,-0.776283783614206,-0.7978377891704442,-0.02155400555623821,-5.960464455334602e-08,0.058861222789995615,5.1422234031761604e-05
20000,1,2,CGATATAT,1.4216419360955526,1.4217690071091056,1.4938853979110718,0.285318173672102,0.28650326444767416,0.0011850907755721618,0.07211639080196619,8.453823362908341e-05,0.0003386802607350248
20000,1,2,CGATATAT,1.4216419360955526,1.4217690071091056,1.397705316543579,0.285318173672102,0.28650326444767416,0.0011850907755721618,-0.024063690565526485,8.453823362908341e-05,0.0003386802607350248
20000,1,2,CGATATAT,1.4216419360955526,1.4217690071091056,1.3737163543701172,0.285318173672102,0.28650326444767416,0.0011850907755721618,-0.0480526527389884,8.453823362908341e-05,0.0003386802607350248
20000,1,2,CGGTATAT,0.2803692414071448,0.27575594931840897,0.2757558822631836,-0.8559545210163058,-0.8595097933430225,-0.0035552723267167075,-6.705522537231445e-08,0.009790732883394604,0.0005641487059229178
20000,2,3,CGATATCA,1.0000327509075486,1.0009069322970592,1.0853838920593262,0.6640345323692858,0.670631557302032,0.006597024932746276,0.08447695976226699,0.002524110853764805,0.00514665502229672
20000,2,3,CGGAATCA,-1.3736522693115063,-1.3976684858401616,-1.8348362445831299,-1.7096504878497691,-1.7279438608351887,-0.018293372985419554,-0.4371677587429683,0.07426192129069875,0.0022132717047327333
20000,2,3,CGGTATCA,0.7175796416494605,0.7169561212261515,0.9165026545524597,0.3815814231111977,0.3866807462311244,0.005099323119926724,0.19954653332630823,0.002229780535983661,0.00035921926605642085
20000,2,3,CGATATCA,1.0000327509075486,1.0009069322970592,1.1827759742736816,0.6640345323692858,0.670631557302032,0.006597024932746276,0.18186904197662246,0.002524110853764805,0.00514665502229672
20000,3,4,TTGATCCT,-0.053110763873181144,-0.08224950498212547,0.15930509567260742,-0.8287965464975455,-0.8458395023778096,-0.017042955880264055,0.2415546006547329,0.1207341822075172,0.004179217771739907
20000,3,4,ATGATCCC,1.1105225056392265,1.1056473151353814,1.1966582536697388,0.3348367230148621,0.3420573177396973,0.007220594724835161,0.09101093853435738,0.020620979330147282,0.0011202173147673022
20000,3,4,ATGATCCC,1.1105225056392265,1.1056473151353814,1.1186829805374146,0.3348367230148621,0.3420573177396973,0.007220594724835161,0.013035665402033159,0.020620979330147282,0.0011202173147673022
20000,3,4,ATGATCCG,0.9348088830921857,0.9253148642940991,1.0712589025497437,0.1591231004678213,0.16172486689841503,0.0026017664305937327,0.1459440382556445,0.040753476240938946,0.002777401048592587
20000,4,5,GTATCATA,0.867720849738468,0.8575419202617676,0.6838437914848328,0.29629470160799265,0.3043841141365313,0.008089412528538675,-0.1736981287769348,0.05650509025436179,0.0056104428708598775
20000,4,5,GGATCATG,0.2092552413445679,0.16844714118788637,0.4039771556854248,-0.3621709067859074,-0.38471066493734984,-0.022539758151442435,0.23553001449753844,0.21434382395928342,0.01030332317587579
20000,4,5,CTATCATA,0.9027547219015675,0.8961497101715448,0.6881203055381775,0.33132857377109215,0.3429919040463085,0.011663330275216377,-0.20802940463336728,0.0366944199249053,0.0036693612747917825
20000,4,5,CGGTAATA,0.305973779537298,0.29049245287974623,0.03614199161529541,-0.26545236859317733,-0.26266535324549,0.002787015347687327,-0.2543504612644508,0.08539927059636732,0.00799263730860833
20000,5,4,CTATCCTC,-0.09454477707079056,-0.10543761989053291,0.32190144062042236,-0.796129108224924,-0.8008985001803623,-0.004769391955438351,0.42733906051095527,0.04625560459767808,0.0026842333187087064
20000,5,4,ATATCGCC,1.0890557781327326,1.087842089972886,0.9668928384780884,0.38747144697859914,0.39238120968305656,0.004909762704457421,-0.12094925149479763,0.008442085209030337,0.003587332569644275
20000,5,4,TTATCCCC,0.7227705454218593,0.7115969611040784,0.5125875473022461,0.021186214267725823,0.016136080814249,-0.005050133453476824,-0.19900941380183235,0.047208442631486935,0.002514105360363672
20000,5,4,ATATCGCC,1.0890557781327326,1.087842089972886,1.011368751525879,0.38747144697859914,0.39238120968305656,0.004909762704457421,-0.0764733384470071,0.008442085209030337,0.003587332569644275
20000,6,5,CGATATAG,1.1178188681878938,1.1157977463630957,0.9402180910110474,0.21933690747288292,0.23367001626097306,0.014333108788090132,-0.17557965535204834,0.030160471875784856,0.020054862751794467
20000,6,5,CTATATCG,0.7795051953939174,0.7529200735113889,0.9541510343551636,-0.11897676532109347,-0.12920765659073374,-0.010230891269640274,0.20123096084377468,0.139751479457785,0.006825870045142679
20000,6,5,CGATATGG,0.5787849110903386,0.5439953541709105,0.3853985071182251,-0.31969704962467227,-0.33813237593121215,-0.01843532630653988,-0.1585968470526854,0.18655504169296666,0.01260725709582644
20000,6,5,CGATATAG,1.1178188681878938,1.1157977463630957,1.3998119831085205,0.21933690747288292,0.23367001626097306,0.014333108788090132,0.2840142367454248,0.030160471875784856,0.020054862751794467
20000,7,4,GTGATCCA,0.401957761333954,0.3797063278034334,0.5933287143707275,0.15181951769296992,0.1577082109676366,0.005888693274666679,0.21362238656729415,0.0917101836826939,0.002704449560611444
20000,7,4,GTAATCCG,0.13459812949843641,0.11859660331780741,0.23766779899597168,-0.11554011414254767,-0.10340151351798937,0.012138600624558293,0.11907119567816427,0.07898027867196067,0.014974173949444669
20000,7,4,GTGATCCG,0.5595680533564608,0.5332670436085516,0.7346142530441284,0.3094298097154767,0.3112689267727548,0.001839117057278128,0.20134720943557682,0.11118832212388297,0.005984283132246304
20000,7,4,GTGATACG,-0.09557096962491474,-0.14357750738660524,0.09049224853515625,-0.3457092132658988,-0.36557562422240203,-0.01986641095650321,0.2340697559217615,0.19575743535745893,0.003731284310696914
20000,8,4,GTATCACC,0.3380509715097131,0.23188822611700788,-0.20410263538360596,-0.3439034787192685,-0.4105043882057846,-0.06660090948651609,-0.43599086150061384,0.4307979557038166,0.006146974132995808
20000,8,4,GTATCATA,1.071309605399505,1.069764721983423,0.9645780324935913,0.38935515517052344,0.4273721076606305,0.03801695249010706,-0.10518668948983168,0.008361117871084955,0.002181584206756959
20000,8,4,GGATCATA,0.8055617489293837,0.782440131452556,0.9891097545623779,0.1236072987004021,0.1400475171297635,0.016440218429361386,0.20666962310982195,0.09569355112627553,0.0032070812189646247
20000,8,4,GGATAATA,0.5128954750773244,0.4854773777381831,0.44321393966674805,-0.16905897515165724,-0.15691523658460937,0.012143738567047868,-0.04226343807143507,0.11165702870107852,0.001984639344513539
20000,9,8,CAATCTCC,0.17941422289940334,0.13930161929400198,0.12076342105865479,-0.29718997574002215,-0.3120450320615008,-0.014855056321478655,-0.018538198235347192,0.32723364590597903,0.006332817062768115
20000,9,8,CTATCTAC,0.4160529789773342,0.3951769148196642,0.2406461238861084,-0.060551219662091316,-0.056169736535838566,0.00438148312625275,-0.15453079093355582,0.17991836129370498,0.012909848032345295
20000,9,8,CGATCGCG,0.7889076680084759,0.7664963204618678,0.6299481391906738,0.3123034693690504,0.315149669106365,0.002846199737314592,-0.13654818127119395,0.20108205572384819,0.02179127535098324
20000,9,8,TGATATCG,0.5220419246724884,0.5044117508464772,0.6793956756591797,0.04543772603306295,0.05306509949097438,0.007627373457911424,0.17498392481270253,0.1770674951590694,0.0360261045509791
20000,10,4,GATATGCC,0.9414957720592019,0.9242198295736068,0.9506069421768188,-0.017639942358099625,-0.02138417518775282,-0.0037442328296531935,0.026387112603212026,0.07201490122034104,0.0029111312779610543
20000,10,4,GATATGCC,0.9414957720592019,0.9242198295736068,0.7142314314842224,-0.017639942358099625,-0.02138417518775282,-0.0037442328296531935,-0.2099883980893844,0.07201490122034104,0.0029111312779610543
20000,10,4,GATATGCC,0.9414957720592019,0.9242198295736068,1.0149714946746826,-0.017639942358099625,-0.02138417518775282,-0.0037442328296531935,0.0907516651010758,0.07201490122034104,0.0029111312779610543
20000,10,4,GATATGCG,1.0120555414916006,1.0097565303246183,0.9841406345367432,0.0529198270742991,0.06415252556325868,0.01123269848895958,-0.025615895787875154,0.014642375138300467,0.00544633047037113
20000,11,1,CGATATCG,0.9211596250534058,0.9211596250534058,0.9211596250534058,0.1299063265323639,0.1299063265323639,0.0,0.0,0.0,0.0
20000,11,1,CGGTATCG,0.4015343189239502,0.4015343189239502,0.4015343189239502,-0.3897189795970917,-0.3897189795970917,0.0,0.0,0.0,0.0
20000,11,1,CGATATCG,0.9211596250534058,0.9211596250534058,0.9211596250534058,0.1299063265323639,0.1299063265323639,0.0,0.0,0.0,0.0
20000,11,1,CGATATCG,0.9211596250534058,0.9211596250534058,0.9211596250534058,0.1299063265323639,0.1299063265323639,0.0,0.0,0.0,0.0
20000,12,3,CGATCGCA,0.3516752880278669,0.34392677909798114,0.5928636193275452,-0.13396837942176126,-0.13632264008952483,-0.0023542606677635636,0.24893684022956403,0.025797587192685878,0.0025520604030284666
20000,12,3,CGATCGCG,0.6050954268039747,0.5967215241657363,0.6409305334091187,0.11945175935434649,0.11647210497823035,-0.0029796543761161365,0.044209009243382336,0.025813615397834333,0.000691907483119536
20000,12,3,CTATCTCA,0.26539356854762985,0.2600767446888814,0.40383434295654297,-0.22025009890199831,-0.22017267449862454,7.742440337377143e-05,0.14375759826766155,0.01951400250648261,0.003563530930237313
20000,12,3,CTATCGCA,0.7204103864190413,0.7202726287974252,0.733701229095459,0.23476671896941315,0.24002320960991919,0.00525649064050604,0.013428600298033833,0.0036993802420306476,0.003286107377181935
20000,13,4,TGGGTATC,0.5905050596031217,0.5741978691269958,0.5408466458320618,0.14670588060017298,0.14551781311941647,-0.001188067480756505,-0.03335122329493401,0.06747198396878451,0.0022432220642807366
20000,13,4,TGCGGATC,0.7134801083912025,0.7090994892641906,0.816580057144165,0.2696809293882537,0.28041943325661134,0.010738503868357618,0.1074805678799744,0.02155717128075496,0.004034694772707681
20000,13,4,TAGTGATC,0.019821558111392745,-0.00513473991304636,0.16033494472503662,-0.423977620891556,-0.43381479592062566,-0.009837175029069667,0.16546968463808298,0.10073370889243538,0.0009085167946789596
20000,13,4,TGATCATC,0.4513899899060779,0.43655760555217715,0.7177934646606445,0.007590810903129186,0.00787754954459785,0.00028673864146866457,0.2812358591084674,0.06399092042149634,0.004661383005893249
20000,14,2,CGATATAT,1.2273697291037915,1.2269640304148197,1.226963996887207,0.15533301386123877,0.15595642873086035,0.0006234148696215858,-3.3527612686157227e-08,0.001074283789230246,0.0002628864112868001
20000,14,2,CGATATAT,1.2273697291037915,1.2269640304148197,1.226963996887207,0.15533301386123877,0.15595642873086035,0.0006234148696215858,-3.3527612686157227e-08,0.001074283789230246,0.0002628864112868001
20000,14,2,CGATATAG,0.6060376736588364,0.6031383154913783,0.6031382083892822,-0.4659990415837163,-0.46786928619258106,-0.0018702446088647573,-1.0710209608078003e-07,0.008137417964352522,0.0023387016294362795
20000,14,2,CGATATAT,1.2273697291037915,1.2269640304148197,1.147646427154541,0.15533301386123877,0.15595642873086035,0.0006234148696215858,-0.0793176032602787,0.001074283789230246,0.0002628864112868001
20000,15,5,CTATTGTA,0.7393264292991989,0.7321664936343819,0.5611240267753601,0.26430487585242235,0.26645531791262295,0.002150442060200597,-0.1710424668590218,0.0421036959184673,0.006304017594382039
20000,15,5,CTTTTTCA,-0.2136510694488038,-0.2328871094683805,-0.24684500694274902,-0.6886726228955804,-0.6985982851901394,-0.009925662294559046,-0.013957897474368514,0.10013686692337487,0.0039566668254913395
20000,15,5,CTATTGCA,0.7488752604840396,0.74420455298076,0.8022065758705139,0.2738537070372631,0.2784933772590011,0.0046396702217380015,0.05800202288975387,0.030721462178069814,0.007367924661672021
20000,15,5,CTATTTAA,0.6255355934526714,0.6193607657402744,0.9381452798843384,0.15051404000589486,0.15364959001851547,0.0031355500126206137,0.31878451414406395,0.03887482582698576,0.008000687265000472
20000,16,2,CGATATAT,1.2059108541979435,1.2055914970114827,1.1168816089630127,0.0,0.0,0.0,-0.08870988804847002,0.0006672419173640032,2.852754444226946e-05
20000,16,2,CGATATAT,1.2059108541979435,1.2055914970114827,1.3768718242645264,0.0,0.0,0.0,0.17128032725304365,0.0006672419173640032,2.852754444226946e-05
20000,16,2,CGATATAT,1.2059108541979435,1.2055914970114827,1.2055916786193848,0.0,0.0,0.0,1.816079020500183e-07,0.0006672419173640032,2.852754444226946e-05
20000,16,2,CGATATAT,1.2059108541979435,1.2055914970114827,1.2943013906478882,0.0,0.0,0.0,0.08870989363640547,0.0006672419173640032,2.852754444226946e-05
20000,17,3,ATATCGTC,1.1492760914957427,1.1471317967710395,1.226223111152649,0.14070051768962388,0.14341982702414202,0.0027193093345181385,0.07909131438160943,0.006692172807603147,0.0002592886334937816
20000,17,3,ATATCCTC,0.981956741669597,0.9804612727732294,0.7535219788551331,-0.02661883213652183,-0.023250696973668106,0.003368135162853725,-0.2269392939180963,0.006745757379533757,0.002259350690430928
20000,17,3,ATATCATC,0.7537933705633932,0.7401230126722816,1.0404086112976074,-0.2547822032427256,-0.2635889570746158,-0.008806753831890224,0.3002855986253258,0.041200188029665075,0.00018911435633039986
20000,17,3,ATATCGTC,1.1492760914957427,1.1471317967710395,1.269486904144287,0.14070051768962388,0.14341982702414202,0.0027193093345181385,0.12235510737324762,0.006692172807603147,0.0002592886334937816
20000,18,4,GTATCGTA,0.9090856080121521,0.9048257595859472,1.0560170412063599,0.1877387630163243,0.1866843292858298,-0.0010544337304945195,0.15119128162041262,0.023516961693281102,0.006477567988461885
20000,18,4,GTATCGCA,0.8528660300716162,0.8519610244159901,0.8076046109199524,0.13151918507578841,0.13381959411587263,0.002300409040084217,-0.044356413496037694,0.006716882969334703,0.0030968603468304323
20000,18,4,GTATCGTC,0.21435013388739055,0.21095317761258547,0.3920114040374756,-0.5069967111084372,-0.507188252687532,-0.0001915415790947339,0.1810582264248901,0.020546701669323042,0.0069588765701027455
20000,18,4,GTATCGTA,0.9090856080121521,0.9048257595859472,0.9038880467414856,0.1877387630163243,0.1866843292858298,-0.0010544337304945195,-0.0009377128444616467,0.023516961693281102,0.006477567988461885
20000,19,2,GATACGCC,1.1114780164060005,1.1118267644196749,1.1118268966674805,0.0,0.0,0.0,1.3224780559539795e-07,9.474133544906671e-05,0.0007922373627975432
20000,19,2,GATACGCC,1.1114780164060005,1.1118267644196749,1.1239678859710693,0.0,0.0,0.0,0.012141121551394463,9.474133544906671e-05,0.0007922373627975432
20000,19,2,GATACGCC,1.1114780164060005,1.1118267644196749,1.0969645977020264,0.0,0.0,0.0,-0.014862166717648506,9.474133544906671e-05,0.0007922373627975432
20000,19,2,GATACGCC,1.1114780164060005,1.1118267644196749,1.1091055870056152,0.0,0.0,0.0,-0.002721177414059639,9.474133544906671e-05,0.0007922373627975432
20000,20,3,CTATCGGA,1.312559092910231,1.3124864183676739,1.271294355392456,0.6196890463976163,0.6342860234500323,0.014596977052415916,-0.041192062975217825,0.0011149979804734311,0.0008969743528020047
20000,20,3,CGATAGGA,0.13440470677412275,0.12437769085065338,0.3397747278213501,-0.558465339738492,-0.5538227040669882,0.004642635671503803,0.21539703697069673,0.03494923906197389,0.004868191291565793
20000,20,3,CTATCGGA,1.312559092910231,1.3124864183676739,1.3432174921035767,0.6196890463976163,0.6342860234500323,0.014596977052415916,0.03073107373590278,0.0011149979804734311,0.0008969743528020047
20000,20,3,CTATAGGA,0.011957293455874188,-0.03654894791543484,-0.15634584426879883,-0.6809127530567406,-0.7147493428330765,-0.03383658977633586,-0.11979689635336399,0.14821153666046616,0.0026928125465390806
20000,21,2,AGTTATCC,0.17575916001530612,0.15043313801288605,0.17822062969207764,-0.07052387636839313,-0.07139037549495697,-0.0008664991265638355,0.02778749167919159,0.05188224063666613,0.0012301966318259971
20000,21,2,AGTTATCC,0.17575916001530612,0.15043313801288605,0.17822062969207764,-0.07052387636839313,-0.07139037549495697,-0.0008664991265638355,0.02778749167919159,0.05188224063666613,0.0012301966318259971
20000,21,2,ATTAATCC,0.22788827997342365,0.2192661315202713,0.21926605701446533,-0.018394756410275603,-0.0025573819875717163,0.015837374422703887,-7.450580596923828e-08,0.017466612279194216,0.00022231537288952552
20000,21,2,ATTGATCC,0.4057255455307611,0.3671616464853287,0.32971465587615967,0.15944250914706187,0.14533813297748566,-0.014104376169576216,-0.037446990609169006,0.07761912378303171,0.0004913256921668108
20000,22,3,GTATCGCC,0.6164900224474991,0.6110439371679809,0.35204362869262695,0.05329886401567385,0.06419273978099249,0.010893875765318639,-0.25900030847535394,0.019371464112281966,0.003033208273727439
20000,22,3,ATATCGCC,1.0637833986929592,1.0625206456105742,1.0696330070495605,0.500592240261134,0.5156694482235858,0.015077207962451822,0.007112361438986303,0.006011129474529309,0.0022228702273743295
20000,22,3,TTATCTCC,-0.04399880986065637,-0.09720373039858228,0.1438044309616089,-0.6071899682924816,-0.6440549277855707,-0.0368649594930891,0.24100816136019115,0.1613793684839262,0.0017646068701484552
20000,22,3,GTATCGCC,0.6164900224474991,0.6110439371679809,0.6318157911300659,0.05329886401567385,0.06419273978099249,0.010893875765318639,0.02077185396208503,0.019371464112281966,0.003033208273727439
20000,23,6,GTGATCTC,0.24870321123647518,0.2146841696298596,0.14012837409973145,-0.3749915475022053,-0.3812579238276359,-0.006266376325430589,-0.07455579553012814,0.21038018243406942,0.006265932794375928
20000,23,6,GTATCGTA,1.0216402515576897,1.0130841042592584,1.1479731798171997,0.39794549281900915,0.41714201080176294,0.01919651798275379,0.13488907555794127,0.06293865136182042,0.011601767571233879
20000,23,6,GTCTGATA,0.20279532060286756,0.14291599568160565,0.4249410033226013,-0.420899438135813,-0.45302609777588987,-0.03212665964007688,0.2820250076409957,0.3676393835662495,0.008363434038678008
20000,23,6,GTATCGTA,1.0216402515576897,1.0130841042592584,0.9373571872711182,0.39794549281900915,0.41714201080176294,0.01919651798275379,-0.07572691698814027,0.06293865136182042,0.011601767571233879
20000,24,4,GATACGGC,0.8760304320838583,0.8602763503755948,0.42507100105285645,0.06972645224691365,0.09023051853243169,0.02050406628551804,-0.43520534932273836,0.0689178097209826,0.005901482887928466
20000,24,4,GACACCCC,0.6255350464367422,0.5652854044504545,0.9892345666885376,-0.1807689334002025,-0.2047604273927086,-0.023991493992506108,0.4239491622380831,0.24653721834635967,0.005538650401208933
20000,24,4,GATACGCC,1.115534313512612,1.112640091516369,1.2484474182128906,0.3092303336756672,0.3425942596732059,0.03336392599753868,0.13580732669652162,0.019333640603045654,0.007756752618074181
20000,24,4,GATACTCC,0.6081161273145662,0.5419814810302344,0.5702336430549622,-0.19818785252237847,-0.22806435081292875,-0.02987649829055028,0.0282521620247278,0.2684144342684971,0.003875849131169673
20000,25,5,TTTGATAC,0.5002514942090979,0.4782205644218866,0.807463526725769,-0.27586626525463886,-0.27968554828704045,-0.003819283032401588,0.32924296230388245,0.11565955748692769,0.005504908550871157
20000,25,5,TGTGATCC,1.0610237920067325,1.0582833037214971,1.0290929079055786,0.28490603254299574,0.3003771910125701,0.015471158469574364,-0.029190395815918535,0.019045757114660056,0.00534331568848323
20000,25,5,TGTGATCC,1.0610237920067325,1.0582833037214971,0.9352290630340576,0.28490603254299574,0.3003771910125701,0.015471158469574364,-0.12305424068743953,0.019045757114660056,0.00534331568848323
20000,25,5,TATGATCG,0.4821719596323845,0.43683727897082747,0.3989509344100952,-0.2939457998313522,-0.3210688337380996,-0.027123033906747362,-0.037886344560732255,0.23003322184596886,0.0033598185381835677
20000,26,6,GTAATCCC,0.6571781394690571,0.6288033511838865,0.8542433977127075,0.15626108437872444,0.15158185717300499,-0.0046792272057194495,0.225440046528821,0.18124316744100533,0.01099443772998221
20000,26,6,GATATCTG,0.43940979240687933,0.41234782848106083,0.6562501192092896,-0.061507262683453356,-0.06487366552982071,-0.0033664028463673557,0.24390229072822872,0.17909739871180452,0.016725615156893525
20000,26,6,GGCATATA,0.34008220006511936,0.31926268494442134,0.5474178791046143,-0.16083485502521333,-0.1579588090664602,0.002876045958753126,0.22815519416019292,0.1321325623402947,0.0072154716161065835
20000,26,6,GATATATC,0.566998088420275,0.5484721114341576,0.7426931858062744,0.06608103332994231,0.0712506174232761,0.00516958409333379,0.19422107437211678,0.1186447269352584,0.007488865018554058
20000,27,4,CAATATCT,0.41900615426653376,0.4133783093420793,0.7617185115814209,-0.42732278937813706,-0.4320888972724787,-0.00476610789434162,0.3483402022393416,0.027412265582393402,0.004900885884575601
20000,27,4,CGATATCG,0.9887698734373831,0.9894968390387175,0.9658114910125732,0.14244092979271228,0.14402963242415956,0.0015887026314472807,-0.023685348026144304,0.0084640682536401,0.011371930658977902
20000,27,4,CGATATCG,0.9887698734373831,0.9894968390387175,1.0971354246139526,0.14244092979271228,0.14402963242415956,0.0015887026314472807,0.10763858557523509,0.0084640682536401,0.011371930658977902
20000,27,4,CGATATCG,0.9887698734373831,0.9894968390387175,0.6731560826301575,0.14244092979271228,0.14402963242415956,0.0015887026314472807,-0.3163407564085601,0.0084640682536401,0.011371930658977902
20000,28,3,ATATCCCT,0.8339915753491877,0.8326813280065025,0.6346274018287659,-0.16401032966731166,-0.1644546954000059,-0.00044436573269424073,-0.19805392617773665,0.007833616140349164,0.0039028741122937305
20000,28,3,CTATCGCT,1.0526720149056032,1.0519542552065104,1.169657826423645,0.054670109889103924,0.054818231800002004,0.00014812191089808024,0.1177035712171346,0.0031974944476236278,0.0010442153503449347
20000,28,3,CTATCGCT,1.0526720149056032,1.0519542552065104,0.9702349901199341,0.054670109889103924,0.054818231800002004,0.00014812191089808024,-0.08171926508657634,0.0031974944476236278,0.0010442153503449347
20000,28,3,CTATCGCT,1.0526720149056032,1.0519542552065104,1.0464683771133423,0.054670109889103924,0.054818231800002004,0.00014812191089808024,-0.0054858780931681395,0.0031974944476236278,0.0010442153503449347
20000,29,4,CTGTCGCG,0.6773220561599845,0.6681538290188962,0.6728836894035339,0.0606997133369096,0.0811839568098851,0.020484243472975505,0.004729860384637741,0.040293040117454826,0.00362013155310148
20000,29,4,CTGTCGCA,0.63160678319522,0.627681905869395,0.5646070241928101,0.01498444037214508,0.040712033660383895,0.025727593288238815,-0.06307488167658493,0.017871116218548533,0.002171606915248425
20000,29,4,GTGATGCG,0.35702932462666936,0.28376202440510223,0.12515103816986084,-0.25959301819640557,-0.30320784780390886,-0.04361482960750329,-0.1586109862352414,0.295406679419532,0.002337478533263493
20000,29,4,ATGATGCG,0.8005312073104259,0.7682817295426507,0.6061372756958008,0.183908864487351,0.18131185733363964,-0.0025970071537113615,-0.16214445384684995,0.13171953591396113,0.002721624842860315
20000,30,6,CTATATCA,0.8604656707206603,0.8515646299211456,0.49236464500427246,0.12503567525424142,0.12918811876936354,0.004152443515122117,-0.3591999849168731,0.06222193567262169,0.008815690875533022
20000,30,6,CTATCCCC,0.43063401659676837,0.40249610828306803,0.1962907314300537,-0.3047959788696505,-0.319880402868714,-0.015084423999063512,-0.20620537685301432,0.17420391752963038,0.005376467647428385
20000,30,6,CTATATCA,0.8604656707206603,0.8515646299211456,0.2310035228729248,0.12503567525424142,0.12918811876936354,0.004152443515122117,-0.6205611070482208,0.06222193567262169,0.008815690875533022
20000,30,6,CTATCGCG,0.7901546238275863,0.7838806764817686,1.099307656288147,0.05472462836116743,0.06150416532998659,0.0067795369688191665,0.31542697980637835,0.045833614986911186,0.008189930912005039
20000,31,2,CTATCGGA,1.2753069272126278,1.275561920425389,1.2785216569900513,0.0,0.0,0.0,0.0029597365646623075,2.2935788066669183e-05,0.0005329222135888045
20000,31,2,CTATCGGA,1.2753069272126278,1.275561920425389,1.275562047958374,0.0,0.0,0.0,1.275329850614071e-07,2.2935788066669183e-05,0.0005329222135888045
20000,31,2,CTATCGGA,1.2753069272126278,1.275561920425389,1.2948521375656128,0.0,0.0,0.0,0.01929021714022383,2.2935788066669183e-05,0.0005329222135888045
20000,31,2,CTATCGGA,1.2753069272126278,1.275561920425389,1.2948521375656128,0.0,0.0,0.0,0.01929021714022383,2.2935788066669183e-05,0.0005329222135888045
22500,0,7,ATAACGCC,0.23404607424780963,0.17607929865405175,0.887054979801178,-0.5663080323474121,-0.6059317314710635,-0.03962369912365138,0.7109756811471262,0.4368952881339032,0.031127858977598066
22500,0,7,ATATCGTA,1.0087150039103148,1.0025192957836346,1.039520025253296,0.208360897315093,0.22050826565851933,0.012147368343426335,0.037000729469661264,0.057659879846121864,0.014289922959360268
22500,0,7,ATATCGCC,0.9793276741113814,0.9747227630313873,0.9119200110435486,0.17897356751615967,0.19271173290627197,0.0137381653901123,-0.06280275198783869,0.05071171989324741,0.018477342333287794
22500,0,7,ATATCGCC,0.9793276741113814,0.9747227630313873,0.9623067378997803,0.17897356751615967,0.19271173290627197,0.0137381653901123,-0.012416025131607,0.05071171989324741,0.018477342333287794
22500,1,5,CTATAGTT,0.15802701394188307,0.13543325343014026,-0.12309694290161133,-0.39566478268994737,-0.39679083239743085,-0.0011260497074834785,-0.25853019633175156,0.11763927235950344,0.004670469800789334
22500,1,5,CAATATTT,0.5808197063085968,0.5507709315496804,0.14272642135620117,0.02712790967676637,0.018546845722109295,-0.008581063954657075,-0.4080445101934792,0.15704923319251396,0.0068053593979318094
22500,1,5,CAATATTT,0.5808197063085968,0.5507709315496804,1.1509673595428467,0.02712790967676637,0.018546845722109295,-0.008581063954657075,0.6001964279931663,0.15704923319251396,0.0068053593979318094
22500,1,5,CGATCTTT,0.8951007599682448,0.8919212267807837,0.9729791879653931,0.34140896333641435,0.3596971409532126,0.01828817761679824,0.0810579611846094,0.020208510730142404,0.004310844792835944
22500,2,7,CTATCATA,0.6819736780058473,0.6563377623430446,0.4182114601135254,0.4643022273402048,0.484709628283594,0.020407400943389165,-0.23812630222951925,0.18872009560983116,0.009268685970212687
22500,2,7,TTTGGTCC,-0.11677091579536533,-0.18575687486500922,-0.5042910575866699,-0.3344423664610078,-0.35738500892445985,-0.022942642463452068,-0.3185341827216607,0.49044053950544786,0.007538826017940536
22500,2,7,TTAAATCC,-0.12166464368335868,-0.17275331624004306,0.04998290538787842,-0.33933609434900114,-0.3443814502994937,-0.005045355950492547,0.22273622162792148,0.37151566555225735,0.013894957655466555
22500,2,7,ATTATCCC,0.4271476841354467,0.3886849649998102,0.12990307807922363,0.2094762334698042,0.21705683094035957,0.007580597470555367,-0.25878188692058657,0.27720035625754136,0.007961322308085883
22500,3,4,ATATCGTA,1.278705392542602,1.278539456582318,1.252264380455017,0.3252461299727486,0.3304941315727774,0.0052480016000288066,-0.026275076127300956,0.003275714455165668,0.002611970614029957
22500,3,4,ATCTCGTA,0.4257276158473997,0.4118560502150408,0.5964468717575073,-0.5277316467224537,-0.5361892747944998,-0.008457628072046197,0.18459082154246653,0.05761742473481224,0.002131162205376569
22500,3,4,ATATCCTA,0.83069864934681,0.8232463366584857,1.2292706966400146,-0.12276061322304332,-0.12479898835105496,-0.002038375128011638,0.40602435998152897,0.03153703207953029,0.0017277813262328579
22500,3,4,ATATCGTA,1.278705392542602,1.278539456582318,1.2262486219406128,0.3252461299727486,0.3304941315727774,0.0052480016000288066,-0.05229083464170525,0.003275714455165668,0.002611970614029957
22500,4,7,CGATATCA,0.9104143747734372,0.907985605154469,1.1656498908996582,0.06677206583300899,0.06951345990433344,0.0027413940713244545,0.2576642857451892,0.04289639009324109,0.02589500276046408
22500,4,7,TGTTATCG,0.22015797516622904,0.20160250826010184,0.2850104570388794,-0.6234843337741992,-0.6368696369900337,-0.013385303215834532,0.08340794877877755,0.1419750727089788,0.012086804366088444
22500,4,7,CGATATCG,1.0566593872877008,1.0566253204407892,0.9497363567352295,0.21301707834727257,0.21815317519065358,0.005136096843381011,-0.10688896370555967,0.02510745325382402,0.02486898532544224
22500,4,7,CGATATAT,1.1873374985343461,1.187675147145182,1.0854610204696655,0.34369518959391787,0.3492030018950465,0.005507812301128623,-0.10221412667551655,0.023253857574556225,0.025617397850407286
22500,5,5,AGGGTATC,0.705331103108277,0.6964560255493648,0.6798421144485474,0.23189653940409904,0.24551680790051805,0.013620268496419008,-0.016613911100817447,0.05009293320672059,0.00571754541215963
22500,5,5,AGGATATC,0.7148864737614511,0.6972474439442149,0.9072492122650146,0.24145191005727318,0.24630822629536814,0.00485631623809496,0.21000176832079975,0.09631953048018538,0.008124381394003954
22500,5,5,GGTGTATC,0.2069136673531638,0.16278046850115047,0.6081644296646118,-0.2665208963510141,-0.2881587491476963,-0.021637852796682178,0.44538396116346135,0.22414165795176189,0.0034756636916952743
22500,5,5,GGGGGATC,0.26660701059381997,0.24727293260065686,0.28432679176330566,-0.20682755311035794,-0.2036662850481899,0.0031612680621680433,0.037053859162648806,0.09924653699790209,0.0025761470320864177
22500,6,4,CGATATCA,0.7880863794777982,0.7842754285472138,0.9110642671585083,-0.09738129421182051,-0.09920703891354299,-0.001825744701722476,0.12678883861129453,0.022395431670777288,0.007151627948439376
22500,6,4,CGATATCT,0.9828489679014393,0.9826895063742997,1.0967307090759277,0.09738129421182051,0.09920703891354299,0.001825744701722476,0.11404120270162799,0.011917086494948048,0.011279240386389944
22500,6,4,CGATATCT,0.9828489679014393,0.9826895063742997,1.0366780757904053,0.09738129421182051,0.09920703891354299,0.001825744701722476,0.053988569416105525,0.011917086494948048,0.011279240386389944
22500,6,4,CGATATCA,0.7880863794777982,0.7842754285472138,0.7771528959274292,-0.09738129421182051,-0.09920703891354299,-0.001825744701722476,-0.007122532619784572,0.022395431670777288,0.007151627948439376
22500,7,1,CGATATAT,1.3126119375228882,1.3126119375228882,1.3126120567321777,0.0,0.0,0.0,1.1920928955078125e-07,0.0,0.0
22500,7,1,CGATATAT,1.3126119375228882,1.3126119375228882,1.3126120567321777,0.0,0.0,0.0,1.1920928955078125e-07,0.0,0.0
22500,7,1,CGATATAT,1.3126119375228882,1.3126119375228882,1.3126120567321777,0.0,0.0,0.0,1.1920928955078125e-07,0.0,0.0
22500,7,1,CGATATAT,1.3126119375228882,1.3126119375228882,1.3126120567321777,0.0,0.0,0.0,1.1920928955078125e-07,0.0,0.0
22500,8,5,CGATCGTA,0.8479195810500924,0.8447226778316932,0.8115391731262207,0.14669151187048346,0.1500725996344896,0.003381087764006141,-0.03318350470547249,0.01997872005550949,0.003994203963513243
22500,8,5,CGATCTTA,0.6581358363636418,0.6532257854589254,0.6988083124160767,-0.04309223281596708,-0.04142429273827819,0.0016679400776888897,0.04558252695715126,0.030970447601104567,0.006420193077522285
22500,8,5,CGATAATA,0.45093727825460894,0.4359291716665027,0.6332076787948608,-0.25029079092499995,-0.2587209065307009,-0.00843011560570095,0.19727850712835815,0.08000419531445324,0.004963662373921984
22500,8,5,CGATCGTA,0.8479195810500924,0.8447226778316932,0.7479279041290283,0.14669151187048346,0.1500725996344896,0.003381087764006141,-0.09679477370266487,0.01997872005550949,0.003994203963513243
22500,9,5,AGGATAAC,0.11470054642195163,0.09509675521713952,-0.8527088165283203,-0.5727751973963154,-0.5830830764165147,-0.010307879020199251,-0.9478055717454599,0.10257881108626687,0.004559855062206353
22500,9,5,ATGATATC,0.8784008096170389,0.8725408571058259,1.0473746061325073,0.1909250657987719,0.1943610254721716,0.0034359596733997133,0.17483374902668147,0.0373476150501757,0.00804785249411033
22500,9,5,ATGATATC,0.8784008096170389,0.8725408571058259,0.666220486164093,0.1909250657987719,0.1943610254721716,0.0034359596733997133,-0.20632037094173283,0.0373476150501757,0.00804785249411033
22500,9,5,ATGATATC,0.8784008096170389,0.8725408571058259,0.8819930553436279,0.1909250657987719,0.1943610254721716,0.0034359596733997133,0.009452198237802079,0.0373476150501757,0.00804785249411033
22500,10,5,GAATCGAT,-0.2255997603830931,-0.2983416409666336,-0.2151792049407959,-0.7794470601190013,-0.8227624054811887,-0.043315345362187396,0.08316243602583773,0.3675805537218073,0.003871150804104495
22500,10,5,CGATCTAT,0.8531900383947466,0.8444782013073558,0.9616245031356812,0.2993427386588384,0.32005743679280074,0.020714698133962317,0.1171463018283253,0.053827241620991284,0.010268056184036922
22500,10,5,CGATATAG,0.882019802085145,0.8518601464231805,1.0580523014068604,0.3281725023492368,0.3274393819086254,-0.0007331204406113567,0.20619215498367982,0.1847986341855843,0.034000355875762445
22500,10,5,CTATCGAT,0.7057791188468343,0.6996863512943179,0.7238046526908875,0.15193181911092613,0.17526558677976278,0.023333767668836658,0.024118301396569564,0.03527761585471545,0.004813778092133347
22500,11,5,CGATATCT,1.1290109854023203,1.1305647121284466,1.05604887008667,0.10250643976088969,0.10449478026789927,0.0019883405070095783,-0.07451584204177664,0.007054018734633072,0.014822652365264588
22500,11,5,CGATATCT,1.1290109854023203,1.1305647121284466,1.1678260564804077,0.10250643976088969,0.10449478026789927,0.0019883405070095783,0.037261344351961156,0.007054018734633072,0.014822652365264588
22500,11,5,CGATATCC,0.9239981058805409,0.9215751515926479,0.4984498620033264,-0.10250643976088969,-0.10449478026789938,-0.0019883405070096893,-0.4231252895893215,0.018739130388844227,0.006624358949379072
22500,11,5,CGATATCC,0.9239981058805409,0.9215751515926479,1.1380915641784668,-0.10250643976088969,-0.10449478026789938,-0.0019883405070096893,0.21651641258581888,0.018739130388844227,0.006624358949379072
22500,12,3,ATATCGTC,0.6871429710620506,0.6840125655548436,0.5079591274261475,-0.1596113481291842,-0.16231792487411034,-0.002706576744926137,-0.17605343812869612,0.01112175083280409,0.001730534311183085
22500,12,3,ATATCCTA,0.5651147892830636,0.5659174670775733,0.5683069229125977,-0.2816395299081712,-0.28041302335138063,0.0012265065567905742,0.0023894558350243678,0.001089935853919588,0.003497969237448828
22500,12,3,ATATCGTA,1.0673797582099125,1.0676959645416997,1.1065547466278076,0.2206254390186777,0.22136547411274576,0.0007400350940680589,0.038858782086107935,0.0031766383230682482,0.004125257318429831
22500,12,3,ATATCGTA,1.0673797582099125,1.0676959645416997,1.0247251987457275,0.2206254390186777,0.22136547411274576,0.0007400350940680589,-0.04297076579597214,0.0031766383230682482,0.004125257318429831
22500,13,6,GATACGCC,1.0019407860874943,0.9828555370745656,0.8707717657089233,0.04734630474341073,0.04935525128805429,0.002008946544643564,-0.11208377136564229,0.1317361062120863,0.017224612134515205
22500,13,6,ATTACGCC,0.48239958001660027,0.4270247110527829,0.2774895429611206,-0.47219490132748326,-0.5064755747337284,-0.03428067340624513,-0.14953516809166228,0.35744325884568884,0.025194045062784554
22500,13,6,ATATCGCC,1.1670187796361198,1.1620604475093483,1.1224745512008667,0.21242429829203624,0.228560161722837,0.016135863430800756,-0.03958589630848164,0.04096717746012102,0.011217184699493288
22500,13,6,ATATCGCC,1.1670187796361198,1.1620604475093483,1.190280795097351,0.21242429829203624,0.228560161722837,0.016135863430800756,0.028220347588002737,0.04096717746012102,0.011217184699493288
22500,14,4,CGATCTAT,0.8049769634916742,0.8028622630905982,1.05045485496521,0.31994845651728454,0.32742729072924687,0.007478834211962326,0.2475925918746118,0.012789176231736032,0.004330374627431688
22500,14,4,CGATCCAT,0.4257944580908598,0.40715480712242447,0.0193636417388916,-0.0592340488835299,-0.06828016523892683,-0.009046116355396927,-0.38779116538353287,0.08145646147177787,0.0068978575980365164
22500,14,4,AGATCTAT,-0.5062548195255756,-0.5255619206776219,-0.18735253810882568,-0.9912833264999653,-1.0009968930389732,-0.0097135665390079,0.3382093825687962,0.07873404718267007,0.0015056425744850443
22500,14,4,CGATATAT,1.2155974258406004,1.2172847399100044,1.2185763120651245,0.7305689188662107,0.7418497675486531,0.01128084868244239,0.001291572155120102,0.0035923147191435634,0.010341570996759586
22500,15,6,GATACTTC,0.600963027781062,0.5611315176873978,0.663004457950592,0.1837772860974548,0.17744562838617817,-0.006331657711276639,0.10187294026319427,0.24347437197190125,0.004485311409915482
22500,15,6,CATTCATA,-0.11139883152717485,-0.1686135512259268,-0.4231358766555786,-0.5285845732107821,-0.5522994405271464,-0.023714867316364296,-0.2545223254296518,0.34969692108004224,0.0064086028875305345
22500,15,6,TTTAAGTA,0.2926129503630433,0.2626637542620293,0.17831456661224365,-0.12457279132056392,-0.12102213503919029,0.003550656281373632,-0.08434918764978566,0.19181806064684626,0.012122884040762116
22500,15,6,GATACGTG,0.8865658201174985,0.8795618364813782,0.9790357351303101,0.4693800784338913,0.4958759471801586,0.026495868746267304,0.09947389864893186,0.045374384720314076,0.003350482903591967
22500,16,3,CGATCTAT,1.3179714481327658,1.3189891298146297,1.411980390548706,0.2602818669532927,0.2621641146122582,0.0018822476589654968,0.09299126073407638,0.0012343035242537992,0.004287348569845584
22500,16,3,CGATCTAT,1.3179714481327658,1.3189891298146297,1.2778587341308594,0.2602818669532927,0.2621641146122582,0.0018822476589654968,-0.041130395683770304,0.0012343035242537992,0.004287348569845584
22500,16,3,CGATCTAA,0.2768439803195946,0.27033267136559685,0.2951180934906006,-0.7808456008598785,-0.7864923438367746,-0.005646742976896046,0.02478542212500373,0.022987296378967237,0.0034533695169738365
22500,16,3,CGATCTAT,1.3179714481327658,1.3189891298146297,1.3189318180084229,0.2602818669532927,0.2621641146122582,0.0018822476589654968,-5.731180620682785e-05,0.0012343035242537992,0.004287348569845584
22500,17,5,CTATCGAT,0.6396583321714671,0.6303742017988888,0.32397353649139404,-0.10977541736668339,-0.11086906320143786,-0.0010936458347544642,-0.30640066530749477,0.05058773468062139,0.004167082817730261
22500,17,5,CTATCGAT,0.6396583321714671,0.6303742017988888,0.5217403173446655,-0.10977541736668339,-0.11086906320143786,-0.0010936458347544642,-0.10863388445422328,0.05058773468062139,0.004167082817730261
22500,17,5,CGATCTAT,0.8592091669048341,0.8521123282017644,0.8862471580505371,0.10977541736668361,0.11086906320143775,0.0010936458347541311,0.034134829848772696,0.04625922054822462,0.010775027032876139
22500,17,5,CGATCTAT,0.8592091669048341,0.8521123282017644,0.8342633843421936,0.10977541736668361,0.11086906320143775,0.0010936458347541311,-0.01784894385957081,0.04625922054822462,0.010775027032876139
22500,18,4,CTATCGAG,0.0019967500282283,-0.0049746671381094565,0.23106348514556885,-0.48535697021898216,-0.4852923273350221,6.464288396007545e-05,0.2360381522836783,0.03295070387257493,0.0050650352072239
22500,18,4,CGATCGCG,0.7497737869387701,0.7491723475759502,0.8109503984451294,0.2624200666915596,0.26885468737903756,0.0064346206874779655,0.0617780508691792,0.010237431490855986,0.00783167403957652
22500,18,4,CTATCGGA,0.5988221720109218,0.5885364801749049,0.8396881818771362,0.11146845176371134,0.10821881997799226,-0.003249631785719076,0.25115170170223133,0.04534171019817679,0.004198942854109156
22500,18,4,CTATCGGA,0.5988221720109218,0.5885364801749049,0.755276083946228,0.11146845176371134,0.10821881997799226,-0.003249631785719076,0.16673960377132313,0.04534171019817679,0.004198942854109156
22500,19,5,CAGTATAT,0.6430882016402474,0.6324871124109869,0.9013739824295044,-0.07343523208319469,-0.06942524906849357,0.004009983014701124,0.2688868700185175,0.05596243442301985,0.0029569882767175315
22500,19,5,CGATATAT,1.2693277928051128,1.2707705602981147,1.0997519493103027,0.5528043590816707,0.5688581988186343,0.016053839736963615,-0.17101861098781201,0.0018061668237308037,0.009020004288740502
22500,19,5,CGATATAG,0.97723160364596,0.9665950497550264,0.7449650764465332,0.2607081699225179,0.264682688275546,0.003974518353028089,-0.2216299733084932,0.06624050744983068,0.013057737995162633
22500,19,5,CGATACAA,-0.023553863197551726,-0.06220327654620661,-0.03953659534454346,-0.7400772969209938,-0.764115638025687,-0.024038341104693273,0.022666681201663152,0.1974610762174418,0.004214009474167391
22500,20,5,GATACGTC,0.6809330893424614,0.6730772213637828,0.752540111541748,-0.06496297196603074,-0.06509689675333585,-0.00013392478730511748,0.07946289017796526,0.048598439809247385,0.00931909991585389
22500,20,5,GATACGCG,0.860284914561926,0.8579605635752277,1.0837996006011963,0.11438885325343384,0.11978644545810901,0.005397592204675172,0.22583903702596864,0.01875660580736538,0.007134850873873333
22500,20,5,GATACGCC,0.9596556854627465,0.9584140623857577,0.9061537981033325,0.2137596241542543,0.22023994426863902,0.006480320114384708,-0.05226026428242514,0.0160162423149397,0.009808126929995886
22500,20,5,GATAGGTA,0.48271055586683465,0.4632446251437067,0.32446718215942383,-0.26318550544165753,-0.27492949297341196,-0.01174398753175443,-0.13877744298428285,0.10272168796495773,0.005392034349317676
22500,21,5,CGATATAC,0.7269355726963104,0.7230367621655258,0.9162285923957825,-0.16026387486785343,-0.1599189530561368,0.0003449218117166364,0.19319183023025666,0.02503227791621665,0.00553822526229375
22500,21,5,CAATATAT,0.9373577024660381,0.9240476711342724,0.6706579327583313,0.05015825490187431,0.041091955912609834,-0.009066298989264476,-0.25338973837594114,0.07317893197706526,0.006628775318236357
22500,21,5,CGATATAT,1.1412280854092784,1.142121999027828,1.2857295274734497,0.25402863784511465,0.25916628380616535,0.0051376459610507075,0.14360752844562175,0.005655197105825405,0.010124765198572305
22500,21,5,CGATATCA,0.7432764296850282,0.7426164285590243,0.7227527499198914,-0.14392301787913564,-0.14033928666263829,0.0035837312164973545,-0.019863678639132964,0.013726769095358193,0.010426763465338773
22500,22,2,CGATATAT,1.448943761648936,1.4490990554913878,1.449099063873291,0.0,0.0,0.0,8.381903171539307e-09,2.8092575831251132e-05,0.0003386802607350248
22500,22,2,CGATATAT,1.448943761648936,1.4490990554913878,1.4885532855987549,0.0,0.0,0.0,0.03945423010736704,2.8092575831251132e-05,0.0003386802607350248
22500,22,2,CGATATAT,1.448943761648936,1.4490990554913878,1.5066779851913452,0.0,0.0,0.0,0.05757892969995737,2.8092575831251132e-05,0.0003386802607350248
22500,22,2,CGATATAT,1.448943761648936,1.4490990554913878,1.4096449613571167,0.0,0.0,0.0,-0.039454094134271145,2.8092575831251132e-05,0.0003386802607350248
22500,23,4,CGATATAC,0.6756760153719773,0.6637805718152479,1.1396881341934204,-0.17385169045857418,-0.1762189602013675,-0.002367269742793332,0.47590756237817256,0.05048496694721072,0.0029031927202929353
22500,23,4,CGATATAT,1.2040370722550362,1.2054357587282238,1.2617108821868896,0.3545093664244847,0.36543622671160847,0.010926860287123752,0.05627512345866581,0.0015951760214795163,0.0071899219142297355
22500,23,4,CGATATAC,0.6756760153719773,0.6637805718152479,0.6011455059051514,-0.17385169045857418,-0.1762189602013675,-0.002367269742793332,-0.06263506591009649,0.05048496694721072,0.0029031927202929353
22500,23,4,CGATATAG,0.8427217203232155,0.8270012257077421,0.7952020168304443,-0.006805985507336021,-0.01299830630887322,-0.006192320801537199,-0.03179920887729781,0.07179698219274444,0.00891500373085119
22500,24,3,TCTATCTC,0.4544788511320729,0.4249548907909131,0.6211644411087036,-0.20073580068370273,-0.21523174612472407,-0.01449594544102134,0.19620955031779053,0.08862656713827954,5.468611480008434e-05
22500,24,3,TATAACTC,0.25769747080933314,0.2408267185091971,0.13869833946228027,-0.3975171810064425,-0.39935991840644003,-0.0018427373999975183,-0.10212837904691682,0.05145657286025562,0.0008443159598474637
22500,24,3,TATACCTC,0.9543411426608482,0.9474824691812193,0.9230465888977051,0.2991264908450726,0.3072958322655821,0.008169341420509513,-0.024435880283514178,0.022255706718953494,0.0016796862800667611
22500,24,3,TATACCTC,0.9543411426608482,0.9474824691812193,0.8729214668273926,0.2991264908450726,0.3072958322655821,0.008169341420509513,-0.07456100235382668,0.022255706718953494,0.0016796862800667611
22500,25,1,CGAGATAT,1.4698004722595215,1.4698004722595215,1.4698004722595215,0.0,0.0,0.0,0.0,0.0,0.0
22500,25,1,CGAGATAT,1.4698004722595215,1.4698004722595215,1.4698004722595215,0.0,0.0,0.0,0.0,0.0,0.0
22500,25,1,CGAGATAT,1.4698004722595215,1.4698004722595215,1.4698004722595215,0.0,0.0,0.0,0.0,0.0,0.0
22500,25,1,CGAGATAT,1.4698004722595215,1.4698004722595215,1.4698004722595215,0.0,0.0,0.0,0.0,0.0,0.0
22500,26,5,CGATATAT,1.1138222677648588,1.1146046594033634,1.2184393405914307,0.22376632876708613,0.22656917604928217,0.0028028472821960415,0.10383468118806727,0.009808226664736797,0.013720184857260342
22500,26,5,CGATATAT,1.1138222677648588,1.1146046594033634,1.2493534088134766,0.22376632876708613,0.22656917604928217,0.0028028472821960415,0.13474874941011317,0.009808226664736797,0.013720184857260342
22500,26,5,CGATATCG,0.9119864504364884,0.913850779992838,0.9325094223022461,0.021930511438715716,0.025815296638756813,0.0038847852000410965,0.018658642309408058,0.00841893127010973,0.017740579051857885
22500,26,5,CAATATCT,0.420592770024885,0.4090818346167602,0.37819743156433105,-0.4694631689728877,-0.47895364873732105,-0.009490479764433346,-0.03088440305242912,0.06731770751400212,0.00976303047337801
22500,27,3,CGATCGCC,1.088808088177885,1.0903761915267545,1.242386817932129,0.23921856251676854,0.24043010009821308,0.001211537581444544,0.15201062640537444,0.0005974276507998422,0.005301737697408271
22500,27,3,TGATCGCC,0.7698500048221936,0.7698027247291369,0.867265522480011,-0.07973952083892288,-0.08014336669940447,-0.00040384586048158866,0.09746279775087408,0.0034577187998268144,0.0033158785206568453
22500,27,3,TGATCGCC,0.7698500048221936,0.7698027247291369,0.786239743232727,-0.07973952083892288,-0.08014336669940447,-0.00040384586048158866,0.01643701850359014,0.0034577187998268144,0.0033158785206568453
22500,27,3,TGATCGCC,0.7698500048221936,0.7698027247291369,0.8685219287872314,-0.07973952083892288,-0.08014336669940447,-0.00040384586048158866,0.09871920405809453,0.0034577187998268144,0.0033158785206568453
22500,28,4,TGTGGATC,0.9497995972698627,0.9469551675526118,0.9271736741065979,0.15429876726025538,0.15413244244912971,-0.0001663248111256621,-0.019781493446013876,0.014810226690553874,0.003432507821550246
22500,28,4,TGGGGATC,0.5282177933387018,0.5270882567759452,0.722053050994873,-0.2672830366709056,-0.2657344683275369,0.0015485683433686948,0.19496479421892787,0.015140542063899254,0.010622395812872831
22500,28,4,TGTGGATC,0.9497995972698627,0.9469551675526118,0.8738293051719666,0.15429876726025538,0.15413244244912971,-0.0001663248111256621,-0.07312586238064522,0.014810226690553874,0.003432507821550246
22500,28,4,TGCGGATA,0.7541863321600025,0.7502923085327593,0.7248421907424927,-0.041314497849604837,-0.04253041657072276,-0.0012159187211179256,-0.025450117790266624,0.017667870533519814,0.0020917760245469097
22500,29,4,ATGATGTC,0.2524992449176693,0.2093026256576802,0.6003804802894592,-0.5430985627585249,-0.568233443918871,-0.025134881160346123,0.391077854631779,0.18792043043798845,0.01513395339803214
22500,29,4,ATCATGCA,0.9766306619290358,0.9669472175495082,0.9534468650817871,0.18103285425284166,0.189411147972957,0.008378293720115337,-0.013500352467721077,0.06371129125417907,0.0249775137360686
22500,29,4,ATCATGCA,0.9766306619290358,0.9669472175495082,1.1222096681594849,0.18103285425284166,0.189411147972957,0.008378293720115337,0.15526245060997668,0.06371129125417907,0.0249775137360686
22500,29,4,ATCATGCA,0.9766306619290358,0.9669472175495082,1.0956039428710938,0.18103285425284166,0.189411147972957,0.008378293720115337,0.12865672532158556,0.06371129125417907,0.0249775137360686
22500,30,3,CGATCCAT,0.4646449872761818,0.4491456937458782,0.6132910251617432,0.2308435874658289,0.2241459387458034,-0.006697648720025484,0.16414533141586496,0.04689590536753796,0.0003980247766270928
22500,30,3,CGATACTT,0.30539666952933225,0.29450733628537923,0.4438527822494507,0.07159526971897934,0.06950758128530443,-0.0020876884336749058,0.14934544596407145,0.036312091384622214,0.0036440916527631373
22500,30,3,CGATCCTT,0.09696800638191065,0.09586890869670468,0.33330070972442627,-0.13683339342844225,-0.12913084630337013,0.007702547125072123,0.2374318010277216,0.00389052238466725,0.0005932293290493718
22500,30,3,CGATACCA,0.068195936053987,0.06047708127233712,0.01864480972290039,-0.16560546375636592,-0.16452267372773768,0.0010827900286282388,-0.04183227154943673,0.025600494247663974,0.002443929902714359
22500,31,6,CGATATCA,0.9007339786248295,0.8868909916530047,0.8016323447227478,0.23868785762835187,0.24929080653803093,0.010602948909679055,-0.08525864693025687,0.09458502572621619,0.011527103895266677
22500,31,6,CGATATGA,0.4985877818406161,0.45702403582787693,0.5652045607566833,-0.16345833915586155,-0.1805761492870968,-0.017117810131235256,0.10818052492880642,0.2586793728650365,0.009296896788601572
22500,31,6,CTATCGGA,0.6751942434414518,0.6540377876061626,0.9534406661987305,0.013148122444974208,0.016437602491188863,0.0032894800462146545,0.29940287859256787,0.1347708764776634,0.007832141465927478
22500,31,6,CTATCTTA,0.5736684800790129,0.5524479253728506,0.7665427327156067,-0.0883776409174647,-0.08515225974212315,0.0032253811753415462,0.2140948073427561,0.13108227159152364,0.0037589433545495154
