step,context,hidden,y,d_exact,d_sur_expected,d_sur_draw,d_exact_centered,d_sur_expected_centered,bias_centered,noise,gap,gap_ref
0,0,5,CTATCGCA,0.0,0.0,0.0,0.0,0.0,0.0,0.0,0.0029785283353647163,0.0029785283353647163
0,0,5,CAGTCGCG,0.0,0.0,0.0,0.0,0.0,0.0,0.0,0.021998221581677413,0.021998221581677413
0,0,5,CGGTCGCG,0.0,0.0,0.0,0.0,0.0,0.0,0.0,0.003411118116355638,0.003411118116355638
0,0,5,ATGTCGCG,0.0,0.0,0.0,0.0,0.0,0.0,0.0,0.16208129253922898,0.16208129253922898
0,1,4,ACTGCGGC,0.0,0.0,0.0,0.0,0.0,0.0,0.0,0.04814780822930809,0.04814780822930809
0,1,4,ACTACGGC,0.0,0.0,0.0,0.0,0.0,0.0,0.0,0.007236915585105752,0.007236915585105752
0,1,4,ACTACGGC,0.0,0.0,0.0,0.0,0.0,0.0,0.0,0.007236915585105752,0.007236915585105752
0,1,4,ACTACGGC,0.0,0.0,0.0,0.0,0.0,0.0,0.0,0.007236915585105752,0.007236915585105752
0,2,4,CGATCGCG,0.0,0.0,0.0,0.0,0.0,0.0,0.0,9.846947698359532e-05,9.846947698359532e-05
0,2,4,CGATCGCG,0.0,0.0,0.0,0.0,0.0,0.0,0.0,9.846947698359532e-05,9.846947698359532e-05
0,2,4,CGATCGCG,0.0,0.0,0.0,0.0,0.0,0.0,0.0,9.846947698359532e-05,9.846947698359532e-05
0,2,4,CGATCGCG,0.0,0.0,0.0,0.0,0.0,0.0,0.0,9.846947698359532e-05,9.846947698359532e-05
0,3,4,CGGTCGCG,0.0,0.0,0.0,0.0,0.0,0.0,0.0,0.0014020462111038468,0.0014020462111038468
0,3,4,CTATCGCA,0.0,0.0,0.0,0.0,0.0,0.0,0.0,0.002784291233860592,0.002784291233860592
0,3,4,CTATCGCA,0.0,0.0,0.0,0.0,0.0,0.0,0.0,0.002784291233860592,0.002784291233860592
0,3,4,CAGTCGCG,0.0,0.0,0.0,0.0,0.0,0.0,0.0,0.008064730118169994,0.008064730118169994
0,4,7,TTTAGGCC,0.0,0.0,0.0,0.0,0.0,0.0,0.0,0.0016042339360811397,0.0016042339360811397
0,4,7,TTTAGGCC,0.0,0.0,0.0,0.0,0.0,0.0,0.0,0.0016042339360811397,0.0016042339360811397
0,4,7,TCTACGGC,0.0,0.0,0.0,0.0,0.0,0.0,0.0,0.18803403533290286,0.18803403533290286
0,4,7,TTTAGGCC,0.0,0.0,0.0,0.0,0.0,0.0,0.0,0.0016042339360811397,0.0016042339360811397
0,5,5,TTTGGGCG,0.0,0.0,0.0,0.0,0.0,0.0,0.0,0.006761134093373755,0.006761134093373755
0,5,5,TTTGGGCC,0.0,0.0,0.0,0.0,0.0,0.0,0.0,0.0006082620959496632,0.0006082620959496632
0,5,5,TGTGGGCG,0.0,0.0,0.0,0.0,0.0,0.0,0.0,0.009835668625084004,0.009835668625084004
0,5,5,TTTAGGCC,0.0,0.0,0.0,0.0,0.0,0.0,0.0,0.0007384719113716631,0.0007384719113716631
0,6,4,TTTGGGCC,0.0,0.0,0.0,0.0,0.0,0.0,0.0,0.000878640117941476,0.000878640117941476
0,6,4,TTTAGGCC,0.0,0.0,0.0,0.0,0.0,0.0,0.0,0.003458913875716396,0.003458913875716396
0,6,4,TTTAGGCC,0.0,0.0,0.0,0.0,0.0,0.0,0.0,0.003458913875716396,0.003458913875716396
0,6,4,TTTAGGCC,0.0,0.0,0.0,0.0,0.0,0.0,0.0,0.003458913875716396,0.003458913875716396
0,7,2,TTTGGGCC,0.0,0.0,0.0,0.0,0.0,0.0,0.0,0.00011931716456214936,0.00011931716456214936
0,7,2,TTTAGGCC,0.0,0.0,0.0,0.0,0.0,0.0,0.0,7.204959104889497e-07,7.204959104889497e-07
0,7,2,TTTGGGCC,0.0,0.0,0.0,0.0,0.0,0.0,0.0,0.00011931716456214936,0.00011931716456214936
0,7,2,TTTGGGCG,0.0,0.0,0.0,0.0,0.0,0.0,0.0,0.0004269054929162408,0.0004269054929162408
0,8,3,TTTAGGCC,0.0,0.0,0.0,0.0,0.0,0.0,0.0,3.2879344826486356e-06,3.2879344826486356e-06
0,8,3,TTTAGGCC,0.0,0.0,0.0,0.0,0.0,0.0,0.0,3.2879344826486356e-06,3.2879344826486356e-06
0,8,3,TTTAGGCC,0.0,0.0,0.0,0.0,0.0,0.0,0.0,3.2879344826486356e-06,3.2879344826486356e-06
0,8,3,TTTAGGCC,0.0,0.0,0.0,0.0,0.0,0.0,0.0,3.2879344826486356e-06,3.2879344826486356e-06
0,9,4,TTTACGCC,0.0,0.0,0.0,0.0,0.0,0.0,0.0,0.002290717078926252,0.002290717078926252
0,9,4,TTTACGCC,0.0,0.0,0.0,0.0,0.0,0.0,0.0,0.002290717078926252,0.002290717078926252
0,9,4,TCTACGGC,0.0,0.0,0.0,0.0,0.0,0.0,0.0,0.02217717545831599,0.02217717545831599
0,9,4,TTTACGCC,0.0,0.0,0.0,0.0,0.0,0.0,0.0,0.002290717078926252,0.002290717078926252
0,10,4,CTATCGCG,0.0,0.0,0.0,0.0,0.0,0.0,0.0,0.09186385173791134,0.09186385173791134
0,10,4,CTATCGCA,0.0,0.0,0.0,0.0,0.0,0.0,0.0,0.001346032756719573,0.001346032756719573
0,10,4,CTATCGCA,0.0,0.0,0.0,0.0,0.0,0.0,0.0,0.001346032756719573,0.001346032756719573
0,10,4,CTATCGCA,0.0,0.0,0.0,0.0,0.0,0.0,0.0,0.001346032756719573,0.001346032756719573
0,11,7,TTTAGGCC,0.0,0.0,0.0,0.0,0.0,0.0,0.0,0.0016042339360811397,0.0016042339360811397
0,11,7,TTTAGGCC,0.0,0.0,0.0,0.0,0.0,0.0,0.0,0.0016042339360811397,0.0016042339360811397
0,11,7,TTTAGGCC,0.0,0.0,0.0,0.0,0.0,0.0,0.0,0.0016042339360811397,0.0016042339360811397
0,11,7,TTTAGGCC,0.0,0.0,0.0,0.0,0.0,0.0,0.0,0.0016042339360811397,0.0016042339360811397
0,12,1,CTATCGCA,0.0,0.0,0.0,0.0,0.0,0.0,0.0,0.0,0.0
0,12,1,CTATCGCA,0.0,0.0,0.0,0.0,0.0,0.0,0.0,0.0,0.0
0,12,1,CTATCGCA,0.0,0.0,0.0,0.0,0.0,0.0,0.0,0.0,0.0
0,12,1,CTATCGCA,0.0,0.0,0.0,0.0,0.0,0.0,0.0,0.0,0.0
0,13,6,TTTGGGCC,0.0,0.0,0.0,0.0,0.0,0.0,0.0,0.0014723786160864005,0.0014723786160864005
0,13,6,TCTGGGCC,0.0,0.0,0.0,0.0,0.0,0.0,0.0,0.08179475200872677,0.08179475200872677
0,13,6,TTTAGGCC,0.0,0.0,0.0,0.0,0.0,0.0,0.0,0.0024453823789158946,0.0024453823789158946
0,13,6,TTTGGGCC,0.0,0.0,0.0,0.0,0.0,0.0,0.0,0.0014723786160864005,0.0014723786160864005
0,14,5,CTATCGCA,0.0,0.0,0.0,0.0,0.0,0.0,0.0,0.0029785283353647163,0.0029785283353647163
0,14,5,CGGTCGCG,0.0,0.0,0.0,0.0,0.0,0.0,0.0,0.003411118116355638,0.003411118116355638
0,14,5,CTATCGCA,0.0,0.0,0.0,0.0,0.0,0.0,0.0,0.0029785283353647163,0.0029785283353647163
0,14,5,CTGTCGCG,0.0,0.0,0.0,0.0,0.0,0.0,0.0,0.06026239161933944,0.06026239161933944
0,15,6,TTTAGGCC,0.0,0.0,0.0,0.0,0.0,0.0,0.0,0.0011544124696246383,0.0011544124696246383
0,15,6,TTTAGGCC,0.0,0.0,0.0,0.0,0.0,0.0,0.0,0.0011544124696246383,0.0011544124696246383
0,15,6,TTTAGGCC,0.0,0.0,0.0,0.0,0.0,0.0,0.0,0.0011544124696246383,0.0011544124696246383
0,15,6,TTTAGGCC,0.0,0.0,0.0,0.0,0.0,0.0,0.0,0.0011544124696246383,0.0011544124696246383
0,16,2,TGTGGGCG,0.0,0.0,0.0,0.0,0.0,0.0,0.0,0.00010034285819093824,0.00010034285819093824
0,16,2,TGTGGGCC,0.0,0.0,0.0,0.0,0.0,0.0,0.0,0.00012248365323330734,0.00012248365323330734
0,16,2,TGTGGGCG,0.0,0.0,0.0,0.0,0.0,0.0,0.0,0.00010034285819093824,0.00010034285819093824
0,16,2,TGTGGGCG,0.0,0.0,0.0,0.0,0.0,0.0,0.0,0.00010034285819093824,0.00010034285819093824
0,17,3,TTTAGGCC,0.0,0.0,0.0,0.0,0.0,0.0,0.0,0.0014913974653829598,0.0014913974653829598
0,17,3,TTTAGGCC,0.0,0.0,0.0,0.0,0.0,0.0,0.0,0.0014913974653829598,0.0014913974653829598
0,17,3,TTTGGGCC,0.0,0.0,0.0,0.0,0.0,0.0,0.0,0.0005441548329294665,0.0005441548329294665
0,17,3,TTTAGGCC,0.0,0.0,0.0,0.0,0.0,0.0,0.0,0.0014913974653829598,0.0014913974653829598
0,18,3,CATTCGCG,0.0,0.0,0.0,0.0,0.0,0.0,0.0,0.001442265469248305,0.001442265469248305
0,18,3,CGTTCGCG,0.0,0.0,0.0,0.0,0.0,0.0,0.0,0.0009091126100112534,0.0009091126100112534
0,18,3,CGTTCGCG,0.0,0.0,0.0,0.0,0.0,0.0,0.0,0.0009091126100112534,0.0009091126100112534
0,18,3,CGTTCGCG,0.0,0.0,0.0,0.0,0.0,0.0,0.0,0.0009091126100112534,0.0009091126100112534
0,19,2,TGTGGGCG,0.0,0.0,0.0,0.0,0.0,0.0,0.0,1.565453734531097e-06,1.565453734531097e-06
0,19,2,TGTGGGCG,0.0,0.0,0.0,0.0,0.0,0.0,0.0,1.565453734531097e-06,1.565453734531097e-06
0,19,2,TGTGGGCG,0.0,0.0,0.0,0.0,0.0,0.0,0.0,1.565453734531097e-06,1.565453734531097e-06
0,19,2,TGTGGGCG,0.0,0.0,0.0,0.0,0.0,0.0,0.0,1.565453734531097e-06,1.565453734531097e-06
0,20,3,CAATCTAT,0.0,0.0,0.0,0.0,0.0,0.0,0.0,0.005587828034178122,0.005587828034178122
0,20,3,CAATCTAT,0.0,0.0,0.0,0.0,0.0,0.0,0.0,0.005587828034178122,0.005587828034178122
0,20,3,CGATATAT,0.0,0.0,0.0,0.0,0.0,0.0,0.0,0.016695769355766776,0.016695769355766776
0,20,3,CGATCTAT,0.0,0.0,0.0,0.0,0.0,0.0,0.0,0.004916544760179553,0.004916544760179553
0,21,5,CGGTCGCG,0.0,0.0,0.0,0.0,0.0,0.0,0.0,0.00025614348946984,0.00025614348946984
0,21,5,CGGTCGCG,0.0,0.0,0.0,0.0,0.0,0.0,0.0,0.00025614348946984,0.00025614348946984
0,21,5,CGGTCGCG,0.0,0.0,0.0,0.0,0.0,0.0,0.0,0.00025614348946984,0.00025614348946984
0,21,5,CGGTCGCG,0.0,0.0,0.0,0.0,0.0,0.0,0.0,0.00025614348946984,0.00025614348946984
0,22,2,TCTGCGGC,0.0,0.0,0.0,0.0,0.0,0.0,0.0,1.8422597639622396e-05,1.8422597639622396e-05
0,22,2,TCTGCGGC,0.0,0.0,0.0,0.0,0.0,0.0,0.0,1.8422597639622396e-05,1.8422597639622396e-05
0,22,2,TCTGCGGC,0.0,0.0,0.0,0.0,0.0,0.0,0.0,1.8422597639622396e-05,1.8422597639622396e-05
0,22,2,TCTGCGGC,0.0,0.0,0.0,0.0,0.0,0.0,0.0,1.8422597639622396e-05,1.8422597639622396e-05
0,23,6,AGGTCGTG,0.0,0.0,0.0,0.0,0.0,0.0,0.0,0.027878444686173953,0.027878444686173953
0,23,6,CGGTCGCG,0.0,0.0,0.0,0.0,0.0,0.0,0.0,7.492551256317592e-05,7.492551256317592e-05
0,23,6,AGGTCGCG,0.0,0.0,0.0,0.0,0.0,0.0,0.0,0.05291462784092671,0.05291462784092671
0,23,6,CGGTCGCG,0.0,0.0,0.0,0.0,0.0,0.0,0.0,7.492551256317592e-05,7.492551256317592e-05
0,24,2,TTTGGGCG,0.0,0.0,0.0,0.0,0.0,0.0,0.0,1.7846553124201137e-09,1.7846553124201137e-09
0,24,2,TTTGGGCG,0.0,0.0,0.0,0.0,0.0,0.0,0.0,1.7846553124201137e-09,1.7846553124201137e-09
0,24,2,TTTGGGCG,0.0,0.0,0.0,0.0,0.0,0.0,0.0,1.7846553124201137e-09,1.7846553124201137e-09
0,24,2,TTTGGGCG,0.0,0.0,0.0,0.0,0.0,0.0,0.0,1.7846553124201137e-09,1.7846553124201137e-09
0,25,4,TTTGGGCC,0.0,0.0,0.0,0.0,0.0,0.0,0.0,0.001109980831122681,0.001109980831122681
0,25,4,TTTGGGCG,0.0,0.0,0.0,0.0,0.0,0.0,0.0,0.004468313330843854,0.004468313330843854
0,25,4,CGTGGGCG,0.0,0.0,0.0,0.0,0.0,0.0,0.0,0.028028404754979697,0.028028404754979697
0,25,4,TTTGGGCC,0.0,0.0,0.0,0.0,0.0,0.0,0.0,0.001109980831122681,0.001109980831122681
0,26,5,CTATCGCA,0.0,0.0,0.0,0.0,0.0,0.0,0.0,0.007747254152728811,0.007747254152728811
0,26,5,TTTAGGCC,0.0,0.0,0.0,0.0,0.0,0.0,0.0,0.0025041180743634595,0.0025041180743634595
0,26,5,TTTGGGCC,0.0,0.0,0.0,0.0,0.0,0.0,0.0,0.0020279395054738636,0.0020279395054738636
0,26,5,CTTTGGCC,0.0,0.0,0.0,0.0,0.0,0.0,0.0,0.414546624775582,0.414546624775582
0,27,2,ACTACGGC,0.0,0.0,0.0,0.0,0.0,0.0,0.0,3.094452525598257e-05,3.094452525598257e-05
0,27,2,ACTACGGC,0.0,0.0,0.0,0.0,0.0,0.0,0.0,3.094452525598257e-05,3.094452525598257e-05
0,27,2,ACTACGGC,0.0,0.0,0.0,0.0,0.0,0.0,0.0,3.094452525598257e-05,3.094452525598257e-05
0,27,2,ACTACGGC,0.0,0.0,0.0,0.0,0.0,0.0,0.0,3.094452525598257e-05,3.094452525598257e-05
0,28,2,TTTGGGCC,0.0,0.0,0.0,0.0,0.0,0.0,0.0,1.2809000748958965e-08,1.2809000748958965e-08
0,28,2,TTTGGGCC,0.0,0.0,0.0,0.0,0.0,0.0,0.0,1.2809000748958965e-08,1.2809000748958965e-08
0,28,2,TTTGGGCC,0.0,0.0,0.0,0.0,0.0,0.0,0.0,1.2809000748958965e-08,1.2809000748958965e-08
0,28,2,TTTGGGCC,0.0,0.0,0.0,0.0,0.0,0.0,0.0,1.2809000748958965e-08,1.2809000748958965e-08
0,29,4,CAATCGCT,0.0,0.0,0.0,0.0,0.0,0.0,0.0,0.10691045675013555,0.10691045675013555
0,29,4,CTATCGCA,0.0,0.0,0.0,0.0,0.0,0.0,0.0,0.002494631467015229,0.002494631467015229
0,29,4,CTATCGCA,0.0,0.0,0.0,0.0,0.0,0.0,0.0,0.002494631467015229,0.002494631467015229
0,29,4,CTATCGCA,0.0,0.0,0.0,0.0,0.0,0.0,0.0,0.002494631467015229,0.002494631467015229
0,30,5,TTTAGGCC,0.0,0.0,0.0,0.0,0.0,0.0,0.0,0.0026214983204827513,0.0026214983204827513
0,30,5,TTTAGGCC,0.0,0.0,0.0,0.0,0.0,0.0,0.0,0.0026214983204827513,0.0026214983204827513
0,30,5,TGTGGGCC,0.0,0.0,0.0,0.0,0.0,0.0,0.0,0.029092734230105943,0.029092734230105943
0,30,5,TTTAGGCC,0.0,0.0,0.0,0.0,0.0,0.0,0.0,0.0026214983204827513,0.0026214983204827513
0,31,4,CTATCGCA,0.0,0.0,0.0,0.0,0.0,0.0,0.0,3.321437386073767e-05,3.321437386073767e-05
0,31,4,CTATCGCA,0.0,0.0,0.0,0.0,0.0,0.0,0.0,3.321437386073767e-05,3.321437386073767e-05
0,31,4,CTATCGCA,0.0,0.0,0.0,0.0,0.0,0.0,0.0,3.321437386073767e-05,3.321437386073767e-05
0,31,4,CTATCGCA,0.0,0.0,0.0,0.0,0.0,0.0,0.0,3.321437386073767e-05,3.321437386073767e-05
250,0,5,CTATCGCA,0.010256748105085093,0.010277593662606676,0.015987088903784752,0.0,0.0,0.0,0.005709495241178076,7.467222384472533e-07,0.00010497450984636031
250,0,5,CTATCGCA,0.010256748105085093,0.010277593662606676,0.018923470750451088,0.0,0.0,0.0,0.008645877087844412,7.467222384472533e-07,0.00010497450984636031
250,0,5,CTATCGCA,0.010256748105085093,0.010277593662606676,0.010982232168316841,0.0,0.0,0.0,0.0007046385057101652,7.467222384472533e-07,0.00010497450984636031
250,0,5,CTATCGCA,0.010256748105085093,0.010277593662606676,0.01427143719047308,0.0,0.0,0.0,0.003993843527866404,7.467222384472533e-07,0.00010497450984636031
250,1,5,CTATCGCA,0.019132973704263277,0.01934287632790994,0.017710303887724876,0.005598888316492067,0.009814863784485393,0.004215975467993327,-0.0016325724401850643,0.00028691905540849383,0.0013364321736418217
250,1,5,CTATCGCA,0.019132973704263277,0.01934287632790994,0.02551134303212166,0.005598888316492067,0.009814863784485393,0.004215975467993327,0.006168466704211718,0.00028691905540849383,0.0013364321736418217
250,1,5,CGATCGCG,-0.0032625795617049922,-0.019916578810031636,0.022183001041412354,-0.016796664949476202,-0.029444591353456184,-0.012647926403979982,0.04209957985144399,0.10112995219253884,0.017859955950905615
250,1,5,CTATCGCA,0.019132973704263277,0.01934287632790994,0.02314523234963417,0.005598888316492067,0.009814863784485393,0.004215975467993327,0.00380235602172423,0.00028691905540849383,0.0013364321736418217
250,2,6,TTTAGGCC,0.01316202866712518,0.012542343960538846,0.011249621398746967,0.0,0.0,0.0,-0.0012927225617918783,0.0048725207091426526,0.0011544124696246383
250,2,6,TTTAGGCC,0.01316202866712518,0.012542343960538846,0.02622220292687416,0.0,0.0,0.0,0.013679858966335315,0.0048725207091426526,0.0011544124696246383
250,2,6,TTTAGGCC,0.01316202866712518,0.012542343960538846,0.010213319212198257,0.0,0.0,0.0,-0.002329024748340588,0.0048725207091426526,0.0011544124696246383
250,2,6,TTTAGGCC,0.01316202866712518,0.012542343960538846,0.007549370639026165,0.0,0.0,0.0,-0.004992973321512681,0.0048725207091426526,0.0011544124696246383
250,3,2,CTATCGCA,0.0022640665901713652,0.002265063710069626,0.0022650340106338263,0.0,0.0,0.0,-2.969943579955725e-08,5.4165858798249644e-08,2.0484056553193852e-06
250,3,2,CTATCGCA,0.0022640665901713652,0.002265063710069626,0.0026280165184289217,0.0,0.0,0.0,0.0003629528083592959,5.4165858798249644e-08,2.0484056553193852e-06
250,3,2,CTATCGCA,0.0022640665901713652,0.002265063710069626,0.0026280167512595654,0.0,0.0,0.0,0.00036295304118993954,5.4165858798249644e-08,2.0484056553193852e-06
250,3,2,CTATCGCA,0.0022640665901713652,0.002265063710069626,0.0022650340106338263,0.0,0.0,0.0,-2.969943579955725e-08,5.4165858798249644e-08,2.0484056553193852e-06
250,4,5,CTATCGCA,0.1381250952341062,0.13513093706000792,0.09753959625959396,0.0,0.0,0.0,-0.03759134080041396,0.01969261101309533,0.004721820142603805
250,4,5,CTATCGCA,0.1381250952341062,0.13513093706000792,0.27789777517318726,0.0,0.0,0.0,0.14276683811317933,0.01969261101309533,0.004721820142603805
250,4,5,CTATCGCA,0.1381250952341062,0.13513093706000792,0.29774248600006104,0.0,0.0,0.0,0.1626115489400531,0.01969261101309533,0.004721820142603805
250,4,5,CTATCGCA,0.1381250952341062,0.13513093706000792,0.19869565963745117,0.0,0.0,0.0,0.06356472257744325,0.01969261101309533,0.004721820142603805
250,5,5,CTATCGCA,0.003080269224258684,0.0030820474248910656,0.0013615891803056002,0.0,0.0,0.0,-0.0017204582445854654,6.205365941768654e-07,9.51153975608382e-06
250,5,5,CTATCGCA,0.003080269224258684,0.0030820474248910656,0.002175484085455537,0.0,0.0,0.0,-0.0009065633394355287,6.205365941768654e-07,9.51153975608382e-06
250,5,5,CTATCGCA,0.003080269224258684,0.0030820474248910656,0.0028732677455991507,0.0,0.0,0.0,-0.0002087796792919149,6.205365941768654e-07,9.51153975608382e-06
250,5,5,CTATCGCA,0.003080269224258684,0.0030820474248910656,0.002829483710229397,0.0,0.0,0.0,-0.00025256371466166874,6.205365941768654e-07,9.51153975608382e-06
250,6,3,CGATCGCG,0.017896433593264528,0.017772591999447362,0.014342520385980606,0.0,0.0,0.0,-0.0034300716134667564,0.0005199762695644594,0.0001484514881129606
250,6,3,CGATCGCG,0.017896433593264528,0.017772591999447362,0.013367541134357452,0.0,0.0,0.0,-0.00440505086508991,0.0005199762695644594,0.0001484514881129606
250,6,3,CGATCGCG,0.017896433593264528,0.017772591999447362,0.024996809661388397,0.0,0.0,0.0,0.007224217661941035,0.0005199762695644594,0.0001484514881129606
250,6,3,CGATCGCG,0.017896433593264528,0.017772591999447362,0.022510215640068054,0.0,0.0,0.0,0.004737623640620692,0.0005199762695644594,0.0001484514881129606
250,7,4,CTATCGCA,0.004781433378470349,0.004782275363735211,0.004964281804859638,0.0,0.0,0.0,0.0001820064411244271,2.552870789762629e-09,3.3704939302395265e-06
250,7,4,CTATCGCA,0.004781433378470349,0.004782275363735211,0.0027914862148463726,0.0,0.0,0.0,-0.0019907891488888385,2.552870789762629e-09,3.3704939302395265e-06
250,7,4,CTATCGCA,0.004781433378470349,0.004782275363735211,0.0037828655913472176,0.0,0.0,0.0,-0.0009994097723879936,2.552870789762629e-09,3.3704939302395265e-06
250,7,4,CTATCGCA,0.004781433378470349,0.004782275363735211,0.004109192173928022,0.0,0.0,0.0,-0.0006730831898071887,2.552870789762629e-09,3.3704939302395265e-06
250,8,3,CTATCGCG,-0.15548934221461255,-0.15971631555334564,-0.2397174835205078,-0.12417173827968747,-0.12733811681831253,-0.0031663785386250587,-0.08000116796716217,0.013594879292325945,0.0009139592761266968
250,8,3,CTATCGCA,0.010072975491637418,0.010067840204404396,0.00392187712714076,0.0413905794265625,0.042446038939437505,0.001055459512875008,-0.0061459630772636355,2.4113349054638578e-05,8.707487355569254e-06
250,8,3,CTATCGCA,0.010072975491637418,0.010067840204404396,0.007870950736105442,0.0413905794265625,0.042446038939437505,0.001055459512875008,-0.002196889468298954,2.4113349054638578e-05,8.707487355569254e-06
250,8,3,CTATCGCA,0.010072975491637418,0.010067840204404396,0.010382819920778275,0.0413905794265625,0.042446038939437505,0.001055459512875008,0.0003149797163738786,2.4113349054638578e-05,8.707487355569254e-06
250,9,4,CTATCGCA,0.17652599242726505,0.1733263272938358,0.24484634399414062,0.0,0.0,0.0,0.07152001670030483,0.015457326805062288,0.002658666271345256
250,9,4,CTATCGCA,0.17652599242726505,0.1733263272938358,0.5096363425254822,0.0,0.0,0.0,0.3363100152316464,0.015457326805062288,0.002658666271345256
250,9,4,CTATCGCA,0.17652599242726505,0.1733263272938358,0.15240438282489777,0.0,0.0,0.0,-0.020921944468938025,0.015457326805062288,0.002658666271345256
250,9,4,CTATCGCA,0.17652599242726505,0.1733263272938358,0.24917928874492645,0.0,0.0,0.0,0.07585296145109066,0.015457326805062288,0.002658666271345256
250,10,6,CTATCGCA,0.00910499856423829,0.009115302082640072,0.00836845114827156,0.0,0.0,0.0,-0.0007468509343685117,3.1083680932915414e-05,9.290479134360652e-05
250,10,6,CTATCGCA,0.00910499856423829,0.009115302082640072,0.0028489248361438513,0.0,0.0,0.0,-0.006266377246496221,3.1083680932915414e-05,9.290479134360652e-05
250,10,6,CTATCGCA,0.00910499856423829,0.009115302082640072,0.013256465084850788,0.0,0.0,0.0,0.004141163002210716,3.1083680932915414e-05,9.290479134360652e-05
250,10,6,CTATCGCA,0.00910499856423829,0.009115302082640072,0.006146084982901812,0.0,0.0,0.0,-0.0029692170997382607,3.1083680932915414e-05,9.290479134360652e-05
250,11,5,CTATCGCA,0.13548378720879223,0.13290386505431276,0.13596534729003906,-0.06074662759074817,-0.03753780471211979,0.023208822878628382,0.003061482235726304,0.015156931122158157,0.002257320349760894
250,11,5,CTATCGCG,0.07339783021592945,0.04186643922573552,-0.10753452777862549,-0.12283258458361095,-0.12857523054069703,-0.005742645957086082,-0.149400967004361,0.22054007515612062,0.06288312020515097
250,11,5,CGATCGCG,0.4405562545646477,0.3740925097313692,0.3649550974369049,0.2443258397651073,0.20365083996493666,-0.04067499980017064,-0.009137412294464298,0.3545724687644516,0.022253744598058844
250,11,5,CTATCGCA,0.13548378720879223,0.13290386505431276,0.017716536298394203,-0.06074662759074817,-0.03753780471211979,0.023208822878628382,-0.11518732875591856,0.015156931122158157,0.002257320349760894
250,12,5,CTATCGCA,0.01052838816910405,0.010547287764398838,0.01652916707098484,0.0,0.0,0.0,0.005981879306586002,1.5285073907814195e-05,0.00010978305038175651
250,12,5,CTATCGCA,0.01052838816910405,0.010547287764398838,0.009617170318961143,0.0,0.0,0.0,-0.0009301174454376948,1.5285073907814195e-05,0.00010978305038175651
250,12,5,CTATCGCA,0.01052838816910405,0.010547287764398838,0.01604713499546051,0.0,0.0,0.0,0.005499847231061672,1.5285073907814195e-05,0.00010978305038175651
250,12,5,CTATCGCA,0.01052838816910405,0.010547287764398838,0.006791585125029087,0.0,0.0,0.0,-0.0037557026393697512,1.5285073907814195e-05,0.00010978305038175651
250,13,3,TTAAGGCC,0.12151451698943831,0.12766531259694594,0.15921629965305328,0.0,0.0,0.0,0.031550987056107344,0.004163209749476177,0.022615596571999075
250,13,3,TTAAGGCC,0.12151451698943831,0.12766531259694594,0.03737660497426987,0.0,0.0,0.0,-0.09028870762267607,0.004163209749476177,0.022615596571999075
250,13,3,TTAAGGCC,0.12151451698943831,0.12766531259694594,0.1781618893146515,0.0,0.0,0.0,0.05049657671770555,0.004163209749476177,0.022615596571999075
250,13,3,TTAAGGCC,0.12151451698943831,0.12766531259694594,0.12548097968101501,0.0,0.0,0.0,-0.0021843329159309255,0.004163209749476177,0.022615596571999075
250,14,3,CTATCGCA,0.0023238062647621773,0.0023239837244818005,0.0017818422056734562,0.0,0.0,0.0,-0.0005421415188083443,2.4770713258348565e-11,5.324039295817595e-07
250,14,3,CTATCGCA,0.0023238062647621773,0.0023239837244818005,0.0038955025374889374,0.0,0.0,0.0,0.001571518813007137,2.4770713258348565e-11,5.324039295817595e-07
250,14,3,CTATCGCA,0.0023238062647621773,0.0023239837244818005,0.0021406463347375393,0.0,0.0,0.0,-0.00018333738974426117,2.4770713258348565e-11,5.324039295817595e-07
250,14,3,CTATCGCA,0.0023238062647621773,0.0023239837244818005,0.0029378370381891727,0.0,0.0,0.0,0.0006138533137073723,2.4770713258348565e-11,5.324039295817595e-07
250,15,3,CGATCGCG,-0.029943309438029697,-0.030102444922603055,-0.018593311309814453,-0.04062420219742139,-0.04104975768920349,-0.0004255554917821022,0.011509133612788602,0.00848438393283768,0.008006977479117605
250,15,3,CTATCGCA,0.024222293491865488,0.02463056532966827,0.019801579415798187,0.013541400732473795,0.013683252563067832,0.0001418518305940364,-0.004828985913870081,0.0004727603308770645,0.0016975758442853983
250,15,3,CTATCGCA,0.024222293491865488,0.02463056532966827,0.02244413271546364,0.013541400732473795,0.013683252563067832,0.0001418518305940364,-0.00218643261420463,0.0004727603308770645,0.0016975758442853983
250,15,3,CTATCGCA,0.024222293491865488,0.02463056532966827,0.011362931691110134,0.013541400732473795,0.013683252563067832,0.0001418518305940364,-0.013267633638558134,0.0004727603308770645,0.0016975758442853983
250,16,5,TTTAGGCC,0.10396417215550165,0.103013450272144,0.07574296742677689,0.04886326823574817,0.0498675792774991,0.0010043110417509299,-0.02727048284536711,0.007470714626841901,0.0027171052100536386
250,16,5,TTTGGGCC,-0.09148890078749103,-0.0964568668378524,-0.11512018740177155,-0.1465898047072445,-0.14960273783249728,-0.003012933125252776,-0.018663320563919145,0.025744283462974638,0.0009044532111678327
250,16,5,TTTAGGCC,0.10396417215550165,0.103013450272144,0.11776149272918701,0.04886326823574817,0.0498675792774991,0.0010043110417509299,0.014748042457043017,0.007470714626841901,0.0027171052100536386
250,16,5,TTTAGGCC,0.10396417215550165,0.103013450272144,0.043527353554964066,0.04886326823574817,0.0498675792774991,0.0010043110417509299,-0.05948609671717993,0.007470714626841901,0.0027171052100536386
250,17,3,CTATCGCA,0.2184289391047214,0.2150777210485003,0.16807544231414795,0.0030238130757481996,0.018066798313700227,0.015042985237952028,-0.04700227873435234,0.013608787455809512,0.003555133287146184
250,17,3,CTATCGCG,0.20633368680172856,0.1428105277936993,0.15600261092185974,-0.009071439227244626,-0.054200394941100766,-0.04512895571385614,0.013192083128160448,0.26044800903288134,0.06987853200879357
250,17,3,CTATCGCA,0.2184289391047214,0.2150777210485003,0.16715064644813538,0.0030238130757481996,0.018066798313700227,0.015042985237952028,-0.04792707460036491,0.013608787455809512,0.003555133287146184
250,17,3,CTATCGCA,0.2184289391047214,0.2150777210485003,0.45786717534065247,0.0030238130757481996,0.018066798313700227,0.015042985237952028,0.24278945429215218,0.013608787455809512,0.003555133287146184
250,18,4,CTATCGCA,0.018274946801233434,0.018558447728043603,0.02228509820997715,0.0,0.0,0.0,0.0037266504819335466,0.00021410180095127185,0.001348105508191949
250,18,4,CTATCGCA,0.018274946801233434,0.018558447728043603,0.012011462822556496,0.0,0.0,0.0,-0.006546984905487108,0.00021410180095127185,0.001348105508191949
250,18,4,CTATCGCA,0.018274946801233434,0.018558447728043603,0.01892358809709549,0.0,0.0,0.0,0.0003651403690518862,0.00021410180095127185,0.001348105508191949
250,18,4,CTATCGCA,0.018274946801233434,0.018558447728043603,0.009439468383789062,0.0,0.0,0.0,-0.00911897934425454,0.00021410180095127185,0.001348105508191949
250,19,2,CTATCGCA,0.0028458969393521105,0.002845913097587527,0.0029798229224979877,0.0,0.0,0.0,0.00013390982491046088,1.779687508474126e-13,3.23166488014337e-08
250,19,2,CTATCGCA,0.0028458969393521105,0.002845913097587527,0.004172292072325945,0.0,0.0,0.0,0.001326378974738418,1.779687508474126e-13,3.23166488014337e-08
250,19,2,CTATCGCA,0.0028458969393521105,0.002845913097587527,0.002845942974090576,0.0,0.0,0.0,2.987650304930867e-08,1.779687508474126e-13,3.23166488014337e-08
250,19,2,CTATCGCA,0.0028458969393521105,0.002845913097587527,0.0021158282179385424,0.0,0.0,0.0,-0.0007300848796489845,1.779687508474126e-13,3.23166488014337e-08
250,20,3,CTATCGCA,0.0014650001096189285,0.0014651420560072292,0.0008108797483146191,0.0,0.0,0.0,-0.0006542623076926102,2.499882328921288e-09,4.283390472314963e-07
250,20,3,CTATCGCA,0.0014650001096189285,0.0014651420560072292,0.0004892223514616489,0.0,0.0,0.0,-0.0009759197045455803,2.499882328921288e-09,4.283390472314963e-07
250,20,3,CTATCGCA,0.0014650001096189285,0.0014651420560072292,0.0014651371166110039,0.0,0.0,0.0,-4.939396225367432e-09,2.499882328921288e-09,4.283390472314963e-07
250,20,3,CTATCGCA,0.0014650001096189285,0.0014651420560072292,0.000994018861092627,0.0,0.0,0.0,-0.0004711231949146022,2.499882328921288e-09,4.283390472314963e-07
250,21,2,CTATCGCA,0.0012497372784028293,0.0012498771011451026,0.0007202375563792884,0.0,0.0,0.0,-0.0005296395447658142,9.888567742422083e-11,2.797443702240443e-07
250,21,2,CTATCGCA,0.0012497372784028293,0.0012498771011451026,0.0004159712407272309,0.0,0.0,0.0,-0.0008339058604178717,9.888567742422083e-11,2.797443702240443e-07
250,21,2,CTATCGCA,0.0012497372784028293,0.0012498771011451026,0.0007202375563792884,0.0,0.0,0.0,-0.0005296395447658142,9.888567742422083e-11,2.797443702240443e-07
250,21,2,CTATCGCA,0.0012497372784028293,0.0012498771011451026,0.001931828330270946,0.0,0.0,0.0,0.0006819512291258434,9.888567742422083e-11,2.797443702240443e-07
250,22,4,CTATCGCA,0.17652599242726505,0.1733263272938358,0.017332017421722412,0.0,0.0,0.0,-0.15599430987211338,0.015457326805062288,0.002658666271345256
250,22,4,CTATCGCA,0.17652599242726505,0.1733263272938358,0.026996370404958725,0.0,0.0,0.0,-0.14632995688887707,0.015457326805062288,0.002658666271345256
250,22,4,CTATCGCA,0.17652599242726505,0.1733263272938358,0.1302638053894043,0.0,0.0,0.0,-0.043062521904431494,0.015457326805062288,0.002658666271345256
250,22,4,CTATCGCA,0.17652599242726505,0.1733263272938358,0.03210524097084999,0.0,0.0,0.0,-0.1412210863229858,0.015457326805062288,0.002658666271345256
250,23,3,CTATCGCA,0.027585896817549083,0.027669741289855665,0.04055935889482498,0.04007309752392472,0.039272946973236834,-0.0008001505506878837,0.012889617604969317,0.0002161074443073896,0.00046764086122713655
250,23,3,CTATCGCA,0.027585896817549083,0.027669741289855665,0.032481446862220764,0.04007309752392472,0.039272946973236834,-0.0008001505506878837,0.004811705572365099,0.0002161074443073896,0.00046764086122713655
250,23,3,CTATCGCG,-0.1327064932781498,-0.12942204660309167,-0.16625547409057617,-0.12021929257177416,-0.11781884091971051,0.002400451652063651,-0.0368334274874845,0.045272950967279346,0.0551262909924537
250,23,3,CTATCGCA,0.027585896817549083,0.027669741289855665,0.046423543244600296,0.04007309752392472,0.039272946973236834,-0.0008001505506878837,0.01875380195474463,0.0002161074443073896,0.00046764086122713655
250,24,2,CTATCGCA,0.009836616410362098,0.009849573605947626,0.009849604219198227,0.0,0.0,0.0,3.06132506011636e-08,4.2106388631335534e-07,2.6335455057369117e-05
250,24,2,CTATCGCA,0.009836616410362098,0.009849573605947626,0.010994340293109417,0.0,0.0,0.0,0.0011447666871617912,4.2106388631335534e-07,2.6335455057369117e-05
250,24,2,CTATCGCA,0.009836616410362098,0.009849573605947626,0.01662391796708107,0.0,0.0,0.0,0.006774344361133444,4.2106388631335534e-07,2.6335455057369117e-05
250,24,2,CTATCGCA,0.009836616410362098,0.009849573605947626,0.012664392590522766,0.0,0.0,0.0,0.0028148189845751403,4.2106388631335534e-07,2.6335455057369117e-05
250,25,3,CTATCGCA,0.027585896817549083,0.027669741289855665,0.00585542805492878,0.0,0.0,0.0,-0.021814313234926885,0.0002161074443073896,0.00046764086122713655
250,25,3,CTATCGCA,0.027585896817549083,0.027669741289855665,0.02814313769340515,0.0,0.0,0.0,0.0004733964035494864,0.0002161074443073896,0.00046764086122713655
250,25,3,CTATCGCA,0.027585896817549083,0.027669741289855665,0.02396456152200699,0.0,0.0,0.0,-0.0037051797678486764,0.0002161074443073896,0.00046764086122713655
250,25,3,CTATCGCA,0.027585896817549083,0.027669741289855665,0.009135094471275806,0.0,0.0,0.0,-0.01853464681857986,0.0002161074443073896,0.00046764086122713655
250,26,6,CGATCGCG,0.39371243759866054,0.33311696678894265,0.05280280113220215,0.19693029147038846,0.1538443010820718,-0.04308599038831665,-0.2803141656567405,0.3827761417966087,0.019203316938301462
250,26,6,CTATCGCA,0.13113871563814258,0.1279912320128469,0.2213473618030548,-0.0656434304901295,-0.05128143369402394,0.014361996796105558,0.09335612979020791,0.022480906151518487,0.0035960043997445013
250,26,6,CTATCGCA,0.13113871563814258,0.1279912320128469,0.1269947588443756,-0.0656434304901295,-0.05128143369402394,0.014361996796105558,-0.0009964731684712902,0.022480906151518487,0.0035960043997445013
250,26,6,CTATCGCA,0.13113871563814258,0.1279912320128469,0.008502858690917492,-0.0656434304901295,-0.05128143369402394,0.014361996796105558,-0.11948837332192941,0.022480906151518487,0.0035960043997445013
250,27,6,CTATCGCA,0.10940130932052923,0.10620271613275367,0.07481123507022858,0.09923954133144187,0.21393316882167004,0.11469362749022817,-0.031391481062525095,0.025147784787737104,0.0059562256610836695
250,27,6,CGATCGCG,0.38108254259299507,0.31552102500953144,0.22780272364616394,0.3709207746039077,0.42325147769844784,0.05233070309454013,-0.0877183013633675,0.41754729216876774,0.02417818666798599
250,27,6,CTATCGCG,0.04989859423113422,0.021841125110613053,-0.14194345474243164,0.039736826242046865,0.12957157779952944,0.08983475155748258,-0.1637845798530447,0.2372203631348624,0.06887554841173538
250,27,6,CGGTCGCG,-0.49973537418830904,-0.8744866770085636,-1.1860531568527222,-0.5098971421773963,-0.7667562243196473,-0.25685908214225095,-0.31156647984415853,2.251161161726823,0.0026533448052952213
250,28,5,CTATCGCA,0.027909002083843067,0.028004930686106277,0.024470916017889977,0.0,0.0,0.0,-0.0035340146682163003,0.00017016887196527608,0.0006498118832813371
250,28,5,CTATCGCA,0.027909002083843067,0.028004930686106277,0.01810792274773121,0.0,0.0,0.0,-0.009897007938375068,0.00017016887196527608,0.0006498118832813371
250,28,5,CTATCGCA,0.027909002083843067,0.028004930686106277,0.018607981503009796,0.0,0.0,0.0,-0.00939694918309648,0.00017016887196527608,0.0006498118832813371
250,28,5,CTATCGCA,0.027909002083843067,0.028004930686106277,0.014836704358458519,0.0,0.0,0.0,-0.013168226327647758,0.00017016887196527608,0.0006498118832813371
250,29,4,CTATCGCA,0.022566573333225242,0.022817176852451326,0.007557764649391174,0.037540052522427654,0.03613598244251645,-0.001404070079911203,-0.015259412203060152,0.0003169740890887479,0.001319388165993085
250,29,4,CTATCGCA,0.022566573333225242,0.022817176852451326,0.025932662189006805,0.037540052522427654,0.03613598244251645,-0.001404070079911203,0.003115485336555479,0.0003169740890887479,0.001319388165993085
250,29,4,CTATCGCG,-0.12759363675648538,-0.12172675291761448,-0.13511663675308228,-0.11262015756728297,-0.10840794732754935,0.004212210239733616,-0.013389883835467797,0.06362713424163413,0.08709466959711776
250,29,4,CTATCGCA,0.022566573333225242,0.022817176852451326,0.0251955296844244,0.037540052522427654,0.03613598244251645,-0.001404070079911203,0.002378352831973074,0.0003169740890887479,0.001319388165993085
250,30,2,CTATCGCA,0.01198362733274605,0.011986360769697058,0.01198635995388031,0.0,0.0,0.0,-8.158167474903166e-10,1.6459341289909446e-07,5.631467314914929e-06
250,30,2,CTATCGCA,0.01198362733274605,0.011986360769697058,0.014317411929368973,0.0,0.0,0.0,0.0023310511596719152,1.6459341289909446e-07,5.631467314914929e-06
250,30,2,CTATCGCA,0.01198362733274605,0.011986360769697058,0.012315496802330017,0.0,0.0,0.0,0.00032913603263295954,1.6459341289909446e-07,5.631467314914929e-06
250,30,2,CTATCGCA,0.01198362733274605,0.011986360769697058,0.014317411929368973,0.0,0.0,0.0,0.0023310511596719152,1.6459341289909446e-07,5.631467314914929e-06
250,31,3,CTATCGCA,0.009486624680339293,0.009487398444823233,0.00845862552523613,0.0,0.0,0.0,-0.0010287729195871034,4.029172916530932e-06,6.350466368348906e-06
250,31,3,CTATCGCA,0.009486624680339293,0.009487398444823233,0.010144844651222229,0.0,0.0,0.0,0.0006574462063989959,4.029172916530932e-06,6.350466368348906e-06
250,31,3,CTATCGCA,0.009486624680339293,0.009487398444823233,0.008356833830475807,0.0,0.0,0.0,-0.001130564614347426,4.029172916530932e-06,6.350466368348906e-06
250,31,3,CTATCGCA,0.009486624680339293,0.009487398444823233,0.006019223015755415,0.0,0.0,0.0,-0.003468175429067818,4.029172916530932e-06,6.350466368348906e-06
500,0,1,CTATCGCA,0.0011389902803102814,0.0011389902803102814,0.0011389902792870998,0.0,0.0,0.0,-1.0231815394945443e-12,0.0,0.0
500,0,1,CTATCGCA,0.0011389902803102814,0.0011389902803102814,0.0011389902792870998,0.0,0.0,0.0,-1.0231815394945443e-12,0.0,0.0
500,0,1,CTATCGCA,0.0011389902803102814,0.0011389902803102814,0.0011389902792870998,0.0,0.0,0.0,-1.0231815394945443e-12,0.0,0.0
500,0,1,CTATCGCA,0.0011389902803102814,0.0011389902803102814,0.0011389902792870998,0.0,0.0,0.0,-1.0231815394945443e-12,0.0,0.0
500,1,7,CTATCGCA,0.21866762814975843,0.18705600786347784,0.02347082458436489,-0.008445187702397383,-0.0031180035285950647,0.0053271841738023185,-0.16358518327911295,0.23067230166185004,0.009390959657885833
500,1,7,CTATCGCG,0.252448378959348,0.19952802197785807,0.3294960856437683,0.025335563107192205,0.009354010585785166,-0.01598155252140704,0.12996806366591024,0.4430270506118483,0.07258455174141876
500,1,7,CTATCGCA,0.21866762814975843,0.18705600786347784,0.0170099176466465,-0.008445187702397383,-0.0031180035285950647,0.0053271841738023185,-0.17004609021683134,0.23067230166185004,0.009390959657885833
500,1,7,CTATCGCA,0.21866762814975843,0.18705600786347784,0.17856177687644958,-0.008445187702397383,-0.0031180035285950647,0.0053271841738023185,-0.008494230987028256,0.23067230166185004,0.009390959657885833
500,2,4,CTATCGCA,0.016239577852232998,0.01626978732888007,0.018901675939559937,0.0,0.0,0.0,0.0026318886106798667,0.0003080564179308576,0.0004288943245191468
500,2,4,CTATCGCA,0.016239577852232998,0.01626978732888007,0.0058861346915364265,0.0,0.0,0.0,-0.010383652637343643,0.0003080564179308576,0.0004288943245191468
500,2,4,CTATCGCA,0.016239577852232998,0.01626978732888007,0.013884300366044044,0.0,0.0,0.0,-0.0023854869628360253,0.0003080564179308576,0.0004288943245191468
500,2,4,CTATCGCA,0.016239577852232998,0.01626978732888007,0.008754372596740723,0.0,0.0,0.0,-0.007515414732139347,0.0003080564179308576,0.0004288943245191468
500,3,4,CTATCGCA,-0.002620875915144004,-0.0026485269443412562,0.0005711758858524263,0.0,0.0,0.0,0.0032197028301936825,0.0001318393524715744,2.1235235682565134e-05
500,3,4,CTATCGCA,-0.002620875915144004,-0.0026485269443412562,-0.0013029463589191437,0.0,0.0,0.0,0.0013455805854221126,0.0001318393524715744,2.1235235682565134e-05
500,3,4,CTATCGCA,-0.002620875915144004,-0.0026485269443412562,-0.0014748042449355125,0.0,0.0,0.0,0.0011737226994057437,0.0001318393524715744,2.1235235682565134e-05
500,3,4,CTATCGCA,-0.002620875915144004,-0.0026485269443412562,-0.003304143436253071,0.0,0.0,0.0,-0.0006556164919118146,0.0001318393524715744,2.1235235682565134e-05
500,4,5,CGATCGCG,0.009661753879554072,0.009408721438180657,0.025763576850295067,0.0,0.0,0.0,0.01635485541211441,0.0015595599690077927,0.00029439776214071345
500,4,5,CGATCGCG,0.009661753879554072,0.009408721438180657,0.01566319726407528,0.0,0.0,0.0,0.0062544758258946224,0.0015595599690077927,0.00029439776214071345
500,4,5,CGATCGCG,0.009661753879554072,0.009408721438180657,0.006366617977619171,0.0,0.0,0.0,-0.0030421034605614856,0.0015595599690077927,0.00029439776214071345
500,4,5,CGATCGCG,0.009661753879554072,0.009408721438180657,0.00267706997692585,0.0,0.0,0.0,-0.006731651461254807,0.0015595599690077927,0.00029439776214071345
500,5,5,CTATCGCA,0.009441234011161726,0.00928450709191111,0.002312352880835533,0.002885105147174726,0.004661368167298896,0.0017762630201241698,-0.006972154211075577,0.0016080288707629176,0.0008243942745098376
500,5,5,CTATCGCA,0.009441234011161726,0.00928450709191111,0.009975310415029526,0.002885105147174726,0.004661368167298896,0.0017762630201241698,0.000690803323118416,0.0016080288707629176,0.0008243942745098376
500,5,5,CTATCGCA,0.009441234011161726,0.00928450709191111,0.012475557625293732,0.002885105147174726,0.004661368167298896,0.0017762630201241698,0.003191050533382622,0.0016080288707629176,0.0008243942745098376
500,5,5,CGATCGCG,-0.002099186577537182,-0.009360965577284474,-0.017203688621520996,-0.008655315441524182,-0.013984104501896688,-0.005328789060372506,-0.007842723044236522,0.05357051307154226,0.017261618072805796
500,6,3,CTATCGCA,0.005948890378598619,0.005949322021226407,0.011122049763798714,0.0,0.0,0.0,0.005172727742572307,6.884470771240103e-11,1.2949967280739827e-06
500,6,3,CTATCGCA,0.005948890378598619,0.005949322021226407,0.006474778987467289,0.0,0.0,0.0,0.0005254569662408821,6.884470771240103e-11,1.2949967280739827e-06
500,6,3,CTATCGCA,0.005948890378598619,0.005949322021226407,0.005038158502429724,0.0,0.0,0.0,-0.0009111635187966831,6.884470771240103e-11,1.2949967280739827e-06
500,6,3,CTATCGCA,0.005948890378598619,0.005949322021226407,0.0063461558893322945,0.0,0.0,0.0,0.0003968338681058876,6.884470771240103e-11,1.2949967280739827e-06
500,7,5,CTATCGCA,0.13698097161613507,0.13559788271215556,0.008195046335458755,0.2987585381294065,0.4089417103004736,0.1101831721710671,-0.1274028363766968,0.011637264662501368,0.004721820142603805
500,7,5,CGTGCGCG,-1.058053180901491,-1.5001689584897389,-1.2201387882232666,-0.8962756143882196,-1.2268251309014209,-0.3305495165132013,0.28003017026647226,2.24167676054026,0.031097872599021414
500,7,5,CTATCGCA,0.13698097161613507,0.13559788271215556,0.005955783650279045,0.2987585381294065,0.4089417103004736,0.1101831721710671,-0.12964209906187651,0.011637264662501368,0.004721820142603805
500,7,5,CTATCGCA,0.13698097161613507,0.13559788271215556,0.13317345082759857,0.2987585381294065,0.4089417103004736,0.1101831721710671,-0.002424431884556988,0.011637264662501368,0.004721820142603805
500,8,5,CGATCGCG,0.395453418865924,0.3440549152832443,0.4337150454521179,0.18720573673355198,0.1493575930963249,-0.03784814363722708,0.08966013016887364,0.2745145631739323,0.01752204526053358
500,8,5,CTATCGCA,0.14584576988785472,0.1449114578214777,0.01038530096411705,-0.0624019122445173,-0.04978586436544166,0.012616047879075637,-0.13452615685736066,0.007650088667249644,0.0029785283353647163
500,8,5,CTATCGCA,0.14584576988785472,0.1449114578214777,0.12213298678398132,-0.0624019122445173,-0.04978586436544166,0.012616047879075637,-0.02277847103749639,0.007650088667249644,0.0029785283353647163
500,8,5,CTATCGCA,0.14584576988785472,0.1449114578214777,0.018483929336071014,-0.0624019122445173,-0.04978586436544166,0.012616047879075637,-0.1264275284854067,0.007650088667249644,0.0029785283353647163
500,9,6,CTATCGCA,0.007995245610050527,0.007961452828072257,-0.00012273900210857391,0.0,0.0,0.0,-0.008084191830180831,0.0016057717417850281,0.0014030150499154126
500,9,6,CTATCGCA,0.007995245610050527,0.007961452828072257,0.009119205176830292,0.0,0.0,0.0,0.0011577523487580343,0.0016057717417850281,0.0014030150499154126
500,9,6,CTATCGCA,0.007995245610050527,0.007961452828072257,0.0026498213410377502,0.0,0.0,0.0,-0.005311631487034507,0.0016057717417850281,0.0014030150499154126
500,9,6,CTATCGCA,0.007995245610050527,0.007961452828072257,0.019402042031288147,0.0,0.0,0.0,0.01144058920321589,0.0016057717417850281,0.0014030150499154126
500,10,4,CTATCGCA,0.005889663489536788,0.005891791235380084,0.0015964353224262595,0.0,0.0,0.0,-0.004295355912953824,1.101079971789487e-06,9.61206334497422e-06
500,10,4,CTATCGCA,0.005889663489536788,0.005891791235380084,0.008824247866868973,0.0,0.0,0.0,0.002932456631488889,1.101079971789487e-06,9.61206334497422e-06
500,10,4,CTATCGCA,0.005889663489536788,0.005891791235380084,0.0010608305456116796,0.0,0.0,0.0,-0.004830960689768404,1.101079971789487e-06,9.61206334497422e-06
500,10,4,CTATCGCA,0.005889663489536788,0.005891791235380084,0.00693780230358243,0.0,0.0,0.0,0.001046011068202346,1.101079971789487e-06,9.61206334497422e-06
500,11,2,CTATCGCA,0.0008365749912080389,0.0008366256442968734,0.0008066565496847034,0.0,0.0,0.0,-2.996909461217001e-05,5.621834775482171e-09,1.0692801244438499e-07
500,11,2,CTATCGCA,0.0008365749912080389,0.0008366256442968734,0.0008967428002506495,0.0,0.0,0.0,6.011715595377609e-05,5.621834775482171e-09,1.0692801244438499e-07
500,11,2,CTATCGCA,0.0008365749912080389,0.0008366256442968734,0.0011009641457349062,0.0,0.0,0.0,0.00026433850143803284,5.621834775482171e-09,1.0692801244438499e-07
500,11,2,CTATCGCA,0.0008365749912080389,0.0008366256442968734,0.0005724064540117979,0.0,0.0,0.0,-0.00026421919028507546,5.621834775482171e-09,1.0692801244438499e-07
500,12,5,CTATCGCA,0.012905447441368716,0.012938923046568362,0.021690350025892258,0.0,0.0,0.0,0.008751426979323896,0.00044268556780713286,0.00061006359380536
500,12,5,CTATCGCA,0.012905447441368716,0.012938923046568362,0.006568728014826775,0.0,0.0,0.0,-0.006370195031741587,0.00044268556780713286,0.00061006359380536
500,12,5,CTATCGCA,0.012905447441368716,0.012938923046568362,0.021067999303340912,0.0,0.0,0.0,0.00812907625677255,0.00044268556780713286,0.00061006359380536
500,12,5,CTATCGCA,0.012905447441368716,0.012938923046568362,0.027689630165696144,0.0,0.0,0.0,0.014750707119127782,0.00044268556780713286,0.00061006359380536
500,13,2,CTATCGCA,0.003311811825648492,0.00331212423516547,0.0033711211290210485,0.0,0.0,0.0,5.899689385557849e-05,3.5974556666928947e-12,6.248226314120586e-07
500,13,2,CTATCGCA,0.003311811825648492,0.00331212423516547,0.0038701570592820644,0.0,0.0,0.0,0.0005580328241165944,3.5974556666928947e-12,6.248226314120586e-07
500,13,2,CTATCGCA,0.003311811825648492,0.00331212423516547,0.003312124405056238,0.0,0.0,0.0,1.6989076812023995e-10,3.5974556666928947e-12,6.248226314120586e-07
500,13,2,CTATCGCA,0.003311811825648492,0.00331212423516547,0.002196058863773942,0.0,0.0,0.0,-0.001116065371391528,3.5974556666928947e-12,6.248226314120586e-07
500,14,5,TTTGCGCG,0.29046319618198757,-0.26679160420156267,-0.21021246910095215,0.1734019218793808,-0.2395107024324266,-0.4129126243118074,0.05657913510061052,2.8379222263163184,0.05164822439856742
500,14,5,CTATCGCA,0.05926063367614646,0.05255599904167276,0.006833469495177269,-0.057800640626460294,0.07983690081080885,0.13763754143726914,-0.04572252954649549,0.040799897290548615,0.0072767241181801445
500,14,5,CTATCGCA,0.05926063367614646,0.05255599904167276,0.07902161777019501,-0.057800640626460294,0.07983690081080885,0.13763754143726914,0.026465618728522246,0.040799897290548615,0.0072767241181801445
500,14,5,CTATCGCA,0.05926063367614646,0.05255599904167276,0.04752226173877716,-0.057800640626460294,0.07983690081080885,0.13763754143726914,-0.005033737302895601,0.040799897290548615,0.0072767241181801445
500,15,2,CTATCGCG,0.03489009590375458,0.03497228131163865,0.03497228026390076,-0.014859660701231736,-0.014852143247480853,7.517453750882641e-06,-1.0477378964424133e-09,2.4724246797780403e-05,0.0001890950625659249
500,15,2,CGATCGCG,0.09432873870868153,0.09438085430156207,0.1144336462020874,0.04457898210369521,0.04455642974244256,-2.2552361252647923e-05,0.020052791900525335,0.00017056625553779625,0.0002747974412988796
500,15,2,CTATCGCG,0.03489009590375458,0.03497228131163865,0.02134253829717636,-0.014859660701231736,-0.014852143247480853,7.517453750882641e-06,-0.013629743014462292,2.4724246797780403e-05,0.0001890950625659249
500,15,2,CTATCGCG,0.03489009590375458,0.03497228131163865,0.024810373783111572,-0.014859660701231736,-0.014852143247480853,7.517453750882641e-06,-0.010161907528527081,2.4724246797780403e-05,0.0001890950625659249
500,16,4,TTTGCGCG,0.6000100733410701,0.5992173155469468,0.353127658367157,0.0,0.0,0.0,-0.2460896571797898,0.004877523127030103,0.001706491950536737
500,16,4,TTTGCGCG,0.6000100733410701,0.5992173155469468,0.6366137266159058,0.0,0.0,0.0,0.03739641106895897,0.004877523127030103,0.001706491950536737
500,16,4,TTTGCGCG,0.6000100733410701,0.5992173155469468,0.5104705095291138,0.0,0.0,0.0,-0.08874680601783302,0.004877523127030103,0.001706491950536737
500,16,4,TTTGCGCG,0.6000100733410701,0.5992173155469468,0.3041863739490509,0.0,0.0,0.0,-0.2950309415978959,0.004877523127030103,0.001706491950536737
500,17,3,TTTGCGCG,0.8132191476396745,0.8127951316104144,0.6192731857299805,0.9887758666336812,0.9958907343075556,0.00711486767387437,-0.19352194588043392,0.0013928524185382596,0.00012080433075789543
500,17,3,TTTGGGCG,-0.505148674538567,-0.5150591807996597,-0.22055983543395996,-0.3295919555445604,-0.33196357810251853,-0.002371622557958142,0.29449934536569977,0.02980988875548829,7.83699722100295e-05
500,17,3,TTTGGGCG,-0.505148674538567,-0.5150591807996597,-0.45014429092407227,-0.3295919555445604,-0.33196357810251853,-0.002371622557958142,0.06491488987558747,0.02980988875548829,7.83699722100295e-05
500,17,3,TTTGGGCG,-0.505148674538567,-0.5150591807996597,-0.11312930285930634,-0.3295919555445604,-0.33196357810251853,-0.002371622557958142,0.4019298779403534,0.02980988875548829,7.83699722100295e-05
500,18,5,TCTACGCC,0.25655386869922253,0.2600063372526288,0.08636632561683655,0.09327718072344063,0.09721988203659454,0.003942701313153912,-0.17364001163579224,0.04629838107033435,0.06356072383736544
500,18,5,TTTACGCC,0.06999950725234128,0.06556657317943966,0.033759161829948425,-0.09327718072344063,-0.09721988203659458,-0.003942701313153954,-0.031807411349491235,0.03345954237702098,0.011294872012512891
500,18,5,TCTACGCC,0.25655386869922253,0.2600063372526288,0.2701758146286011,0.09327718072344063,0.09721988203659454,0.003942701313153912,0.010169477375972291,0.04629838107033435,0.06356072383736544
500,18,5,TTTACGCC,0.06999950725234128,0.06556657317943966,-0.0015026852488517761,-0.09327718072344063,-0.09721988203659458,-0.003942701313153954,-0.06706925842829144,0.03345954237702098,0.011294872012512891
500,19,2,TTTGGGCC,0.050908889738663476,0.050920023817411675,0.0642300397157669,0.0,0.0,0.0,0.013310015898355232,2.529942349616121e-06,2.479809984601289e-05
500,19,2,TTTGGGCC,0.050908889738663476,0.050920023817411675,0.04003182053565979,0.0,0.0,0.0,-0.010888203281751885,2.529942349616121e-06,2.479809984601289e-05
500,19,2,TTTGGGCC,0.050908889738663476,0.050920023817411675,0.07511821389198303,0.0,0.0,0.0,0.024198190074571357,2.529942349616121e-06,2.479809984601289e-05
500,19,2,TTTGGGCC,0.050908889738663476,0.050920023817411675,0.0001016802343656309,0.0,0.0,0.0,-0.050818343583046044,2.529942349616121e-06,2.479809984601289e-05
500,20,2,CGATCGCG,0.0030103405387428284,0.0030103442950348835,0.0031737955287098885,0.0,0.0,0.0,0.00016345123367500491,4.211812010268545e-10,7.933765311385343e-09
500,20,2,CGATCGCG,0.0030103405387428284,0.0030103442950348835,0.0030102848540991545,0.0,0.0,0.0,-5.94409357290715e-08,4.211812010268545e-10,7.933765311385343e-09
500,20,2,CGATCGCG,0.0030103405387428284,0.0030103442950348835,0.0035915193147957325,0.0,0.0,0.0,0.000581175019760849,4.211812010268545e-10,7.933765311385343e-09
500,20,2,CGATCGCG,0.0030103405387428284,0.0030103442950348835,0.0031737955287098885,0.0,0.0,0.0,0.00016345123367500491,4.211812010268545e-10,7.933765311385343e-09
500,21,3,CTATCGCA,0.0013987132106642042,0.0013987165235092025,0.0013721841387450695,0.0,0.0,0.0,-2.6532384764133e-05,7.612459662631466e-09,1.755099465761134e-08
500,21,3,CTATCGCA,0.0013987132106642042,0.0013987165235092025,0.0021339368540793657,0.0,0.0,0.0,0.0007352203305701632,7.612459662631466e-09,1.755099465761134e-08
500,21,3,CTATCGCA,0.0013987132106642042,0.0013987165235092025,0.0008802186930552125,0.0,0.0,0.0,-0.00051849783045399,7.612459662631466e-09,1.755099465761134e-08
500,21,3,CTATCGCA,0.0013987132106642042,0.0013987165235092025,0.001404250506311655,0.0,0.0,0.0,5.533982802452542e-06,7.612459662631466e-09,1.755099465761134e-08
500,22,5,TTTGCGCG,0.550420403046892,0.559677713580532,0.6938273906707764,0.2695785467250984,0.28014057182217367,0.010562025097075267,0.1341496770902444,0.0054530633693737895,0.051739616037574265
500,22,5,TTTGCGCC,-0.2413902490617213,-0.26356163305476626,-0.26877540349960327,-0.5222321053835148,-0.5430987748131246,-0.020866669429609797,-0.005213770444837007,0.11502844347934138,0.004171523514116315
500,22,5,TCTGCGCG,0.26391686825511174,0.2623547729271355,0.04573759436607361,-0.016924988066681856,-0.017182368831222816,-0.0002573807645409598,-0.21661717856106188,0.13617083381304695,0.12836035717316552
500,22,5,TTTGCGCG,0.550420403046892,0.559677713580532,0.6188767552375793,0.2695785467250984,0.28014057182217367,0.010562025097075267,0.05919904165704737,0.0054530633693737895,0.051739616037574265
500,23,6,CTATCGCG,0.25374115379047096,0.22175146809119126,0.0550592839717865,0.08279132655710758,0.06453384063267945,-0.018257485924428135,-0.16669218411940476,0.2534364949411636,0.06149838074548519
500,23,6,CTATCGCA,0.14335271838099423,0.13570634724761868,0.006012313067913055,-0.027597108852369157,-0.02151128021089313,0.0060858286414760265,-0.12969403417970563,0.05037343394254401,0.004495207142290791
500,23,6,CTATCGCA,0.14335271838099423,0.13570634724761868,0.20909345149993896,-0.027597108852369157,-0.02151128021089313,0.0060858286414760265,0.07338710425232028,0.05037343394254401,0.004495207142290791
500,23,6,CTATCGCA,0.14335271838099423,0.13570634724761868,0.13099366426467896,-0.027597108852369157,-0.02151128021089313,0.0060858286414760265,-0.004712682982939725,0.05037343394254401,0.004495207142290791
500,24,4,TGTGGGCG,-0.04182945882950973,-0.05158271465230868,-0.07760791480541229,-0.18197377253945463,-0.14382194468989895,0.038151827849555675,-0.02602520015310361,0.0392592965908784,0.00024627329968260336
500,24,4,TGTGCGCG,0.2331815233777053,0.17481109456813693,0.1768021285533905,0.09303720966776041,0.08257186453054666,-0.010465345137213755,0.0019910339852535763,0.25395570463452155,0.020473989396248005
500,24,4,TGTGAGCG,0.1360436669138787,0.0709174456663959,0.19204509258270264,-0.0041006467960661985,-0.021321784371194363,-0.017221137575128165,0.12112764691630673,0.4058983644982952,0.145393479508364
500,24,4,TGTGCGCG,0.2331815233777053,0.17481109456813693,0.17046459019184113,0.09303720966776041,0.08257186453054666,-0.010465345137213755,-0.004346504376295801,0.25395570463452155,0.020473989396248005
500,25,3,CTATCGCA,0.002165404156334224,0.002165869627522928,0.0025106945540755987,0.0,0.0,0.0,0.0003448249265526706,2.7968294347147094e-11,1.3964415344069891e-06
500,25,3,CTATCGCA,0.002165404156334224,0.002165869627522928,0.0020543315913528204,0.0,0.0,0.0,-0.00011153803617010771,2.7968294347147094e-11,1.3964415344069891e-06
500,25,3,CTATCGCA,0.002165404156334224,0.002165869627522928,0.002660642610862851,0.0,0.0,0.0,0.000494772983339923,2.7968294347147094e-11,1.3964415344069891e-06
500,25,3,CTATCGCA,0.002165404156334224,0.002165869627522928,0.0025429916568100452,0.0,0.0,0.0,0.00037712202928711714,2.7968294347147094e-11,1.3964415344069891e-06
500,26,3,CTATCGCA,0.0015103593291616497,0.0015109183460238669,0.002036025281995535,0.0,0.0,0.0,0.000525106935971668,5.379051626341891e-08,1.7308411029148818e-06
500,26,3,CTATCGCA,0.0015103593291616497,0.0015109183460238669,0.0019341714214533567,0.0,0.0,0.0,0.00042325307542948986,5.379051626341891e-08,1.7308411029148818e-06
500,26,3,CTATCGCA,0.0015103593291616497,0.0015109183460238669,0.002405306091532111,0.0,0.0,0.0,0.0008943877455082443,5.379051626341891e-08,1.7308411029148818e-06
500,26,3,CTATCGCA,0.0015103593291616497,0.0015109183460238669,0.001078450120985508,0.0,0.0,0.0,-0.0004324682250383589,5.379051626341891e-08,1.7308411029148818e-06
500,27,4,CTATCGCA,0.011430672779042486,0.011602338871457119,0.006691912189126015,0.009787904922665836,0.007538480413231713,-0.0022494245094341232,-0.004910426682331104,0.0009196709309043372,0.0016063353005628667
500,27,4,CTATCGCA,0.011430672779042486,0.011602338871457119,0.0063778916373848915,0.009787904922665836,0.007538480413231713,-0.0022494245094341232,-0.005224447234072227,0.0009196709309043372,0.0016063353005628667
500,27,4,CTATCGCA,0.011430672779042486,0.011602338871457119,0.0011157859116792679,0.009787904922665836,0.007538480413231713,-0.0022494245094341232,-0.01048655295977785,0.0009196709309043372,0.0016063353005628667
500,27,4,CTATCGCG,-0.02772094691162086,-0.018551582781469733,-0.06550812721252441,-0.02936371476799751,-0.02261544123969514,0.00674827352830237,-0.04695654443105468,0.05084469831754612,0.08752215483815062
500,28,5,CGATCGCG,0.7053262292112755,0.7054077594792281,0.5252742767333984,0.3096219502452047,0.3543489271363829,0.04472697689117816,-0.18013348274582963,0.003359538824602215,0.0037671901643649974
500,28,5,CGATCGCG,0.7053262292112755,0.7054077594792281,0.5754255652427673,0.3096219502452047,0.3543489271363829,0.04472697689117816,-0.12998219423646074,0.003359538824602215,0.0037671901643649974
500,28,5,CGGTCGCG,-0.5331615717695434,-0.7119879490663035,-0.9517726302146912,-0.9288658507356142,-1.0630467814091487,-0.13418093067353443,-0.2397846811483877,0.8941885509823857,5.666449858521272e-05
500,28,5,CGATCGCG,0.7053262292112755,0.7054077594792281,1.0099825859069824,0.3096219502452047,0.3543489271363829,0.04472697689117816,0.30457482642775435,0.003359538824602215,0.0037671901643649974
500,29,2,CTATCGCA,0.0008365749912080389,0.0008366256442968734,0.0006024352042004466,0.0,0.0,0.0,-0.00023419044009642676,5.621834775482171e-09,1.0692801244438499e-07
500,29,2,CTATCGCA,0.0008365749912080389,0.0008366256442968734,0.0011009641457349062,0.0,0.0,0.0,0.00026433850143803284,5.621834775482171e-09,1.0692801244438499e-07
500,29,2,CTATCGCA,0.0008365749912080389,0.0008366256442968734,0.0006024352042004466,0.0,0.0,0.0,-0.00023419044009642676,5.621834775482171e-09,1.0692801244438499e-07
500,29,2,CTATCGCA,0.0008365749912080389,0.0008366256442968734,0.0008066565496847034,0.0,0.0,0.0,-2.996909461217001e-05,5.621834775482171e-09,1.0692801244438499e-07
500,30,3,CTATCGCA,0.0013987132106642042,0.0013987165235092025,0.0015859897248446941,0.0,0.0,0.0,0.00018727320133549163,7.612459662631466e-09,1.755099465761134e-08
500,30,3,CTATCGCA,0.0013987132106642042,0.0013987165235092025,0.001727322582155466,0.0,0.0,0.0,0.0003286060586462636,7.612459662631466e-09,1.755099465761134e-08
500,30,3,CTATCGCA,0.0013987132106642042,0.0013987165235092025,0.0012087987270206213,0.0,0.0,0.0,-0.0001899177964885812,7.612459662631466e-09,1.755099465761134e-08
500,30,3,CTATCGCA,0.0013987132106642042,0.0013987165235092025,0.0015859897248446941,0.0,0.0,0.0,0.00018727320133549163,7.612459662631466e-09,1.755099465761134e-08
500,31,4,TTTAGGCC,0.011333456775590889,0.011338712041506271,0.01063596922904253,0.0,0.0,0.0,-0.0007027428124637414,2.7760032054527373e-05,4.878109571605782e-05
500,31,4,TTTAGGCC,0.011333456775590889,0.011338712041506271,0.013792427256703377,0.0,0.0,0.0,0.0024537152151971053,2.7760032054527373e-05,4.878109571605782e-05
500,31,4,TTTAGGCC,0.011333456775590889,0.011338712041506271,0.012275759130716324,0.0,0.0,0.0,0.0009370470892100524,2.7760032054527373e-05,4.878109571605782e-05
500,31,4,TTTAGGCC,0.011333456775590889,0.011338712041506271,0.013674973510205746,0.0,0.0,0.0,0.0023362614686994743,2.7760032054527373e-05,4.878109571605782e-05
1000,0,5,TTTGCGCG,0.5412798954565681,0.5438391328339389,0.6904723048210144,0.17466295939638787,0.19136775047943322,0.016704791083045345,0.14663317198707548,0.009842657289831303,0.022638844176685158
1000,0,5,TCTGCGCC,-0.1573719421289835,-0.2216318690837939,-0.09307080507278442,-0.5239888781891637,-0.5741032514382995,-0.05011437324913581,0.12856106401100947,0.33762125082696093,0.016321616052908938
1000,0,5,TTTGCGCG,0.5412798954565681,0.5438391328339389,0.1693115234375,0.17466295939638787,0.19136775047943322,0.016704791083045345,-0.3745276093964389,0.009842657289831303,0.022638844176685158
1000,0,5,TTTGCGCG,0.5412798954565681,0.5438391328339389,0.42716968059539795,0.17466295939638787,0.19136775047943322,0.016704791083045345,-0.11666945223854097,0.009842657289831303,0.022638844176685158
1000,1,6,CTATCGCA,0.1303822345037095,0.12947915628170348,0.005440840497612953,-0.05331149451100814,-0.03936062954085612,0.013950864970152022,-0.12403831578409052,0.00837787203567919,0.0029594027036430326
1000,1,6,CTATCGCA,0.1303822345037095,0.12947915628170348,0.0108655309304595,-0.05331149451100814,-0.03936062954085612,0.013950864970152022,-0.11861362535124398,0.00837787203567919,0.0029594027036430326
1000,1,6,CGATCGCG,0.34362821254774206,0.286921674445128,1.2289334535598755,0.15993448353302442,0.11808188862256841,-0.04185259491045601,0.9420117791147475,0.35938820888607914,0.019148980270395022
1000,1,6,CTATCGCA,0.1303822345037095,0.12947915628170348,0.18198487162590027,-0.05331149451100814,-0.03936062954085612,0.013950864970152022,0.05250571534419679,0.00837787203567919,0.0029594027036430326
1000,2,4,CTATCGCA,0.010565532487740385,0.010573154813030783,0.012584713287651539,0.0,0.0,0.0,0.002011558474620756,8.73999661489544e-06,3.922929777648576e-05
1000,2,4,CTATCGCA,0.010565532487740385,0.010573154813030783,0.01323254406452179,0.0,0.0,0.0,0.0026593892514910067,8.73999661489544e-06,3.922929777648576e-05
1000,2,4,CTATCGCA,0.010565532487740385,0.010573154813030783,0.005508318543434143,0.0,0.0,0.0,-0.00506483626959664,8.73999661489544e-06,3.922929777648576e-05
1000,2,4,CTATCGCA,0.010565532487740385,0.010573154813030783,0.015385832637548447,0.0,0.0,0.0,0.004812677824517664,8.73999661489544e-06,3.922929777648576e-05
1000,3,4,CTATCGCA,0.023847376755157895,0.02414149609827143,0.02116573601961136,0.0,0.0,0.0,-0.0029757600786600724,0.00016955538426542682,0.001346032756719573
1000,3,4,CTATCGCA,0.023847376755157895,0.02414149609827143,0.018293531611561775,0.0,0.0,0.0,-0.005847964486709656,0.00016955538426542682,0.001346032756719573
1000,3,4,CTATCGCA,0.023847376755157895,0.02414149609827143,0.01656343787908554,0.0,0.0,0.0,-0.00757805821918589,0.00016955538426542682,0.001346032756719573
1000,3,4,CTATCGCA,0.023847376755157895,0.02414149609827143,0.016541505232453346,0.0,0.0,0.0,-0.007599990865818085,0.00016955538426542682,0.001346032756719573
1000,4,6,CTATCGCA,0.025639286043292648,0.025704957591320483,0.00674028042703867,0.03877252875323371,0.03745465929419474,-0.0013178694590389728,-0.018964677164281813,6.057511793937376e-05,0.00045460440610639585
1000,4,6,CTATCGCA,0.025639286043292648,0.025704957591320483,0.02139773592352867,0.03877252875323371,0.03745465929419474,-0.0013178694590389728,-0.004307221667791811,6.057511793937376e-05,0.00045460440610639585
1000,4,6,CTATCGCA,0.025639286043292648,0.025704957591320483,0.029489710927009583,0.03877252875323371,0.03745465929419474,-0.0013178694590389728,0.0037847533356891,6.057511793937376e-05,0.00045460440610639585
1000,4,6,CTATCGCG,-0.1294508289696422,-0.12411367958545849,-0.1595122218132019,-0.11631758625970112,-0.11236397788258423,0.003953608377116891,-0.03539854222774341,0.02381516255370153,0.05583805885880366
1000,5,5,CTATCGCA,0.002176130931146725,0.0021771003050499614,0.0016563518438488245,0.0,0.0,0.0,-0.0005207484612011369,1.3219842748962707e-07,4.979067943671964e-06
1000,5,5,CTATCGCA,0.002176130931146725,0.0021771003050499614,0.0013331236550584435,0.0,0.0,0.0,-0.0008439766499915178,1.3219842748962707e-07,4.979067943671964e-06
1000,5,5,CTATCGCA,0.002176130931146725,0.0021771003050499614,0.0023119074758142233,0.0,0.0,0.0,0.00013480717076426191,1.3219842748962707e-07,4.979067943671964e-06
1000,5,5,CTATCGCA,0.002176130931146725,0.0021771003050499614,0.0026487100403755903,0.0,0.0,0.0,0.00047160973532562895,1.3219842748962707e-07,4.979067943671964e-06
1000,6,7,TTTAGGCC,-0.01605380988599685,-0.032936239783526035,-0.005895739421248436,0.0,0.0,0.0,0.0270405003622776,0.11978124321878542,0.0016042339360811397
1000,6,7,TTTAGGCC,-0.01605380988599685,-0.032936239783526035,-0.023254822939634323,0.0,0.0,0.0,0.009681416843891712,0.11978124321878542,0.0016042339360811397
1000,6,7,TTTAGGCC,-0.01605380988599685,-0.032936239783526035,-0.0624840073287487,0.0,0.0,0.0,-0.029547767545222668,0.11978124321878542,0.0016042339360811397
1000,6,7,TTTAGGCC,-0.01605380988599685,-0.032936239783526035,-0.044810742139816284,0.0,0.0,0.0,-0.01187450235629025,0.11978124321878542,0.0016042339360811397
1000,7,3,CGGTCGCG,-0.9443102569485248,-1.4624305053995255,-1.112589716911316,-1.2251767688123691,-1.5900657757804557,-0.36488900696808657,0.34984078848820954,1.554401336119248,4.059076624574054e-05
1000,7,3,CGATCGCG,0.9545999273319666,0.9286985860704183,0.6724982261657715,0.6737334154681223,0.801063315689488,0.1273299002213657,-0.25620035990464685,0.08542124349561053,0.007717219710965839
1000,7,3,CTATCGCG,0.5565881885359678,0.5221365004264142,0.7558172345161438,0.27572167667212344,0.3945012300454839,0.11877955337336044,0.23368073408972956,0.10876827124871769,0.005413206920056979
1000,7,3,CTATCGCG,0.5565881885359678,0.5221365004264142,0.29714876413345337,0.27572167667212344,0.3945012300454839,0.11877955337336044,-0.22498773629296087,0.10876827124871769,0.005413206920056979
1000,8,2,CTATCGCA,0.049856208563271276,0.050087841369531816,0.06219329684972763,0.0,0.0,0.0,0.012105455480195815,8.075494458514854e-05,0.0005440205571062284
1000,8,2,CTATCGCA,0.049856208563271276,0.050087841369531816,0.062193289399147034,0.0,0.0,0.0,0.012105448029615218,8.075494458514854e-05,0.0005440205571062284
1000,8,2,CTATCGCA,0.049856208563271276,0.050087841369531816,0.05008786916732788,0.0,0.0,0.0,2.779779606498778e-08,8.075494458514854e-05,0.0005440205571062284
1000,8,2,CTATCGCA,0.049856208563271276,0.050087841369531816,0.062193289399147034,0.0,0.0,0.0,0.012105448029615218,8.075494458514854e-05,0.0005440205571062284
1000,9,6,CTATCGCA,0.14527515308199476,0.14282219001569896,0.11877983808517456,0.0,0.0,0.0,-0.024042351930524397,0.019052821981392354,0.004335043583617582
1000,9,6,CTATCGCA,0.14527515308199476,0.14282219001569896,0.14087657630443573,0.0,0.0,0.0,-0.0019456137112632277,0.019052821981392354,0.004335043583617582
1000,9,6,CTATCGCA,0.14527515308199476,0.14282219001569896,0.012553437612950802,0.0,0.0,0.0,-0.13026875240274816,0.019052821981392354,0.004335043583617582
1000,9,6,CTATCGCA,0.14527515308199476,0.14282219001569896,0.016546789556741714,0.0,0.0,0.0,-0.12627540045895724,0.019052821981392354,0.004335043583617582
1000,10,4,CGATCGCG,0.8001499686937462,0.8070274165007353,0.4276292324066162,0.0,0.0,0.0,-0.3793981840941191,0.0018711747270964418,0.029380965955052574
1000,10,4,CGATCGCG,0.8001499686937462,0.8070274165007353,0.484453022480011,0.0,0.0,0.0,-0.3225743940207243,0.0018711747270964418,0.029380965955052574
1000,10,4,CGATCGCG,0.8001499686937462,0.8070274165007353,0.4448387324810028,0.0,0.0,0.0,-0.3621886840197325,0.0018711747270964418,0.029380965955052574
1000,10,4,CGATCGCG,0.8001499686937462,0.8070274165007353,0.6694453954696655,0.0,0.0,0.0,-0.13758202103106976,0.0018711747270964418,0.029380965955052574
1000,11,4,CTATCGCA,0.010707414541326154,0.010723811669611338,0.013405004516243935,0.03939615650201133,0.03988163843548992,0.000485481933478589,0.0026811928466325963,8.953849938819064e-05,0.00015512701252892724
1000,11,4,CTATCGCA,0.010707414541326154,0.010723811669611338,0.0044378419406712055,0.03939615650201133,0.03988163843548992,0.000485481933478589,-0.006285969728940133,8.953849938819064e-05,0.00015512701252892724
1000,11,4,CTATCGCA,0.010707414541326154,0.010723811669611338,0.008703097701072693,0.03939615650201133,0.03988163843548992,0.000485481933478589,-0.0020207139685386455,8.953849938819064e-05,0.00015512701252892724
1000,11,4,CTATCGCG,-0.14687721146671917,-0.14880274207234834,-0.1555544137954712,-0.118188469506034,-0.11964491530646976,-0.00145644580043576,-0.006751671723122854,0.02129981396729308,0.013597691544776414
1000,12,4,TTTAGGCC,0.0004021697548204622,0.00040217173291046127,0.0003694905899465084,0.0,0.0,0.0,-3.268114296395286e-05,2.979475860198644e-07,3.0585994601622923e-07
1000,12,4,TTTAGGCC,0.0004021697548204622,0.00040217173291046127,0.00032933393958956003,0.0,0.0,0.0,-7.283779332090123e-05,2.979475860198644e-07,3.0585994601622923e-07
1000,12,4,TTTAGGCC,0.0004021697548204622,0.00040217173291046127,0.00038367797969840467,0.0,0.0,0.0,-1.8493753212056596e-05,2.979475860198644e-07,3.0585994601622923e-07
1000,12,4,TTTAGGCC,0.0004021697548204622,0.00040217173291046127,0.0005379874492064118,0.0,0.0,0.0,0.00013581571629595057,2.979475860198644e-07,3.0585994601622923e-07
1000,13,6,CTATCGCA,0.14527515308199476,0.14282219001569896,0.14065104722976685,0.0,0.0,0.0,-0.002171142785932112,0.019052821981392354,0.004335043583617582
1000,13,6,CTATCGCA,0.14527515308199476,0.14282219001569896,0.02282853238284588,0.0,0.0,0.0,-0.11999365763285308,0.019052821981392354,0.004335043583617582
1000,13,6,CTATCGCA,0.14527515308199476,0.14282219001569896,0.014145534485578537,0.0,0.0,0.0,-0.12867665553012042,0.019052821981392354,0.004335043583617582
1000,13,6,CTATCGCA,0.14527515308199476,0.14282219001569896,0.12722615897655487,0.0,0.0,0.0,-0.015596031039144087,0.019052821981392354,0.004335043583617582
1000,14,3,CTATCGCA,0.007107537126121943,0.0071144619089156995,0.006761657539755106,0.0,0.0,0.0,-0.00035280436916059355,2.517784420952296e-07,2.1026126823364688e-05
1000,14,3,CTATCGCA,0.007107537126121943,0.0071144619089156995,0.003975756000727415,0.0,0.0,0.0,-0.0031387059081882844,2.517784420952296e-07,2.1026126823364688e-05
1000,14,3,CTATCGCA,0.007107537126121943,0.0071144619089156995,0.008593355305492878,0.0,0.0,0.0,0.0014788933965771784,2.517784420952296e-07,2.1026126823364688e-05
1000,14,3,CTATCGCA,0.007107537126121943,0.0071144619089156995,0.005257436074316502,0.0,0.0,0.0,-0.001857025834599198,2.517784420952296e-07,2.1026126823364688e-05
1000,15,4,CTATCGCA,0.029379482891344115,0.029513045985207098,0.0053227548487484455,0.0,0.0,0.0,-0.024190291136458653,8.483628201481214e-05,0.0006190886574667376
1000,15,4,CTATCGCA,0.029379482891344115,0.029513045985207098,0.016947066411376,0.0,0.0,0.0,-0.012565979573831099,8.483628201481214e-05,0.0006190886574667376
1000,15,4,CTATCGCA,0.029379482891344115,0.029513045985207098,0.0025329063646495342,0.0,0.0,0.0,-0.026980139620557564,8.483628201481214e-05,0.0006190886574667376
1000,15,4,CTATCGCA,0.029379482891344115,0.029513045985207098,0.053152769804000854,0.0,0.0,0.0,0.023639723818793756,8.483628201481214e-05,0.0006190886574667376
1000,16,6,CTATCGCA,0.009485094997290723,0.009524447183336745,0.01241090428084135,0.0,0.0,0.0,0.0028864570975046053,1.2282448796040873e-05,0.0002483955650721681
1000,16,6,CTATCGCA,0.009485094997290723,0.009524447183336745,0.010664328001439571,0.0,0.0,0.0,0.0011398808181028262,1.2282448796040873e-05,0.0002483955650721681
1000,16,6,CTATCGCA,0.009485094997290723,0.009524447183336745,0.01084978599101305,0.0,0.0,0.0,0.0013253388076763049,1.2282448796040873e-05,0.0002483955650721681
1000,16,6,CTATCGCA,0.009485094997290723,0.009524447183336745,0.006209191866219044,0.0,0.0,0.0,-0.0033152553171177015,1.2282448796040873e-05,0.0002483955650721681
1000,17,6,CGATCGCG,0.33649475863395445,0.27334094635609496,0.19029280543327332,0.1565376436252604,0.10984757111853119,-0.04669007250672921,-0.08304814092282164,0.40310106033514304,0.02417818666798599
1000,17,6,CTATCGCA,0.12777790046694057,0.1268775181980534,0.019087443128228188,-0.05217921454175348,-0.03661585703951037,0.015563357502243108,-0.10779007506982521,0.011358519274406509,0.0059562256610836695
1000,17,6,CTATCGCA,0.12777790046694057,0.1268775181980534,0.2702328860759735,-0.05217921454175348,-0.03661585703951037,0.015563357502243108,0.1433553678779201,0.011358519274406509,0.0059562256610836695
1000,17,6,CTATCGCA,0.12777790046694057,0.1268775181980534,0.19197797775268555,-0.05217921454175348,-0.03661585703951037,0.015563357502243108,0.06510045955463215,0.011358519274406509,0.0059562256610836695
1000,18,3,CGATCGCG,0.165064898046794,0.1642029743618171,0.1500416398048401,0.08645723965643176,0.0862350967002689,-0.00022214295616286572,-0.014161334556977018,0.007508218857621207,0.004922447802690577
1000,18,3,CTATCGCG,-0.007849581266069513,-0.008267219038720667,-0.008328597992658615,-0.08645723965643175,-0.08623509670026888,0.00022214295616286572,-6.137895393794855e-05,0.0013970962602941062,0.00014418294234064266
1000,18,3,CGATCGCG,0.165064898046794,0.1642029743618171,0.20563822984695435,0.08645723965643176,0.0862350967002689,-0.00022214295616286572,0.04143525548513724,0.007508218857621207,0.004922447802690577
1000,18,3,CTATCGCG,-0.007849581266069513,-0.008267219038720667,-0.0011893585324287415,-0.08645723965643175,-0.08623509670026888,0.00022214295616286572,0.007077860506291925,0.0013970962602941062,0.00014418294234064266
1000,19,4,CTATCGCG,0.0015218195677905444,0.0007668939919559525,0.0031477436423301697,-0.09402800786222419,-0.09146061790507784,0.0025673899571463515,0.002380849650374217,0.005256266807255883,0.0022365645039175153
1000,19,4,CGATCGCG,0.1268924967174228,0.12271438453205974,0.12872856855392456,0.03134266928740807,0.030486872635025947,-0.0008557966523821264,0.006014184021864821,0.019527478804861165,0.0028150300634088854
1000,19,4,CGATCGCG,0.1268924967174228,0.12271438453205974,0.05079476535320282,0.03134266928740807,0.030486872635025947,-0.0008557966523821264,-0.07191961917885692,0.019527478804861165,0.0028150300634088854
1000,19,4,CGATCGCG,0.1268924967174228,0.12271438453205974,0.17409059405326843,0.03134266928740807,0.030486872635025947,-0.0008557966523821264,0.05137620952120869,0.019527478804861165,0.0028150300634088854
1000,20,8,CTATCGCA,0.1940278673821924,0.17668584297724776,0.03382390737533569,0.11619671525008023,0.16812106090062445,0.051924345650544226,-0.14286193560191207,0.15609674211937652,0.01736054687981925
1000,20,8,TTTGGGCC,-0.2707589936181285,-0.49579840062525005,-0.9113823175430298,-0.34859014575024067,-0.5043631827018733,-0.15577303695163264,-0.41558391691777974,1.8040373082687822,0.0037220522118099897
1000,20,8,CTATCGCA,0.1940278673821924,0.17668584297724776,0.2693801522254944,0.11619671525008023,0.16812106090062445,0.051924345650544226,0.09269430924824662,0.15609674211937652,0.01736054687981925
1000,20,8,CTATCGCA,0.1940278673821924,0.17668584297724776,0.006786666810512543,0.11619671525008023,0.16812106090062445,0.051924345650544226,-0.16989917616673522,0.15609674211937652,0.01736054687981925
1000,21,3,CTATCGCA,0.001660231036144368,0.0016605151367912185,0.000877159705851227,0.0,0.0,0.0,-0.0007833554309399915,2.0806846801058043e-09,8.543826252316311e-07
1000,21,3,CTATCGCA,0.001660231036144368,0.0016605151367912185,0.0016641439869999886,0.0,0.0,0.0,3.628850208770018e-06,2.0806846801058043e-09,8.543826252316311e-07
1000,21,3,CTATCGCA,0.001660231036144368,0.0016605151367912185,0.0017493072664365172,0.0,0.0,0.0,8.87921296452987e-05,2.0806846801058043e-09,8.543826252316311e-07
1000,21,3,CTATCGCA,0.001660231036144368,0.0016605151367912185,0.0013646141160279512,0.0,0.0,0.0,-0.0002959010207632673,2.0806846801058043e-09,8.543826252316311e-07
1000,22,7,CTATCGCA,0.23391643885161853,0.21992190820632299,0.18663208186626434,0.0808023008740251,0.1377435268291345,0.05694122595510939,-0.03328982634005864,0.11378768157664088,0.015825967059571955
1000,22,7,CTATCGCA,0.23391643885161853,0.21992190820632299,0.0018953136168420315,0.0808023008740251,0.1377435268291345,0.05694122595510939,-0.21802659458948095,0.11378768157664088,0.015825967059571955
1000,22,7,TTTAGGCC,-0.08929276464448185,-0.331052199110215,-0.019620150327682495,-0.2424069026220753,-0.41323058048740346,-0.17082367786532818,0.3114320487825325,1.699648065070357,0.007332023810225019
1000,22,7,CTATCGCA,0.23391643885161853,0.21992190820632299,0.5234495997428894,0.0808023008740251,0.1377435268291345,0.05694122595510939,0.30352769153656645,0.11378768157664088,0.015825967059571955
1000,23,6,CTATCGCA,0.011066997949247625,0.010951546059764302,0.017534863203763962,0.0,0.0,0.0,0.006583317143999659,0.0020957263868153497,0.0014030150499154126
1000,23,6,CTATCGCA,0.011066997949247625,0.010951546059764302,0.009518240578472614,0.0,0.0,0.0,-0.001433305481291688,0.0020957263868153497,0.0014030150499154126
1000,23,6,CTATCGCA,0.011066997949247625,0.010951546059764302,0.01925009675323963,0.0,0.0,0.0,0.00829855069347533,0.0020957263868153497,0.0014030150499154126
1000,23,6,CTATCGCA,0.011066997949247625,0.010951546059764302,0.013953879475593567,0.0,0.0,0.0,0.0030023334158292645,0.0020957263868153497,0.0014030150499154126
1000,24,1,CTATCGCA,0.002961842830700334,0.002961842830700334,0.0029619617853313684,0.0,0.0,0.0,1.1895463103428483e-07,0.0,0.0
1000,24,1,CTATCGCA,0.002961842830700334,0.002961842830700334,0.0029619617853313684,0.0,0.0,0.0,1.1895463103428483e-07,0.0,0.0
1000,24,1,CTATCGCA,0.002961842830700334,0.002961842830700334,0.0029619617853313684,0.0,0.0,0.0,1.1895463103428483e-07,0.0,0.0
1000,24,1,CTATCGCA,0.002961842830700334,0.002961842830700334,0.0029619617853313684,0.0,0.0,0.0,1.1895463103428483e-07,0.0,0.0
1000,25,5,CTATCGCA,0.013564189049990672,0.013592137758863209,0.005090320482850075,0.0,0.0,0.0,-0.008501817276013134,8.726425949359684e-06,0.00014846997031205122
1000,25,5,CTATCGCA,0.013564189049990672,0.013592137758863209,0.01984858699142933,0.0,0.0,0.0,0.00625644923256612,8.726425949359684e-06,0.00014846997031205122
1000,25,5,CTATCGCA,0.013564189049990672,0.013592137758863209,0.024526109918951988,0.0,0.0,0.0,0.01093397216008878,8.726425949359684e-06,0.00014846997031205122
1000,25,5,CTATCGCA,0.013564189049990672,0.013592137758863209,0.01730223000049591,0.0,0.0,0.0,0.0037100922416327016,8.726425949359684e-06,0.00014846997031205122
1000,26,2,CTATCGCA,0.0032378188802335006,0.003238129158035008,0.003305022604763508,0.0,0.0,0.0,6.689344672849984e-05,4.267028397286765e-09,6.248226314120586e-07
1000,26,2,CTATCGCA,0.0032378188802335006,0.003238129158035008,0.003718406194821,0.0,0.0,0.0,0.0004802770367859921,4.267028397286765e-09,6.248226314120586e-07
1000,26,2,CTATCGCA,0.0032378188802335006,0.003238129158035008,0.003305022604763508,0.0,0.0,0.0,6.689344672849984e-05,4.267028397286765e-09,6.248226314120586e-07
1000,26,2,CTATCGCA,0.0032378188802335006,0.003238129158035008,0.003785299602895975,0.0,0.0,0.0,0.0005471704448609671,4.267028397286765e-09,6.248226314120586e-07
1000,27,4,CTATCGCA,0.0059819728193296565,0.005985335272309045,0.0045898170210421085,0.0,0.0,0.0,-0.0013955182512669362,7.624593004393332e-07,1.4212271217992067e-05
1000,27,4,CTATCGCA,0.0059819728193296565,0.005985335272309045,0.010474622249603271,0.0,0.0,0.0,0.004489286977294227,7.624593004393332e-07,1.4212271217992067e-05
1000,27,4,CTATCGCA,0.0059819728193296565,0.005985335272309045,0.010920658707618713,0.0,0.0,0.0,0.004935323435309669,7.624593004393332e-07,1.4212271217992067e-05
1000,27,4,CTATCGCA,0.0059819728193296565,0.005985335272309045,0.004786387551575899,0.0,0.0,0.0,-0.0011989477207331456,7.624593004393332e-07,1.4212271217992067e-05
1000,28,5,CTATCGCA,0.020968918853044194,0.02111449433563699,0.017006484791636467,0.042738650475812136,0.04111719642565168,-0.0016214540501604535,-0.0041080095440005245,0.000617215515702707,0.0013450929286666913
1000,28,5,CTATCGCA,0.020968918853044194,0.02111449433563699,0.02049390971660614,0.042738650475812136,0.04111719642565168,-0.0016214540501604535,-0.0006205846190308513,0.000617215515702707,0.0013450929286666913
1000,28,5,CTATCGCG,-0.14998568305020435,-0.14335429136696973,-0.10571947693824768,-0.12821595142743641,-0.12335158927695504,0.0048643621504813744,0.037634814428722047,0.05560919964209532,0.08876615805826837
1000,28,5,CTATCGCA,0.020968918853044194,0.02111449433563699,0.010763624683022499,0.042738650475812136,0.04111719642565168,-0.0016214540501604535,-0.010350869652614492,0.000617215515702707,0.0013450929286666913
1000,29,4,TTTAGGCC,0.15446265382958593,0.1537078824646111,0.10872048884630203,0.061344193010925974,0.06201004938564128,0.0006658563747153068,-0.04498739361830906,0.005029712065474201,0.002010626605574828
1000,29,4,TTTGGGCC,-0.09091411821411796,-0.09433231507795403,0.008532688021659851,-0.18403257903277792,-0.18603014815692384,-0.0019975691241459204,0.10286500309961388,0.01430893205090178,0.0006361445955574974
1000,29,4,TTTAGGCC,0.15446265382958593,0.1537078824646111,0.11731191724538803,0.061344193010925974,0.06201004938564128,0.0006658563747153068,-0.03639596521922306,0.005029712065474201,0.002010626605574828
1000,29,4,TTTAGGCC,0.15446265382958593,0.1537078824646111,0.16845625638961792,0.061344193010925974,0.06201004938564128,0.0006658563747153068,0.01474837392500683,0.005029712065474201,0.002010626605574828
1000,30,3,CTATCGCG,0.5411025247935917,0.5085648775744226,0.03398996591567993,-0.20864555732371626,-0.21455653542135322,-0.005910978097636965,-0.47457491165874266,0.10464556199116881,0.007032620333661477
1000,30,3,CGATCGCG,0.9583936394410242,0.937677948417129,1.144202709197998,0.20864555732371626,0.21455653542135322,0.005910978097636965,0.206524760780869,0.07244375991815755,0.010296686846472003
1000,30,3,CGATCGCG,0.9583936394410242,0.937677948417129,0.4701222777366638,0.20864555732371626,0.21455653542135322,0.005910978097636965,-0.4675556706804652,0.07244375991815755,0.010296686846472003
1000,30,3,CTATCGCG,0.5411025247935917,0.5085648775744226,0.6969501376152039,-0.20864555732371626,-0.21455653542135322,-0.005910978097636965,0.18838526004078127,0.10464556199116881,0.007032620333661477
1000,31,4,CTATCGCA,0.0013113305183527213,0.0013117808798028818,0.002153472974896431,0.0,0.0,0.0,0.0008416920950935491,2.760445595717531e-08,1.829050256599296e-06
1000,31,4,CTATCGCA,0.0013113305183527213,0.0013117808798028818,0.001958231907337904,0.0,0.0,0.0,0.0006464510275350221,2.760445595717531e-08,1.829050256599296e-06
1000,31,4,CTATCGCA,0.0013113305183527213,0.0013117808798028818,0.0010296034161001444,0.0,0.0,0.0,-0.00028217746370273744,2.760445595717531e-08,1.829050256599296e-06
1000,31,4,CTATCGCA,0.0013113305183527213,0.0013117808798028818,0.000670237117446959,0.0,0.0,0.0,-0.0006415437623559228,2.760445595717531e-08,1.829050256599296e-06
2000,0,6,TTTAGGCA,0.03146561396702744,-0.1928610322117977,-0.3075438141822815,0.02342174616930136,-0.14458427965407228,-0.16800602582337365,-0.11468278197048379,1.7352578080744454,0.38929793100149457
2000,0,6,TTTAGGCC,0.00023661907462562784,-8.199267303465874e-05,0.0014296546578407288,-0.007807248723100451,0.04819475988469076,0.05600200860779121,0.0015116473308753875,0.0020466237491427453,0.00013495326318102574
2000,0,6,TTTAGGCC,0.00023661907462562784,-8.199267303465874e-05,-0.008802730590105057,-0.007807248723100451,0.04819475988469076,0.05600200860779121,-0.008720737917070398,0.0020466237491427453,0.00013495326318102574
2000,0,6,TTTAGGCC,0.00023661907462562784,-8.199267303465874e-05,0.0030176956206560135,-0.007807248723100451,0.04819475988469076,0.05600200860779121,0.0030996882936906722,0.0020466237491427453,0.00013495326318102574
2000,1,2,CTATCGCG,-0.41951850917764744,-0.41951800179231236,-0.24736106395721436,-0.33096561250052214,-0.3309711859778874,-5.573477365239388e-06,0.172156937835098,0.0028449352458159716,0.0028459500164861318
2000,1,2,CTATCGCA,0.021768974156382126,0.02177691284487082,0.028284568339586258,0.11032187083350739,0.1103237286592958,1.8578257884038774e-06,0.006507655494715436,2.847980233089409e-06,1.872535721048063e-05
2000,1,2,CTATCGCA,0.021768974156382126,0.02177691284487082,0.013089039362967014,0.11032187083350739,0.1103237286592958,1.8578257884038774e-06,-0.008687873481903807,2.847980233089409e-06,1.872535721048063e-05
2000,1,2,CTATCGCA,0.021768974156382126,0.02177691284487082,0.01744958758354187,0.11032187083350739,0.1103237286592958,1.8578257884038774e-06,-0.0043273252613289515,2.847980233089409e-06,1.872535721048063e-05
2000,2,3,CTATCGCA,0.00044260372493438543,0.00044261287242382724,0.00042332461453042924,0.0,0.0,0.0,-1.9288257893397998e-05,1.0615291978766095e-09,2.8503997523410263e-08
2000,2,3,CTATCGCA,0.00044260372493438543,0.00044261287242382724,0.00042875236249528825,0.0,0.0,0.0,-1.386050992853899e-05,1.0615291978766095e-09,2.8503997523410263e-08
2000,2,3,CTATCGCA,0.00044260372493438543,0.00044261287242382724,0.0005594291724264622,0.0,0.0,0.0,0.00011681630000263493,1.0615291978766095e-09,2.8503997523410263e-08
2000,2,3,CTATCGCA,0.00044260372493438543,0.00044261287242382724,0.0006312623736448586,0.0,0.0,0.0,0.00018864950122103136,1.0615291978766095e-09,2.8503997523410263e-08
2000,3,4,CTATCGCA,0.010454475312485258,0.010472991567723966,0.00578340282663703,0.0,0.0,0.0,-0.004689588741086936,9.044216364786917e-07,7.496944259131194e-05
2000,3,4,CTATCGCA,0.010454475312485258,0.010472991567723966,0.0072273435071110725,0.0,0.0,0.0,-0.0032456480606128935,9.044216364786917e-07,7.496944259131194e-05
2000,3,4,CTATCGCA,0.010454475312485258,0.010472991567723966,0.01305928360670805,0.0,0.0,0.0,0.0025862920389840838,9.044216364786917e-07,7.496944259131194e-05
2000,3,4,CTATCGCA,0.010454475312485258,0.010472991567723966,0.008612326346337795,0.0,0.0,0.0,-0.0018606652213861707,9.044216364786917e-07,7.496944259131194e-05
2000,4,2,CTATCGCA,0.0018492219843688762,0.0018493221832613926,0.0022215002682060003,0.0,0.0,0.0,0.0003721780849446077,2.405204924116333e-10,2.0063830552530248e-07
2000,4,2,CTATCGCA,0.0018492219843688762,0.0018493221832613926,0.0018493222305551171,0.0,0.0,0.0,4.729372449219227e-11,2.405204924116333e-10,2.0063830552530248e-07
2000,4,2,CTATCGCA,0.0018492219843688762,0.0018493221832613926,0.0013195053907111287,0.0,0.0,0.0,-0.0005298167925502639,2.405204924116333e-10,2.0063830552530248e-07
2000,4,2,CTATCGCA,0.0018492219843688762,0.0018493221832613926,0.0016632331535220146,0.0,0.0,0.0,-0.00018608902973937802,2.405204924116333e-10,2.0063830552530248e-07
2000,5,4,CTATCGCA,0.01245081253894395,0.012457863433515626,0.006969241425395012,0.0,0.0,0.0,-0.005488622008120614,1.9822384989640063e-05,4.802596327634079e-05
2000,5,4,CTATCGCA,0.01245081253894395,0.012457863433515626,0.0043749199248850346,0.0,0.0,0.0,-0.008082943508630591,1.9822384989640063e-05,4.802596327634079e-05
2000,5,4,CTATCGCA,0.01245081253894395,0.012457863433515626,0.022451655939221382,0.0,0.0,0.0,0.009993792505705756,1.9822384989640063e-05,4.802596327634079e-05
2000,5,4,CTATCGCA,0.01245081253894395,0.012457863433515626,0.012853864580392838,0.0,0.0,0.0,0.0003960011468772118,1.9822384989640063e-05,4.802596327634079e-05
2000,6,6,CTATCGCA,0.02465997617115728,0.024703922517320898,0.017316266894340515,0.0,0.0,0.0,-0.0073876556229803825,0.00019092632912467988,0.00045460440610639585
2000,6,6,CTATCGCA,0.02465997617115728,0.024703922517320898,0.019597625359892845,0.0,0.0,0.0,-0.0051062971574280525,0.00019092632912467988,0.00045460440610639585
2000,6,6,CTATCGCA,0.02465997617115728,0.024703922517320898,0.013995088636875153,0.0,0.0,0.0,-0.010708833880445745,0.00019092632912467988,0.00045460440610639585
2000,6,6,CTATCGCA,0.02465997617115728,0.024703922517320898,0.012817840091884136,0.0,0.0,0.0,-0.011886082425436761,0.00019092632912467988,0.00045460440610639585
2000,7,4,CTATCGCA,0.029232139916789676,0.02981370579653253,0.031814564019441605,0.0,0.0,0.0,0.0020008582229090743,0.00016836794804381272,0.002494631467015229
2000,7,4,CTATCGCA,0.029232139916789676,0.02981370579653253,0.0005194508703425527,0.0,0.0,0.0,-0.029294254926189978,0.00016836794804381272,0.002494631467015229
2000,7,4,CTATCGCA,0.029232139916789676,0.02981370579653253,0.029379453510046005,0.0,0.0,0.0,-0.00043425228648652503,0.00016836794804381272,0.002494631467015229
2000,7,4,CTATCGCA,0.029232139916789676,0.02981370579653253,0.03641430288553238,0.0,0.0,0.0,0.006600597088999849,0.00016836794804381272,0.002494631467015229
2000,8,5,CTATCGCA,0.025761836826060265,0.025817676103208776,0.01870722323656082,0.0,0.0,0.0,-0.0071104528666479545,0.0004813823630890057,0.0007605787488315641
2000,8,5,CTATCGCA,0.025761836826060265,0.025817676103208776,0.016986379399895668,0.0,0.0,0.0,-0.008831296703313108,0.0004813823630890057,0.0007605787488315641
2000,8,5,CTATCGCA,0.025761836826060265,0.025817676103208776,0.016863491386175156,0.0,0.0,0.0,-0.00895418471703362,0.0004813823630890057,0.0007605787488315641
2000,8,5,CTATCGCA,0.025761836826060265,0.025817676103208776,0.028266916051506996,0.0,0.0,0.0,0.00244923994829822,0.0004813823630890057,0.0007605787488315641
2000,9,2,CTATCGCA,0.046496537264914484,0.04665169942722969,0.05401831492781639,0.08440862858558475,0.08640790214434452,0.0019992735587597704,0.007366615500586704,0.00023369623247582183,0.0005440205571062284
2000,9,2,CTATCGCG,-0.2911379770774245,-0.2989799091501484,-0.2989799976348877,-0.25322588575675425,-0.25922370643303355,-0.005997820676279297,-8.848473931344358e-08,0.07859164102639227,0.06290777688094451
2000,9,2,CTATCGCA,0.046496537264914484,0.04665169942722969,0.04442185163497925,0.08440862858558475,0.08640790214434452,0.0019992735587597704,-0.002229847792250439,0.00023369623247582183,0.0005440205571062284
2000,9,2,CTATCGCA,0.046496537264914484,0.04665169942722969,0.05401831120252609,0.08440862858558475,0.08640790214434452,0.0019992735587597704,0.0073666117752964055,0.00023369623247582183,0.0005440205571062284
2000,10,5,CTATCGCA,0.15066450510424073,0.1480962825664644,0.2358739972114563,0.0,0.0,0.0,0.0877777146449919,0.015098433038642611,0.002257320349760894
2000,10,5,CTATCGCA,0.15066450510424073,0.1480962825664644,0.28574246168136597,0.0,0.0,0.0,0.13764617911490157,0.015098433038642611,0.002257320349760894
2000,10,5,CTATCGCA,0.15066450510424073,0.1480962825664644,0.1905413269996643,0.0,0.0,0.0,0.04244504443319991,0.015098433038642611,0.002257320349760894
2000,10,5,CTATCGCA,0.15066450510424073,0.1480962825664644,0.10096916556358337,0.0,0.0,0.0,-0.047127117002881025,0.015098433038642611,0.002257320349760894
2000,11,2,CTATCGCA,0.021768974156382126,0.02177691284487082,0.021776942536234856,0.0,0.0,0.0,2.9691364034079015e-08,2.847980233089409e-06,1.872535721048063e-05
2000,11,2,CTATCGCA,0.021768974156382126,0.02177691284487082,0.021776942536234856,0.0,0.0,0.0,2.9691364034079015e-08,2.847980233089409e-06,1.872535721048063e-05
2000,11,2,CTATCGCA,0.021768974156382126,0.02177691284487082,0.023957213386893272,0.0,0.0,0.0,0.002180300542022451,2.847980233089409e-06,1.872535721048063e-05
2000,11,2,CTATCGCA,0.021768974156382126,0.02177691284487082,0.028284568339586258,0.0,0.0,0.0,0.006507655494715436,2.847980233089409e-06,1.872535721048063e-05
2000,12,4,CTATCGCA,0.18668288188937562,0.18534331854338848,0.14329108595848083,0.0,0.0,0.0,-0.042052232584907645,0.008142544617809194,0.002784291233860592
2000,12,4,CTATCGCA,0.18668288188937562,0.18534331854338848,0.42095959186553955,0.0,0.0,0.0,0.23561627332215107,0.008142544617809194,0.002784291233860592
2000,12,4,CTATCGCA,0.18668288188937562,0.18534331854338848,0.13264063000679016,0.0,0.0,0.0,-0.05270268853659832,0.008142544617809194,0.002784291233860592
2000,12,4,CTATCGCA,0.18668288188937562,0.18534331854338848,0.37891608476638794,0.0,0.0,0.0,0.19357276622299946,0.008142544617809194,0.002784291233860592
2000,13,4,CTATCGCA,0.029232139916789676,0.02981370579653253,0.03486296534538269,0.0,0.0,0.0,0.00504925954885016,0.00016836794804381272,0.002494631467015229
2000,13,4,CTATCGCA,0.029232139916789676,0.02981370579653253,0.022529300302267075,0.0,0.0,0.0,-0.007284405494265456,0.00016836794804381272,0.002494631467015229
2000,13,4,CTATCGCA,0.029232139916789676,0.02981370579653253,0.020240040495991707,0.0,0.0,0.0,-0.009573665300540823,0.00016836794804381272,0.002494631467015229
2000,13,4,CTATCGCA,0.029232139916789676,0.02981370579653253,0.03730802237987518,0.0,0.0,0.0,0.007494316583342653,0.00016836794804381272,0.002494631467015229
2000,14,5,CTATATAT,0.2846364670172079,0.07950486839147466,0.25562185049057007,0.1143813194579808,0.00654875866667376,-0.10783256079130704,0.1761169820990954,2.4868605244101802,1.461202531281514
2000,14,5,CTATCTAT,-0.10843760588627145,-0.2977024261944944,-0.3998650312423706,-0.27869275344549854,-0.3706585359192953,-0.09196578247379678,-0.10216260504787622,2.4559699930167866,1.5096458914756719
2000,14,5,CGATATAT,0.252410864552986,0.2550109983511117,0.24778315424919128,0.0821557169937589,0.18205488862631078,0.09989917163255188,-0.0072278441019204,0.002918681987587546,0.015919350978216062
2000,14,5,CGATATAT,0.252410864552986,0.2550109983511117,0.38464194536209106,0.0821557169937589,0.18205488862631078,0.09989917163255188,0.12963094701097938,0.002918681987587546,0.015919350978216062
2000,15,3,TTTAGGCC,0.1613252669702057,0.15615127077661692,0.012094598263502121,0.07419106989674282,0.08076023086626571,0.006569160969522897,-0.1440566725131148,0.01931118233676621,0.0037891937559998423
2000,15,3,TTTAGGCC,0.1613252669702057,0.15615127077661692,0.1327899545431137,0.07419106989674282,0.08076023086626571,0.006569160969522897,-0.02336131623350321,0.01931118233676621,0.0037891937559998423
2000,15,3,TTTAGGCC,0.1613252669702057,0.15615127077661692,0.17078816890716553,0.07419106989674282,0.08076023086626571,0.006569160969522897,0.014636898130548609,0.01931118233676621,0.0037891937559998423
2000,15,3,TTTGGGCC,-0.1354390126167656,-0.16688965268844594,-0.26014918088912964,-0.22257320969022848,-0.24228069259879714,-0.019707482908568663,-0.0932595282006837,0.09660891322326348,0.002256993008222463
2000,16,4,TTTGCGCG,0.020043733952423086,0.02005692096408096,0.010603201575577259,0.0,0.0,0.0,-0.0094537193885037,7.188586056340596e-06,5.993663268782923e-05
2000,16,4,TTTGCGCG,0.020043733952423086,0.02005692096408096,0.025202421471476555,0.0,0.0,0.0,0.005145500507395595,7.188586056340596e-06,5.993663268782923e-05
2000,16,4,TTTGCGCG,0.020043733952423086,0.02005692096408096,0.02335464581847191,0.0,0.0,0.0,0.0032977248543909488,7.188586056340596e-06,5.993663268782923e-05
2000,16,4,TTTGCGCG,0.020043733952423086,0.02005692096408096,0.011650153435766697,0.0,0.0,0.0,-0.008406767528314263,7.188586056340596e-06,5.993663268782923e-05
2000,17,4,CTATCGCA,0.0017462214386317378,0.0017464123701529388,0.0025728638283908367,0.0,0.0,0.0,0.0008264514582378979,1.1202391287518099e-07,8.757499976794203e-07
2000,17,4,CTATCGCA,0.0017462214386317378,0.0017464123701529388,0.0010949972784146667,0.0,0.0,0.0,-0.0006514150917382722,1.1202391287518099e-07,8.757499976794203e-07
2000,17,4,CTATCGCA,0.0017462214386317378,0.0017464123701529388,0.0013825003989040852,0.0,0.0,0.0,-0.00036391197124885366,1.1202391287518099e-07,8.757499976794203e-07
2000,17,4,CTATCGCA,0.0017462214386317378,0.0017464123701529388,0.002005940768867731,0.0,0.0,0.0,0.0002595283987147923,1.1202391287518099e-07,8.757499976794203e-07
2000,18,6,TCTACGCC,0.14584627118261162,0.11187842197631041,-0.022792696952819824,0.22044124314566982,0.2157250159528427,-0.004716227192827105,-0.13467111892913025,0.28409344715612406,0.08028635191831679
2000,18,6,TTTGGGCC,-0.06547330448310991,-0.08106406219335582,-0.06970009207725525,0.009121667479948276,0.022782531783176463,0.013660864303228187,0.011363970116100575,0.09566986241323439,0.002125316151758927
2000,18,6,TTTACGCC,-0.050616037082778544,-0.0803447238652882,-0.19694387912750244,0.02397893488027964,0.02350187011124409,-0.0004770647690355498,-0.11659915526221425,0.20909030920226446,0.030718188507206534
2000,18,6,TGTGGGCC,-0.3281368174689559,-0.3658560118237955,-0.6555449366569519,-0.2535418455058977,-0.2620094178472632,-0.008467572341365526,-0.2896889248331564,0.24045366376919652,0.014138497640158842
2000,19,3,CTATCGCA,0.0019365090964988119,0.0019369739966286954,0.002287874463945627,0.0,0.0,0.0,0.0003509004673169318,6.744967362415366e-10,1.3953748863870796e-06
2000,19,3,CTATCGCA,0.0019365090964988119,0.0019369739966286954,0.0015679765492677689,0.0,0.0,0.0,-0.00036899744736092655,6.744967362415366e-10,1.3953748863870796e-06
2000,19,3,CTATCGCA,0.0019365090964988119,0.0019369739966286954,0.0022512588184326887,0.0,0.0,0.0,0.0003142848218039933,6.744967362415366e-10,1.3953748863870796e-06
2000,19,3,CTATCGCA,0.0019365090964988119,0.0019369739966286954,0.0015407258179038763,0.0,0.0,0.0,-0.0003962481787248191,6.744967362415366e-10,1.3953748863870796e-06
2000,20,5,CTATCGCA,0.005458844761338439,0.005460426603044866,0.007882405072450638,0.0,0.0,0.0,0.002421978469405772,3.0234162018173694e-06,1.0932624733950291e-05
2000,20,5,CTATCGCA,0.005458844761338439,0.005460426603044866,0.0011181640438735485,0.0,0.0,0.0,-0.004342262559171317,3.0234162018173694e-06,1.0932624733950291e-05
2000,20,5,CTATCGCA,0.005458844761338439,0.005460426603044866,0.004334658849984407,0.0,0.0,0.0,-0.0011257677530604583,3.0234162018173694e-06,1.0932624733950291e-05
2000,20,5,CTATCGCA,0.005458844761338439,0.005460426603044866,0.005647478625178337,0.0,0.0,0.0,0.00018705202213347132,3.0234162018173694e-06,1.0932624733950291e-05
2000,21,6,TTTAGGCC,-0.13247647492554457,-0.3415816598811417,-0.43554091453552246,-0.23206159750685057,-0.251024199017104,-0.01896260151025342,-0.09395925465438076,1.258069162155008,0.0034380524214250308
2000,21,6,TTTGCGCG,0.44540148743596736,0.14925174359751825,-0.44832754135131836,0.3458163648546614,0.23980920446155596,-0.10600716039310543,-0.5975792849488366,1.8095815526050103,0.03268308957431554
2000,21,6,CTATCGCA,0.2178919527403458,0.17168173270861434,0.37217414379119873,0.11830683015903981,0.262239193572652,0.1439323634136122,0.2004924110825844,0.28912349843324864,0.011862178242859844
2000,21,6,TTTAGGCC,-0.13247647492554457,-0.3415816598811417,-0.7920008897781372,-0.23206159750685057,-0.251024199017104,-0.01896260151025342,-0.4504192298969955,1.258069162155008,0.0034380524214250308
2000,22,4,CTATCGCA,0.030920911400663643,0.031233375816687725,0.014469929970800877,0.0,0.0,0.0,-0.01676344584588685,2.9795175140540087e-05,0.0012796528392368667
2000,22,4,CTATCGCA,0.030920911400663643,0.031233375816687725,0.016550453379750252,0.0,0.0,0.0,-0.014682922436937473,2.9795175140540087e-05,0.0012796528392368667
2000,22,4,CTATCGCA,0.030920911400663643,0.031233375816687725,0.001602478208951652,0.0,0.0,0.0,-0.029630897607736073,2.9795175140540087e-05,0.0012796528392368667
2000,22,4,CTATCGCA,0.030920911400663643,0.031233375816687725,0.02354099601507187,0.0,0.0,0.0,-0.007692379801615856,2.9795175140540087e-05,0.0012796528392368667
2000,23,5,TTTGGGCC,-0.008835434015518695,-0.009753502046092067,-0.02994142472743988,0.0,0.0,0.0,-0.020187922681347815,0.0051129580833855215,0.0005226179305186651
2000,23,5,TTTGGGCC,-0.008835434015518695,-0.009753502046092067,-0.050783902406692505,0.0,0.0,0.0,-0.04103040036060044,0.0051129580833855215,0.0005226179305186651
2000,23,5,TTTGGGCC,-0.008835434015518695,-0.009753502046092067,0.0027465373277664185,0.0,0.0,0.0,0.012500039373858485,0.0051129580833855215,0.0005226179305186651
2000,23,5,TTTGGGCC,-0.008835434015518695,-0.009753502046092067,0.02885393053293228,0.0,0.0,0.0,0.038607432579024346,0.0051129580833855215,0.0005226179305186651
2000,24,7,CTATCGCA,0.10823616489529606,0.10712239304110989,0.019486401230096817,0.01482311176501204,0.020641126966464488,0.005818015201452448,-0.08763599181101307,0.011579331041763563,0.003782928062460389
2000,24,7,CTATCGCA,0.10823616489529606,0.10712239304110989,0.23362019658088684,0.01482311176501204,0.020641126966464488,0.005818015201452448,0.12649780353977697,0.011579331041763563,0.003782928062460389
2000,24,7,CTATCGCA,0.10823616489529606,0.10712239304110989,0.0118708536028862,0.01482311176501204,0.020641126966464488,0.005818015201452448,-0.09525153943822369,0.011579331041763563,0.003782928062460389
2000,24,7,CTATCGCG,0.0489437178352479,0.024557885175251926,0.07595844566822052,-0.04446933529503611,-0.061923380899393476,-0.017454045604357364,0.051400560492968594,0.23182120080646262,0.0611203721864908
2000,25,3,CTATCGCA,0.003088347061384722,0.0030898350182471854,0.004231109283864498,0.0,0.0,0.0,0.0011412742656173127,1.1732582502754774e-07,4.58119641241761e-06
2000,25,3,CTATCGCA,0.003088347061384722,0.0030898350182471854,0.0028980551287531853,0.0,0.0,0.0,-0.00019177988949400015,1.1732582502754774e-07,4.58119641241761e-06
2000,25,3,CTATCGCA,0.003088347061384722,0.0030898350182471854,0.004751670174300671,0.0,0.0,0.0,0.0016618351560534852,1.1732582502754774e-07,4.58119641241761e-06
2000,25,3,CTATCGCA,0.003088347061384722,0.0030898350182471854,0.0029003755189478397,0.0,0.0,0.0,-0.0001894594992993457,1.1732582502754774e-07,4.58119641241761e-06
2000,26,4,CTATCGCA,0.000551188917249399,0.0005512012446823311,0.0005045890575274825,0.0,0.0,0.0,-4.6612187154848606e-05,5.6504462012108014e-09,5.496017792955277e-08
2000,26,4,CTATCGCA,0.000551188917249399,0.0005512012446823311,0.0005837743519805372,0.0,0.0,0.0,3.257310729820606e-05,5.6504462012108014e-09,5.496017792955277e-08
2000,26,4,CTATCGCA,0.000551188917249399,0.0005512012446823311,0.00024171292898245156,0.0,0.0,0.0,-0.00030948831569987956,5.6504462012108014e-09,5.496017792955277e-08
2000,26,4,CTATCGCA,0.000551188917249399,0.0005512012446823311,0.00023330625845119357,0.0,0.0,0.0,-0.00031789498623113754,5.6504462012108014e-09,5.496017792955277e-08
2000,27,4,CGATCGCG,0.6865070209645778,0.654653398699433,0.0032552466727793217,0.18147074820204367,0.18031712179271164,-0.0011536264093320314,-0.6513981520266536,0.1416189647582573,0.01420447569767802
2000,27,4,CTATCGCG,0.44454602336185295,0.41423056964248406,0.7585935592651367,-0.060490249400681206,-0.06010570726423725,0.00038454213644395496,0.34436298962265266,0.14928877596218348,0.028026961084707924
2000,27,4,CTATCGCG,0.44454602336185295,0.41423056964248406,0.7159053087234497,-0.060490249400681206,-0.06010570726423725,0.00038454213644395496,0.30167473908096565,0.14928877596218348,0.028026961084707924
2000,27,4,CTATCGCG,0.44454602336185295,0.41423056964248406,0.20503166317939758,-0.060490249400681206,-0.06010570726423725,0.00038454213644395496,-0.20919890646308648,0.14928877596218348,0.028026961084707924
2000,28,4,TGTGCGCG,-0.763218404917447,-0.8375437765195102,-0.5921448469161987,-0.7040721610850624,-0.7655810479991381,-0.06150888691407563,0.24539892960331144,0.3204066178173046,0.023105131409051682
2000,28,4,TTTGCGCG,0.1755444765293029,0.1832309541460072,0.2430877387523651,0.23469072036168745,0.2551936826663793,0.02050296230469187,0.059856784606357905,0.0006444577314508732,0.031390368198268015
2000,28,4,TTTGCGCG,0.1755444765293029,0.1832309541460072,0.22378891706466675,0.23469072036168745,0.2551936826663793,0.02050296230469187,0.04055796291865954,0.0006444577314508732,0.031390368198268015
2000,28,4,TTTGCGCG,0.1755444765293029,0.1832309541460072,0.1908579170703888,0.23469072036168745,0.2551936826663793,0.02050296230469187,0.007626962924381586,0.0006444577314508732,0.031390368198268015
2000,29,2,CGATATAT,0.02977496521858264,0.02991120412843884,0.029911234974861145,0.0,0.0,0.0,3.0846422305330634e-08,3.646433624715506e-06,0.00027612425333711776
2000,29,2,CGATATAT,0.02977496521858264,0.02991120412843884,0.029409511014819145,0.0,0.0,0.0,-0.0005016931136196945,3.646433624715506e-06,0.00027612425333711776
2000,29,2,CGATATAT,0.02977496521858264,0.02991120412843884,0.020912272855639458,0.0,0.0,0.0,-0.008998931272799382,3.646433624715506e-06,0.00027612425333711776
2000,29,2,CGATATAT,0.02977496521858264,0.02991120412843884,0.030412957072257996,0.0,0.0,0.0,0.0005017529438191559,3.646433624715506e-06,0.00027612425333711776
2000,30,4,CTATCGCA,0.03301983447879676,0.03354060544041215,0.02370992675423622,0.0,0.0,0.0,-0.009830678686175931,0.0001579479379608395,0.0022410317844224203
2000,30,4,CTATCGCA,0.03301983447879676,0.03354060544041215,0.02064286172389984,0.0,0.0,0.0,-0.012897743716512311,0.0001579479379608395,0.0022410317844224203
2000,30,4,CTATCGCA,0.03301983447879676,0.03354060544041215,0.03555069863796234,0.0,0.0,0.0,0.002010093197550189,0.0001579479379608395,0.0022410317844224203
2000,30,4,CTATCGCA,0.03301983447879676,0.03354060544041215,0.034778013825416565,0.0,0.0,0.0,0.0012374083850044126,0.0001579479379608395,0.0022410317844224203
2000,31,7,CTATCGCA,0.01103513702569942,0.011055083445893945,0.0021974844858050346,0.0,0.0,0.0,-0.00885759896008891,4.090281076252547e-06,0.00014371522243793178
2000,31,7,CTATCGCA,0.01103513702569942,0.011055083445893945,0.01183053944259882,0.0,0.0,0.0,0.0007754559967048744,4.090281076252547e-06,0.00014371522243793178
2000,31,7,CTATCGCA,0.01103513702569942,0.011055083445893945,0.015986697748303413,0.0,0.0,0.0,0.004931614302409468,4.090281076252547e-06,0.00014371522243793178
2000,31,7,CTATCGCA,0.01103513702569942,0.011055083445893945,0.002694082446396351,0.0,0.0,0.0,-0.008361000999497594,4.090281076252547e-06,0.00014371522243793178
5000,0,2,TTTAGGCC,0.014934452897851891,0.014934802834432048,0.014934804290533066,0.0,0.0,0.0,1.4561010175384581e-09,1.544107031126174e-08,7.153142306259852e-07
5000,0,2,TTTAGGCC,0.014934452897851891,0.014934802834432048,0.015583347529172897,0.0,0.0,0.0,0.0006485446947408491,1.544107031126174e-08,7.153142306259852e-07
5000,0,2,TTTAGGCC,0.014934452897851891,0.014934802834432048,0.004016346763819456,0.0,0.0,0.0,-0.010918456070612592,1.544107031126174e-08,7.153142306259852e-07
5000,0,2,TTTAGGCC,0.014934452897851891,0.014934802834432048,0.011727681383490562,0.0,0.0,0.0,-0.003207121450941486,1.544107031126174e-08,7.153142306259852e-07
5000,1,3,CGATATAT,0.039608578292488504,0.04000638223644478,0.03854872286319733,0.0,0.0,0.0,-0.0014576593732474538,4.25868316896727e-05,0.0012359986635585019
5000,1,3,CGATATAT,0.039608578292488504,0.04000638223644478,0.019426744431257248,0.0,0.0,0.0,-0.020579637805187533,4.25868316896727e-05,0.0012359986635585019
5000,1,3,CGATATAT,0.039608578292488504,0.04000638223644478,0.03332621604204178,0.0,0.0,0.0,-0.006680166194403002,4.25868316896727e-05,0.0012359986635585019
5000,1,3,CGATATAT,0.039608578292488504,0.04000638223644478,0.025421684607863426,0.0,0.0,0.0,-0.014584697628581354,4.25868316896727e-05,0.0012359986635585019
5000,2,6,CTATCGCA,0.20152813337203104,0.1636730155483647,0.004811583086848259,0.13706667179352947,0.18443498172294473,0.047368309929415264,-0.15886143246151643,0.24569293720527596,0.018562230263277746
5000,2,6,CTATCGCA,0.20152813337203104,0.1636730155483647,0.17706990242004395,0.13706667179352947,0.18443498172294473,0.047368309929415264,0.013396886871679253,0.24569293720527596,0.018562230263277746
5000,2,6,CTATCGCA,0.20152813337203104,0.1636730155483647,0.09707575291395187,0.13706667179352947,0.18443498172294473,0.047368309929415264,-0.06659726263441282,0.24569293720527596,0.018562230263277746
5000,2,6,TTTGGGCC,-0.34673855380208685,-0.5740669113434143,-0.676711916923523,-0.4112000153805884,-0.5533049451688342,-0.1421049297882458,-0.1026450055801087,1.3673389407568868,0.0033687955089223287
5000,3,6,CTATCGCA,0.004996731291588591,0.00474786593367756,-0.0017022937536239624,0.0062963093773382404,0.008920360540981033,0.0026240511636427925,-0.006450159687301523,0.002949239600063991,0.0014560474525978084
5000,3,6,CGATCGCG,0.06417288734217637,0.05079931748626265,0.011819511651992798,0.06547246542792602,0.05497181209356612,-0.0105006533343599,-0.038979805834269854,0.09614977681629,0.015908357680807672
5000,3,6,CTATCGCA,0.004996731291588591,0.00474786593367756,0.0016055814921855927,0.0062963093773382404,0.008920360540981033,0.0026240511636427925,-0.0031422844414919675,0.002949239600063991,0.0014560474525978084
5000,3,6,CTATCGCG,-0.07936466226835215,-0.07698502778283167,-0.07067576050758362,-0.0780650841826025,-0.0728125331755282,0.005252551007074294,0.006309267275248054,0.07081996779411615,0.085097774707239
5000,4,5,CTATCGCA,0.07863736397482338,0.07521282520961439,0.06761869043111801,0.0,0.0,0.0,-0.007594134778496381,0.02439941794422512,0.0072767241181801445
5000,4,5,CTATCGCA,0.07863736397482338,0.07521282520961439,0.06598985940217972,0.0,0.0,0.0,-0.009222965807434674,0.02439941794422512,0.0072767241181801445
5000,4,5,CTATCGCA,0.07863736397482338,0.07521282520961439,0.0780629888176918,0.0,0.0,0.0,0.0028501636080774106,0.02439941794422512,0.0072767241181801445
5000,4,5,CTATCGCA,0.07863736397482338,0.07521282520961439,0.0916648581624031,0.0,0.0,0.0,0.016452032952788714,0.02439941794422512,0.0072767241181801445
5000,5,6,CGATCGCG,0.3778001475863119,0.3316029630198865,0.30913445353507996,0.18410045230602728,0.15059206582552587,-0.03350838648050142,-0.022468509484806554,0.2930137198849099,0.015830612486357865
5000,5,6,CTATCGCA,0.1323328778449422,0.13081354191918537,0.1177644357085228,-0.06136681743534245,-0.05019735527517527,0.011169462160167176,-0.013049106210662575,0.013451059138158417,0.004335043583617582
5000,5,6,CTATCGCA,0.1323328778449422,0.13081354191918537,0.020529411733150482,-0.06136681743534245,-0.05019735527517527,0.011169462160167176,-0.11028413018603489,0.013451059138158417,0.004335043583617582
5000,5,6,CTATCGCA,0.1323328778449422,0.13081354191918537,0.10488352924585342,-0.06136681743534245,-0.05019735527517527,0.011169462160167176,-0.025930012673331948,0.013451059138158417,0.004335043583617582
5000,6,6,TTTGCGCG,0.5894585838054914,0.5607887723804988,0.5271369218826294,0.45996879288788517,0.4561573378441535,-0.0038114550437316486,-0.03365185049786945,0.18207469745559157,0.010055828905636055
5000,6,6,TTTAGGCC,0.046064275964225666,0.018570855057131592,0.008981108665466309,-0.0834255149533806,-0.08606057947921375,-0.0026350645258331473,-0.009589746391665283,0.16757261352718988,0.00261208808462543
5000,6,6,TTTGGGCC,-0.1636279720635177,-0.1794047443493807,-0.2890254259109497,-0.29311776298112396,-0.284036178885726,0.009081584095397943,-0.10962068156156901,0.09559525514830414,0.0009346214331261704
5000,6,6,TTTAGGCC,0.046064275964225666,0.018570855057131592,0.06017955392599106,-0.0834255149533806,-0.08606057947921375,-0.0026350645258331473,0.04160869886885947,0.16757261352718988,0.00261208808462543
5000,7,3,CTATCGCA,0.0016167021565014483,0.001616985020316634,0.0011122663272544742,0.0,0.0,0.0,-0.0005047186930621599,5.791179674696778e-09,8.543826252316311e-07
5000,7,3,CTATCGCA,0.0016167021565014483,0.001616985020316634,0.002222779206931591,0.0,0.0,0.0,0.000605794186614957,5.791179674696778e-09,8.543826252316311e-07
5000,7,3,CTATCGCA,0.0016167021565014483,0.001616985020316634,0.0018167474772781134,0.0,0.0,0.0,0.00019976245696147932,5.791179674696778e-09,8.543826252316311e-07
5000,7,3,CTATCGCA,0.0016167021565014483,0.001616985020316634,0.001762864994816482,0.0,0.0,0.0,0.00014587997449984802,5.791179674696778e-09,8.543826252316311e-07
5000,8,3,CGGTCGCG,-0.5939746476758154,-1.2067747111949654,-1.4800734519958496,-0.41172193460920187,-0.5633735460384437,-0.15165161142924183,-0.27329874080088423,1.8384062351115389,6.0445540888687255e-06
5000,8,3,CGATCGCG,1.052913090760992,1.0467194729588096,0.9652525186538696,1.2351658038276057,1.6901206381153313,0.45495483428772565,-0.08146695430494,0.03714864995887296,0.018567796552325877
5000,8,3,CGGTCGCG,-0.5939746476758154,-1.2067747111949654,-2.0075442790985107,-0.41172193460920187,-0.5633735460384437,-0.15165161142924183,-0.8007695679035454,1.8384062351115389,6.0445540888687255e-06
5000,8,3,CGGTCGCG,-0.5939746476758154,-1.2067747111949654,-1.0111422538757324,-0.41172193460920187,-0.5633735460384437,-0.15165161142924183,0.19563245731923296,1.8384062351115389,6.0445540888687255e-06
5000,9,4,CTATCGCA,0.0024889920127118183,0.002490018536586147,0.0018762063700705767,0.0,0.0,0.0,-0.0006138121665155705,2.2551713926843853e-08,4.128647211242009e-06
5000,9,4,CTATCGCA,0.0024889920127118183,0.002490018536586147,0.004266091622412205,0.0,0.0,0.0,0.0017760730858260576,2.2551713926843853e-08,4.128647211242009e-06
5000,9,4,CTATCGCA,0.0024889920127118183,0.002490018536586147,0.000881119747646153,0.0,0.0,0.0,-0.0016088987889399942,2.2551713926843853e-08,4.128647211242009e-06
5000,9,4,CTATCGCA,0.0024889920127118183,0.002490018536586147,0.0019925273954868317,0.0,0.0,0.0,-0.0004974911410993155,2.2551713926843853e-08,4.128647211242009e-06
5000,10,3,CGATCGCG,0.007670073398953203,0.007674152225566407,0.004903451539576054,0.0,0.0,0.0,-0.002770700685990353,9.282067914284653e-07,1.3164686631039757e-05
5000,10,3,CGATCGCG,0.007670073398953203,0.007674152225566407,0.00930994562804699,0.0,0.0,0.0,0.0016357934024805827,9.282067914284653e-07,1.3164686631039757e-05
5000,10,3,CGATCGCG,0.007670073398953203,0.007674152225566407,0.007098007947206497,0.0,0.0,0.0,-0.0005761442783599096,9.282067914284653e-07,1.3164686631039757e-05
5000,10,3,CGATCGCG,0.007670073398953203,0.007674152225566407,0.006930793169885874,0.0,0.0,0.0,-0.000743359055680533,9.282067914284653e-07,1.3164686631039757e-05
5000,11,4,CTATCGCA,0.02180607518941162,0.021884345533389138,0.03361385688185692,0.022563127752522154,0.021406928066895176,-0.001156199685626979,0.01172951134846778,0.00019713780354446708,0.0005102191794545408
5000,11,4,CTATCGCA,0.02180607518941162,0.021884345533389138,0.04417171701788902,0.022563127752522154,0.021406928066895176,-0.001156199685626979,0.022287371484499885,0.00019713780354446708,0.0005102191794545408
5000,11,4,CTATCGCG,-0.068446435820677,-0.06374336673419156,-0.005389541387557983,-0.06768938325756646,-0.06422078420068553,0.0034685990568809333,0.05835382534663358,0.030004180872110542,0.04881645721805228
5000,11,4,CTATCGCA,0.02180607518941162,0.021884345533389138,0.023770280182361603,0.022563127752522154,0.021406928066895176,-0.001156199685626979,0.0018859346489724649,0.00019713780354446708,0.0005102191794545408
5000,12,3,CTATCGCA,0.0010396602761994684,0.0010397308007870827,0.0013928532134741545,0.0,0.0,0.0,0.0003531224126870718,5.10138229714574e-08,2.6258758581421127e-07
5000,12,3,CTATCGCA,0.0010396602761994684,0.0010397308007870827,0.0009146435768343508,0.0,0.0,0.0,-0.00012508722395273186,5.10138229714574e-08,2.6258758581421127e-07
5000,12,3,CTATCGCA,0.0010396602761994684,0.0010397308007870827,0.0009112262632697821,0.0,0.0,0.0,-0.00012850453751730062,5.10138229714574e-08,2.6258758581421127e-07
5000,12,3,CTATCGCA,0.0010396602761994684,0.0010397308007870827,0.0011165381874889135,0.0,0.0,0.0,7.680738670183085e-05,5.10138229714574e-08,2.6258758581421127e-07
5000,13,4,CTATCGCA,0.0013561799995709545,0.001356389514308276,0.002070449059829116,0.0,0.0,0.0,0.0007140595455208398,7.745606551978756e-09,8.458045558379368e-07
5000,13,4,CTATCGCA,0.0013561799995709545,0.001356389514308276,0.0020510468166321516,0.0,0.0,0.0,0.0006946573023238756,7.745606551978756e-09,8.458045558379368e-07
5000,13,4,CTATCGCA,0.0013561799995709545,0.001356389514308276,0.0013552421005442739,0.0,0.0,0.0,-1.1474137640021809e-06,7.745606551978756e-09,8.458045558379368e-07
5000,13,4,CTATCGCA,0.0013561799995709545,0.001356389514308276,0.0010684075532481074,0.0,0.0,0.0,-0.0002879819610601686,7.745606551978756e-09,8.458045558379368e-07
5000,14,3,CTATCGCA,0.000159362153821165,0.00015936062282799016,0.00012134070857428014,0.0,0.0,0.0,-3.8019914253710013e-05,9.000319489693709e-09,4.4073399652067025e-09
5000,14,3,CTATCGCA,0.000159362153821165,0.00015936062282799016,0.00020891655003651977,0.0,0.0,0.0,4.955592720852961e-05,9.000319489693709e-09,4.4073399652067025e-09
5000,14,3,CTATCGCA,0.000159362153821165,0.00015936062282799016,0.00016469669935759157,0.0,0.0,0.0,5.336076529601413e-06,9.000319489693709e-09,4.4073399652067025e-09
5000,14,3,CTATCGCA,0.000159362153821165,0.00015936062282799016,7.869699038565159e-05,0.0,0.0,0.0,-8.066363244233857e-05,9.000319489693709e-09,4.4073399652067025e-09
5000,15,3,TTTGCGCG,0.8170238821892225,0.8120457844201187,0.43517473340034485,0.3642295613598565,0.3924494237512086,0.028219862391352102,-0.3768710510197738,0.01744994145855716,0.0025156481512453865
5000,15,3,TTTGCGCG,0.8170238821892225,0.8120457844201187,0.8368241786956787,0.3642295613598565,0.3924494237512086,0.028219862391352102,0.024778394275560056,0.01744994145855716,0.0025156481512453865
5000,15,3,TTTGCGCC,-0.6398943632502037,-0.7577519105847158,-0.851688802242279,-1.0926886840795698,-1.1773482712536258,-0.08465958717405608,-0.09393689165756325,0.3537603542453205,0.0001877122417842103
5000,15,3,TTTGCGCG,0.8170238821892225,0.8120457844201187,0.5091075897216797,0.3642295613598565,0.3924494237512086,0.028219862391352102,-0.30293819469843897,0.01744994145855716,0.0025156481512453865
5000,16,3,CTATCGCA,0.006661271760006453,0.006667419074650145,0.001949902973137796,0.0,0.0,0.0,-0.0047175161015123495,2.58418289228457e-06,2.1026126823364688e-05
5000,16,3,CTATCGCA,0.006661271760006453,0.006667419074650145,0.007089334074407816,0.0,0.0,0.0,0.00042191499975767054,2.58418289228457e-06,2.1026126823364688e-05
5000,16,3,CTATCGCA,0.006661271760006453,0.006667419074650145,0.006293562240898609,0.0,0.0,0.0,-0.00037385683375153623,2.58418289228457e-06,2.1026126823364688e-05
5000,16,3,CTATCGCA,0.006661271760006453,0.006667419074650145,0.006293562240898609,0.0,0.0,0.0,-0.00037385683375153623,2.58418289228457e-06,2.1026126823364688e-05
5000,17,3,CTATCGCA,0.002310600900432743,0.0023107782543168773,0.0018297259230166674,0.0,0.0,0.0,-0.00048105233130020996,3.422771788219592e-10,5.324039295817595e-07
5000,17,3,CTATCGCA,0.002310600900432743,0.0023107782543168773,0.002630384173244238,0.0,0.0,0.0,0.00031960591892736057,3.422771788219592e-10,5.324039295817595e-07
5000,17,3,CTATCGCA,0.002310600900432743,0.0023107782543168773,0.002952581737190485,0.0,0.0,0.0,0.0006418034828736077,3.422771788219592e-10,5.324039295817595e-07
5000,17,3,CTATCGCA,0.002310600900432743,0.0023107782543168773,0.0018297259230166674,0.0,0.0,0.0,-0.00048105233130020996,3.422771788219592e-10,5.324039295817595e-07
5000,18,5,CGATCGCG,0.6251587638617077,0.6225029787946068,0.20147907733917236,0.0,0.0,0.0,-0.42102390145543445,0.038938559298304976,0.02565963396280102
5000,18,5,CGATCGCG,0.6251587638617077,0.6225029787946068,0.44765549898147583,0.0,0.0,0.0,-0.17484747981313098,0.038938559298304976,0.02565963396280102
5000,18,5,CGATCGCG,0.6251587638617077,0.6225029787946068,0.86130291223526,0.0,0.0,0.0,0.2387999334406532,0.038938559298304976,0.02565963396280102
5000,18,5,CGATCGCG,0.6251587638617077,0.6225029787946068,0.0006047924980521202,0.0,0.0,0.0,-0.6218981862965547,0.038938559298304976,0.02565963396280102
5000,19,6,CGATCGCG,0.3722502325949555,0.32415554677439423,0.3185455799102783,0.06570763033922916,0.05418558751608954,-0.011522042823139622,-0.005609966864115912,0.32056656217657853,0.031998447253211104
5000,19,6,CTATCGCA,0.1094197112380388,0.10741319671003602,0.17145445942878723,-0.19712289101768754,-0.16255676254826867,0.034566128469418866,0.06404126271875121,0.015727890178015735,0.0036888030099990754
5000,19,6,CGATCGCG,0.3722502325949555,0.32415554677439423,0.15832611918449402,0.06570763033922916,0.05418558751608954,-0.011522042823139622,-0.1658294275899002,0.32056656217657853,0.031998447253211104
5000,19,6,CGATCGCG,0.3722502325949555,0.32415554677439423,1.4044371843338013,0.06570763033922916,0.05418558751608954,-0.011522042823139622,1.080281637559407,0.32056656217657853,0.031998447253211104
5000,20,4,CTATCGCA,0.023804881697409113,0.02390107960374621,0.028557587414979935,0.029830393180722472,0.028101366621442025,-0.0017290265592804464,0.004656507811233723,0.00023429703211834407,0.0006190886574667376
5000,20,4,CTATCGCA,0.023804881697409113,0.02390107960374621,0.0232754684984684,0.029830393180722472,0.028101366621442025,-0.0017290265592804464,-0.0006256111052778124,0.00023429703211834407,0.0006190886574667376
5000,20,4,CTATCGCG,-0.09551669102548077,-0.08850438688202189,-0.11579906940460205,-0.08949117954216741,-0.08430409986432608,0.005187079677841336,-0.02729468252258016,0.042808002052161065,0.07085721862599659
5000,20,4,CTATCGCA,0.023804881697409113,0.02390107960374621,0.0357937291264534,0.029830393180722472,0.028101366621442025,-0.0017290265592804464,0.011892649522707188,0.00023429703211834407,0.0006190886574667376
5000,21,3,CTATCGCA,0.006545004511946645,0.006546038310918674,0.008774355053901672,0.0,0.0,0.0,0.002228316742982998,5.748544494671437e-06,8.84994141076012e-06
5000,21,3,CTATCGCA,0.006545004511946645,0.006546038310918674,0.0031477678567171097,0.0,0.0,0.0,-0.0033982704542015645,5.748544494671437e-06,8.84994141076012e-06
5000,21,3,CTATCGCA,0.006545004511946645,0.006546038310918674,0.0044694868847727776,0.0,0.0,0.0,-0.0020765514261458966,5.748544494671437e-06,8.84994141076012e-06
5000,21,3,CTATCGCA,0.006545004511946645,0.006546038310918674,0.0050399210304021835,0.0,0.0,0.0,-0.0015061172805164906,5.748544494671437e-06,8.84994141076012e-06
5000,22,5,CTATCGCA,0.005180143159840612,0.005181014062961786,0.001967635238543153,0.0,0.0,0.0,-0.0032133788244186334,6.578109128078241e-06,1.0932624733950291e-05
5000,22,5,CTATCGCA,0.005180143159840612,0.005181014062961786,0.0032317820005118847,0.0,0.0,0.0,-0.0019492320624499015,6.578109128078241e-06,1.0932624733950291e-05
5000,22,5,CTATCGCA,0.005180143159840612,0.005181014062961786,0.005609679501503706,0.0,0.0,0.0,0.00042866543854191974,6.578109128078241e-06,1.0932624733950291e-05
5000,22,5,CTATCGCA,0.005180143159840612,0.005181014062961786,0.005700462032109499,0.0,0.0,0.0,0.0005194479691477127,6.578109128078241e-06,1.0932624733950291e-05
5000,23,5,CTATCGCA,0.016084815983781996,0.016298026318324155,0.014531701803207397,0.0,0.0,0.0,-0.001766324515116758,0.000279041255955903,0.0013450929286666913
5000,23,5,CTATCGCA,0.016084815983781996,0.016298026318324155,0.011577760800719261,0.0,0.0,0.0,-0.004720265517604894,0.000279041255955903,0.0013450929286666913
5000,23,5,CTATCGCA,0.016084815983781996,0.016298026318324155,0.023077867925167084,0.0,0.0,0.0,0.006779841606842928,0.000279041255955903,0.0013450929286666913
5000,23,5,CTATCGCA,0.016084815983781996,0.016298026318324155,0.011729083955287933,0.0,0.0,0.0,-0.004568942363036222,0.000279041255955903,0.0013450929286666913
5000,24,3,CTATCGCA,0.0007074192545377944,0.0007074684186219038,0.0004210930783301592,0.0,0.0,0.0,-0.0002863753402917446,2.922045549968999e-08,1.7671270782781967e-07
5000,24,3,CTATCGCA,0.0007074192545377944,0.0007074684186219038,0.0008481291588395834,0.0,0.0,0.0,0.0001406607402176796,2.922045549968999e-08,1.7671270782781967e-07
5000,24,3,CTATCGCA,0.0007074192545377944,0.0007074684186219038,0.00022968064877204597,0.0,0.0,0.0,-0.0004777877698498578,2.922045549968999e-08,1.7671270782781967e-07
5000,24,3,CTATCGCA,0.0007074192545377944,0.0007074684186219038,0.0007896999595686793,0.0,0.0,0.0,8.223154094677554e-05,2.922045549968999e-08,1.7671270782781967e-07
5000,25,3,CTATCGCA,0.0005768808031556457,0.0005768968579407859,0.0002598227292764932,0.0,0.0,0.0,-0.00031707412866429274,6.1629323866441155e-09,5.4327287807298674e-08
5000,25,3,CTATCGCA,0.0005768808031556457,0.0005768968579407859,0.0008460959070362151,0.0,0.0,0.0,0.00026919904909542913,6.1629323866441155e-09,5.4327287807298674e-08
5000,25,3,CTATCGCA,0.0005768808031556457,0.0005768968579407859,0.000800184381660074,0.0,0.0,0.0,0.00022328752371928806,6.1629323866441155e-09,5.4327287807298674e-08
5000,25,3,CTATCGCA,0.0005768808031556457,0.0005768968579407859,0.0003547700180206448,0.0,0.0,0.0,-0.00022212683992014115,6.1629323866441155e-09,5.4327287807298674e-08
5000,26,5,CGATATCT,0.2514981403598343,0.2535021784080316,0.45590654015541077,0.1355755412749997,0.1373195184458087,0.0017439771708089857,0.2024043617473792,0.0019437711737297914,0.011963961414716007
5000,26,5,CGATATCT,0.2514981403598343,0.2535021784080316,0.4259756803512573,0.1355755412749997,0.1373195184458087,0.0017439771708089857,0.17247350194322575,0.0019437711737297914,0.011963961414716007
5000,26,5,CGATATCT,0.2514981403598343,0.2535021784080316,0.08539828658103943,0.1355755412749997,0.1373195184458087,0.0017439771708089857,-0.16810389182699215,0.0019437711737297914,0.011963961414716007
5000,26,5,CGATCTCT,-0.29080402474016454,-0.2957758953752032,-0.41968226432800293,-0.40672662382499913,-0.4119585553374261,-0.005231931512426957,-0.12390636895279972,0.03511021459323782,0.010250861418044543
5000,27,3,CTATCGCA,0.02552832389270543,0.025630216899824365,0.017377182841300964,0.026736875433261576,0.024968508327775567,-0.0017683671054860087,-0.0082530340585234,0.0002133692004217258,0.0005190482217785342
5000,27,3,CTATCGCA,0.02552832389270543,0.025630216899824365,0.035855118185281754,0.026736875433261576,0.024968508327775567,-0.0017683671054860087,0.010224901285457388,0.0002133692004217258,0.0005190482217785342
5000,27,3,CTATCGCA,0.02552832389270543,0.025630216899824365,0.03938909247517586,0.026736875433261576,0.024968508327775567,-0.0017683671054860087,0.013758875575351492,0.0002133692004217258,0.0005190482217785342
5000,27,3,CTATCGCG,-0.08141917784034088,-0.0742438164112779,0.02029500901699066,-0.08021062629978473,-0.0749055249833267,0.005305101316458033,0.09453882542826857,0.03558681005416098,0.05711289434134992
5000,28,2,TTTGCGCG,1.2220122661897714,1.1925010774284601,0.6996450424194336,1.1931873514830187,1.2555737984366715,0.06238644695365281,-0.4928560350090265,0.062324077065397665,0.0033016995427748164
5000,28,2,TGTGGGCG,-0.00885555492740786,-0.15205666050314903,0.23380780220031738,-0.03768046963416061,-0.08898393949493766,-0.05130346986077705,0.3858644627034664,0.28641895222909763,1.6741077615289868e-05
5000,28,2,TTTGGGCG,-1.0890014975079447,-1.1406786404550076,-1.2080870866775513,-1.1178264122146975,-1.0776059194467962,0.040220492767901295,-0.06740844622254372,0.10336315222716985,8.86633304408857e-06
5000,28,2,TGTGGGCG,-0.00885555492740786,-0.15205666050314903,-0.5379210710525513,-0.03768046963416061,-0.08898393949493766,-0.05130346986077705,-0.38586441054940224,0.28641895222909763,1.6741077615289868e-05
5000,29,5,CTATCGCG,0.09025464170386102,0.08913642772906112,0.12023312598466873,0.0,0.0,0.0,0.03109669825560761,0.007185930976313953,0.0015948611023144377
5000,29,5,CTATCGCG,0.09025464170386102,0.08913642772906112,0.09437039494514465,0.0,0.0,0.0,0.005233967216083532,0.007185930976313953,0.0015948611023144377
5000,29,5,CTATCGCG,0.09025464170386102,0.08913642772906112,0.13391683995723724,0.0,0.0,0.0,0.04478041222817612,0.007185930976313953,0.0015948611023144377
5000,29,5,CTATCGCG,0.09025464170386102,0.08913642772906112,0.1261577606201172,0.0,0.0,0.0,0.037021332891056066,0.007185930976313953,0.0015948611023144377
5000,30,5,CGATATAT,0.039344097716146845,0.03967199274703095,0.013818270526826382,0.0,0.0,0.0,-0.025853722220204566,9.096653473539273e-05,0.0017304416891558982
5000,30,5,CGATATAT,0.039344097716146845,0.03967199274703095,0.038158126175403595,0.0,0.0,0.0,-0.0015138665716273522,9.096653473539273e-05,0.0017304416891558982
5000,30,5,CGATATAT,0.039344097716146845,0.03967199274703095,0.032796215265989304,0.0,0.0,0.0,-0.006875777481041644,9.096653473539273e-05,0.0017304416891558982
5000,30,5,CGATATAT,0.039344097716146845,0.03967199274703095,0.009682349860668182,0.0,0.0,0.0,-0.029989642886362765,9.096653473539273e-05,0.0017304416891558982
5000,31,7,CGATATAT,0.3180059452769166,0.2871720775489483,0.6060831546783447,0.23333875460309889,0.21028764903341773,-0.023051105569681152,0.3189110771293964,0.3468982388303452,0.1310611647345672
5000,31,7,CTATCGCA,0.006887605806118076,0.006788545504391357,0.005183488130569458,-0.07777958486769963,-0.07009588301113923,0.007683701856560407,-0.0016050573738218988,0.0017190451101498916,0.0010256229980628584
5000,31,7,CTATCGCA,0.006887605806118076,0.006788545504391357,0.002288738265633583,-0.07777958486769963,-0.07009588301113923,0.007683701856560407,-0.004499807238757774,0.0017190451101498916,0.0010256229980628584
5000,31,7,CTATCGCA,0.006887605806118076,0.006788545504391357,0.0046839043498039246,-0.07777958486769963,-0.07009588301113923,0.007683701856560407,-0.0021046411545874322,0.0017190451101498916,0.0010256229980628584
10000,0,6,CTATCGCA,0.006213602162898462,0.006093055075909219,0.009599301964044571,0.0,0.0,0.0,0.003506246888135352,0.0021262975718508714,0.0014030150499154126
10000,0,6,CTATCGCA,0.006213602162898462,0.006093055075909219,0.006610844284296036,0.0,0.0,0.0,0.0005177892083868168,0.0021262975718508714,0.0014030150499154126
10000,0,6,CTATCGCA,0.006213602162898462,0.006093055075909219,0.00545845553278923,0.0,0.0,0.0,-0.0006345995431199887,0.0021262975718508714,0.0014030150499154126
10000,0,6,CTATCGCA,0.006213602162898462,0.006093055075909219,0.0062949806451797485,0.0,0.0,0.0,0.00020192556927052952,0.0021262975718508714,0.0014030150499154126
10000,1,4,TTTGCGCC,-0.08330787958156224,-0.09709178426015785,0.03559114784002304,-0.17502782276954024,-0.17071805565076645,0.0043097671187737885,0.1326829321001809,0.05679971778950266,0.0016640990751202178
10000,1,4,TCTGCGCC,0.15006255077782474,0.13053228994086408,0.0048004984855651855,0.058342607589846746,0.05690601855025548,-0.0014365890395912628,-0.1257317914552989,0.09220211362067665,0.014081070272834006
10000,1,4,TCTGCGCC,0.15006255077782474,0.13053228994086408,0.12902820110321045,0.058342607589846746,0.05690601855025548,-0.0014365890395912628,-0.0015040888376536277,0.09220211362067665,0.014081070272834006
10000,1,4,TCTGCGCC,0.15006255077782474,0.13053228994086408,0.1608884632587433,0.058342607589846746,0.05690601855025548,-0.0014365890395912628,0.03035617331787921,0.09220211362067665,0.014081070272834006
10000,2,5,CTATCGCA,0.07109361418037569,0.06493170071554406,0.0024582159239798784,0.0,0.0,0.0,-0.062473484791564185,0.03808629144233827,0.0072767241181801445
10000,2,5,CTATCGCA,0.07109361418037569,0.06493170071554406,0.010793947614729404,0.0,0.0,0.0,-0.05413775310081466,0.03808629144233827,0.0072767241181801445
10000,2,5,CTATCGCA,0.07109361418037569,0.06493170071554406,0.18312841653823853,0.0,0.0,0.0,0.11819671582269446,0.03808629144233827,0.0072767241181801445
10000,2,5,CTATCGCA,0.07109361418037569,0.06493170071554406,0.12197015434503555,0.0,0.0,0.0,0.05703845362949149,0.03808629144233827,0.0072767241181801445
10000,3,5,TCTGGGCG,-0.04347465699632358,-0.045169453770990665,-0.02019154652953148,0.0,0.0,0.0,0.024977907241459187,0.008498271002786884,2.4287129451475153e-05
10000,3,5,TCTGGGCG,-0.04347465699632358,-0.045169453770990665,-0.05880768597126007,0.0,0.0,0.0,-0.013638232200269405,0.008498271002786884,2.4287129451475153e-05
10000,3,5,TCTGGGCG,-0.04347465699632358,-0.045169453770990665,-0.03651629388332367,0.0,0.0,0.0,0.008653159887666996,0.008498271002786884,2.4287129451475153e-05
10000,3,5,TCTGGGCG,-0.04347465699632358,-0.045169453770990665,-0.052921686321496964,0.0,0.0,0.0,-0.007752232550506298,0.008498271002786884,2.4287129451475153e-05
10000,4,1,CTATCGCG,0.00012444233652786352,0.00012444233652786352,0.0001244423328898847,0.0,0.0,0.0,-3.637978807091713e-12,0.0,0.0
10000,4,1,CTATCGCG,0.00012444233652786352,0.00012444233652786352,0.0001244423328898847,0.0,0.0,0.0,-3.637978807091713e-12,0.0,0.0
10000,4,1,CTATCGCG,0.00012444233652786352,0.00012444233652786352,0.0001244423328898847,0.0,0.0,0.0,-3.637978807091713e-12,0.0,0.0
10000,4,1,CTATCGCG,0.00012444233652786352,0.00012444233652786352,0.0001244423328898847,0.0,0.0,0.0,-3.637978807091713e-12,0.0,0.0
10000,5,7,CTATCGCA,0.2131155000352691,0.1788628353959112,0.38498133420944214,0.004449996025033237,0.009576980849761496,0.005126984824728259,0.20611849881353095,0.25559461953507734,0.015825967059571955
10000,5,7,CTATCGCA,0.2131155000352691,0.1788628353959112,0.2482011765241623,0.004449996025033237,0.009576980849761496,0.005126984824728259,0.0693383411282511,0.25559461953507734,0.015825967059571955
10000,5,7,CTATCGCA,0.2131155000352691,0.1788628353959112,0.26034992933273315,0.004449996025033237,0.009576980849761496,0.005126984824728259,0.08148709393682196,0.25559461953507734,0.015825967059571955
10000,5,7,CTATCGCG,0.19531551593513624,0.14055491199686518,0.12752115726470947,-0.013349988075099628,-0.028730942549284516,-0.015380954474184888,-0.013033754732155706,0.453977879701291,0.07065365213339359
10000,6,3,TTTAGGCC,0.001276331793057787,0.001276407630276329,0.00070051389047876,0.0,0.0,0.0,-0.000575893739797569,7.211648173077734e-08,2.9962813735684435e-07
10000,6,3,TTTAGGCC,0.001276331793057787,0.001276407630276329,0.0014495737850666046,0.0,0.0,0.0,0.00017316615479027564,7.211648173077734e-08,2.9962813735684435e-07
10000,6,3,TTTAGGCC,0.001276331793057787,0.001276407630276329,0.0012709368020296097,0.0,0.0,0.0,-5.4708282467192965e-06,7.211648173077734e-08,2.9962813735684435e-07
10000,6,3,TTTAGGCC,0.001276331793057787,0.001276407630276329,0.0010849088430404663,0.0,0.0,0.0,-0.00019149878723586267,7.211648173077734e-08,2.9962813735684435e-07
10000,7,3,CTATCGCG,-0.08477854368270199,-0.08536009747851707,-0.08244675397872925,-0.06869757631088938,-0.06913429366405438,-0.0004367173531650004,0.002913343499787821,0.002270217031294486,0.0005255556438492626
10000,7,3,CTATCGCA,0.006818224731817192,0.006818960740222109,0.00335502065718174,0.022899192103629798,0.023044764554684797,0.00014557245105499897,-0.0034639400830403693,6.641916196009623e-06,8.84994141076012e-06
10000,7,3,CTATCGCA,0.006818224731817192,0.006818960740222109,0.00992467999458313,0.022899192103629798,0.023044764554684797,0.00014557245105499897,0.003105719254361021,6.641916196009623e-06,8.84994141076012e-06
10000,7,3,CTATCGCA,0.006818224731817192,0.006818960740222109,0.005943965166807175,0.022899192103629798,0.023044764554684797,0.00014557245105499897,-0.0008749955734149344,6.641916196009623e-06,8.84994141076012e-06
10000,8,5,TTTAGGCC,0.004382762646955177,0.004383822074838584,0.002299768850207329,0.0,0.0,0.0,-0.002084053224631255,2.6249410846872906e-06,7.922080501723827e-06
10000,8,5,TTTAGGCC,0.004382762646955177,0.004383822074838584,0.003220842918381095,0.0,0.0,0.0,-0.001162979156457489,2.6249410846872906e-06,7.922080501723827e-06
10000,8,5,TTTAGGCC,0.004382762646955177,0.004383822074838584,0.005772881209850311,0.0,0.0,0.0,0.0013890591350117273,2.6249410846872906e-06,7.922080501723827e-06
10000,8,5,TTTAGGCC,0.004382762646955177,0.004383822074838584,0.0029352984856814146,0.0,0.0,0.0,-0.0014485235891571694,2.6249410846872906e-06,7.922080501723827e-06
10000,9,5,CTATCGCA,0.0024161214176734442,0.002416589329704877,0.0022767395712435246,0.0,0.0,0.0,-0.00013984975846135237,1.354571383845038e-07,2.4750172955469857e-06
10000,9,5,CTATCGCA,0.0024161214176734442,0.002416589329704877,0.0027731372974812984,0.0,0.0,0.0,0.00035654796777642153,1.354571383845038e-07,2.4750172955469857e-06
10000,9,5,CTATCGCA,0.0024161214176734442,0.002416589329704877,0.0024894410744309425,0.0,0.0,0.0,7.285174472606562e-05,1.354571383845038e-07,2.4750172955469857e-06
10000,9,5,CTATCGCA,0.0024161214176734442,0.002416589329704877,0.0011744053335860372,0.0,0.0,0.0,-0.0012421839961188398,1.354571383845038e-07,2.4750172955469857e-06
10000,10,5,CTATCGCA,0.002270266681457662,0.0022707045941738,0.002996734343469143,0.0,0.0,0.0,0.0007260297492953428,2.1454405050441716e-07,2.4041076311948767e-06
10000,10,5,CTATCGCA,0.002270266681457662,0.0022707045941738,0.0023952811025083065,0.0,0.0,0.0,0.00012457650833450637,2.1454405050441716e-07,2.4041076311948767e-06
10000,10,5,CTATCGCA,0.002270266681457662,0.0022707045941738,0.0028109007980674505,0.0,0.0,0.0,0.0005401962038936504,2.1454405050441716e-07,2.4041076311948767e-06
10000,10,5,CTATCGCA,0.002270266681457662,0.0022707045941738,0.0028505511581897736,0.0,0.0,0.0,0.0005798465640159734,2.1454405050441716e-07,2.4041076311948767e-06
10000,11,2,TTTGCGCG,0.004837811241483303,0.004838412649407431,0.004838413093239069,0.0,0.0,0.0,4.438316381083496e-10,5.788406420847991e-10,1.203394688897852e-06
10000,11,2,TTTGCGCG,0.004837811241483303,0.004838412649407431,0.007440990302711725,0.0,0.0,0.0,0.0026025776533042944,5.788406420847991e-10,1.203394688897852e-06
10000,11,2,TTTGCGCG,0.004837811241483303,0.004838412649407431,0.0074409912340343,0.0,0.0,0.0,0.002602578584626869,5.788406420847991e-10,1.203394688897852e-06
10000,11,2,TTTGCGCG,0.004837811241483303,0.004838412649407431,0.004838413093239069,0.0,0.0,0.0,4.438316381083496e-10,5.788406420847991e-10,1.203394688897852e-06
10000,12,4,CTATCGCA,0.0017726859534947098,0.0017728842072983753,0.0007111793383955956,0.0,0.0,0.0,-0.0010617048689027797,1.355758834642451e-07,9.285910981260415e-07
10000,12,4,CTATCGCA,0.0017726859534947098,0.0017728842072983753,0.0013993543107062578,0.0,0.0,0.0,-0.00037352989659211744,1.355758834642451e-07,9.285910981260415e-07
10000,12,4,CTATCGCA,0.0017726859534947098,0.0017728842072983753,0.0009241446387022734,0.0,0.0,0.0,-0.0008487395685961019,1.355758834642451e-07,9.285910981260415e-07
10000,12,4,CTATCGCA,0.0017726859534947098,0.0017728842072983753,0.001715280581265688,0.0,0.0,0.0,-5.7603626032687316e-05,1.355758834642451e-07,9.285910981260415e-07
10000,13,4,CTATCGCA,0.0013524675860731722,0.001352601911875695,0.0010876907035708427,0.0,0.0,0.0,-0.00026491120830485215,1.2918771427616882e-08,5.502219815184395e-07
10000,13,4,CTATCGCA,0.0013524675860731722,0.001352601911875695,0.0015597236342728138,0.0,0.0,0.0,0.0002071217223971189,1.2918771427616882e-08,5.502219815184395e-07
10000,13,4,CTATCGCA,0.0013524675860731722,0.001352601911875695,0.0018580459291115403,0.0,0.0,0.0,0.0005054440172358454,1.2918771427616882e-08,5.502219815184395e-07
10000,13,4,CTATCGCA,0.0013524675860731722,0.001352601911875695,0.0011031946633011103,0.0,0.0,0.0,-0.00024940724857458463,1.2918771427616882e-08,5.502219815184395e-07
10000,14,4,CGATCGCG,0.6581797659178634,0.5715752710943225,0.6525815725326538,0.24778984634488305,0.37295559963110014,0.1251657532862171,0.08100630143833132,0.35756637903183086,0.011148399737666903
10000,14,4,CGGTCGCG,-0.33297961946166876,-0.9202471274300782,-0.3510155975818634,-0.7433695390346491,-1.1188667988933005,-0.37549725985865146,0.5692315298482148,2.349295279307144,0.00022524743350643694
10000,14,4,CGATCGCG,0.6581797659178634,0.5715752710943225,1.1234285831451416,0.24778984634488305,0.37295559963110014,0.1251657532862171,0.5518533120508191,0.35756637903183086,0.011148399737666903
10000,14,4,CGATCGCG,0.6581797659178634,0.5715752710943225,0.34705501794815063,0.24778984634488305,0.37295559963110014,0.1251657532862171,-0.22452025314617186,0.35756637903183086,0.011148399737666903
10000,15,5,CTATCGCG,0.110785668560285,0.0754695879273278,-0.0026141703128814697,-0.011773948572523521,-0.035419147157562086,-0.023645198585038565,-0.07808375824020927,0.23946352336993693,0.06288312020515097
10000,15,5,CTATCGCA,0.12648426665698304,0.12269511747074394,0.006131621543318033,0.003924649524174512,0.011806382385854047,0.007881732861679536,-0.1165634959274259,0.021203066280956306,0.002257320349760894
10000,15,5,CTATCGCA,0.12648426665698304,0.12269511747074394,0.09420684725046158,0.003924649524174512,0.011806382385854047,0.007881732861679536,-0.028488270220282358,0.021203066280956306,0.002257320349760894
10000,15,5,CTATCGCA,0.12648426665698304,0.12269511747074394,0.02202252298593521,0.003924649524174512,0.011806382385854047,0.007881732861679536,-0.10067259448480873,0.021203066280956306,0.002257320349760894
10000,16,3,CTATCGCA,0.028868648480019354,0.028945774055197642,0.011311650276184082,0.0,0.0,0.0,-0.01763412377901356,0.00021080737897880009,0.00044218410451365986
10000,16,3,CTATCGCA,0.028868648480019354,0.028945774055197642,0.02072085067629814,0.0,0.0,0.0,-0.0082249233788995,0.00021080737897880009,0.00044218410451365986
10000,16,3,CTATCGCA,0.028868648480019354,0.028945774055197642,0.017970751971006393,0.0,0.0,0.0,-0.010975022084191249,0.00021080737897880009,0.00044218410451365986
10000,16,3,CTATCGCA,0.028868648480019354,0.028945774055197642,0.021127332001924515,0.0,0.0,0.0,-0.007818442053273127,0.00021080737897880009,0.00044218410451365986
10000,17,4,TTTGGGCG,-0.2658168018742392,-0.28597055897516777,-0.34133094549179077,-0.1549473256640717,-0.16503255442649112,-0.010085228762419407,-0.055360386516623006,0.08801062348389443,0.007395595080180062
10000,17,4,TTTGGGCC,0.04407784945390425,0.04409454987781447,0.06895609945058823,0.1549473256640717,0.16503255442649112,0.010085228762419407,0.024861549572773756,0.0005294367032343539,0.0005962383988752373
10000,17,4,TTTGGGCC,0.04407784945390425,0.04409454987781447,0.012212167493999004,0.1549473256640717,0.16503255442649112,0.010085228762419407,-0.031882382383815466,0.0005294367032343539,0.0005962383988752373
10000,17,4,TTTGGGCG,-0.2658168018742392,-0.28597055897516777,-0.33238598704338074,-0.1549473256640717,-0.16503255442649112,-0.010085228762419407,-0.04641542806821297,0.08801062348389443,0.007395595080180062
10000,18,2,TTTAGGCC,0.0069218397238892115,0.006922266442416003,0.006031081546097994,0.0,0.0,0.0,-0.0008911848963180091,2.583098389630223e-07,1.111746892545895e-06
10000,18,2,TTTAGGCC,0.0069218397238892115,0.006922266442416003,0.004035303369164467,0.0,0.0,0.0,-0.002886963073251536,2.583098389630223e-07,1.111746892545895e-06
10000,18,2,TTTAGGCC,0.0069218397238892115,0.006922266442416003,0.006031081546097994,0.0,0.0,0.0,-0.0008911848963180091,2.583098389630223e-07,1.111746892545895e-06
10000,18,2,TTTAGGCC,0.0069218397238892115,0.006922266442416003,0.006031081546097994,0.0,0.0,0.0,-0.0008911848963180091,2.583098389630223e-07,1.111746892545895e-06
10000,19,4,TTTGCGCG,0.5605206077003098,0.5424179370952266,0.587112545967102,0.3299027512393796,0.45101642928895447,0.12111367804957485,0.044694608871875485,0.08327465928594108,0.010863976865608471
10000,19,4,TTTGGGCG,-0.4349259207824592,-0.596966079490444,-0.9483256936073303,-0.6655437772433893,-0.6883675872967161,-0.022823810053326787,-0.3513596141168863,0.6484171575526447,0.00025652272070542104
10000,19,4,TTTAGGCG,0.2363561312255602,-0.12226376347492085,-0.10464206337928772,0.005738274764630069,-0.21366527128119292,-0.219403546045823,0.01762170009563313,1.4649387496622555,0.03045917086033123
10000,19,4,TTTGCGCG,0.5605206077003098,0.5424179370952266,0.44415047764778137,0.3299027512393796,0.45101642928895447,0.12111367804957485,-0.0982674594474452,0.08327465928594108,0.010863976865608471
10000,20,4,CTATCGCA,0.009683128532215363,0.00970277579186063,0.01090928353369236,0.0,0.0,0.0,0.0012065077418317305,3.958733470546538e-07,7.898491192812052e-05
10000,20,4,CTATCGCA,0.009683128532215363,0.00970277579186063,0.008772703818976879,0.0,0.0,0.0,-0.0009300719728837503,3.958733470546538e-07,7.898491192812052e-05
10000,20,4,CTATCGCA,0.009683128532215363,0.00970277579186063,0.004729315638542175,0.0,0.0,0.0,-0.004973460153318454,3.958733470546538e-07,7.898491192812052e-05
10000,20,4,CTATCGCA,0.009683128532215363,0.00970277579186063,0.005693231243640184,0.0,0.0,0.0,-0.004009544548220445,3.958733470546538e-07,7.898491192812052e-05
10000,21,5,CGATCGCG,0.5824751589748012,0.5040949111525002,0.5959233641624451,0.11053857200500194,0.11182872018800027,0.0012901481829983297,0.09182845300994491,0.41064451335602103,0.018743274244516606
10000,21,5,CGATCGCG,0.5824751589748012,0.5040949111525002,0.3322085738182068,0.11053857200500194,0.11182872018800027,0.0012901481829983297,-0.17188633733429337,0.41064451335602103,0.018743274244516606
10000,21,5,CTATCGCG,0.36139801496479723,0.2804374707764996,0.4406569004058838,-0.110538572005002,-0.11182872018800027,-0.0012901481829982742,0.16021942962938418,0.42247666199246914,0.017673941050980968
10000,21,5,CTATCGCG,0.36139801496479723,0.2804374707764996,0.12511670589447021,-0.110538572005002,-0.11182872018800027,-0.0012901481829982742,-0.1553207648820294,0.42247666199246914,0.017673941050980968
10000,22,3,TTTAGGCC,0.01497637136453836,0.014987993889083858,0.007329595275223255,0.0,0.0,0.0,-0.007658398613860603,6.432279949841746e-06,4.1299853586335145e-05
10000,22,3,TTTAGGCC,0.01497637136453836,0.014987993889083858,0.02250327728688717,0.0,0.0,0.0,0.0075152833978033105,6.432279949841746e-06,4.1299853586335145e-05
10000,22,3,TTTAGGCC,0.01497637136453836,0.014987993889083858,0.020920712500810623,0.0,0.0,0.0,0.005932718611726765,6.432279949841746e-06,4.1299853586335145e-05
10000,22,3,TTTAGGCC,0.01497637136453836,0.014987993889083858,0.022707480937242508,0.0,0.0,0.0,0.0077194870481586495,6.432279949841746e-06,4.1299853586335145e-05
10000,23,2,CAATCTAT,0.0037618584390143317,0.003759258780860364,0.005690549500286579,0.0,0.0,0.0,0.0019312907194262152,8.10695364195091e-06,2.907637334015334e-06
10000,23,2,CAATCTAT,0.0037618584390143317,0.003759258780860364,0.0036676470190286636,0.0,0.0,0.0,-9.161176183170028e-05,8.10695364195091e-06,2.907637334015334e-06
10000,23,2,CAATCTAT,0.0037618584390143317,0.003759258780860364,0.0036676470190286636,0.0,0.0,0.0,-9.161176183170028e-05,8.10695364195091e-06,2.907637334015334e-06
10000,23,2,CAATCTAT,0.0037618584390143317,0.003759258780860364,-1.1941418051719666e-05,0.0,0.0,0.0,-0.0037712001989120836,8.10695364195091e-06,2.907637334015334e-06
10000,24,6,TTTGGGCC,-0.10342590305054461,-0.10744764406573963,-0.1964985579252243,-0.16524734705508354,-0.12590773328556545,0.039339613769518084,-0.08905091385948467,0.025591004548404905,0.0014605584572348063
10000,24,6,TTTAGGCA,0.14833953780290043,-0.018260491579608146,-0.11761856079101562,0.08651809379836152,-0.036720580799433966,-0.12323867459779549,-0.09935806921140748,1.4338171627526304,0.4342169864575789
10000,24,6,TTTAGGCC,0.10118607063289993,0.09977424626232552,0.08423078805208206,0.039364626628361016,0.0813141570424997,0.04194953041413868,-0.015543458210243458,0.01131603304754436,0.0028450868240978977
10000,24,6,TTTAGGCC,0.10118607063289993,0.09977424626232552,0.005384952761232853,0.039364626628361016,0.0813141570424997,0.04194953041413868,-0.09438929350109267,0.01131603304754436,0.0028450868240978977
10000,25,7,TCTACGGC,0.18969724518626802,0.13228874250330794,0.09803420305252075,0.04971653315415647,0.027868086341431564,-0.02184844681272491,-0.034254539450787186,0.5248589816788751,0.12299946289815455
10000,25,7,TTTGCGCG,0.47589878134948194,0.45387180410462513,0.2713378071784973,0.3359180693173704,0.3494511479427488,0.013533078625378392,-0.18253399692612782,0.17423888120742315,0.020050040493425847
10000,25,7,TTTAGGCC,0.06254652862068087,0.05636705547210725,0.052430376410484314,-0.07743418341143067,-0.048053600689769126,0.029380582721661545,-0.003936679061622934,0.0480486680122616,0.004792355972246254
10000,25,7,TTTGGGCG,-0.16821970702798458,-0.22484497743253481,-0.14829722046852112,-0.3082004190600961,-0.3292656335944112,-0.02106521453431509,0.0765477569640137,0.40785866418608707,0.011481771354235448
10000,26,4,CTATCGCA,0.01853645732553877,0.01881506837222935,0.02713882178068161,0.0,0.0,0.0,0.008323753408452261,0.00020494397923076502,0.001319388165993085
10000,26,4,CTATCGCA,0.01853645732553877,0.01881506837222935,0.029209338128566742,0.0,0.0,0.0,0.010394269756337393,0.00020494397923076502,0.001319388165993085
10000,26,4,CTATCGCA,0.01853645732553877,0.01881506837222935,0.010302150622010231,0.0,0.0,0.0,-0.008512917750219118,0.00020494397923076502,0.001319388165993085
10000,26,4,CTATCGCA,0.01853645732553877,0.01881506837222935,0.02093290165066719,0.0,0.0,0.0,0.0021178332784378417,0.00020494397923076502,0.001319388165993085
10000,27,2,TTTGCGCG,1.2107759916585892,1.2074848245020178,1.2844656705856323,0.5293399100280612,0.5660230726852049,0.036683162657143664,0.07698084608361455,0.007164339894751959,0.0005820055816090353
10000,27,2,TTTGCGCG,1.2107759916585892,1.2074848245020178,0.6422411203384399,0.5293399100280612,0.5660230726852049,0.036683162657143664,-0.5652437041635778,0.007164339894751959,0.0005820055816090353
10000,27,2,TTTGCGCG,1.2107759916585892,1.2074848245020178,0.886372447013855,0.5293399100280612,0.5660230726852049,0.036683162657143664,-0.3211123774881628,0.007164339894751959,0.0005820055816090353
10000,27,2,TTTGCGCC,-0.906583648453656,-1.0566074662388019,-1.0145655870437622,-1.5880197300841838,-1.6980692180556147,-0.11004948797143088,0.042041879195039655,0.300051036420828,3.4008505364058195e-06
10000,28,7,CGGTCGCG,-0.26992718808783683,-0.6285348225594493,-0.5929467082023621,-0.21563800782062215,-0.37611951502814256,-0.1604815072075204,0.0355881143570872,2.516835030679763,0.006581589378475972
10000,28,7,TTTAGGCC,-0.06851919309992545,-0.24483741717088212,0.17927955090999603,-0.014230012832710762,0.007577890360424583,0.021807903193135345,0.4241169680808782,1.2415595923069218,0.007332023810225019
10000,28,7,CTATCGCA,0.2131155000352691,0.1788628353959112,0.2978399991989136,0.26740468030248377,0.4312781429272179,0.16387346262473412,0.11897716380300238,0.25559461953507734,0.015825967059571955
10000,28,7,TATGCGCG,-0.09182583991636559,-0.3151518257908066,-1.0139355659484863,-0.0375366596491509,-0.06273651825949988,-0.025199858610348985,-0.6987837401576797,2.1342172273321314,0.5709353262110444
10000,29,6,TTTGGGCC,-0.09965084212974777,-0.10310898093939465,-0.12145143747329712,-0.09462469482700359,-0.08834421377351256,0.006280481053491022,-0.01834245653390247,0.022177589203345338,0.0014287563454640217
10000,29,6,TGTGGGCG,0.07666587345887861,0.04554229733180618,-0.07792866230010986,0.0816920207616228,0.06030706449768826,-0.021384956263934538,-0.12347095963191604,0.1964786216315928,0.00973716486915821
10000,29,6,TTTGGGCC,-0.09965084212974777,-0.10310898093939465,-0.1512320190668106,-0.09462469482700359,-0.08834421377351256,0.006280481053491022,-0.04812303812741596,0.022177589203345338,0.0014287563454640217
10000,29,6,TTTAGGCC,0.10253122158964016,0.1016165958834548,0.17498058080673218,0.10755736889238435,0.11638136304933688,0.008823994156952536,0.07336398492327738,0.009287830605505976,0.0038000763683938565
10000,30,4,CTATCGCA,0.005602467976081665,0.005604176672733274,0.005790995433926582,0.0,0.0,0.0,0.0001868187611933081,2.777276738537282e-06,9.61206334497422e-06
10000,30,4,CTATCGCA,0.005602467976081665,0.005604176672733274,0.005619609262794256,0.0,0.0,0.0,1.5432590060981966e-05,2.777276738537282e-06,9.61206334497422e-06
10000,30,4,CTATCGCA,0.005602467976081665,0.005604176672733274,0.006686449516564608,0.0,0.0,0.0,0.0010822728438313334,2.777276738537282e-06,9.61206334497422e-06
10000,30,4,CTATCGCA,0.005602467976081665,0.005604176672733274,0.006115715019404888,0.0,0.0,0.0,0.0005115383466716139,2.777276738537282e-06,9.61206334497422e-06
10000,31,7,CGATCGCG,0.4248652446403979,0.3811774498653371,0.2898828089237213,0.21241214118892096,0.24371114036413102,0.03129899917521006,-0.09129464094161577,0.3337156588538739,0.027901095428448208
10000,31,7,CTATCGCG,0.26138620551984365,0.2174012514427471,0.293841689825058,0.048933102068366735,0.07993494194154105,0.031001839873174314,0.07644043838231088,0.32778607724696407,0.0198913987072884
10000,31,7,CTATCGCG,0.26138620551984365,0.2174012514427471,0.2704368829727173,0.048933102068366735,0.07993494194154105,0.031001839873174314,0.05303563152997018,0.32778607724696407,0.0198913987072884
10000,31,7,TGTGGGCG,-0.09782524187417753,-0.2661147147460071,-0.3489897847175598,-0.31027834532565446,-0.4035810242472132,-0.09330267892155875,-0.0828750699715527,1.1875527715329617,0.009526461430154676
15000,0,2,CTATCGCA,0.01031520610499348,0.010309504265023861,0.01457972452044487,0.0,0.0,0.0,0.004270220255421009,1.883887462539313e-05,7.435194686156166e-06
15000,0,2,CTATCGCA,0.01031520610499348,0.010309504265023861,0.010877400636672974,0.0,0.0,0.0,0.0005678963716491126,1.883887462539313e-05,7.435194686156166e-06
15000,0,2,CTATCGCA,0.01031520610499348,0.010309504265023861,0.017282690852880478,0.0,0.0,0.0,0.006973186587856617,1.883887462539313e-05,7.435194686156166e-06
15000,0,2,CTATCGCA,0.01031520610499348,0.010309504265023861,0.015147596597671509,0.0,0.0,0.0,0.004838092332647648,1.883887462539313e-05,7.435194686156166e-06
15000,1,3,TTTGCGCG,0.22487942957588083,0.23574523815160675,0.25679153203964233,0.07437373030825375,0.07944525722076412,0.005071526912510366,0.021046293888035583,0.0003384154854605692,0.03293584121263826
15000,1,3,TTTGCGCG,0.22487942957588083,0.23574523815160675,0.2662905156612396,0.07437373030825375,0.07944525722076412,0.005071526912510366,0.030545277509632873,0.0003384154854605692,0.03293584121263826
15000,1,3,TCTGCGCG,-0.07261549165713414,-0.0820357907314498,-0.10598480701446533,-0.22312119092476124,-0.23833577166229242,-0.01521458073753118,-0.02394901628301553,0.03371729772434717,0.0054564005014001715
15000,1,3,TTTGCGCG,0.22487942957588083,0.23574523815160675,0.24808676540851593,0.07437373030825375,0.07944525722076412,0.005071526912510366,0.01234152725690918,0.0003384154854605692,0.03293584121263826
15000,2,5,TTTGCGCG,0.4830134299683714,0.4769467118659721,1.1305038928985596,0.12069845205384899,0.23058811888625663,0.10988966683240764,0.6535571810325875,0.033750719988793004,0.003417129476796621
15000,2,5,TTTACGCC,0.0002196217529752964,-0.44540576367905443,-0.45323827862739563,-0.3620953561615471,-0.6917643566587699,-0.3296690004972228,-0.007832514948341196,2.2420797785146567,0.013952851354507967
15000,2,5,TTTGCGCG,0.4830134299683714,0.4769467118659721,0.39765822887420654,0.12069845205384899,0.23058811888625663,0.10988966683240764,-0.07928848299176555,0.033750719988793004,0.003417129476796621
15000,2,5,TTTGCGCG,0.4830134299683714,0.4769467118659721,0.592411994934082,0.12069845205384899,0.23058811888625663,0.10988966683240764,0.11546528306810994,0.033750719988793004,0.003417129476796621
15000,3,4,CTATCGCA,0.0015341716060385587,0.0015343457629436452,0.0014036732027307153,0.0,0.0,0.0,-0.00013067256021292994,1.5223742336201163e-08,7.118513626822032e-07
15000,3,4,CTATCGCA,0.0015341716060385587,0.0015343457629436452,0.001616650726646185,0.0,0.0,0.0,8.23049637025397e-05,1.5223742336201163e-08,7.118513626822032e-07
15000,3,4,CTATCGCA,0.0015341716060385587,0.0015343457629436452,0.0017474598716944456,0.0,0.0,0.0,0.0002131141087508004,1.5223742336201163e-08,7.118513626822032e-07
15000,3,4,CTATCGCA,0.0015341716060385587,0.0015343457629436452,0.0015468376222997904,0.0,0.0,0.0,1.2491859356145163e-05,1.5223742336201163e-08,7.118513626822032e-07
15000,4,2,CTATCGCA,0.0005403471556605921,0.0005403591712820344,0.0003844342427328229,0.0,0.0,0.0,-0.00015592492854921147,1.7253622974777727e-09,2.575660518200351e-08
15000,4,2,CTATCGCA,0.0005403471556605921,0.0005403591712820344,0.00027813477208837867,0.0,0.0,0.0,-0.0002622243991936557,1.7253622974777727e-09,2.575660518200351e-08
15000,4,2,CTATCGCA,0.0005403471556605921,0.0005403591712820344,0.00043405976612120867,0.0,0.0,0.0,-0.0001062994051608257,1.7253622974777727e-09,2.575660518200351e-08
15000,4,2,CTATCGCA,0.0005403471556605921,0.0005403591712820344,0.00027813477208837867,0.0,0.0,0.0,-0.0002622243991936557,1.7253622974777727e-09,2.575660518200351e-08
15000,5,3,CTATCGCA,0.000409104778354578,0.0004091133731283965,0.0002695653820410371,0.0,0.0,0.0,-0.00013954799108735944,2.719676067686194e-09,2.8503997523410263e-08
15000,5,3,CTATCGCA,0.000409104778354578,0.0004091133731283965,0.0005360745126381516,0.0,0.0,0.0,0.00012696113950975513,2.719676067686194e-09,2.8503997523410263e-08
15000,5,3,CTATCGCA,0.000409104778354578,0.0004091133731283965,0.0005628399085253477,0.0,0.0,0.0,0.0001537265353969512,2.719676067686194e-09,2.8503997523410263e-08
15000,5,3,CTATCGCA,0.000409104778354578,0.0004091133731283965,0.0004944959073327482,0.0,0.0,0.0,8.538253420435166e-05,2.719676067686194e-09,2.8503997523410263e-08
15000,6,5,CGGTCGTG,-0.4192628606845812,-0.5419594795343297,-0.12280446290969849,-0.4485715189980196,-0.4245705093498063,0.024001009648213334,0.41915501662463117,0.644494008406677,0.031010914157934444
15000,6,5,CGATCGCA,0.2966872692502885,0.29108670866795594,-0.03402745723724365,0.26737861093685006,0.4084756788524793,0.14109706791562926,-0.3251141659051996,0.12278312120895807,0.09478031829729527
15000,6,5,CGATCGCG,0.5929299077609358,0.5675462700684936,0.4535866379737854,0.5636212494474974,0.6849352402530169,0.12131399080551952,-0.11395963209470816,0.16495708437021778,0.03803889590800669
15000,6,5,CGGTCGCG,-0.35311968307288943,-0.7862293799402134,-0.569826066493988,-0.38242834138632786,-0.6688404097556899,-0.28641206836936206,0.21640331344622532,2.1656080217807068,5.9537444087459646e-05
15000,7,3,CGATATAT,0.17759271178029148,0.17732521077778704,0.17568562924861908,0.0,0.0,0.0,-0.0016395815291679605,0.0015029050040655245,0.0007004019965520802
15000,7,3,CGATATAT,0.17759271178029148,0.17732521077778704,0.24499133229255676,0.0,0.0,0.0,0.06766612151476972,0.0015029050040655245,0.0007004019965520802
15000,7,3,CGATATAT,0.17759271178029148,0.17732521077778704,0.06235775351524353,0.0,0.0,0.0,-0.11496745726254351,0.0015029050040655245,0.0007004019965520802
15000,7,3,CGATATAT,0.17759271178029148,0.17732521077778704,0.1766384392976761,0.0,0.0,0.0,-0.0006867714801109537,0.0015029050040655245,0.0007004019965520802
15000,8,5,CTATCGCA,0.016365311076623867,0.016475995075473548,0.017661673948168755,0.0,0.0,0.0,0.0011856788726952068,0.0007332641515780947,0.0012866841458265
15000,8,5,CTATCGCA,0.016365311076623867,0.016475995075473548,0.019757181406021118,0.0,0.0,0.0,0.0032811863305475704,0.0007332641515780947,0.0012866841458265
15000,8,5,CTATCGCA,0.016365311076623867,0.016475995075473548,0.02787710726261139,0.0,0.0,0.0,0.011401112187137841,0.0007332641515780947,0.0012866841458265
15000,8,5,CTATCGCA,0.016365311076623867,0.016475995075473548,0.01893622800707817,0.0,0.0,0.0,0.002460232931604623,0.0007332641515780947,0.0012866841458265
15000,9,3,CTATCGCC,0.07318298572252828,0.06401358820666155,-0.023351430892944336,-0.15022821010101434,-0.15537335125878188,-0.005145141157767541,-0.08736501909960588,0.07812468690898267,0.05061649436138249
15000,9,3,CTATCGCC,0.07318298572252828,0.06401358820666155,-0.01286955177783966,-0.15022821010101434,-0.15537335125878188,-0.005145141157767541,-0.0768831399845012,0.07812468690898267,0.05061649436138249
15000,9,3,CTATCGCC,0.07318298572252828,0.06401358820666155,-0.024692386388778687,-0.15022821010101434,-0.15537335125878188,-0.005145141157767541,-0.08870597459544023,0.07812468690898267,0.05061649436138249
15000,9,3,ATATCGCC,0.6740958261265856,0.685506993241789,0.884229838848114,0.45068463030304295,0.4661200537763456,0.015435423473302623,0.19872284560632503,0.05466240127871136,0.08889590262432145
15000,10,5,TCTGCGGC,-0.05718803884599934,-0.0661443041808644,-0.150722935795784,-0.17113995583701075,-0.13130522442770443,0.03983473140930632,-0.0845786316149196,0.0454456368935755,0.0006643102192502304
15000,10,5,TCTGCGGC,-0.05718803884599934,-0.0661443041808644,-0.033069342374801636,-0.17113995583701075,-0.13130522442770443,0.03983473140930632,0.03307496180606276,0.0454456368935755,0.0006643102192502304
15000,10,5,TCTGCGGC,-0.05718803884599934,-0.0661443041808644,-0.07253573834896088,-0.17113995583701075,-0.13130522442770443,0.03983473140930632,-0.006391434168096483,0.0454456368935755,0.0006643102192502304
15000,10,5,TCTGCGCG,0.6273717845020437,0.45907659352995334,0.46285760402679443,0.5134198675110323,0.3939156732831133,-0.11950419422791903,0.0037810104968410974,0.9190828265757407,0.07760687171528868
15000,11,4,CTATCGCA,0.0017349416060554613,0.0017351140391308473,0.0009398830588907003,0.0,0.0,0.0,-0.0007952309802401469,2.3885879658208653e-07,9.285910981260415e-07
15000,11,4,CTATCGCA,0.0017349416060554613,0.0017351140391308473,0.001990006072446704,0.0,0.0,0.0,0.00025489203331585664,2.3885879658208653e-07,9.285910981260415e-07
15000,11,4,CTATCGCA,0.0017349416060554613,0.0017351140391308473,0.0013014349387958646,0.0,0.0,0.0,-0.0004336791003349827,2.3885879658208653e-07,9.285910981260415e-07
15000,11,4,CTATCGCA,0.0017349416060554613,0.0017351140391308473,0.0032677077688276768,0.0,0.0,0.0,0.0015325937296968295,2.3885879658208653e-07,9.285910981260415e-07
15000,12,3,CTATCGCA,0.008128538910549146,0.008125643551870251,0.007460521534085274,0.03716724134261631,0.037442798889598686,0.0002755575469823787,-0.0006651220177849772,1.9696431392268732e-05,1.1010355355584034e-05
15000,12,3,CTATCGCG,-0.14054042645991607,-0.1416455520065245,-0.17447233200073242,-0.11150172402784891,-0.11232839666879607,-0.000826672640947157,-0.03282677999420791,0.005126657221310005,0.00181128058148472
15000,12,3,CTATCGCA,0.008128538910549146,0.008125643551870251,0.010569363832473755,0.03716724134261631,0.037442798889598686,0.0002755575469823787,0.002443720280603504,1.9696431392268732e-05,1.1010355355584034e-05
15000,12,3,CTATCGCA,0.008128538910549146,0.008125643551870251,0.011890582740306854,0.03716724134261631,0.037442798889598686,0.0002755575469823787,0.0037649391884366033,1.9696431392268732e-05,1.1010355355584034e-05
15000,13,4,CTATCGCA,0.018244169333268757,0.01865684455706662,0.01675383932888508,0.0,0.0,0.0,-0.0019030052281815424,0.0008439305718237755,0.002494631467015229
15000,13,4,CTATCGCA,0.018244169333268757,0.01865684455706662,0.024880357086658478,0.0,0.0,0.0,0.006223512529591857,0.0008439305718237755,0.002494631467015229
15000,13,4,CTATCGCA,0.018244169333268757,0.01865684455706662,0.02650519460439682,0.0,0.0,0.0,0.0078483500473302,0.0008439305718237755,0.002494631467015229
15000,13,4,CTATCGCA,0.018244169333268757,0.01865684455706662,0.006886227987706661,0.0,0.0,0.0,-0.01177061656935996,0.0008439305718237755,0.002494631467015229
15000,14,6,CTATCGCG,-0.0004617019187802644,-0.0005128763127181616,0.004455551505088806,-0.0509447592102566,-0.05039675051720804,0.0005480086930485656,0.004968427817806968,0.0042260238860631905,0.003918977522435807
15000,14,6,CTATCGCG,-0.0004617019187802644,-0.0005128763127181616,-0.009527184069156647,-0.0509447592102566,-0.05039675051720804,0.0005480086930485656,-0.009014307756438486,0.0042260238860631905,0.003918977522435807
15000,14,6,CGATCGCG,0.10142781650173294,0.10028062472169792,0.13737952709197998,0.050944759210256596,0.050396750517208044,-0.0005480086930485517,0.03709890237028206,0.014723450971269259,0.007840300291059199
15000,14,6,CGATCGCG,0.10142781650173294,0.10028062472169792,0.07287168502807617,0.050944759210256596,0.050396750517208044,-0.0005480086930485517,-0.02740893969362175,0.014723450971269259,0.007840300291059199
15000,15,4,TTTGGGCG,-0.4445163012531146,-0.5733317924454903,-0.534281313419342,-0.26502976511733967,-0.2959160179453816,-0.030886252828041916,0.03905047902614822,0.5152811803734292,1.9215603926370228e-05
15000,15,4,TTTGGGCG,-0.4445163012531146,-0.5733317924454903,-0.4437309205532074,-0.26502976511733967,-0.2959160179453816,-0.030886252828041916,0.12960087189228287,0.5152811803734292,1.9215603926370228e-05
15000,15,4,TTTGGGCG,-0.4445163012531146,-0.5733317924454903,-0.9286023378372192,-0.26502976511733967,-0.2959160179453816,-0.030886252828041916,-0.355270545391729,0.5152811803734292,1.9215603926370228e-05
15000,15,4,TTTGCGCG,0.615602759216244,0.6103322793360361,0.4380349814891815,0.7950892953520189,0.8877480538361447,0.09265875848412586,-0.17229729784685455,0.024208771500039278,0.00312685197920759
15000,16,3,CGATCGCG,0.008067032328996535,0.008071311631485667,0.007989730685949326,0.0,0.0,0.0,-8.158094553634143e-05,3.2677916364520776e-07,1.3164686631039757e-05
15000,16,3,CGATCGCG,0.008067032328996535,0.008071311631485667,0.009814546443521976,0.0,0.0,0.0,0.0017432348120363095,3.2677916364520776e-07,1.3164686631039757e-05
15000,16,3,CGATCGCG,0.008067032328996535,0.008071311631485667,0.007410788908600807,0.0,0.0,0.0,-0.0006605227228848598,3.2677916364520776e-07,1.3164686631039757e-05
15000,16,3,CGATCGCG,0.008067032328996535,0.008071311631485667,0.0067910985089838505,0.0,0.0,0.0,-0.0012802131225018165,3.2677916364520776e-07,1.3164686631039757e-05
15000,17,1,ATATCGTA,0.09354771609650925,0.09354771609650925,0.09354772418737411,0.0,0.0,0.0,8.09086486697197e-09,0.0,0.0
15000,17,1,ATATCGTA,0.09354771609650925,0.09354771609650925,0.09354772418737411,0.0,0.0,0.0,8.09086486697197e-09,0.0,0.0
15000,17,1,ATATCGTA,0.09354771609650925,0.09354771609650925,0.09354772418737411,0.0,0.0,0.0,8.09086486697197e-09,0.0,0.0
15000,17,1,ATATCGTA,0.09354771609650925,0.09354771609650925,0.09354772418737411,0.0,0.0,0.0,8.09086486697197e-09,0.0,0.0
15000,18,4,TGTGGGCG,0.21605732390671545,0.21437845650055765,0.1864338219165802,0.0,0.0,0.0,-0.027944634583977446,0.00725592923233731,0.0005404596077061008
15000,18,4,TGTGGGCG,0.21605732390671545,0.21437845650055765,0.06509122997522354,0.0,0.0,0.0,-0.1492872265253341,0.00725592923233731,0.0005404596077061008
15000,18,4,TGTGGGCG,0.21605732390671545,0.21437845650055765,0.16280798614025116,0.0,0.0,0.0,-0.051570470360306486,0.00725592923233731,0.0005404596077061008
15000,18,4,TGTGGGCG,0.21605732390671545,0.21437845650055765,0.31194284558296204,0.0,0.0,0.0,0.09756438908240439,0.00725592923233731,0.0005404596077061008
15000,19,6,CGATCGCG,0.47224812881195327,0.4064039595004741,0.42689570784568787,-0.23267074724994735,-0.0585806330767315,0.17409011417321585,0.02049174834521378,0.42485324062985785,0.029788224760983084
15000,19,6,CGATATAG,0.9063816670315159,0.4084365728513948,0.6003071069717407,0.20146279096961528,-0.056548019725810805,-0.2580108106954261,0.19187053412034594,3.3769058877374545,0.38923532265672733
15000,19,6,CGATCGCG,0.47224812881195327,0.4064039595004741,0.3633221685886383,-0.23267074724994735,-0.0585806330767315,0.17409011417321585,-0.04308179091183578,0.42485324062985785,0.029788224760983084
15000,19,6,CGATATCG,0.9687975795921798,0.6386938784564794,0.1524510383605957,0.2638787035302792,0.1737092858792738,-0.09016941765100539,-0.4862428400958837,2.9946991348083367,1.0140769279941342
15000,20,3,ATATCGCG,-0.0371059970636101,-0.03658592909454509,-0.04823613166809082,-0.03820707123580168,-0.03911788661500766,-0.0009108153792059814,-0.01165020257354573,0.000754809766666531,0.0023150136738615545
15000,20,3,ATATCGCG,-0.0371059970636101,-0.03658592909454509,-0.06566223502159119,-0.03820707123580168,-0.03911788661500766,-0.0009108153792059814,-0.029076305927046096,0.000754809766666531,0.0023150136738615545
15000,20,3,ATATCGCG,-0.0371059970636101,-0.03658592909454509,0.003286704421043396,-0.03820707123580168,-0.03911788661500766,-0.0009108153792059814,0.039872633515588486,0.000754809766666531,0.0023150136738615545
15000,20,3,ATATCGCC,0.11572228787959664,0.11988561736548557,0.060359060764312744,0.11462121370740505,0.117353659845023,0.0027324461376179443,-0.05952655660117283,0.0031096913827051154,0.015599679840371916
15000,21,4,CTATCGCA,0.02440987107532236,0.02450604346982277,0.023660480976104736,0.03230117922969642,0.031020261227428902,-0.0012809180022675185,-0.0008455624937180328,0.00023439907946509742,0.0006190886574667376
15000,21,4,CTATCGCA,0.02440987107532236,0.02450604346982277,0.029685737565159798,0.03230117922969642,0.031020261227428902,-0.0012809180022675185,0.0051796940953370285,0.00023439907946509742,0.0006190886574667376
15000,21,4,CTATCGCG,-0.10479484584346332,-0.09957500143989284,-0.09701752662658691,-0.09690353768908927,-0.09306078368228671,0.0038427540068025623,0.0025574748133059266,0.04997784101171465,0.07085721862599659
15000,21,4,CTATCGCA,0.02440987107532236,0.02450604346982277,0.02361220307648182,0.03230117922969642,0.031020261227428902,-0.0012809180022675185,-0.00089384039334095,0.00023439907946509742,0.0006190886574667376
15000,22,4,CTATCGCA,0.0013556734110759337,0.001355925803560809,0.0012399115366861224,0.0,0.0,0.0,-0.00011601426687468663,5.742473834641215e-08,1.0669946778479877e-06
15000,22,4,CTATCGCA,0.0013556734110759337,0.001355925803560809,0.0007539630169048905,0.0,0.0,0.0,-0.0006019627866559185,5.742473834641215e-08,1.0669946778479877e-06
15000,22,4,CTATCGCA,0.0013556734110759337,0.001355925803560809,0.0012149382382631302,0.0,0.0,0.0,-0.00014098756529767886,5.742473834641215e-08,1.0669946778479877e-06
15000,22,4,CTATCGCA,0.0013556734110759337,0.001355925803560809,0.0012020515277981758,0.0,0.0,0.0,-0.00015387427576263324,5.742473834641215e-08,1.0669946778479877e-06
15000,23,4,CGATCGCG,0.5371981437394433,0.4228472868996107,0.7923122644424438,0.2801962497747273,0.1985676595915393,-0.081628590183188,0.36946497754283314,0.4734723942581269,0.016068966898796333
15000,23,4,CTATCGCA,0.16360314403980694,0.15809040744422498,0.26334530115127563,-0.09339874992490907,-0.06618921986384643,0.027209530061062637,0.10525489370705066,0.027472869470695493,0.005421923088367642
15000,23,4,CTATCGCA,0.16360314403980694,0.15809040744422498,0.2489076554775238,-0.09339874992490907,-0.06618921986384643,0.027209530061062637,0.09081724803329883,0.027472869470695493,0.005421923088367642
15000,23,4,CTATCGCA,0.16360314403980694,0.15809040744422498,0.2248237133026123,-0.09339874992490907,-0.06618921986384643,0.027209530061062637,0.06673330585838733,0.027472869470695493,0.005421923088367642
15000,24,7,CTATCGCA,0.1782839253310989,0.1449189108331225,0.004606861155480146,-0.031527569571014574,0.035015846413882945,0.06654341598489752,-0.14031204967764235,0.25700772007814215,0.023452618592307184
15000,24,7,CTATCGCG,0.1508288997000122,0.09860277810501447,0.3301466405391693,-0.05898259520210128,-0.011300286314225083,0.047682308887876196,0.23154386243415484,0.4153790919083846,0.0497962407434005
15000,24,7,TTTGCGCG,0.3318492292462439,0.05117165790569876,0.3342570662498474,0.1220377343441304,-0.05873140651354079,-0.1807691408576712,0.28308540834414864,1.9997102223222711,0.03496722293845522
15000,24,7,CTATCGCA,0.1782839253310989,0.1449189108331225,0.016466595232486725,-0.031527569571014574,0.035015846413882945,0.06654341598489752,-0.12845231560063577,0.25700772007814215,0.023452618592307184
15000,25,4,CTATCGCA,0.0172196023444423,0.017441566501967598,0.011319587007164955,0.0,0.0,0.0,-0.006121979494802643,0.000458176126618387,0.001346032756719573
15000,25,4,CTATCGCA,0.0172196023444423,0.017441566501967598,0.01871671713888645,0.0,0.0,0.0,0.0012751506369188537,0.000458176126618387,0.001346032756719573
15000,25,4,CTATCGCA,0.0172196023444423,0.017441566501967598,0.016171066090464592,0.0,0.0,0.0,-0.001270500411503006,0.000458176126618387,0.001346032756719573
15000,25,4,CTATCGCA,0.0172196023444423,0.017441566501967598,0.023475896567106247,0.0,0.0,0.0,0.006034330065138649,0.000458176126618387,0.001346032756719573
15000,26,2,CGATCTAT,0.19185854181398282,0.19197808948229067,0.1047474592924118,0.1766338729610962,0.17674442900170106,0.00011055604060486446,-0.08723063018987887,0.0002799884661615071,0.0005190838027772093
15000,26,2,CGATCTAT,0.19185854181398282,0.19197808948229067,0.104747474193573,0.1766338729610962,0.17674442900170106,0.00011055604060486446,-0.08723061528871767,0.0002799884661615071,0.0005190838027772093
15000,26,2,CAATCTAT,-0.16140920410820958,-0.16151076852111146,-0.246806800365448,-0.1766338729610962,-0.17674442900170106,-0.00011055604060486446,-0.08529603184433654,0.0006276781176555168,0.00042454929185176127
15000,26,2,CAATCTAT,-0.16140920410820958,-0.16151076852111146,-0.21452870965003967,-0.1766338729610962,-0.17674442900170106,-0.00011055604060486446,-0.053017941128928214,0.0006276781176555168,0.00042454929185176127
15000,27,4,CTATCGCA,0.0015341716060385587,0.0015343457629436452,0.0019055495504289865,0.0,0.0,0.0,0.00037120378748534133,1.5223742336201163e-08,7.118513626822032e-07
15000,27,4,CTATCGCA,0.0015341716060385587,0.0015343457629436452,0.0006654017488472164,0.0,0.0,0.0,-0.0008689440140964289,1.5223742336201163e-08,7.118513626822032e-07
15000,27,4,CTATCGCA,0.0015341716060385587,0.0015343457629436452,0.0012043740134686232,0.0,0.0,0.0,-0.00032997174947502206,1.5223742336201163e-08,7.118513626822032e-07
15000,27,4,CTATCGCA,0.0015341716060385587,0.0015343457629436452,0.0017451327294111252,0.0,0.0,0.0,0.00021078696646747996,1.5223742336201163e-08,7.118513626822032e-07
15000,28,2,TTTGGGCC,0.09231592933809807,0.09242625486069755,0.12017065286636353,0.0,0.0,0.0,0.02774439800566597,8.008224229583139e-05,0.0003007332874948032
15000,28,2,TTTGGGCC,0.09231592933809807,0.09242625486069755,0.12017065286636353,0.0,0.0,0.0,0.02774439800566597,8.008224229583139e-05,0.0003007332874948032
15000,28,2,TTTGGGCC,0.09231592933809807,0.09242625486069755,0.12932494282722473,0.0,0.0,0.0,0.03689868796652718,8.008224229583139e-05,0.0003007332874948032
15000,28,2,TTTGGGCC,0.09231592933809807,0.09242625486069755,0.08327201008796692,0.0,0.0,0.0,-0.009154244772730635,8.008224229583139e-05,0.0003007332874948032
15000,29,5,TTTAGGCC,0.05293000610113485,0.030349148820048556,-0.033188387751579285,-0.3204897475983315,-0.3123130197418585,0.008176727856472998,-0.06353753657162783,0.11535430959160142,0.002450023186169936
15000,29,5,TTTAGGCC,0.05293000610113485,0.030349148820048556,0.10990101099014282,-0.3204897475983315,-0.3123130197418585,0.008176727856472998,0.07955186217009427,0.11535430959160142,0.002450023186169936
15000,29,5,TTTGCGCG,0.6939095012977978,0.6549751883037656,0.6250089406967163,0.3204897475983315,0.3123130197418585,-0.008176727856472998,-0.029966247607049246,0.2049745895359527,0.010303024565791574
15000,29,5,TTTGCGCG,0.6939095012977978,0.6549751883037656,0.7012195587158203,0.3204897475983315,0.3123130197418585,-0.008176727856472998,0.04624437041205476,0.2049745895359527,0.010303024565791574
15000,30,3,CTATCGCG,-0.00993215328458652,-0.010228113449556986,-0.011903021484613419,0.0,0.0,0.0,-0.0016749080350564327,0.0010801378382244708,0.00019225734331307365
15000,30,3,CTATCGCG,-0.00993215328458652,-0.010228113449556986,-0.01274232566356659,0.0,0.0,0.0,-0.0025142122140096035,0.0010801378382244708,0.00019225734331307365
15000,30,3,CTATCGCG,-0.00993215328458652,-0.010228113449556986,-0.011812396347522736,0.0,0.0,0.0,-0.0015842828979657497,0.0010801378382244708,0.00019225734331307365
15000,30,3,CTATCGCG,-0.00993215328458652,-0.010228113449556986,-0.005785204470157623,0.0,0.0,0.0,0.004442908979399363,0.0010801378382244708,0.00019225734331307365
15000,31,5,CTATCGCA,0.14335455400046765,0.14140493393355752,0.027256306260824203,0.0,0.0,0.0,-0.11414862767273332,0.012726628669915363,0.0029785283353647163
15000,31,5,CTATCGCA,0.14335455400046765,0.14140493393355752,0.1111312285065651,0.0,0.0,0.0,-0.030273705426992426,0.012726628669915363,0.0029785283353647163
15000,31,5,CTATCGCA,0.14335455400046765,0.14140493393355752,0.3470339775085449,0.0,0.0,0.0,0.2056290435749874,0.012726628669915363,0.0029785283353647163
15000,31,5,CTATCGCA,0.14335455400046765,0.14140493393355752,0.13095664978027344,0.0,0.0,0.0,-0.010448284153284082,0.012726628669915363,0.0029785283353647163
20000,0,2,TTTAGGCC,9.529913769035225e-05,9.529911540084868e-05,9.532891272101551e-05,0.0,0.0,0.0,2.979732016683556e-08,1.674047567234993e-10,1.2282574957112047e-10
20000,0,2,TTTAGGCC,9.529913769035225e-05,9.529911540084868e-05,0.00011322293721605092,0.0,0.0,0.0,1.7923821815202245e-05,1.674047567234993e-10,1.2282574957112047e-10
20000,0,2,TTTAGGCC,9.529913769035225e-05,9.529911540084868e-05,0.00011322293721605092,0.0,0.0,0.0,1.7923821815202245e-05,1.674047567234993e-10,1.2282574957112047e-10
20000,0,2,TTTAGGCC,9.529913769035225e-05,9.529911540084868e-05,9.532891272101551e-05,0.0,0.0,0.0,2.979732016683556e-08,1.674047567234993e-10,1.2282574957112047e-10
20000,1,2,CTATCGCA,0.002235121168956411,0.002236127004834998,0.0009409954072907567,0.0,0.0,0.0,-0.0012951315975442412,3.673389814551342e-08,2.0484056553193852e-06
20000,1,2,CTATCGCA,0.002235121168956411,0.002236127004834998,0.002628395101055503,0.0,0.0,0.0,0.00039226809622050496,3.673389814551342e-08,2.0484056553193852e-06
20000,1,2,CTATCGCA,0.002235121168956411,0.002236127004834998,0.0031389908399432898,0.0,0.0,0.0,0.0009028638351082918,3.673389814551342e-08,2.0484056553193852e-06
20000,1,2,CTATCGCA,0.002235121168956411,0.002236127004834998,0.0022361271549016237,0.0,0.0,0.0,1.5006662579253316e-10,3.673389814551342e-08,2.0484056553193852e-06
20000,2,3,CGGTCGCG,-0.40065703612821624,-0.9915964659267047,-0.8238811492919922,-1.0834482535863754,-1.4498249386479642,-0.3663766850615888,0.1677153166347125,1.772820692575127,2.4031796619916612e-06
20000,2,3,CGATCGCG,1.0439406353202842,0.9415034522705809,0.2860634922981262,0.36114941786212507,0.4832749795493214,0.12212556168719635,-0.6554399599724546,0.3106282428485168,0.003316693699406681
20000,2,3,CGATCGCG,1.0439406353202842,0.9415034522705809,0.7078116536140442,0.36114941786212507,0.4832749795493214,0.12212556168719635,-0.23369179865653666,0.3106282428485168,0.003316693699406681
20000,2,3,CGATCGCG,1.0439406353202842,0.9415034522705809,0.2861084043979645,0.36114941786212507,0.4832749795493214,0.12212556168719635,-0.6553950478726164,0.3106282428485168,0.003316693699406681
20000,3,4,TTTGCGCG,0.8343436351640654,0.7826978456793465,0.5244972705841064,0.2630466300904787,0.25172215229349604,-0.011324477796982646,-0.2582005750952401,0.22055608359002288,0.013972925651147605
20000,3,4,TTTGCGCG,0.8343436351640654,0.7826978456793465,0.11658722162246704,0.2630466300904787,0.25172215229349604,-0.011324477796982646,-0.6661106240568795,0.22055608359002288,0.013972925651147605
20000,3,4,TTTGGGCC,-0.21784288519784928,-0.22419076349463762,-0.15409141778945923,-0.7891398902714359,-0.7551664568804881,0.03397343339094783,0.0700993457051784,0.02678266024282805,0.0013911470556746686
20000,3,4,TTTGCGCG,0.8343436351640654,0.7826978456793465,0.699009120464325,0.2630466300904787,0.25172215229349604,-0.011324477796982646,-0.08368872521502158,0.22055608359002288,0.013972925651147605
20000,4,5,CTATCGCG,0.08680844791466154,0.05634624597749589,-0.016153424978256226,-0.02693064417074892,-0.04110360761082586,-0.014172963440076944,-0.07249967095575212,0.22268368556697915,0.07037267588115093
20000,4,5,CTATCGCG,0.08680844791466154,0.05634624597749589,0.2417922019958496,-0.02693064417074892,-0.04110360761082586,-0.014172963440076944,0.18544595601835373,0.22268368556697915,0.07037267588115093
20000,4,5,CTATCGCA,0.14066973625615936,0.1385534611991476,0.11925496906042099,0.026930644170748905,0.04110360761082585,0.014172963440076944,-0.019298492138726614,0.013559903620423475,0.0029785283353647163
20000,4,5,CTATCGCA,0.14066973625615936,0.1385534611991476,0.11876824498176575,0.026930644170748905,0.04110360761082585,0.014172963440076944,-0.019785216217381857,0.013559903620423475,0.0029785283353647163
20000,5,4,TTTAGGCC,0.11066280677405091,0.11016860951666507,0.17688249051570892,0.0,0.0,0.0,0.06671388099904385,0.0055085849396796505,0.003531795910136304
20000,5,4,TTTAGGCC,0.11066280677405091,0.11016860951666507,0.07823581993579865,0.0,0.0,0.0,-0.03193278958086643,0.0055085849396796505,0.003531795910136304
20000,5,4,TTTAGGCC,0.11066280677405091,0.11016860951666507,0.12146815657615662,0.0,0.0,0.0,0.011299547059491544,0.0055085849396796505,0.003531795910136304
20000,5,4,TTTAGGCC,0.11066280677405091,0.11016860951666507,0.09315290302038193,0.0,0.0,0.0,-0.017015706496283145,0.0055085849396796505,0.003531795910136304
20000,6,5,CTATCGCA,0.005369856615822269,0.0053717243344515,0.004593069665133953,0.0,0.0,0.0,-0.0007786546693175469,1.5940315877954747e-06,1.0932624733950291e-05
20000,6,5,CTATCGCA,0.005369856615822269,0.0053717243344515,0.005448632873594761,0.0,0.0,0.0,7.690853914326095e-05,1.5940315877954747e-06,1.0932624733950291e-05
20000,6,5,CTATCGCA,0.005369856615822269,0.0053717243344515,0.00644668098539114,0.0,0.0,0.0,0.00107495665093964,1.5940315877954747e-06,1.0932624733950291e-05
20000,6,5,CTATCGCA,0.005369856615822269,0.0053717243344515,0.006631446070969105,0.0,0.0,0.0,0.0012597217365176048,1.5940315877954747e-06,1.0932624733950291e-05
20000,7,4,CTATCGCA,0.02251837779936297,0.02257419025907359,0.027396731078624725,0.03058140862700324,0.029960957322739262,-0.0006204513042639762,0.0048225408195511354,0.0002133318855572497,0.0004365817243997261
20000,7,4,CTATCGCA,0.02251837779936297,0.02257419025907359,0.03719746693968773,0.03058140862700324,0.029960957322739262,-0.0006204513042639762,0.014623276680614139,0.0002133318855572497,0.0004365817243997261
20000,7,4,CTATCGCA,0.02251837779936297,0.02257419025907359,0.017361348494887352,0.03058140862700324,0.029960957322739262,-0.0006204513042639762,-0.005212841764186238,0.0002133318855572497,0.0004365817243997261
20000,7,4,CTATCGCG,-0.09980725670864998,-0.09726963903188346,-0.12761813402175903,-0.09174422588100972,-0.08988287196821779,0.0018613539127919354,-0.030348494989875574,0.03983274754016142,0.04998321824722751
20000,8,4,CTATCGCA,0.021359590659394884,0.021846120084925702,0.024113215506076813,0.0,0.0,0.0,0.0022670954211511107,0.0006552528140921221,0.0026013705162153955
20000,8,4,CTATCGCA,0.021359590659394884,0.021846120084925702,0.00488461134955287,0.0,0.0,0.0,-0.016961508735372832,0.0006552528140921221,0.0026013705162153955
20000,8,4,CTATCGCA,0.021359590659394884,0.021846120084925702,0.034018442034721375,0.0,0.0,0.0,0.012172321949795673,0.0006552528140921221,0.0026013705162153955
20000,8,4,CTATCGCA,0.021359590659394884,0.021846120084925702,0.035388752818107605,0.0,0.0,0.0,0.013542632733181903,0.0006552528140921221,0.0026013705162153955
20000,9,8,ATATCGCC,0.4102365836510524,0.34970710220038503,0.4597225785255432,0.2876729600462529,0.3367041974139917,0.04903123736773879,0.11001547632515818,0.8651475702431899,0.3809117186378508
20000,9,8,CTATCGCA,0.17841563688548964,0.14745885174825046,0.3309952914714813,0.055852013280690144,0.13445594696185714,0.078603933681167,0.18353643972323086,0.2650148279777327,0.01736054687981925
20000,9,8,CGGTCGCG,-0.2768133630028337,-0.5926131865513127,-0.22047093510627747,-0.3993769866076332,-0.605616091337706,-0.2062391047300728,0.3721422514450352,2.5316613525509215,0.005262764163089795
20000,9,8,CTATCGCA,0.17841563688548964,0.14745885174825046,0.11453352123498917,0.055852013280690144,0.13445594696185714,0.078603933681167,-0.0329253305132613,0.2650148279777327,0.01736054687981925
20000,10,4,TTTAGGCC,0.004360916067489921,0.0043598701703237985,0.0053311982192099094,0.0,0.0,0.0,0.0009713280488861109,7.759776916638206e-06,3.5761882521481714e-06
20000,10,4,TTTAGGCC,0.004360916067489921,0.0043598701703237985,0.005587220191955566,0.0,0.0,0.0,0.0012273500216317679,7.759776916638206e-06,3.5761882521481714e-06
20000,10,4,TTTAGGCC,0.004360916067489921,0.0043598701703237985,0.0050474535673856735,0.0,0.0,0.0,0.000687583397061875,7.759776916638206e-06,3.5761882521481714e-06
20000,10,4,TTTAGGCC,0.004360916067489921,0.0043598701703237985,0.0042105065658688545,0.0,0.0,0.0,-0.000149363604454944,7.759776916638206e-06,3.5761882521481714e-06
20000,11,1,CTATCGCA,0.005336985967005603,0.005336985967005603,0.005336985923349857,0.0,0.0,0.0,-4.3655745685100555e-11,0.0,0.0
20000,11,1,CTATCGCA,0.005336985967005603,0.005336985967005603,0.005336985923349857,0.0,0.0,0.0,-4.3655745685100555e-11,0.0,0.0
20000,11,1,CTATCGCA,0.005336985967005603,0.005336985967005603,0.005336985923349857,0.0,0.0,0.0,-4.3655745685100555e-11,0.0,0.0
20000,11,1,CTATCGCA,0.005336985967005603,0.005336985967005603,0.005336985923349857,0.0,0.0,0.0,-4.3655745685100555e-11,0.0,0.0
20000,12,3,CGATCTAT,0.18932567541141354,0.18883482269140797,0.12565933167934418,0.12951274969185056,0.13110990879876133,0.0015971591069107727,-0.0631754910120638,0.0052090235762835,0.003736465416266821
20000,12,3,CAATCTAT,-0.06969982397228758,-0.07338499490611472,-0.12791988253593445,-0.12951274969185056,-0.13110990879876133,-0.0015971591069107727,-0.05453488762981973,0.013817800991102192,0.002762288189620765
20000,12,3,CGATCTAT,0.18932567541141354,0.18883482269140797,0.23541021347045898,0.12951274969185056,0.13110990879876133,0.0015971591069107727,0.04657539077905101,0.0052090235762835,0.003736465416266821
20000,12,3,CAATCTAT,-0.06969982397228758,-0.07338499490611472,-0.04719625413417816,-0.12951274969185056,-0.13110990879876133,-0.0015971591069107727,0.02618874077193656,0.013817800991102192,0.002762288189620765
20000,13,4,CGGTCGCG,-0.3414741305524178,-0.9793441505037209,-0.7341676354408264,-0.3628413883544632,-0.6436830530320374,-0.2808416646775742,0.2451765150628945,2.551709069255172,0.00022898944995941584
20000,13,4,CTATCGCG,0.38420864615650857,0.30802195556035383,0.3612567186355591,0.3628413883544632,0.6436830530320374,0.2808416646775742,0.05323476307520525,0.32101878161422603,0.016272019229607082
20000,13,4,CTATCGCG,0.38420864615650857,0.30802195556035383,0.2664503753185272,0.3628413883544632,0.6436830530320374,0.2808416646775742,-0.04157158024182661,0.32101878161422603,0.016272019229607082
20000,13,4,CGGTCGCG,-0.3414741305524178,-0.9793441505037209,-0.9137673377990723,-0.3628413883544632,-0.6436830530320374,-0.2808416646775742,0.06557681270464866,2.551709069255172,0.00022898944995941584
20000,14,2,CTTTCGCA,-0.47548712480392874,-0.4736220585182309,-0.47362208366394043,-0.4572841522546157,-0.40741134225390857,0.049872810000707146,-2.514570951461792e-08,0.004223447453093776,0.007953580024489426
20000,14,2,CTTTCGCG,-0.14828690041041925,-0.15405512228608131,-0.15405511856079102,-0.13008392786110626,-0.08784440602175897,0.04223952183934729,3.725290298461914e-09,0.020514188902302166,0.008977745150978045
20000,14,2,TTTTCGCG,0.6992490354275153,0.5168894380331042,0.5168895721435547,0.7174520079768283,0.5831001542974266,-0.13435185367940172,1.341104505225843e-07,0.3978648137531311,0.0331456189643089
20000,14,2,CTTTCGCG,-0.14828690041041925,-0.15405512228608131,-0.04700148105621338,-0.13008392786110626,-0.08784440602175897,0.04223952183934729,0.10705364122986794,0.020514188902302166,0.008977745150978045
20000,15,5,CTATCGCA,0.020218839141242395,0.0202709360147157,0.012771489098668098,0.0,0.0,0.0,-0.007499446916047602,0.00020760590942503487,0.00046809027679156623
20000,15,5,CTATCGCA,0.020218839141242395,0.0202709360147157,0.0049967337399721146,0.0,0.0,0.0,-0.015274202274743586,0.00020760590942503487,0.00046809027679156623
20000,15,5,CTATCGCA,0.020218839141242395,0.0202709360147157,0.005315782502293587,0.0,0.0,0.0,-0.014955153512422114,0.00020760590942503487,0.00046809027679156623
20000,15,5,CTATCGCA,0.020218839141242395,0.0202709360147157,0.005377202294766903,0.0,0.0,0.0,-0.014893733719948798,0.00020760590942503487,0.00046809027679156623
20000,16,2,CTATCGCA,0.0008800877207889579,0.0008801389558357187,0.0007648066384717822,0.0,0.0,0.0,-0.00011533231736393645,4.457918922895487e-09,1.0692801244438499e-07
20000,16,2,CTATCGCA,0.0008800877207889579,0.0008801389558357187,0.0007158006774261594,0.0,0.0,0.0,-0.00016433827840955928,4.457918922895487e-09,1.0692801244438499e-07
20000,16,2,CTATCGCA,0.0008800877207889579,0.0008801389558357187,0.000880139006767422,0.0,0.0,0.0,5.093170329928398e-11,4.457918922895487e-09,1.0692801244438499e-07
20000,16,2,CTATCGCA,0.0008800877207889579,0.0008801389558357187,0.0009954713750630617,0.0,0.0,0.0,0.00011533241922734305,4.457918922895487e-09,1.0692801244438499e-07
20000,17,3,CTATCGCA,0.002306534463709505,0.002306711887538615,0.0020841951481997967,0.0,0.0,0.0,-0.00022251673933881833,1.3244225161024303e-10,5.324039295817595e-07
20000,17,3,CTATCGCA,0.002306534463709505,0.002306711887538615,0.0019587629940360785,0.0,0.0,0.0,-0.00034794889350253655,1.3244225161024303e-10,5.324039295817595e-07
20000,17,3,CTATCGCA,0.002306534463709505,0.002306711887538615,0.0030262689106166363,0.0,0.0,0.0,0.0007195570230780213,1.3244225161024303e-10,5.324039295817595e-07
20000,17,3,CTATCGCA,0.002306534463709505,0.002306711887538615,0.001897092442959547,0.0,0.0,0.0,-0.00040961944457906796,1.3244225161024303e-10,5.324039295817595e-07
20000,18,4,ATTACGGC,-0.03892952711810971,-0.04338187553873718,-0.07838121056556702,-0.01697656049424069,-0.020293706851167714,-0.0033171463569270226,-0.034999335026829836,0.11398702118122928,0.09617762749871939
20000,18,4,ATTACGCC,-0.004976406129628325,-0.0027944618364017515,-0.0191241055727005,0.01697656049424069,0.020293706851167714,0.0033171463569270226,-0.01632964373629875,0.02511422501030114,0.03384200218320743
20000,18,4,ATTACGGC,-0.03892952711810971,-0.04338187553873718,0.024662375450134277,-0.01697656049424069,-0.020293706851167714,-0.0033171463569270226,0.06804425098887146,0.11398702118122928,0.09617762749871939
20000,18,4,ATTACGCC,-0.004976406129628325,-0.0027944618364017515,0.026991307735443115,0.01697656049424069,0.020293706851167714,0.0033171463569270226,0.029785769571844867,0.02511422501030114,0.03384200218320743
20000,19,2,CTATCGCA,0.001149292226084564,0.0011494314276205841,0.0011494909413158894,0.0,0.0,0.0,5.951369530521333e-08,1.3412981836324889e-09,2.797443702240443e-07
20000,19,2,CTATCGCA,0.001149292226084564,0.0011494314276205841,0.0006415466777980328,0.0,0.0,0.0,-0.0005078847498225514,1.3412981836324889e-09,2.797443702240443e-07
20000,19,2,CTATCGCA,0.001149292226084564,0.0011494314276205841,0.0013111867010593414,0.0,0.0,0.0,0.00016175527343875729,1.3412981836324889e-09,2.797443702240443e-07
20000,19,2,CTATCGCA,0.001149292226084564,0.0011494314276205841,0.0008032424957491457,0.0,0.0,0.0,-0.0003461889318714384,1.3412981836324889e-09,2.797443702240443e-07
20000,20,3,CTATCGCA,0.0026057695824031057,0.0026062646318475804,0.0021129532251507044,0.0,0.0,0.0,-0.000493311406696876,8.928766559446188e-09,1.494077099983837e-06
20000,20,3,CTATCGCA,0.0026057695824031057,0.0026062646318475804,0.002859847852960229,0.0,0.0,0.0,0.0002535832211126485,8.928766559446188e-09,1.494077099983837e-06
20000,20,3,CTATCGCA,0.0026057695824031057,0.0026062646318475804,0.001830325578339398,0.0,0.0,0.0,-0.0007759390535081825,8.928766559446188e-09,1.494077099983837e-06
20000,20,3,CTATCGCA,0.0026057695824031057,0.0026062646318475804,0.003325030440464616,0.0,0.0,0.0,0.0007187658086170354,8.928766559446188e-09,1.494077099983837e-06
20000,21,2,TCTGCGCC,0.3705025794213419,0.3547709248960018,0.22243088483810425,0.3403944999337205,0.3377997023053467,-0.0025947976283737795,-0.13234004005789757,0.03268782774289569,0.001224518692215515
20000,21,2,TCTGCGCC,0.3705025794213419,0.3547709248960018,0.22243088483810425,0.3403944999337205,0.3377997023053467,-0.0025947976283737795,-0.13234004005789757,0.03268782774289569,0.001224518692215515
20000,21,2,TTTGCGCC,-0.3102864204460991,-0.32082847971469164,-0.32082849740982056,-0.3403944999337205,-0.3377997023053467,0.0025947976283737795,-1.7695128917694092e-08,0.02246512614179741,0.0013810076046123498
20000,21,2,TTTGCGCC,-0.3102864204460991,-0.32082847971469164,-0.44868355989456177,-0.3403944999337205,-0.3377997023053467,0.0025947976283737795,-0.12785508017987013,0.02246512614179741,0.0013810076046123498
20000,22,3,TTTAGGCC,0.0006492058961958721,0.000649271319416093,0.00045370764564722776,0.0,0.0,0.0,-0.0001955636737688652,6.459127649405261e-09,2.0272878831217866e-07
20000,22,3,TTTAGGCC,0.0006492058961958721,0.000649271319416093,0.0008680616738274693,0.0,0.0,0.0,0.0002187903544113764,6.459127649405261e-09,2.0272878831217866e-07
20000,22,3,TTTAGGCC,0.0006492058961958721,0.000649271319416093,0.0009299031808041036,0.0,0.0,0.0,0.00028063186138801066,6.459127649405261e-09,2.0272878831217866e-07
20000,22,3,TTTAGGCC,0.0006492058961958721,0.000649271319416093,0.0007394436397589743,0.0,0.0,0.0,9.017232034288136e-05,6.459127649405261e-09,2.0272878831217866e-07
20000,23,6,CGGTCGTG,-0.41717123311315446,-0.6474103469542989,-0.2580499053001404,-0.7514919424104363,-0.7450304137205025,0.006461528689933771,0.3893604416541585,1.400036997916045,0.018602314869178294
20000,23,6,CGATCGCG,0.44584452823231246,0.33506784084828095,-0.014722755178809166,0.11152381893503066,0.2374477740820773,0.12592395514704663,-0.3497905960270901,0.6984464128540986,0.03378628854990939
20000,23,6,CGATCGCG,0.44584452823231246,0.33506784084828095,0.1965058445930481,0.11152381893503066,0.2374477740820773,0.12592395514704663,-0.13856199625523286,0.6984464128540986,0.03378628854990939
20000,23,6,CGATATAG,0.8627650138376568,0.3677549323225516,0.6184356212615967,0.528444304540375,0.2701348655563479,-0.25830943898402714,0.2506806889390451,3.4057060729260145,0.43564558383538277
20000,24,4,CTATCGCA,0.0058087223610080365,0.0058149235806203015,0.0004693007213063538,0.0,0.0,0.0,-0.005345622859313948,6.857170095769805e-07,2.54905954586368e-05
20000,24,4,CTATCGCA,0.0058087223610080365,0.0058149235806203015,0.003835606388747692,0.0,0.0,0.0,-0.0019793171918726093,6.857170095769805e-07,2.54905954586368e-05
20000,24,4,CTATCGCA,0.0058087223610080365,0.0058149235806203015,0.009873923845589161,0.0,0.0,0.0,0.0040590002649688595,6.857170095769805e-07,2.54905954586368e-05
20000,24,4,CTATCGCA,0.0058087223610080365,0.0058149235806203015,0.006706892512738705,0.0,0.0,0.0,0.0008919689321184032,6.857170095769805e-07,2.54905954586368e-05
20000,25,5,CTATCGCA,0.017478619461428514,0.017663160964220916,0.015387721359729767,-0.006874670347116602,-0.005183343194641664,0.0016913271524749383,-0.0022754396044911487,0.0004223854147046846,0.0013450929286666913
20000,25,5,CTATCGCA,0.017478619461428514,0.017663160964220916,0.03198390081524849,-0.006874670347116602,-0.005183343194641664,0.0016913271524749383,0.014320739851027574,0.0004223854147046846,0.0013450929286666913
20000,25,5,CGATCGCG,0.031227960155661715,0.028029847353504243,-0.05144047737121582,0.006874670347116599,0.005183343194641664,-0.0016913271524749349,-0.07947032472472007,0.02839654176328743,0.012405977752500075
20000,25,5,CGATCGCG,0.031227960155661715,0.028029847353504243,0.03862762451171875,0.006874670347116599,0.005183343194641664,-0.0016913271524749349,0.010597777158214507,0.02839654176328743,0.012405977752500075
20000,26,6,TTTGGGCC,-0.07446922983405761,-0.07579904421580164,-0.00929325819015503,-0.1276270196366706,-0.12756661834699648,6.0401289674133496e-05,0.06650578602564661,0.009175988023732318,0.0011971017332681466
20000,26,6,TTTAGGCC,0.09833191545647317,0.09802722487239086,0.035065338015556335,0.04517412565386016,0.046259650741196014,0.0010855250873358507,-0.06296188685683453,0.003364768215506686,0.0015366247110129017
20000,26,6,TGTGGGCG,0.0904365581315633,0.08681489099579931,0.05199536681175232,0.037278768328950294,0.03504731686460446,-0.002231451464345835,-0.03481952418404699,0.03223849858576777,0.010508495771183846
20000,26,6,TTTAGGCC,0.09833191545647317,0.09802722487239086,0.12220418453216553,0.04517412565386016,0.046259650741196014,0.0010855250873358507,0.024176959659774663,0.003364768215506686,0.0015366247110129017
20000,27,4,CTATCGCA,0.15279076821048673,0.1482302343209766,0.10900542885065079,0.1508544256049921,0.33789977033314733,0.18704534472815523,-0.03922480547032581,0.021026426791901143,0.002784291233860592
20000,27,4,CTATCGCA,0.15279076821048673,0.1482302343209766,0.13058912754058838,0.1508544256049921,0.33789977033314733,0.18704534472815523,-0.017641106780388216,0.021026426791901143,0.002784291233860592
20000,27,4,CTATCGCA,0.15279076821048673,0.1482302343209766,0.2086581140756607,0.1508544256049921,0.33789977033314733,0.18704534472815523,0.06042787975468411,0.021026426791901143,0.002784291233860592
20000,27,4,CGGTCGCG,-0.45062693420948163,-1.2033688470116128,-1.1340641975402832,-0.45256327681497627,-1.013699310999442,-0.5611360341844658,0.06930464947132964,3.012369697419629,0.0014020462111038468
20000,28,3,CTATCGCA,0.0004420240300233765,0.00044203309948898095,0.0003512969706207514,0.0,0.0,0.0,-9.073612886822957e-05,1.295600710049527e-09,2.8503997523410263e-08
20000,28,3,CTATCGCA,0.0004420240300233765,0.00044203309948898095,0.0006118635646998882,0.0,0.0,0.0,0.00016983046521090728,1.295600710049527e-09,2.8503997523410263e-08
20000,28,3,CTATCGCA,0.0004420240300233765,0.00044203309948898095,0.0002769454731605947,0.0,0.0,0.0,-0.00016508762632838625,1.295600710049527e-09,2.8503997523410263e-08
20000,28,3,CTATCGCA,0.0004420240300233765,0.00044203309948898095,0.0003745980211533606,0.0,0.0,0.0,-6.743507833562035e-05,1.295600710049527e-09,2.8503997523410263e-08
20000,29,4,CTATCGCA,0.009472657970310642,0.009478246703736204,0.01243567280471325,0.0,0.0,0.0,0.0029574261009770453,2.567102957409112e-05,4.802596327634079e-05
20000,29,4,CTATCGCA,0.009472657970310642,0.009478246703736204,0.014508862048387527,0.0,0.0,0.0,0.0050306153446513235,2.567102957409112e-05,4.802596327634079e-05
20000,29,4,CTATCGCA,0.009472657970310642,0.009478246703736204,0.010138644836843014,0.0,0.0,0.0,0.0006603981331068098,2.567102957409112e-05,4.802596327634079e-05
20000,29,4,CTATCGCA,0.009472657970310642,0.009478246703736204,0.013269232586026192,0.0,0.0,0.0,0.003790985882289988,2.567102957409112e-05,4.802596327634079e-05
20000,30,6,TTTGGGCC,-0.3374148849047393,-0.5551745112593873,-1.2475216388702393,-0.4174972788326141,-0.5388265313677439,-0.12132925253512983,-0.6923471276108519,1.3090853532459321,0.0025275951180439016
20000,30,6,CTATCGCA,0.2192481535387462,0.1632608638976046,0.0018499684520065784,0.13916575961087138,0.17960884378924796,0.04044308417837658,-0.16141089544559803,0.3477859160897094,0.011862178242859844
20000,30,6,CTATCGCA,0.2192481535387462,0.1632608638976046,0.18371611833572388,0.13916575961087138,0.17960884378924796,0.04044308417837658,0.02045525443811927,0.3477859160897094,0.011862178242859844
20000,30,6,CTATCGCA,0.2192481535387462,0.1632608638976046,0.0010534361936151981,0.13916575961087138,0.17960884378924796,0.04044308417837658,-0.1622074277039894,0.3477859160897094,0.011862178242859844
20000,31,2,CGATATGC,0.3172115545100729,0.3158710370917106,0.29749810695648193,0.13306500005175853,0.13352900118479738,0.0004640011330388494,-0.01837293013522867,0.004216499950103092,0.0015354651133785424
20000,31,2,CGATATGC,0.3172115545100729,0.3158710370917106,0.31587105989456177,0.13306500005175853,0.13352900118479738,0.0004640011330388494,2.2802851162850857e-08,0.004216499950103092,0.0015354651133785424
20000,31,2,CGATATGC,0.3172115545100729,0.3158710370917106,0.4095866084098816,0.13306500005175853,0.13352900118479738,0.0004640011330388494,0.09371557131817099,0.004216499950103092,0.0015354651133785424
20000,31,2,CGATCTGC,-0.2150484456969613,-0.21824496764747892,-0.2951926589012146,-0.39919500015527565,-0.40058700355439214,-0.0013920033991164926,-0.07694769125373568,0.006652363842251652,0.0002593199412164182
