step,context,hidden,y,order,delta_y,log_rho,delta_tau,share
0,0,5,CTCTTTGG,4 1 0 2 7,17.07910640695361,0.0,17.07910640695361,0.0
0,0,5,CATTTTGC,0 4 7 1 2,12.731233800507756,0.0,12.731233800507756,0.0
0,0,5,TTTTATGG,2 1 7 0 4,14.374654650960043,0.0,14.374654650960043,0.0
0,0,5,ATTTTTGG,7 4 0 2 1,14.84809119958788,0.0,14.84809119958788,0.0
0,1,4,AACGTCGT,3 5 2 0,5.586164409598044,0.0,5.586164409598044,0.0
0,1,4,TAGATAGT,5 3 0 2,4.345117417304879,0.0,4.345117417304879,0.0
0,1,4,AAGCTGGT,0 2 3 5,10.6261177551578,0.0,10.6261177551578,0.0
0,1,4,CATCTTGT,2 3 0 5,1.2980227818398093,0.0,1.2980227818398093,0.0
0,2,4,AGATCGGG,5 6 0 3,3.512407304734989,0.0,3.512407304734989,0.0
0,2,4,TGAGCTAG,5 6 3 0,9.98616057334802,0.0,9.98616057334802,0.0
0,2,4,GGAACGAG,5 3 6 0,10.680673750652627,0.0,10.680673750652627,0.0
0,2,4,AGACCCGG,3 0 6 5,14.97148151037096,0.0,14.97148151037096,0.0
0,3,4,CAGACGAG,7 2 1 5,2.303487863686274,0.0,2.303487863686274,0.0
0,3,4,CTAACGAG,5 2 1 7,-1.9169876050382912,0.0,-1.9169876050382912,0.0
0,3,4,CAAACCAA,5 2 1 7,8.927638130010397,0.0,8.927638130010397,0.0
0,3,4,CACACAAT,7 2 1 5,2.3985521973382964,0.0,2.3985521973382964,0.0
0,4,7,ATCCTGCG,5 0 2 6 1 7 4,4.753419221119918,0.0,4.753419221119918,0.0
0,4,7,CCTCAGAT,0 4 5 6 1 7 2,0.34840520378118534,0.0,0.34840520378118534,0.0
0,4,7,TCACTTGT,0 6 5 2 7 4 1,1.2264856504642694,0.0,1.2264856504642694,0.0
0,4,7,TTCCTCGC,2 1 0 4 6 5 7,12.536984159735013,0.0,12.536984159735013,0.0
0,5,5,TACTTATT,1 2 7 5 3,10.871670086114715,0.0,10.871670086114715,0.0
0,5,5,TATCTTTC,5 3 1 7 2,4.2365353890824595,0.0,4.2365353890824595,0.0
0,5,5,TGCTTTTG,5 7 1 2 3,6.527244024212907,0.0,6.527244024212907,0.0
0,5,5,TCTTTTTT,1 5 7 2 3,9.832959487573135,0.0,9.832959487573135,0.0
0,6,4,TCACTTTA,3 4 6 7,-4.155094964751151,0.0,-4.155094964751151,0.0
0,6,4,TCAATTCC,7 3 4 6,-0.11207770779784454,0.0,-0.11207770779784454,0.0
0,6,4,TCATCTGA,3 4 6 7,0.6384164246039532,0.0,0.6384164246039532,0.0
0,6,4,TCACATTG,3 7 6 4,1.6363761574982458,0.0,1.6363761574982458,0.0
0,7,2,ACTTACAA,3 7,5.876385182810004,0.0,5.876385182810004,0.0
0,7,2,ACTCACAT,7 3,6.891154997231008,0.0,6.891154997231008,0.0
0,7,2,ACTTACAC,7 3,1.8898750490407772,0.0,1.8898750490407772,0.0
0,7,2,ACTAACAT,7 3,3.034799401685793,0.0,3.034799401685793,0.0
0,8,3,AGACTAAT,5 7 4,5.085699757996093,0.0,5.085699757996093,0.0
0,8,3,AGACGCAG,4 7 5,4.5022882144054,0.0,4.5022882144054,0.0
0,8,3,AGACAAAC,7 5 4,5.984575123435742,0.0,5.984575123435742,0.0
0,8,3,AGACAGAA,5 7 4,6.3275011237608565,0.0,6.3275011237608565,0.0
0,9,4,TTCACGTG,2 5 6 1,3.7118688788391587,0.0,3.7118688788391587,0.0
0,9,4,TAGACAGG,5 1 2 6,10.375429404546347,0.0,10.375429404546347,0.0
0,9,4,TCGACGTG,5 2 1 6,3.7779375149225167,0.0,3.7779375149225167,0.0
0,9,4,TCAACCCG,6 2 1 5,1.1845170759075003,0.0,1.1845170759075003,0.0
0,10,4,TTAGTCTC,7 3 4 1,6.2448782735621196,0.0,6.2448782735621196,0.0
0,10,4,TCATGCTT,1 3 4 7,11.672477798360994,0.0,11.672477798360994,0.0
0,10,4,TCAAACTT,4 7 1 3,9.684011593684962,0.0,9.684011593684962,0.0
0,10,4,TAAATCTC,1 3 4 7,8.802131331061268,0.0,8.802131331061268,0.0
0,11,7,TACCTGTC,5 6 0 1 2 7 4,9.225994180479104,0.0,9.225994180479104,0.0
0,11,7,TTCCTGTC,0 7 6 2 1 5 4,13.11451639372336,0.0,13.11451639372336,0.0
0,11,7,TGTCAGAC,0 1 7 2 6 4 5,7.312875551006332,0.0,7.312875551006332,0.0
0,11,7,GATCGGGA,6 5 0 4 2 7 1,1.9901203341787834,0.0,1.9901203341787834,0.0
0,12,1,CTCAACGT,0,5.44483956071214,0.0,5.44483956071214,0.0
0,12,1,CTCAACGT,0,5.44483956071214,0.0,5.44483956071214,0.0
0,12,1,GTCAACGT,0,10.317251935771823,0.0,10.317251935771823,0.0
0,12,1,TTCAACGT,0,9.452809410276275,0.0,9.452809410276275,0.0
0,13,6,ATCGTAAT,6 1 3 2 7 4,6.530085341119332,0.0,6.530085341119332,0.0
0,13,6,ACGGGATC,7 2 1 3 6 4,0.8620321040983088,0.0,0.8620321040983088,0.0
0,13,6,ATAAAACC,1 7 6 4 2 3,6.246072455966734,0.0,6.246072455966734,0.0
0,13,6,AGCGGAAG,3 7 6 2 1 4,10.882737049216269,0.0,10.882737049216269,0.0
0,14,5,CACCTTCA,2 4 7 1 0,3.1474908392983307,0.0,3.1474908392983307,0.0
0,14,5,TCGCTTCT,4 2 1 7 0,7.461029910550578,0.0,7.461029910550578,0.0
0,14,5,TTACTTCT,1 7 0 2 4,3.1733151272481424,0.0,3.1733151272481424,0.0
0,14,5,TTTCATCT,2 4 0 1 7,4.154479897774301,0.0,4.154479897774301,0.0
0,15,6,GACAGCCA,1 4 2 6 0 7,3.9725822610912775,0.0,3.9725822610912775,0.0
0,15,6,CTCAGCTA,6 0 7 2 1 4,6.046742036643577,0.0,6.046742036643577,0.0
0,15,6,CTGACCCA,4 0 1 2 7 6,7.362793660423677,0.0,7.362793660423677,0.0
0,15,6,AATAACGT,1 2 6 4 7 0,14.47714114510686,0.0,14.47714114510686,0.0
0,16,2,TAACTTCG,5 7,3.2345313447772304,0.0,3.2345313447772304,0.0
0,16,2,TAACTGCA,5 7,3.015936398186612,0.0,3.015936398186612,0.0
0,16,2,TAACTACA,5 7,4.9901042632887025,0.0,4.9901042632887025,0.0
0,16,2,TAACTCCG,5 7,0.6922781327527976,0.0,0.6922781327527976,0.0
0,17,3,GCGCGTGC,4 2 3,8.989450386284446,0.0,8.989450386284446,0.0
0,17,3,GCCCCTGC,4 3 2,6.999963672990463,0.0,6.999963672990463,0.0
0,17,3,GCGCCTGC,3 2 4,8.155686392459739,0.0,8.155686392459739,0.0
0,17,3,GCGAGTGC,4 3 2,7.611185908035925,0.0,7.611185908035925,0.0
0,18,3,CACAGGAG,4 1 5,-2.1126071907817146,0.0,-2.1126071907817146,0.0
0,18,3,CCCAGAAG,5 4 1,3.3164294350146264,0.0,3.3164294350146264,0.0
0,18,3,CTCAGGAG,1 5 4,4.0480636756932435,0.0,4.0480636756932435,0.0
0,18,3,CACAAAAG,1 5 4,0.3280553121162417,0.0,0.3280553121162417,0.0
0,19,2,AGAGGACC,0 2,9.99024798600849,0.0,9.99024798600849,0.0
0,19,2,AGGGGACC,2 0,5.0819567250414694,0.0,5.0819567250414694,0.0
0,19,2,TGCGGACC,0 2,2.1933926496740024,0.0,2.1933926496740024,0.0
0,19,2,AGTGGACC,0 2,5.941022988216024,0.0,5.941022988216024,0.0
0,20,3,GTCGTGGT,1 2 4,10.681629578131579,0.0,10.681629578131579,0.0
0,20,3,GAAGTGGT,1 4 2,6.490294654481922,0.0,6.490294654481922,0.0
0,20,3,GCGGAGGT,4 2 1,6.922140859381978,0.0,6.922140859381978,0.0
0,20,3,GGAGCGGT,1 4 2,5.769576191627184,0.0,5.769576191627184,0.0
0,21,5,GGGCGGAC,7 4 1 0 5,9.577615541369745,0.0,9.577615541369745,0.0
0,21,5,TAGCTCAC,4 7 1 5 0,5.379253304831544,0.0,5.379253304831544,0.0
0,21,5,ATGCGGAA,4 0 1 7 5,4.6882896646780985,0.0,4.6882896646780985,0.0
0,21,5,ACGCCGAA,7 1 5 4 0,6.941181906320741,0.0,6.941181906320741,0.0
0,22,2,CTTGCCGG,1 3,1.4480266139294184,0.0,1.4480266139294184,0.0
0,22,2,CGTCCCGG,3 1,6.152219963457351,0.0,6.152219963457351,0.0
0,22,2,CCTCCCGG,3 1,5.38515129371101,0.0,5.38515129371101,0.0
0,22,2,CATTCCGG,3 1,2.883635609917325,0.0,2.883635609917325,0.0
0,23,6,AATCGAAG,0 5 7 3 4 6,13.285633686423477,0.0,13.285633686423477,0.0
0,23,6,AATGCCCA,5 6 3 4 7 0,15.094566293638762,0.0,15.094566293638762,0.0
0,23,6,AATTCTCA,4 3 0 5 6 7,10.423779745269632,0.0,10.423779745269632,0.0
0,23,6,AATTTCAC,5 7 6 3 4 0,16.462823312371192,0.0,16.462823312371192,0.0
0,24,2,TAATAGTG,2 5,1.109074351673427,0.0,1.109074351673427,0.0
0,24,2,TAATAATG,5 2,7.237162506793284,0.0,7.237162506793284,0.0
0,24,2,TAATATTG,2 5,0.8237412484099611,0.0,0.8237412484099611,0.0
0,24,2,TAATATTG,5 2,0.8237412484099611,0.0,0.8237412484099611,0.0
0,25,4,ATAGGCTA,1 7 0 2,1.5887092292144152,0.0,1.5887092292144152,0.0
0,25,4,TATGGCTG,7 1 0 2,0.01773011364610788,0.0,0.01773011364610788,0.0
0,25,4,CGGGGCTG,2 0 7 1,9.693434892482394,0.0,9.693434892482394,0.0
0,25,4,AATGGCTG,1 7 2 0,8.738626481262191,0.0,8.738626481262191,0.0
0,26,5,TTTTCATA,7 3 4 2 0,0.6888115118384617,0.0,0.6888115118384617,0.0
0,26,5,ATCATATG,3 4 7 0 2,5.049176618424567,0.0,5.049176618424567,0.0
0,26,5,TTGCAATG,4 7 3 2 0,11.004965324099528,0.0,11.004965324099528,0.0
0,26,5,CTCCGATC,0 4 3 7 2,7.569936502285091,0.0,7.569936502285091,0.0
0,27,2,TCTTTTAA,2 7,6.737739993953552,0.0,6.737739993953552,0.0
0,27,2,TCCTTTAG,7 2,8.735600596125206,0.0,8.735600596125206,0.0
0,27,2,TCTTTTAC,7 2,6.665615863921317,0.0,6.665615863921317,0.0
0,27,2,TCGTTTAA,7 2,9.692371712243695,0.0,9.692371712243695,0.0
0,28,2,TACGTGCA,0 5,2.094542524973633,0.0,2.094542524973633,0.0
0,28,2,TACGTCCA,0 5,3.478309446522326,0.0,3.478309446522326,0.0
0,28,2,CACGTGCA,0 5,-2.264391429332825,0.0,-2.264391429332825,0.0
0,28,2,CACGTTCA,0 5,4.164510674603088,0.0,4.164510674603088,0.0
0,29,4,TCCACTTT,5 7 4 1,8.165307793619423,0.0,8.165307793619423,0.0
0,29,4,TACAGCTC,7 4 1 5,6.138582234849964,0.0,6.138582234849964,0.0
0,29,4,TTCATATT,1 7 4 5,11.949799721938044,0.0,11.949799721938044,0.0
0,29,4,TCCATGTT,5 1 4 7,13.18094236618387,0.0,13.18094236618387,0.0
0,30,5,GATAAAGT,2 3 5 0 1,9.993162033092212,0.0,9.993162033092212,0.0
0,30,5,ACACAGGT,0 2 1 3 5,8.867690699658509,0.0,8.867690699658509,0.0
0,30,5,CGTGACGT,2 3 1 0 5,10.649153336779122,0.0,10.649153336779122,0.0
0,30,5,TATTAGGT,1 2 0 5 3,6.0109277041734686,0.0,6.0109277041734686,0.0
0,31,4,CTATCCGG,4 3 6 7,-0.24977189829308166,0.0,-0.24977189829308166,0.0
0,31,4,CTACCCCT,3 6 7 4,2.1704371151864246,0.0,2.1704371151864246,0.0
0,31,4,CTAACCGG,4 7 3 6,11.802651870872744,0.0,11.802651870872744,0.0
0,31,4,CTATCCTG,7 6 4 3,-1.4968337396007296,0.0,-1.4968337396007296,0.0
250,0,5,CTATCTCA,2 4 1 3 5,0.32135907341775427,0.002748612482725399,0.32410768590047967,0.00848055323059937
250,0,5,CTATAGCA,1 3 5 2 4,1.5024144518463842,0.5524505077089543,2.0548649595553385,0.26885003082076087
250,0,5,CGATCGCA,1 5 4 2 3,0.34325341059076697,0.38723848927589444,0.7304918998666614,0.530106479410077
250,0,5,CGATATCA,2 4 1 3 5,0.19457879065583095,0.22370094955385422,0.41827974020968517,0.534811821011728
250,1,5,CGATATCA,0 6 7 4 1,0.6819928177774259,-0.049238086190533714,0.6327547315868922,-0.06733589338654536
250,1,5,CGATATCA,0 7 4 1 6,0.6819928177774259,0.42876509532659046,1.1107579131040164,0.38601129037055887
250,1,5,CGATCTAT,1 0 7 4 6,0.37100355403765173,0.10826455743477315,0.4792681114724249,0.22589559965122413
250,1,5,CGATATAC,7 4 1 6 0,0.4966131704952761,0.04625466702604708,0.5428678375213232,0.0852042869904413
250,2,6,ATATCGTA,0 7 1 6 4 2,-0.17869949212142755,-0.032988985794997205,-0.21168847791642476,-0.15583741788734176
250,2,6,CGATCGCC,0 6 2 1 4 7,0.9792927113294505,1.1954076967079397,2.17470040803739,0.5496884500917364
250,2,6,ATATCGAA,6 0 1 2 7 4,1.43646243460224,-0.25240869560887536,1.1840537389933647,-0.14945408864755907
250,2,6,CAATCGCA,0 1 4 6 2 7,2.588767780248113,0.604607938701327,3.19337571894944,0.1893319145359543
250,3,2,CGATATAT,2 0,-0.10771464904615236,-0.008354910726269371,-0.11606955977242173,-0.07198192827344994
250,3,2,CGATATAT,2 0,-0.10771464904615236,-0.008354910726269371,-0.11606955977242173,-0.07198192827344994
250,3,2,CGATATAT,2 0,-0.10771464904615236,-0.008354910726269371,-0.11606955977242173,-0.07198192827344994
250,3,2,CGATATAT,2 0,-0.10771464904615236,-0.008354910726269371,-0.11606955977242173,-0.07198192827344994
250,4,5,CGGTATTA,1 3 5 2 7,-0.4047942505626656,0.12294283593755662,-0.281851414625109,0.23296228194397486
250,4,5,CGATATTA,1 5 3 2 7,-0.056405875122953475,0.0930642859691444,0.036658410846190925,0.6226278562167448
250,4,5,CGATATTT,7 1 2 5 3,1.5622305841696034,-0.6715026107645441,0.8907279734050593,-0.30061898721272334
250,4,5,CAATATTA,7 5 1 3 2,2.2510759784657943,-0.20154031663472605,2.0495356618310683,-0.08217360254734259
250,5,5,CGATCGAT,3 1 4 6 5,1.9662020139842071,-0.12322025175091778,1.8429817622332894,-0.058973360134824154
250,5,5,CGATATAT,1 3 5 6 4,-0.20408165739056183,0.1472615562795756,-0.05682010111098623,0.41913875250721017
250,5,5,CGATCCAT,1 3 6 4 5,0.9382648623716117,0.5381794737564833,1.476444336128095,0.36451050716062444
250,5,5,CGATATAT,1 6 5 4 3,-0.20408165739056183,0.17405997267431594,-0.03002168471624589,0.46030365036627274
250,6,3,CGATCGGG,0 7 6,0.056448413906747597,0.179757836500543,0.2362062504072906,0.7610206596590329
250,6,3,CGATCGCG,6 7 0,-1.480310946768725,0.04858744203673471,-1.4317235047319903,0.03177937944894851
250,6,3,CGATCGAA,0 6 7,2.131035317161594,0.11718068868221954,2.2482160058438136,0.05212163260897993
250,6,3,CGATCGCA,7 0 6,-0.35254478616085727,0.05542893730743481,-0.29711584885342246,0.13586398858293816
250,7,4,CTATATCT,2 6 5 4,0.8099675140004936,0.0491443467025765,0.8591118607030701,0.05720366456395831
250,7,4,CTATCGCT,5 2 6 4,-0.578425188607353,0.016356202696333533,-0.5620689859110195,0.027499519883234375
250,7,4,CTATATAT,2 6 5 4,-0.05682039794546334,0.00013805963599633486,-0.056682338309467006,0.002423865425058036
250,7,4,CTATCTAT,2 6 5 4,0.0855665728900088,0.12082185070026918,0.20638842359027798,0.5854100176670982
250,8,3,CAATATCG,4 0 7,0.18484301817916715,0.05274376256876612,0.23758678074793327,0.22199788390047004
250,8,3,CAATATCT,4 7 0,0.043779638858469916,-0.06785926836936751,-0.024079629510897593,-0.6078460462791653
250,8,3,CAATATCT,7 4 0,0.043779638858469916,0.09422063958437166,0.13800027844284157,0.6827568802580132
250,8,3,CAATCTCT,7 0 4,-1.4415013306568674,0.2831637055630214,-1.158337625093846,0.1641847544979853
250,9,4,CTATCTCT,2 1 4 7,0.26705884479173037,0.32302710685617964,0.59008595164791,0.5474238218247265
250,9,4,CGATATCT,1 2 4 7,-0.1604343935150434,0.12345499475097643,-0.03697939876406697,0.43487005803574585
250,9,4,CTATCTCA,2 7 1 4,0.6719658020546384,0.3316857746774695,1.003651576732108,0.33047900523151597
250,9,4,CGATATCA,1 4 7 2,0.5353670674666295,-0.04666279375263915,0.4887042737139904,-0.0801725080821237
250,10,6,CGATATAT,7 4 0 5 3 6,-0.4134292280486147,0.1263531851535804,-0.2870760428950343,0.23408170044667653
250,10,6,CGATCGCT,7 4 3 0 5 6,0.6888497596482654,-0.1808174407276546,0.5080323189206108,-0.20791567239686046
250,10,6,TGATCCTA,6 4 3 5 0 7,-0.012999662673718326,0.29731623218445424,0.2843165695107359,0.9581082925846911
250,10,6,CGATATCG,6 3 4 5 0 7,-0.3087168916413403,0.2679854399428727,-0.04073145169846759,0.46468589646015696
250,11,5,CAATATCT,6 2 5 7 1,0.9420727110052756,0.4211646920017218,1.3632374030069974,0.30894449570759025
250,11,5,CGATATCG,2 5 1 7 6,0.06183902159949417,0.12885851261186954,0.1906975342113637,0.6757219653875882
250,11,5,CGATATTA,5 6 1 2 7,0.5016164588937966,-0.5964044036590241,-0.09478794476522756,-0.5431630891533574
250,11,5,CGATATCT,1 7 2 5 6,0.2825795563319127,0.004637488889561503,0.2872170452214742,0.01614628716058797
250,12,5,TTATATCT,7 4 0 5 3,2.0794709672719414,0.19502301870669392,2.2744939859786353,0.08574347521204033
250,12,5,ATATCGCA,5 3 7 4 0,0.5989582944637806,0.17612862527221562,0.7750869197359962,0.22723725660627472
250,12,5,CTATCGCA,5 7 0 3 4,0.7010390820171879,-0.12270455470873198,0.5783345273084559,-0.14895963894354047
250,12,5,ATATCGCC,5 0 4 3 7,-0.9928285238963124,0.48660197080568945,-0.5062265530906229,0.3289116809125288
250,13,3,CGATCTAG,1 7 0,0.6013566279357674,0.002221145030737226,0.6035777729665046,0.003679964919550621
250,13,3,CGATCTAT,0 1 7,-0.34086931698336953,0.012165204915771888,-0.32870411206759764,0.03445896693141916
250,13,3,CGATCTAT,7 0 1,-0.34086931698336953,-0.03800593566559751,-0.37887525264896704,-0.10031253136717937
250,13,3,CGATCTAT,1 7 0,-0.34086931698336953,0.005994477603207038,-0.3348748393801625,0.017281935147921087
250,14,3,CGATATCC,2 3 5,-0.05027266427535229,0.022638904652177105,-0.027633759623175186,0.31049811415632944
250,14,3,CGATATCC,5 2 3,-0.05027266427535229,-0.05510675928127884,-0.10537942355663113,-0.5229366172387947
250,14,3,CGATATCC,2 3 5,-0.05027266427535229,0.022638904652177105,-0.027633759623175186,0.31049811415632944
250,14,3,CGATATCC,2 5 3,-0.05027266427535229,-0.010448935651601543,-0.060721599926953834,-0.1720793863167519
250,15,3,CGATATTG,0 7 1,-0.2801022797393511,-0.16201308671647796,-0.44211536645582905,-0.3664497979684323
250,15,3,CGATATTA,0 1 7,-0.46288590881790115,-0.06011202740764987,-0.522997936225551,-0.11493740843697253
250,15,3,CGATATTG,7 1 0,-0.2801022797393511,-0.19750105891639436,-0.47760333865574545,-0.41352528956827983
250,15,3,GGATATTA,7 1 0,1.4864230293778604,0.2847488331819088,1.7711718625597692,0.16076860704549487
250,16,5,CACTGTAT,6 4 3 5 7,0.8965132306253647,-0.4869041563692935,0.4096090742560712,-0.35195752268738373
250,16,5,CACTCTCA,4 5 6 7 3,4.581922925527445,-0.25113461536003534,4.33078831016741,-0.051961850906066434
250,16,5,CACGGTAT,7 6 5 4 3,1.0130890336978315,0.23549653941441306,1.2485855731122446,0.18861065231389032
250,16,5,CACTATCT,4 3 5 7 6,0.6349078256812084,0.16100293991159997,0.7959107655928084,0.2022876770509344
250,17,3,CAATATCT,1 2 7,0.7346217828205086,-0.10183603027168697,0.6327857525488216,-0.12174676197383126
250,17,3,CGATATCG,2 1 7,-0.26492014310683,0.008382607608574233,-0.25653753549825575,0.030671508379010847
250,17,3,CGATATCT,1 2 7,-0.12508000737409297,0.14320744367038563,0.018127436296292654,0.5337836082636742
250,17,3,CGATATCT,2 7 1,-0.12508000737409297,-0.03861823885048077,-0.16369824622457374,-0.23591113369352365
250,18,4,CGATATCA,5 1 7 3,0.6139934722171383,-0.035893869895162744,0.5780996023219755,-0.05523091091218739
250,18,4,CGATATCA,5 1 7 3,0.6139934722171383,-0.035893869895162744,0.5780996023219755,-0.05523091091218739
250,18,4,CGATATCT,7 3 1 5,0.06224971995271744,0.06898058722125189,0.13123030717396933,0.5256452469459341
250,18,4,CTATATCA,5 3 1 7,-0.42353740971120013,0.004580745732499114,-0.418956663978701,0.01069972313543128
250,19,2,GTATATCT,5 2,0.5983145943264642,-0.0213676732207716,0.5769469211056926,-0.034481659940580486
250,19,2,GTATACCT,5 2,-0.7826759379469646,0.01563989259124443,-0.7670360453557201,0.01959110917379694
250,19,2,GTATATCT,2 5,0.5983145943264642,0.01995914017902012,0.6182737345054843,0.03228204444910489
250,19,2,GTATATCT,5 2,0.5983145943264642,-0.0213676732207716,0.5769469211056926,-0.034481659940580486
250,20,3,CAATATAT,4 6 5,-0.2361121205889698,-0.051228354840016976,-0.2873404754289868,-0.17828450643277902
250,20,3,CAATATAT,4 6 5,-0.2361121205889698,-0.051228354840016976,-0.2873404754289868,-0.17828450643277902
250,20,3,CAATATAT,6 4 5,-0.2361121205889698,0.0028507605507606115,-0.2332613600382092,0.01192972120675791
250,20,3,CAATATCT,5 4 6,1.1226365314565268,0.17127144940094485,1.2939079808574716,0.13236756549522433
250,21,2,CGATATCA,4 0,-0.14509735211804553,-0.01606198298832251,-0.16115933510636804,-0.09966523489142788
250,21,2,CGATATCA,0 4,-0.14509735211804553,0.016830601812397705,-0.12826675030564783,0.10393882837318721
250,21,2,CGATATCA,4 0,-0.14509735211804553,-0.01606198298832251,-0.16115933510636804,-0.09966523489142788
250,21,2,CGATATCA,4 0,-0.14509735211804553,-0.01606198298832251,-0.16115933510636804,-0.09966523489142788
250,22,4,CAATATAT,2 1 7 4,-0.7032227264369681,-0.14420077779917895,-0.8474235042361471,-0.17016376944743708
250,22,4,CGATATAT,7 2 1 4,-0.2099683956733276,0.04970822227015681,-0.16026017340317078,0.19142355851605872
250,22,4,CAATATAT,7 1 4 2,-0.7032227264369681,0.0646674724516374,-0.6385552539853308,0.08421447824862578
250,22,4,CGATATAT,1 4 2 7,-0.2099683956733276,0.004020919323112437,-0.20594747635021515,0.018790280828644788
250,23,3,ATATACGT,5 7 2,0.3649622940866859,0.2318047593896555,0.5967670534763414,0.3884342442152687
250,23,3,ATATACGG,2 7 5,0.774744502834618,-0.015913556124168782,0.7588309467104493,-0.02012697643925271
250,23,3,ATATAGGG,7 5 2,-0.08508977614125968,-0.28193691192226034,-0.36702668806352,-0.7681646078921283
250,23,3,ATATATGC,7 2 5,-0.6568616106417444,0.16593465573109167,-0.49092695491065275,0.2016716197104147
250,24,2,CGATATCG,2 1,-0.024883322878321512,-0.08730887015528077,-0.11219219303360228,-0.778208071297182
250,24,2,CGGTATCG,1 2,0.04618754896185662,-0.003974237918178414,0.0422133110436782,-0.07922839606338279
250,24,2,CGATATCG,2 1,-0.024883322878321512,-0.08730887015528077,-0.11219219303360228,-0.778208071297182
250,24,2,CGATATCG,1 2,-0.024883322878321512,0.08291570703321105,0.05803238415488954,0.7691693246336028
250,25,3,CGATCGAT,2 5 7,0.7197598753547232,-0.009303095122226601,0.7104567802324966,-0.012760345126485518
250,25,3,CGATCTAT,2 5 7,-0.5022052451649806,-0.040244864168992533,-0.5424501093339731,-0.07419090433663231
250,25,3,CGATCTAT,2 5 7,-0.5022052451649806,-0.040244864168992533,-0.5424501093339731,-0.07419090433663231
250,25,3,CGATCCAT,2 5 7,-0.04922984956647847,-0.3683458624144049,-0.4175757119808834,-0.8821055723453278
250,26,6,CGATATCG,7 2 3 6 1 4,-0.12154666780867895,-0.37770791564963613,-0.4992545834583151,-0.7565437116936806
250,26,6,CGATCTTG,2 3 1 7 6 4,1.137816404962055,0.8007967409607675,1.9386131459228224,0.4130771230170167
250,26,6,CTATGTAT,3 2 1 7 6 4,3.7724083910340696,0.9593293284040243,4.731737719438094,0.20274355538834624
250,26,6,CAGTATCA,7 4 3 2 1 6,0.7498433485522478,0.9602830136235907,1.7101263621758385,0.5615275191722076
250,27,6,CGATATCT,6 2 1 3 5 7,0.2994629317219508,0.16093915637143397,0.4604020880933848,0.34956217735222384
250,27,6,CGGTATAC,3 1 2 5 6 7,0.4449155799893836,0.005112567368619203,0.4500281473580028,0.011360550220322318
250,27,6,CGATATCG,5 2 6 7 3 1,0.03326223006436013,-0.08612949451467689,-0.05286726445031675,-0.7214025496185825
250,27,6,CGATATAT,5 7 3 6 1 2,-0.14339695887741466,-0.18710402640386103,-0.3305009852812757,-0.5661224466384709
250,28,5,CGATCCTA,3 7 5 4 2,1.6842478837085264,-0.22806453008203587,1.4561833536264905,-0.11926112513695873
250,28,5,CGATATTA,7 2 3 4 5,-0.3267738838491798,0.093177647637126,-0.23359623621205383,0.22187714688728172
250,28,5,CGATATTA,3 5 2 7 4,-0.3267738838491798,-0.0007743268926470037,-0.32754821074182683,-0.0023640089222081795
250,28,5,CGATCGTA,3 5 7 2 4,0.711898279952081,-0.12466221579050973,0.5872360641615713,-0.14901757425187842
250,29,4,CTATCGCC,0 1 6 7,0.496113832537322,0.5160738118896804,1.0121876444270024,0.5098598216754847
250,29,4,GTATCGTA,0 1 7 6,0.21670750434197927,-0.08589634701696447,0.1308111573250148,-0.28385741500386796
250,29,4,ATATCGCG,6 0 1 7,-0.25190279994756315,0.07566563690841788,-0.17623716303914527,0.23099184290971564
250,29,4,ATATCGCC,1 6 0 7,-1.0392963832355893,0.46504030482074743,-0.5742560784148418,0.3091331272533133
250,30,2,CGATATCA,4 7,0.4827559952546414,0.040974733793229134,0.5237307290478705,0.07823626058322028
250,30,2,CGATCTCC,4 7,0.9524025085968932,-0.23031134770373374,0.7220911608931595,-0.19473125006256142
250,30,2,CGATCTCC,7 4,0.9524025085968932,0.1969778998090841,1.1493804084059773,0.1713774642133179
250,30,2,CGATATCG,4 7,-0.3581678037491789,-0.01976993938401983,-0.3779377431331987,-0.05231004244276338
250,31,3,CGATATTT,7 5 3,1.8015612544883526,0.09711068725510419,1.8986719417434568,0.05114663840554374
250,31,3,CGATACTG,5 7 3,-0.8557693340073946,-0.34458315957348873,-1.2003524935808834,-0.28706830819797824
250,31,3,CGATATTA,7 5 3,-0.24050974579320272,0.05159645911135646,-0.18891328668184626,0.17663595721362627
250,31,3,CGATATTA,3 5 7,-0.24050974579320272,-0.0372836551459792,-0.2777934009391819,-0.13421360989832085
500,0,1,TATGATCC,3,0.6493348925696925,0.0,0.6493348925696925,0.0
500,0,1,TATGATCC,3,0.6493348925696925,0.0,0.6493348925696925,0.0
500,0,1,TATGATCC,3,0.6493348925696925,0.0,0.6493348925696925,0.0
500,0,1,TATGATCC,3,0.6493348925696925,0.0,0.6493348925696925,0.0
500,1,7,ATATCGTA,2 3 7 5 4 0 1,-0.997382796829275,0.05550098692435235,-0.9418818099049227,0.05271330775604335
500,1,7,CTATCATA,3 2 0 4 7 5 1,0.1456747302649779,0.5367448075103152,0.6824195377752931,0.7865320053117447
500,1,7,ACTTCGTA,3 0 5 4 1 7 2,4.365781242893391,-0.7057533186306912,3.6600279242626996,-0.13915971784654474
500,1,7,CTATCTTA,3 0 7 4 1 5 2,1.147268315753661,0.04322960078230409,1.190497916535965,0.0363122019634363
500,2,4,CTATCAAT,4 5 7 2,1.9584108898520274,-0.049728843067521566,1.9086820467845058,-0.024763636838768643
500,2,4,CTATCGAT,4 7 2 5,0.16217986885978375,0.16760299236992315,0.3297828612297069,0.508222264022329
500,2,4,CTATCGAT,7 2 4 5,0.16217986885978375,0.33587888882974104,0.4980587576895248,0.6743760322333657
500,2,4,CTATATAT,7 5 2 4,-0.3524890721479441,0.13414784824681636,-0.21834122390112776,0.2756631127329909
500,3,4,GGATATAT,5 3 6 7,0.07414360099562467,0.22389391436633366,0.2980375153619583,0.7512272879285706
500,3,4,GGATATCC,7 5 3 6,-0.2787988997787769,-0.5472746549273158,-0.8260735547060927,-0.662501119675753
500,3,4,GGATACTG,6 5 7 3,1.4139049381887348,-0.1865507753241844,1.2273541628645503,-0.11656103555325184
500,3,4,GGATATCG,3 7 5 6,-0.6189364915531583,-0.12750604692792367,-0.746442538481082,-0.17081830195179212
500,4,5,GTATCGCA,3 0 7 4 5,-0.3204801747148145,0.12048962778466077,-0.19999054693015372,0.2732378205983938
500,4,5,CTATCTCC,7 4 5 3 0,0.17077567584922182,-0.218402500105638,-0.04762682425641618,-0.5611889710150915
500,4,5,CTATCGCA,5 0 3 7 4,0.3791799569263774,-0.6213270503468911,-0.24214709342051366,-0.6210121926484299
500,4,5,CTATATCA,0 7 4 5 3,-0.9544939769577918,0.048823074622909246,-0.9056709023348826,0.048661661382102206
500,5,5,CTATCTAC,3 6 7 0 1,1.0456191926689762,0.18214626545062185,1.227765458119598,0.14835591296858164
500,5,5,CGATCTAT,0 6 1 3 7,-0.6962099144087421,0.12877025895800287,-0.5674396554507393,0.1560889135462387
500,5,5,CGATCTAT,0 3 1 6 7,-0.6962099144087421,-0.20298056795213526,-0.8991904823608774,-0.22573700671207936
500,5,5,CGATCTGG,0 7 6 3 1,2.546751956003469,-0.22400262018802497,2.322749335815444,-0.08084534881321931
500,6,3,CGATATCT,2 6 4,0.055267330164010975,-0.019529530274017937,0.03573779988999304,-0.2611009360506334
500,6,3,CGATATAT,2 6 4,-0.2771477100907951,0.0245928490324252,-0.2525548610583699,0.08150329244396456
500,6,3,CGATATCT,4 2 6,0.055267330164010975,0.1871938207575239,0.24246115092153486,0.772056966842096
500,6,3,CGATATAT,6 4 2,-0.2771477100907951,0.02292881773545674,-0.25421889235533834,0.07640990083947126
500,7,5,CGATATCT,1 3 5 2 7,-0.4945130279872747,0.3845269674862184,-0.1099860605010563,0.43743967221775126
500,7,5,CGTGATCT,1 7 5 3 2,1.3532114045088672,0.9565285494197528,2.30973995392862,0.4141282432218399
500,7,5,CGGTATCA,7 3 5 1 2,-0.04941162305523372,0.2144745879801091,0.16506296492487538,0.8127540546307063
500,7,5,CTATATCG,2 3 5 7 1,0.18437874275399224,0.26340438801296884,0.4477831307669611,0.5882409807663163
500,8,5,TGATCCCG,1 7 2 4 0,0.8029414520126883,0.09981219893384718,0.9027536509465355,0.11056415981169866
500,8,5,ATATCCCC,2 7 1 4 0,-0.3033534621337646,-0.8165810229925397,-1.1199344851263042,-0.729132850034926
500,8,5,TTATCCCA,4 1 2 0 7,1.5978857206897392,0.056470815147011244,1.6543565358367505,0.03413460999714254
500,8,5,TGATCCCG,2 7 1 0 4,0.8029414520126883,0.18035513771761202,0.9832965897303003,0.18341885815660158
500,9,6,ATATATCC,1 7 6 4 5 0,3.1097802889886577,-0.033878158360977295,3.0759021306276804,-0.010776666399474598
500,9,6,CAATATAT,0 5 4 6 7 1,-0.7671981954563596,0.7161350893626945,-0.051063106093665045,0.4827877164841299
500,9,6,GTATCGCA,6 4 7 1 5 0,-0.46387458584992025,0.8825077529391372,0.41863316708921694,0.6554659308238318
500,9,6,TGATACCA,6 4 1 7 0 5,1.3271645321483572,0.37384544566677214,1.7010099778151293,0.2197785142606628
500,10,4,GTATCGCT,1 2 6 0,1.1124759487644043,0.15982424290017017,1.2723001916645744,0.12561834380537903
500,10,4,CTATCGCT,6 2 1 0,-0.5111930658232862,0.03584275860478314,-0.475350307218503,0.06552177573060605
500,10,4,CTATCGCT,1 6 0 2,-0.5111930658232862,0.07476104889203938,-0.4364320169312468,0.1275885722354908
500,10,4,CGATCGCT,2 6 1 0,0.2454654565911385,0.13890084328411145,0.38436629987524995,0.3613762271281149
500,11,2,CGGTATAG,0 1,0.06647596321425997,-0.07637903744120811,-0.009903074226948139,-0.5346612795544763
500,11,2,CGGTATAG,0 1,0.06647596321425997,-0.07637903744120811,-0.009903074226948139,-0.5346612795544763
500,11,2,CGGTATAG,0 1,0.06647596321425997,-0.07637903744120811,-0.009903074226948139,-0.5346612795544763
500,11,2,CAGTATAG,0 1,-0.25554215178266126,0.14887237708170797,-0.10666977470095329,0.36811827087358706
500,12,5,CTATCGTA,5 2 6 7 4,-0.5886820805573718,-0.40068171294439203,-0.9893637935017638,-0.40498926236851185
500,12,5,CTATCGAT,5 7 6 2 4,0.4387796783033333,-0.3703777190760853,0.06840195922724801,-0.4577325997087969
500,12,5,CTATATCC,2 6 5 7 4,0.4977239459907228,0.4451261624898599,0.9428501084805827,0.4721070279211056
500,12,5,CTATATCA,2 5 6 4 7,-0.7308296563601253,0.013257696092802362,-0.717571960267323,0.01781739206975846
500,13,2,CGATATAT,3 2,-0.274051722729441,-0.06874774890864876,-0.34279947163808977,-0.2005480013727359
500,13,2,CGAGATAT,3 2,1.9070772399966458,-0.16698957273106174,1.740087667265584,-0.08051311158652866
500,13,2,CGGTATAT,2 3,0.7889812204647857,-0.2329297540347146,0.5560514664300711,-0.22793546585483754
500,13,2,CGATATAT,3 2,-0.274051722729441,-0.06874774890864876,-0.34279947163808977,-0.2005480013727359
500,14,5,GGATATAT,5 7 0 2 3,2.41953832708598,-0.7030026806313323,1.7165356464546475,-0.22513801384637447
500,14,5,CGCGATAG,5 3 7 2 0,3.291777643537384,0.23960617120920702,3.531383814746591,0.06785050387574508
500,14,5,CGATAGAT,0 2 7 3 5,1.9277624559502824,0.8800642042542792,2.8078266602045616,0.3134325265613665
500,14,5,CGATATAT,5 7 0 2 3,-0.48440274834533625,0.048866653490045486,-0.43553609485529077,0.09163595983917044
500,15,2,CGATATAG,1 0,-0.2361399160676093,0.06634479932309867,-0.16979511674451064,0.2193327330189349
500,15,2,CGATATAG,0 1,-0.2361399160676093,-0.06536571137784242,-0.30150562744545173,-0.21679764962154266
500,15,2,CGATATAG,0 1,-0.2361399160676093,-0.06536571137784242,-0.30150562744545173,-0.21679764962154266
500,15,2,CAATATAG,0 1,1.8205544956644548,0.1840188645880687,2.0045733602525235,0.09179951616481982
500,16,4,CGATATAT,7 2 5 3,-0.4526292863630209,0.09955054463931079,-0.3530787417237101,0.1802864556979634
500,16,4,CGAGATAT,7 2 5 3,1.5264346700979519,0.38930810035860697,1.9157427704565588,0.20321522615785587
500,16,4,CGATATAT,3 7 5 2,-0.4526292863630209,0.00610668899603839,-0.4465225973669825,0.013311990609104934
500,16,4,CGATATAT,2 7 5 3,-0.4526292863630209,0.04445335211344714,-0.40817593424957377,0.0894284947261371
500,17,3,CGATCTCA,4 5 3,1.056110855299432,-0.13629173141058315,0.9198191238888489,-0.1143000970726076
500,17,3,CGATATCA,5 4 3,-0.30230483104163,0.07999138701873942,-0.22231344402289055,0.20923928419848448
500,17,3,CGATATCA,4 5 3,-0.30230483104163,0.05896759201008006,-0.2433372390315499,0.16322195730295155
500,17,3,CGATATCA,3 5 4,-0.30230483104163,-0.11922024022620992,-0.4215250712678399,-0.28283072194881753
500,18,5,CAATCGAA,0 1 7 5 6,1.0689663848597393,0.03894929468069375,1.107915679540433,0.03515546841691963
500,18,5,ATATCGCG,5 6 7 1 0,-0.522274474315819,0.8894544466927758,0.3671799723769569,0.6300462032451064
500,18,5,CGATCGCT,1 6 7 5 0,0.008685728847541263,-0.6430848755519278,-0.6343991467043866,-0.9866736413257788
500,18,5,CGATCTTT,6 5 0 7 1,1.0748693270731629,-0.20991044463221353,0.8649588824409493,-0.16338243273676778
500,19,2,CGATATAT,5 1,-0.40487857728273946,0.050457480595878845,-0.3544210966868606,0.11081371598585237
500,19,2,CGATACAT,1 5,1.4361224735787745,0.37795248112525526,1.8140749547040298,0.20834446787614627
500,19,2,CTATATAT,5 1,1.3113488145027525,0.06827041324917982,1.3796192277519324,0.049484967935990117
500,19,2,CGATATAT,1 5,-0.40487857728273946,-0.05292319203776907,-0.45780176932050853,-0.1156028560490717
500,20,2,CGATCATA,5 0,0.762140405912032,-0.02163775822185343,0.7405026476901786,-0.027606992912036853
500,20,2,CGATCGTA,5 0,-0.3935559716279604,-0.007341519413113229,-0.40089749104107364,-0.01831270980032414
500,20,2,GGATCGTA,0 5,0.33359835870454546,-0.024223064498191782,0.3093752942063537,-0.06769595928991454
500,20,2,GGATCATA,5 0,0.2771478699198262,-0.04489728991292363,0.23225058000690257,-0.13941302498146682
500,21,3,CGTTATTA,3 5 1,0.4346735087659652,-0.019268919398927276,0.41540458936703795,-0.04244793657385982
500,21,3,CGTTATTA,3 5 1,0.4346735087659652,-0.019268919398927276,0.41540458936703795,-0.04244793657385982
500,21,3,CATTATTA,3 5 1,2.39221413343053,0.22709215871013644,2.6193062921406662,0.08669935218784286
500,21,3,CGTTATTA,3 1 5,0.4346735087659652,-0.039189655950212066,0.39548385281575316,-0.08270247376937372
500,22,5,CGATATAG,0 7 6 2 1,0.15435767303159764,-0.5556874381606658,-0.40132976512906815,-0.7826086390871562
500,22,5,CGATATCC,1 0 6 7 2,0.047098889862107196,0.05040097954254197,0.09749986940464916,0.5169338159148207
500,22,5,CGATATAA,0 7 2 6 1,0.7902971313859934,-0.08538077131088162,0.7049163600751118,-0.09750248470120075
500,22,5,CGATATAT,7 1 6 2 0,-0.5030911616621954,0.09202331817711418,-0.4110678434850812,0.15463128741542628
500,23,6,ATATCGCG,7 2 3 1 6 0,-0.013255191815363165,-0.09668380422219514,-0.1099389960375583,-0.8794313911068025
500,23,6,ATATCGTA,3 2 7 6 1 0,-0.2503707460656197,0.05987183568350041,-0.1904989103821193,0.19298393968341906
500,23,6,ATATCGCC,7 3 6 1 0 2,-0.8848193266011553,-0.14361161647267373,-1.028430943073829,-0.139641477573049
500,23,6,ATATCGTA,3 6 7 2 0 1,-0.2503707460656197,-0.14412131341823375,-0.39449205948385346,-0.36533387669906353
500,24,4,CGCGATAC,0 2 4 5,-0.8374558067415259,-0.13709407071534008,-0.9745498774568659,-0.14067424755425914
500,24,4,CGCGATAC,2 0 5 4,-0.8374558067415259,-0.13684181827071518,-0.974297625012241,-0.14045176212863691
500,24,4,TGTGATAC,0 5 4 2,0.052594773084369995,0.06849353404079217,0.12108830712516216,0.5656494476381957
500,24,4,CGTGATAC,5 4 0 2,0.5365102914003659,0.17676768550495492,0.7132779769053208,0.24782439838096773
500,25,3,CATTATAT,4 3 6,0.09020870288653082,0.15170319281147604,0.24191189569800686,0.6271010045775353
500,25,3,CATGATAT,4 6 3,-0.12352830901039424,-0.0628068077949393,-0.18633511680533354,-0.33706372084739294
500,25,3,CATGATAT,4 3 6,-0.12352830901039424,0.07799079980574963,-0.04553750920464461,0.38701441398743286
500,25,3,CATGATAT,6 4 3,-0.12352830901039424,0.009156427940953948,-0.1143718810694403,0.06900890148586838
500,26,3,CGATCTCC,0 5 2,-0.4689829657853992,0.03671752126185357,-0.43226544452354565,0.07260724915699493
500,26,3,CGATCTCC,0 5 2,-0.4689829657853992,0.03671752126185357,-0.43226544452354565,0.07260724915699493
500,26,3,TGATCTCC,5 2 0,-0.34671170735742907,0.2464870388055016,-0.10022466855192746,0.4155218472727526
500,26,3,CGATCTCC,5 0 2,-0.4689829657853992,0.06986589939562737,-0.39911706638977185,0.12965769051430753
500,27,4,CGATATAC,1 7 0 5,0.4987966553353158,-0.4019779937525292,0.09681866158278662,-0.44625811145949296
500,27,4,CGATATAT,5 0 1 7,-0.39442826930229746,-0.03637595676399297,-0.43080422606629043,-0.08443732573411566
500,27,4,CGATATAT,1 5 7 0,-0.39442826930229746,0.019337480733622847,-0.3750907885686746,0.046735334502539416
500,27,4,CGATATAG,1 7 0 5,0.19882382738142912,0.10059711042902464,0.29942093781045376,0.3359721974176265
500,28,5,CGATATCG,5 0 6 2 4,-0.36345824697281426,0.1339423178045438,-0.22951592916827046,0.2692846114167519
500,28,5,CGATATCG,2 6 4 5 0,-0.36345824697281426,0.07402813865825397,-0.2894301083145603,0.1692124397230542
500,28,5,CGGTATCG,6 0 4 5 2,-0.10511015382700784,0.4340448858705468,0.32893473204353896,0.8050465152176438
500,28,5,CGATATAG,5 0 2 6 4,-0.45553071156671954,0.27222400243466893,-0.1833067091320506,0.37406010184105737
500,29,2,CTATATCA,0 1,-0.26313470684201445,0.05389315107971471,-0.20924155576229975,0.16999500117437744
500,29,2,CGATATCA,1 0,0.15381990733168038,0.09232307826453612,0.2461429855962165,0.3750790543183987
500,29,2,CTATATCA,0 1,-0.26313470684201445,0.05389315107971471,-0.20924155576229975,0.16999500117437744
500,29,2,CTATATCA,0 1,-0.26313470684201445,0.05389315107971471,-0.20924155576229975,0.16999500117437744
500,30,3,TGAGCATA,1 3 5,4.088561143155526,0.184244127029487,4.272805270185013,0.043120178753549704
500,30,3,TGATCCTA,1 5 3,-0.8796903976421655,0.06564655896385263,-0.8140438386783129,0.06944249720178
500,30,3,TTATCATA,5 3 1,1.2613418182491096,0.03600157940287252,1.2973433976519821,0.0277502313327609
500,30,3,TAAACCTA,5 3 1,0.13716438384267438,0.18274769255038592,0.3199120763930603,0.5712434948090324
500,31,4,CGATATCA,0 5 4 6,-0.6458629632982178,0.2916404569715749,-0.35422250632664287,0.3110820191862844
500,31,4,CGATCATA,6 4 5 0,1.1973267379829888,0.21416226343254152,1.4114890014155304,0.151727900973912
500,31,4,CGATATCA,4 0 5 6,-0.6458629632982178,0.17886164432470908,-0.4670013189735087,0.21687438773075457
500,31,4,CGATATGA,0 5 4 6,1.299391317299011,0.4070918622926367,1.7064831795916477,0.23855603568858594
1000,0,5,CGATCGGA,5 7 3 2 1,1.2327750079635638,0.33099610123858625,1.56377110920215,0.21166531296735838
1000,0,5,CGATCGGA,3 2 5 7 1,1.2327750079635638,0.04306462579947734,1.275839633763041,0.03375394889752707
1000,0,5,CTATCGGT,2 5 7 1 3,1.727281295100874,0.17355923104892668,1.9008405261498007,0.0913065713095223
1000,0,5,CGATCGGG,1 7 3 2 5,0.5724813156078046,-0.15566679704161057,0.416814518566194,-0.2137845231448951
1000,1,6,CACTATCA,4 5 2 7 1 0,-0.2520112123974645,-0.7544948075453775,-1.006506019942842,-0.7496177793235893
1000,1,6,GTATCGCG,1 4 2 5 0 7,-0.4182639486546771,0.8717512689314786,0.4534873202768015,0.6757682057136333
1000,1,6,CGATATCC,5 1 0 7 4 2,-0.3094253041820916,0.0009558128534497001,-0.3084694913286419,0.0030794813246975057
1000,1,6,CTATCGCA,0 1 7 2 5 4,0.46896496871670434,-0.35560786702849256,0.11335710168821178,-0.43126313602984095
1000,2,4,CGATATGG,7 5 4 3,-0.14560954171611185,0.062029239143801096,-0.08358030257231075,0.29873629043145933
1000,2,4,CGATCCGC,3 5 4 7,1.0150201051219234,0.0351121461629047,1.0501322512848281,0.03343592782713347
1000,2,4,CGATCCGT,5 3 7 4,1.4007045786303114,-0.3994356632767615,1.00126891535355,-0.22189141377873892
1000,2,4,CGATATGA,5 7 4 3,1.3537078533665396,0.12017653935403816,1.4738843927205778,0.08153729013454686
1000,3,4,CGATAGCG,1 7 4 3,0.5925156794330224,0.06875605130791396,0.6612717307409364,0.10397548861021888
1000,3,4,CTATCGCA,3 7 1 4,-0.04305296136820669,0.060191522542423215,0.017138561174216527,0.5829998878635102
1000,3,4,CTATCGCT,4 7 3 1,-0.1097378210744171,-0.06634322866780007,-0.17608104974221717,-0.3767766535065904
1000,3,4,CTATCGCT,4 7 3 1,-0.1097378210744171,-0.06634322866780007,-0.17608104974221717,-0.3767766535065904
1000,4,6,CGATATCG,7 3 5 2 6 4,-0.12393859601219726,-0.09143400155121029,-0.21537259756340754,-0.4245386951991018
1000,4,6,CGATATAT,5 2 4 7 6 3,-0.5288204810413031,0.1433354283920787,-0.3854850526492244,0.21324729334434997
1000,4,6,CGATCCAT,6 2 4 3 7 5,0.3076698345884079,0.4466936274696156,0.7543634620580235,0.5921464253464296
1000,4,6,CGATATCG,2 7 3 5 6 4,-0.12393859601219726,-0.3523962321702534,-0.47633482818245065,-0.7398078228184377
1000,5,5,TTATACCA,3 5 2 0 6,0.7967082425228469,-0.22322617240942666,0.5734820701134202,-0.2188632613443576
1000,5,5,CTATATTA,3 0 5 2 6,0.33865843639644577,-0.13155394123566122,0.20710449516078455,-0.27977558119192836
1000,5,5,CTATATCA,5 2 6 3 0,-0.6515776491529968,0.09653316041912774,-0.555044488733869,0.1290359117713311
1000,5,5,CTATAGAA,3 0 2 6 5,1.4532882000034046,-0.2257682237192089,1.2275199762841957,-0.13446136802160655
1000,6,7,CTATCGAA,4 0 5 1 6 2 7,0.27397794304076495,0.9943492053826946,1.2683271484234595,0.7839847996778105
1000,6,7,CTATATCA,0 6 5 4 1 7 2,-0.39169121951139196,-0.055896386042567414,-0.4475876055539594,-0.12488367718178195
1000,6,7,CAATATAT,0 6 5 2 1 4 7,-0.6155586784575426,0.26867139905554716,-0.3468872794019955,0.30384783993232783
1000,6,7,CAATATCT,4 5 6 1 7 0 2,0.5702457513855883,0.39796934306782816,0.9682150944534165,0.41103402058867156
1000,7,3,CGATCTAG,1 5 2,-0.8081172357852737,0.10957877745927913,-0.6985384583259946,0.11940640024343002
1000,7,3,CGATCGAG,1 2 5,1.4055348457409396,-0.13343999897538805,1.2720948467655515,-0.08670706960124774
1000,7,3,CGATCCAG,5 2 1,2.5496794229308204,-0.9662537520606564,1.583425670870164,-0.2748214212185642
1000,7,3,CGATCCAG,2 5 1,2.5496794229308204,-0.23546086379508768,2.3142185591357327,-0.0845418325666767
1000,8,2,TGTAGATC,2 7,0.6418060140601773,-0.12520450286511586,0.5166015111950615,-0.1632370092746861
1000,8,2,TGCAGATC,2 7,-0.68388914613314,-0.05551508396741722,-0.7394042301005572,-0.07508083090066621
1000,8,2,TGCAGATC,2 7,-0.68388914613314,-0.05551508396741722,-0.7394042301005572,-0.07508083090066621
1000,8,2,TGGAGATC,2 7,0.5096043673531483,0.007550559901148279,0.5171549272542966,0.014600189427249721
1000,9,6,CGGTATCG,5 3 7 1 4 2,-0.366686619745876,0.3121978733407076,-0.05448874640516843,0.4598689121934186
1000,9,6,CGATACCT,1 2 3 7 5 4,-0.020017582071228723,0.5225057773396697,0.502488195268441,0.9631028199542138
1000,9,6,CGATATCG,5 7 3 2 1 4,-0.4140291563982226,0.029670247849133524,-0.38435890854908905,0.06687015480551059
1000,9,6,CGGTATCA,5 7 4 3 1 2,-0.5387286575303998,0.7719632293055616,0.23323457177516183,0.588973836687963
1000,10,4,ATTATCCC,7 2 4 0,0.7959110347058065,0.8247732074967864,1.6206842422025929,0.5089043170900936
1000,10,4,TTGATCCA,2 4 0 7,-0.1553055922804436,-0.2688678194736829,-0.4241734117541265,-0.6338629721316267
1000,10,4,TTGATCCA,4 7 2 0,-0.1553055922804436,0.695129482171895,0.5398238898914514,0.8173810124418293
1000,10,4,ATGATCCG,0 4 7 2,-0.1536095344519035,-0.06555415063256653,-0.21916368508447004,-0.29911045987067
1000,11,4,CGATCCCT,5 4 7 6,1.1096846221997883,-0.6081741071485185,0.5015105150512698,-0.35403033832661995
1000,11,4,CGATCGCA,6 5 4 7,0.15692711072812404,-0.33661754039730507,-0.17969042966918103,-0.6820407021527163
1000,11,4,CGATATCA,6 4 7 5,0.5706053082238984,-0.49915187270307193,0.0714534355208265,-0.4666029652360406
1000,11,4,CGATACAG,7 4 6 5,1.2829312298530269,0.552768325985709,1.835699555838736,0.30112134865835805
1000,12,4,CTATCTAA,0 5 6 2,0.42073353920811485,-0.0543352193957487,0.36639831981236615,-0.1143733794565434
1000,12,4,CTATCGTA,5 2 6 0,-0.1358451505382967,0.2067268763581107,0.070881725819814,0.6034552156257177
1000,12,4,GTATCGTA,2 6 0 5,0.18460228979332838,-0.23849079759995684,-0.05388850780662846,-0.5636839851705454
1000,12,4,CTATCGTA,5 0 2 6,-0.1358451505382967,0.025416492755133913,-0.1104286577831628,0.15761028001485902
1000,13,6,CGATACCT,1 7 5 2 3 4,-0.020017582071228723,-0.302630003624377,-0.3226475856956057,-0.937958370188724
1000,13,6,CTATATCT,5 3 2 4 7 1,0.8812972705483415,0.29871867767217175,1.1800159482205133,0.25314800034918616
1000,13,6,CGATATCG,1 4 2 5 3 7,-0.4140291563982226,-0.12304565352940866,-0.5370748099276312,-0.22910337862613328
1000,13,6,CGATATCC,4 2 3 1 5 7,-0.3470598738525039,0.5937511188054971,0.24669124495299322,0.631105634860853
1000,14,3,CAATATAT,1 2 6,0.04186081014552401,-0.0748243419626522,-0.03296353181712819,-0.6412498986442098
1000,14,3,CAGTATAT,6 1 2,0.5566861485029428,0.30415684643163354,0.8608429949345764,0.35332441365193346
1000,14,3,CAATATAT,1 6 2,0.04186081014552401,-0.11887463314326285,-0.07701382299773885,-0.7395670221264492
1000,14,3,CGATATAT,6 1 2,-0.3545651509145047,-0.06668105209347952,-0.4212462030079842,-0.15829472554845953
1000,15,4,CTATCTCA,2 7 3 6,-0.1492727410411241,0.07203866369749523,-0.07723407734362886,0.32550813991071437
1000,15,4,CTATCTTT,3 7 2 6,1.4672570673651002,0.22307262401622285,1.690329691381323,0.13196989034365822
1000,15,4,CTATCTTA,3 6 2 7,1.1920857683688633,-0.14612259358872492,1.0459631747801383,-0.10919270701235985
1000,15,4,CTATCTCA,6 7 3 2,-0.1492727410411241,0.05022098418052412,-0.09905175686059997,0.25174217447052993
1000,16,6,CCCTGATA,0 5 3 4 6 2,1.35181718308805,0.6564757961016827,2.008292979189733,0.32688248323536184
1000,16,6,ACTGAGTA,3 6 0 5 4 2,2.359035524112546,-0.8088198200972005,1.5502157040153453,-0.2553209449969278
1000,16,6,TCAGCATA,3 2 0 4 5 6,2.249580240678675,-0.056678111530173325,2.192902129148502,-0.024575785915697233
1000,16,6,CCCGAGTA,4 0 6 2 3 5,0.07767673047428758,1.0591487219198452,1.1368254523941328,0.9316722454527193
1000,17,6,CAATCTTT,6 1 2 5 3 7,0.5885257276659566,0.8955595582573057,1.4840852859232623,0.6034421112801279
1000,17,6,CTATCTAT,6 7 2 5 3 1,0.2439131325468824,0.3739836327231352,0.6178967652700176,0.6052526145847459
1000,17,6,CTATCTTA,1 2 6 5 3 7,1.322464526544766,0.3310660525599838,1.6535305791047499,0.20021767770344392
1000,17,6,CTATCGTA,3 6 2 7 1 5,-0.5078796765945075,-0.21080775059976808,-0.7186874271942756,-0.29332327604888314
1000,18,3,TGTGGATC,0 4 1,-1.169809632797843,0.13171183765202343,-1.0380977951458195,0.10119835949114055
1000,18,3,TATGGATC,1 4 0,0.6293995140455619,0.022511971577953815,0.6519114856235158,0.034532251807808556
1000,18,3,TGTGGATC,0 1 4,-1.169809632797843,0.046767172220047115,-1.1230424605777958,0.038441610942401123
1000,18,3,TTTGTATC,4 1 0,1.7849044141724457,-0.17055440919642528,1.6143500049760204,-0.08721963723204029
1000,19,4,TTATCCTA,3 6 1 5,0.6752287363828733,0.11855022493057543,0.7937789613134487,0.14934916482847185
1000,19,4,TGATCGTA,6 3 1 5,0.7221450324942214,-0.07207447232615438,0.650070560168067,-0.09074880670735362
1000,19,4,TGATCCTA,1 5 3 6,-0.8071769836250682,-0.6118471638365137,-1.419024147461582,-0.43117459623996895
1000,19,4,TGATCCTA,1 5 6 3,-0.8071769836250682,-0.5642963905884373,-1.3714733742135055,-0.41145267651444023
1000,20,8,CGATACAT,5 2 0 3 4 1 6 7,-0.13273354836078166,-0.8870965870213858,-1.0198301353821675,-0.8698473954086073
1000,20,8,ATGTCATC,6 0 3 2 5 7 4 1,5.689409363085604,1.2676945255474266,6.95710388863303,0.18221583949877024
1000,20,8,CGATCGAT,2 6 3 7 1 4 0 5,0.7590139230332396,-0.31729969076429754,0.441714232268942,-0.29480226459718833
1000,20,8,CGATATCC,1 2 0 4 7 6 5 3,-0.4405195315275545,-0.33904614936259314,-0.7795656808901477,-0.4349167205198836
1000,21,3,CGATCATA,4 0 3,0.4236689601663851,-0.12998207904429648,0.2936868811220886,-0.2347725730445784
1000,21,3,CGATCATA,3 4 0,0.4236689601663851,0.10523890737412955,0.5289078675405147,0.19897398740446642
1000,21,3,GGATCATA,4 0 3,-0.4886682888439444,-0.3171217190016571,-0.8057900078456015,-0.39355379927026996
1000,21,3,CGATCATA,0 3 4,0.4236689601663851,0.04035376977144267,0.4640227299378278,0.08696507125168089
1000,22,7,CAATCGAT,7 1 2 0 6 4 3,0.5898174584634237,-0.06993409776943516,0.5198833606939885,-0.10600065601778128
1000,22,7,GTATCGTA,4 3 7 0 6 2 1,0.05818791142902224,-0.13950265693758546,-0.08131474550856321,-0.7056616716225149
1000,22,7,CGATCGAT,3 6 4 7 2 0 1,0.8056662749004175,0.1711003446927979,0.9767666195932154,0.1751701391720925
1000,22,7,CGATCGCC,6 2 0 4 7 1 3,0.913505544751307,0.21021610362892673,1.1237216483802337,0.18707133028178158
1000,23,6,ATATCGTA,0 5 7 6 4 1,-0.3329626558651775,0.042007628074882675,-0.2909550277902948,0.11202921904498887
1000,23,6,TGATCTTC,6 0 4 7 1 5,0.5157255143404198,0.728452743085712,1.2441782574261318,0.5854890476809036
1000,23,6,CGATCTAC,7 1 6 4 5 0,1.0233438722676746,-0.6680140852969148,0.3553297869707599,-0.394957248587873
1000,23,6,CTATCTGT,0 6 1 7 4 5,2.327944969747284,-0.6034319749448063,1.7245129948024776,-0.20585273962717557
1000,24,1,CGATATAT,4,-0.13834277372469117,0.0,-0.13834277372469117,0.0
1000,24,1,CGATATAT,4,-0.13834277372469117,0.0,-0.13834277372469117,0.0
1000,24,1,CGATCTAT,4,1.146114368116713,0.0,1.146114368116713,0.0
1000,24,1,CGATATAT,4,-0.13834277372469117,0.0,-0.13834277372469117,0.0
1000,25,5,CGATCGCT,0 1 3 2 4,0.3765741775042799,0.2544159721731356,0.6309901496774155,0.4032011788190387
1000,25,5,ATATCGCT,3 4 1 0 2,-0.49085927488284997,-0.06579997019310291,-0.5566592450759529,-0.1182051152031525
1000,25,5,CTATAGCT,3 1 0 4 2,3.1880623544521702,-0.14550277438567338,3.042559580066497,-0.043647797106756675
1000,25,5,GTATCGCT,4 3 2 0 1,0.8061355753220165,-0.15296707813813715,0.6531684971838794,-0.15948978723630675
1000,26,2,CGCTGATA,3 2,-0.08050197892370647,0.0685247414484742,-0.011977237475232272,0.45981513434194815
1000,26,2,CGTCGATA,3 2,3.6926688221441992,-0.3024627063116383,3.390206115832561,-0.07570782192208413
1000,26,2,CGCGGATA,3 2,0.011063377730724078,-0.2051123224621616,-0.19404894473143752,-0.948822287977545
1000,26,2,CGCTGATA,3 2,-0.08050197892370647,0.0685247414484742,-0.011977237475232272,0.45981513434194815
1000,27,4,GTATCATA,3 4 6 2,0.23640050978745208,0.08825966867388235,0.32466017846133444,0.2718524615250702
1000,27,4,GTATCATA,3 6 2 4,0.23640050978745208,0.1538695577788447,0.3902700675662968,0.3942643071203667
1000,27,4,GTATCATA,6 4 2 3,0.23640050978745208,0.10935846402079807,0.34575897380825016,0.31628525159102805
1000,27,4,GTATCATA,2 6 3 4,0.23640050978745208,0.0013858635234926808,0.23778637331094477,0.005828187310298208
1000,28,5,CGATCGTA,6 7 3 1 4,-0.14708108657135277,0.06202341273556744,-0.08505767383578533,0.2966144341281269
1000,28,5,CGATCGCT,3 4 7 6 1,0.6539667506874327,-0.2856807505366543,0.3682860001507784,-0.30402970280290803
1000,28,5,CGATCGTG,6 4 3 7 1,0.13302462371630863,0.23026032796264762,0.36328495167895625,0.6338284228357861
1000,28,5,CTATCGTA,3 1 7 4 6,-0.673129675651676,0.19822677204526418,-0.47490290360641185,0.2274921733455835
1000,29,4,TGATCATC,1 4 2 3,2.1266665953545023,0.03823241595407145,2.1648990113085738,0.017660138304078147
1000,29,4,TGATCATC,1 2 4 3,2.1266665953545023,0.32364682857175486,2.450313423926257,0.13208384911557955
1000,29,4,TCCGGATC,3 2 1 4,0.21317904959715372,0.6722455335143249,0.8854245831114786,0.7592352260561602
1000,29,4,TACGTATC,4 1 2 3,0.6231322729292721,-0.1627070627538849,0.4604252101753872,-0.20704876348858015
1000,30,3,CTATCGGG,2 0 1,1.4019578708928746,-0.23087391871725105,1.1710839521756236,-0.14139479656528323
1000,30,3,CGATCGGG,0 1 2,-0.3154490236152765,-0.005176678599196904,-0.3206257022144734,-0.016145550913239368
1000,30,3,CGATCGGG,1 2 0,-0.3154490236152765,0.013200695559975273,-0.3022483280553012,0.0401664592719035
1000,30,3,GGATCGGG,0 2 1,3.7487517799898455,0.1898492782521668,3.9386010582420123,0.04820221074558531
1000,31,4,ATATCGTA,5 0 2 6,-0.5675070579817905,-0.03891272716287775,-0.6064197851446682,-0.0641679709602395
1000,31,4,CTATCGCA,6 5 2 0,0.24448166732086918,-0.14936051387012128,0.0951211534507479,-0.3792395050688848
1000,31,4,ATATCGTA,2 5 0 6,-0.5675070579817905,-0.0015013768716554132,-0.5690084348534459,-0.0026385845616543604
1000,31,4,GTATCGAA,5 2 0 6,0.9905001804756095,0.6400119655379806,1.63051214601359,0.39252204720016
2000,0,6,GTATCGTA,6 7 0 4 2 5,0.04208192161947766,-0.04504061882335719,-0.0029586972038795345,-0.5169800902776754
2000,0,6,ATATCGGC,0 4 7 5 6 2,0.11062859958420201,0.17374990866078388,0.2843785082449859,0.61098115231374
2000,0,6,GTATCCTG,2 7 4 6 0 5,2.186814054379391,0.28420399949076813,2.471018053870159,0.11501494254388066
2000,0,6,GTATCCGG,0 4 6 2 5 7,2.0835544632676317,0.8358085761322567,2.9193630393998884,0.28629826604370096
2000,1,2,CGATATCG,7 6,-0.03613509772876533,-0.04313417400006703,-0.07926927172883236,-0.5441474742901917
2000,1,2,CGATATGT,6 7,1.3159942917920038,-0.06499879764402783,1.250995494147976,-0.04706670738705287
2000,1,2,CGATATAT,6 7,-0.3781705118031171,-0.02216523987771879,-0.4003357516808359,-0.05536662609985887
2000,1,2,CGATATCT,6 7,0.14859924055608387,-0.030552651928168473,0.1180465886279154,-0.17054049222982162
2000,2,3,CGATCTAC,5 0 3,-0.23203888580203103,0.10038042902618338,-0.13165845677584764,0.30196930367315555
2000,2,3,CGATCTAC,0 5 3,-0.23203888580203103,0.05204076409011771,-0.17999812171191332,0.18319074988255957
2000,2,3,TGATCCAC,3 0 5,0.16533948022737066,0.49063562445548525,0.6559751046828559,0.7479485440117315
2000,2,3,CGATCTAC,0 5 3,-0.23203888580203103,0.05204076409011771,-0.17999812171191332,0.18319074988255957
2000,3,4,TGATCCTA,6 4 1 2,-0.5907801843160727,0.33762071156389917,-0.25315947275217354,0.36365832159596323
2000,3,4,TTATCCCA,4 2 6 1,1.1154728937602698,-0.16161873071141564,0.9538541630488542,-0.12655218123310064
2000,3,4,TAATACCA,1 2 4 6,1.4444517632901706,0.5000290128460403,1.9444807761362108,0.2571529731652195
2000,3,4,TGATACTA,4 6 2 1,-0.22684441947537826,0.2113794999476153,-0.015464919527762966,0.4823550029535979
2000,4,2,AGGATATC,6 4,-0.015701697633992873,-0.05455869268469582,-0.07026039031868869,-0.7765213434942113
2000,4,2,AGGATATC,4 6,-0.015701697633992873,0.06055090185411205,0.044849204220119177,0.7940831166491279
2000,4,2,AGGATATC,6 4,-0.015701697633992873,-0.05455869268469582,-0.07026039031868869,-0.7765213434942113
2000,4,2,AGGAGATC,6 4,-1.0863383559512059,0.3996420370817577,-0.6866963188694482,0.26894166232305894
2000,5,4,TTATACTA,7 0 3 4,0.7126037101183953,0.014946133926320382,0.7275498440447157,0.02054310649457274
2000,5,4,GTATCCTA,7 4 0 3,-0.7087220687602032,0.15196535443551662,-0.5567567143246865,0.17656276871256174
2000,5,4,ATATACTA,3 7 4 0,0.46619122462853957,0.2605452831092294,0.726736507737769,0.3585140973862331
2000,5,4,ATATCCTA,3 7 0 4,-0.48199431121891423,0.15257340420759657,-0.32942090701131765,0.24043675796687466
2000,6,6,TACAGATC,7 6 4 5 3 2,0.5763761965378311,0.4795547587876978,1.055930955325529,0.454153518626469
2000,6,6,TAATCCCC,5 4 7 3 6 2,0.2613990899094043,0.9044803874109109,1.1658794773203152,0.7757923567621157
2000,6,6,TACGGATA,7 2 4 3 6 5,-0.18926985024974385,-0.5732739211718556,-0.7625437714215995,-0.7517914940189062
2000,6,6,TATGGATC,5 4 3 6 7 2,0.5243339377418486,-0.47042839117882984,0.053905546563018714,-0.47290531366346245
2000,7,4,CGGTATAT,4 7 1 5,-0.3070320680170747,0.09592626996021858,-0.21110579805685614,0.2380550566138776
2000,7,4,CAGTATAT,5 1 7 4,-0.16961261349894508,0.02533408872344811,-0.14427852477549696,0.12995392296786454
2000,7,4,CAGTGAAC,7 1 4 5,3.0325788387881483,-0.34559240825637705,2.686986430531771,-0.10230162504601474
2000,7,4,CGGTATAT,5 7 1 4,-0.3070320680170747,0.03876115388851753,-0.2682709141285572,0.11209344612052581
2000,8,5,GTATACTA,0 5 7 4 2,0.8456437170390085,0.2751006291749345,1.120744346213943,0.2454624287013084
2000,8,5,ATATCGTA,5 0 2 7 4,-0.34544652148749977,0.08471025269366272,-0.26073626879383704,0.19692878917207662
2000,8,5,GTATTATA,7 2 5 4 0,-0.5021969235191683,0.6024917500782401,0.10029482655907174,0.5453950642186194
2000,8,5,ATATCGTC,5 0 7 4 2,0.8480477577033363,-0.24971181547506038,0.5983359422282759,-0.2274740494879563
2000,9,2,CTATCTCT,2 7,-0.07134641431676414,0.0914783193302231,0.02013190501345896,0.5618207828827345
2000,9,2,CTATCTCT,2 7,-0.07134641431676414,0.0914783193302231,0.02013190501345896,0.5618207828827345
2000,9,2,CTATCTCG,2 7,2.677174566374493,0.14801137344875226,2.8251859398232453,0.05238995825457507
2000,9,2,CTATCTCC,7 2,-0.10294467670113605,-0.0809427467542817,-0.18388742345541775,-0.44017554454400043
2000,10,5,CAATATAT,7 5 1 6 2,-0.2821048273070046,0.041418170399381005,-0.2406866569076236,0.1280223374938254
2000,10,5,CATTATCC,5 6 2 7 1,1.5817697493988199,0.8377827910863171,2.419552540485137,0.34625525880018126
2000,10,5,CTATATCC,2 7 6 5 1,1.1863143938266267,-0.4295124283413543,0.7568019654852725,-0.2658158798014446
2000,10,5,CAATATAT,6 1 5 2 7,-0.2821048273070046,-0.1257430372467505,-0.4078478645537551,-0.30830868119006016
2000,11,2,GAATGATA,7 6,-0.20452004611997543,0.027002701159559717,-0.1775173449604157,0.11663087742716394
2000,11,2,GAATGATA,6 7,-0.20452004611997543,-0.027688432861126433,-0.23220847898110186,-0.11923954277044224
2000,11,2,GAATGATA,6 7,-0.20452004611997543,-0.027688432861126433,-0.23220847898110186,-0.11923954277044224
2000,11,2,GAATGATA,6 7,-0.20452004611997543,-0.027688432861126433,-0.23220847898110186,-0.11923954277044224
2000,12,4,CGAGATCG,2 5 1 7,1.3711762965560013,-0.2629243590206434,1.108251937535358,-0.16089850898925323
2000,12,4,CGAGATCT,5 7 1 2,-0.11677217397322437,-0.3858305138222553,-0.5026026877954797,-0.7676650427688488
2000,12,4,CGGGATCT,2 5 7 1,2.1575924947443585,-0.9066162895448509,1.2509762051995077,-0.295872883790833
2000,12,4,CGTGATCC,2 7 1 5,-0.4696473148378253,0.16406535387629884,-0.30558196096152646,0.2588954931407736
2000,13,4,CTATATCA,5 4 1 7,-0.31235750695739606,0.19912421330695773,-0.11323329365043833,0.3893085625895732
2000,13,4,CGATATCG,4 5 1 7,-0.32061298817320605,-0.2813354324660464,-0.6019484206392525,-0.467374650085926
2000,13,4,CGATATCG,1 4 7 5,-0.32061298817320605,-0.05766887628652295,-0.378281864459729,-0.1524494872861193
2000,13,4,CGATATCA,5 1 7 4,0.173643808519528,0.2065509363709177,0.3801947448904457,0.5432766737226629
2000,14,5,CTATATCA,1 4 6 2 7,0.11518476274863954,0.2067681212040231,0.32195288395266264,0.6422309956211625
2000,14,5,CTATCTTG,1 7 6 4 2,1.8822032124128079,-1.2257671670707424,0.6564360453420655,-0.3943947391398329
2000,14,5,CGATATAT,2 6 4 7 1,-0.6070676108577875,-0.12984502602468506,-0.7369126368824725,-0.17620138334714644
2000,14,5,CGATATAT,1 7 6 2 4,-0.6070676108577875,0.17661001246322616,-0.4304575983945613,0.22536054010933823
2000,15,3,ATATACCG,3 4 0,1.736643053237097,0.397606787197065,2.134249840434162,0.18629814544869847
2000,15,3,TTAATCCG,0 3 4,-1.0509595625330457,0.05004585035090736,-1.0009137121821383,0.04545468148046447
2000,15,3,TTATCCCG,3 4 0,1.4344268615139235,0.17804409090836026,1.6124709524222838,0.1104169291489556
2000,15,3,TTATCCCG,0 4 3,1.4344268615139235,0.07088201765377544,1.505308879167699,0.04708802202307267
2000,16,4,CTATATCA,6 3 0 5,-0.31469503469528975,0.05834784836146323,-0.2563471863338265,0.15641056567908432
2000,16,4,CTATATCA,0 3 6 5,-0.31469503469528975,-0.0552470515238932,-0.36994208621918295,-0.14933973068195458
2000,16,4,CTATATTA,0 6 5 3,0.3071620636928465,0.087944226375118,0.3951062900679645,0.22258371629565862
2000,16,4,CTATATCA,3 5 6 0,-0.31469503469528975,0.03230278112563578,-0.282392253569654,0.09309217422367354
2000,17,4,ATATCTTA,4 3 1 0,1.3863960997042373,0.6545187252816174,2.0409148249858546,0.32069869710812343
2000,17,4,CTATCTTA,1 0 4 3,1.877467324347214,0.3212050899991201,2.1986724143463343,0.14609047164245906
2000,17,4,CGATATTA,3 1 0 4,-0.6809331361125367,0.06560383217734955,-0.6153293039351871,0.0878775398459237
2000,17,4,TCAGTTTA,4 0 1 3,-3.5608134923374415,1.263442577282249,-2.2973709150551924,0.2618937633179679
2000,18,6,CACTATCA,4 6 1 3 5 0,-0.2386928525753973,0.61622044297388,0.3775275903984827,0.7207987595724098
2000,18,6,GTCGAATA,0 6 5 4 3 1,2.5158932673357572,-0.7526301917209377,1.7632630756148195,-0.23026611286374213
2000,18,6,CGCTATCA,4 1 5 3 6 0,-1.3836012059273561,0.4026877059869527,-0.9809134999404034,0.22543257325345267
2000,18,6,CGCGGATA,1 5 4 0 6 3,-0.11274729054597277,0.41755544102476794,0.30480815047879517,0.7873907037740148
2000,19,3,CGGTATCA,4 5 3,0.0019550815803404398,-0.0009142888382664971,0.0010407927420739427,-0.3186374377938904
2000,19,3,CGGTATCA,3 4 5,0.0019550815803404398,-0.015310257361142998,-0.013355175780802558,-0.8867626296265193
2000,19,3,CGGTATCA,5 4 3,0.0019550815803404398,0.030642545162827606,0.032597626743168046,0.940023806157907
2000,19,3,CGGTATCA,3 5 4,0.0019550815803404398,-0.024390672952740555,-0.022435591372400115,-0.9257913992220057
2000,20,5,CAATATAT,1 3 6 2 5,-0.1196149562669282,-0.16095951784763596,-0.28057447411456415,-0.5736784087561472
2000,20,5,CGGGATAT,6 2 1 5 3,1.4651111881965644,0.11407383789324843,1.5791850260898128,0.0722358913038229
2000,20,5,CTATATCT,3 2 5 1 6,0.8463416815433629,0.5751075762074169,1.4214492577507798,0.40459240670851265
2000,20,5,CGATATAT,2 5 3 6 1,-0.340533154142579,-0.03149365739351939,-0.3720268115360984,-0.08465426796386558
2000,21,6,ATATCGGA,4 2 7 5 3 0,0.23742381888695485,0.26397340852722273,0.5013972274141776,0.5264756047587162
2000,21,6,ATATCGGA,0 4 2 7 3 5,0.23742381888695485,0.19046438872769222,0.4278882076146471,0.4451265198203897
2000,21,6,CTATCCGA,3 0 5 2 4 7,0.9985658730553157,-0.17641220631582044,0.8221536667394953,-0.15014084893416785
2000,21,6,ATATCCGC,4 5 3 7 0 2,0.01562906583074586,0.453454965148568,0.46908403097931384,0.9666817354704725
2000,22,4,CGCTCGTA,6 1 7 3,1.0825864096059248,-0.18944824552823514,0.8931381640776896,-0.1489332423166209
2000,22,4,CACTCGGA,6 3 1 7,-2.9903079571113746,-0.2375154475885548,-3.2278234046999295,-0.07358378009240414
2000,22,4,CACTCGAA,3 1 7 6,0.4050603338235703,0.1771616160902143,0.5822219499137846,0.3042853607914445
2000,22,4,CTCTCGTA,1 6 3 7,3.122151677686501,-0.18544265444722496,2.936709023239276,-0.056065719016877166
2000,23,5,CCTTGATA,6 7 5 1 0,0.11550698264546533,0.23920072036172702,0.35470770300719234,0.6743600951820231
2000,23,5,AATTGATC,6 7 0 1 5,2.0649818301565324,-0.4256530171398909,1.6393288130166415,-0.17090141399167202
2000,23,5,GATTGATC,7 5 1 0 6,0.7194112400872998,0.2585324132181279,0.9779436533054278,0.26436330185721246
2000,23,5,GATTGATC,0 7 5 1 6,0.7194112400872998,0.39595102605591936,1.1153622661432192,0.35499768826236844
2000,24,7,GTATCTTA,2 6 5 4 1 0 7,1.0366699208415646,0.07131397102572379,1.1079838918672884,0.06436372545591629
2000,24,7,CTATATCA,0 5 4 6 7 1 2,-0.21572452254683405,0.289434058902474,0.07370953635563993,0.572956828867646
2000,24,7,ATATCGTA,7 1 4 5 0 2 6,-0.009614059404279285,0.26840067469321305,0.25878661528893376,0.9654188853137982
2000,24,7,CACTGATC,0 4 5 1 7 2 6,3.418567841877655,1.4978275561710177,4.916395398048673,0.3046597018550437
2000,25,3,CTATCGCA,3 2 0,0.013247128790113472,-0.013471846345888938,-0.0002247175557754666,-0.5042052053761724
2000,25,3,CTATCGCA,3 0 2,0.013247128790113472,0.06398632110275093,0.0772334498928644,0.8284793854412895
2000,25,3,ATATCGCA,0 2 3,0.21356520198133166,-0.08199884224223908,0.1315663597390926,-0.27743172366464663
2000,25,3,ATCTCGCA,3 2 0,2.458256387471682,-0.49322783310594787,1.965028554365734,-0.16711179740253504
2000,26,4,CTATCGAA,5 6 0 3,-0.16012891547930685,0.09343621011814385,-0.06669270536116301,0.36848998811642275
2000,26,4,CTATCGTA,3 6 5 0,-0.41275520268430843,-0.12460736340200729,-0.5373625660863157,-0.23188694424611594
2000,26,4,CTATCGCA,6 3 0 5,0.14217936792817598,-0.23377991907791484,-0.09160055114973886,-0.6218224343906883
2000,26,4,CTATCGTA,0 5 6 3,-0.41275520268430843,0.14393317870506817,-0.26882202397924027,0.25855251073471547
2000,27,4,CGATATCT,6 3 1 2,-0.18939037368141287,-0.40530158924870774,-0.5946919629301206,-0.681531977078918
2000,27,4,CGATATAT,2 1 3 6,-0.3585076696500863,0.023333888848699136,-0.33517378080138716,0.06110882466653602
2000,27,4,CGATATAT,6 2 1 3,-0.3585076696500863,0.03093384613601069,-0.3275738235140756,0.07943130067571245
2000,27,4,CAATATAT,3 2 6 1,-0.07652980002922827,0.12423567815529246,0.047705878126064194,0.6188099631407208
2000,28,4,CGATCCTA,1 6 3 2,0.18760707199480064,0.05816791531794463,0.24577498731274527,0.2366714202854449
2000,28,4,CTATCCCA,3 1 6 2,-0.2382854171195905,-0.009836722268899756,-0.24812213938849026,-0.03964467779111877
2000,28,4,CGATCCCA,2 3 6 1,0.20393239828313448,-0.14383865868894752,0.06009373959418696,-0.41360158013521653
2000,28,4,CGATCCTA,2 6 3 1,0.18760707199480064,-0.0416612058256125,0.14594586616918814,-0.18171378187018924
2000,29,2,CGATATAT,7 2,-0.2212716859373821,-0.014403998706538634,-0.23567568464392075,-0.06111788209420689
2000,29,2,CGATATAT,2 7,-0.2212716859373821,0.01510477080563788,-0.20616691513174423,0.06390133354972506
2000,29,2,CGATATAT,7 2,-0.2212716859373821,-0.014403998706538634,-0.23567568464392075,-0.06111788209420689
2000,29,2,CGATATAT,7 2,-0.2212716859373821,-0.014403998706538634,-0.23567568464392075,-0.06111788209420689
2000,30,4,CGATATGT,1 7 6 5,0.699452188805914,-0.5333392559229573,0.1661129328829567,-0.432627317624073
2000,30,4,CGATATAT,6 1 5 7,-0.4875723511994796,-0.06864142042508803,-0.5562137716245676,-0.12340834392611824
2000,30,4,CTATATCA,5 6 7 1,0.18588067518993512,0.27703399451884714,0.46291466970878226,0.5984558551430831
2000,30,4,CGATATCG,1 6 5 7,-0.04653905785469847,0.06638235553433747,0.019843297679638994,0.5878633072510128
2000,31,7,CGGTATTG,3 6 0 5 4 1 2,-0.44091445613292635,0.40812944995885125,-0.03278500617407509,0.4806929854046139
2000,31,7,CGATATCG,2 3 1 6 0 5 4,-0.699515516097609,0.32020660405274626,-0.3793089120448627,0.3140135902960825
2000,31,7,CGATATTG,2 0 5 4 3 1 6,0.2004960279496233,0.36599208017683793,0.5664881081264612,0.6460719561921234
2000,31,7,CGATATCG,0 6 4 1 2 3 5,-0.699515516097609,0.3481387252383321,-0.35137679085927687,0.33230307433719236
5000,0,2,CGATATAG,5 4,-0.08299755002397058,-0.014360853286643938,-0.09735840331061452,-0.14750502060748405
5000,0,2,CGATATAG,4 5,-0.08299755002397058,0.014669786391595885,-0.0683277636323747,0.15020156103343654
5000,0,2,CGATATAG,5 4,-0.08299755002397058,-0.014360853286643938,-0.09735840331061452,-0.14750502060748405
5000,0,2,CGATCTAG,4 5,0.9893946965551792,-0.3294696711511338,0.6599250254040454,-0.24981315684805935
5000,1,3,TTACTCCA,6 7 2,-0.8470839670475199,0.17154376683485983,-0.67554020021266,0.16840673106458723
5000,1,3,TTACTCTA,6 7 2,0.5544834130296912,-0.10661537389477438,0.4478680391349168,-0.1612699584441316
5000,1,3,TTACTCCA,6 2 7,-0.8470839670475199,-0.11325625973093034,-0.9603402267784502,-0.11793347458833303
5000,1,3,TTACTCTA,7 6 2,0.5544834130296912,0.14931496043483072,0.7037983734645219,0.21215587597881486
5000,2,6,ATGTCCCC,7 2 0 4 3 6,1.756422670271104,0.7343133380400992,2.4907360083112033,0.2948178111167978
5000,2,6,ATATCCAT,3 7 0 6 4 2,0.30160776523101696,-0.34784135392324345,-0.04623358869222649,-0.5355944656237533
5000,2,6,TTACCCCT,2 7 0 6 3 4,0.752143141351663,1.171031075850303,1.9231742172019661,0.608905353127103
5000,2,6,ATACTCCC,0 7 4 6 2 3,2.459555638394762,1.1091628041677941,3.568718442562556,0.3108014325084576
5000,3,6,CAATATAT,5 6 1 3 7 4,-0.3625387176280701,-0.03302248587079504,-0.39556120349886514,-0.08348262058741
5000,3,6,CGATCTAT,1 3 7 6 5 4,0.07822907072187224,0.5498332469754912,0.6280623176973634,0.8754437760114634
5000,3,6,CGATACCT,7 6 4 1 3 5,0.056718697448043365,0.7183250924830604,0.7750437899311038,0.9268187189099532
5000,3,6,CGATATAT,3 5 1 6 7 4,-0.7220129386919205,0.07903528958753547,-0.642977649104385,0.09866483289937818
5000,4,5,CGATCGCA,0 3 2 5 7,-0.07109538215402855,-0.08331910125462993,-0.1544144834086585,-0.5395808697175487
5000,4,5,TGATCGCA,2 3 0 5 7,3.3184635843157864,-0.0056811675633960945,3.3127824167523903,-0.0017090614240503385
5000,4,5,CGATCGCT,5 2 0 3 7,-0.1760527636106901,0.26743123374315836,0.09137847013246825,0.6030234131081385
5000,4,5,CGATCTCC,3 5 7 2 0,0.043876595240065264,0.06060426509261063,0.1044808603326759,0.5800513596427281
5000,5,6,TTTACCCC,3 1 5 4 2 7,-0.12414281243029812,-0.4133646773669284,-0.5375074897972265,-0.7690398463524095
5000,5,6,TTTAATCC,4 3 7 2 5 1,2.3284412026896666,-0.09525764044208973,2.233183562247577,-0.039302589392254526
5000,5,6,TCCGATCC,5 3 7 1 2 4,2.329049034154724,-0.0909596253204823,2.2380894088342416,-0.03758648753769644
5000,5,6,TGCGATCG,7 4 2 1 3 5,1.1857051815003725,-1.0218260713533898,0.16387911014698275,-0.46288181425854563
5000,6,6,TCTACTTG,6 7 3 4 5 2,2.4298569500143827,0.7600924441798327,3.1899493941942154,0.23827727347751007
5000,6,6,TCTAATAC,3 2 5 7 6 4,-0.4234793160806811,0.22204723780732571,-0.2014320782733554,0.3439784722563852
5000,6,6,TCTGGATC,3 2 7 4 5 6,0.06664546024825269,-1.098977074346017,-1.0323316140977643,-0.9428241490960445
5000,6,6,TCATATCA,3 6 7 2 5 4,0.5762731391140772,0.2558690700975612,0.8321422092116384,0.30748238373819364
5000,7,3,CGATATAA,0 4 3,-0.11367463976737904,-0.010002404526560316,-0.12367704429393936,-0.08087519057124226
5000,7,3,CGATATAA,3 0 4,-0.11367463976737904,0.08172772863811373,-0.031946911129265315,0.41825352120868337
5000,7,3,CGATATAA,0 4 3,-0.11367463976737904,-0.010002404526560316,-0.12367704429393936,-0.08087519057124226
5000,7,3,CGATATAA,0 3 4,-0.11367463976737904,-0.055460524121983656,-0.1691351638893627,-0.32790652663015923
5000,8,3,TGACACTG,6 7 2,1.4332418979234294,0.3162458174122216,1.749487715335651,0.18076481168748743
5000,8,3,TGACACTG,6 2 7,1.4332418979234294,0.26362037921377435,1.6968622771372037,0.15535755774978474
5000,8,3,TGACACTA,7 6 2,1.9660675920481083,0.06850929203495171,2.03457688408306,0.0336725009366394
5000,8,3,TGACACTA,7 6 2,1.9660675920481083,0.06850929203495171,2.03457688408306,0.0336725009366394
5000,9,4,TGATACCT,2 3 5 0,1.1573587424945364,0.9747132415929736,2.13207198408751,0.45716713547555665
5000,9,4,CGGTATCT,3 2 0 5,0.5495830819032137,-0.1493567466142216,0.4002263352889921,-0.21369042157896692
5000,9,4,CGATATCT,0 3 2 5,-0.194988065405527,-0.15439396426200291,-0.3493820296675299,-0.44190585419897926
5000,9,4,CGATATCT,0 5 2 3,-0.194988065405527,-0.05840442404269597,-0.25339248944822296,-0.2304899571801636
5000,10,3,AATACCGC,4 6 0,1.298034336922786,0.8506901992463982,2.1487245361691842,0.3959047262349581
5000,10,3,GATACCTC,4 0 6,-0.4255038535579594,0.30775633405757663,-0.11774751950038276,0.4197095918412795
5000,10,3,AATACCCC,4 0 6,1.2800742936132652,0.07518957258657366,1.3552638661998389,0.05547965563149359
5000,10,3,TATATCCC,0 4 6,1.1008108733036464,-0.1658990935411193,0.934911779762527,-0.13096849151219328
5000,11,4,CGATCGCT,0 2 6 7,-0.09647636464203169,-0.008363349340800408,-0.1048397139828321,-0.07977272183487584
5000,11,4,CGATCGCT,0 6 7 2,-0.09647636464203169,-0.291690163990427,-0.3881665286324587,-0.7514562500225728
5000,11,4,CGATCGCG,0 2 7 6,-0.6330456503056541,-0.08374557242750225,-0.7167912227331563,-0.11683398146000827
5000,11,4,CGATCGCG,2 7 0 6,-0.6330456503056541,-0.17640073196052608,-0.8094463822661802,-0.21792763032266918
5000,12,3,CTATCTCA,3 1 0,-0.16542942913643466,0.053692549835397285,-0.11173687930103737,0.24503498045853012
5000,12,3,CTATCTCA,3 0 1,-0.16542942913643466,0.02003358341331629,-0.14539584572311837,0.10801929256887396
5000,12,3,CTATCTCA,0 1 3,-0.16542942913643466,-0.02410597457040997,-0.18953540370684463,-0.12718454757769057
5000,12,3,TTATCTCA,0 3 1,2.6678288687970504,-0.3169725680925852,2.350856300704465,-0.10619552918163026
5000,13,4,CGATCGTA,3 5 0 4,-0.1848579596679878,-0.05772493805109313,-0.24258289771908093,-0.23795963604136897
5000,13,4,CGATCCTA,4 3 5 0,0.48715148891280524,0.3105606679470876,0.7977121568598928,0.3893141972031314
5000,13,4,TGATCTTA,3 5 0 4,0.04127485059955838,-0.00194124928980699,0.03933360130975139,-0.04491958540397333
5000,13,4,CGATCGTA,3 4 5 0,-0.1848579596679878,-0.07208265389620117,-0.25694061356418896,-0.2805420789508369
5000,14,3,CAGTATTA,6 0 5,0.2732775491661261,-0.0745549824194689,0.19872256674665723,-0.21434160306860867
5000,14,3,CAGTATTA,6 5 0,0.2732775491661261,0.4668743286175947,0.7401518777837208,0.6307817930768254
5000,14,3,CAGTATCA,0 6 5,-0.324547699515749,-0.03912708401283882,-0.36367478352858784,-0.1075881138450258
5000,14,3,CAGTATCA,5 0 6,-0.324547699515749,0.05363704747916498,-0.27091065203658404,0.141827632936995
5000,15,3,CGATATCG,5 7 3,-0.25148884550607997,0.050082530848364115,-0.20140631465771586,0.1660718979824561
5000,15,3,CGATATCT,7 3 5,-0.23951753938027331,-0.011372674487477363,-0.2508902138677507,-0.045329286910617134
5000,15,3,CGATATCT,5 3 7,-0.23951753938027331,0.0029904597923697818,-0.23652707958790353,0.012331386191681261
5000,15,3,CGATATCG,7 5 3,-0.25148884550607997,0.04961273448882508,-0.2018761110172549,0.16477075440675065
5000,16,3,ATATCCTA,1 6 2,-0.18968553173136193,0.07576326183134041,-0.11392226990002152,0.2854157324073284
5000,16,3,ATATCCTA,1 6 2,-0.18968553173136193,0.07576326183134041,-0.11392226990002152,0.2854157324073284
5000,16,3,ATATCCTA,1 2 6,-0.18968553173136193,-0.13507133074945488,-0.3247568624808168,-0.4159152472334082
5000,16,3,ATATCCCA,6 1 2,-0.1695272554289875,-0.10676009206848014,-0.27628734749746764,-0.38640963126065214
5000,17,3,CGATCTAT,5 2 3,-0.2484138579656462,0.032386475114970725,-0.21602738285067546,0.11533631302948871
5000,17,3,CGATCTAT,5 2 3,-0.2484138579656462,0.032386475114970725,-0.21602738285067546,0.11533631302948871
5000,17,3,CGATCTAT,2 3 5,-0.2484138579656462,-0.10270429368794032,-0.3511181516535865,-0.29250636346841014
5000,17,3,CGAGCGAT,5 3 2,1.0201439113309965,-0.15211154702178042,0.868032364309216,-0.12975972595216032
5000,18,5,AGTATATC,7 4 2 5 6,1.2432470989934323,-0.1738403752508706,1.0694067237425617,-0.12267441383149286
5000,18,5,AGGATATC,2 6 5 7 4,-0.720322810936765,-0.10421822072682385,-0.8245410316635888,-0.1263954330041694
5000,18,5,AGGATCCC,5 7 6 2 4,0.07522698889882662,0.16357282039485632,0.23879980929368294,0.6849788568871499
5000,18,5,AGAATATC,7 5 4 6 2,1.541624358793122,0.7156053145577319,2.257229673350854,0.31702813542027247
5000,19,6,CCATCGAT,1 5 7 0 6 2,0.9806386916879637,0.4151627133897007,1.3958014050776644,0.29743680718432897
5000,19,6,CGATCGCT,0 7 5 2 1 6,-0.03587460336853887,0.22066604784179056,0.1847914444732517,0.8601601609753207
5000,19,6,CGATCGCT,6 0 7 1 2 5,-0.03587460336853887,-0.015183609487008809,-0.05105821285554768,-0.29737839688917056
5000,19,6,CGATCTAC,0 6 1 5 2 7,0.6726403081921681,0.9021371350551721,1.5747774432473403,0.5728664319669704
5000,20,4,CGATATGT,2 3 7 6,1.0015945015593957,0.7019522119207444,1.70354671348014,0.4120533979879782
5000,20,4,CGATATTA,2 6 7 3,0.229589656560496,0.0125843602265312,0.2421740167870272,0.05196412230135384
5000,20,4,CGATATCG,7 3 2 6,-0.11222015623420312,-0.06287521190830958,-0.1750953681425127,-0.3590912345387373
5000,20,4,CGATATAT,2 6 7 3,-0.5501512715732697,0.09666879294849418,-0.45348247862477553,0.14945237207501857
5000,21,3,GTATCGCG,4 3 7,-0.17250498862580455,0.034837389245643946,-0.1376675993801606,0.16801866363876178
5000,21,3,GTATCGCA,7 3 4,-0.07676542090735328,0.1434561564175545,0.06669073551020122,0.6514173504710845
5000,21,3,GTATCGCA,4 7 3,-0.07676542090735328,-0.03828300658537609,-0.11504842749272937,-0.33275558318948284
5000,21,3,GTATCGCA,3 4 7,-0.07676542090735328,-0.16630428605171454,-0.24306970695906782,-0.6841835131669438
5000,22,5,CAATATAT,3 2 6 1 5,-0.23194884605338584,0.1174548020888535,-0.11449404396453233,0.33615791567533554
5000,22,5,CAATATAT,3 6 1 2 5,-0.23194884605338584,0.07544321327697912,-0.15650563277640672,0.24542993544246913
5000,22,5,CGATATAT,2 6 1 3 5,-0.35134543978675015,-0.0010503808268973458,-0.3523958206136475,-0.0029806846887918707
5000,22,5,CGCGATAT,3 1 5 2 6,0.718721007875859,0.3950572206607674,1.1137782285366264,0.354700074520065
5000,23,5,ATATCGCG,1 7 3 4 6,-0.09243908679429369,-0.2918779078308056,-0.3843169946250993,-0.7594717691720402
5000,23,5,ATATTGAT,7 1 3 6 4,1.3482950123712891,0.2626025636943323,1.6108975760656215,0.16301630072329004
5000,23,5,ATATAGTA,4 6 1 7 3,1.1828105148469419,-0.3674102248173181,0.8154002900296238,-0.23700510218750537
5000,23,5,AGATCGAT,7 4 3 6 1,0.8743905556123845,0.9624764521491711,1.8368670077615556,0.5239772112419097
5000,24,3,ATATCCCG,5 0 1,0.5732524576318454,-0.05010165625660523,0.5231508013752402,-0.08037430914520431
5000,24,3,CGATCCCG,1 0 5,0.7520309121009827,0.21752323770006932,0.969554149801052,0.2243538823950205
5000,24,3,ATATCGCG,5 1 0,0.004093482588505282,-0.07584603502045661,-0.07175255243195133,-0.9487927534347997
5000,24,3,CGATCGCG,5 1 0,-0.6368274625911972,0.1431073785706367,-0.49372008402056045,0.18348632605956683
5000,25,3,AACTTATA,0 3 6,1.293416391352956,-0.028868075940341242,1.2645483154126147,-0.021831970846208228
5000,25,3,AACATATA,6 0 3,0.9231825043098043,-0.3363417609839954,0.5868407433258089,-0.26703873061591193
5000,25,3,TACATATA,0 3 6,0.9476316602329415,-0.4107979358198133,0.5368337244131283,-0.3024064971887287
5000,25,3,GACATATA,0 6 3,-0.3090879599922691,-0.024257173554349087,-0.3333451335466182,-0.07276894459584703
5000,26,5,CAGTATCG,4 7 0 3 2,-1.1072826277500325,0.12551765892657674,-0.9817649688234558,0.10181507928177728
5000,26,5,CAGTATCG,7 3 0 4 2,-1.1072826277500325,0.2627497604489628,-0.8445328673010697,0.1917836123526729
5000,26,5,CAATATCT,0 2 3 4 7,0.13210721836697248,0.16552133484685516,0.29762855321382764,0.5561339228361546
5000,26,5,CACTATCA,7 2 3 4 0,-0.5542492823945939,-0.22778089251184763,-0.7820301749064416,-0.29126867456118083
5000,27,3,ATATCGTA,2 7 0,-0.19918748703296174,-0.0021422725472608484,-0.2013297595802226,-0.010640615434735224
5000,27,3,ATATCGTA,7 0 2,-0.19918748703296174,0.022541442297025593,-0.17664604473593615,0.10166216183490594
5000,27,3,GTATCGTA,2 7 0,0.28268493843054077,0.126318697463226,0.40900363589376676,0.3088449255156147
5000,27,3,GTATCGTG,0 7 2,1.2925970486643346,-0.16189358819426936,1.1307034604700652,-0.11130603669194165
5000,28,2,CGATAATA,4 1,-0.2334580438589673,-0.1360205985751346,-0.3694786424341019,-0.36814197886795164
5000,28,2,CGATGATA,1 4,0.7558222541135549,-0.10312406120452522,0.6526981929090296,-0.12005879688340815
5000,28,2,CAATGATA,1 4,1.4991800076385555,-0.10409377203564185,1.3950862356029137,-0.06492576212204683
5000,28,2,CAATGATA,4 1,1.4991800076385555,0.09564020051379662,1.5948202081523521,0.059969268024637534
5000,29,5,CGATATCT,3 2 5 6 0,0.23568693924762174,0.08412506537994702,0.31981200462756876,0.2630453646601332
5000,29,5,CGATATAT,2 6 5 0 3,-0.30039793935445536,-0.0600345098397872,-0.36043244919424255,-0.1665624445690063
5000,29,5,CGATACAT,3 0 5 6 2,0.8613874282583636,-0.3349394239561292,0.5264480043022344,-0.27997317232839053
5000,29,5,CGATATCT,6 5 2 0 3,0.23568693924762174,-0.25198276979365986,-0.016295830546038115,-0.5167078559975299
5000,30,5,CGATATCG,2 3 7 0 6,-0.15536170080314982,0.07798257572776013,-0.07737912507538969,0.3341953652650665
5000,30,5,CGTGATAC,3 2 6 0 7,1.3290994964025051,0.3831269892373905,1.7122264856398957,0.22375952740516555
5000,30,5,CGCGATAC,3 0 6 7 2,0.9086636457688142,0.23161258101858184,1.140276226787396,0.20311971395836695
5000,30,5,CGATATCG,2 0 7 3 6,-0.15536170080314982,-0.04921258743652768,-0.2045742882396775,-0.24056096130160126
5000,31,7,CGATATTA,0 5 6 1 7 4 3,-0.09472540115898642,0.04913633215970492,-0.0455890689992815,0.34155248255528176
5000,31,7,GTATCGTA,6 5 4 3 0 7 1,0.07721172942040155,-0.1976815190537593,-0.12046978963335775,-0.7191210411715178
5000,31,7,ATATTCTA,4 6 7 3 1 5 0,0.612393514123279,0.4123400392947332,1.0247335534180122,0.4023875649620017
5000,31,7,CGATCGCG,1 5 4 7 0 6 3,-0.29977033502144046,-0.294618168214555,-0.5943885032359955,-0.4956659938921801
10000,0,6,ATCATCTA,0 1 6 4 5 7,-0.7078936246815082,0.13567887137448587,-0.5722147533070223,0.16083842468647752
10000,0,6,ATCATGCA,5 1 4 0 6 7,-1.1911274408614698,0.3259437596525103,-0.8651836812089595,0.21485066722120974
10000,0,6,ATCATCTA,1 7 0 6 5 4,-0.7078936246815082,-0.04831007232153617,-0.7562036970030444,-0.0638849988607523
10000,0,6,GACACCAC,7 0 5 4 1 6,0.8754406382391,-0.27363518394123965,0.6018054542978604,-0.23813501133634893
10000,1,4,CTCGATAC,5 3 0 1,1.8225403260714765,0.7438861043034128,2.5664264303748894,0.2898528847346503
10000,1,4,CGCGATAC,5 3 1 0,-0.6771123168591051,0.06302807359848561,-0.6140842432606195,0.08515691672970123
10000,1,4,GACAATAC,0 1 5 3,2.4510890847710494,-0.17503759629924165,2.2760514884718077,-0.0666523810755025
10000,1,4,CGCGATAC,3 1 0 5,-0.6771123168591051,0.32313671774123254,-0.3539755991178726,0.3230562655532539
10000,2,5,CGATACTA,7 5 0 3 2,0.4135522781604788,-0.35465276209447616,0.05889951606600263,-0.46166419576832324
10000,2,5,TGATACTT,2 3 5 0 7,0.6210715419821327,0.5687724807720418,1.1898440227541744,0.47802272389912404
10000,2,5,TGATACTG,5 2 3 7 0,-0.02279590761039918,0.10182044880445495,0.07902454119405578,0.8170713037499632
10000,2,5,CGATACTT,2 5 7 3 0,0.4532321120674139,0.13956525916607188,0.5927973712334857,0.235435016986776
10000,3,5,GATAGCCG,6 0 3 2 5,-0.945259698151804,0.5185855351201925,-0.42667416303161154,0.35426254315222017
10000,3,5,GATAGGCG,5 3 0 6 2,-0.32357831861825526,0.35077979485080313,0.027201476232547872,0.5201684206723761
10000,3,5,GATCGGAG,5 2 0 6 3,3.5754375539464265,1.1428332950811475,4.718270849027574,0.24221443228861758
10000,3,5,TAGTGTCG,3 5 2 6 0,7.972986046883245,0.40944170017726567,8.382427747060511,0.04884524060715533
10000,4,1,CTATATCG,5,-0.04049861730935156,0.0,-0.04049861730935156,0.0
10000,4,1,CTATATCG,5,-0.04049861730935156,0.0,-0.04049861730935156,0.0
10000,4,1,CTATATCG,5,-0.04049861730935156,0.0,-0.04049861730935156,0.0
10000,4,1,CTATATCG,5,-0.04049861730935156,0.0,-0.04049861730935156,0.0
10000,5,7,GTATCGCA,4 6 7 2 1 3 0,-0.4189511143922422,0.1705777067023284,-0.24837340768991378,0.2893458311090185
10000,5,7,CTATCGCT,7 6 3 2 0 1 4,-0.6086297789532744,0.46654066738360633,-0.14208911156966808,0.4339225180278311
10000,5,7,CGATCGCG,1 4 2 7 6 3 0,-0.5061201638654795,0.18403972934069301,-0.3220804345247865,0.2666624519221585
10000,5,7,ATATCGAG,1 7 4 0 3 6 2,1.528747792476226,-0.08895794702535653,1.4397898454508695,-0.05499019064664047
10000,6,3,TATATTCC,1 2 6,-0.31432112855432903,-0.4351166846706547,-0.7494378132249837,-0.5805907801719516
10000,6,3,TCTATTCC,1 6 2,0.05779943514678543,-0.037828946801881536,0.01997048834490389,-0.3955828388081271
10000,6,3,TCCATTAC,2 1 6,2.815475757252048,0.5687658964750097,3.3842416537270577,0.16806302701482004
10000,6,3,TTTATTCC,6 1 2,1.1906151980596742,0.1424473814929561,1.3330625795526303,0.10685723512002024
10000,7,3,TCCGATAG,4 7 3,-0.1964732496992223,-0.08409584835214812,-0.2805690980513704,-0.2997331100831022
10000,7,3,TCCGATAC,7 4 3,-0.35658223221397034,-0.09309768959637088,-0.4496799218103412,-0.20703101268469828
10000,7,3,TCCGATAC,3 7 4,-0.35658223221397034,0.1953857112327655,-0.16119652098120485,0.3539801786543786
10000,7,3,TCCGATAC,3 4 7,-0.35658223221397034,0.054336302878900344,-0.30224592933507,0.13223132625696704
10000,8,5,CGATCTGA,5 7 0 6 1,0.025236326046358393,0.7038674084898409,0.7291037345361993,0.9653871940974053
10000,8,5,CGATCTCC,7 1 6 5 0,-0.039086965939599594,-0.34175193458467046,-0.38083890052427005,-0.8973661412061853
10000,8,5,TGATCCAT,7 1 5 6 0,1.4971212225561557,0.4024082057951013,1.899529428351257,0.21184626033637255
10000,8,5,GTATCGCG,7 6 0 1 5,-0.07664249942309187,0.30438000208201377,0.2277375026589219,0.7988504638955952
10000,9,5,GGCAGATA,4 1 0 6 3,2.165855056923932,0.22641556394149198,2.392270620865424,0.09464462839893267
10000,9,5,CACTAATA,1 3 4 0 6,1.896306227271893,0.15362273784823444,2.0499289651201273,0.07494051767751475
10000,9,5,TACCGATA,4 0 1 6 3,1.2673691820263855,0.15510293055320634,1.4224721125795918,0.10903758968738858
10000,9,5,TACGGATA,0 3 1 4 6,0.16869420450059858,0.2660941739453593,0.43478837844595786,0.6120084784612833
10000,10,5,TACACCTA,5 0 3 1 6,0.3355454158535469,0.08618691274390944,0.42173232859745635,0.2043640169359055
10000,10,5,GACTCGTA,0 3 1 6 5,1.2214040591022863,0.5890328667575844,1.8104369258598707,0.3253539840819486
10000,10,5,ATCACCTA,5 0 3 1 6,1.3107712087417163,0.37938836314374047,1.6901595718854567,0.22446896107005682
10000,10,5,TACACGTA,5 1 6 0 3,0.686192583922844,-0.00449457511496032,0.6816980088078837,-0.006507396374969108
10000,11,2,CGATATAG,3 5,-0.046876973637013264,-0.020143191465877952,-0.06702016510289122,-0.3005541904433325
10000,11,2,CGATATAG,5 3,-0.046876973637013264,0.019768329201496182,-0.027108644435517082,0.2966199921005312
10000,11,2,CGATATAG,3 5,-0.046876973637013264,-0.020143191465877952,-0.06702016510289122,-0.3005541904433325
10000,11,2,CGATATAG,3 5,-0.046876973637013264,-0.020143191465877952,-0.06702016510289122,-0.3005541904433325
10000,12,4,GTATCGCA,1 3 0 6,0.08127334596633462,0.06882077404452192,0.15009412001085654,0.4585174558439998
10000,12,4,GTATCGTA,6 0 1 3,0.1725495705361224,-0.08888547119301915,0.08366409934310326,-0.33999065544208296
10000,12,4,ATATCGCA,0 3 1 6,0.3022074279107083,-0.03669618004417652,0.2655112478665318,-0.10827910704645419
10000,12,4,CTATCGGA,3 0 1 6,0.061011961795507386,0.1443813226717432,0.20539328446725058,0.7029505518948183
10000,13,4,ATATCGTA,1 4 0 5,-0.5135585419785778,-0.08111685048009543,-0.5946753924586732,-0.136405258244703
10000,13,4,CAATACTA,1 0 5 4,1.4937898454805314,-0.5108713858772642,0.9829184596032672,-0.25484175474937537
10000,13,4,GGATCATA,0 4 5 1,0.8268266464364808,0.167347511089889,0.9941741575263698,0.16832816445990773
10000,13,4,CTATCGTA,4 0 1 5,-0.8016795166149326,-0.16180466174331132,-0.963484178358244,-0.16793702001315988
10000,14,4,TACCGCAG,1 2 3 5,2.810463843902265,0.13422888097281227,2.944692724875077,0.04558332346153593
10000,14,4,TGCGGGAG,3 1 5 2,3.4648144985068807,0.7324661479234766,4.197280646430357,0.1745096908271821
10000,14,4,TATCGTAG,1 3 2 5,0.7049329082753495,-0.2626139426697254,0.4423189656056241,-0.27142245609420446
10000,14,4,TATCGTAG,2 3 1 5,0.7049329082753495,0.36591395194640164,1.0708468602217511,0.34170521065040815
10000,15,5,TGTGATCC,7 5 2 1 6,-0.5217600933301563,-0.042954457941867474,-0.5647145512720237,-0.07606401826393926
10000,15,5,TGCGATCT,7 1 5 2 6,1.9203449141654305,1.0592276085042718,2.9795725226697023,0.35549650174488856
10000,15,5,TTTGATCC,1 5 7 6 2,-0.20463056489441556,0.05967399813585317,-0.1449565667585624,0.2257774041117072
10000,15,5,TGTGATCG,7 1 5 6 2,-0.20751518407780267,0.004155275905938893,-0.20335990817186378,0.019630872944000125
10000,16,3,CGATATAT,7 2 4,-0.29859917983429807,0.04716314770894359,-0.2514360321253545,0.1364033729297628
10000,16,3,CGATATAT,7 2 4,-0.29859917983429807,0.04716314770894359,-0.2514360321253545,0.1364033729297628
10000,16,3,CGATATAT,2 4 7,-0.29859917983429807,-0.056655060270258684,-0.35525424010455675,-0.15947750617581435
10000,16,3,CGATATAT,7 4 2,-0.29859917983429807,0.04664978780465434,-0.2519493920296437,0.13511926805654878
10000,17,4,ATCATATA,6 0 2 7,-0.36188571719793305,0.32571632941483486,-0.036169387783098195,0.47369889461406195
10000,17,4,ATGATACA,2 7 0 6,-0.705485752571708,-0.16074306923886938,-0.8662288218105774,-0.18556652144509211
10000,17,4,CTAATATA,2 7 6 0,0.006531098216616016,0.20714003782843982,0.21367113604505583,0.9694338770434635
10000,17,4,GTGATATG,2 7 6 0,1.0251419927703838,0.09019707952392864,1.1153390722943124,0.08086964920756197
10000,18,2,ATCAGCCA,7 6,1.24593424260605,0.18614219496957807,1.432076437575628,0.12998062818818487
10000,18,2,ATCAGCCA,6 7,1.24593424260605,-0.20218385388143512,1.043750388724615,-0.13961834630189804
10000,18,2,ATCAGCCG,7 6,6.201470333629839,0.03466993899041482,6.236140272620254,0.005559518784821603
10000,18,2,ATCAGCAT,7 6,3.070726551919619,0.05922247041320494,3.129949022332824,0.018921225231031097
10000,19,4,CGATATCC,5 3 2 4,-0.44070746274205674,0.02217616849272286,-0.4185312942493339,0.047908733418734493
10000,19,4,CGATACCC,3 4 5 2,1.3923279129174189,-0.009126356263783109,1.3832015566536358,-0.006512061409692071
10000,19,4,CGATCTCC,3 2 5 4,0.056206279129506376,0.1531556746759497,0.20936195380545608,0.7315353715998727
10000,19,4,CGATCGCC,4 2 3 5,1.4305840519496997,-0.11943763107288019,1.3111464208768195,-0.07705545824363819
10000,20,4,CGATCTAT,5 2 1 4,0.42099744443842013,0.5018173320384953,0.9228147764769155,0.5437898750974849
10000,20,4,CGGTATAT,1 5 2 4,0.6192588266555052,0.06829920261882183,0.6875580292743271,0.09933591014987812
10000,20,4,CAATATAT,2 1 4 5,-0.036663477842214576,-0.031227771478169686,-0.06789124932038426,-0.4599675479648831
10000,20,4,CAATATAT,2 5 4 1,-0.036663477842214576,0.0952337306864326,0.05857025284421802,0.7220299182127762
10000,21,5,ATACTCTA,1 4 2 3 0,0.20059053475565758,0.32440408514344377,0.5249946198991013,0.6179188754463635
10000,21,5,TTCACCTA,3 1 4 2 0,2.844902427171772,-0.4888204106939513,2.3560820164778207,-0.14662898941139874
10000,21,5,GCATACTA,2 0 4 1 3,3.2586770066079875,-0.9214923553293923,2.337184651278595,-0.22044378481887847
10000,21,5,TTATCCTA,4 2 1 3 0,-0.293832655904803,0.14927499376562547,-0.14455766213917753,0.33688200570821153
10000,22,3,CGATATAT,0 6 4,-0.2419932890253973,0.034186937383065885,-0.2078063516423314,0.12378488434035939
10000,22,3,CGATATCT,0 6 4,0.3339819224616667,0.05087355333778243,0.3848554757994491,0.13218872157685757
10000,22,3,CGATCTAT,6 0 4,0.599045212295414,0.4861851133134669,1.0852303256088809,0.44800177606600444
10000,22,3,CGATATAT,4 6 0,-0.2419932890253973,-0.02564007369553023,-0.2676333627209275,-0.09580297999792427
10000,23,2,ATGGGGAT,0 5,1.0209132355577262,-0.1491448858662554,0.8717683496914708,-0.12746792927238812
10000,23,2,ATGGGGAT,5 0,1.0209132355577262,0.1302927157000593,1.1512059512577855,0.11317932778031939
10000,23,2,TTGGGGAT,5 0,1.2147562093300335,0.1548770713517793,1.3696332806818128,0.11307922604996896
10000,23,2,ATGGGGAT,0 5,1.0209132355577262,-0.1491448858662554,0.8717683496914708,-0.12746792927238812
10000,24,6,CTATCGGA,0 7 3 6 2 1,-0.46655862084492394,0.02780872143108315,-0.4387498994138408,0.05625112958120409
10000,24,6,GTATCGGA,7 2 6 1 3 0,0.4154267455197038,0.17484141086262373,0.5902681563823275,0.2962067476826172
10000,24,6,ATATCGGG,0 6 3 7 1 2,1.0596240149129788,-0.34858353312590395,0.7110404817870748,-0.24753704353548817
10000,24,6,GATACGGC,7 0 6 2 3 1,0.6860128038793216,-0.5519130975896118,0.1340997062897098,-0.445836941399083
10000,25,7,ATATCTTA,4 0 3 1 6 7 5,1.7225185126251379,0.7350114334659477,2.4575299460910855,0.29908544334731185
10000,25,7,GTATCCCA,4 7 0 3 1 6 5,1.817271272478287,0.29944984169907585,2.1167211141773628,0.14146872712395714
10000,25,7,CGATATTA,6 5 3 4 1 0 7,0.12229721719908682,0.3907419078357304,0.5130391250348172,0.7616220455101018
10000,25,7,TGATACCG,0 3 7 6 5 1 4,0.9076009670234733,-0.10369561255375714,0.8039053544697161,-0.10253729187644123
10000,26,4,CGGTATTG,1 7 6 0,0.10380883759083659,0.0028862078161466798,0.10669504540698327,0.027051001338791084
10000,26,4,CGGTATCA,7 6 0 1,-0.5999464532589451,-0.195075188018202,-0.7950216412771471,-0.2453709155700809
10000,26,4,GGGTATTG,1 7 6 0,0.8588944424105946,0.5441768444058157,1.4030712868164104,0.38784689667519395
10000,26,4,CGGTATAT,7 0 1 6,-0.09255468163633473,-0.11462940688659717,-0.2071840885229319,-0.5532732156403486
10000,27,2,TATAGGCG,2 7,-0.328904820725627,-0.1046970023535666,-0.4336018230791936,-0.24145886105844303
10000,27,2,TATAGGCG,7 2,-0.328904820725627,0.10709510531793265,-0.22180971540769434,0.2456310171649732
10000,27,2,TATAGGCG,2 7,-0.328904820725627,-0.1046970023535666,-0.4336018230791936,-0.24145886105844303
10000,27,2,TATAGGCC,2 7,0.9123539638889833,0.23066319786770562,1.1430171617566889,0.20180204251106976
10000,28,7,CGATATCG,7 4 0 3 1 6 2,-0.6029500453360561,-0.31302665946904895,-0.9159767048051051,-0.34174085195283704
10000,28,7,CAACATAT,0 4 1 6 2 7 3,0.7367750374247963,0.6125018766735719,1.3492769140983683,0.453948237217759
10000,28,7,CGATATCG,0 7 1 4 2 6 3,-0.6029500453360561,-0.16658416418258426,-0.7695342095186404,-0.21647402041656616
10000,28,7,CACGATAT,4 0 7 1 3 2 6,0.5137685489361239,-0.13098485653776137,0.3827836923983625,-0.20315496657437462
10000,29,6,CTATATAT,2 3 7 0 5 1,0.5125696421789159,0.45914730399449155,0.9717169461734074,0.4725113684623902
10000,29,6,CGATATAG,2 1 7 3 0 5,-0.05587506810629428,-0.11994228008735952,-0.1758173481936538,-0.6821982092190882
10000,29,6,CAATATAT,0 1 7 5 2 3,-0.24805367048008908,0.001806580020782711,-0.24624709045930637,0.007230361840913978
10000,29,6,CGATATAT,7 1 3 0 2 5,-0.5200527722932999,-0.06049407679406915,-0.5805468490873691,-0.10420188635795201
10000,30,4,TATGGATA,0 6 1 2,0.6537522353117078,0.4322449124488319,1.0859971477605397,0.39801661849681125
10000,30,4,GACGGATA,2 6 0 1,0.09146705853530657,0.03925827469843268,0.13072533323373925,0.3003111464878669
10000,30,4,TATGGATA,2 0 1 6,0.6537522353117078,0.010410465027698379,0.6641627003394062,0.01567457043639809
10000,30,4,TGCGGATA,0 6 1 2,-0.42410832274944954,-0.274565529519637,-0.6986738522690865,-0.3929809719197722
10000,31,7,CGATATAA,5 6 4 3 2 0 1,-0.3408012785959702,0.09782816280746331,-0.2429731157885069,0.22303145565070484
10000,31,7,CGATACCA,3 6 2 0 5 1 4,0.21287798162261318,-0.6392925900982682,-0.42641460847565504,-0.7501932257614513
10000,31,7,CTATCGAA,4 5 0 2 1 6 3,-0.6498243715247574,-0.21059003321312986,-0.8604144047378872,-0.24475419292553924
10000,31,7,GCGTATCA,1 4 3 2 5 0 6,2.580222870041638,0.7856588368673592,3.365881706908997,0.23341843394397133
15000,0,2,CGATATCG,7 0,-0.2019640227341506,0.01565287881884614,-0.18631114391530446,0.07192859886865983
15000,0,2,CGATATCA,0 7,0.3231393419957711,0.08471715821246617,0.40785650020823727,0.20771314952492495
15000,0,2,CGATATCG,0 7,-0.2019640227341506,-0.015704159947299567,-0.21766818268145016,-0.07214724611489066
15000,0,2,CGATATCT,7 0,-0.1630456515572669,0.011571220683686656,-0.15147443087358026,0.06626633804160428
15000,1,3,TTAATATA,3 2 1,-0.6092257459947725,-0.43729582692959257,-1.046521572924365,-0.41785648594670405
15000,1,3,TGGGTATA,1 3 2,0.03239658052075667,-0.014448844853629073,0.017947735667127596,-0.30843662402795574
15000,1,3,TCAATATA,2 1 3,-0.7404223219517174,0.07984318313157246,-0.660579138820145,0.09733821870696022
15000,1,3,TCGATATA,3 1 2,0.30028850746373426,-0.2755969030676848,0.02469160439604945,-0.4785620507617441
15000,2,5,ATATCGTA,7 6 3 5 2,-0.3819126617976756,0.03449407227084489,-0.3474185895268307,0.08283745061905946
15000,2,5,ATATCGTA,2 6 5 3 7,-0.3819126617976756,-0.14558672152712493,-0.5274993833248005,-0.2759941075371493
15000,2,5,ATATCGCC,2 3 7 6 5,-0.5390068749932044,-0.20175245597653824,-0.7407593309697427,-0.27235898022697885
15000,2,5,ATATCGTA,6 2 7 3 5,-0.3819126617976756,0.08444071195766778,-0.2974719498400078,0.18106593992813433
15000,3,4,CGATATTA,0 1 6 5,-0.3487014586343531,-0.017479326801375983,-0.3661807854357291,-0.047734145254445366
15000,3,4,CGATATCA,6 0 1 5,-0.32928183761009655,0.04117884135258976,-0.2881029962575068,0.11115576818542026
15000,3,4,CTATATCA,0 6 5 1,-0.45600558692766,0.07204402137273869,-0.38396156555492134,0.1364341914855735
15000,3,4,CGATAATA,0 6 1 5,0.39972718867152324,0.4188647254092608,0.818591914080784,0.5116893023303483
15000,4,2,CACCGATA,3 0,0.25726693287293445,0.09424708887660893,0.3515140217495434,0.26811758008265385
15000,4,2,CACTGATA,3 0,-0.2895997052373782,-0.013469085639660872,-0.3030687908770391,-0.04444233799423294
15000,4,2,GACAGATA,0 3,-0.4218509108591122,0.11614092247849905,-0.30570998838061314,0.21587859755784808
15000,4,2,AACTGATA,3 0,0.7731667535020397,0.2418108850962266,1.0149776385982663,0.23824257392525344
15000,5,3,CTATCGCT,3 0 5,-0.3220065020006393,-0.045121354932879054,-0.36712785693351835,-0.12290365353847255
15000,5,3,CTATCTCT,3 0 5,0.09304028803348663,0.2816971443353804,0.37473743236886703,0.7517187235730861
15000,5,3,CTATCGCT,3 5 0,-0.3220065020006393,0.05779276979437009,-0.2642137322062692,0.1521666155946787
15000,5,3,CTATCTCT,3 0 5,0.09304028803348663,0.2816971443353804,0.37473743236886703,0.7517187235730861
15000,6,5,CGGTATTG,2 7 6 5 3,0.5680787876729028,-0.28592183061434806,0.2821569570585547,-0.3348028379508452
15000,6,5,CGCTATCA,5 7 3 2 6,0.44216906452804583,-0.426490397768748,0.015678666759297855,-0.49097536638935446
15000,6,5,CGATATAC,3 7 6 2 5,0.4258450072581481,-0.26080951791469875,0.16503548934344936,-0.37982640229312836
15000,6,5,CGGTAGAC,5 7 6 3 2,3.003674615033461,0.07467358885384989,3.0783482038873107,0.02425768103801667
15000,7,3,CGATATTA,4 7 0,-0.47363406243797557,-0.1415762436303878,-0.6152103060683634,-0.23012657986040885
15000,7,3,TGATCTTC,7 4 0,0.3296491267025563,0.05332824040570605,0.38297736710826236,0.13924645419224185
15000,7,3,CGATATTG,4 0 7,0.08086680332953367,-0.16540262391343075,-0.08453582058389708,-0.6716327956951306
15000,7,3,CGATATTA,7 0 4,-0.47363406243797557,0.050102116474173064,-0.4235319459638025,0.09566289000358935
15000,8,5,GTATCGTA,6 7 3 5 1,-0.34729536628463187,-0.00746484635689626,-0.3547602126415281,-0.021041949155778658
15000,8,5,GTATCGTA,5 6 1 3 7,-0.34729536628463187,-0.06464712111571203,-0.4119424874003439,-0.15693239491678143
15000,8,5,GTATCGCG,7 1 3 5 6,-0.5647649813695814,-0.2766169952602002,-0.8413819766297816,-0.32876505908554193
15000,8,5,GTATCTTT,1 3 6 5 7,1.537552261215101,0.2972004066435501,1.834752667858651,0.16198390761323386
15000,9,3,ATATCCGT,2 6 0,0.746443096443314,0.18784012795913796,0.9342832244024519,0.20105266053479295
15000,9,3,TTATCCCT,6 2 0,0.5537020392196004,0.2874879696652761,0.8411900088848765,0.34176341448275704
15000,9,3,CTATCCCT,2 0 6,0.0038790430302182433,-0.05839719382076036,-0.05451815079054212,-0.937712308476499
15000,9,3,ATATCCAT,2 0 6,0.4514219928582457,0.4421483787815519,0.8935703716397976,0.4948109212374199
15000,10,5,CGATATAT,3 7 5 6 2,-0.5111211498335573,0.06708946346805256,-0.4440316863655047,0.11602945695681469
15000,10,5,CGATATCT,2 7 5 3 6,-0.11421720045084882,0.24354223527469454,0.12932503482384572,0.6807430103996726
15000,10,5,CGATATAC,3 2 5 6 7,0.4258450072581481,0.3645820473485726,0.7904270546067207,0.46124692370249326
15000,10,5,CGATACCT,5 7 2 3 6,0.4239605608579522,-0.44671360329306076,-0.02275304243510856,-0.5130663360485118
15000,11,4,ATACTATA,3 6 1 0,-0.6092095621629419,-0.45628217021556505,-1.065491732378507,-0.4282362371756768
15000,11,4,GTATTATA,6 1 0 3,-0.5446245395919949,0.17796627117304453,-0.36665826841895033,0.24628914251569797
15000,11,4,GGATTATA,0 1 3 6,-0.543043276575427,-0.04891752112985026,-0.5919607977052772,-0.08263642004585091
15000,11,4,CGATTATA,6 1 3 0,0.5799607021389721,0.25076518190520103,0.8307258840441731,0.30186272839413153
15000,12,3,CAATATAT,5 7 0,-0.11134627195949215,-0.045915707162689445,-0.1572619791221816,-0.29196953655922225
15000,12,3,CAATATAG,7 5 0,1.4290508011282563,-0.46217946814144373,0.9668713329868126,-0.24438032515200525
15000,12,3,CAATATAT,5 0 7,-0.11134627195949215,-0.02437730800278115,-0.1357235799622733,-0.17960996909716972
15000,12,3,CAATATAT,5 7 0,-0.11134627195949215,-0.045915707162689445,-0.1572619791221816,-0.29196953655922225
15000,13,4,ATGATATC,4 7 5 1,0.2873440731370245,0.061804240771413,0.3491483139084375,0.1770142896569189
15000,13,4,ACGATATC,1 5 7 4,-0.6560944335732715,-0.16924399415800506,-0.8253384277312765,-0.20506011651878342
15000,13,4,ATGATGTA,1 7 4 5,4.338762025446561,-0.386295806781221,3.9524662186653403,-0.08175472565572584
15000,13,4,ACGATATA,5 4 1 7,0.653136477684936,0.3891870853972499,1.0423235630821859,0.3733841382674019
15000,14,6,CAATATAT,0 3 4 6 1 5,-0.33898808210634446,0.05874250562563166,-0.2802455764807128,0.14769421170397193
15000,14,6,CAATATAT,5 4 1 6 3 0,-0.33898808210634446,-0.14845251372382418,-0.48744059583016863,-0.3045550883405435
15000,14,6,CAATATAT,0 1 4 6 5 3,-0.33898808210634446,-0.097603161691878,-0.43659124379822245,-0.22355730463753148
15000,14,6,CGATCGAT,0 4 1 5 3 6,1.05255024210265,0.21916148008644232,1.2717117221890923,0.17233581814374038
15000,15,4,GGATATCG,4 5 6 0,1.0667071065359917,0.6613850246130806,1.7280921311490722,0.38272555767805116
15000,15,4,CGATATCG,6 4 5 0,-0.36998800115119934,0.11975992362312393,-0.2502280775280754,0.24453380517806078
15000,15,4,TGATATGG,6 0 5 4,2.4024474394735345,-0.14765526055020217,2.2547921789233323,-0.057901691782384995
15000,15,4,CGATATCG,6 5 4 0,-0.36998800115119934,0.004726636068144607,-0.36526136508305473,0.012613961662185647
15000,16,3,CACGGATA,4 0 6,-0.35395839750001645,0.15942701242486113,-0.19453138507515533,0.3105405984330363
15000,16,3,TACGGATA,0 6 4,0.020924756805355327,0.052274089587105,0.07319884639246033,0.7141381615064547
15000,16,3,CACGGATA,6 4 0,-0.35395839750001645,0.0015010867416309637,-0.3524573107583855,0.004222947503661203
15000,16,3,CACGGATA,0 4 6,-0.35395839750001645,-0.03139141656836397,-0.3853498140683804,-0.08146212979044945
15000,17,1,ATATCGTA,1,-0.0641165924622058,0.0,-0.0641165924622058,0.0
15000,17,1,ATATCGTA,1,-0.0641165924622058,0.0,-0.0641165924622058,0.0
15000,17,1,ATATCGTA,1,-0.0641165924622058,0.0,-0.0641165924622058,0.0
15000,17,1,ATATCGTA,1,-0.0641165924622058,0.0,-0.0641165924622058,0.0
15000,18,4,CGCGGATA,0 5 2 1,-0.25127328087238165,-0.10241795532392928,-0.35369123619631093,-0.28956882399846556
15000,18,4,TGCGGATA,2 0 1 5,-0.6748605538419541,0.04932656806162594,-0.6255339857803282,0.06811301467494667
15000,18,4,TGCGGATA,1 5 0 2,-0.6748605538419541,-0.18664228935991378,-0.8615028432018679,-0.21664732836659908
15000,18,4,TGCGGATA,1 0 2 5,-0.6748605538419541,0.14094194691828488,-0.5339186069236692,0.17276478901074996
15000,19,6,CGGTATCG,6 2 0 7 5 4,0.010884061024813096,0.0904239836179066,0.1013080446427197,0.8925646915484589
15000,19,6,CGCTATCA,4 7 0 5 6 2,-0.0006467633385609517,-0.09585197859371686,-0.09649874193227781,-0.9932977018600424
15000,19,6,CGATATCG,6 0 2 7 5 4,-0.29910645079720233,0.06245092452142309,-0.23665552627577924,0.1727275635475219
15000,19,6,CGATATCC,0 7 5 4 6 2,-0.028543270937505305,-0.2431785397109385,-0.2717218106484438,-0.894954067656958
15000,20,3,ATATCCCG,7 6 5,0.632842376000597,0.19019254210198433,0.8230349181025813,0.23108684445667604
15000,20,3,ATATCGTA,6 7 5,-0.39992938886612395,-0.008011059080060612,-0.40794044794618456,-0.01963781507912015
15000,20,3,ATATCCGC,5 7 6,0.3464829792500481,-0.07821043946277939,0.2682725397872687,-0.1841574086545107
15000,20,3,ATATCGTA,6 5 7,-0.39992938886612395,-0.15285323670953144,-0.5527826255756554,-0.2765159931543679
15000,21,4,CTATCTCA,3 7 6 2,-0.16995687154795958,0.09269358001214867,-0.07726329153581091,0.3529161265916784
15000,21,4,CTATCTAT,7 3 6 2,-0.0664588597229614,0.17914539989376532,0.11268654017080393,0.7294067300515367
15000,21,4,CTATCTAT,3 7 6 2,-0.0664588597229614,0.09748218785332607,0.03102332813036468,0.5946173291833103
15000,21,4,CTATCTTA,6 7 3 2,0.6237560576492975,0.5287363756716723,1.1524924333209698,0.4587764399876271
15000,22,4,CAGTATAT,6 4 3 0,-0.22076454243751242,0.0496107474038876,-0.17115379503362482,0.18348846683803416
15000,22,4,GAGTATAT,6 4 3 0,0.49536655223515735,0.7371134617521142,1.2324800139872716,0.5980733589078117
15000,22,4,CAGTATAT,4 6 0 3,-0.22076454243751242,-0.10076625420949092,-0.32153079664700335,-0.3133953427177255
15000,22,4,CAGTGTAT,4 3 6 0,0.9187148949913859,-0.496245496004009,0.4224693989873769,-0.3507133479933744
15000,23,4,TATACGCC,1 7 2 3,2.744668853216555,0.2348626124844735,2.9795314657010286,0.07882535062579535
15000,23,4,TGATCGCG,7 1 2 3,-0.1967898737730045,-0.03323382201840497,-0.23002369579140947,-0.14447999326357283
15000,23,4,TATACGCA,3 1 7 2,-1.3335762243105176,-0.14506034569254211,-1.4786365700030597,-0.09810412418802948
15000,23,4,TTATCGCG,3 7 1 2,0.526171197381534,-0.30394164177243166,0.2222295556091023,-0.36614497142605684
15000,24,7,CGATATCT,4 7 6 0 5 3 2,-0.4566236836044544,-0.05699379359183254,-0.5136174771962869,-0.11096544826112191
15000,24,7,CGGTATAT,5 7 2 3 0 4 6,0.061416868989796036,-0.1293776050242954,-0.06796073603449937,-0.6780993301448552
15000,24,7,CGATATCG,0 3 5 2 6 4 7,-0.45987866696626867,-0.01838115222706982,-0.4782598191933385,-0.038433402701637295
15000,24,7,CGATCTAT,2 7 0 3 4 6 5,0.03231072973081561,-0.29485812407062184,-0.26254739433980623,-0.9012414251681018
15000,25,4,CGGTATAT,7 1 3 4,-0.29244755916815235,0.0819456484786536,-0.21050191068949875,0.21887589519508394
15000,25,4,CAGTATAT,1 7 4 3,-0.33852209934062527,-0.06337060591771015,-0.4018927052583354,-0.15768040844875678
15000,25,4,CAGTATAT,7 3 1 4,-0.33852209934062527,0.1278601829092323,-0.21066191643139298,0.2741531738564911
15000,25,4,CGGTATAT,4 7 1 3,-0.29244755916815235,-0.008972441715810131,-0.3014200008839625,-0.02976724069237943
15000,26,2,TACGATAT,7 1,0.14327763812084893,-0.34461901531991046,-0.20134137719906153,-0.7063360916488726
15000,26,2,TCCGATAC,7 1,0.14131854824921275,0.28607586707440413,0.4273944153236169,0.6693486316562925
15000,26,2,TACGATAT,1 7,0.14327763812084893,0.26664348496619183,0.40992112308704076,0.6504751034983235
15000,26,2,TACGATAT,1 7,0.14327763812084893,0.26664348496619183,0.40992112308704076,0.6504751034983235
15000,27,4,GTATCTTA,5 0 1 6,0.6935478891599178,0.029123882834081627,0.7226717719939995,0.040300291173298315
15000,27,4,CTATCTCA,1 5 0 6,0.0865938927430503,-0.11510596629098968,-0.028512073547939387,-0.5706794582913604
15000,27,4,ATATCGTA,5 0 6 1,-0.48137292116640173,0.09008950254214154,-0.3912834186242602,0.15764729018839024
15000,27,4,CGATCTGA,1 5 0 6,0.2625720686402575,-0.07859894167002057,0.18397312697023693,-0.23037989540359463
15000,28,2,AGGTGATA,6 7,0.36781217318192583,-0.15218592094899142,0.2156262522329344,-0.2926663052551042
15000,28,2,AGGTGATA,7 6,0.36781217318192583,0.14018531716718352,0.5079974903491093,0.2759567120515585
15000,28,2,AGGTGATA,6 7,0.36781217318192583,-0.15218592094899142,0.2156262522329344,-0.2926663052551042
15000,28,2,AGGTGATC,6 7,-0.38363227129780697,0.16262268082773235,-0.22100959047007462,0.2977047259616581
15000,29,5,CGATATAT,7 6 4 3 2,-0.529645013377547,0.15694237335112415,-0.37270264002642284,0.22858324575243819
15000,29,5,CGATATAT,3 2 7 6 4,-0.529645013377547,0.057502752379444466,-0.4721422609981025,0.09793574247073553
15000,29,5,CGATATAT,6 4 3 7 2,-0.529645013377547,0.03691884709980808,-0.4927261662777389,0.06516272864404433
15000,29,5,CGATATAT,2 7 4 6 3,-0.529645013377547,0.06586733295109592,-0.46377768042645107,0.1106061584737422
15000,30,3,CGATATAG,5 1 4,-0.18009273486094196,-0.00372733417639326,-0.18382006903733522,-0.020277079624185162
15000,30,3,CGATATAG,5 4 1,-0.18009273486094196,-0.043530190919728984,-0.22362292578067094,-0.1946588918276802
15000,30,3,CAATATAG,1 4 5,1.1045161948317888,-0.7466855862674113,0.35783060856437743,-0.40335180847981195
15000,30,3,CGATATAG,4 5 1,-0.18009273486094196,-0.023448464085551013,-0.20354119894649297,-0.11520254477677101
15000,31,5,CACCATAT,2 0 1 4 7,-0.6645347674386461,-0.19264710447879452,-0.8571818719174407,-0.22474472546632354
15000,31,5,CGACATAT,0 7 2 1 4,0.18762451799994828,0.08486722008656855,0.27249173808651683,0.3114487825668424
15000,31,5,CGACATAT,7 0 1 2 4,0.18762451799994828,0.0900845757625639,0.2777090937625122,0.324384680897779
15000,31,5,CACCCTAT,7 1 2 0 4,3.285264301533764,0.2700670614012681,3.555331362935032,0.07596115068675897
20000,0,2,ATATCGTA,5 6,-0.40096464874522353,0.05130010635362103,-0.3496645423916025,0.11342937024223601
20000,0,2,ATATCGTA,5 6,-0.40096464874522353,0.05130010635362103,-0.3496645423916025,0.11342937024223601
20000,0,2,ATATCGGA,5 6,0.9230350041984634,0.15383429898046286,1.0768693031789263,0.14285326782585672
20000,0,2,ATATCCGA,5 6,1.104160352563896,-0.11972150693672523,0.9844388456271709,-0.09782113037084725
20000,1,2,CAATATAT,2 0,-0.2157416352650675,0.048929382734482885,-0.16681225253058463,0.18486868378828694
20000,1,2,CAATATAT,2 0,-0.2157416352650675,0.048929382734482885,-0.16681225253058463,0.18486868378828694
20000,1,2,CAATATAT,0 2,-0.2157416352650675,-0.05144183462064922,-0.26718346988571673,-0.19253374710139293
20000,1,2,CAGTATAT,2 0,0.8852434398247224,-0.22852234888979517,0.6567210909349273,-0.20517989617327922
20000,2,3,CGCGGATA,6 3 2,-0.13484761194591566,-0.1204380567482477,-0.25528566869416336,-0.47177758690612037
20000,2,3,CGGAGATA,2 6 3,2.143979048755044,0.4713754917005315,2.6153545404555754,0.18023387820238757
20000,2,3,CGGTGATA,3 2 6,0.2845060254827878,0.30458630987251345,0.5890923353553013,0.5170434099924374
20000,2,3,CGCTGATA,2 3 6,-0.029859548326316876,-0.14411014794646215,-0.17396969627277903,-0.828363508323323
20000,3,4,TTATTCCT,0 7 3 4,2.5288213786190576,0.19818977422588002,2.7270111528449377,0.07267655433646458
20000,3,4,TTATACCC,4 7 3 0,1.191124669399958,-0.4591851202832222,0.7319395491167358,-0.2782417720320103
20000,3,4,ATATTCCT,7 0 4 3,0.2778647977954938,0.44743003205832466,0.7252948298538184,0.6168940045367526
20000,3,4,TTATCCCG,0 3 4 7,0.9221837120639567,-0.08926690218606037,0.8329168098778963,-0.08825631318860892
20000,4,5,CAATCTAT,7 0 4 1 2,0.7334867416966446,0.10102793245509023,0.8345146741517349,0.12106190050855944
20000,4,5,CGATATAG,2 7 1 0 4,0.01809323163667509,-0.17056724331097417,-0.15247401167429908,-0.9040963315623174
20000,4,5,CGATATAT,2 0 1 7 4,-0.3994273785809491,0.11850997676052799,-0.28091740182042113,0.22881141037296707
20000,4,5,CGGTATAT,1 0 2 4 7,0.5253565267599498,-0.26418774665530087,0.26116878010464895,-0.33460789413686837
20000,5,4,CTATCCTC,6 3 5 0,2.3389639397395445,0.4469777103587891,2.7859416500983336,0.16044044222642365
20000,5,4,ATATCGCC,6 0 3 5,-0.6301099891947866,0.05299336098318985,-0.5771166282115967,0.07757736947034868
20000,5,4,ATATCCGC,5 6 3 0,0.24657051461118407,-0.011287130690869063,0.235283383920315,-0.04377272071048107
20000,5,4,ATATCGCC,3 6 5 0,-0.6301099891947866,-0.03602899230832168,-0.6661389815031082,-0.05408629926899657
20000,6,5,CGATATAA,2 5 1 6 3,-0.1334316152665056,0.1608544010885966,0.02742278582209101,0.5465920640092548
20000,6,5,CTATATTA,6 2 5 3 1,0.36308424070238354,0.36204154113629006,0.7251257818386736,0.49928102158811016
20000,6,5,CGCTATCA,1 3 2 5 6,0.04923778147475666,-0.45328130240798803,-0.40404352093323137,-0.9020180863693417
20000,6,5,CGATATAA,1 3 2 6 5,-0.1334316152665056,0.010138962439538268,-0.12329265282696733,0.07062005740686972
20000,7,4,GTGATCCA,2 5 0 7,0.22072483747365812,0.3498654878110665,0.5705903252847246,0.6131640729037661
20000,7,4,GTGATCCG,5 7 0 2,0.019299954492612237,-0.11591746932336822,-0.09661751483075598,-0.857267251897375
20000,7,4,GTGATCCG,0 2 5 7,0.019299954492612237,-0.4320856136686517,-0.4127856591760395,-0.9572428631884902
20000,7,4,ATGATACG,2 7 0 5,0.9194090093761984,0.5777189494534625,1.4971279588296609,0.3858848176912537
20000,8,4,CGATATCC,4 7 1 6,0.2186066509374811,-0.29813108188804094,-0.07952443095055983,-0.5769485426540464
20000,8,4,CTATCTCC,1 4 7 6,0.5099414391408148,-0.15875841303036786,0.35118302611044694,-0.23741356082986956
20000,8,4,CGATATAT,1 6 7 4,-0.5970071392557363,0.09626095271687429,-0.500746186538862,0.13885097818792638
20000,8,4,CGATATTG,1 7 6 4,0.7536780365176083,-0.10683367632082774,0.6468443601967806,-0.12415133312762486
20000,9,8,CAATCGGC,3 1 7 5 2 4 0 6,1.8640414067946836,0.04222250474137823,1.9062639115360618,0.022149349041264418
20000,9,8,CTATCTAC,0 2 3 4 5 6 1 7,1.0258883665445264,0.2999758000701078,1.3258641666146342,0.22624927019186616
20000,9,8,CGGTATCG,3 0 4 5 1 7 6 2,-0.43558055857040756,0.04116740269411423,-0.39441315587629333,0.0863504535707341
20000,9,8,TGATATCG,6 4 2 0 5 3 7 1,0.8820965256632558,-0.14148772982226632,0.7406087958409895,-0.13822773168306862
20000,10,4,GATACGTC,2 7 6 1,0.5104973305798546,-0.2311780066271374,0.2793193239527172,-0.31169703916232366
20000,10,4,GATACGGC,6 7 2 1,-0.1486567038523896,-0.11445962914630137,-0.26311633299869097,-0.4350152947246753
20000,10,4,GATACGCC,2 7 1 6,-0.4274575292709386,-0.07814894076281576,-0.5056064700337544,-0.15456475617805784
20000,10,4,GATACGTG,6 2 1 7,0.447021669537643,0.3583677196823323,0.8053893892199753,0.4449620574582112
20000,11,1,CGATATCG,2,-0.1548697477447476,0.0,-0.1548697477447476,0.0
20000,11,1,CGGTATCG,2,0.3874982168504175,0.0,0.3874982168504175,0.0
20000,11,1,CGATATCG,2,-0.1548697477447476,0.0,-0.1548697477447476,0.0
20000,11,1,CGATATCG,2,-0.1548697477447476,0.0,-0.1548697477447476,0.0
20000,12,3,CGATCGCA,5 1 7,0.09815098435464975,-0.05431745879897143,0.04383352555567832,-0.3562537773422616
20000,12,3,CGATCGCG,7 1 5,-0.47036088750101834,-0.09110781455534545,-0.5614687020563638,-0.16226695133970168
20000,12,3,CTATCTCA,7 5 1,0.16848258463153343,-0.28905279976394205,-0.12057021513240862,-0.631760536173299
20000,12,3,CTATCGCA,1 5 7,-0.2550510489153397,-0.08421118774976577,-0.33926223666510547,-0.2482185715025301
20000,13,4,TGAGTATC,1 4 3 2,0.25769311753573954,-0.1539300903415426,0.10376302719419694,-0.3739587258341226
20000,13,4,TGCGGATC,2 4 1 3,-0.06550724272825414,0.15391227509441796,0.08840503236616382,0.7014520705437197
20000,13,4,TACTGATC,2 1 3 4,0.8619482325268173,-0.129519993417186,0.7324282391096313,-0.13063453777741246
20000,13,4,TGATCATC,4 1 3 2,0.5664474640405768,0.008163280728423317,0.5746107447690001,0.014206627360762366
20000,14,2,CGATATAT,7 0,-0.22498268455743198,0.0282732298633529,-0.19670945469407908,0.11163897170186876
20000,14,2,CGATATAT,7 0,-0.22498268455743198,0.0282732298633529,-0.19670945469407908,0.11163897170186876
20000,14,2,CGATATAG,7 0,0.40058328368592555,-0.1262538138347331,0.27432946985119244,-0.23964488155616712
20000,14,2,CGATATAT,7 0,-0.22498268455743198,0.0282732298633529,-0.19670945469407908,0.11163897170186876
20000,15,5,CTATTGCT,3 6 7 5 2,0.8696620383474221,-0.592093274444716,0.277568763902706,-0.4050563519510955
20000,15,5,CTTTTTCA,7 3 5 6 2,1.2449598084336992,1.5516268067965244,2.7965866152302237,0.5548288039234536
20000,15,5,CTATTGCA,2 7 6 5 3,0.14369237068639862,0.6403406127739499,0.7840329834603486,0.8167266253873544
20000,15,5,CTATTTAA,7 2 3 6 5,-0.2538345902550936,-0.30795359437613534,-0.5617881846312289,-0.5481667340125413
20000,16,2,CGATATAT,1 0,-0.22493309981988008,0.059934544800448575,-0.1649985550194315,0.21039435658033148
20000,16,2,CTATATAT,0 1,1.1471873625424664,0.17039881674799506,1.3175861792904615,0.12932650586829714
20000,16,2,CGATATAT,0 1,-0.22493309981988008,-0.05922460234291538,-0.28415770216279546,-0.20842159790898537
20000,16,2,CGATATAT,1 0,-0.22493309981988008,0.059934544800448575,-0.1649985550194315,0.21039435658033148
20000,17,3,ATATCGTC,5 3 2,-0.18933485190070276,0.08187207352147641,-0.10746277837922635,0.3018804678163316
20000,17,3,ATACCCTC,3 5 2,1.3721840376322136,-0.8011664020695246,0.571017635562689,-0.36863194606548283
20000,17,3,ATATCATC,2 3 5,0.3369370882004912,0.15316146957365095,0.49009855777414213,0.31251156965092347
20000,17,3,ATCACCTC,2 5 3,1.0431723136790225,-0.24039705683346657,0.802775256845556,-0.18728793500072657
20000,18,4,ATATCGCC,7 4 6 5,-0.42354815310654037,0.07238073038893234,-0.35116742271760804,0.14594981820532155
20000,18,4,ATATCGCA,6 5 4 7,0.030103601519562595,-0.017762877397780485,0.01234072412178211,-0.37109220898520284
20000,18,4,ATATCGTC,6 5 4 7,0.5215161962290531,0.10006059120253274,0.6215767874315858,0.16097864853671995
20000,18,4,ATATCGTA,4 5 7 6,-0.5072156666319843,-0.005441695553462633,-0.5126573621854469,-0.010614683324286629
20000,19,2,TGTCGATA,0 4,-0.3400337715664561,0.0997974466835605,-0.2402363248828956,0.22689941628207
20000,19,2,CGTCGATA,4 0,1.0024092976322716,0.2866867146712224,1.289096012303494,0.22239360911445227
20000,19,2,TGTCGATA,4 0,-0.3400337715664561,-0.11371630762466323,-0.4537500791911193,-0.25061440832667264
20000,19,2,TGTCGATA,4 0,-0.3400337715664561,-0.11371630762466323,-0.4537500791911193,-0.25061440832667264
20000,20,3,GATACGGA,4 1 3,-0.11497284144389175,0.09521093430922623,-0.019761907134665524,0.4529889805627103
20000,20,3,GATAGGGA,1 4 3,-0.058966653047595075,0.14411171551009394,0.08514506246249887,0.7096359722288972
20000,20,3,GATACGGA,1 3 4,-0.11497284144389175,-0.13982911289675837,-0.2548019543406501,-0.5487756687682932
20000,20,3,GATAAGGA,1 4 3,1.7987893074498387,-0.3549490294923521,1.4438402779574866,-0.16480601352729665
20000,21,2,AGTTATCC,1 3,0.5631688852707022,-0.03126458094276563,0.5319043043279366,-0.05259559348486978
20000,21,2,AGTTATCC,3 1,0.5631688852707022,0.03162064387641772,0.5947895291471199,0.05316274468005374
20000,21,2,ATTTATCC,3 1,1.8057557652774787,-0.013264290969575487,1.7924914743079032,-0.007291998196513545
20000,21,2,ATTTATCC,3 1,1.8057557652774787,-0.013264290969575487,1.7924914743079032,-0.007291998196513545
20000,22,3,CGATATCG,0 5 2,-0.2339095837726921,-0.019233484203544204,-0.2531430679762363,-0.07597871179055844
20000,22,3,CGGTATCG,0 2 5,0.10709528306474492,-0.040034346317795455,0.06706093674694946,-0.27210254308263937
20000,22,3,CGATATCG,2 5 0,-0.2339095837726921,0.03263616896179622,-0.2012734148108959,0.1224411517609353
20000,22,3,CGATATCG,5 2 0,-0.2339095837726921,0.044340032701763565,-0.18956955107092854,0.15935343690162512
20000,23,6,CGGTGATA,2 4 7 3 6 5,1.6169392592688263,-0.37012440022915616,1.2468148590396702,-0.18626700682688016
20000,23,6,CGATATAT,2 7 3 4 5 6,-0.7421771013890419,-0.10928922982868894,-0.8514663312177309,-0.1283541413462446
20000,23,6,CGCTGATA,2 7 4 3 5 6,1.702026824700508,0.8890478173449958,2.5910746420455038,0.34311933856260657
20000,23,6,CGATATAT,7 3 5 2 4 6,-0.7421771013890419,0.0319637162798907,-0.7102133851091512,0.041289279095421925
20000,24,4,GATACGGC,5 1 2 6,-0.16492148471288504,0.06127198716429083,-0.1036494975485942,0.2708830924950912
20000,24,4,GACACTGC,6 2 1 5,4.320929679042664,0.06326999903589581,4.38419967807856,0.014431368021911086
20000,24,4,GATACGCC,1 6 2 5,-0.5163317446806674,-0.1222734120926754,-0.6386051567733428,-0.19146950317545483
20000,24,4,GATACTCC,1 6 2 5,0.47388889805045276,0.4238411976309471,0.8977300956813998,0.47212541906511546
20000,25,5,CAGTATAT,3 7 6 4 1,-0.1351042291734248,0.186382521105239,0.05127829193181421,0.5797517967495804
20000,25,5,CGGTATCA,7 6 4 1 3,-0.14515853559198044,0.05566817654240808,-0.08949035904957237,0.2771950800307692
20000,25,5,CGGTATCA,4 3 1 7 6,-0.14515853559198044,-0.27945156635772506,-0.4246101019497055,-0.6581368768066327
20000,25,5,CGGTATCG,6 1 4 7 3,-0.3461477506708426,0.22670406229071105,-0.11944368838013153,0.39574643417585914
20000,26,6,GTAGTATA,1 3 2 6 7 5,0.8558470867855927,0.3982969499764142,1.254144036762007,0.31758469386399285
20000,26,6,GATATCTG,1 2 5 7 3 6,0.3825211114542997,0.08178460193013404,0.4643057133844337,0.1761438629173585
20000,26,6,GGCGTATA,6 3 2 1 7 5,4.739279710980189,0.6642275109898597,5.403507221970049,0.12292525644995639
20000,26,6,GATATATC,5 3 6 7 2 1,1.3145856006633645,-0.7536570067197301,0.5609285939436344,-0.36439487516085795
20000,27,4,CAATATCA,5 1 7 2,0.8139332817498319,0.13116903654579204,0.945102318295624,0.1387881862170641
20000,27,4,CGATATCG,2 5 7 1,-0.42336300207631195,-0.10166101435040353,-0.5250240164267155,-0.19363116956497115
20000,27,4,CGATATCT,7 5 1 2,-0.39692645914207114,0.01651632672227299,-0.38041013241979815,0.0399482764894396
20000,27,4,CGATATCT,7 1 5 2,-0.39692645914207114,0.07497031873143589,-0.32195614041063525,0.1588701645077387
20000,28,3,ATATCCCT,3 0 5,0.07022637567525747,0.038076842915325315,0.10830321859058278,0.35157628195027796
20000,28,3,CTATCGCT,5 0 3,-0.3170841924248866,0.06437612128523895,-0.25270807113964766,0.16876230363025085
20000,28,3,CTATCGCT,0 5 3,-0.3170841924248866,0.03582126450804779,-0.2812629279168388,0.10150385550670361
20000,28,3,CTATCGCT,5 3 0,-0.3170841924248866,0.11815812242297241,-0.1989260700019142,0.2714766427622625
20000,29,4,ATGTAGAT,4 7 3 0,3.0833491892950198,0.16186170802262545,3.2452108973176452,0.04987709986935318
20000,29,4,CTGTTGAA,7 4 0 3,0.5732278515206728,-1.546264053362835,-0.9730362018421621,-0.7295446846482866
20000,29,4,GTGATGAT,3 7 0 4,1.6878084045465913,-1.1996104367919695,0.48819796775462176,-0.41546117924334436
20000,29,4,ATGAAGAT,7 3 0 4,0.7510810378178565,0.09179761920349971,0.8428786570213562,0.1089096496142194
20000,30,6,TTATATCA,0 2 3 4 5 7,1.9047398408807936,-0.32728611029196486,1.5774537305888288,-0.14663185708929644
20000,30,6,CTATCCCC,5 2 0 4 7 3,0.42098022801618473,-0.32210601031066854,0.09887421770551619,-0.4334705633035654
20000,30,6,ATGATACC,3 4 2 0 7 5,0.7641537802166836,0.6966109801858194,1.460764760402503,0.47688101402026795
20000,30,6,CTATCGCG,2 3 5 0 7 4,-0.19701147116517026,-0.01712532576090453,-0.2141367969260748,-0.07997376446616322
20000,31,2,CTATCGGA,4 2,-0.013400058980740814,0.0005250079906333749,-0.01287505099010744,0.03770236737192257
20000,31,2,CTATCGGA,4 2,-0.013400058980740814,0.0005250079906333749,-0.01287505099010744,0.03770236737192257
20000,31,2,CTATCGGA,2 4,-0.013400058980740814,-0.0005329239298801358,-0.01393298291062095,-0.03824909090169731
20000,31,2,CTATCGGA,2 4,-0.013400058980740814,-0.0005329239298801358,-0.01393298291062095,-0.03824909090169731
22500,0,7,ATAACGCC,4 7 0 1 3 6 2,5.209712235492455,-0.5138054815936428,4.695906753898813,-0.08977092532793389
22500,0,7,CGATAGCT,4 2 7 1 0 3 6,0.4912098702051919,0.4344152547296405,0.9256251249348324,0.46932094108856975
22500,0,7,ATATCGCA,2 3 1 0 4 6 7,-0.34170488493839457,0.09392093654426681,-0.24778394839412776,0.21560002165299794
22500,0,7,ATATCGCC,3 2 4 6 0 1 7,-0.7608970872825283,0.15102692762363112,-0.6098701596588971,0.1656134997598154
22500,1,5,TGTGGATC,3 0 4 5 1,-1.039407857129257,-0.0076464680415968544,-1.047054325170854,-0.0073028379309250605
22500,1,5,GATAATTC,1 3 5 0 4,1.2054466894167772,-0.24299447639806093,0.9624522130187163,-0.16776275221462753
22500,1,5,TATGGATC,3 1 4 0 5,-0.3877725416286273,-0.657204847857737,-1.0449773894863643,-0.6289177684320726
22500,1,5,TGTGGATC,1 5 4 3 0,-1.039407857129257,-0.07116238730227753,-1.1105702444315346,-0.06407734014042783
22500,2,7,GACAGATA,5 7 0 4 6 3 2,0.21689480213667345,-0.5617134527170666,-0.3448186505803932,-0.7214326963725595
22500,2,7,GATGGAAA,2 0 3 6 5 4 7,8.489954120900263,1.9570636672420978,10.447017788142361,0.18733228055411338
22500,2,7,TACAATAC,3 7 4 2 6 0 5,0.5249624471718137,-0.17115102230672719,0.35381142486508654,-0.2458665574090048
22500,2,7,GATACCTA,2 0 7 3 5 6 4,1.1764536667246697,0.1776989420777504,1.35415260880242,0.13122519642369043
22500,3,4,ATATCGTA,2 5 3 1,-0.39963244111984797,0.061089466737128895,-0.3385429743827191,0.13259509846467527
22500,3,4,ATCCCCTA,1 2 3 5,1.9638837381061265,0.27150404216761004,2.2353877802737365,0.12145724538870063
22500,3,4,ATATCCTA,1 3 2 5,0.237054389321528,0.4607855221243322,0.6978399114458602,0.6603026203669362
22500,3,4,ATATCGTA,1 5 2 3,-0.39963244111984797,-0.01977963425078233,-0.4194120753706303,-0.047160383337325855
22500,4,7,CGACATAT,0 7 2 3 1 5 6,1.9176278902081432,-0.5766502707721894,1.3409776194359537,-0.23118923935313898
22500,4,7,TGTTAGTG,7 2 6 5 1 0 3,4.456272727248388,-0.5057851774322817,3.9504875498161063,-0.10193052704104452
22500,4,7,CAATATAT,6 2 0 7 1 3 5,-0.6613527868056037,0.1583247211148482,-0.5030280656907555,0.1931548927291211
22500,4,7,CGATATAT,3 2 7 1 5 0 6,-0.8190556229377923,0.09581296533407624,-0.7232426576037161,0.10472866438125407
22500,5,5,CTATATCG,3 5 2 4 0,-0.35675587922429974,-0.5150118764830003,-0.8717677557073,-0.5907672922189586
22500,5,5,ATATCGCG,5 2 4 0 3,-0.43612972336241773,-0.014702431599707744,-0.4508321549621255,-0.03261176346426066
22500,5,5,GTGATCCG,2 4 0 3 5,0.32709463770823755,-0.06270874343794297,0.2643858942702946,-0.16087275398574982
22500,5,5,GTATCGCG,2 4 3 5 0,-0.21259819113285872,0.20950844638152955,-0.003089744751329171,0.49634008982952343
22500,6,4,CGATATCA,2 4 1 7,-0.14205995721431375,0.17589730753648514,0.03383735032217139,0.5532105318441012
22500,6,4,CGATATCT,4 2 7 1,-0.494402720777658,-0.08480805147531179,-0.5792107722529698,-0.14642001761367784
22500,6,4,CGATATCT,7 4 1 2,-0.494402720777658,0.13763497780916545,-0.35676774296849256,0.2177638740804611
22500,6,4,CGATATCA,1 4 7 2,-0.14205995721431375,-0.213556543150065,-0.35561650036437875,-0.6005248432827119
22500,7,1,GGCCGATA,2,0.06585160777411936,0.0,0.06585160777411936,0.0
22500,7,1,GGTCGATA,2,1.2707779516965143,0.0,1.2707779516965143,0.0
22500,7,1,GGGCGATA,2,-0.1372727464454897,0.0,-0.1372727464454897,0.0
22500,7,1,GGTCGATA,2,1.2707779516965143,0.0,1.2707779516965143,0.0
22500,8,5,CGATCGTA,2 7 5 4 1,-0.1975081574334019,0.24468553631315615,0.04717737887975426,0.5533446988807509
22500,8,5,CGATCTTA,4 7 2 1 5,0.6023045187207599,0.03240503705652653,0.6347095557772864,0.05105490654988209
22500,8,5,CGATAATA,4 2 1 7 5,0.4812565339800621,0.48729665465282057,0.9685531886328826,0.5031181151141964
22500,8,5,CGATCGTA,7 4 1 5 2,-0.1975081574334019,0.22490170418033983,0.027393546746937947,0.5324253163056916
22500,9,5,AGGATAAC,6 4 0 1 3,1.8925299513306992,0.46368467509493083,2.35621462642563,0.19679220640368358
22500,9,5,ATGATAGC,6 3 0 1 4,-0.6119678567091853,-0.06214878183771955,-0.6741166385469048,-0.09219292075579774
22500,9,5,ATGATATC,3 6 1 4 0,0.014405532210914007,-0.1582388621047821,-0.1438333298938681,-0.9165595137449284
22500,9,5,ATGATATC,3 1 4 6 0,0.014405532210914007,0.2449048716350708,0.2593104038459848,0.94444676342616
22500,10,5,CAATATAT,5 7 1 4 0,-0.30514951860768535,-0.02547490580098266,-0.330624424408668,-0.07705088892493443
22500,10,5,CGATCTAT,5 1 7 0 4,0.20990603619106096,0.6999525800781683,0.9098586162692293,0.7692981827750816
22500,10,5,CGATATAG,4 5 7 0 1,0.0005459880742191281,-0.1905965007189927,-0.19005051264477357,-0.9971435546451956
22500,10,5,CAATATAT,7 1 0 4 5,-0.30514951860768535,-0.01448371430949802,-0.3196332329171834,-0.045313543204847956
22500,11,5,CGGTATCT,0 1 3 5 7,-0.1874473535712209,0.5425947123429902,0.3551473587717693,0.7432375991423373
22500,11,5,CGGTATCG,0 7 5 1 3,-0.3024370061660362,-0.0565159214534976,-0.3589529276195338,-0.15744660958274928
22500,11,5,GAGTATCG,1 3 0 5 7,0.4610030288182081,0.06366482523499162,0.5246678540531997,0.12134310258035401
22500,11,5,CGGTATCC,7 0 1 3 5,0.945083181707493,0.45002381252596635,1.3951069942334593,0.32257297424935616
22500,12,3,ATACGATA,5 4 7,0.6713922750729933,-0.24956812817858554,0.4218241468944077,-0.2709868169114009
22500,12,3,ATACCCTA,4 5 7,-0.19347743746052704,-0.34559227558007954,-0.5390697130406066,-0.6410901358764466
22500,12,3,ATACGATA,7 4 5,0.6713922750729933,0.16431660841895246,0.8357088834919457,0.1966194349070074
22500,12,3,ATACTCTA,5 7 4,-0.07694222178600651,-0.001979007159689461,-0.07892122894569598,-0.02507572659634043
22500,13,6,CTATTGAT,6 3 1 0 4 2,0.7064893351517254,-0.2943057183432378,0.4121836168084876,-0.29407191543909744
22500,13,6,ATATCGCT,0 2 4 3 6 1,-0.5222951243843581,-0.27277815972468034,-0.7950732841090384,-0.34308555598161794
22500,13,6,CTATCGCT,1 3 2 4 6 0,-0.6515578649015425,-0.22958473663441836,-0.8811426015359609,-0.26055344076454645
22500,13,6,CTATCGCT,0 1 2 6 3 4,-0.6515578649015425,0.027195561326667672,-0.6243623035748749,0.040066923091337726
22500,14,4,CGATATAT,0 4 5 1,-0.3816923460359837,-0.009249330603397166,-0.39094167663938084,-0.023659106092004337
22500,14,4,CGATCCAT,4 1 0 5,0.8639365753907988,0.21372019996268588,1.0776567753534847,0.19831935812084792
22500,14,4,AGATCGAT,0 1 5 4,2.2974080688858205,-0.2434505773679687,2.053957491517852,-0.09581429400919617
22500,14,4,CGATATAT,0 4 5 1,-0.3816923460359837,-0.009249330603397166,-0.39094167663938084,-0.023659106092004337
22500,15,6,CGGTATTG,7 5 1 4 0 3,-0.908661063456929,0.5673780748675643,-0.3412829885893647,0.38439229701701283
22500,15,6,CAGTCATA,7 5 3 0 1 4,2.4168160356973463,0.07658458064874463,2.493400616346091,0.03071491205491644
22500,15,6,ATGATGTA,1 7 4 0 5 3,2.9352904749781095,-1.177381783393213,1.7579086915848965,-0.2862814514326199
22500,15,6,AGGGTATC,5 7 0 4 3 1,-0.42411663866326954,0.30699528461123293,-0.11712135405203661,0.41990189851680043
22500,16,3,CTATCTAT,3 7 2,-0.15549526762211596,0.01736808412333679,-0.13812718349877917,0.10047291081635333
22500,16,3,CTATCTAT,3 2 7,-0.15549526762211596,-0.10722912608089197,-0.26272439370300793,-0.40814301469892134
22500,16,3,CTATCTAA,7 2 3,0.41267030858691456,-0.29334164386241346,0.1193286647245011,-0.41549104493874306
22500,16,3,CTATCTAT,7 3 2,-0.15549526762211596,0.08436983202209425,-0.07112543560002171,0.35173867372635403
22500,17,5,CAATCGAT,5 6 3 1 4,1.4292176107460381,0.38504407900218407,1.8142616897482222,0.21223183026899461
22500,17,5,CGATATAT,4 3 1 6 5,-0.5140985516176557,0.04185454549540246,-0.47224400612225326,0.07528431033614866
22500,17,5,CGATATAT,5 3 6 4 1,-0.5140985516176557,-0.06546466236661708,-0.5795632139842728,-0.11295517173454274
22500,17,5,CGATCTAT,6 1 4 3 5,0.2950988729479507,-0.10687259982864816,0.1882262731193025,-0.26587110545539655
22500,18,4,CAATCGAT,6 1 2 7,1.047746833189262,-0.11370610877325893,0.9340407244160032,-0.09789988441643477
22500,18,4,CGATCGCG,2 6 7 1,-0.3468682810667443,0.10982271154013423,-0.23704556952661004,0.24047487977208712
22500,18,4,CTATCGGA,1 6 2 7,0.10434025692213034,-0.24463975352666,-0.14029949660452967,-0.7010136575216782
22500,18,4,CTATCGGA,1 7 6 2,0.10434025692213034,0.12106688618694772,0.22540714310907806,0.5371031481835584
22500,19,5,CAGTATAT,2 7 5 0 1,0.6206727583664162,0.11833734363901893,0.7390101020054352,0.1601295345190675
22500,19,5,CGATATAT,7 5 1 2 0,-0.44791614670338653,-0.027370723604645875,-0.4752868703080324,-0.057587796580425135
22500,19,5,CGATATAG,0 2 5 1 7,0.21250757026529943,0.0995059412512651,0.31201351151656453,0.3189154878825894
22500,19,5,CGGTATAA,7 2 0 1 5,1.3149040968142005,-0.3561413220277547,0.9587627747864458,-0.21312486064834962
22500,20,5,GATACGTC,5 7 6 0 4,0.3288617720695277,-0.8424511867582432,-0.5135894146887154,-0.7192366313451815
22500,20,5,GATACGCG,6 0 7 5 4,-0.4457761895867418,-0.12816926868392908,-0.5739454582706709,-0.22331262811994385
22500,20,5,GATACGCC,6 7 0 5 4,-0.704739638989885,-0.17125695655156825,-0.8759965955414533,-0.19549956863212964
22500,20,5,GATAGGGA,4 0 6 5 7,0.3441473744524721,-0.5621619611518005,-0.21801458669932838,-0.6202760349775992
22500,21,5,CGATATAC,7 2 6 1 4,0.25065964379240047,-0.19597394186949035,0.05468570192291011,-0.43878012796343074
22500,21,5,CTATCTAT,4 2 6 7 1,0.8461830071258314,0.04635374627914324,0.8925367534049746,0.051934831929672874
22500,21,5,CGATATAT,6 2 4 7 1,-0.7229988703418035,0.018627955518581096,-0.7043709148232224,0.02511769379022963
22500,21,5,CGATATCA,1 6 7 2 4,0.0960759074295452,-0.2893424082256546,-0.1932665007961094,-0.7507230364332349
22500,22,2,GGGTATTC,0 2,0.5704209985903281,0.3937927236900407,0.9642137222803688,0.4084081304699953
22500,22,2,TGATATTC,2 0,-0.3748785747150203,0.17052108449435988,-0.2043574902206604,0.3126534489250505
22500,22,2,TGATATTC,2 0,-0.3748785747150203,0.17052108449435988,-0.2043574902206604,0.3126534489250505
22500,22,2,GGATATTC,0 2,1.4163821849529685,-0.006336385682656154,1.4100457992703124,-0.004453716858299855
22500,23,4,CGATATCC,5 1 7 2,-0.26207886137740166,0.07572413085254004,-0.18635473052486162,0.22416654853369328
22500,23,4,CGGTATCA,7 5 1 2,0.28634468943203695,-0.04126483856064178,0.24507985087139517,-0.12595738229433898
22500,23,4,CGGTATCC,1 5 2 7,1.390247194378933,0.6487602313493834,2.0390074257283164,0.31817453098173576
22500,23,4,CGATATCG,5 7 2 1,-0.43489393414467226,-0.0906585258867505,-0.5255524600314228,-0.1725013824144787
22500,24,3,ATCATCTA,1 4 3,-0.49714083951302024,-0.003847915848514738,-0.500988755361535,-0.007680643142854408
22500,24,3,ATCTACTA,1 3 4,-0.14308330574719896,0.3166622037954179,0.1735788980482189,0.688777154366234
22500,24,3,ATCTCCTA,1 4 3,0.8001553355867999,0.11231928324734541,0.9124746188341453,0.12309304930678952
22500,24,3,ATCATCTA,4 3 1,-0.49714083951302024,0.08925487456677228,-0.40788596494624796,0.1522092887510892
22500,25,1,CGCGATAC,0,-0.18449974202901842,0.0,-0.18449974202901842,0.0
22500,25,1,CGCGATAC,0,-0.18449974202901842,0.0,-0.18449974202901842,0.0
22500,25,1,CGCGATAC,0,-0.18449974202901842,0.0,-0.18449974202901842,0.0
22500,25,1,TGCGATAC,0,0.4611423272290942,0.0,0.4611423272290942,0.0
22500,26,5,CGGTATCG,5 6 1 0 7,-0.37358327094818966,-0.04945175099552479,-0.42303502194371445,-0.11689753431833932
22500,26,5,CGGTATAT,0 1 5 6 7,-0.43200374224002136,-0.09545128192490093,-0.5274550241649223,-0.18096572703240693
22500,26,5,CAGTATCG,6 5 0 7 1,-0.18882041621908385,0.08650302134963184,-0.10231739486945202,0.31418691453771447
22500,26,5,CAGTATCG,0 5 1 6 7,-0.18882041621908385,-0.14461888472972007,-0.3334393009488039,-0.4337187737564408
22500,27,3,CGATATGC,0 6 3,0.1318034691040051,-0.09902732722176477,0.03277614188224032,-0.42900396653316664
22500,27,3,CGATATCC,0 3 6,-0.22786755240803636,-0.03551884122754778,-0.26338639363558414,-0.13485450306400756
22500,27,3,CGATATAC,6 0 3,-0.13832287848467195,0.06425341837530874,-0.07406946010936322,0.31718132561046986
22500,27,3,TGATATCC,3 6 0,1.3529436097183432,0.30980621288427823,1.6627498226026214,0.18632160333017125
22500,28,4,TGATCCTG,6 2 7 3,0.007030016783198256,0.2636041981010404,0.27063421488423867,0.9740239171672906
22500,28,4,TGATCCTC,3 7 6 2,0.02842972355760187,0.07210185952985482,0.10053158308745669,0.7172060492385796
22500,28,4,TGATCCTA,6 2 3 7,-0.420874408689647,0.25771100364105415,-0.16316340504859284,0.37977681063892593
22500,28,4,TGATCCTG,2 7 6 3,0.007030016783198256,-0.029468636277067972,-0.022438619493869716,-0.8073896926664565
22500,29,4,CGGTTGTA,2 7 1 6,6.029665687241316,-0.1407996078940883,5.888866079347228,-0.022818312908281027
22500,29,4,CAATTGAT,6 1 7 2,1.8511458133201693,0.47890583568132516,2.3300516490014944,0.20553442919883447
22500,29,4,CTATTGGA,7 1 6 2,1.2813603864307472,0.19860217484649922,1.4799625612772465,0.13419405331111914
22500,29,4,CTATTGAT,2 1 6 7,-0.39907799076740524,0.16305911386420746,-0.23601887690319778,0.29007000697999746
22500,30,3,CGATCCAT,4 7 6,-0.24987767182020493,-0.04113106279307255,-0.2910087346132775,-0.14133961596627592
22500,30,3,CGATACCT,4 6 7,-0.4440577048456733,-0.16520482826577387,-0.6092625331114472,-0.27115540393086074
22500,30,3,CGATCCTT,7 4 6,0.7869311334644529,0.17187038878888217,0.958801522253335,0.17925544004661112
22500,30,3,CGATACCA,6 4 7,0.31898314308937614,0.23229434008301197,0.5512774831723881,0.42137462017539357
22500,31,6,CGATATAT,5 2 4 6 0 1,-0.6147435382236497,-0.04899248787847199,-0.6637360261021217,-0.07381321180678847
22500,31,6,CGATATAT,5 4 1 0 6 2,-0.6147435382236497,-0.08001609081116356,-0.6947596290348133,-0.1151708986348631
22500,31,6,CTATCGCT,2 5 1 6 4 0,0.31638266264135106,0.21608802823003614,0.5324706908713872,0.4058214507101011
22500,31,6,CTATCTCT,5 0 1 2 4 6,0.6494971590067662,0.06367170582141757,0.7131688648281838,0.089279985374512
