step,context,hidden,y,d_exact,d_sur_expected,d_sur_draw,d_exact_centered,d_sur_expected_centered,bias_centered,noise,gap,gap_ref
0,0,5,CCCTTTGG,0.0,0.0,0.0,0.0,0.0,0.0,0.0,0.01443876783891529,0.01443876783891529
0,0,5,CAATTTGC,0.0,0.0,0.0,0.0,0.0,0.0,0.0,0.005972461670354257,0.005972461670354257
0,0,5,TTTTATGG,0.0,0.0,0.0,0.0,0.0,0.0,0.0,0.005433846531804676,0.005433846531804676
0,0,5,ATTTTTGG,0.0,0.0,0.0,0.0,0.0,0.0,0.0,0.009619741037720786,0.009619741037720786
0,1,4,AACGTCGT,0.0,0.0,0.0,0.0,0.0,0.0,0.0,0.0033831598482132463,0.0033831598482132463
0,1,4,AAGATTGT,0.0,0.0,0.0,0.0,0.0,0.0,0.0,0.0034496700600952224,0.0034496700600952224
0,1,4,AAGCTGGT,0.0,0.0,0.0,0.0,0.0,0.0,0.0,0.007377197944791192,0.007377197944791192
0,1,4,CATCTTGT,0.0,0.0,0.0,0.0,0.0,0.0,0.0,0.004150045915064737,0.004150045915064737
0,2,4,AGATCGGG,0.0,0.0,0.0,0.0,0.0,0.0,0.0,0.011315881574903486,0.011315881574903486
0,2,4,AGATCTAG,0.0,0.0,0.0,0.0,0.0,0.0,0.0,0.003096320719474299,0.003096320719474299
0,2,4,GGAACGAG,0.0,0.0,0.0,0.0,0.0,0.0,0.0,0.003457323191145889,0.003457323191145889
0,2,4,AGACCCGG,0.0,0.0,0.0,0.0,0.0,0.0,0.0,0.005377326663864146,0.005377326663864146
0,3,4,CAGACGAG,0.0,0.0,0.0,0.0,0.0,0.0,0.0,0.004982107395791857,0.004982107395791857
0,3,4,CTAACGAC,0.0,0.0,0.0,0.0,0.0,0.0,0.0,0.00394083222003605,0.00394083222003605
0,3,4,CAAACCAA,0.0,0.0,0.0,0.0,0.0,0.0,0.0,0.007857523408295819,0.007857523408295819
0,3,4,CACACAAT,0.0,0.0,0.0,0.0,0.0,0.0,0.0,0.0034197092334720125,0.0034197092334720125
0,4,7,ATCCTGCG,0.0,0.0,0.0,0.0,0.0,0.0,0.0,0.01890562773504989,0.01890562773504989
0,4,7,TCTCAGAT,0.0,0.0,0.0,0.0,0.0,0.0,0.0,0.01375468612673103,0.01375468612673103
0,4,7,TCACTAGA,0.0,0.0,0.0,0.0,0.0,0.0,0.0,0.01280256244296396,0.01280256244296396
0,4,7,TTCCTCGC,0.0,0.0,0.0,0.0,0.0,0.0,0.0,0.019492191379644197,0.019492191379644197
0,5,5,TACTTATT,0.0,0.0,0.0,0.0,0.0,0.0,0.0,0.006889096717054066,0.006889096717054066
0,5,5,TATCTTTC,0.0,0.0,0.0,0.0,0.0,0.0,0.0,0.015066523415356414,0.015066523415356414
0,5,5,TGATTTTG,0.0,0.0,0.0,0.0,0.0,0.0,0.0,0.010315221294793453,0.010315221294793453
0,5,5,TCTTTTTT,0.0,0.0,0.0,0.0,0.0,0.0,0.0,0.0029838620967179708,0.0029838620967179708
0,6,4,TCACTTTA,0.0,0.0,0.0,0.0,0.0,0.0,0.0,0.009970358517975342,0.009970358517975342
0,6,4,TCAATTCC,0.0,0.0,0.0,0.0,0.0,0.0,0.0,0.005784906383881072,0.005784906383881072
0,6,4,TCATCTAA,0.0,0.0,0.0,0.0,0.0,0.0,0.0,0.0016916096191090801,0.0016916096191090801
0,6,4,TCACATTG,0.0,0.0,0.0,0.0,0.0,0.0,0.0,0.007565005737927066,0.007565005737927066
0,7,2,ACTTACAA,0.0,0.0,0.0,0.0,0.0,0.0,0.0,1.5204070935581626e-06,1.5204070935581626e-06
0,7,2,ACTCACAT,0.0,0.0,0.0,0.0,0.0,0.0,0.0,0.000127375971444188,0.000127375971444188
0,7,2,ACTTACAC,0.0,0.0,0.0,0.0,0.0,0.0,0.0,7.095315427729787e-05,7.095315427729787e-05
0,7,2,ACTAACAT,0.0,0.0,0.0,0.0,0.0,0.0,0.0,4.2289037049059175e-05,4.2289037049059175e-05
0,8,3,AGACTAAT,0.0,0.0,0.0,0.0,0.0,0.0,0.0,0.005995858114808961,0.005995858114808961
0,8,3,AGACGCAG,0.0,0.0,0.0,0.0,0.0,0.0,0.0,0.0015199594986512466,0.0015199594986512466
0,8,3,AGACAAAC,0.0,0.0,0.0,0.0,0.0,0.0,0.0,0.002537228094973809,0.002537228094973809
0,8,3,AGACAGAA,0.0,0.0,0.0,0.0,0.0,0.0,0.0,0.004046396935164509,0.004046396935164509
0,9,4,TTCACGTG,0.0,0.0,0.0,0.0,0.0,0.0,0.0,0.00490223358753461,0.00490223358753461
0,9,4,TAGACAGG,0.0,0.0,0.0,0.0,0.0,0.0,0.0,0.0016231153670807075,0.0016231153670807075
0,9,4,TCGACGTG,0.0,0.0,0.0,0.0,0.0,0.0,0.0,0.0019145310038855001,0.0019145310038855001
0,9,4,TCAACCCG,0.0,0.0,0.0,0.0,0.0,0.0,0.0,0.0011333959860646559,0.0011333959860646559
0,10,4,TTAGTCTC,0.0,0.0,0.0,0.0,0.0,0.0,0.0,0.011413985393476267,0.011413985393476267
0,10,4,TCATGCTG,0.0,0.0,0.0,0.0,0.0,0.0,0.0,0.008576733930636848,0.008576733930636848
0,10,4,TCAAACTT,0.0,0.0,0.0,0.0,0.0,0.0,0.0,0.010228190296872164,0.010228190296872164
0,10,4,TAAATCTC,0.0,0.0,0.0,0.0,0.0,0.0,0.0,0.007231074163171591,0.007231074163171591
0,11,7,TACCTGTC,0.0,0.0,0.0,0.0,0.0,0.0,0.0,0.01960714601643687,0.01960714601643687
0,11,7,TTCCTGTC,0.0,0.0,0.0,0.0,0.0,0.0,0.0,0.02675112388695311,0.02675112388695311
0,11,7,TGTCAGAC,0.0,0.0,0.0,0.0,0.0,0.0,0.0,0.04547648793975334,0.04547648793975334
0,11,7,TATCGGTA,0.0,0.0,0.0,0.0,0.0,0.0,0.0,0.013694317662210409,0.013694317662210409
0,12,1,GACATTGT,0.0,0.0,0.0,0.0,0.0,0.0,0.0,0.0,0.0
0,12,1,CACATTGT,0.0,0.0,0.0,0.0,0.0,0.0,0.0,0.0,0.0
0,12,1,GACATTGT,0.0,0.0,0.0,0.0,0.0,0.0,0.0,0.0,0.0
0,12,1,GACATTGT,0.0,0.0,0.0,0.0,0.0,0.0,0.0,0.0,0.0
0,13,6,ATCGTAAT,0.0,0.0,0.0,0.0,0.0,0.0,0.0,0.007213601643341505,0.007213601643341505
0,13,6,ACGCGATC,0.0,0.0,0.0,0.0,0.0,0.0,0.0,0.008880816522472301,0.008880816522472301
0,13,6,ATAATACC,0.0,0.0,0.0,0.0,0.0,0.0,0.0,0.0175109058977565,0.0175109058977565
0,13,6,AGCGGAAG,0.0,0.0,0.0,0.0,0.0,0.0,0.0,0.00912717718962952,0.00912717718962952
0,14,5,CACCTTCA,0.0,0.0,0.0,0.0,0.0,0.0,0.0,0.003985094130709577,0.003985094130709577
0,14,5,TCGCTTCT,0.0,0.0,0.0,0.0,0.0,0.0,0.0,0.011021854155266908,0.011021854155266908
0,14,5,TTACTTCT,0.0,0.0,0.0,0.0,0.0,0.0,0.0,0.00896223494149595,0.00896223494149595
0,14,5,TTTCATCT,0.0,0.0,0.0,0.0,0.0,0.0,0.0,0.0033702138840991935,0.0033702138840991935
0,15,6,GACAGCCA,0.0,0.0,0.0,0.0,0.0,0.0,0.0,0.01068646223687253,0.01068646223687253
0,15,6,CTAAGCTA,0.0,0.0,0.0,0.0,0.0,0.0,0.0,0.007138535938675972,0.007138535938675972
0,15,6,CGGATCCA,0.0,0.0,0.0,0.0,0.0,0.0,0.0,0.008542971576572356,0.008542971576572356
0,15,6,AATAACGT,0.0,0.0,0.0,0.0,0.0,0.0,0.0,0.017075271343127696,0.017075271343127696
0,16,2,TAACTTCG,0.0,0.0,0.0,0.0,0.0,0.0,0.0,0.0007679811717520302,0.0007679811717520302
0,16,2,TAACTGCC,0.0,0.0,0.0,0.0,0.0,0.0,0.0,0.006485755947977179,0.006485755947977179
0,16,2,TAACTACA,0.0,0.0,0.0,0.0,0.0,0.0,0.0,0.00032496060628650625,0.00032496060628650625
0,16,2,TAACTCCG,0.0,0.0,0.0,0.0,0.0,0.0,0.0,5.158374844072e-05,5.158374844072e-05
0,17,3,GCGCGTCC,0.0,0.0,0.0,0.0,0.0,0.0,0.0,0.008767851598372012,0.008767851598372012
0,17,3,GCCCCTCC,0.0,0.0,0.0,0.0,0.0,0.0,0.0,0.005410294332932164,0.005410294332932164
0,17,3,GCACCTCC,0.0,0.0,0.0,0.0,0.0,0.0,0.0,0.004327942952694119,0.004327942952694119
0,17,3,GCGATTCC,0.0,0.0,0.0,0.0,0.0,0.0,0.0,0.008304390431933761,0.008304390431933761
0,18,3,CACAGGAG,0.0,0.0,0.0,0.0,0.0,0.0,0.0,0.0007228332965780737,0.0007228332965780737
0,18,3,CCCAGAAG,0.0,0.0,0.0,0.0,0.0,0.0,0.0,0.0017814964923337229,0.0017814964923337229
0,18,3,CTCAGGAG,0.0,0.0,0.0,0.0,0.0,0.0,0.0,0.0008719464723023762,0.0008719464723023762
0,18,3,CACAAAAG,0.0,0.0,0.0,0.0,0.0,0.0,0.0,0.0009960401167461441,0.0009960401167461441
0,19,2,AGAGTACC,0.0,0.0,0.0,0.0,0.0,0.0,0.0,5.9471632732233104e-05,5.9471632732233104e-05
0,19,2,AGGGTACC,0.0,0.0,0.0,0.0,0.0,0.0,0.0,0.0016439952851134976,0.0016439952851134976
0,19,2,TGCGTACC,0.0,0.0,0.0,0.0,0.0,0.0,0.0,7.011899253228648e-06,7.011899253228648e-06
0,19,2,AGTGTACC,0.0,0.0,0.0,0.0,0.0,0.0,0.0,0.0006314271735914367,0.0006314271735914367
0,20,3,GACATGGT,0.0,0.0,0.0,0.0,0.0,0.0,0.0,0.0009919718768345298,0.0009919718768345298
0,20,3,GAAATGGT,0.0,0.0,0.0,0.0,0.0,0.0,0.0,0.002495974491213193,0.002495974491213193
0,20,3,GCGAAGGT,0.0,0.0,0.0,0.0,0.0,0.0,0.0,0.012643298256237223,0.012643298256237223
0,20,3,GGAACGGT,0.0,0.0,0.0,0.0,0.0,0.0,0.0,0.0005377387165661496,0.0005377387165661496
0,21,5,GGGCGGCC,0.0,0.0,0.0,0.0,0.0,0.0,0.0,0.024187616282399738,0.024187616282399738
0,21,5,AAGCTCCC,0.0,0.0,0.0,0.0,0.0,0.0,0.0,0.013378778439157912,0.013378778439157912
0,21,5,TTGCGGCA,0.0,0.0,0.0,0.0,0.0,0.0,0.0,0.01905070125327324,0.01905070125327324
0,21,5,ACGCCGCA,0.0,0.0,0.0,0.0,0.0,0.0,0.0,0.013713104575517221,0.013713104575517221
0,22,2,CTTGCCGG,0.0,0.0,0.0,0.0,0.0,0.0,0.0,0.0011724082266182378,0.0011724082266182378
0,22,2,CGTCCCGG,0.0,0.0,0.0,0.0,0.0,0.0,0.0,0.0001907285579894058,0.0001907285579894058
0,22,2,CCTCCCGG,0.0,0.0,0.0,0.0,0.0,0.0,0.0,1.1154690464643124e-06,1.1154690464643124e-06
0,22,2,CATTCCGG,0.0,0.0,0.0,0.0,0.0,0.0,0.0,0.0009907127807142757,0.0009907127807142757
0,23,6,AATCGAAG,0.0,0.0,0.0,0.0,0.0,0.0,0.0,0.005286665688725378,0.005286665688725378
0,23,6,AATGCCCG,0.0,0.0,0.0,0.0,0.0,0.0,0.0,0.003981871349347799,0.003981871349347799
0,23,6,AATTCTCA,0.0,0.0,0.0,0.0,0.0,0.0,0.0,0.0034448053022515523,0.0034448053022515523
0,23,6,AATTTGAC,0.0,0.0,0.0,0.0,0.0,0.0,0.0,0.021151469949499457,0.021151469949499457
0,24,2,TAATAGTG,0.0,0.0,0.0,0.0,0.0,0.0,0.0,0.00010001802316139674,0.00010001802316139674
0,24,2,TAATAATG,0.0,0.0,0.0,0.0,0.0,0.0,0.0,0.00045543092580313527,0.00045543092580313527
0,24,2,TAATATTG,0.0,0.0,0.0,0.0,0.0,0.0,0.0,3.266167535187492e-05,3.266167535187492e-05
0,24,2,TAATATTG,0.0,0.0,0.0,0.0,0.0,0.0,0.0,3.266167535187492e-05,3.266167535187492e-05
0,25,4,ATAGTCTA,0.0,0.0,0.0,0.0,0.0,0.0,0.0,0.0005658470082590128,0.0005658470082590128
0,25,4,TGTGTCTG,0.0,0.0,0.0,0.0,0.0,0.0,0.0,0.005807812003701507,0.005807812003701507
0,25,4,CGGGTCTG,0.0,0.0,0.0,0.0,0.0,0.0,0.0,0.00521320844331985,0.00521320844331985
0,25,4,AATGTCTG,0.0,0.0,0.0,0.0,0.0,0.0,0.0,0.005170699411584323,0.005170699411584323
0,26,5,TTTTCATG,0.0,0.0,0.0,0.0,0.0,0.0,0.0,0.004990714691523124,0.004990714691523124
0,26,5,ATCATATG,0.0,0.0,0.0,0.0,0.0,0.0,0.0,0.010065951541402107,0.010065951541402107
0,26,5,TTGCAATC,0.0,0.0,0.0,0.0,0.0,0.0,0.0,0.01791329048835877,0.01791329048835877
0,26,5,CTCCGATC,0.0,0.0,0.0,0.0,0.0,0.0,0.0,0.00933027225382066,0.00933027225382066
0,27,2,TCTTTTAA,0.0,0.0,0.0,0.0,0.0,0.0,0.0,0.0015920563450286807,0.0015920563450286807
0,27,2,TCCTTTAA,0.0,0.0,0.0,0.0,0.0,0.0,0.0,0.0006883727708584253,0.0006883727708584253
0,27,2,TCTTTTAC,0.0,0.0,0.0,0.0,0.0,0.0,0.0,0.0008013324899733831,0.0008013324899733831
0,27,2,TCGTTTAA,0.0,0.0,0.0,0.0,0.0,0.0,0.0,2.2045542653614802e-05,2.2045542653614802e-05
0,28,2,TACGTGCA,0.0,0.0,0.0,0.0,0.0,0.0,0.0,0.0004115386550513911,0.0004115386550513911
0,28,2,TACGTCCA,0.0,0.0,0.0,0.0,0.0,0.0,0.0,1.9432677310859958e-05,1.9432677310859958e-05
0,28,2,AACGTGCA,0.0,0.0,0.0,0.0,0.0,0.0,0.0,0.00046102510235890293,0.00046102510235890293
0,28,2,GACGTTCA,0.0,0.0,0.0,0.0,0.0,0.0,0.0,0.0008356746191049425,0.0008356746191049425
0,29,4,TCCACCTT,0.0,0.0,0.0,0.0,0.0,0.0,0.0,0.0072485137921933784,0.0072485137921933784
0,29,4,TACAGCTC,0.0,0.0,0.0,0.0,0.0,0.0,0.0,0.006362178508565464,0.006362178508565464
0,29,4,TTCATATT,0.0,0.0,0.0,0.0,0.0,0.0,0.0,0.00586070699612673,0.00586070699612673
0,29,4,TCCATGTT,0.0,0.0,0.0,0.0,0.0,0.0,0.0,0.0022506737563521284,0.0022506737563521284
0,30,5,GATAAAGG,0.0,0.0,0.0,0.0,0.0,0.0,0.0,0.00619726138212684,0.00619726138212684
0,30,5,GCACACGG,0.0,0.0,0.0,0.0,0.0,0.0,0.0,0.004115302537027077,0.004115302537027077
0,30,5,CGTTACGG,0.0,0.0,0.0,0.0,0.0,0.0,0.0,0.007445210807949465,0.007445210807949465
0,30,5,TGTCAGGG,0.0,0.0,0.0,0.0,0.0,0.0,0.0,0.01066928060112815,0.01066928060112815
0,31,4,CTATCCAG,0.0,0.0,0.0,0.0,0.0,0.0,0.0,0.002439432601815561,0.002439432601815561
0,31,4,CTACCCCC,0.0,0.0,0.0,0.0,0.0,0.0,0.0,0.00810843256485061,0.00810843256485061
0,31,4,CTAACCGG,0.0,0.0,0.0,0.0,0.0,0.0,0.0,0.0029347279872640186,0.0029347279872640186
0,31,4,CTATCCAG,0.0,0.0,0.0,0.0,0.0,0.0,0.0,0.002439432601815561,0.002439432601815561
250,0,5,CTATCTCA,0.8184837593108483,0.8059483796311542,1.0465383529663086,0.08722600325071472,0.0843739261990415,-0.0028520770516732297,0.24058997333515442,0.06558505712216611,0.002908158723695209
250,0,5,CTATATCA,1.0275200402914275,1.026799988779239,1.0019400119781494,0.29626228423129397,0.30522553534712626,0.008963251115832294,-0.024859976801089534,0.012959696639546436,0.009359439078603593
250,0,5,CGATTGCA,-0.027301548220182957,-0.04761433710965015,-0.15682482719421387,-0.7585593042803165,-0.7691887905417628,-0.01062948626144633,-0.10921049008456371,0.12544293371716275,0.02387898926982679
250,0,5,CGATATCA,1.1063287728584414,1.101163782427708,1.1991790533065796,0.3750710167983079,0.3795893289955954,0.0045183121972874885,0.09801527087887152,0.03281483053785528,0.006989878384188408
250,1,5,CTATCTCA,0.4407612266555018,0.43051751668254495,0.5275384187698364,-0.09425075697681656,-0.09624763982370493,-0.0019968828468883704,0.09702090208729147,0.054341069407318976,0.0031225195425346186
250,1,5,CGATATCA,0.6736269886523063,0.6697817641496652,0.4204932451248169,0.1386150050199879,0.14301660764341528,0.00440160262342737,-0.24928851902484828,0.028524449340403102,0.009298326827197556
250,1,5,CGATCTAT,0.6811633242475456,0.6738671464845535,0.8234771490097046,0.14615134061522717,0.1471019899783036,0.0009506493630764279,0.1496100025251511,0.039233670524819964,0.0027527817098595975
250,1,5,CGATCTAC,0.3444963949739197,0.3328941987082363,0.04747641086578369,-0.19051558865839868,-0.1938709577980136,-0.0033553691396149277,-0.2854177878424526,0.06347272278115135,0.005461741452734259
250,2,6,ATATCGGA,0.6603253908487402,0.603133586008657,0.7677644491195679,0.1802960311265535,0.1582497932241595,-0.022046237902394017,0.1646308631109109,0.35133835532529734,0.008187526284798352
250,2,6,CGATCGCC,0.5742198805305071,0.5208066524659637,0.8280982971191406,0.09419052080832041,0.07592285968146623,-0.018267661126854184,0.30729164465317693,0.32804127900427815,0.007561910617017276
250,2,6,ATATCGAA,0.42697433675976953,0.4075257461702364,0.5782874822616577,-0.05305502296241715,-0.037358046614261065,0.01569697634815609,0.1707617360914213,0.12525384964745712,0.008562306110258433
250,2,6,CAATCGCG,0.25859783074972986,0.24806918649313273,0.29454874992370605,-0.22143152897245683,-0.19681460629136474,0.024616922681092085,0.04647956343057333,0.06890567097837685,0.005733805438794093
250,3,2,CGATATAT,1.3373555460265363,1.3372697294689715,1.3372697830200195,0.0,0.0,0.0,5.3551048040390015e-08,0.000173232794808853,1.5996796793871226e-06
250,3,2,CGATATAT,1.3373555460265363,1.3372697294689715,1.3248835802078247,0.0,0.0,0.0,-0.012386149261146784,0.000173232794808853,1.5996796793871226e-06
250,3,2,CGATATAT,1.3373555460265363,1.3372697294689715,1.3248834609985352,0.0,0.0,0.0,-0.012386268470436335,0.000173232794808853,1.5996796793871226e-06
250,3,2,CGATATAT,1.3373555460265363,1.3372697294689715,1.3372697830200195,0.0,0.0,0.0,5.3551048040390015e-08,0.000173232794808853,1.5996796793871226e-06
250,4,5,CGGTATTA,0.7581400850290526,0.6907099515758446,0.6829009056091309,-0.07822921371308378,-0.1287299567949961,-0.050500743081912325,-0.0078090459667137235,0.34772692146059203,0.010576254194551993
250,4,5,CGATATTA,1.15424506010093,1.1544555600980912,1.2112603187561035,0.3178757613587936,0.33501565172725056,0.017139890368456978,0.05680475865801227,0.004046298258003844,0.005098798243809988
250,4,5,CGATATTT,0.803055445713427,0.8027995463367545,0.9009130001068115,-0.03331385302870937,-0.016640362034086142,0.01667349099462323,0.09811345377005698,0.007659916012888068,0.006380419129525805
250,4,5,CAATATTA,0.6300366041251356,0.6297945754726723,0.5588635206222534,-0.20633269461700077,-0.18964533289816843,0.01668736171883234,-0.07093105485041884,0.006643832112938952,0.005433688850621898
250,5,5,CGATCGGG,0.5763996780901917,0.5456376036504895,0.5507118701934814,-0.4082921495573427,-0.4312751091513205,-0.02298295959397778,0.005074266542991923,0.16668926236280246,0.012878890164292223
250,5,5,CGATATCG,1.1730169864004965,1.1734292782439537,1.2287306785583496,0.18832515875296207,0.1965165654421437,0.008191406689181613,0.0553014003143959,0.007963610802451004,0.010025070019737292
250,5,5,CGATATCG,1.1730169864004965,1.1734292782439537,1.2848467826843262,0.18832515875296207,0.1965165654421437,0.008191406689181613,0.11141750444037246,0.007963610802451004,0.010025070019737292
250,5,5,CGATATAG,1.0163336596989532,1.0151546910688432,1.0450743436813354,0.031641832051418795,0.03824197826703313,0.006600146215614333,0.029919652612492298,0.01666157259540224,0.010766729444851464
250,6,3,CGATCGGT,0.1952718055517829,0.17896382883191095,0.6426851749420166,-0.07432923960506213,-0.08173756104790517,-0.0074083214428430355,0.4637213461101056,0.050530675312616236,0.0016067451530004107
250,6,3,CGATCGCG,0.42668144344067427,0.42676043841573924,0.38863182067871094,0.15708039828382925,0.16605904853592313,0.008978650252093878,-0.0381286177370283,0.002163618523752575,0.002400603448947436
250,6,3,CGATCGAA,-0.23633289235067986,-0.24461112999253784,-0.19207537174224854,-0.5059339375075249,-0.5053125198723539,0.0006214176351709844,0.052535758250289305,0.028599492907415147,0.0037647799818412153
250,6,3,CGATCGCT,0.6927838239856029,0.6816924222641522,0.5572554469108582,0.4231827788287579,0.42099103238433605,-0.002191746444421827,-0.12443697535329401,0.033881439456799445,0.0006072342924472451
250,7,4,CTATATAT,0.9354073342254152,0.9354946830135309,1.0605158805847168,0.020898658202167963,0.024678450030478416,0.0037797918283104526,0.1250211975711859,0.006560023941376114,0.00690941909383902
250,7,4,CTATCGCT,0.9497998619189312,0.9447618056486442,0.8978050351142883,0.03529118589568392,0.03394557266559173,-0.0013456132300921908,-0.046956770534355874,0.027271160871308098,0.007118935790160208
250,7,4,CTATATAT,0.9354073342254152,0.9354946830135309,0.907492995262146,0.020898658202167963,0.024678450030478416,0.0037797918283104526,-0.028001687751384896,0.006560023941376114,0.00690941909383902
250,7,4,CTATCTAT,0.8374201737232274,0.8275137602565039,0.6361085176467896,-0.07708850230001985,-0.08330247272654856,-0.006213970426528714,-0.19140524260971437,0.04116833641203854,0.001542682545144558
250,8,3,CAATATCG,0.9704755329419017,0.9668817888531419,0.6769939661026001,0.0898743375517509,0.0894474895257088,-0.0004268480260420926,-0.2898878227505418,0.011200847709703643,0.00041961544342417056
250,8,3,CAATATCT,1.0984023326837165,1.0973372935420935,1.2527821063995361,0.21780113729356565,0.21990299421466042,0.002101856921094769,0.1554448128574426,0.0038067000351726943,0.00061158261030414
250,8,3,CAATATCT,1.0984023326837165,1.0973372935420935,1.2068588733673096,0.21780113729356565,0.21990299421466042,0.002101856921094769,0.10952157982521604,0.0038067000351726943,0.00061158261030414
250,8,3,CAATCTCT,0.3551245832512689,0.3481808213724033,0.4223806858062744,-0.5254766121388819,-0.5292534779550297,-0.0037768658161478896,0.07419986443387111,0.022045708441303713,0.0012144228047068495
250,9,4,CTATCTCT,0.4097240735413382,0.4029066561488437,0.27423977851867676,-0.13468232826832593,-0.13469383482394437,-1.150655561843461e-05,-0.12866687763016693,0.028786910218271178,0.0015172406482930612
250,9,4,CTATATCT,0.5503098487390319,0.5462910240748899,0.5978929400444031,0.005903446929367728,0.008690533102101883,0.0027870861727341545,0.051601915969513135,0.01932675643828574,0.0032514577817179813
250,9,4,CTATCTCA,0.4482288571647802,0.43311672304601756,0.29431474208831787,-0.09617754464488393,-0.1044837679267705,-0.008306223281886571,-0.1388019809576997,0.06169749600840335,0.0012489595333526893
250,9,4,CGATATCA,0.7693628277935064,0.768087560621401,0.4413917064666748,0.22495642598384225,0.23048706964861299,0.00553064366477074,-0.32669585415472624,0.00692329227613131,0.0018222235877098925
250,10,6,GGCTATAA,0.26877120250612574,0.24161807721377157,0.8136113882064819,-0.2092704376337291,-0.2122997011911746,-0.0030292635574455107,0.5719933109927103,0.21652915271086037,0.053610400956735305
250,10,6,CGCTCGCT,0.4583111796077353,0.41807170782833164,0.7303889393806458,-0.01973046053211952,-0.03584607057661454,-0.01611561004449502,0.3123172315523141,0.25541216246348064,0.013975331787058565
250,10,6,TGCTCCTA,0.15944196937142774,0.13007847051808744,0.04551708698272705,-0.3185996707684271,-0.3238393078868588,-0.005239637118431673,-0.08456138353536038,0.19889788488824678,0.022716891768205016
250,10,6,CGCTATCG,1.0256422090741306,1.0259028580595941,1.107352614402771,0.5476005689342758,0.571985079654648,0.024384510720372177,0.08144975634317686,0.01310991274427975,0.014673806657061306
250,11,5,CAATATCT,0.45889069425824686,0.45473544713730585,0.6505067944526672,-0.09051310587717892,-0.0921569001550474,-0.0016437942778684822,0.1957713473153614,0.026892894712899462,0.006116659108194256
250,11,5,CGATATCG,0.8523632194150939,0.8519708064695196,0.7939496636390686,0.3029594192796681,0.30507845917716636,0.002119039897498287,-0.05802114283045101,0.0059727940479810115,0.004010729320110151
250,11,5,CGATATTA,0.6285375033637476,0.624651192935804,0.5193039774894714,0.0791337032283218,0.0777588456434507,-0.001374857584871103,-0.10534721544633252,0.022533014923162842,0.0031014627834444752
250,11,5,CGATAGCG,0.25782378350461477,0.2562119426267838,-0.3804938793182373,-0.291580016630811,-0.29068040466556944,0.0008996119652415757,-0.6367058219450211,0.012613170659419026,0.004553966270264276
250,12,5,TTATATCT,0.014032147777691151,-0.001185373469100881,0.0654592514038086,-0.650846351172952,-0.6538194118804915,-0.0029730607075395543,0.06664462487290948,0.0879744112468197,0.011886805012859547
250,12,5,ATATCGCA,0.8441989779579704,0.8266523624459895,0.6731603741645813,0.17932047900732728,0.17401832403459883,-0.005302154972728457,-0.1534919882814082,0.10060943594262506,0.012876358382720277
250,12,5,CTATCGCA,0.9914721910544261,0.9904030485280474,1.0726608037948608,0.326593692103783,0.3377690101166567,0.011175318012873747,0.08225775526681345,0.020396198446298364,0.015050485814405157
250,12,5,ATATCGCC,0.809810679012485,0.794666116140627,0.9282281994819641,0.14493218006184194,0.14203207772923632,-0.0029001023326056252,0.13356208334133712,0.09124111117861666,0.015518296819326594
250,13,3,CTATCTAG,-0.05420538710112025,-0.07362394365999414,0.40231549739837646,-0.6913320943042526,-0.7009345301323464,-0.009602435828093836,0.4759394410583706,0.05851375391791702,0.00025808424129536434
250,13,3,CGATCTAT,1.0180691743404255,1.0177441839542651,0.9951340556144714,0.3809424671372932,0.39043359748191286,0.00949113034461968,-0.0226101283397937,0.0012660183481771892,0.0002910471896955258
250,13,3,CAATCTAT,0.5665738672327986,0.5473779216408728,0.8360767364501953,-0.07055283997033379,-0.07993266483147943,-0.009379824861145636,0.28869881480932247,0.05922331621278243,0.0016354794370050385
250,13,3,CGATCTAT,1.0180691743404255,1.0177441839542651,1.101061463356018,0.3809424671372932,0.39043359748191286,0.00949113034461968,0.08331727940175293,0.0012660183481771892,0.0002910471896955258
250,14,3,CGATATCC,1.2414631248432493,1.2416913985636915,1.3792980909347534,0.0,0.0,0.0,0.13760669237106193,0.00033324426337363877,0.0010180654247000653
250,14,3,CGATATCC,1.2414631248432493,1.2416913985636915,1.2029080390930176,0.0,0.0,0.0,-0.038783359470673906,0.00033324426337363877,0.0010180654247000653
250,14,3,CGATATCC,1.2414631248432493,1.2416913985636915,1.2411366701126099,0.0,0.0,0.0,-0.0005547284510816208,0.00033324426337363877,0.0010180654247000653
250,14,3,CGATATCC,1.2414631248432493,1.2416913985636915,1.2024238109588623,0.0,0.0,0.0,-0.03926758760482918,0.00033324426337363877,0.0010180654247000653
250,15,3,TGATCTTG,0.11014741718845089,0.10623724593056583,0.10910916328430176,-0.2554155184154991,-0.25452539200584073,0.0008901264096583539,0.002871917353735931,0.013201400614178738,0.0014708868405235442
250,15,3,CTATCTTA,0.7952805995652671,0.787054450975524,0.892657458782196,0.4297176639613171,0.4262918130391174,-0.0034258509221997135,0.10560300780667209,0.02501535161685431,0.0003369058476252462
250,15,3,CGATCTTG,0.4273310216886969,0.4259069263935089,0.21423792839050293,0.06176808608474693,0.06514428845710235,0.003376202372355419,-0.21166899800300598,0.005878959324809863,0.0016066734392459203
250,15,3,GGATCTTA,0.129492703973385,0.12385192844602762,-0.1872349977493286,-0.23607023163056498,-0.23691070949037896,-0.0008404778598139762,-0.3110869261953562,0.018398065749589687,0.0014757391675175313
250,16,5,CTATCTAT,0.7886893941049681,0.7816675542543324,0.4844146966934204,-0.08598752513630592,-0.08888648624745366,-0.0028989611111477354,-0.297252857560912,0.039613424134950836,0.0045042248817726005
250,16,5,CTATCGCA,1.0266192125296492,1.0235893053770992,0.847480058670044,0.15194229328837516,0.15303526487531316,0.0010929715869379963,-0.1761092467070553,0.02801684583049502,0.012867310067744775
250,16,5,CTATATAT,0.8749886559900164,0.8738439621388284,0.9193556308746338,0.0003117367487424083,0.0032899216370423368,0.0029781848882999284,0.045511668735805366,0.014710735867121905,0.00898726661118232
250,16,5,CTATATCT,0.8084104143404629,0.803115340236884,0.798025906085968,-0.0662665049008111,-0.06743870026490206,-0.0011721953640909666,-0.005089434150916006,0.03457241643782982,0.008097045919935653
250,17,3,CAATATCT,0.22061148187632273,0.21196310801638463,0.26872718334198,-0.43666179229237856,-0.4424382371621002,-0.00577644486972162,0.05676407532559535,0.02705862861486219,0.001113507035047867
250,17,3,CGATATCG,0.8694901178949631,0.8676067623827192,0.9186305999755859,0.21221684372626182,0.21320541720423436,0.000988573477972543,0.05102383759286677,0.00614394795461326,0.0004938814178814255
250,17,3,CGATATCT,0.7694957484517596,0.7690177551574177,0.921863853931427,0.11222247428305832,0.11461640997893285,0.0023939356958745384,0.15284609877400934,0.002188093756147369,0.0007541138731212982
250,17,3,CGATATCT,0.7694957484517596,0.7690177551574177,0.7864967584609985,0.11222247428305832,0.11461640997893285,0.0023939356958745384,0.017479003303580876,0.002188093756147369,0.0007541138731212982
250,18,4,CGATATCA,0.8152082105782168,0.8153561948274732,0.9592024087905884,0.09537056493823204,0.09698356977848288,0.0016130048402508423,0.14384621396311514,0.006146408875660647,0.006738345872686402
250,18,4,CGATATCA,0.8152082105782168,0.8153561948274732,1.0079329013824463,0.09537056493823204,0.09698356977848288,0.0016130048402508423,0.19257670655497305,0.006146408875660647,0.006738345872686402
250,18,4,CGATATCG,1.045715736381529,1.0453287707932761,1.1264104843139648,0.3258780907415443,0.3269561457442858,0.001078055002741496,0.08108171352068871,0.0034125657539623155,0.0018647034009511287
250,18,4,CAATATCA,0.2032184250219764,0.19744933974773904,0.06345140933990479,-0.5166192206180084,-0.5209232853012513,-0.0043040646832429585,-0.13399793040783425,0.0289524666674712,0.005876125570521751
250,19,2,GTATCGCT,1.0774986426737172,1.0758704139152542,1.1124603748321533,0.0670588062808064,0.06788229044468608,0.000823484163879673,0.036589960916899145,0.0033642070073681696,0.00010774949044201065
250,19,2,GTATCCCT,0.8092634175504914,0.8043412521365099,1.034298062324524,-0.20117641884241944,-0.20364687133405823,-0.002470452491638797,0.22995681018801406,0.009848498925545623,4.168097582635255e-06
250,19,2,GTATCGCT,1.0774986426737172,1.0758704139152542,1.0758702754974365,0.0670588062808064,0.06788229044468608,0.000823484163879673,-1.384178176522255e-07,0.0033642070073681696,0.00010774949044201065
250,19,2,GTATCGCT,1.0774986426737172,1.0758704139152542,0.9867652654647827,0.0670588062808064,0.06788229044468608,0.000823484163879673,-0.08910514845047146,0.0033642070073681696,0.00010774949044201065
250,20,3,CAATATAT,1.1770500023229646,1.17834161925647,1.16635000705719,0.15686989964391085,0.15803758427500725,0.0011676846310963995,-0.011991612199280022,0.001020011953084543,0.004894862753599849
250,20,3,CAATATAT,1.1770500023229646,1.17834161925647,1.1191633939743042,0.15686989964391085,0.15803758427500725,0.0011676846310963995,-0.059178225282165764,0.001020011953084543,0.004894862753599849
250,20,3,CAATATAT,1.1770500023229646,1.17834161925647,1.1639950275421143,0.15686989964391085,0.15803758427500725,0.0011676846310963995,-0.014346591714355705,0.001020011953084543,0.004894862753599849
250,20,3,CAATATCT,0.5495704037473214,0.5461912821564407,0.14168810844421387,-0.47060969893173243,-0.47411275282502197,-0.0035030538932895317,-0.4045031737122269,0.020078951960817104,0.009941587188175394
250,21,2,CGATATAT,1.3473831699703545,1.3478292981162667,1.339015245437622,0.0,0.0,0.0,-0.008814052678644657,0.00016390838127811058,0.0010561646731028773
250,21,2,CGATATAT,1.3473831699703545,1.3478292981162667,1.3789116144180298,0.0,0.0,0.0,0.031082316301763058,0.00016390838127811058,0.0010561646731028773
250,21,2,CGATATAT,1.3473831699703545,1.3478292981162667,1.339015245437622,0.0,0.0,0.0,-0.008814052678644657,0.00016390838127811058,0.0010561646731028773
250,21,2,CGATATAT,1.3473831699703545,1.3478292981162667,1.3366949558258057,0.0,0.0,0.0,-0.011134342290461063,0.00016390838127811058,0.0010561646731028773
250,22,4,CAATATAT,0.9639608805425708,0.9586823296267541,1.1632652282714844,-0.040026406615447874,-0.04133994803608698,-0.0013135414206391083,0.20458289864473023,0.02295155684186123,0.0018373531785949027
250,22,4,CGATATAT,1.1240665070043627,1.1240421217711025,0.9888774156570435,0.12007921984634407,0.12401984410826139,0.003940624261917325,-0.13516470611405906,0.0021065404464766235,0.002008999513435583
250,22,4,CAATATAT,0.9639608805425708,0.9586823296267541,1.1476478576660156,-0.040026406615447874,-0.04133994803608698,-0.0013135414206391083,0.18896552803926148,0.02295155684186123,0.0018373531785949027
250,22,4,CAATATAT,0.9639608805425708,0.9586823296267541,0.7879323959350586,-0.040026406615447874,-0.04133994803608698,-0.0013135414206391083,-0.17074993369169555,0.02295155684186123,0.0018373531785949027
250,23,3,ATATACGC,0.8196026069253769,0.8161900186031642,0.9461933374404907,0.220684303582786,0.22113976355952514,0.0004554599767391254,0.13000331883732652,0.014124144990481646,0.003886380023843561
250,23,3,ATATACGG,0.5258553137765395,0.5185267826438776,0.5957680344581604,-0.0730629895660514,-0.07652347239976143,-0.0034604828337100324,0.07724125181428276,0.023325510173910047,0.0013399167759242658
250,23,3,ATATAGGG,0.23061268574307028,0.2292942003243502,-0.3114128112792969,-0.36830561759952063,-0.36575605471928885,0.0025495628802317816,-0.5407070116036471,0.00474323457807202,0.0007877783219116807
250,23,3,ATATACGC,0.8196026069253769,0.8161900186031642,0.7428430318832397,0.220684303582786,0.22113976355952514,0.0004554599767391254,-0.07334698671992446,0.014124144990481646,0.003886380023843561
250,24,2,CGATATCG,1.1024182630671582,1.102563090622425,1.1025631427764893,0.4308120800583979,0.4316807556897402,0.0008686756313422972,5.21540641784668e-08,0.0001991911652607925,0.0004888462757945966
250,24,2,CGGTATCG,0.5485669376003828,0.5453778356313705,0.21853852272033691,-0.12303924540837752,-0.12550449930131435,-0.002465253892936836,-0.32683931291103363,0.007212775527419613,0.00083457158939515
250,24,2,CGATATCG,1.1024182630671582,1.102563090622425,1.1516927480697632,0.4308120800583979,0.4316807556897402,0.0008686756313422972,0.049129657447338104,0.0001991911652607925,0.0004888462757945966
250,24,2,CAATATCG,-0.06697873169965796,-0.06697467714548111,-0.24939846992492676,-0.7385849147084182,-0.737857012078166,0.0007279026302522418,-0.18242379277944565,0.0005926963227858018,0.000600805431139495
250,25,3,CGATCGAT,0.8167820982376365,0.8152616215455862,0.3600367307662964,-0.07291296563787353,-0.0670332801657626,0.005879685472110929,-0.45522489077928985,0.004742462903086775,0.0001810328269362671
250,25,3,CGATCTAT,1.0308986528001316,1.030439783198138,0.9515361785888672,0.1412035889246216,0.14814488148678917,0.006941292562167578,-0.07890360460927082,0.0018202955614727845,0.00044368675549222303
250,25,3,CGATCTAT,1.0308986528001316,1.030439783198138,0.8300579190254211,0.1412035889246216,0.14814488148678917,0.006941292562167578,-0.20038186417271686,0.0018202955614727845,0.00044368675549222303
250,25,3,CGATCCAT,0.6802008516641408,0.6530384189035329,0.44578564167022705,-0.2094942122113692,-0.22925648280781596,-0.01976227059644675,-0.20725277723330582,0.08317048307810504,0.0016831847962812674
250,26,6,CGATATCG,0.9767624985242312,0.9754578182923265,0.898056149482727,0.6220271008414555,0.6624375917804879,0.04041049093903237,-0.07740166880959942,0.014630235101596778,0.006802153710168568
250,26,6,CGATCTTG,0.3422441570847325,0.3310388137440888,0.04796791076660156,-0.01249124059804324,0.01801858723225014,0.03050982783029338,-0.2830709029774872,0.07240121374714725,0.00516915370328519
250,26,6,CTATGTAT,-0.2540399587450084,-0.36710874691101064,0.07154989242553711,-0.6087753564277841,-0.6801289734228493,-0.07135361699506515,0.43865863933654775,0.6845533035855205,0.0061405745895068975
250,26,6,CAGTATCA,0.3539748938671477,0.31269302092194984,0.5595223903656006,-0.000760503815628033,-0.00032720558988880155,0.0004332982257392315,0.24682936944365075,0.26022321330852627,0.012531975637338988
250,27,6,CGATATCT,0.9197609955691561,0.9192849163696835,0.7192465662956238,0.10245229485745067,0.11679791709159137,0.01434562223414071,-0.20003835007405968,0.008049362431680862,0.00519288723484479
250,27,6,CGGTATAC,0.2827928090874961,0.2237176771553795,0.5210626721382141,-0.5345158916242094,-0.5787693221227126,-0.044253430498503166,0.2973449949828346,0.36961622611106026,0.015165434518360499
250,27,6,CGATATCG,0.9618089477704362,0.9623265753015096,0.8656959533691406,0.14450024705873077,0.15983957602341747,0.015339328964686705,-0.09663062193236893,0.007591866164864403,0.010697631351304082
250,27,6,CGATATAT,1.1048720504197334,1.1046188282857956,1.0426039695739746,0.2875633497080279,0.3021318290077035,0.01456847929967564,-0.062014858711821,0.009433886101456679,0.007914553297830196
250,28,5,CAATATAT,1.3091386757085492,1.3107750565403447,1.2307815551757812,0.0,0.0,0.0,-0.0799935013645634,0.002111784922840809,0.01029368908181727
250,28,5,CAATATAT,1.3091386757085492,1.3107750565403447,1.309865951538086,0.0,0.0,0.0,-0.0009091050022587144,0.002111784922840809,0.01029368908181727
250,28,5,CAATATAT,1.3091386757085492,1.3107750565403447,1.3220782279968262,0.0,0.0,0.0,0.01130317145648152,0.002111784922840809,0.01029368908181727
250,28,5,CAATATAT,1.3091386757085492,1.3107750565403447,1.405443787574768,0.0,0.0,0.0,0.09466873103442341,0.002111784922840809,0.01029368908181727
250,29,4,GTATCGCC,0.21972495340183573,0.20387009174252557,0.18281066417694092,-0.14698041351764712,-0.1503387912428784,-0.0033583777252312874,-0.021059427565584654,0.0710073396472275,0.007587893009986857
250,29,4,GTATCGCG,0.2982811594433772,0.295467453543097,0.07526886463165283,-0.06842420747610567,-0.05874142944230698,0.009682778033798689,-0.22019858891144417,0.016455543466453726,0.005200719865332992
250,29,4,ATATCGCG,0.4006978240388974,0.3930084032472225,0.3579840064048767,0.033992457119414565,0.03879952026181854,0.004807063142403978,-0.03502439684234582,0.035050653755224204,0.004292970588524625
250,29,4,ATATCGCC,0.5481175307938212,0.5244895834087708,0.32835471630096436,0.18141216387433834,0.17028070042336685,-0.01113146345097149,-0.19613486710780648,0.10000844007220211,0.0054966505320006576
250,30,2,CGATCCCC,0.1458261781553576,0.1458299309015274,0.1458299160003662,-0.11171886669557834,-0.11171429604291916,4.570652659185992e-06,-1.4901161193847656e-08,1.8623882338530962e-06,9.367880573485365e-06
250,30,2,CGATCCCC,0.1458261781553576,0.1458299309015274,-0.09034252166748047,-0.11171886669557834,-0.11171429604291916,4.570652659185992e-06,-0.23617245256900787,1.8623882338530962e-06,9.367880573485365e-06
250,30,2,CGATCCCC,0.1458261781553576,0.1458299309015274,-0.10351145267486572,-0.11171886669557834,-0.11171429604291916,4.570652659185992e-06,-0.24934138357639313,1.8623882338530962e-06,9.367880573485365e-06
250,30,2,CGATCCCT,0.592701644937671,0.592687115073204,0.6858844757080078,0.33515660008673503,0.3351428881287575,-1.3711957977557976e-05,0.09319736063480377,3.02392113353811e-05,1.1794824015254335e-06
250,31,3,CGATATTC,0.5102791746264669,0.5120371040474211,0.613938570022583,-0.17621725046402748,-0.17489110578834588,0.0013261446756815953,0.10190146597516192,0.001924786448880944,0.007198574711743344
250,31,3,CGATACTG,0.4915847287685405,0.4891083982462683,0.4945068359375,-0.19491169632195388,-0.19781981158949868,-0.0029081152675448085,0.005398437691231717,0.011770787912466663,0.0043417963456500175
250,31,3,CGATACTA,0.6662382565590441,0.667423552212616,0.6537662148475647,-0.020258168531450238,-0.01950465762315101,0.0007535109082992264,-0.013657337365051259,0.008581021992983384,0.0121369089536989
250,31,3,CGATATTA,1.077883540407926,1.0791437848367624,1.108076810836792,0.39138711531743176,0.39221557500099546,0.0008284596835637092,0.02893302600002956,0.0015183377412089083,0.005299071027717872
500,0,1,CGATATCC,1.5054929798934609,1.5054929798934609,1.505492925643921,0.0,0.0,0.0,-5.4249539971351624e-08,0.0,0.0
500,0,1,CGATATCC,1.5054929798934609,1.5054929798934609,1.505492925643921,0.0,0.0,0.0,-5.4249539971351624e-08,0.0,0.0
500,0,1,CGATATCC,1.5054929798934609,1.5054929798934609,1.505492925643921,0.0,0.0,0.0,-5.4249539971351624e-08,0.0,0.0
500,0,1,CGATATCC,1.5054929798934609,1.5054929798934609,1.505492925643921,0.0,0.0,0.0,-5.4249539971351624e-08,0.0,0.0
500,1,7,CAATATAT,1.1516516812158497,1.1513332758886037,0.9980261921882629,0.22175624325054433,0.24102708640521064,0.019270843154666317,-0.15330708370034074,0.021976798659138597,0.01974796136841661
500,1,7,CGATATAT,1.2303135344393428,1.2310334991755563,1.1690937280654907,0.3004180964740374,0.32072730969216323,0.020309213218125843,-0.061939771110065545,0.01397120035906707,0.019010953512562878
500,1,7,CCATCGAT,0.1859648549901792,0.10752470698080886,-0.7680354118347168,-0.7439305829751262,-0.8027814825025842,-0.058850899527458034,-0.8755601188155256,0.5647740172946314,0.01569298122903895
500,1,7,CAATATAT,1.1516516812158497,1.1513332758886037,1.219800353050232,0.22175624325054433,0.24102708640521064,0.019270843154666317,0.06846707716162825,0.021976798659138597,0.01974796136841661
500,2,4,CCATATAT,1.2927089054372585,1.2942612424376425,1.3086471557617188,0.0,0.0,0.0,0.014385913324076238,0.0016706144382561683,0.00787996243979272
500,2,4,CCATATAT,1.2927089054372585,1.2942612424376425,1.3881447315216064,0.0,0.0,0.0,0.09388348908396393,0.0016706144382561683,0.00787996243979272
500,2,4,CCATATAT,1.2927089054372585,1.2942612424376425,1.398383378982544,0.0,0.0,0.0,0.10412213654490143,0.0016706144382561683,0.00787996243979272
500,2,4,CCATATAT,1.2927089054372585,1.2942612424376425,1.2586839199066162,0.0,0.0,0.0,-0.0355773225310263,0.0016706144382561683,0.00787996243979272
500,3,4,GGATATAT,0.9398307083913786,0.9349571945009911,1.0270698070526123,0.16049046307428938,0.15783787920251302,-0.0026525838717763595,0.09211261255162118,0.02483518267145368,0.005341127109903532
500,3,4,GGATATCC,0.5864368240092652,0.5894079527691554,0.8835731744766235,-0.192903421307824,-0.18771136252932275,0.005192058778501263,0.29416522170746817,0.007249829598437785,0.019134344637998346
500,3,4,GGATACTG,0.6274019393683854,0.6251793839910535,0.7958621382713318,-0.15193830594870383,-0.15193993130742456,-1.6253587207248898e-06,0.17068275428027824,0.027376349386087462,0.018486127876760072
500,3,4,GGATATCG,0.9636915094993279,0.9589327299327126,0.9493153095245361,0.18435126418223868,0.1818134146342345,-0.0025378495480041785,-0.00961742040817648,0.02721647435143848,0.008181356084977054
500,4,5,GTATCGCC,0.5803779515008918,0.5659368346810023,0.38992416858673096,-0.18782113175271675,-0.19557968475700682,-0.00775855300429007,-0.17601266609427135,0.07967234675031509,0.007466762650867764
500,4,5,CTATATCC,0.6327838960827166,0.6247806613205459,0.7084118127822876,-0.13541518717089196,-0.13673585811746325,-0.0013206709465712896,0.08363115146174172,0.0536727621232127,0.013656588312358942
500,4,5,CTATCGCA,0.9471041589404955,0.945787567114069,0.9159706234931946,0.17890507568688696,0.18427104767605984,0.00536597198917288,-0.029816943620874392,0.021633444946537406,0.015050485814405157
500,4,5,CTATATCA,0.91253032649033,0.9095610146364193,1.0463162660598755,0.14433124323672142,0.14804449519841012,0.0037132519616887016,0.13675525142345624,0.026153514978605408,0.011306955709051714
500,5,5,CAATATAT,0.9794885677985559,0.9746271431911732,1.0953242778778076,-0.06181491724604471,-0.06413821163276834,-0.002323294386723629,0.12069713468663446,0.03138708776769139,0.007079964730777988
500,5,5,CGATATAT,1.1677795774794708,1.1669221402960825,1.1417105197906494,0.12647609243487024,0.12815678547214104,0.0016806930372708084,-0.02521162050543313,0.008962847177709676,0.004675661260768571
500,5,5,CGATATAT,1.1677795774794708,1.1669221402960825,1.0685052871704102,0.12647609243487024,0.12815678547214104,0.0016806930372708084,-0.09841685312567239,0.008962847177709676,0.004675661260768571
500,5,5,CGATATAG,0.8501662174209054,0.8465899955124279,1.0851393938064575,-0.1911372676236952,-0.19217535931151364,-0.001038091687818432,0.23854939829402966,0.020853903011424535,0.002972793469036894
500,6,3,CGATATCG,1.100613697477159,1.100475545455184,1.2248570919036865,0.1286307277738472,0.12867340530889726,4.2677535050050786e-05,0.12438154644850252,0.0016297580423689784,0.0012153019764440387
500,6,3,CGATATTG,0.5860907863817699,0.5857819242195951,0.5972883105278015,-0.38589218332154185,-0.38602021592669167,-0.0001280326051498193,0.01150638630820644,0.0020217035270486683,0.0010951170405242294
500,6,3,CGATATCG,1.100613697477159,1.100475545455184,1.0129488706588745,0.1286307277738472,0.12867340530889726,4.2677535050050786e-05,-0.08752667479630949,0.0016297580423689784,0.0012153019764440387
500,6,3,CGATATCG,1.100613697477159,1.100475545455184,1.1644693613052368,0.1286307277738472,0.12867340530889726,4.2677535050050786e-05,0.06399381585005282,0.0016297580423689784,0.0012153019764440387
500,7,5,CGATATCT,0.9926111641787264,0.9910547452237612,0.9515418410301208,0.4281236336925487,0.4388024204777322,0.010678786785183525,-0.0395129041936404,0.010207224197151143,0.0024251294223249786
500,7,5,CGAGATCT,-0.27708177268404804,-0.30914737876504644,-1.1762871742248535,-0.8415693031702258,-0.8613997035110754,-0.019830400340849597,-0.867139795459807,0.16460277223501762,0.004274741830025519
500,7,5,CTATATCA,0.8458483353257069,0.8381663135571094,0.9054198861122131,0.2813608048395292,0.2859139888110803,0.0045531839715511335,0.06725357255510378,0.04522868715317019,0.006818578310181955
500,7,5,CTATATCG,0.6965723951243257,0.6889356189682919,0.8627071380615234,0.13208486463814795,0.13668329422226289,0.004598429584114938,0.17377151909323152,0.04409151327929184,0.005907632499122961
500,8,5,CGATCCGG,0.6044106439483392,0.5990411258028321,0.4877098798751831,-0.1920237172107866,-0.19134691838266604,0.0006767988281205506,-0.11133124592764898,0.031214689256964245,0.004367098529428404
500,8,5,TGATCCGC,0.9350818552184119,0.9289373199170701,1.0305273532867432,0.1386474940592861,0.13854927573157194,-9.821832771417238e-05,0.1015900333696731,0.06415106451764174,0.03342838801093251
500,8,5,TGATCCGA,0.7111630902513403,0.7046364111050203,0.8275963664054871,-0.08527127090778552,-0.08575163308047784,-0.00048036217269231685,0.12295995530046677,0.04414758735272084,0.011514191621120773
500,8,5,TGATCCGC,0.9350818552184119,0.9289373199170701,0.845186710357666,0.1386474940592861,0.13854927573157194,-9.821832771417238e-05,-0.08375060955940405,0.06415106451764174,0.03342838801093251
500,9,6,ATATATCC,-0.006102387018006805,-0.031502219025666335,0.3546140789985657,-0.4540510177112112,-0.46482431558219445,-0.010773297870983245,0.38611629802423203,0.16785488515323443,0.015455893107277241
500,9,6,CAATATAT,0.8947433540716844,0.8877750612433166,0.792646586894989,0.44679472337848,0.45445296468678853,0.007658241308308555,-0.09512847434832761,0.052046700544581714,0.01023694357437499
500,9,6,CTATATAT,0.6533306597548224,0.6475464344231611,0.7499615550041199,0.205382029061618,0.21422433786663297,0.008842308805014965,0.10241512058095881,0.03984873638212427,0.005143384392155781
500,9,6,TGATATCG,0.24982289596431753,0.22946910958530106,0.03661823272705078,-0.19812573472888687,-0.20385298697122703,-0.005727252242340164,-0.19285087685825028,0.13989425027179792,0.017771531997698986
500,10,4,GTATCGCT,0.5662773390251507,0.5576918881045765,0.6809107661247253,-0.28056107032304234,-0.2854326559698468,-0.004871585646804455,0.12321887802014886,0.040003312472039365,0.0056615087897426974
500,10,4,CTATCGCT,1.013810773471993,1.0119574362209582,1.0413261651992798,0.1669723641238,0.16883289214653496,0.001860528022734953,0.029368728978321545,0.008795515392292952,0.00138216638815436
500,10,4,CTATCGCT,1.013810773471993,1.0119574362209582,0.9682719111442566,0.1669723641238,0.16883289214653496,0.001860528022734953,-0.04368552507670165,0.008795515392292952,0.00138216638815436
500,10,4,CGATCGAT,0.7934547514236355,0.7908914157511997,0.5585039854049683,-0.05338365792455746,-0.05223312832322358,0.0011505296013338828,-0.23238743034623144,0.011289523390362266,0.0010361807006189494
500,11,2,CGATATAG,1.2029193680001906,1.2033680640161037,1.2369425296783447,0.0,0.0,0.0,0.03357446566224098,2.7363009400982463e-05,0.0009247550412272432
500,11,2,CGATATAG,1.2029193680001906,1.2033680640161037,1.1362190246582031,0.0,0.0,0.0,-0.06714903935790062,2.7363009400982463e-05,0.0009247550412272432
500,11,2,CGATATAG,1.2029193680001906,1.2033680640161037,1.129286766052246,0.0,0.0,0.0,-0.07408129796385765,2.7363009400982463e-05,0.0009247550412272432
500,11,2,CGATATAG,1.2029193680001906,1.2033680640161037,1.277449369430542,0.0,0.0,0.0,0.07408130541443825,2.7363009400982463e-05,0.0009247550412272432
500,12,5,CTATCGTA,0.9244601853292593,0.9197139509775051,0.7692877650260925,0.1505709676074235,0.15197355560371462,0.0014025879962911159,-0.15042618595141255,0.039307316237862544,0.01557614447909117
500,12,5,CTATCGAT,0.7613796786851671,0.7529813195603967,0.6472198963165283,-0.012509539036668738,-0.014759075813393752,-0.002249536776725014,-0.10576142324386839,0.04809506674278197,0.006103271118930387
500,12,5,CTATATCC,0.5258568193104303,0.5188522377796467,0.586536169052124,-0.24803239841140556,-0.24888815759414373,-0.0008557591827381694,0.0676839312724773,0.04996616589813829,0.014943258244220381
500,12,5,CTATATAT,0.8838601875624867,0.8794140731776128,1.0088027715682983,0.10997096984065091,0.11167367780382231,0.0017027079631714015,0.12938869839068556,0.027526150592073417,0.005295578667704248
500,13,2,CGATATAT,1.3254899594402076,1.3276661103591323,1.2892508506774902,0.32522182398892974,0.32613157806918025,0.0009097540802505133,-0.038415259681642056,1.664493727038252e-05,0.004368946775119564
500,13,2,CGATATAT,1.3254899594402076,1.3276661103591323,1.2868146896362305,0.32522182398892974,0.32613157806918025,0.0009097540802505133,-0.04085142072290182,1.664493727038252e-05,0.004368946775119564
500,13,2,CGGTATAT,0.024602663484488696,0.02313979808241129,0.02313971519470215,-0.9756654719667892,-0.9783947342075408,-0.00272926224075154,-8.288770914077759e-08,0.002999259405129795,7.352860097498137e-05
500,13,2,CGATATAT,1.3254899594402076,1.3276661103591323,1.4093687534332275,0.32522182398892974,0.32613157806918025,0.0009097540802505133,0.08170264307409525,1.664493727038252e-05,0.004368946775119564
500,14,5,GGATATAT,0.1398831464555384,0.12674600509305806,0.41456693410873413,-0.7764666912662175,-0.7847917970921843,-0.008325105825966794,0.2878209290156761,0.0744854305978313,0.008799723785429592
500,14,5,CGATATAG,0.9163050377528972,0.908835745298614,0.7578814625740051,-4.479996885875526e-05,-0.002702056886628279,-0.0026572569177695238,-0.15095428272460887,0.04321755167138264,0.0058710893999665
500,14,5,CGATATAT,1.3046055833392942,1.3052847291746486,1.2554326057434082,0.3882557456175383,0.3937469269894063,0.0054911813718679925,-0.04985212343124035,0.0020159858745565917,0.005411715051328869
500,14,5,CGATATAT,1.3046055833392942,1.3052847291746486,1.23496413230896,0.3882557456175383,0.3937469269894063,0.0054911813718679925,-0.07032059686568859,0.0020159858745565917,0.005411715051328869
500,15,2,CGATATAG,1.2029193680001906,1.2033680640161037,1.203368067741394,0.20056942053375604,0.20060742762871087,3.8007094954828347e-05,3.725290298461914e-09,2.7363009400982463e-05,0.0009247550412272432
500,15,2,CGATATAG,1.2029193680001906,1.2033680640161037,1.196435570716858,0.20056942053375604,0.20060742762871087,3.8007094954828347e-05,-0.006932493299245834,2.7363009400982463e-05,0.0009247550412272432
500,15,2,CGATATAG,1.2029193680001906,1.2033680640161037,1.277449369430542,0.20056942053375604,0.20060742762871087,3.8007094954828347e-05,0.07408130541443825,2.7363009400982463e-05,0.0009247550412272432
500,15,2,CAATATAG,0.40064168586516646,0.4009383535012603,0.6443303823471069,-0.6017082616012681,-0.6018222828861326,-0.00011402128486448504,0.24339202884584665,5.3877708274363556e-05,0.0006472129804619975
500,16,4,CTATCTTA,0.9122150885084674,0.9079448881141923,0.610489010810852,-0.37139186068554375,-0.3756318358464339,-0.0042399751608901415,-0.2974558773033402,0.02052355883308188,0.003442757255981199
500,16,4,CTATCGTA,1.4074042360891925,1.4087873359094374,1.3568729162216187,0.12379728689518132,0.12521061194881122,0.0014133250536298991,-0.051914419687818736,0.006061965639845068,0.011594364920824773
500,16,4,CTATCGTA,1.4074042360891925,1.4087873359094374,1.5265984535217285,0.12379728689518132,0.12521061194881122,0.0014133250536298991,0.11781111761229113,0.006061965639845068,0.011594364920824773
500,16,4,CTATCGTA,1.4074042360891925,1.4087873359094374,1.4672812223434448,0.12379728689518132,0.12521061194881122,0.0014133250536298991,0.058493886434007436,0.006061965639845068,0.011594364920824773
500,17,3,CGATATCA,1.3754823385035138,1.3756303686338167,1.285482406616211,0.0,0.0,0.0,-0.09014796201760578,0.00525117783574236,0.005695268226650896
500,17,3,CGATATCA,1.3754823385035138,1.3756303686338167,1.3000390529632568,0.0,0.0,0.0,-0.07559131567055988,0.00525117783574236,0.005695268226650896
500,17,3,CGATATCA,1.3754823385035138,1.3756303686338167,1.3414324522018433,0.0,0.0,0.0,-0.03419791643197345,0.00525117783574236,0.005695268226650896
500,17,3,CGATATCA,1.3754823385035138,1.3756303686338167,1.4490973949432373,0.0,0.0,0.0,0.07346702630942059,0.00525117783574236,0.005695268226650896
500,18,5,CGATCGTA,0.5723382501392672,0.5674116404851268,0.5570237040519714,-0.03520492147991894,-0.030411253479930567,0.004793667999988371,-0.010387936433155387,0.036315178793279834,0.01168213052257805
500,18,5,ATATCGCG,0.5324841600120349,0.512009674323101,0.3614407777786255,-0.07505901160715123,-0.08581321964195643,-0.010754208034805202,-0.15056889654447547,0.10786589726879736,0.00549346882412749
500,18,5,CGATCGCT,0.5329128775836647,0.5265753104289363,0.6546740531921387,-0.07463029403552146,-0.07124758353612104,0.003382710499400421,0.12809874276320232,0.034472735811008626,0.0027849000373665334
500,18,5,CGATCTAT,0.7924373987417777,0.7852949506230651,0.8928647041320801,0.18489422712259151,0.1874720566580077,0.0025778295354161873,0.10756975350901499,0.03894980346615595,0.003237562872593358
500,19,2,CGATATAT,0.9649162772555355,0.9649149356409907,0.9415843486785889,0.6497787676636395,0.6555553327780218,0.005776565114382293,-0.023330586962401867,2.737296575183734e-06,5.406748559977359e-08
500,19,2,CGATACAT,-0.37457555565962175,-0.39524257555604003,-0.8481811285018921,-0.6897130652515178,-0.704602178419009,-0.014889113167491197,-0.45293855294585206,0.04224707183649423,0.0009130320436576689
500,19,2,CTATATAT,-0.294706960483865,-0.2971488842740657,-0.986344575881958,-0.609844470075761,-0.6065084871370346,0.0033359829387263895,-0.6891956916078923,0.005658193319228122,0.0007743457388267316
500,19,2,CGATATAT,0.9649162772555355,0.9649149356409907,1.0850213766098022,0.6497787676636395,0.6555553327780218,0.005776565114382293,0.12010644096881151,2.737296575183734e-06,5.406748559977359e-08
500,20,2,TGATAATA,-1.2554378191342488,-1.2620885372161865,-1.195559024810791,-0.5059574975829417,-0.5053154099732636,0.0006420876096780992,0.06652951240539551,0.014232854543470452,0.0009314183795949837
500,20,2,CGATAGTA,-0.10440298667239101,-0.10827478021383308,-0.10827493667602539,0.645077334878916,0.6484983470290898,0.0034210121501737634,-1.5646219231335579e-07,0.008881857447351926,0.001138270364467786
500,20,2,GGATACTA,-0.295812895887678,-0.3051078021526339,-0.5246514081954956,0.45366742566362905,0.451665325090289,-0.0020021005733400488,-0.21954360604286172,0.01906211189793927,0.0004722993680275067
500,20,2,GGATAATA,-1.3422675845109102,-1.351621389389038,-1.4460525512695312,-0.5927872629596032,-0.5948482621461152,-0.002060999186512036,-0.09443116188049316,0.01908406743425317,0.0003764576779974327
500,21,3,CGATATTA,1.2711541637906711,1.2715185570220149,1.168568730354309,0.2247183994774875,0.224866241113179,0.00014784163569148134,-0.1029498266677058,0.00040010695946168795,0.001493286653492909
500,21,3,CTATATTA,0.821717364835696,0.8217860747956567,0.8554405570030212,-0.22471839947748762,-0.2248662411131792,-0.00014784163569159237,0.033654482207364556,0.0027155931074038797,0.0029217229872857686
500,21,3,CTATATTA,0.821717364835696,0.8217860747956567,0.5657231211662292,-0.22471839947748762,-0.2248662411131792,-0.00014784163569159237,-0.25606295362942744,0.0027155931074038797,0.0029217229872857686
500,21,3,CGATATTA,1.2711541637906711,1.2715185570220149,1.166142463684082,0.2247183994774875,0.224866241113179,0.00014784163569148134,-0.10537609333793285,0.00040010695946168795,0.001493286653492909
500,22,5,CGATATAG,0.7731767602741166,0.7664166586846111,0.8018025159835815,0.04980574781040148,0.04632981854335749,-0.0034759292670439867,0.03538585729897048,0.03517199209286259,0.0013714841453351667
500,22,5,CGATATCC,0.6233654235415405,0.6225406156356126,0.8298650979995728,-0.1000055889221747,-0.09754622450564099,0.002459364416533716,0.20732448236396017,0.013088377089008674,0.00896433755936954
500,22,5,CGATATAA,0.41584054213681176,0.41122664203246373,0.7633727192878723,-0.3075304703269034,-0.30886019810878984,-0.0013297277818864472,0.3521460772554086,0.027266815439801917,0.004197314918061856
500,22,5,CGATATAT,1.0811013239023919,1.080163444212327,1.0929880142211914,0.35773031143867673,0.36007660407107334,0.002346292632396607,0.0128245700088645,0.006247672250321967,0.0015582737999979557
500,23,6,ATATCGCG,0.8305445769580809,0.8284578309883518,0.9339542388916016,-0.11074188855815781,-0.10779872212109087,0.0029431664370669353,0.10549640790324977,0.026147081258012683,0.01362660543963834
500,23,6,ATATCGTA,1.0121309525934319,1.0107374818285777,1.1394364833831787,0.07084448707719315,0.07448092871913503,0.003636441641941879,0.128699001554601,0.02119887036931445,0.012838045780188878
500,23,6,ATATCGCC,0.9103393799200102,0.8950934177922635,0.9198625087738037,-0.030947085596228496,-0.04116313531717919,-0.010216049720950693,0.02476909098154023,0.10168552414611476,0.010209751379633758
500,23,6,ATATCGTA,1.0121309525934319,1.0107374818285777,1.0194203853607178,0.07084448707719315,0.07448092871913503,0.003636441641941879,0.008682903532140074,0.02119887036931445,0.012838045780188878
500,24,4,CGATATAG,1.2908603567964763,1.2918039819342089,1.2624059915542603,0.20652644756376537,0.2096024764177855,0.003076028854020141,-0.029397990379948613,0.0014205821325533052,0.005195082683483676
500,24,4,CGATCTAG,0.464754566541415,0.4533940762630668,0.5588159561157227,-0.6195793426912959,-0.6288074292533565,-0.009228086562060644,0.10542187985265583,0.048473859605874914,0.003031898492482199
500,24,4,CGATATAG,1.2908603567964763,1.2918039819342089,1.2989996671676636,0.20652644756376537,0.2096024764177855,0.003076028854020141,0.007195685233454707,0.0014205821325533052,0.005195082683483676
500,24,4,CGATATAG,1.2908603567964763,1.2918039819342089,1.314142107963562,0.20652644756376537,0.2096024764177855,0.003076028854020141,0.022338126029353145,0.0014205821325533052,0.005195082683483676
500,25,3,CAATATAT,1.3749665811645,1.3758534850138755,1.4206721782684326,0.0,0.0,0.0,0.04481869325455712,0.00036966458604070773,0.003030376134167234
500,25,3,CAATATAT,1.3749665811645,1.3758534850138755,1.3345880508422852,0.0,0.0,0.0,-0.04126543417159034,0.00036966458604070773,0.003030376134167234
500,25,3,CAATATAT,1.3749665811645,1.3758534850138755,1.377367615699768,0.0,0.0,0.0,0.0015141306858925674,0.00036966458604070773,0.003030376134167234
500,25,3,CAATATAT,1.3749665811645,1.3758534850138755,1.4585003852844238,0.0,0.0,0.0,0.08264690027054833,0.00036966458604070773,0.003030376134167234
500,26,3,CTATCTCC,0.6413473911754803,0.6295650930713035,0.6457111835479736,0.14504409402784357,0.14708933920256761,0.002045245174724042,0.01614609047667015,0.03684118100247402,0.001494286689943447
500,26,3,CTATCTCC,0.6413473911754803,0.6295650930713035,0.657401978969574,0.14504409402784357,0.14708933920256761,0.002045245174724042,0.02783688589827049,0.03684118100247402,0.001494286689943447
500,26,3,ATATCTCC,0.26441748516401137,0.2351151452296308,0.7851583957672119,-0.2318858119836254,-0.24736060863910506,-0.015474796655479656,0.5500432505375811,0.08815005679815302,0.00024303699501126985
500,26,3,CTATCGCC,0.438100921075575,0.43565768410270583,0.325966477394104,-0.058202376072061746,-0.046818069766030035,0.01138430630603171,-0.10969120670860183,0.0077575385717678635,0.0004278276531604064
500,27,4,CGATATAC,0.5021962056123085,0.4933551535165559,0.6096621751785278,-0.3723900544359321,-0.3776002483791674,-0.005210193943235297,0.11630702166197193,0.04074277331850107,0.005378564935490715
500,27,4,CGATATAT,1.137547750748418,1.1372892606304963,1.1521142721176147,0.2629614907001774,0.266333858734773,0.0033723680345956186,0.014825011487118456,0.0017717093501468106,0.0007377488784596764
500,27,4,CGATATAT,1.137547750748418,1.1372892606304963,1.2497012615203857,0.2629614907001774,0.266333858734773,0.0033723680345956186,0.11241200088988945,0.0017717093501468106,0.0007377488784596764
500,27,4,CGATATAG,0.7210533330838176,0.7158879328053447,0.3526498079299927,-0.153532926964423,-0.1550674690903786,-0.001534542125955607,-0.363238124875352,0.0210695386698605,0.0004079375559689069
500,28,5,CGATATAT,1.248313927501154,1.2493544720237455,1.2715561389923096,0.1943558759405679,0.20147798879188494,0.007122112851317031,0.02220166696856407,0.003118288416837589,0.008321011029794434
500,28,5,CGATATAT,1.248313927501154,1.2493544720237455,1.2464033365249634,0.1943558759405679,0.20147798879188494,0.007122112851317031,-0.0029511354987821203,0.003118288416837589,0.008321011029794434
500,28,5,CGGTATCT,0.47089042373888185,0.4434425168562061,0.24433159828186035,-0.5830676278217044,-0.6044339663756544,-0.02136633855394998,-0.19911091857434576,0.1489180284050331,0.011678493991654548
500,28,5,CGATATAT,1.248313927501154,1.2493544720237455,1.2566804885864258,0.1943558759405679,0.20147798879188494,0.007122112851317031,0.007326016562680282,0.003118288416837589,0.008321011029794434
500,29,2,CTATATCA,1.0051025835192748,1.0040509812533855,1.0562670230865479,0.7482094174854311,0.758210132829845,0.010000715344413824,0.05221604183316231,0.002110497989966764,7.293458188062374e-06
500,29,2,CGATATCA,0.8657001243207996,0.8660418204963207,0.6214144229888916,0.6088069582869559,0.6202009720727801,0.011394013785824275,-0.24462739750742912,0.0008510935934951114,0.0015344859445374226
500,29,2,TCATATCA,-1.8483326272239744,-1.8907803893089294,-1.8854527473449707,-2.105225793257818,-2.13662123773247,-0.031395444474652034,0.00532764196395874,0.08500527952665404,0.00010975535674395687
500,29,2,CTATATCA,1.0051025835192748,1.0040509812533855,1.0847423076629639,0.7482094174854311,0.758210132829845,0.010000715344413824,0.08069132640957832,0.002110497989966764,7.293458188062374e-06
500,30,3,CTATCATA,0.5849303420880388,0.5706912580774062,1.090146780014038,-0.45568985956609953,-0.46544764140142236,-0.009757781835322832,0.5194555219366319,0.04377996918923266,0.001062717157334525
500,30,3,CGATCGTA,0.9586519209618086,0.9578312547334155,0.9983487725257874,-0.08196828069232975,-0.07830764474541307,0.0036606359469166794,0.04051751779237189,0.008875023073500188,0.00641302438832092
500,30,3,CTATCGTA,1.3094492717833528,1.308016542552246,1.3412718772888184,0.2688290701292144,0.27187764307341755,0.0030485729442031317,0.03325533473657227,0.008990702475293877,0.0046925147819738555
500,30,3,CTATCGTA,1.3094492717833528,1.308016542552246,1.3653329610824585,0.2688290701292144,0.27187764307341755,0.0030485729442031317,0.05731641853021241,0.008990702475293877,0.0046925147819738555
500,31,4,CGATATAT,1.2132295559802366,1.213839577394538,1.1328405141830444,0.32389736761112564,0.3268464812814881,0.0029491136703624354,-0.08099906321149364,0.004172207726246935,0.006612293383452261
500,31,4,CGATCCAT,0.28062572940757735,0.2701202773217424,0.2045832872390747,-0.6087064589615336,-0.6168728187913076,-0.008166359829773984,-0.06553699008266767,0.048271571847151584,0.006249763503811678
500,31,4,CGATATCT,0.8502439121083935,0.8501729523413817,0.9699193239212036,-0.039088276260717536,-0.03682014377166831,0.002268132489049224,0.11974637157982193,0.009365948184122619,0.009082109116075543
500,31,4,CGATATAT,1.2132295559802366,1.213839577394538,1.339117169380188,0.32389736761112564,0.3268464812814881,0.0029491136703624354,0.12527759198564992,0.004172207726246935,0.006612293383452261
1000,0,5,CGATCTCA,0.5452277625961253,0.541395275708443,0.5476727485656738,-0.24302832684599318,-0.24339044626406836,-0.00036211941807517967,0.0062774728572307925,0.022008871941536334,0.0028464375031251876
1000,0,5,CGATCGCA,0.7678780612805702,0.7665281357866472,0.8892033696174622,-0.02037802816154821,-0.01825758618586415,0.002120441975684062,0.12267523383081491,0.019919031273991195,0.013169403804376145
1000,0,5,CTATCGCT,0.9213393471803561,0.9163086532471543,1.1218254566192627,0.1330832577382377,0.13152293127464287,-0.00156032646359483,0.20551680337210843,0.030747390387527496,0.0055939207215178754
1000,0,5,CGATCGCG,0.9185791867114224,0.9149108231478016,0.8605436682701111,0.1303230972693039,0.1301251011752902,-0.00019799609401371931,-0.054367154877690504,0.0305654007053624,0.012223582887258111
1000,1,6,CACTATCA,0.34646144964813114,0.31040021147992797,0.8343777656555176,-0.2965765698623855,-0.3168661432405417,-0.020289573378156178,0.5239775541755896,0.22193073504289274,0.0055633060336734985
1000,1,6,ATATCGCT,0.6052218263411785,0.5879322132147425,0.46933090686798096,-0.03781619316933815,-0.039334141505727116,-0.0015179483363889634,-0.11860130634676158,0.10629557194786265,0.002557893189246485
1000,1,6,CGATATCC,0.8027712272669438,0.8001997371307672,1.079403281211853,0.1597332077564272,0.17293338241029754,0.013200174653870356,0.27920354408108583,0.030270555717970993,0.014841614900911182
1000,1,6,CTATCGCA,0.817697574785813,0.8105332570564409,0.6378298401832581,0.1746595552752963,0.1832669023359712,0.008607347060674897,-0.1727034168731828,0.05142529742216562,0.00843939104593261
1000,2,4,CGATATGG,0.8413090506386881,0.8405621466833206,0.6872957944869995,0.07954894777880805,0.08389887966707921,0.004349931888271152,-0.15326635219632112,0.007385507151588033,0.004397891330118142
1000,2,4,CGATATGC,0.8551611591002394,0.85168417323924,0.9137336015701294,0.09340105624035933,0.09502090622299852,0.0016198499826391988,0.062049428330889445,0.025866070944160047,0.011958127500162341
1000,2,4,CGATCCGT,0.4922143874856534,0.47617728940531423,0.742963969707489,-0.26954571537422667,-0.2804859776109272,-0.010940262236700526,0.2667866803021748,0.07346050949810445,0.009312117176747847
1000,2,4,CGATATGA,0.8583558142149394,0.8582294587370904,0.7141016125679016,0.0965957113550594,0.10156619172084902,0.00497048036578962,-0.14412784616918883,0.0075091358003192,0.00700371388892318
1000,3,4,ATATCGCG,0.9623057393069372,0.9594285805748466,1.015383243560791,-0.06564308071175273,-0.06728432328721623,-0.0016412425754634974,0.055954662985944426,0.013936590034271168,0.0024279551059089854
1000,3,4,ATATCGCA,1.028548859424259,1.027759194344981,0.9092229604721069,0.000600039405569186,0.0010462904829182662,0.0004462510773490802,-0.11853623387287415,0.0057211202977733855,0.0025624599806617354
1000,3,4,ATATCGCC,1.0923918219193043,1.0919046461834419,1.2309563159942627,0.06444300190061436,0.06519174232137903,0.0007487404207646708,0.13905166981082084,0.004014396560844791,0.002065693617395503
1000,3,4,ATATCGCA,1.028548859424259,1.027759194344981,1.2306108474731445,0.000600039405569186,0.0010462904829182662,0.0004462510773490802,0.20285165312816344,0.0057211202977733855,0.0025624599806617354
1000,4,6,CGATATAG,0.9150244077356159,0.9084369643426417,0.9651455283164978,-0.052989614443842314,-0.054033971819848814,-0.0010443573760064995,0.05670856397385615,0.05046849366145789,0.010943833303612038
1000,4,6,CGATATAT,1.185164430000481,1.1861479274876825,1.205983281135559,0.2171504078210229,0.22367699132519203,0.006526583504169126,0.019835353647876586,0.00426131989610834,0.010162304819315793
1000,4,6,CGATCTAT,0.795861865568548,0.7788805440495095,0.978085994720459,-0.1721521566109102,-0.183590392112981,-0.011438235502070793,0.19920545067094952,0.1077566398075076,0.005868710693276213
1000,4,6,CGATATCG,0.9760053854131878,0.9764183087701284,0.9976426959037781,0.00799136323372962,0.013947372607637898,0.0059560093739082776,0.021224387133649714,0.011971936866772559,0.014449477008415812
1000,5,5,TTATCGCA,0.23786690250171158,0.21528474635522166,0.1577368974685669,-0.202522708524948,-0.20869406859851214,-0.006171360073564142,-0.05754784888665476,0.12008810073581522,0.007177320003365573
1000,5,5,CTATCTTA,0.6190669427313547,0.6050671025551846,0.5578406453132629,0.17867733170469507,0.1810882876014508,0.0024109558967557176,-0.04722645724192165,0.07817456598676653,0.008175365105916654
1000,5,5,ATATCGGA,0.5854150566175319,0.5583962280984263,0.559261679649353,0.14502544559087233,0.13441741314469247,-0.01060803244617986,0.0008654515509267657,0.15625670059822472,0.02116255800269684
1000,5,5,GTATCGAA,0.3192095422560401,0.31716718280610257,0.27228426933288574,-0.12118006877061949,-0.10681163214763123,0.014368436622988257,-0.04488291347321682,0.016170719990657112,0.005958922740969541
1000,6,7,CGATCTAT,0.7633525491714116,0.7515542758440247,0.9231833815574646,0.12108330075106721,0.12696873919825669,0.005885438447189473,0.17162910571343992,0.08733156682061871,0.004743653528910485
1000,6,7,CTATCCCT,0.5270899847706513,0.515806370354576,0.7569782137870789,-0.11517926364969311,-0.108779166291192,0.006400097358501111,0.24117184343250286,0.08461717757820164,0.00563187666567444
1000,6,7,CAATATAT,0.908152701410277,0.9016034148985105,0.8511995077133179,0.26588345298993266,0.2770178782527425,0.011134425262809833,-0.05040390718519261,0.05654737996939252,0.010702374387026481
1000,6,7,CAGTATCT,0.3704817583290375,0.3293780854859606,0.38503366708755493,-0.27178749009130687,-0.2952074511598074,-0.023419961068500528,0.05565558160159434,0.300835156658529,0.01310944675699055
1000,7,3,CGATATAG,1.1815610797572085,1.181636182177398,1.1669819355010986,0.18559413848720618,0.1878889038149889,0.002294765327782722,-0.014654246676299332,0.00036496054920298615,0.0005902678097711167
1000,7,3,CGGTATAG,0.4391845258083838,0.4300805669174423,0.6420494318008423,-0.5567824154616186,-0.5636667114449667,-0.006884295983348165,0.2119688648834,0.029537436320674626,0.002225559647849984
1000,7,3,CGATATAG,1.1815610797572085,1.181636182177398,1.209648609161377,0.18559413848720618,0.1878889038149889,0.002294765327782722,0.02801242698397899,0.00036496054920298615,0.0005902678097711167
1000,7,3,CGATATAG,1.1815610797572085,1.181636182177398,1.1711574792861938,0.18559413848720618,0.1878889038149889,0.002294765327782722,-0.010478702891204117,0.00036496054920298615,0.0005902678097711167
1000,8,2,TGTACGCC,0.2637929350242638,0.25647062063217163,0.12563300132751465,0.3403665658631675,0.3363902233541012,-0.003976342509066311,-0.13083761930465698,0.01475992458899622,0.00011529580481184354
1000,8,2,TGCACGCC,-0.2675997671006871,-0.2703988552093506,-0.40782856941223145,-0.19102613626178344,-0.19047925248742104,0.0005468837743624055,-0.13742971420288086,0.0058928184884448065,0.000294642271117862
1000,8,2,TGCACGCC,-0.2675997671006871,-0.2703988552093506,-0.27039873600006104,-0.19102613626178344,-0.19047925248742104,0.0005468837743624055,1.1920928955078125e-07,0.0058928184884448065,0.000294642271117862
1000,8,2,TGGACGCA,-0.03488792417850428,-0.03535132110118866,-0.1723242998123169,0.04168570666039939,0.04456828162074089,0.0028825749603414996,-0.13697297871112823,0.001158277713038558,0.00023148386766980167
1000,9,6,CGGTATCG,0.8704057786912823,0.8587362295236535,0.9675912261009216,-0.0022621087938956563,-0.005313461486487925,-0.0030513526925922685,0.10885499657726816,0.07712001666558832,0.007102721659816069
1000,9,6,CGATACCT,0.7318614984684112,0.7095106674280632,0.8750841021537781,-0.1408063890167668,-0.15453902358207816,-0.013732634565311375,0.16557343472571484,0.15600227941340705,0.021897293171319276
1000,9,6,CGATATCG,1.032272008015622,1.0324029605685299,1.0634326934814453,0.15960412053044404,0.16835326955838847,0.008749149027944436,0.031029732912915442,0.008225971318853276,0.009011686636300809
1000,9,6,CGATATCC,0.8561322647653963,0.855548906520319,0.5122023224830627,-0.016535622719781706,-0.008500784489822388,0.008034838229959318,-0.34334658403725626,0.021688844109247096,0.018188694638784142
1000,10,4,ATATCTCC,0.33756781638464106,0.3266626115461502,0.16233718395233154,-0.010642942151595003,-0.008448902978367867,0.002194039173227136,-0.16432542759381863,0.04506200628503132,0.0014411869310677616
1000,10,4,TTATCTCA,-0.1893583281857314,-0.20158229997226362,-1.3176676034927368,-0.5375690867219675,-0.5366938144967817,0.000875272225185797,-1.1160853035204732,0.05018335188207956,0.0012874647359506497
1000,10,4,CTATATCA,0.995745386545065,0.9942875460255893,0.9052193760871887,0.6475346280088289,0.6591760315010713,0.011641403492242408,-0.08906816993840061,0.006721026850022627,0.0008896647721199358
1000,10,4,CTCTATCA,0.24888815940096976,0.22107820049859628,0.297366738319397,-0.09932259913526631,-0.11403331402592176,-0.014710714890655452,0.0762885378208007,0.11209696935320146,0.0008571337437075499
1000,11,4,CGATCCCT,0.2062655134389888,0.18272667005658172,0.05264580249786377,0.0074418333348280075,0.004811700161857002,-0.0026301331729710054,-0.13008086755871795,0.09734292916140674,0.003187555631778416
1000,11,4,CGATCGCA,0.22651396010425606,0.2085895105265081,0.7834391593933105,0.02769028000009527,0.030674540631783376,0.002984260631688107,0.5748496488668025,0.07854905402034262,0.006851255709350745
1000,11,4,CGATATCA,0.6176945735885689,0.6138624691714845,0.7848231792449951,0.41887089348440815,0.43594749927675974,0.017076605792351596,0.17096071007351066,0.022366906497452543,0.00703848882911462
1000,11,4,CGATACAG,-0.25517932671517074,-0.2935187701756754,-0.25606727600097656,-0.45400300681933153,-0.4714337400704001,-0.017430733251068586,0.03745149417469884,0.1556344792574187,0.0022767054154000377
1000,12,4,CTATCTAA,0.21799183037892855,0.20353568113447795,0.2867690324783325,-0.38556760869886897,-0.39297049423476005,-0.0074028855358910794,0.08323335134385457,0.06124163367023616,0.0034170366924337614
1000,12,4,CTATCGTA,0.9675620016366495,0.9614861771939713,0.9222859144210815,0.364002562558852,0.36498000182473334,0.0009774392658813413,-0.03920026277288979,0.027773169973333678,0.0034698722026211826
1000,12,4,GTATCGTA,0.8265810009626099,0.8260341139830418,0.7388226985931396,0.22302156188481237,0.22952793861380383,0.006506376728991459,-0.08721141538990218,0.007186488974104233,0.004998941055831985
1000,12,4,CTATCATA,0.40210292333300224,0.39496872916546066,0.055542588233947754,-0.20145651574479528,-0.20153744620377734,-8.093045898205364e-05,-0.3394261409315129,0.03066193551152807,0.002125158841361774
1000,13,6,CGATACCT,0.7318614984684112,0.7095106674280632,0.8918218612670898,-0.10497995741804078,-0.12103734596570981,-0.016057388547669027,0.1823111938390266,0.15600227941340705,0.021897293171319276
1000,13,6,CTATATCG,0.727100052296378,0.7247295190581798,0.9593479037284851,-0.109741403590074,-0.1058184943355932,0.0039229092544808,0.23461838467030527,0.0248299559710623,0.010606756541873708
1000,13,6,CGATATCG,1.032272008015622,1.0324029605685299,1.049386739730835,0.19543055212917004,0.20185494717475683,0.006424395045586784,0.01698377916230509,0.008225971318853276,0.009011686636300809
1000,13,6,CGATATCC,0.8561322647653963,0.855548906520319,0.8069814443588257,0.0192908088789443,0.025000893126545964,0.0057100842476016656,-0.048567462161493324,0.021688844109247096,0.018188694638784142
1000,14,3,CAATATAT,0.8023280821680614,0.8024218781954712,0.9944843053817749,0.07520206147804598,0.07811010908335458,0.0029080476053086057,0.19206242718630373,0.0011643108813124137,0.0014456989635416306
1000,14,3,CAGTATAT,0.2525861635254835,0.24088657192058008,0.5384673476219177,-0.4745398571645319,-0.48342519719153654,-0.00888534002700464,0.2975807757013377,0.03618674011716694,0.0010879653024566949
1000,14,3,CAATATAT,0.8023280821680614,0.8024218781954712,0.9751906991004944,0.07520206147804598,0.07811010908335458,0.0029080476053086057,0.1727688209050232,0.0011643108813124137,0.0014456989635416306
1000,14,3,CGATATAT,1.051261754898455,1.051516748136944,1.0549358129501343,0.32413573420843966,0.3272049790248275,0.003069244816387817,0.003419064813190209,0.0008953042959674029,0.0016602840114341433
1000,15,4,ATATCGCA,0.8992278426274672,0.8956731392924369,0.4740837812423706,0.029272587417977336,0.027789125388759883,-0.0014834620292174527,-0.42158935805006625,0.01773508789269629,0.0035162745525747496
1000,15,4,ATATCGTT,0.5145016352152614,0.5105431583360771,0.6884837746620178,-0.35545361999422853,-0.35734085556759987,-0.0018872355733713375,0.17794061632594071,0.02434381770388505,0.008509910187147973
1000,15,4,ATATCGTA,1.166863700367764,1.169646618693757,1.421377420425415,0.2969084451582741,0.3017626047900801,0.004854159631806021,0.25173080173165796,0.0019642857136425995,0.0130959590176154
1000,15,4,ATATCGCA,0.8992278426274672,0.8956731392924369,1.0467644929885864,0.029272587417977336,0.027789125388759883,-0.0014834620292174527,0.15109135369614957,0.01773508789269629,0.0035162745525747496
1000,16,6,CTATCGGA,0.7593399216892287,0.7373394309190585,0.5844277143478394,-0.22856579053172932,-0.2436542333208006,-0.015088442789071288,-0.15291171657121916,0.15402597333748824,0.022023028716466442
1000,16,6,CTATCGCA,1.0306323658367826,1.029882758730996,0.9796593189239502,0.04272665361582462,0.048889094491136875,0.006162440875312258,-0.0502234398070458,0.020452468597618623,0.015954825962898767
1000,16,6,CTATCGTA,1.0808252806789105,1.078376233654691,0.999462902545929,0.09291956845795246,0.09738256941483181,0.004463000956879348,-0.07891333110876197,0.03839115215327649,0.023696870007960058
1000,16,6,CTATCGTA,1.0808252806789105,1.078376233654691,1.0338585376739502,0.09291956845795246,0.09738256941483181,0.004463000956879348,-0.044517695980740735,0.03839115215327649,0.023696870007960058
1000,17,6,CAATCTTT,-0.000742170814841773,-0.01863274923170029,0.3142756223678589,-0.6306057576313716,-0.6395523613599324,-0.00894660372856082,0.33290837159955916,0.115553705813074,0.008210235311922887
1000,17,6,CTATCTAT,0.8032549526679303,0.7936430314138603,0.7730346918106079,0.17339136585140047,0.17272341928562818,-0.0006679465657722927,-0.020608339603252368,0.06405606382411921,0.0063845362996985955
1000,17,6,CTATCTTA,0.6811995971563521,0.6768195443951596,0.6863892078399658,0.05133601033982227,0.055899932266927466,0.004563921927105197,0.009569663444806253,0.04039016707252241,0.01410985050536695
1000,17,6,CTATCGTA,1.0357419682566784,1.031848621935609,1.04914128780365,0.40587838144014854,0.4109290098073768,0.005050628367228249,0.017292665868041013,0.04697413124354899,0.02361405331713229
1000,18,3,CGATATAC,1.2185537716208263,1.2183500424855287,1.18935227394104,0.19831037045389288,0.20092235505580902,0.0026119846019161397,-0.028997768544488656,0.0026026253966038304,0.001991437990710665
1000,18,3,CGATATAC,1.2185537716208263,1.2183500424855287,1.2380508184432983,0.19831037045389288,0.20092235505580902,0.0026119846019161397,0.019700775957769645,0.0026026253966038304,0.001991437990710665
1000,18,3,CGATATAC,1.2185537716208263,1.2183500424855287,1.1931477785110474,0.19831037045389288,0.20092235505580902,0.0026119846019161397,-0.02520226397448133,0.0026026253966038304,0.001991437990710665
1000,18,3,CTATATAC,0.42531228980525454,0.41466062226229267,0.22580933570861816,-0.5949311113616789,-0.6027670651674271,-0.007835953805748197,-0.1888512865536745,0.03263800723433796,0.000683004605452453
1000,19,4,CTATCGTA,1.1319060945302426,1.1323498856703134,1.125351905822754,0.5387182144550735,0.5439122347543162,0.005194020299242652,-0.006997979847559455,0.012026754489073754,0.01380191904935657
1000,19,4,CGATCGAA,0.16683098191476353,0.1569728734514988,-0.36252760887145996,-0.42635689816040556,-0.4314647774644984,-0.005107879304092844,-0.5195004823229588,0.04582397692451501,0.006391543071456063
1000,19,4,CGATCGTA,0.7715381517962521,0.7666874430093842,1.1191821098327637,0.17835027172108298,0.17824979209338698,-0.00010047962769599295,0.3524946668233795,0.03429514454570981,0.014892309398238268
1000,19,4,CGATCTGA,0.3024762920594182,0.29774040153279224,0.009213566780090332,-0.2907115880157509,-0.29069724938320496,1.4338632545962682e-05,-0.2885268347527019,0.020090691555831874,0.0011471294493281547
1000,20,8,CGATACAT,0.7875430583920526,0.7562954169616813,1.2452340126037598,0.15702108437355278,0.16574519169918245,0.00872410732562967,0.4889385956420784,0.27900627463037786,0.029025143187407565
1000,20,8,ATGTCGTG,0.18101032265836303,0.06739930219794887,-0.050005316734313965,-0.4495116513601368,-0.52315092306455,-0.0736392717044132,-0.11740461893226284,0.9344343579052872,0.025546194221973906
1000,20,8,CGATCGAT,0.6932364664308938,0.6789813721595195,0.6770979762077332,0.06271449241239391,0.08843114689702058,0.025716654484626678,-0.0018833959517863263,0.12948356377062442,0.01544280959963018
1000,20,8,CGATATCC,0.8602980485926901,0.8595248097308459,0.9373817443847656,0.22977607457419025,0.268974584468347,0.03919850989415674,0.07785693465391974,0.03588014041734944,0.029694229522595705
1000,21,3,CTATCGCA,1.2050433935819298,1.2033600647830303,1.214092493057251,0.1509355004115116,0.15176966177144435,0.0008341613599327502,0.010732428274220718,0.006910139113089464,0.0018601527163903953
1000,21,3,ATATCGCA,1.0313128470979824,1.0283523139336868,1.0429153442382812,-0.022795046072435765,-0.02323808907789915,-0.0004430430054633838,0.014563030304594493,0.011151082908660515,0.0022694834157732657
1000,21,3,GTATCGCA,0.9487624849037783,0.9462969193959401,1.1170380115509033,-0.10534540826663985,-0.10529348361564583,5.192465099401744e-05,0.17074109215496325,0.008135294748168764,0.0007385982246539413
1000,21,3,ATATCGCA,1.0313128470979824,1.0283523139336868,0.975263774394989,-0.022795046072435765,-0.02323808907789915,-0.0004430430054633838,-0.05308853953869774,0.011151082908660515,0.0022694834157732657
1000,22,7,CGATATAT,1.194290631549817,1.1949622292998157,1.1353051662445068,0.22086018399694018,0.22577436110658144,0.00491417710964126,-0.05965706305530882,0.00816359075060924,0.012864775000601014
1000,22,7,CGATATAC,0.8603311847376407,0.8574259705898566,0.8449321985244751,-0.11309926281523608,-0.11176189760337762,0.0013373652118584545,-0.012493772065381492,0.043599119009444465,0.02326261997495571
1000,22,7,CGATATAT,1.194290631549817,1.1949622292998157,1.1734296083450317,0.22086018399694018,0.22577436110658144,0.00491417710964126,-0.02153262095478392,0.00816359075060924,0.012864775000601014
1000,22,7,CGATCTCC,0.6448093423742326,0.6294010435834486,0.5975061655044556,-0.3286211051786442,-0.3397868246097856,-0.011165719431141419,-0.03189487807899305,0.11693991901076561,0.009081827475277748
1000,23,6,ATATCGCA,0.5469584600647228,0.5252260425386736,0.3153265714645386,0.14514166308459003,0.14378908370466292,-0.0013525793799271102,-0.20989947107413498,0.14112688188479705,0.010732376728501691
1000,23,6,TTATCGTA,0.21272949384157439,0.18510100679834185,-0.3013101816177368,-0.1890873031385584,-0.19633595203566878,-0.007248648897110382,-0.48641118841607867,0.17732151154562903,0.011550589286233759
1000,23,6,CGATATAC,0.605891006475087,0.5974601589660669,0.42761045694351196,0.2040742094949542,0.21602320013205623,0.01194899063710203,-0.1698497020225549,0.0679237912745192,0.017338706220398237
1000,23,6,CGATATGT,0.24168822753914698,0.21796062703296037,0.09250426292419434,-0.1601285694409858,-0.16347633180105026,-0.0033477623600644546,-0.12545636410876604,0.14885556369531283,0.0064899606581931835
1000,24,1,CGATATAT,1.3331409841775894,1.3331409841775894,1.3331409692764282,0.4205578900873661,0.4205578900873661,0.0,-1.4901161193847656e-08,0.0,0.0
1000,24,1,CGATATAT,1.3331409841775894,1.3331409841775894,1.3331409692764282,0.4205578900873661,0.4205578900873661,0.0,-1.4901161193847656e-08,0.0,0.0
1000,24,1,CGATCTAT,-0.349090576171875,-0.349090576171875,-0.349090576171875,-1.2616736702620983,-1.2616736702620983,0.0,0.0,0.0,0.0
1000,24,1,CGATATAT,1.3331409841775894,1.3331409841775894,1.3331409692764282,0.4205578900873661,0.4205578900873661,0.0,-1.4901161193847656e-08,0.0,0.0
1000,25,5,CTATTGCA,0.11630027253143478,0.048688010983945415,-0.8761887550354004,-0.5344170215258217,-0.5821854080034726,-0.047768386477650915,-0.9248767660193458,0.3422296410706265,0.004168333333179675
1000,25,5,ATATCGCA,1.0936138620822473,1.0922194025393885,1.2133997678756714,0.4428965680249908,0.46134598355197054,0.018449415526979762,0.12118036533628285,0.010005834091796562,0.0030335363775035873
1000,25,5,CTATAGCA,0.3711350475397827,0.36469889210614637,0.41017603874206543,-0.2795822465174738,-0.26617452688127163,0.013407719636202187,0.045477146635919063,0.04260655543919789,0.010425778271016206
1000,25,5,GTATCGCA,1.021819994075561,1.0178873703201918,1.2445905208587646,0.3711027000183045,0.38701395133277383,0.015911251314469355,0.22670315053857282,0.026600860122185654,0.006937741345339532
1000,26,2,CGATATAG,1.3204696830937286,1.3220139257609844,1.2900397777557373,0.0,0.0,0.0,-0.031974148005247116,2.3719841305669398e-05,0.0031122051758174507
1000,26,2,CGATATAG,1.3204696830937286,1.3220139257609844,1.3012080192565918,0.0,0.0,0.0,-0.020805906504392624,2.3719841305669398e-05,0.0031122051758174507
1000,26,2,CGATATAG,1.3204696830937286,1.3220139257609844,1.2900397777557373,0.0,0.0,0.0,-0.031974148005247116,2.3719841305669398e-05,0.0031122051758174507
1000,26,2,CGATATAG,1.3204696830937286,1.3220139257609844,1.2692339420318604,0.0,0.0,0.0,-0.05277998372912407,2.3719841305669398e-05,0.0031122051758174507
1000,27,4,GTATCATA,1.2530632075659063,1.2513659629621547,1.2274655103683472,0.0,0.0,0.0,-0.023900452593807575,0.0088578089380138,0.0020688305230081028
1000,27,4,GTATCATA,1.2530632075659063,1.2513659629621547,1.1718882322311401,0.0,0.0,0.0,-0.0794777307310146,0.0088578089380138,0.0020688305230081028
1000,27,4,GTATCATA,1.2530632075659063,1.2513659629621547,1.1834570169448853,0.0,0.0,0.0,-0.06790894601726949,0.0088578089380138,0.0020688305230081028
1000,27,4,GTATCATA,1.2530632075659063,1.2513659629621547,1.2629377841949463,0.0,0.0,0.0,0.011571821232791546,0.0088578089380138,0.0020688305230081028
1000,28,5,CGATCGCG,0.9019697684827065,0.8916907305570196,0.9183140993118286,0.07863938672373305,0.0781381139906443,-0.0005012727330887534,0.026623368754808974,0.05645404164213108,0.005058852013696935
1000,28,5,CGATCGCA,0.7465386515255614,0.7363241234794252,0.9245742559432983,-0.07679173023341201,-0.07722849308695012,-0.0004367628535381085,0.18825013246387312,0.05322492752627905,0.002152287295597688
1000,28,5,CGATCGTG,0.566103772106932,0.5528755895504333,0.6405874490737915,-0.25722660965204147,-0.2606770270159421,-0.0034504173639006153,0.08771185952335825,0.071005545557143,0.0048646327746491025
1000,28,5,CTATCGTA,1.078709334920694,1.0733200226786233,1.1183080673217773,0.25537895316172055,0.2597674061122479,0.004388452950527366,0.04498804464315409,0.03850060884984896,0.011554047639495302
1000,29,4,CGATCTCA,0.3594392972913132,0.35328636370832145,0.207422137260437,-0.4257121157593893,-0.42313568072859176,0.0025764350307975192,-0.14586422644788444,0.02684701178037674,0.0022352774484097893
1000,29,4,CTATATCA,1.1385776923833182,1.1395173764030917,1.1782199144363403,0.3534262793326157,0.3630953319661785,0.009669052633562769,0.038702538033248635,0.0023757049651011997,0.006134441044195249
1000,29,4,CTATATCA,1.1385776923833182,1.1395173764030917,0.8981382250785828,0.3534262793326157,0.3630953319661785,0.009669052633562769,-0.24137915132450893,0.0023757049651011997,0.006134441044195249
1000,29,4,CACTATCA,0.5040109701448607,0.4733670612331482,0.36089324951171875,-0.2811404429058417,-0.303054983203765,-0.02191454029792328,-0.11247381172142945,0.12953784346631458,0.006962207819464439
1000,30,3,TGATCTGG,0.3788784250647453,0.3706872093542993,0.27142810821533203,-0.3190441886557726,-0.32409166098417114,-0.005047472328398528,-0.09925910113896724,0.026427828251088137,0.001854181119750109
1000,30,3,CGATCTGG,1.276290731924167,1.2765715529417823,1.2766321897506714,0.5783681182036491,0.5817926826033119,0.003424564399662766,6.063680888912515e-05,9.464694836247567e-05,0.000937110001208552
1000,30,3,CGATCTGG,1.276290731924167,1.2765715529417823,1.2760125398635864,0.5783681182036491,0.5817926826033119,0.003424564399662766,-0.0005590130781958358,9.464694836247567e-05,0.000937110001208552
1000,30,3,GGATCTGG,-0.13976943403100797,-0.14471483388398232,-0.13617897033691406,-0.8376920477515258,-0.8394937042224527,-0.0018016564709268934,0.008535863547068256,0.01587848772042566,0.001042288161502647
1000,31,4,CGATCGAT,0.7101648515237912,0.7061377558420647,0.894114077091217,-0.28705535327184994,-0.28905857821155223,-0.002003224939702286,0.1879763212491523,0.01822141681936218,0.002113034092456445
1000,31,4,CGATCTAT,1.0929053225529244,1.0915491934574677,1.0279978513717651,0.09568511775728328,0.09635285940385074,0.0006677416465674657,-0.06355134208570257,0.007348964380096801,0.0019244479982702956
1000,31,4,CGATCTAT,1.0929053225529244,1.0915491934574677,0.9817730188369751,0.09568511775728328,0.09635285940385074,0.0006677416465674657,-0.1097761746204926,0.007348964380096801,0.0019244479982702956
1000,31,4,CGATCTAT,1.0929053225529244,1.0915491934574677,0.9941153526306152,0.09568511775728328,0.09635285940385074,0.0006677416465674657,-0.09743384082685247,0.007348964380096801,0.0019244479982702956
2000,0,6,GTATCGTA,0.8248094356269586,0.8162077237043471,0.7591299414634705,0.38999662295932985,0.4051363504899302,0.015139727530600333,-0.05707778224087667,0.06520425419161002,0.013593982655940806
2000,0,6,ATATCGGC,0.4422684950688729,0.41874202255473997,0.550110399723053,0.0074556824012441125,0.007670649340323021,0.00021496693907890885,0.131368377168313,0.16088824285113734,0.01972940776633969
2000,0,6,CTATCCCT,0.6349182699493423,0.6202165721063556,0.38147127628326416,0.20010545728171353,0.20914519889193867,0.009039741610225138,-0.23874529582309145,0.09196697506561957,0.0037567880076991855
2000,0,6,GTATCCGG,-0.16274494997465863,-0.21088082550777484,-0.0806812047958374,-0.5975577626422874,-0.6219521987221918,-0.024394436079904325,0.13019962071193744,0.2961241466673066,0.007308893468609412
2000,1,2,CGATATCG,0.31151489461633397,0.31138962507247925,0.3674156665802002,0.15108694979687182,0.15181664563715458,0.0007296958402827625,0.05602604150772095,0.0007535995494940551,0.0005030604617846102
2000,1,2,CGATATGT,-1.0012530942691633,-1.0024933367967606,-0.33877241611480713,-1.1616810390886254,-1.1620663162320852,-0.0003852771434598168,0.6637209206819534,0.003061807755941892,0.0005813227007473998
2000,1,2,CGATATAT,0.9323817916438462,0.9315049275755882,0.9287964701652527,0.7719538468243841,0.7719319481402636,-2.1898684120502665e-05,-0.0027084574103355408,0.002119862566296926,0.00036613442978117305
2000,1,2,CGATATCT,0.3990681872868318,0.39789070188999176,0.17140734195709229,0.23864024246736965,0.2383177224546671,-0.00032252001270255404,-0.22648335993289948,0.002411901226286428,5.693043260635022e-05
2000,2,3,CGATATAC,1.2943722431937938,1.2973697379024494,1.31260347366333,0.0,0.0,0.0,0.015233735760880718,0.00014037772811700822,0.009132861854083352
2000,2,3,CGATATAC,1.2943722431937938,1.2973697379024494,1.2590185403823853,0.0,0.0,0.0,-0.038351197520064106,0.00014037772811700822,0.009132861854083352
2000,2,3,CGATATAC,1.2943722431937938,1.2973697379024494,1.3434550762176514,0.0,0.0,0.0,0.04608533831520201,0.00014037772811700822,0.009132861854083352
2000,2,3,CGATATAC,1.2943722431937938,1.2973697379024494,1.3686461448669434,0.0,0.0,0.0,0.071276406964494,0.00014037772811700822,0.009132861854083352
2000,3,4,TGATCCAA,0.23332167508043145,0.23124748709960863,0.2269223928451538,-0.33610824627606073,-0.33342492855566297,0.00268331772039776,-0.00432509425445482,0.010611025135134788,0.0023142732118435205
2000,3,4,TTATCCCA,0.7780816066581994,0.7703604958708945,0.9139314889907837,0.2086516853017072,0.2056880802156229,-0.0029636050860842866,0.1435709931198892,0.032258864942622534,0.00137442179340308
2000,3,4,TGATACCA,0.36448527736765635,0.36321150301955685,0.5083729028701782,-0.20494464398883583,-0.20146091263571475,0.003483731353121078,0.14516139985062138,0.00919811743079002,0.0041030200383920246
2000,3,4,TGATACTA,0.9018311263196818,0.8938701766310262,0.887062132358551,0.3324012049631896,0.3291977609757546,-0.003203443987434995,-0.006808044272475167,0.03533427564671454,0.0034904768920922535
2000,4,2,ATATTGTA,-0.5187630970993287,-0.5262498855590823,-0.9888625144958496,-0.07077510778763046,-0.05135009926743822,0.019425008520192244,-0.46261262893676736,0.021487464673707546,0.006513887754200365
2000,4,2,ATATCGTA,1.0448233323366738,1.0440317140892148,1.0440318584442139,1.492811321648372,1.5189315003808588,0.026120178732486732,1.4435499906539917e-07,0.0019170625253620566,0.0003338260304439622
2000,4,2,ATATAGTA,-0.5329763728295032,-0.5981153398752213,-0.16221082210540771,-0.08498838351780497,-0.12321555358357722,-0.038227170065772254,0.43590451776981354,0.13036962735186197,9.169326042579584e-05
2000,4,2,ATATGGTA,-1.7850358196546348,-1.8192656338214874,-1.2936910390853882,-1.3370478303429365,-1.3443658475298434,-0.007318017186906944,0.5255745947360992,0.06847035405701529,1.0725723309956692e-05
2000,5,4,ATACCCTA,0.4038803897604232,0.37630601413548015,0.5622024536132812,-0.2787152608547345,-0.28934044998216757,-0.010625189127433043,0.1858964394778011,0.11578375072599867,0.005486248226226564
2000,5,4,GTATCCTA,0.8954581917878089,0.8815443564672025,1.2102564573287964,0.21286254117265124,0.2158978923495548,0.003035351176903567,0.32871210086159386,0.06345271337351255,0.007797372091086885
2000,5,4,ATATACTA,0.4955520821893482,0.4710541988412542,0.6274493932723999,-0.1870435684258095,-0.1945922652763935,-0.0075486968505840135,0.1563951944311457,0.10235403178912605,0.00436249839675007
2000,5,4,ATATCCTA,0.9354919387230505,0.933681287026654,1.0689561367034912,0.2528962881078928,0.26803482290900627,0.01513853480111349,0.13527484967683723,0.009172567117950337,0.0019299603323643666
2000,6,6,TGATCCCC,0.8496014718025546,0.8379600756316593,0.7998621463775635,0.0254045751634413,0.021147193702442224,-0.004257381460999077,-0.03809792925409583,0.08971216562415751,0.019863788598785348
2000,6,6,TGATACTG,0.9123836173083326,0.9080665972032061,0.6891477704048157,0.08818672066921929,0.09125371527398907,0.0030669946047697794,-0.21891882679839048,0.04828578266120154,0.022383662030442508
2000,6,6,TGATATTA,0.6844877078412434,0.6780153387795297,0.7211481332778931,-0.13970918879786998,-0.1387975431496874,0.0009116456481825796,0.04313279449836338,0.05094873522424326,0.012114520853961253
2000,6,6,TGATCCTC,0.8503147896043227,0.8432095161024732,0.7358654737472534,0.02611789296520939,0.026396634173256106,0.00027874120804671776,-0.10734404235521977,0.06502285710313549,0.0223912160920392
2000,7,4,CGGTATAT,1.0758151611944868,1.0767783530366921,1.0439541339874268,0.23179637091826155,0.23275271024370636,0.0009563393254448105,-0.03282421904926536,0.005090190875669087,0.008942958244490207
2000,7,4,CAGTATAT,1.0220716583685785,1.0238906425462728,0.824365496635437,0.1780528680923532,0.17986499975328707,0.0018121316609338578,-0.1995251459108358,0.005346217412641074,0.012622154123418383
2000,7,4,CAGTATAC,0.20237318034734897,0.19865522255228552,0.5145068168640137,-0.6416456099288763,-0.6453704202407002,-0.003724810311823923,0.31585159431172816,0.03655161876619317,0.02167978758593936
2000,7,4,CGGTATAT,1.0758151611944868,1.0767783530366921,0.9333888292312622,0.23179637091826155,0.23275271024370636,0.0009563393254448105,-0.1433895238054299,0.005090190875669087,0.008942958244490207
2000,8,5,GTATACTA,0.2901661581397198,0.26597592569577133,-0.20201635360717773,-0.10944020522501674,-0.10570928658514,0.0037309186398767347,-0.46799227930294907,0.1382211989951987,0.017270036775456354
2000,8,5,ATATACTT,0.04736557139888049,-0.011820932934060835,0.08943569660186768,-0.35224079196585606,-0.38350614521497217,-0.03126535324911611,0.10125662953592851,0.2996652673561844,0.0037327456914777457
2000,8,5,GTATTATA,0.5150263686447614,0.5011241535221533,0.46538734436035156,0.11542000528002483,0.129438941241242,0.014018935961217172,-0.035736809161801775,0.08298335169819371,0.013472276085153112
2000,8,5,ATATCGTC,0.7458673552755847,0.7314617028397814,0.7628836631774902,0.34626099191084814,0.35977649055887007,0.013515498648021929,0.03142196033770883,0.08346719127767477,0.011438929098658512
2000,9,2,CTATCTCT,0.7823595921194092,0.7818386832950637,0.4923791289329529,0.17807453706692422,0.17819447899819352,0.0001199419312692962,-0.2894595543621108,0.0012623132883307076,0.0002204956396396618
2000,9,2,CTATCTCT,0.7823595921194092,0.7818386832950637,0.7818387746810913,0.17807453706692422,0.17819447899819352,0.0001199419312692962,9.138602763414383e-08,0.0012623132883307076,0.0002204956396396618
2000,9,2,CTATCTCG,0.12221792589195934,0.12242194381542504,-0.7539094686508179,-0.48206712916052563,-0.4812222604814451,0.0008448686790805127,-0.8763314124662429,2.2698773422202834e-05,0.00043073462035359
2000,9,2,CTATCTCC,0.730203110079162,0.7284775067819282,0.46119940280914307,0.12591805502667708,0.12483330248505808,-0.001084752541618994,-0.2672781039727852,0.0034604049711466356,9.198376679009357e-06
2000,10,5,CAATATAT,0.8840253230616888,0.8818127078252532,0.8855190873146057,0.3000200297454535,0.3047947718364108,0.004774742090957296,0.003706379489352485,0.014498216916340567,0.0034351407341626228
2000,10,5,CAGTATCG,0.37591313102762136,0.3630817114631647,0.16816675662994385,-0.20809216228861394,-0.21393622452567773,-0.005844062237063796,-0.19491495483322085,0.06883070605542585,0.0046736082331424456
2000,10,5,CTATATCC,0.19205739611394215,0.18136461684169874,0.45063263177871704,-0.39194789720229317,-0.3956533191471437,-0.0037054219448505177,0.2692680149370183,0.06409816546257385,0.010634269101356786
2000,10,5,CAATATAT,0.8840253230616888,0.8818127078252532,0.8219617605209351,0.3000200297454535,0.3047947718364108,0.004774742090957296,-0.05985094730431817,0.014498216916340567,0.0034351407341626228
2000,11,2,CAATCGAT,1.1645379739533281,1.1628357619047165,1.162835717201233,0.26023775753288914,0.26975838281214237,0.009520625279253236,-4.470348358154297e-08,0.0036162066579809027,0.00021178256075771174
2000,11,2,CAATCGAT,1.1645379739533281,1.1628357619047165,1.162835717201233,0.26023775753288914,0.26975838281214237,0.009520625279253236,-4.470348358154297e-08,0.0036162066579809027,0.00021178256075771174
2000,11,2,CAATCGCT,0.12358694382177204,0.083802230656147,0.22009038925170898,-0.780713272598667,-0.8092751484364271,-0.028561875837760153,0.13628815859556198,0.08007377480725575,0.0005043484760056671
2000,11,2,CAATCGAT,1.1645379739533281,1.1628357619047165,1.1046137809753418,0.26023775753288914,0.26975838281214237,0.009520625279253236,-0.058221980929374695,0.0036162066579809027,0.00021178256075771174
2000,12,4,CGATATCG,0.9243710809873282,0.922568907476186,0.8880346417427063,0.23066222709148065,0.2379326588021895,0.007270431710708847,-0.03453426573347973,0.008222155130370501,0.0010134610858019144
2000,12,4,CGATATCT,0.873809795138993,0.872037162422203,0.906227707862854,0.18010094124314546,0.18740091374820644,0.007299972505060981,0.03419054544065103,0.008039654819569808,0.0009491239524095363
2000,12,4,CGGTATCT,0.3567189416526637,0.3263577396695232,0.47188055515289307,-0.33698991224318386,-0.35827850900447333,-0.02128859676128947,0.14552281548336987,0.12508878541289103,0.0036439774803289637
2000,12,4,CGATATCC,0.6199355978044053,0.6175811851280744,0.28614115715026855,-0.07377325609144225,-0.06705506354592217,0.006718192545520085,-0.3314400279778058,0.016419097318912446,0.007001446613588591
2000,13,4,CTATATCA,0.6724230308337745,0.6702645357387764,0.6510063409805298,-0.1652706332832351,-0.16565338029370946,-0.0003827470104743602,-0.01925819475824664,0.012556544173345063,0.003922563793352651
2000,13,4,CGATATCG,0.9091986748828689,0.9075561263598504,1.061007022857666,0.07150501076585924,0.0716382103273645,0.00013319956150525947,0.15345089649781563,0.010454008628544287,0.0038838145364703536
2000,13,4,CGATATCG,0.9091986748828689,0.9075561263598504,0.9486709833145142,0.07150501076585924,0.0716382103273645,0.00013319956150525947,0.04111485695466377,0.010454008628544287,0.0038838145364703536
2000,13,4,CGATATCT,0.8599542758685262,0.8582948756714663,0.8061870336532593,0.022260611751516612,0.022376959638980454,0.00011634788746384128,-0.05210784201820706,0.010338358253711544,0.0037007574654719377
2000,14,5,CTATATCA,0.589327374026768,0.5799317498194668,0.862635612487793,0.25128149532107635,0.2646213835927962,0.013339888271719835,0.28270386266832614,0.05288137888327604,0.005903257846769705
2000,14,5,CTGTCTTT,-1.4130412118879008,-1.494152053991952,-2.500284433364868,-1.7510870905935925,-1.8094624202186225,-0.058375329625030004,-1.0061323793729162,0.40742451741419394,0.0018703068939380785
2000,14,5,CGATATAT,1.0879486763419497,1.0877308845395839,1.083010196685791,0.749902797636258,0.7724205183129133,0.02251772067665525,-0.004720687853792871,0.004493893265539839,0.003404934253711467
2000,14,5,CGATATAT,1.0879486763419497,1.0877308845395839,1.1517561674118042,0.749902797636258,0.7724205183129133,0.02251772067665525,0.06402528287222031,0.004493893265539839,0.003404934253711467
2000,15,3,TGATACCG,1.0075149266083245,1.000509754263071,0.4481384754180908,0.04257742947163645,0.057967704187224633,0.015390274715588181,-0.5523712788449802,0.023053208765656752,0.002037691729896096
2000,15,3,TGATCCCG,0.9507450206461426,0.9232194820134382,0.9908570051193237,-0.014192476490545447,-0.019322568062408174,-0.005130091571862727,0.06763752310588556,0.0833079448333569,0.0007313289352435248
2000,15,3,TGATCCCG,0.9507450206461426,0.9232194820134382,1.221764326095581,-0.014192476490545447,-0.019322568062408174,-0.005130091571862727,0.2985448440821429,0.0833079448333569,0.0007313289352435248
2000,15,3,TGATCCCG,0.9507450206461426,0.9232194820134382,1.2454508543014526,-0.014192476490545447,-0.019322568062408174,-0.005130091571862727,0.32223137228801446,0.0833079448333569,0.0007313289352435248
2000,16,4,ATATCGGA,0.5062231650472426,0.49835821229498856,0.46428656578063965,-0.28293322753783334,-0.28916905706137186,-0.006235829523538516,-0.03407164651434891,0.04519969549791991,0.01373988448890362
2000,16,4,CTATCGGA,0.6817367435426795,0.6819457242866827,0.8422017097473145,-0.10741964904239643,-0.10558154506967776,0.0018381039727186632,0.1602559854606318,0.010965751718294392,0.011801674694306818
2000,16,4,GTATCGTA,0.9561808936162891,0.955960745981429,0.9555453658103943,0.16702450103121314,0.16843347662506858,0.0014089755938554438,-0.00041538017103470715,0.009095163610680412,0.008214573071239961
2000,16,4,CTATCGTA,1.0124847681340925,1.0138443948623417,0.9081496000289917,0.22332837554901652,0.22631712550598126,0.0029887499569647424,-0.10569479483334998,0.012478495982034765,0.01791700289503151
2000,17,4,ATATCTTA,0.32107047697101754,0.31396343834543017,0.5018853545188904,0.1248600924628489,0.12975363418324093,0.004893541720392025,0.1879219161734602,0.030085776710429002,0.0016576222080795233
2000,17,4,ATATCTTA,0.32107047697101754,0.31396343834543017,-0.2821967601776123,0.1248600924628489,0.12975363418324093,0.004893541720392025,-0.5961601985230425,0.030085776710429002,0.0016576222080795233
2000,17,4,CGATATTA,1.1827434448370102,1.1808413967761833,1.2529388666152954,0.9865330603288416,0.996631592613994,0.01009853228515245,0.07209746983911214,0.013279812088632381,0.005671619845324827
2000,17,4,TCAGTTTA,-1.0400428607463708,-1.0719290568182867,-0.5669645071029663,-1.2362532452545394,-1.2561388609804758,-0.01988561572593639,0.5049645497153203,0.13068714395570957,0.003142359668045991
2000,18,6,CACTATCA,0.9292024211910855,0.9101856311757318,0.7126021981239319,0.3691893374018368,0.37844176670833907,0.009252429306502274,-0.19758343305179993,0.13239834661197403,0.018297606519851684
2000,18,6,ATCGAATA,0.1352400171184637,0.09620838647501302,0.0744175910949707,-0.42477306667078507,-0.43553547799237974,-0.010762411321594667,-0.02179079538004232,0.23849459811995377,0.004304814259249667
2000,18,6,CGCTATAA,0.5121153350790517,0.498076544996971,0.15475189685821533,-0.04789774871019703,-0.03366731947042173,0.0142304292397753,-0.3433246481387557,0.1002873453007096,0.016054604808225292
2000,18,6,CGCGATCA,0.663494561768394,0.622504895221855,0.46367311477661133,0.10348147797914531,0.09076103075446229,-0.012720447224683018,-0.1588317804452437,0.260113053432927,0.014175054153692912
2000,19,3,CGGTATCG,1.3650561514939987,1.3669143796820815,1.413968563079834,0.0,0.0,0.0,0.04705418339775247,3.2746078053508265e-05,0.005607430642301736
2000,19,3,CGGTATCG,1.3650561514939987,1.3669143796820815,1.3077857494354248,0.0,0.0,0.0,-0.05912863024665671,3.2746078053508265e-05,0.005607430642301736
2000,19,3,CGGTATCG,1.3650561514939987,1.3669143796820815,1.3919271230697632,0.0,0.0,0.0,0.02501274338768167,3.2746078053508265e-05,0.005607430642301736
2000,19,3,CGGTATCG,1.3650561514939987,1.3669143796820815,1.3251497745513916,0.0,0.0,0.0,-0.041764605130689914,3.2746078053508265e-05,0.005607430642301736
2000,20,5,CAGTATAT,0.582905424130084,0.5711178030834212,0.4864516854286194,-0.019258104720567104,-0.0070014720871895975,0.012256632633377507,-0.08466611765480181,0.06386733223701535,0.004929227003701797
2000,20,5,CGGGATAT,0.20805125124684665,0.1422415977700922,0.6375304460525513,-0.3941122776038044,-0.4358776774005186,-0.041765399796714175,0.49528884828245906,0.3332546498971869,0.004206382513414653
2000,20,5,CTATATCT,0.4543040239819943,0.4351325772438816,0.6637712717056274,-0.14785950486865673,-0.1429866979267292,0.004872806941927543,0.22863869446174584,0.10298433897575698,0.007127105285193558
2000,20,5,CGATATAT,1.1633934160436792,1.1639851225850482,1.1790977716445923,0.5612298871930281,0.5858658474144374,0.024635960221409237,0.015112649059544125,0.002835424962747468,0.005793957669593119
2000,21,6,ATATCGTA,1.1062076095255322,1.1060691478584574,1.047286868095398,0.42676076968834087,0.45068522013138546,0.023924450443044587,-0.0587822797630595,0.019361272896374793,0.01853050289392577
2000,21,6,ATCTCGTA,0.6228065801478461,0.5803982688217518,0.6024380326271057,-0.056640259689345274,-0.07498565890532016,-0.01834539921597489,0.022039763805353885,0.2731409602362449,0.018691092279679467
2000,21,6,GTATCCTA,0.7691835443617706,0.7550090764008918,0.7963801026344299,0.08973670452457927,0.09962514867381977,0.009888444149240505,0.041371026233538166,0.09531054282396756,0.010263735058694934
2000,21,6,ATTATATC,0.21958962531361634,0.18005921782718678,-0.25266361236572266,-0.459857214523575,-0.4753247098998852,-0.015467495376310203,-0.43272283019290947,0.24741499406562717,0.010232549147049852
2000,22,4,CGCTCGTA,0.6446902757380742,0.6312259044498207,0.8013777136802673,0.08022322059889597,0.0983909723969798,0.01816775179808383,0.1701518092304466,0.06052162485595014,0.006664139702936112
2000,22,4,CACTCGGA,0.08509793172292834,0.06819789297878742,0.09192037582397461,-0.47936912341624993,-0.4646370390740535,0.014732084342196416,0.023722482845187187,0.07392696062879178,0.006326805652228096
2000,22,4,CACTCGAA,0.6751562896607313,0.6126017623270552,0.3262402415275574,0.11068923452155299,0.07976683027421427,-0.03092240424733872,-0.28636152079949784,0.25813072053940544,0.007912611204701214
2000,22,4,CTCTCGTA,0.8529237234349792,0.8193141684557002,1.3244807720184326,0.28845666829580097,0.2864792364028592,-0.00197743189294175,0.5051666035627325,0.14644672841779327,0.012008508500676918
2000,23,5,CTATCGTA,0.8230666207127104,0.8196314265827331,0.830385684967041,0.4568071509038771,0.4708823481916135,0.01407519728773643,0.01075425838430788,0.027730655055676845,0.01055468440579066
2000,23,5,ATATCATC,0.16244871784142062,0.14900570121904194,0.12052261829376221,-0.20381075196741272,-0.19974337717207769,0.0040673747953350325,-0.028483082925279735,0.07109275690431982,0.003877673792426428
2000,23,5,ATATCGTC,0.4685954773932419,0.4515915793552992,0.40947484970092773,0.10233600758440858,0.10284250096417957,0.0005064933797709892,-0.042116729654371465,0.1017840815350306,0.016764591345316937
2000,23,5,GTATCTTC,0.010927063287960337,-0.02523239359259577,0.15213334560394287,-0.355332406520873,-0.3739814719837154,-0.018649065462842396,0.17736573919653864,0.1888997906218739,0.008102506219093364
2000,24,7,ATATCGTA,0.8232292466402927,0.8076557065928469,0.9291225075721741,0.21687384264979437,0.21831062898677556,0.0014367863369811884,0.12146680097932716,0.12641641866735398,0.017401638335233116
2000,24,7,CTATATCA,0.7275709855371064,0.7172646872369813,0.6970792412757874,0.12121558154660805,0.12791960963090998,0.006704028084301927,-0.020185445961193982,0.08079671036223601,0.008652622261360321
2000,24,7,TGATATCT,0.1469593006732016,0.11010295000484811,0.003851771354675293,-0.45939610331729674,-0.47924212760122326,-0.01984602428392651,-0.10625117865017282,0.27347713787619554,0.015482683197721059
2000,24,7,CGATATCC,0.7276620831113927,0.7223569665896091,0.7613502144813538,0.12130667912089432,0.13301188898353777,0.011705209862643451,0.03899324789174463,0.05975490880959544,0.02261909315711108
2000,25,3,CTCACACA,-0.47711355396954946,-0.4896026121245492,-0.2751450538635254,-0.6976934752535318,-0.7027474568070222,-0.005053981553490461,0.2144575582610238,0.03800329195173191,0.0005361174867326568
2000,25,3,CTATCACA,1.1421399923913356,1.1421613519390421,1.0557559728622437,0.9215600711073533,0.9290165072565691,0.007456436149215873,-0.08640537907679846,0.0011617514703903264,0.0012258301135101846
2000,25,3,ATATCACA,0.6723206286331408,0.670255401378704,0.8363814353942871,0.45174070734915855,0.457110556696231,0.005369849347072464,0.16612603401558312,0.0127864337778556,0.006590752014544954
2000,25,3,ATCCCACA,-0.4550273819189978,-0.470234762463305,-0.4503523111343384,-0.67560730320298,-0.683379607145778,-0.007772303942797931,0.0198824513289666,0.04721080738167682,0.001588665748755158
2000,26,4,ATATCGCA,0.666067758450816,0.6626826543749003,0.6624101400375366,0.17892764505859393,0.1893671355331511,0.010439490474557167,-0.0002725143373636385,0.024084324417473102,0.010543908113810119
2000,26,4,CTATCGTA,1.0124847681340925,1.0138443948623417,1.1131794452667236,0.5253446547418704,0.5405288760205925,0.015184221278722099,0.09933505040438195,0.012478495982034765,0.01791700289503151
2000,26,4,CTATCGCA,0.8875875720184353,0.888463503943058,0.6214366555213928,0.4004474586262132,0.4151479851013088,0.014700526475095566,-0.26702684842166513,0.0045549245521567805,0.008058652250647391
2000,26,4,CTACCGTA,-0.6175796450344553,-0.671728477813303,-0.7119674682617188,-1.1047197584266772,-1.145043996655052,-0.04032423822837483,-0.040238990448415723,0.22284296195137454,0.006247630835983564
2000,27,4,CGATTTCT,0.4759340067857136,0.4535972685553138,0.4265291690826416,-0.21602588771640907,-0.22561572898606141,-0.009589841269652344,-0.02706809947267219,0.09223729702916028,0.0028903441075609493
2000,27,4,CTATTTAT,1.0234423866015354,1.0209848194305478,0.9166014194488525,0.3314824920994127,0.34177182188917254,0.010289329789759827,-0.10438339998169521,0.016023711284242514,0.006193442600292087
2000,27,4,CTATTTAT,1.0234423866015354,1.0209848194305478,1.005753755569458,0.3314824920994127,0.34177182188917254,0.010289329789759827,-0.015231063861089744,0.016023711284242514,0.006193442600292087
2000,27,4,CACCTTAT,0.2450207980197061,0.22128508274909153,0.2803466320037842,-0.4469390964824166,-0.4579279147922837,-0.010988818309867088,0.05906154925469265,0.10589523684994351,0.0109523757674852
2000,28,4,CGATCCAT,1.069220179751966,1.067673588255275,1.0307743549346924,-0.003662052467651611,-0.0029766115587033237,0.0006854409089482871,-0.03689923332058265,0.01294174368097667,0.006755377694212861
2000,28,4,CTATCCCT,1.0209845632540604,1.0161327094568458,1.083121418952942,-0.05189766896555725,-0.0545174903571326,-0.00261982139157535,0.06698870949609614,0.021878901091188174,0.0024714859023298175
2000,28,4,CGATCCCT,1.1321040061204783,1.1311209132885176,0.9833626747131348,0.0592217739008607,0.06047071347453925,0.0012489395736785536,-0.14775823857538284,0.006610736873946976,0.0026783655461040112
2000,28,4,CGATCCAT,1.069220179751966,1.067673588255275,1.1376737356185913,-0.003662052467651611,-0.0029766115587033237,0.0006854409089482871,0.07000014736331628,0.01294174368097667,0.006755377694212861
2000,29,2,CGATATAT,1.1437185270444041,1.1433845609426498,1.143384575843811,0.0,0.0,0.0,1.4901161193847656e-08,0.0011366486961872369,0.0004687164926786558
2000,29,2,CGATATAT,1.1437185270444041,1.1433845609426498,1.1215131282806396,0.0,0.0,0.0,-0.021871432662010193,0.0011366486961872369,0.0004687164926786558
2000,29,2,CGATATAT,1.1437185270444041,1.1433845609426498,1.1675338745117188,0.0,0.0,0.0,0.02414931356906891,0.0011366486961872369,0.0004687164926786558
2000,29,2,CGATATAT,1.1437185270444041,1.1433845609426498,1.1652560234069824,0.0,0.0,0.0,0.02187146246433258,0.0011366486961872369,0.0004687164926786558
2000,30,4,CGATATGT,-0.05835684461634183,-0.08512483048252761,-0.07797574996948242,-0.5880368397975836,-0.606213159451727,-0.018176319654143458,0.007149080513045192,0.1086859433399896,0.0016139998752464635
2000,30,4,CGATATAT,1.0034198035849022,1.0037713862645135,1.0219180583953857,0.4737398084036605,0.482683057295314,0.008943248891653544,0.018146672130872288,0.0015265776152775246,0.002932908333722395
2000,30,4,CTATATCA,0.4450131014077171,0.4374168851257616,0.340755820274353,-0.08466689377352465,-0.08367144384343783,0.0009954499300868225,-0.09666106485140857,0.032336491327828565,0.001951626200006551
2000,30,4,CGATATCG,0.7286439203486897,0.7282898749690505,0.7140396237373352,0.19896392516744799,0.20720154599985108,0.008237620832403092,-0.014250251231715305,0.0054999054173072714,0.0040837238987503355
2000,31,7,CTATATCG,0.8680552571134126,0.8462759690335478,1.0354938507080078,0.0028019471046074607,0.0003961563481770236,-0.002405790756430437,0.18921788167445996,0.16932854410777143,0.01687352754871796
2000,31,7,CGATATGG,0.6592515880461404,0.6203731328297286,0.8055703043937683,-0.20600172196266475,-0.2255066798556422,-0.01950495789297746,0.1851971715640397,0.28591694614056173,0.013767759625679332
2000,31,7,CGATATTG,0.8233639131075383,0.8077521876694139,0.6956419348716736,-0.04188939690126681,-0.0381276250159569,0.003761771885309906,-0.11211025279774034,0.126114922738219,0.016832844671348823
2000,31,7,CGATATCG,1.1103424817681298,1.1091179612087927,1.0250580310821533,0.24508917175932465,0.26323814852342187,0.018148976764097213,-0.08405993012663937,0.02258077597148067,0.014009132056122198
5000,0,2,CGATATAG,1.2655050033254867,1.2674638349562883,1.2674639225006104,0.311075394349948,0.31417591078206897,0.0031005164321209477,8.754432201385498e-08,3.7603088391957584e-06,0.0039214235704427836
5000,0,2,CGATATAG,1.2655050033254867,1.2674638349562883,1.2560042142868042,0.311075394349948,0.31417591078206897,0.0031005164321209477,-0.011459620669484138,3.7603088391957584e-06,0.0039214235704427836
5000,0,2,CGATATAG,1.2655050033254867,1.2674638349562883,1.1121746301651,0.311075394349948,0.31417591078206897,0.0031005164321209477,-0.15528920479118824,3.7603088391957584e-06,0.0039214235704427836
5000,0,2,CGATCTAG,0.021203425925694797,0.010760191828012466,0.2624090909957886,-0.9332261830498438,-0.9425277323462069,-0.009301549296363065,0.2516488991677761,0.021124432883497413,0.0002379646881327524
5000,1,3,TTACTCCA,1.0993045091232874,1.0956869850245614,0.9849570393562317,0.08019086803508513,0.08497919788998032,0.00478832985489519,-0.11072994566832972,0.01100196962074651,0.0001493973245692004
5000,1,3,TTACTCCG,0.7785410369829465,0.7557701934646399,0.6664537191390991,-0.24057260410525572,-0.2549375936699412,-0.01436498956468546,-0.0893164743255408,0.0701808861871942,0.0018683556322747208
5000,1,3,TTACTCCA,1.0993045091232874,1.0956869850245614,1.192628026008606,0.08019086803508513,0.08497919788998032,0.00478832985489519,0.09694104098404455,0.01100196962074651,0.0001493973245692004
5000,1,3,TTACTCCA,1.0993045091232874,1.0956869850245614,1.1017279624938965,0.08019086803508513,0.08497919788998032,0.00478832985489519,0.006040977469335074,0.01100196962074651,0.0001493973245692004
5000,2,6,ATGATCCC,0.8803841948955929,0.8343020484037366,1.0524022579193115,0.46078227208371303,0.46382521370133944,0.0030429416176264157,0.21810020951557496,0.3015383206618871,0.025045441710748406
5000,2,6,CTATCCAT,0.4854443636699283,0.45410513471417424,0.27289021015167236,0.06584244085804841,0.08362830001177712,0.01778585915372871,-0.18121492456250188,0.19814980894514367,0.010114435210619277
5000,2,6,TTACCCCT,0.10543448181893034,0.05573441907245987,-0.019139409065246582,-0.3141674409929496,-0.31474241562993727,-0.0005749746369876907,-0.07487382813770646,0.30484482839918847,0.006644451920365668
5000,2,6,ATACTCCC,0.20714465086306802,0.13776573661921768,-0.5458488464355469,-0.2124572719488119,-0.23271109808317944,-0.020253826134367547,-0.6836145830547645,0.4268933977471363,0.01061991228403425
5000,3,6,CTATCTAT,0.6170032314959393,0.602012613172862,0.36239051818847656,-0.16712234825889594,-0.16886892025898592,-0.0017465720000899854,-0.23962209498438547,0.09544779632344103,0.005504086384977569
5000,3,6,CGATCTAT,0.7418935030420796,0.7280679778925929,0.7491865754127502,-0.04223207671275564,-0.04281355553925503,-0.0005814788264993931,0.021118597520157323,0.09026476916417758,0.007311618267257458
5000,3,6,CGATACCT,0.6312948635990362,0.6072372407458403,0.35383927822113037,-0.15283071615579902,-0.16364429268600766,-0.010813576530208646,-0.2533979625247099,0.16497864616831048,0.020632909049135506
5000,3,6,CGATATAT,1.1463107208822854,1.146208301916097,1.1309782266616821,0.36218514112745015,0.37532676848424895,0.013141627356798802,-0.015230075254414777,0.01666171129483307,0.016047197497702115
5000,4,5,CGATATCA,0.8693593242644873,0.8653018128972805,1.0822125673294067,0.10714728472211887,0.1100846878452767,0.0029374031231578224,0.21691075443212626,0.026607379633472927,0.006319822797439478
5000,4,5,CGATAGCA,0.13219031531211484,0.11503262545370134,-0.2099287509918213,-0.6300217242302535,-0.6401844995983025,-0.010162775368048993,-0.32496137644552264,0.09755605170921378,0.01176760241714625
5000,4,5,CGATATCT,1.023649259296436,1.0202670309285167,1.063485026359558,0.26143721975406753,0.2650499058765129,0.0036126861224453632,0.043217995431041434,0.020896376762532087,0.003985234922936343
5000,4,5,CGATATCT,1.023649259296436,1.0202670309285167,1.0012766122817993,0.26143721975406753,0.2650499058765129,0.0036126861224453632,-0.018990418646717355,0.020896376762532087,0.003985234922936343
5000,5,6,TGATCCTG,0.8644345973625498,0.8485541848304106,0.692092776298523,0.470039830380994,0.4919065421987194,0.02186671181772537,-0.1564614085318876,0.1115930306993067,0.016310555506471758
5000,5,6,TATAACTA,0.23026343316129486,0.18540868084463766,0.4920194149017334,-0.16413133382026093,-0.17123896178705353,-0.007107627966792596,0.3066107340570957,0.28066556058586123,0.011537046685917929
5000,5,6,TTATACTA,0.6063139491136459,0.569479801241282,0.9442875385284424,0.2119191821320901,0.21283215860959076,0.0009129764775006599,0.37480773728716044,0.23487760967376659,0.01387272243958293
5000,5,6,TTCACGTA,-0.12343291171126729,-0.1768520963895653,-0.4422234296798706,-0.5178276786928231,-0.5334997390212565,-0.01567206032843338,-0.26537133329030527,0.3335709917831622,0.013055883713374072
5000,6,6,TCTACTTG,0.04772463572674187,0.015409155810872655,0.01778125762939453,-0.4015644754214827,-0.3843240692797629,0.01724040614171979,0.0023721018185218767,0.20330704078650452,0.009414161291289247
5000,6,6,TCTATCTA,0.2824469684333146,0.20446913468961844,0.2811753749847412,-0.16684214271490994,-0.19526409040101714,-0.028421947686107202,0.07670624029512277,0.4839218135536347,0.016054811091457566
5000,6,6,TCTGATCC,1.0118309346112273,0.9907882310708773,0.8317227363586426,0.5625418234630027,0.5910550059802417,0.028513182517239,-0.15906549471223475,0.15338439968575512,0.02712817844365567
5000,6,6,TCATACCT,0.45515390582161447,0.3882663787911739,0.8539181351661682,0.005864794673389906,-0.011466846299461653,-0.01733164097285156,0.4656517563749943,0.4182917346982249,0.016966572515581646
5000,7,3,CGATATAA,1.4432345462357743,1.4456713773931062,1.4574388265609741,0.0,0.0,0.0,0.011767449167867872,0.00028045161486550674,0.007590945086861645
5000,7,3,CGATATAA,1.4432345462357743,1.4456713773931062,1.410599708557129,0.0,0.0,0.0,-0.03507166883597734,0.00028045161486550674,0.007590945086861645
5000,7,3,CGATATAA,1.4432345462357743,1.4456713773931062,1.4783433675765991,0.0,0.0,0.0,0.03267199018349287,0.00028045161486550674,0.007590945086861645
5000,7,3,CGATATAA,1.4432345462357743,1.4456713773931062,1.4871180057525635,0.0,0.0,0.0,0.04144662835945723,0.00028045161486550674,0.007590945086861645
5000,8,3,TGTCATTC,-0.3515988959249465,-0.3743091854784222,-0.2164466381072998,-0.5846962020256397,-0.5942859061890178,-0.009589704163378121,0.15786254737112237,0.07088335732388984,0.002752488663462671
5000,8,3,TGTCATAG,0.2657042926834734,0.25841682818200856,0.42714422941207886,0.03260698658278016,0.03844010747141299,0.005833120888632831,0.1687274012300703,0.02215483565952381,0.00029244215512935767
5000,8,3,TGTCATCC,0.5905948120678569,0.5854629973570508,0.3208134174346924,0.3574975059671637,0.36548627664645517,0.00798877067929149,-0.2646495799223584,0.018676782003728576,0.0032813378713099084
5000,8,3,TGTCATAC,0.42768901557638905,0.41033624278174513,0.4344766139984131,0.19459170947569582,0.19035952207114956,-0.004232187404546256,0.024140371216667955,0.05251384694267669,0.00045552855874486653
5000,9,4,CGATATCG,1.1983915768811582,1.1988299610820832,1.2923851013183594,0.2518649998008582,0.2582741119482912,0.006409112147433005,0.0935551402362762,0.0022721537547832904,0.004025690558483674
5000,9,4,GGGTATCG,0.19093157767772517,0.16573351328891817,-0.044507503509521484,-0.7555949994025748,-0.7748223358448738,-0.019227336442299015,-0.21024101679843965,0.10307144590971884,0.002279188354490813
5000,9,4,CGATATCG,1.1983915768811582,1.1988299610820832,1.027593731880188,0.2518649998008582,0.2582741119482912,0.006409112147433005,-0.17123622920189518,0.0022721537547832904,0.004025690558483674
5000,9,4,CGATATCG,1.1983915768811582,1.1988299610820832,1.1485888957977295,0.2518649998008582,0.2582741119482912,0.006409112147433005,-0.05024106528435368,0.0022721537547832904,0.004025690558483674
5000,10,3,GATACCGC,0.6155515380973164,0.6150349602103232,0.8293253183364868,-0.3098521443284663,-0.3108625219513973,-0.0010103776229309913,0.2142903581261636,0.0036405213189625307,0.0020907876579827622
5000,10,3,GATACCCC,1.0286877305352715,1.0295183228121862,1.022084355354309,0.10328404810948877,0.10362084065046573,0.0003367925409769601,-0.007433967457877166,0.0005494181271442633,0.003041194957888571
5000,10,3,GATACCCC,1.0286877305352715,1.0295183228121862,1.0173704624176025,0.10328404810948877,0.10362084065046573,0.0003367925409769601,-0.01214786039458371,0.0005494181271442633,0.003041194957888571
5000,10,3,GATACCCC,1.0286877305352715,1.0295183228121862,1.0657719373703003,0.10328404810948877,0.10362084065046573,0.0003367925409769601,0.036253614558114045,0.0005494181271442633,0.003041194957888571
5000,11,4,CGATCGCT,0.8373661238472421,0.8292014393276383,0.9345601201057434,0.028214130905015122,0.02240347541616461,-0.0058106554888505135,0.10535868077810506,0.0369234396243181,0.004264701545903193
5000,11,4,CGATCGTT,0.4207000481668044,0.41918480657235135,0.7179683446884155,-0.38845194477542255,-0.3876131573391224,0.0008387874363001702,0.2987835381160642,0.007345383616178758,0.0012844172383665864
5000,11,4,CGATCGCG,0.9892708998774306,0.9894028048729526,1.0830590724945068,0.1801189069352036,0.1826048409614789,0.0024859340262752827,0.09365626762155421,0.0030641159596025425,0.0035917359416908212
5000,11,4,CGATCGCG,0.9892708998774306,0.9894028048729526,0.9184572696685791,0.1801189069352036,0.1826048409614789,0.0024859340262752827,-0.07094553520437352,0.0030641159596025425,0.0035917359416908212
5000,12,3,CGATCTCA,0.9383623468505689,0.937999792319412,1.0436375141143799,0.12207577047377449,0.1235238591778196,0.001448088704045114,0.10563772179496789,0.0038556047681681527,0.0027679411746976967
5000,12,3,CGATCTCA,0.9383623468505689,0.937999792319412,1.317894458770752,0.12207577047377449,0.1235238591778196,0.001448088704045114,0.37989466645133996,0.0038556047681681527,0.0027679411746976967
5000,12,3,CTATCTCA,1.2508134603857455,1.2516983157127268,1.122252106666565,0.4345268840089511,0.43722238257113444,0.0026954985621833183,-0.1294462090461619,0.0012242838463527583,0.003878849827296804
5000,12,3,TTATCTCA,0.13760815142029426,0.13020583221481866,-0.12486410140991211,-0.6786784249565001,-0.6842701009267738,-0.005591675970273657,-0.25506993362473074,0.02501156838981089,0.0028046107733841197
5000,13,4,CGATCGTA,0.9396380042494036,0.9369444861222294,0.8305546641349792,0.27169839659044726,0.27606891794372723,0.004370521353279977,-0.10638982198725011,0.02103921399219688,0.010265141483499995
5000,13,4,CGATCCTA,0.45683294205854896,0.4526206561664978,0.5363295078277588,-0.21110666560040736,-0.2082549120120043,0.002851753588403061,0.08370885166126096,0.023261889894723442,0.006412746326518892
5000,13,4,TGATCTTA,0.3356494800784693,0.31699264430305174,0.16717374324798584,-0.33229012758048704,-0.3438829238754504,-0.011592796294963348,-0.1498189010550659,0.07827485404587087,0.0036475109442006826
5000,13,4,CGATCGTA,0.9396380042494036,0.9369444861222294,0.5638800859451294,0.27169839659044726,0.27606891794372723,0.004370521353279977,-0.37306440017709996,0.02103921399219688,0.010265141483499995
5000,14,3,CAATACTA,0.03748972395858866,-0.09549639456801924,-0.16298902034759521,-0.4823887192981349,-0.566479214467108,-0.0840904951689731,-0.06749262577957597,0.4004675346900708,0.0015091791102470609
5000,14,3,TAATACTA,-0.01890188614533539,-0.07762279609839122,-0.17017626762390137,-0.538780329402059,-0.5486056159974799,-0.009825286595420923,-0.09255347152551015,0.17861913744370472,0.0024564075845372457
5000,14,3,CAATATCA,1.0304629676068207,1.0285252351313827,0.945634126663208,0.510584524350097,0.557542415232294,0.04695789088219693,-0.08289110846817471,0.007620253405826727,0.001807055979512917
5000,14,3,CAATATCA,1.0304629676068207,1.0285252351313827,1.1211612224578857,0.510584524350097,0.557542415232294,0.04695789088219693,0.09263598732650302,0.007620253405826727,0.001807055979512917
5000,15,3,CGATATCG,1.055163396739651,1.055266339719916,1.0627552270889282,0.02944349977882399,0.02998116095356318,0.0005376611747391902,0.007488887369012209,0.000894725658413531,0.0012035545992086227
5000,15,3,CGATATCT,0.9962763971820031,0.9953040178127898,1.034019947052002,-0.02944349977882388,-0.02998116095356307,-0.0005376611747391902,0.03871592923921219,0.0036555856638458284,0.000738447556205557
5000,15,3,CGATATCT,0.9962763971820031,0.9953040178127898,0.7926331758499146,-0.02944349977882388,-0.02998116095356307,-0.0005376611747391902,-0.20267084196287521,0.0036555856638458284,0.000738447556205557
5000,15,3,CGATATCG,1.055163396739651,1.055266339719916,1.137760877609253,0.02944349977882399,0.02998116095356318,0.0005376611747391902,0.08249453788933692,0.000894725658413531,0.0012035545992086227
5000,16,3,ATATTCTA,1.0969230712895586,1.0965952496044333,1.128654956817627,0.12040366715021344,0.121958664799523,0.001554997649309553,0.03205970721319362,0.001367442880130354,0.0003839778247547443
5000,16,3,ATCTTCTA,0.7701733318697181,0.7645566465281363,0.9783373475074768,-0.20634607226962698,-0.21007993827677407,-0.003733866007147091,0.21378070097934054,0.017052879550609523,0.00020282352586420416
5000,16,3,ATATTCTA,1.0969230712895586,1.0965952496044333,1.1023342609405518,0.12040366715021344,0.121958664799523,0.001554997649309553,0.005739011336118427,0.001367442880130354,0.0003839778247547443
5000,16,3,ATATTCCA,0.9420581421085451,0.9407991934826386,0.8896611928939819,-0.03446126203080002,-0.033837391322271704,0.0006238707085283179,-0.051138000588656696,0.0041073747612652145,0.0003305288835457887
5000,17,3,CAATCTAT,1.210933004881026,1.2117045569337077,1.1267025470733643,0.35483915998010873,0.3705148232790332,0.015675663298924447,-0.08500200986034345,0.0006658178264582482,0.0029804739845031847
5000,17,3,CAATCTAT,1.210933004881026,1.2117045569337077,1.338188648223877,0.35483915998010873,0.3705148232790332,0.015675663298924447,0.12648409129016924,0.0006658178264582482,0.0029804739845031847
5000,17,3,CAATCTAT,1.210933004881026,1.2117045569337077,1.2574340105056763,0.35483915998010873,0.3705148232790332,0.015675663298924447,0.04572945357196856,0.0006658178264582482,0.0029804739845031847
5000,17,3,CAAGCGAT,-0.20842363503940872,-0.27035473618242517,-0.2027071714401245,-1.064517479940326,-1.1115444698370998,-0.047026989896773674,0.06764756474230066,0.18640252511840583,0.0006092216893565094
5000,18,5,CGTAATAC,0.7484110514837173,0.6930424742214374,0.7929931879043579,0.2768750508072797,0.26724666477336184,-0.009628386033917857,0.09995071368292052,0.3032924396957064,0.026449553384306768
5000,18,5,CGCAATAC,0.9392555913297176,0.9137820785244302,0.8674696087837219,0.46771959065327995,0.4879862690763546,0.02026667842307467,-0.04631246974070824,0.15011128718848976,0.0227437231620522
5000,18,5,CGGATCCG,0.18747871477674796,0.13673117883503422,0.5204510688781738,-0.2840572858996897,-0.28906463061304133,-0.005007344713351625,0.3837198900431396,0.25962805277064316,0.0058903730620745165
5000,18,5,CGAATACC,0.010998645115567562,-0.04037249378859968,0.433246374130249,-0.46053735556087005,-0.46616830323667524,-0.005630947675805187,0.4736188679188487,0.2604831025800243,0.003627408059188042
5000,19,6,CTATCGAA,0.7199546159621703,0.7112494508511892,0.7795748710632324,-0.003651192450412566,-0.004894868734825364,-0.001243676284412798,0.06832542021204324,0.05932549159952494,0.007094500933638059
5000,19,6,CGATCGCT,0.6288830117051335,0.6213956556758292,0.550609827041626,-0.09472279670744932,-0.09474866391018533,-2.58672027360074e-05,-0.07078582863420324,0.047695525190995625,0.0027713890151694898
5000,19,6,CGATCGCG,0.7268585378785724,0.7208086818854392,0.6371285915374756,0.0032527294659895345,0.004664362299424685,0.0014116328334351502,-0.08368009034796364,0.040389180795931345,0.004090044837132822
5000,19,6,CGATCTAT,0.8187270681044548,0.8111234899316004,1.2156169414520264,0.09512125969187202,0.0949791703455859,-0.0001420893462861228,0.40449345152042593,0.04905159081287236,0.003430121775746642
5000,20,4,CGATATGT,0.006555127187188647,-0.018311285908566788,0.5973626375198364,-0.49396089719887015,-0.508367162459763,-0.014406265260892837,0.6156739234284032,0.10378560139147286,0.004319949008451118
5000,20,4,CGATATGC,0.10050702304063219,0.0841181420837529,0.007532358169555664,-0.4000090013454266,-0.4059377344674433,-0.005928733122016694,-0.07658578391419724,0.08090555183812143,0.015350028010604255
5000,20,4,CGATATCG,0.7985781231716483,0.7983205192334333,0.7151697278022766,0.29806209878558954,0.3082646426822371,0.010202543896647542,-0.08315079143115667,0.006217506395874484,0.005187090643014258
5000,20,4,CGATATAT,1.096423824144766,1.0960961307961654,1.0637038946151733,0.5959077997587071,0.6060402542449692,0.010132454486262099,-0.03239223618099207,0.004181987315080349,0.0028712139206783505
5000,21,3,GTATCGCG,1.0486830860945868,1.0493472773943924,0.8628212213516235,0.0,0.0,0.0,-0.18652605604276884,0.0008711401265268925,0.0028637140259437643
5000,21,3,GTATCGCG,1.0486830860945868,1.0493472773943924,1.2581355571746826,0.0,0.0,0.0,0.20878827978029024,0.0008711401265268925,0.0028637140259437643
5000,21,3,GTATCGCG,1.0486830860945868,1.0493472773943924,1.1871376037597656,0.0,0.0,0.0,0.13779032636537325,0.0008711401265268925,0.0028637140259437643
5000,21,3,GTATCGCG,1.0486830860945868,1.0493472773943924,1.1175764799118042,0.0,0.0,0.0,0.06822920251741182,0.0008711401265268925,0.0028637140259437643
5000,22,5,ATCATGTA,0.8132995969014376,0.7998956546715142,0.24665093421936035,0.3013828321247103,0.3741805043162697,0.07279767219155941,-0.5532447204521539,0.07030193967473242,0.003282228525115727
5000,22,5,ACTATGTA,-0.2427656231983386,-0.4145413083583115,-0.07535529136657715,-0.7546823879750659,-0.840256458713556,-0.0855740707384901,0.33918601699173434,0.8658439607264512,0.006965534926586692
5000,22,5,AGGATATA,0.6540134043262551,0.5142716400635734,0.45180654525756836,0.14209663954952778,0.08855648970832886,-0.053540149841198925,-0.06246509480600504,0.7044463636188567,0.005737542305448429
5000,22,5,ATCATCCA,0.8231196810775551,0.803234615044202,0.977279007434845,0.31120291630082775,0.3775194646889575,0.06631654838812973,0.17404439239064295,0.1021735551789198,0.002748225012154215
5000,23,5,GATACGCG,0.993482638606916,0.9885135028410387,0.8320670127868652,0.5907204001980596,0.6031815175527782,0.012461117354718554,-0.15644649005417344,0.03206381998862917,0.007218141159242464
5000,23,5,GATATGAT,-0.47751522281893877,-0.5068133611806352,-0.3488653898239136,-0.8802774612277952,-0.8921453464688958,-0.011867885241100606,0.15794797135672167,0.17102628542922993,0.02453559362074742
5000,23,5,GATAAGCC,0.2987244056354033,0.2809630168943354,0.3868900537490845,-0.10403783277345308,-0.10436896839392518,-0.00033113562047210054,0.10592703685474908,0.10269155664573582,0.013884612940396224
5000,23,5,GATAGGCC,0.7963571322120451,0.7786647825983035,0.820278525352478,0.3935948938031887,0.39333279731004295,-0.0002620964931457359,0.04161374275417451,0.09564208236237892,0.007180334293670931
5000,24,3,ACTAAACG,-0.9566115809495205,-1.146671745512221,-0.5806155204772949,-1.2576871428630747,-1.383088175207377,-0.12540103234430222,0.5660562250349261,0.570413011543776,0.00023251785567435235
5000,24,3,TATAACCG,0.34779115342441597,0.2934629834360547,0.08130979537963867,0.0467155915108618,0.05704655374089895,0.010330962230037155,-0.21215318805641603,0.16307151632896533,8.700636388159211e-05
5000,24,3,GATAAGCG,0.9065613375896606,0.8994372404283947,1.034850835800171,0.6054857756761065,0.6630208107332389,0.05753503505713242,0.13541359537177622,0.02776435409345357,0.0063920626096556354
5000,24,3,GATAAGCG,0.9065613375896606,0.8994372404283947,0.9924017786979675,0.6054857756761065,0.6630208107332389,0.05753503505713242,0.09296453826957285,0.02776435409345357,0.0063920626096556354
5000,25,3,TACTAGAG,-0.32504964711916023,-0.3300856865114632,-0.3523557186126709,-0.7199671153331539,-0.7094903406169676,0.010476774716186354,-0.022270032101207704,0.016984479881029024,0.0018763617041201996
5000,25,3,GACAAGTG,0.6328633798346762,0.617703409658538,0.8682210445404053,0.23794591162068246,0.2382987555530336,0.0003528439323511323,0.2505176348818673,0.04883630170029818,0.003356391171883466
5000,25,3,TACAAGAG,0.6598275011523111,0.6213912202252279,0.6183905601501465,0.2649100329383174,0.24198656611972347,-0.02292346681859392,-0.003000660075081374,0.11712513086045995,0.0018162880792100822
5000,25,3,GACAAGAG,0.6120286389881481,0.6086096730497149,0.31284964084625244,0.21711117077415432,0.22920501894421053,0.01209384817005621,-0.2957600322034625,0.012921440046212318,0.0026645422309128364
5000,26,5,CGATATCG,1.1545302790949465,1.1541205951229976,1.1009442806243896,0.1402296558740792,0.1425097092679546,0.002280053393875381,-0.053176314498607935,0.0079508441540741,0.0059024242943293
5000,26,5,CGGTATCG,1.0256987225935128,1.02360800664251,1.2911388874053955,0.011398099372645465,0.011997120787466953,0.0005990214148214879,0.26753088076288556,0.017130380519447375,0.006676800764433111
5000,26,5,CGATATCG,1.1545302790949465,1.1541205951229976,1.198144793510437,0.1402296558740792,0.1425097092679546,0.002280053393875381,0.04402419838743943,0.0079508441540741,0.0059024242943293
5000,26,5,CGCTATCA,0.7224432121000639,0.7145943465316662,0.7878345251083374,-0.29185741112080343,-0.2970165393233768,-0.00515912820257336,0.0732401785766712,0.050036305949598514,0.010791978107610234
5000,27,3,ATATCGTA,1.0703200498703176,1.071466309225393,1.1440485715866089,0.5825485338082153,0.5856336693395858,0.0030851355313705753,0.07258226236121579,0.0014002498394540819,0.004839027904680826
5000,27,3,ATATCGTA,1.0703200498703176,1.071466309225393,1.1137028932571411,0.5825485338082153,0.5856336693395858,0.0030851355313705753,0.042236584031748015,0.0014002498394540819,0.004839027904680826
5000,27,3,GTATCGTT,-0.34256203907694527,-0.35411840356472507,-0.4772685766220093,-0.8303335551390476,-0.8399510434505324,-0.00961748831148479,-0.1231501730572842,0.04153704136768965,0.006867947904350302
5000,27,3,GTATCGTG,0.1530080035847193,0.15451634465716793,0.3778097629547119,-0.334763512477383,-0.33131629522863937,0.0034472172487436392,0.22329341829754398,0.0031235247465715155,0.007648547963917451
5000,28,2,CGATACTG,1.1740353330304467,1.1736498549580574,1.2321803569793701,0.33955045511305026,0.3393821846693754,-0.000168270443674845,0.058530502021312714,0.0007729278211592305,1.9716763808297344e-06
5000,28,2,CGATACTG,1.1740353330304467,1.1736498549580574,1.2244069576263428,0.33955045511305026,0.3393821846693754,-0.000168270443674845,0.05075710266828537,0.0007729278211592305,1.9716763808297344e-06
5000,28,2,CTATACTG,-0.18416648742175434,-0.18387888371944427,0.209708571434021,-1.0186513653391507,-1.0181465540081263,0.000504811331024424,0.39358745515346527,0.00030142171588298794,0.0008766291205031251
5000,28,2,CGATACTG,1.1740353330304467,1.1736498549580574,1.1228928565979004,0.33955045511305026,0.3393821846693754,-0.000168270443674845,-0.05075699836015701,0.0007729278211592305,1.9716763808297344e-06
5000,29,5,GATAATCC,0.7688537783416439,0.7458599402258791,0.9757109880447388,0.1826931918257414,0.2024789165422166,0.019785724716475217,0.22985104781885968,0.14419127943680543,0.029222088857981277
5000,29,5,CAATATAC,0.9205893302919328,0.9034863181831311,0.8668399453163147,0.33442874377603027,0.3601052944994686,0.02567655072343833,-0.03664637286681638,0.09056410555655825,0.005049045012549769
5000,29,5,GATAACGC,0.06256060364788744,-0.028394095202287063,0.042429566383361816,-0.5235999828680151,-0.5717751188859496,-0.04817513601793444,0.07082366158564887,0.4638618740149987,0.009088379764126131
5000,29,5,CATTATCC,0.5926386337821462,0.5525719315279268,0.8805046081542969,0.0064780472662436805,0.009190907844264351,0.0027128605780206705,0.32793267662637005,0.2098750735351036,0.009541562264006487
5000,30,5,CGATATCG,0.9401842177305004,0.9375020473442655,0.6903320550918579,0.15050590959961374,0.1524499422106116,0.0019440326109978479,-0.24716999225240754,0.018042569441167444,0.004631717509992583
5000,30,5,CGGTATCA,0.5853103440845178,0.5814204387521983,0.5190758109092712,-0.20436796404636892,-0.20363166638145558,0.0007362976649133435,-0.06234462784292705,0.02333420697739541,0.003884680315797695
5000,30,5,CGGTATAT,0.6930344529780281,0.683783887093886,1.1386231184005737,-0.09664385515285856,-0.10126821803976782,-0.004624362886909261,0.4548392313066877,0.051433518154029745,0.00518068873331945
5000,30,5,CGATATCG,0.9401842177305004,0.9375020473442655,1.036620855331421,0.15050590959961374,0.1524499422106116,0.0019440326109978479,0.09911880798715544,0.018042569441167444,0.004631717509992583
5000,31,7,CGATATAT,1.1071019349400124,1.1005604955260047,0.9855738878250122,0.36815065557879345,0.38081721838873417,0.012666562809940718,-0.11498660770099245,0.0678524029533829,0.022062327055328623
5000,31,7,GTATCGTA,0.7391623204628095,0.7305889815846014,0.4106462001800537,0.00021104110159053668,0.010845704447330906,0.01063466334574037,-0.3199427814045477,0.080266376577673,0.020253004430216492
5000,31,7,ATAATCTA,0.40641911030283634,0.36478377319682337,0.2825045585632324,-0.3325321690583826,-0.3549595039404471,-0.022427334882064498,-0.08227921463359095,0.306009688641228,0.014562328899137
5000,31,7,CGATCGCG,0.7031217517392175,0.6830398582416523,0.30584263801574707,-0.03582952762200142,-0.036703418895618234,-0.0008738912736168114,-0.3771972202259052,0.15776893165205141,0.01719567716909509
10000,0,6,CGATATAT,1.0427300862139313,1.0424052995500253,1.162781000137329,0.19457518234891658,0.20120096873724846,0.006625786388331889,0.12037570058730385,0.012041697520296823,0.010092977536860559
10000,0,6,CGATATAT,1.0427300862139313,1.0424052995500253,1.0582932233810425,0.19457518234891658,0.20120096873724846,0.006625786388331889,0.015887923831017225,0.012041697520296823,0.010092977536860559
10000,0,6,CTATATAT,0.6466196839665369,0.6356610918909095,0.5597425699234009,-0.20153521989847778,-0.20554323892186732,-0.004008019023389542,-0.07591852196750859,0.07089493684591996,0.005143384392155781
10000,0,6,CGATCTAT,0.6605397590656593,0.6443456322601472,0.733914852142334,-0.18761514479935537,-0.1968586985526296,-0.009243553753274236,0.0895692198821868,0.10160272780391022,0.004437966970836982
10000,1,4,CTATATAC,0.6581461114466621,0.6502900572571284,1.0235512256622314,-0.09529726663033522,-0.1002565554663305,-0.004959288835995279,0.37326116840510304,0.04784093700648695,0.016416720248352057
10000,1,4,CGATATAC,1.2433512128515445,1.2454702691951147,1.244210124015808,0.48990783477454714,0.4949236564716558,0.00501582169710868,-0.0012601451793066154,0.0019340599239292544,0.010410285298210198
10000,1,4,GAATATAC,-0.1310750248417616,-0.13904414475352223,0.2751154899597168,-0.8845184029187589,-0.8895907574769811,-0.005072354558222192,0.414159634713239,0.041232642751936055,0.009356163104893511
10000,1,4,CGATATAC,1.2433512128515445,1.2454702691951147,1.2745802402496338,0.48990783477454714,0.4949236564716558,0.00501582169710868,0.029109971054519068,0.0019340599239292544,0.010410285298210198
10000,2,5,CGGTATTA,0.8696091544620363,0.8670045308551433,0.8405754566192627,0.16519682664388324,0.18044510227802657,0.015248275634143327,-0.02642907423588059,0.02109327158421781,0.00807015354975249
10000,2,5,GGGTATTA,0.5188353249112694,0.4789550618268546,0.5905278921127319,-0.18557700290688373,-0.20760436675026211,-0.02202736384337839,0.11157283028587733,0.2099295813198605,0.010528265897786326
10000,2,5,TGATACTG,0.7764341888685817,0.7595171223324717,0.7932289242744446,0.07202186105042863,0.07295769375535499,0.0009358327049263648,0.033711801941972874,0.0932370885801217,0.00865175589957179
10000,2,5,CGATACTG,0.6527706430307249,0.6407609992939974,0.7949578166007996,-0.051641684787428255,-0.04579842928311928,0.005843255504308975,0.15419681730680213,0.07145134961980526,0.011403130936168182
10000,3,5,ACGATCCC,0.7550878420280863,0.7159501225932026,0.5994711518287659,0.46293685480151714,0.48383118927333213,0.02089433447181499,-0.1164789707644367,0.20162712458174958,0.005938527407330696
10000,3,5,ACGATGCC,0.15565932968918156,0.12536877396206023,0.4571951627731323,-0.13649165753738762,-0.10675015935781024,0.029741498179577386,0.33182638881107207,0.15942528879260642,0.007972510156999846
10000,3,5,ACGATCAC,0.216458775228552,0.14708497911536397,0.12594985961914062,-0.07569221199801718,-0.08503395420450649,-0.009341742206489312,-0.021135119496223348,0.36363236908971963,0.016763388523779454
10000,3,5,TCATTATC,0.04139800196045673,-0.059928142391144947,-0.13306844234466553,-0.25075298526611245,-0.2920470757110154,-0.04129409044490295,-0.07314029995352059,0.5163965011249978,0.009765779366989413
10000,4,1,CGATATCG,1.0129602029919624,1.0129602029919624,1.0129601955413818,0.0,0.0,0.0,-7.450580596923828e-09,0.0,0.0
10000,4,1,CGATATCG,1.0129602029919624,1.0129602029919624,1.0129601955413818,0.0,0.0,0.0,-7.450580596923828e-09,0.0,0.0
10000,4,1,CGATATCG,1.0129602029919624,1.0129602029919624,1.0129601955413818,0.0,0.0,0.0,-7.450580596923828e-09,0.0,0.0
10000,4,1,CGATATCG,1.0129602029919624,1.0129602029919624,1.0129601955413818,0.0,0.0,0.0,-7.450580596923828e-09,0.0,0.0
10000,5,7,GTATCTCC,0.3593514680129638,0.32534347515245166,-0.00872647762298584,-0.4258736146084535,-0.4462282636874143,-0.020354649078960785,-0.3340699527754375,0.24969835770962145,0.011642407686036194
10000,5,7,CAATATAT,1.0451453811199691,1.0427456404451527,1.161508560180664,0.2599202984985518,0.27117390160528676,0.011253603106734955,0.11876291973551134,0.031246326390752532,0.014448141667037007
10000,5,7,CGATATAG,0.9501328156140695,0.9448085671410341,1.010400414466858,0.16490773299265216,0.17323682830116816,0.008329095308515999,0.0655918473258238,0.04872934176053123,0.011459602449283679
10000,5,7,CTATATAT,0.7862706657386667,0.7733892726208256,0.9203953146934509,0.001045583117249338,0.0018175337809596126,0.0007719506637102747,0.14700604207262535,0.10217945731662947,0.012009705491742295
10000,6,3,TATATTCC,0.3083246551793038,0.2722821351554659,0.16524076461791992,-0.011473711735931258,-0.027755387541320564,-0.016281675805389306,-0.10704137053754598,0.11049279920995714,0.0023652391384434424
10000,6,3,TCTATTAC,0.38523529738039947,0.35909592111905403,0.3704228401184082,0.06543693046516441,0.059058398422267566,-0.006378532042896845,0.011326918999354174,0.08238644281497587,0.003968314030939446
10000,6,3,TCCATTAC,0.03916673991737074,0.0280363261699678,0.10734117031097412,-0.2806316269978643,-0.27200119652681864,0.00863043047104567,0.07930484414100632,0.03710207485342254,0.0037108336112137152
10000,6,3,TCTATTCC,0.5464667751838662,0.5407357083426582,0.7310019135475159,0.22666840826863116,0.2406981856458717,0.014029777377240538,0.1902662052048577,0.01838879926441983,0.001195598740795667
10000,7,3,TCCGATAG,0.47597898670273214,0.4718620073464179,0.5650166273117065,-0.544493720911738,-0.5457804578666887,-0.0012867369549507401,0.09315461996528862,0.013660710819257016,0.0013097727503144085
10000,7,3,TCCGATAC,1.3520365373901404,1.3512784596532583,1.5201300382614136,0.3315638297756702,0.3336359944401517,0.0020721646644814573,0.16885157860815525,0.011342500891567409,0.00906826768092106
10000,7,3,TCCGATAT,0.9018387689748678,0.8961509341994921,0.6824365854263306,-0.11863393863960237,-0.12149153101361454,-0.0028575923740121745,-0.21371434877316153,0.01733192970561337,0.00026842537948645884
10000,7,3,TCCGATAC,1.3520365373901404,1.3512784596532583,1.3597393035888672,0.3315638297756702,0.3336359944401517,0.0020721646644814573,0.008460843935608864,0.011342500891567409,0.00906826768092106
10000,8,5,CGCGATAT,1.0766996082320088,1.0598693491642672,1.2359139919281006,0.18989162646394597,0.18266168578333886,-0.0072299406806071165,0.17604464276383336,0.0877584472717372,0.0036071519330285184
10000,8,5,CGCGATAC,1.044818270721636,1.038320574793809,1.0490386486053467,0.15801028895357316,0.16111291141288053,0.0031026224593073692,0.010718073811537776,0.04118551982961116,0.008697040190475569
10000,8,5,TGCGATAC,0.9200089628685062,0.9158918405378543,1.0252068042755127,0.03320098110044334,0.03868417715692596,0.00548319605648262,0.10931496373765837,0.03515099244105624,0.014565380787797011
10000,8,5,CGCGATAG,0.5057050852501005,0.4947488890277835,0.4785414934158325,-0.38110289651796236,-0.38245877435314485,-0.001355877835182484,-0.016207395611951003,0.05816047639747346,0.003379495285888545
10000,9,5,GTATCGTA,0.9095650018236874,0.896943014962598,0.7472138404846191,0.15322948631102962,0.15042288970279805,-0.0028065966082315708,-0.14972917447797884,0.07143494704724951,0.008325012741802418
10000,9,5,CTATAGCA,0.395550768055387,0.3883286233494676,-0.21557259559631348,-0.36078474745727074,-0.35819150191033233,0.0025932455469384053,-0.6039012189457811,0.045675476490031564,0.009564752960434575
10000,9,5,CGATCGCA,0.6961498695094472,0.6806686410059524,1.0585379600524902,-0.060185646003210524,-0.06585148425384757,-0.005665838250637045,0.37786931904653787,0.08045275543237329,0.0030466129148987164
10000,9,5,CTATCGCA,1.0240764226621093,1.0201402217211817,0.9831068515777588,0.26774090714945153,0.27362009646138175,0.005879189311930211,-0.037033370143422895,0.023736344982951962,0.004055340278314112
10000,10,5,CTATCTCA,0.663016099352635,0.6258249881134053,0.5977479219436646,-0.12390139302479053,-0.1450115828770988,-0.02111018985230828,-0.028077066169740705,0.19210658453104124,0.006151028334892672
10000,10,5,CGATCGTA,0.7560399888422683,0.7451400680436435,0.7506847381591797,-0.03087750353515717,-0.025696502946860544,0.005181000588296625,0.0055446701155361655,0.07301543090782747,0.01851582691470366
10000,10,5,ATATCGTA,0.9725738924725302,0.9672411597613237,0.7354055047035217,0.18565640009510476,0.19640458877081968,0.01074818867571492,-0.23183565505780201,0.04141689299255402,0.014753229436521131
10000,10,5,CGATCGTA,0.7560399888422683,0.7451400680436435,0.8049463033676147,-0.03087750353515717,-0.025696502946860544,0.005181000588296625,0.059806235323971224,0.07301543090782747,0.01851582691470366
10000,11,2,CGATATAG,1.3190183756712628,1.3191088866442442,1.3191088438034058,0.0,0.0,0.0,-4.284083843231201e-08,1.9280817107336645e-06,0.00018295002767354518
10000,11,2,CGATATAG,1.3190183756712628,1.3191088866442442,1.4182270765304565,0.0,0.0,0.0,0.09911818988621235,1.9280817107336645e-06,0.00018295002767354518
10000,11,2,CGATATAG,1.3190183756712628,1.3191088866442442,1.4182270765304565,0.0,0.0,0.0,0.09911818988621235,1.9280817107336645e-06,0.00018295002767354518
10000,11,2,CGATATAG,1.3190183756712628,1.3191088866442442,1.3191088438034058,0.0,0.0,0.0,-4.284083843231201e-08,1.9280817107336645e-06,0.00018295002767354518
10000,12,4,CGATATAG,1.0934792808301532,1.0938180142741964,1.2876839637756348,0.1629469660204762,0.1648111877414825,0.0018642217210063095,0.19386594950143832,0.0019380049827297796,0.003292938758902686
10000,12,4,CGATATAG,1.0934792808301532,1.0938180142741964,1.1060267686843872,0.1629469660204762,0.1648111877414825,0.0018642217210063095,0.012208754410190759,0.0019380049827297796,0.003292938758902686
10000,12,4,CGATATCG,1.1354766801550222,1.1360784361701617,1.101922631263733,0.20494436534534521,0.20707160963744775,0.002127244292102537,-0.03415580490642878,0.0016395112334562922,0.00404653529401422
10000,12,4,CGATATGG,0.3996940174233794,0.39231284141230116,1.0530624389648438,-0.5308382973862976,-0.5366939851204128,-0.005855687734115156,0.6607495975525426,0.03779054914542179,0.008265845101108837
10000,13,4,ATATTCCA,0.175487561809055,0.10389661545438389,0.3400336503982544,-0.3064563842187823,-0.3446438038202664,-0.038187419601484085,0.2361370349438705,0.28915521284937373,0.002791427430689275
10000,13,4,CTATCCCA,0.23983673732783917,0.20228548596302698,0.12822675704956055,-0.24210720869999813,-0.2462549333116233,-0.004147724611625159,-0.07405872891346643,0.15178439509243802,0.0015793896331892654
10000,13,4,CGATCGCA,0.5478692499241812,0.5274999590280158,0.8080422878265381,0.06592530389634388,0.07895953975336556,0.013034235857021681,0.28054232879852226,0.08825388532854594,0.006776721743884551
10000,13,4,CTATATCA,0.9645822350502737,0.9604796166531744,0.7430046796798706,0.48263828902243644,0.5119391973785241,0.029300908356087674,-0.21747493697330378,0.020913220013422995,0.00450274642502535
10000,14,4,TACCGCAG,-0.16291227264147579,-0.21439016610383987,-0.22301065921783447,-0.48765189241286655,-0.5044618388637903,-0.016809946450923707,-0.008620493113994598,0.21164381054032422,0.005732236690867865
10000,14,4,TACGGGAG,0.2675724037142646,0.22656862996518612,0.4251570701599121,-0.05716721605712616,-0.06350304279476426,-0.006335826737638106,0.198588440194726,0.166751603255463,0.002736508259149062
10000,14,4,TATCGTAG,0.7018782641142164,0.6836485974490647,0.7576198577880859,0.3771386443428256,0.3935769246891143,0.01643828034628869,0.07397126033902124,0.07957601003747028,0.006657343376863523
10000,14,4,TCTCGTAG,0.49242008389855785,0.4644596297293906,0.3357290029525757,0.16768046412716708,0.1743879569694402,0.006707492842273122,-0.1287306267768149,0.11432647882031732,0.0024846621436482863
10000,15,5,TATGCAGC,0.06915806787137857,0.02981900235017143,0.2336176633834839,0.04636413518929357,0.05736593578010805,0.01100180059081448,0.20379866103331246,0.20074658595789874,0.004051258351863041
10000,15,5,TACGCTCT,-0.1678129282697066,-0.24871641774972275,-0.10846364498138428,-0.19060686095179158,-0.22116948431978614,-0.030562623367994562,0.14025277276833847,0.40908351349539185,0.004566066095311072
10000,15,5,TTAGCAAA,0.03301628012418654,-0.02758745491504655,0.027821063995361328,0.010222347442101536,-4.0521485109933086e-05,-0.010262868927211469,0.05540851891040788,0.3092238423575653,0.006205167161399849
10000,15,5,TGTGCGCA,0.1568143110024815,0.1362971365948514,0.3734133243560791,0.13402037832039648,0.163844070024788,0.02982369170439153,0.2371161877612277,0.11248970989404761,0.009903837855897102
10000,16,3,CGATATAT,1.2455000801952536,1.2451055616968205,1.163926362991333,0.0,0.0,0.0,-0.08117919870548751,0.0026282929607926997,0.0014447374654933398
10000,16,3,CGATATAT,1.2455000801952536,1.2451055616968205,1.3315428495407104,0.0,0.0,0.0,0.08643728784388993,0.0026282929607926997,0.0014447374654933398
10000,16,3,CGATATAT,1.2455000801952536,1.2451055616968205,1.2819690704345703,0.0,0.0,0.0,0.036863508737749795,0.0026282929607926997,0.0014447374654933398
10000,16,3,CGATATAT,1.2455000801952536,1.2451055616968205,1.2232128381729126,0.0,0.0,0.0,-0.02189272352390792,0.0026282929607926997,0.0014447374654933398
10000,17,4,ATCATATA,0.49538185105692856,0.46431360704203484,0.492923378944397,0.20681982850212893,0.1966033523591857,-0.010216476142943243,0.028609771902362136,0.12836232890011434,0.004089352840539462
10000,17,4,ATGATACA,0.3982624228191991,0.38573980579773637,0.5397065877914429,0.10970040026439948,0.11802955111488722,0.008329150850487743,0.1539667819937065,0.05201236076851323,0.0019218926826622962
10000,17,4,CTAATATA,0.32323578783435347,0.3111573817829294,0.16899621486663818,0.03467376527955385,0.04344712710008025,0.008773361820526404,-0.14216116691629122,0.0548051826662066,0.006491558460510305
10000,17,4,GTGATATG,-0.06263197149128263,-0.09036977589130402,-0.05509757995605469,-0.35119399404608226,-0.35808003057415316,-0.006886036528070905,0.03527219593524933,0.11823877556969453,0.007287557969609004
10000,18,2,TGTGGGTA,0.45546072878364197,0.4536983445286751,0.18562090396881104,-0.06746124888048388,-0.05415838584303856,0.013302863037445323,-0.26807744055986404,0.004782465774467726,0.0012576972645339524
10000,18,2,TGTGGGAT,0.8916775043775058,0.8919940777122974,0.90708327293396,0.36875552671337997,0.3841373473405838,0.015381820627203835,0.015089195221662521,0.00042465047431583525,0.0010577971438991973
10000,18,2,TGTGGGAG,-0.14712782688215054,-0.20625957846641563,0.2537194490432739,-0.6700498045462764,-0.7141163088381293,-0.04406650429185288,0.45997902750968955,0.11828338618397671,1.988301544653126e-05
10000,18,2,TGTGGGAT,0.8916775043775058,0.8919940777122974,0.772445559501648,0.36875552671337997,0.3841373473405838,0.015381820627203835,-0.11954851821064949,0.00042465047431583525,0.0010577971438991973
10000,19,4,CGATATCC,1.1643283876416435,1.1647631142598893,1.1930937767028809,0.4036480466789495,0.41390726029931124,0.010259213620361751,0.02833066244299154,0.0054436976085810995,0.007182604081563682
10000,19,4,CGATACCC,0.322877641355219,0.29576453079547127,0.3994174003601074,-0.437802699607475,-0.4550913231651068,-0.017288623557631833,0.10365286956463615,0.11437396952159418,0.005921527282603201
10000,19,4,CGATCTCC,0.9198432576002566,0.9192285094807935,0.7733389139175415,0.15916291663756266,0.1683726555202154,0.009209738882652752,-0.14588959556325198,0.004902622519466826,0.0024436300416139645
10000,19,4,CGATCGCC,0.6356720772536569,0.623667261306158,0.3007251024246216,-0.12500826370903706,-0.12718859265442006,-0.0021803289453830033,-0.32294215888153643,0.05537416510649118,0.007354901316495521
10000,20,4,TGATCCTT,1.0686805273451245,1.0678383388706914,1.0738784074783325,0.009281745935890262,0.009343726585939516,6.198065004925368e-05,0.006040068607641169,0.0059379447280925035,0.00256919083035978
10000,20,4,TGATACTT,1.050117035473344,1.0491508856988125,1.0598421096801758,-0.009281745935890262,-0.009343726585939294,-6.198065004903164e-05,0.01069122398136324,0.007588066342848254,0.0037234672447228334
10000,20,4,TGATACTT,1.050117035473344,1.0491508856988125,0.9429726600646973,-0.009281745935890262,-0.009343726585939294,-6.198065004903164e-05,-0.10617822563411528,0.007588066342848254,0.0037234672447228334
10000,20,4,TGATCCTT,1.0686805273451245,1.0678383388706914,1.0748404264450073,0.009281745935890262,0.009343726585939516,6.198065004925368e-05,0.007002087574315974,0.0059379447280925035,0.00256919083035978
10000,21,5,ATATCCTC,1.0280224894314902,1.026358500809098,1.0382801294326782,0.3456267693311672,0.35932297264749646,0.013696203316329258,0.01192162862358015,0.016052253615417955,0.007732310503457462
10000,21,5,TGATCCTC,1.1104571281598485,1.1071778769892016,0.990506649017334,0.4280614080595255,0.44014234882759995,0.012080940768074422,-0.11667122797186757,0.0319800847336178,0.015583828880383344
10000,21,5,ACATCCTC,0.05885008832571703,0.03466751678846762,0.29714691638946533,-0.623545631774606,-0.632368011373134,-0.008822379598528052,0.2624793996009977,0.1353392350321334,0.014426377345886365
10000,21,5,TATACCTC,0.532253174484236,0.49993821805963884,0.8498713970184326,-0.15014254561608698,-0.16709731010196277,-0.016954764485875795,0.3499331789587938,0.17490506311790366,0.013330280994917842
10000,22,3,CGATATAT,1.2823179868032117,1.282830851152539,1.230647325515747,0.30415577883910094,0.31666063429373836,0.01250485545463742,-0.05218352563679196,0.0012521283379109405,0.002790721385892425
10000,22,3,CGATATCT,0.8569251906713999,0.8491820498473112,0.8565036058425903,-0.12123701729271086,-0.11698816701148951,0.00424885028122135,0.007321555995279172,0.024937733620791436,0.001708311148525432
10000,22,3,CGATCTAT,0.49108766757862005,0.4498371152828137,0.22678816318511963,-0.48707454038549075,-0.5163331015759869,-0.029258561190496135,-0.2230489520976941,0.12568261192135433,0.0019309550339352555
10000,22,3,CGATATAT,1.2823179868032117,1.282830851152539,1.3346965312957764,0.30415577883910094,0.31666063429373836,0.01250485545463742,0.051865680143237336,0.0012521283379109405,0.002790721385892425
10000,23,2,ATGACGAT,0.8424318209827681,0.842428594827652,0.8640181422233582,0.18332533943487972,0.18575620278716087,0.002430863352281154,0.021589547395706177,1.296839992459553e-05,6.516089692265581e-06
10000,23,2,ATGACGAT,0.8424318209827681,0.842428594827652,0.7953304648399353,0.18332533943487972,0.18575620278716087,0.002430863352281154,-0.047098129987716675,1.296839992459553e-05,6.516089692265581e-06
10000,23,2,CTGACTAT,0.10913046324324904,0.09940378367900848,-0.01592540740966797,-0.5499760183046394,-0.5572686083614826,-0.00729259005684324,-0.11532919108867645,0.01948570363316815,3.234450468703187e-05
10000,23,2,ATGACGAT,0.8424318209827681,0.842428594827652,0.8463477492332458,0.18332533943487972,0.18575620278716087,0.002430863352281154,0.003919154405593872,1.296839992459553e-05,6.516089692265581e-06
10000,24,6,CGATCTGA,0.6483878966734853,0.6406722729201032,0.7024003863334656,0.2037834354558411,0.2213546720778039,0.017571236621962805,0.06172811341336237,0.052590254077756526,0.006296511557463802
10000,24,6,GTATCTGA,0.23418625183617467,0.19710538518427434,0.0460810661315918,-0.21041820938146952,-0.22221221565802496,-0.011794006276555441,-0.15102431905268254,0.22953986056767306,0.007054660656271139
10000,24,6,CAATCTGG,0.1748527467714065,0.1290221659382539,0.6360257863998413,-0.2697517144462377,-0.2902954349040454,-0.020543720457807724,0.5070036204615874,0.28282648575587555,0.007843000756960095
10000,24,6,CGATCTAC,0.7209909495895102,0.7104705793265659,0.731293797492981,0.27638648837186597,0.2911529784842666,0.01476649011240061,0.02082321816641508,0.07539850702403239,0.012276285446366941
10000,25,7,CTATCTTA,0.5374706017519367,0.5266541986837096,0.539958119392395,-0.012247813159050769,-0.00493406949449593,0.007313743664554839,0.013303920708685468,0.09167180662715779,0.015956985149568226
10000,25,7,GTATCCCA,0.36950229384132555,0.33873934877963513,0.3055438995361328,-0.18021612106966195,-0.19284891939857035,-0.012632798328908401,-0.03319544924350232,0.2398457697371903,0.02450515430535738
10000,25,7,CGATATTA,0.7694607416026098,0.761220879569653,0.7601912021636963,0.2197423266916223,0.22963261139144753,0.009890284699825225,-0.0010296774059567193,0.07958435038969736,0.02190531615899971
10000,25,7,TGATACCG,0.5224400224480776,0.49973864567982396,0.6469298601150513,-0.027278392462909862,-0.031849622498381525,-0.004571230035471663,0.1471912144352273,0.17881230291934802,0.019902665541572162
10000,26,4,CGGTATTG,0.39293942927008096,0.3476905478164556,0.2744486331939697,-0.35930176500030075,-0.38989307785717153,-0.030591312856870778,-0.07324191462248586,0.18669091150107864,0.005695385686577126
10000,26,4,CGGTATCA,0.7727325751217654,0.7652690724159281,0.7043949365615845,0.02049138085138369,0.027685446742301,0.007194065890917312,-0.06087413585434365,0.04151903175197047,0.011665020928621317
10000,26,4,CGGTATCG,0.9910640823124115,0.9909549060588085,1.1082484722137451,0.23882288804202978,0.2533712803851814,0.01454839234315164,0.11729356615493658,0.00501560902170195,0.004578904007289886
10000,26,4,CGGTATAT,0.8522286903772696,0.846419976403316,0.8790509104728699,0.09998749610688784,0.10883635072968889,0.00884885462280105,0.03263093406955386,0.024274434617840512,0.001039578722026313
10000,27,2,TTGATCCC,0.17438123424822116,0.17394767701625824,0.06752681732177734,-0.15476385859850295,-0.15411486104130745,0.0006489975571954965,-0.1064208596944809,0.0010492639182335672,0.0001821494543077229
10000,27,2,TTAATCCC,0.30431777416025463,0.3022128939628601,0.49392449855804443,-0.02482731868646948,-0.02584964409470558,-0.0010223254082361022,0.19171160459518433,0.005048704540363991,0.0008389441455749491
10000,27,2,TTAATCCG,0.6635001287301994,0.6621419042348862,0.6618548631668091,0.33435503588347526,0.3340793661773205,-0.0002756697061547797,-0.0002870410680770874,0.0036158859975841118,0.0008994370069577151
10000,27,2,TTGATCCC,0.17438123424822116,0.17394767701625824,0.21261966228485107,-0.15476385859850295,-0.15411486104130745,0.0006489975571954965,0.038671985268592834,0.0010492639182335672,0.0001821494543077229
10000,28,7,CGATATCG,0.9640566357558887,0.9620989997259056,1.1708877086639404,0.22423074304021007,0.23601622062631955,0.011785477586109483,0.2087887089380348,0.02294004745110101,0.009236595241219447
10000,28,7,CAACATAT,0.42533937529338683,0.3953673580415913,-0.14782404899597168,-0.31448651742229183,-0.3307154210579948,-0.01622890363570295,-0.543191407037563,0.22334800236772434,0.013543881605155406
10000,28,7,CGATATCA,0.864777509798221,0.8602876118225916,0.8610320091247559,0.12495161708254232,0.13420483272300554,0.00925321564046322,0.0007443973021642458,0.04235866053461734,0.010929374705211714
10000,28,7,CACGATAT,0.7051300500152184,0.6865771468082558,0.49335527420043945,-0.03469584270046022,-0.039505632291330306,-0.004809789590870084,-0.19322187260781631,0.13820744902492965,0.008337126576190457
10000,29,6,CTATATAT,0.7241407589893898,0.7067539279659579,0.9149442911148071,-0.24606641299259735,-0.25670835436903905,-0.0106419413764417,0.2081903631488492,0.1120624909903487,0.007741504849757774
10000,29,6,CGATATAG,0.9289064336905114,0.9202284180403991,0.9294247031211853,-0.041300738291475736,-0.04323386429459786,-0.001933126003122121,0.009196285080786182,0.058632429850923096,0.0065643359502498555
10000,29,6,CAATATAT,1.047928141441241,1.0468522698437377,1.054954171180725,0.07772096945925377,0.08338998750874071,0.00566901804948694,0.008101901336987405,0.013338388098771414,0.006883158513751653
10000,29,6,CGATATAT,1.1798533538068066,1.1800145134898932,1.2621023654937744,0.20964618182481942,0.2165522311548962,0.006906049330076769,0.08208785200388125,0.006054251319787207,0.00702120941830664
10000,30,4,CATGATAC,0.2464485827897367,0.18343353116263916,0.3669602870941162,-0.3337736637251194,-0.37181406584568366,-0.038040402120564254,0.18352675593147705,0.2587637764161359,0.006703569907745788
10000,30,4,TGTGATAC,0.9650866017559248,0.9630699253951511,0.8717064261436462,0.38486435524106866,0.4078223283868283,0.022957973145759647,-0.09136349925150489,0.017002320024037232,0.008935614580942719
10000,30,4,TTTGATCC,0.4327184758168314,0.40819926109785865,0.317302942276001,-0.14750377069802467,-0.14704833591046418,0.0004554347875604936,-0.09089631882185767,0.10295865949078298,0.004881800614891851
10000,30,4,TGCGATAC,0.6766353256969314,0.6662876703776421,0.730222761631012,0.09641307918207531,0.11104007336931931,0.014626994187244002,0.06393509125336982,0.04782718534015151,0.006436564062994421
10000,31,7,CGATATAA,0.8172256291497764,0.7991822223400789,0.6935117244720459,0.19270745819093638,0.20075703575558967,0.008049577564653299,-0.10567049786803295,0.14327740623988383,0.016973558572001224
10000,31,7,CGATACCA,0.5885776799882928,0.5627909895827755,0.46352386474609375,-0.03594049097054719,-0.03563419700171366,0.00030629396883352644,-0.09926712483668176,0.19653859419946507,0.0160317613608445
10000,31,7,CTATCGAA,0.8184847243044088,0.8064169154254578,1.216538667678833,0.19396655334556878,0.20799172884096861,0.014025175495399833,0.4101217522533752,0.09738389226614963,0.012909230113493209
10000,31,7,GTGTATCA,0.2737846503928821,0.22531061898964463,0.07609128952026367,-0.3507335205659579,-0.3731145675948445,-0.022381047028886603,-0.14921932946938096,0.398674190871267,0.05935597104860513
15000,0,2,CGATATCG,0.8798881120475167,0.8800499783828855,0.6094846129417419,0.13594387975761335,0.13660119962878525,0.0006573198711719019,-0.2705653654411435,0.00026131617481062186,0.0005850488455481084
15000,0,2,CGATATCA,0.46021414419637874,0.4596993373706937,0.4434317946434021,-0.2837300880935246,-0.2837494413834065,-1.9353289881895996e-05,-0.016267542727291584,0.0013279667432244402,0.0002983530918543309
15000,0,2,CGATATCG,0.8798881120475167,0.8800499783828855,0.5112068057060242,0.13594387975761335,0.13660119962878525,0.0006573198711719019,-0.3688431726768613,0.00026131617481062186,0.0005850488455481084
15000,0,2,CGATATCT,0.7557865608682014,0.7539958208799362,0.4682508707046509,0.011842328578298034,0.010547042125836015,-0.001295286452462019,-0.28574495017528534,0.003796982988863329,0.00021550301233297375
15000,1,3,TCAATATA,0.13044704573726737,0.1291565530829959,-0.0163114070892334,0.0024219611708822253,0.00860399090581461,0.006182029734932384,-0.1454679601722293,0.010208787710815237,0.006337309748000841
15000,1,3,TGAGTATA,0.20370597920430425,0.19780060980055092,0.40557801723480225,0.0756808946379191,0.07724804762336963,0.001567152985450529,0.20777740743425133,0.020067041887728454,0.0023509336764684363
15000,1,3,TCTATATA,0.04750026758670156,0.026096532742182415,0.13073515892028809,-0.08052481697968358,-0.09445602943499887,-0.013931212455315284,0.10463862617810567,0.0649118120093215,0.000700607475764059
15000,1,3,TCAATATA,0.13044704573726737,0.1291565530829959,-0.025652170181274414,0.0024219611708822253,0.00860399090581461,0.006182029734932384,-0.1548087232642703,0.010208787710815237,0.006337309748000841
15000,2,5,ATATCCCC,0.8608680466450049,0.8507080940095083,0.6362019777297974,-0.032452066656808,-0.038522642649477246,-0.006070575992669247,-0.21450611627971095,0.05794010799765559,0.007140344820172118
15000,2,5,ATATCGCT,0.9005370140985104,0.897954479187416,0.6622329354286194,0.007216900796697456,0.008723742528430445,0.0015068417317329885,-0.23572154375879661,0.022023075334817843,0.009110400779346328
15000,2,5,ATATCGCC,1.0435187125291412,1.0421293800417328,1.0112451314926147,0.15019859922732826,0.15289864338274728,0.0027000441554190235,-0.030884248549118087,0.019726448858109036,0.012779786421067918
15000,2,5,ATATCGTC,0.768356679934595,0.7661309933972849,0.8850427269935608,-0.12496343336721794,-0.1230997432617007,0.001863690105517235,0.11891173359627594,0.03729336859580723,0.026164935909256393
15000,3,4,CGATATTA,0.9002559082842652,0.8992033926770093,0.8960771560668945,0.14873709617617914,0.1656641432782635,0.01692704710208437,-0.0031262366101147965,0.005935309271436706,0.001725246842413597
15000,3,4,CGATATCA,0.9608844587297047,0.9589965812241041,0.9318619966506958,0.20936564662161872,0.22545733182535832,0.016091685203739603,-0.027134584573408338,0.010617260400753947,0.0030657503783517726
15000,3,4,CTATATCA,0.9198075310670176,0.9151130776541929,0.9641023874282837,0.1682887189589316,0.1815738282554471,0.013285109296515496,0.04898930977409077,0.02086554826499798,0.002087734613699155
15000,3,4,CGATAATA,0.22512735035135645,0.16084394603967667,0.053634047508239746,-0.5263914617567296,-0.5726953033590692,-0.04630384160233958,-0.10720989853143692,0.25949545789948036,0.002361840652761238
15000,4,2,CACCGATA,-0.02804798135992459,-0.04992173612117767,0.11883795261383057,-0.12646836576757506,-0.1270412653684616,-0.0005728996008865506,0.16875968873500824,0.043951019647994194,0.00020351012548802672
15000,4,2,CACTGATA,0.6724116956873994,0.6558481752872467,0.6157121658325195,0.573991311279749,0.5787286460399628,0.004737334760213763,-0.04013600945472717,0.034027746749558885,0.0009007059492533998
15000,4,2,GACGGATA,0.34366992813777997,0.32994219660758994,0.3405381441116333,0.2452495437301295,0.252822667360306,0.007573123630176509,0.010595947504043357,0.034532164144530864,0.007076701084150816
15000,4,2,AACCGATA,-0.594352104834653,-0.6273905187845232,-0.6402734518051147,-0.6927724892423034,-0.7045100480318072,-0.011737558789503777,-0.012882933020591514,0.06863435532042406,0.002557527420683492
15000,5,3,CTATCGCT,1.09200894595889,1.0879159611132407,0.9713337421417236,0.17649606545117325,0.18417382527453174,0.007677759823358499,-0.1165822189715171,0.015461014042473575,0.003182059505525636
15000,5,3,CTATCTCT,0.7390168150565435,0.7195683105641771,1.1076481342315674,-0.17649606545117325,-0.18417382527453185,-0.00767775982335861,0.38807982366739024,0.05962947111370398,0.0012839576366046046
15000,5,3,CTATCGCT,1.09200894595889,1.0879159611132407,1.2222901582717896,0.17649606545117325,0.18417382527453174,0.007677759823358499,0.1343741971585488,0.015461014042473575,0.003182059505525636
15000,5,3,CTATCTCT,0.7390168150565435,0.7195683105641771,0.7470518946647644,-0.17649606545117325,-0.18417382527453185,-0.00767775982335861,0.027483584100587266,0.05962947111370398,0.0012839576366046046
15000,6,5,TAGAGGTG,-0.47577613881469016,-0.5673002456625295,-0.39059221744537354,-0.6416468562692097,-0.6581730858298633,-0.016526229560653638,0.17670802821715592,0.4659758975535837,0.008355363314387354
15000,6,5,TATCGGTA,0.6041805458584537,0.5214624054854113,0.47851812839508057,0.4383098284039341,0.4305895653180775,-0.007720263085856605,-0.042944277090330774,0.4236751652746298,0.010084463409417488
15000,6,5,TATCGGTA,0.6041805458584537,0.5214624054854113,0.6210059523582458,0.4383098284039341,0.4305895653180775,-0.007720263085856605,0.09954354687283451,0.4236751652746298,0.010084463409417488
15000,6,5,TACAGGAC,-0.06910208308413886,-0.1121332046389579,0.07430064678192139,-0.23497280053865843,-0.20300604480629172,0.03196675573236671,0.1864338514208793,0.22696620793743083,0.011810600163335572
15000,7,3,CGATATTA,0.9458924828173482,0.9396048900153898,0.846967875957489,0.22219772516322933,0.22158475075330974,-0.0006129744099195866,-0.09263701405790081,0.020575782357726835,0.0017130039518518103
15000,7,3,TGATCTTC,0.27149747577852806,0.25578148828612424,0.28598690032958984,-0.4521972818755908,-0.46223865097595584,-0.010041369100365072,0.030205412043465607,0.050010866951745836,0.0028629044745343
15000,7,3,CGATATTG,0.8386945360102996,0.8383470893734031,0.5842909812927246,0.1149997783561808,0.120326950111323,0.0053271717551421904,-0.25405610808067847,0.0018948285869777592,0.0008524886762879547
15000,7,3,CGATATTG,0.8386945360102996,0.8383470893734031,0.8986932039260864,0.1149997783561808,0.120326950111323,0.0053271717551421904,0.06034611455268335,0.0018948285869777592,0.0008524886762879547
15000,8,5,ATATCCTC,0.6875541614178183,0.6769065064191814,1.0763996839523315,0.21858728997168209,0.22658589300544296,0.007998603033760876,0.39949317753315017,0.06969751748106967,0.016459242487885106
15000,8,5,ATATCGTA,1.0584098061373066,1.05647150925671,0.9874725937843323,0.5894429346911704,0.6061508958429717,0.016707961151801287,-0.0689989154723778,0.02625477054687453,0.016563286143892242
15000,8,5,ATATCCAC,0.2044251790775231,0.177324938749274,0.4959433078765869,-0.26454169236861313,-0.2729956746644644,-0.008453982295851259,0.3186183691273129,0.145243011786218,0.00974181014497244
15000,8,5,ATATCTTT,-0.07452166084810319,-0.10942050077021151,-0.459689736366272,-0.5434885322942394,-0.5597411141839499,-0.01625258188971046,-0.3502692355960605,0.18623517274849632,0.011740973137954747
15000,9,3,CAATCGAT,1.2670125108868744,1.2647866256948974,1.2829992771148682,0.0,0.0,0.0,0.01821265141997075,0.007597197706598502,0.0009195421306680274
15000,9,3,CAATCGAT,1.2670125108868744,1.2647866256948974,1.325485348701477,0.0,0.0,0.0,0.060698723006579636,0.007597197706598502,0.0009195421306680274
15000,9,3,CAATCGAT,1.2670125108868744,1.2647866256948974,1.320526361465454,0.0,0.0,0.0,0.055739735770556686,0.007597197706598502,0.0009195421306680274
15000,9,3,CAATCGAT,1.2670125108868744,1.2647866256948974,1.2526203393936157,0.0,0.0,0.0,-0.012166286301281692,0.007597197706598502,0.0009195421306680274
15000,10,5,CGATATAT,1.1310443013053575,1.1313141969886293,1.1088073253631592,0.18914952579617328,0.19098559522652048,0.001836069430347198,-0.02250687162547016,0.002794200077203657,0.004143678493562675
15000,10,5,CGATATCT,0.8617094516940312,0.860799808812638,0.8440873026847839,-0.08018532381515298,-0.0795287929494709,0.0006565308656820701,-0.01671250612785402,0.010065839799469511,0.005517625392503334
15000,10,5,CGATATAC,0.6437810477319907,0.6378862042585383,1.0473875999450684,-0.29811372777719347,-0.3024423975035706,-0.004328669726377132,0.4095013956865301,0.04330384384579222,0.01382962647852981
15000,10,5,CGATATAT,1.1310443013053575,1.1313141969886293,1.0671364068984985,0.18914952579617328,0.19098559522652048,0.001836069430347198,-0.0641777900901308,0.002794200077203657,0.004143678493562675
15000,11,4,ATACTATA,0.7453748923690993,0.7301845694116007,0.3565627336502075,0.15789516155075023,0.15896594741692116,0.0010707858661709313,-0.3736218357613932,0.06712652749893522,0.006365235668940983
15000,11,4,ATATTATA,0.8304386617486592,0.8268810027899844,0.637251079082489,0.24295893093031018,0.2556623807953049,0.01270344986499472,-0.18962992370749543,0.022469827095933148,0.008239191261234069
15000,11,4,GGATTATA,0.45692321619427745,0.42962305426287206,0.6275683641433716,-0.13055651462407158,-0.14159556773180748,-0.011039053107735897,0.19794530988049952,0.12343845907007145,0.014237811344449902
15000,11,4,CGATTATA,0.3171821529613603,0.29818586151426074,0.06351280212402344,-0.2702975778569887,-0.2730327604804188,-0.002735182623430088,-0.2346730593902373,0.08734577122844289,0.01136060544004458
15000,12,3,ATATCGCA,0.39530626892333576,0.38106293810738423,0.5884547233581543,-0.06102785820691059,-0.06464451427261064,-0.0036166560657000524,0.20739178525077007,0.045504849352954846,0.0027748569051002647
15000,12,3,CTATCGCG,0.4086129820082867,0.39161917898390025,0.15851080417633057,-0.04772114512195963,-0.05408827339609462,-0.006367128274134992,-0.23310837480756968,0.05245480819325188,0.0014733991200923668
15000,12,3,GTATCGCA,0.41394652296926804,0.4041933930582468,0.4680877923965454,-0.04238760416097831,-0.041514059321748065,0.0008735448392302447,0.0638943993382986,0.032767776420503214,0.0035083866874394687
15000,12,3,CTATCGCT,0.607470734620095,0.605954299370448,0.45427632331848145,0.1511366074898487,0.1602468469904531,0.009110239500604411,-0.15167797605196653,0.004892949385680634,0.00034364363673944354
15000,13,4,ATATATTA,-0.04424764868418252,-0.0636841423499086,-0.7919509410858154,-0.8081847649594278,-0.8221594847079057,-0.01397471974847786,-0.7282667987359068,0.08427664869323248,0.006530674030328143
15000,13,4,ATATCGTA,1.1489713199311722,1.148498266314467,1.0547053813934326,0.3850342036559269,0.39002292395646987,0.0049887203005429814,-0.09379288492103433,0.007224173524200683,0.005331959057380153
15000,13,4,ATATCGTA,1.1489713199311722,1.148498266314467,1.1620123386383057,0.3850342036559269,0.39002292395646987,0.0049887203005429814,0.013514072323838722,0.007224173524200683,0.005331959057380153
15000,13,4,ATATCCTA,0.8020534739228191,0.800588979152963,0.9164201021194458,0.03811635764757382,0.042113636794965936,0.003997279147392119,0.11583112296648279,0.007794043982560339,0.0019360649031359145
15000,14,6,CAATATAT,1.0186599608414557,1.0190499711678251,0.6219388842582703,0.13660741586364977,0.14932446050701786,0.012717044643368092,-0.3971110869095549,0.014640510911183569,0.016980572869400135
15000,14,6,CGATATAT,1.1706466866291558,1.171794640184897,1.2579307556152344,0.2885941416513499,0.3020691295240898,0.01347498787273993,0.08613611543033728,0.008123238430314483,0.015010959764762077
15000,14,6,CAATATAT,1.0186599608414557,1.0190499711678251,1.004491925239563,0.13660741586364977,0.14932446050701786,0.012717044643368092,-0.014558045928262153,0.014640510911183569,0.016980572869400135
15000,14,6,CGATCGTT,0.3202435715991567,0.2690074601226815,-0.315643310546875,-0.5618089733786493,-0.6007180505381258,-0.038909077159476446,-0.5846507706695565,0.3248520480563464,0.017435379197495493
15000,15,4,GGATATCG,0.25277238627034304,0.252261301580196,0.09308075904846191,-0.28056739271080355,-0.2663737488328477,0.014193643877955853,-0.15918054253173408,0.06523169247503002,0.06318735371444184
15000,15,4,CGATATCG,1.0733522081460178,1.0703839809478575,1.0554375648498535,0.5400124291648712,0.5517489305348138,0.011736501369942531,-0.014946416098003956,0.020189343596646703,0.008316434804005013
15000,15,4,TGATATGG,-0.26611768663779234,-0.31848906182373593,0.04407680034637451,-0.7994574656189389,-0.8371241122367796,-0.03766664661784069,0.36256586217011044,0.21298165606463826,0.003496155320863892
15000,15,4,CGATATCG,1.0733522081460178,1.0703839809478575,1.020723581314087,0.5400124291648712,0.5517489305348138,0.011736501369942531,-0.04966039963377056,0.020189343596646703,0.008316434804005013
15000,16,3,CACGGATA,1.0315154990211586,1.0300917155885445,1.225398302078247,-0.024993709559631316,-0.02459482351938891,0.0003988860402424077,0.19530658648970256,0.0045172731444509395,0.00024592284660851504
15000,16,3,TACGGATA,1.1314903372596843,1.1284710096661001,1.1983957290649414,0.0749811286788944,0.07378447055816673,-0.0011966581207276672,0.06992471939884126,0.011538772652837315,0.0024807898720853316
15000,16,3,CACGGATA,1.0315154990211586,1.0300917155885445,0.876778244972229,-0.024993709559631316,-0.02459482351938891,0.0003988860402424077,-0.1533134706163155,0.0045172731444509395,0.00024592284660851504
15000,16,3,CACGGATA,1.0315154990211586,1.0300917155885445,0.7356314659118652,-0.024993709559631316,-0.02459482351938891,0.0003988860402424077,-0.2944602496766793,0.0045172731444509395,0.00024592284660851504
15000,17,1,ATATCGTA,1.2130930125713348,1.2130930125713348,1.2130932807922363,0.0,0.0,0.0,2.682209014892578e-07,0.0,0.0
15000,17,1,ATATCGTA,1.2130930125713348,1.2130930125713348,1.2130932807922363,0.0,0.0,0.0,2.682209014892578e-07,0.0,0.0
15000,17,1,ATATCGTA,1.2130930125713348,1.2130930125713348,1.2130932807922363,0.0,0.0,0.0,2.682209014892578e-07,0.0,0.0
15000,17,1,ATATCGTA,1.2130930125713348,1.2130930125713348,1.2130932807922363,0.0,0.0,0.0,2.682209014892578e-07,0.0,0.0
15000,18,4,CCCGGATG,0.052371230816160796,0.030225727163876392,-0.3761864900588989,-0.32451143565745255,-0.3156432690060077,0.008868166651444853,-0.4064122172227753,0.10207212993405967,0.013490115324922058
15000,18,4,TCTGGCTG,-0.24357210627783044,-0.34034777587900544,-0.26400256156921387,-0.6204547727514438,-0.6862167720488895,-0.06576199929744575,0.07634521430979158,0.38955093047795675,0.002448252073256718
15000,18,4,TGTGGATG,0.8493657706780615,0.8467990166973327,0.7887536883354187,0.47248310420444817,0.5009300205274486,0.02844691632300045,-0.058045328361914006,0.021247914547787516,0.010980898624872282
15000,18,4,TGTGGATG,0.8493657706780615,0.8467990166973327,0.7358483672142029,0.47248310420444817,0.5009300205274486,0.02844691632300045,-0.11095064948312983,0.021247914547787516,0.010980898624872282
15000,19,6,CGGTATTG,0.529507358145482,0.5039640737189771,0.28108227252960205,-0.26474405619032026,-0.27848668401574217,-0.013742627825421905,-0.22288180118937506,0.16416229361348744,0.010902587054458124
15000,19,6,CGATATTA,0.7857972069322517,0.7730364768041499,0.8245029449462891,-0.008454207403550518,-0.009414280930569396,-0.0009600735270188787,0.05146646814213918,0.0822965078656992,0.00573212709708848
15000,19,6,CGATATCG,0.9308505461327375,0.9264012402078752,0.9815748929977417,0.13659913179693528,0.1439504824731559,0.007351350676220614,0.05517365278986652,0.03933741634459853,0.012641580795424545
15000,19,6,CGATATCG,0.9308505461327375,0.9264012402078752,0.9734193086624146,0.13659913179693528,0.1439504824731559,0.007351350676220614,0.047018068454539375,0.03933741634459853,0.012641580795424545
15000,20,3,ATATCCCG,-0.09184457410987346,-0.0922084500392278,-0.13538479804992676,-0.3473561048007035,-0.344408373037974,0.0029477317627294997,-0.04317634801069896,0.002458935332930068,0.0013673075448670247
15000,20,3,ATATCGTA,0.8825125703997226,0.8815364688634872,0.7776980400085449,0.6270010397088925,0.6293365458647411,0.0023355061558485435,-0.10383842885494232,0.012260422149237504,0.009332117540531648
15000,20,3,ATATCCGC,-0.0002678661121525335,-0.0019562343756357827,-0.3312675952911377,-0.25577939680298256,-0.254156157374382,0.0016232394286005425,-0.3293113609155019,0.019309280668953654,0.014244175878503906
15000,20,3,ATATCCTC,0.23164599258562366,0.2214279075463613,0.27868449687957764,-0.02386553810520639,-0.03077201545238492,-0.00690647734717853,0.05725658933321634,0.038499915315122646,0.007845660197335569
15000,21,4,CTATCTCA,0.912354541768178,0.9089924900181361,0.8194893598556519,-0.042483898919527974,-0.04341288300929602,-0.0009289840897680479,-0.08950313016248423,0.015946868463198705,0.0024986614630311266
15000,21,4,CTATCTAT,0.9963537666552387,0.9960043051323739,0.9544672966003418,0.04151532596753271,0.04359893210494181,0.0020836061374090997,-0.04153700853203213,0.005978619416179498,0.004580773324720511
15000,21,4,CTATCTAT,0.9963537666552387,0.9960043051323739,1.004817008972168,0.04151532596753271,0.04359893210494181,0.0020836061374090997,0.008812703839794045,0.005978619416179498,0.004580773324720511
15000,21,4,CTATCTCC,0.9142916876721684,0.9086203918268443,0.9246891736984253,-0.04054675301553756,-0.043784981200587825,-0.0032382281850502626,0.016068781871581006,0.026073342636399044,0.0033881592551026074
15000,22,4,CAGTATAT,1.3379877050590387,1.3404222338188752,1.3478223085403442,0.3333926822130513,0.36830794401369826,0.03491526180064697,0.007400074721469085,0.001650887354778252,0.011389002394123438
15000,22,4,GAGTATAT,0.7897352490198171,0.7745374400207465,0.5719922780990601,-0.21485977382617039,-0.19757684978443035,0.017282924041740033,-0.20254516192168648,0.07911103621522386,0.01831980021894175
15000,22,4,CAGTATAT,1.3379877050590387,1.3404222338188752,1.3719704151153564,0.3333926822130513,0.36830794401369826,0.03491526180064697,0.03154818129648129,0.001650887354778252,0.011389002394123438
15000,22,4,CAGTGTAT,0.5526694322460548,0.4330752515622107,0.7117388248443604,-0.45192559059993265,-0.5390390382429662,-0.08711344764303353,0.27866357328214963,0.4833682032805777,0.004991480545201377
15000,23,4,TACACGTA,0.4647790689944966,0.4489664668993405,-0.10743069648742676,-0.3721408786689028,-0.37970961219010246,-0.007568733521199689,-0.5563971633867673,0.06585185673126137,0.0026014483506369146
15000,23,4,TTATCGTA,1.0660487903592517,1.0644504578473668,1.028712272644043,0.22912884269585232,0.23577437875792384,0.006645536062071522,-0.035738185203323836,0.010489395199110074,0.004096065151570016
15000,23,4,TATACGTA,0.7508031409405974,0.736836933763698,0.981330156326294,-0.08611680672280198,-0.091839145325745,-0.005722338602943022,0.24449322256259598,0.060542595929781395,0.004677767222183604
15000,23,4,TTATCGTA,1.0660487903592517,1.0644504578473668,1.102429986000061,0.22912884269585232,0.23577437875792384,0.006645536062071522,0.03797952815269423,0.010489395199110074,0.004096065151570016
15000,24,7,CATTATCT,0.2770853302366106,0.2503521905803332,-0.678613543510437,-0.11348454165347993,-0.09592623523613464,0.017558306417345293,-0.9289657340907702,0.21847441247842792,0.03134243488448618
15000,24,7,GAGATGTG,-0.09557833258458537,-0.20287766583758074,-0.6155319213867188,-0.4861482044746759,-0.5491560916540486,-0.06300788717937267,-0.41265425554913804,0.7741507801251579,0.023055447354190406
15000,24,7,CAATATCG,0.6610392851507976,0.6407553125030303,0.6333292722702026,0.27046941326070706,0.29447688668656247,0.024007473425855408,-0.007426040232827669,0.15917954305719384,0.01719173452282341
15000,24,7,CACTATCA,0.7197332047575393,0.6968838660200886,0.8772555589675903,0.3291633328674488,0.3506054402036207,0.02144210733617191,0.18037169294750177,0.17979539361143093,0.01985002244927614
15000,25,4,CGGTATCG,1.1943336173474874,1.1938809531420704,1.3229950666427612,0.28791259407136793,0.2963833390119057,0.008470744940537789,0.1291141135006908,0.004541852002231228,0.002731195180563084
15000,25,4,CGGTATCC,0.5014259360500453,0.4771710750161826,0.7391155362129211,-0.40499508722607425,-0.4203265391139821,-0.015331451887907854,0.26194446119673853,0.1091264617469836,0.012107017611532989
15000,25,4,CAGTATCG,0.9605053908461845,0.9531773030224338,0.8027030229568481,0.05408436757006496,0.05567968889226904,0.0015953213222040796,-0.1504742800655856,0.03425419905347504,0.004941847758471951
15000,25,4,CGGTATCA,0.969419148860761,0.9657611253399716,0.8863881230354309,0.06299812558464146,0.06826351120980689,0.005265385625165431,-0.0793730023045407,0.021475750929900617,0.006843656846743151
15000,26,2,TGCGATAT,0.3033625314079411,0.3032088577747345,0.1694803237915039,0.03505779324066427,0.037725502625107765,0.002667709384443495,-0.1337285339832306,0.0013895525408331721,0.001082205274419934
15000,26,2,TCCGATAC,0.12974944786567288,0.12017285078763962,0.5088986754417419,-0.13855529030160396,-0.14531050436198711,-0.006755214060383152,0.3887258246541023,0.01915319458431286,4.2824632728866163e-10
15000,26,2,TACGATAT,0.3200534866977467,0.3192758560180664,0.46172964572906494,0.051748748530469846,0.053792500868439674,0.0020437523379698286,0.14245378971099854,0.0019860187178863953,0.000430757358525824
15000,26,2,TACGATAT,0.3200534866977467,0.3192758560180664,0.34948694705963135,0.051748748530469846,0.053792500868439674,0.0020437523379698286,0.03021109104156494,0.0019860187178863953,0.000430757358525824
15000,27,4,TGATCTTA,-0.11083324630457381,-0.13302734307944775,-0.15448224544525146,-0.40114424722991426,-0.40749706434629246,-0.0063528171163781955,-0.02145490236580372,0.09233120993296318,0.0035548228334674192
15000,27,4,CTATCTCA,0.4380713985815533,0.4186051065723104,0.18449771404266357,0.14776039765621285,0.1441353853054657,-0.0036250123507471366,-0.23410739252964685,0.07925261392320193,0.0013874458862304095
15000,27,4,ATATCGTA,0.869181517265477,0.8679924817600602,0.765857458114624,0.5788705163401365,0.5935227604932154,0.014652244153078864,-0.10213502364543614,0.007933245179635673,0.003177103157968375
15000,27,4,CGATCTAA,-0.03517566584109466,-0.05569136018554399,-0.4168587923049927,-0.3254866667664351,-0.3301610814523887,-0.004674414685953587,-0.3611674321194487,0.0839917276387796,0.0019289502609822762
15000,28,2,TGTGGATC,1.220124754427598,1.2194409128278494,1.1738157272338867,0.0,0.0,0.0,-0.04562518559396267,0.002185018426196561,0.0008173352266993561
15000,28,2,TGTGGATC,1.220124754427598,1.2194409128278494,1.1738157272338867,0.0,0.0,0.0,-0.04562518559396267,0.002185018426196561,0.0008173352266993561
15000,28,2,TGTGGATC,1.220124754427598,1.2194409128278494,1.0824079513549805,0.0,0.0,0.0,-0.13703296147286892,0.002185018426196561,0.0008173352266993561
15000,28,2,TGTGGATC,1.220124754427598,1.2194409128278494,1.3108487129211426,0.0,0.0,0.0,0.09140780009329319,0.002185018426196561,0.0008173352266993561
15000,29,5,CGATATAT,1.185112541222057,1.1854732232571885,1.1315879821777344,0.10084110755198195,0.1012152067517551,0.0003740991997731591,-0.05388524107945414,0.002519125636353259,0.004322535812011807
15000,29,5,CGATATAT,1.185112541222057,1.1854732232571885,1.1855591535568237,0.10084110755198195,0.1012152067517551,0.0003740991997731591,8.593029963521737e-05,0.002519125636353259,0.004322535812011807
15000,29,5,CGATATCA,0.7817481110141296,0.7806123962501677,0.5078349113464355,-0.3025233226559454,-0.30364562025526576,-0.0011222975993203654,-0.2727774849037321,0.009823087958413801,0.004144514138603839
15000,29,5,CGATATAT,1.185112541222057,1.1854732232571885,1.2799489498138428,0.10084110755198195,0.1012152067517551,0.0003740991997731591,0.09447572655665426,0.002519125636353259,0.004322535812011807
15000,30,3,ATATCCTG,0.7310586329673466,0.7290378146701388,0.7638195157051086,-0.18428405977496232,-0.1851320308115747,-0.0008479710366123827,0.0347817010349698,0.006168913432375911,0.00010645854075264083
15000,30,3,ATATCGTG,1.0996267525172714,1.099301876293288,1.0959174633026123,0.18428405977496243,0.18513203081157448,0.0008479710366120496,-0.0033844129906757114,0.0018475292453297154,0.0008729005733796313
15000,30,3,ATATCCTG,0.7310586329673466,0.7290378146701388,0.8144452571868896,-0.18428405977496232,-0.1851320308115747,-0.0008479710366123827,0.08540744251675081,0.006168913432375911,0.00010645854075264083
15000,30,3,ATATCGTG,1.0996267525172714,1.099301876293288,1.1196554899215698,0.18428405977496243,0.18513203081157448,0.0008479710366120496,0.020353613628281808,0.0018475292453297154,0.0008729005733796313
15000,31,5,CACCATAT,0.9700351585811292,0.9683603664037455,0.905995786190033,0.30665911632416776,0.313806598250133,0.00714748192596526,-0.062364580213712495,0.01342349294010603,0.0050495320531869226
15000,31,5,CGACATAT,0.9711686779011606,0.9666029878022766,0.6880047917366028,0.3077926356441991,0.31204921964866417,0.004256584004465047,-0.2785981960656738,0.025359889865024243,0.0025314393706041827
15000,31,5,CCACATAT,0.8850186669069696,0.8746144051011646,0.6891989707946777,0.22164262465000817,0.22006063694755218,-0.0015819877024559892,-0.18541543430648688,0.055127255462795954,0.003105946433770157
15000,31,5,CAGCCTAT,-0.17271833436141365,-0.19136268669273698,0.2222745418548584,-0.836094376618375,-0.8459164548463494,-0.009822078227974318,0.4136372285475954,0.09660916207033754,0.0033874004137208757
20000,0,2,ATATCGTA,1.0594519807053464,1.0605052188038826,1.0605051517486572,0.466887209687315,0.46752214059233665,0.0006349309050216467,-6.705522537231445e-08,0.0002612276654410106,0.002367703862513615
20000,0,2,ATATCGTA,1.0594519807053464,1.0605052188038826,1.103631854057312,0.466887209687315,0.46752214059233665,0.0006349309050216467,0.04312663525342941,0.0002612276654410106,0.002367703862513615
20000,0,2,ATATCCGA,-0.1475777729061878,-0.1483927071094513,-0.1801295280456543,-0.7401425439242192,-0.7413757853209972,-0.0012332413967780509,-0.031736820936203,0.003669739034954933,0.00203987062842792
20000,0,2,ATATCCTA,0.39893289556762057,0.3993145823478699,0.3993145823478699,-0.19363187545041083,-0.19366849586367607,-3.662041326524257e-05,0.0,1.381895587604376e-05,0.0007771925163746474
20000,1,2,CGATATAT,1.3291156227466743,1.3290619037579745,1.3694441318511963,0.27795357292393197,0.2797854875680059,0.0018319146440739509,0.040382228093221784,0.00010903765707903634,1.5996796793871226e-06
20000,1,2,CGATATAT,1.3291156227466743,1.3290619037579745,1.3160604238510132,0.27795357292393197,0.2797854875680059,0.0018319146440739509,-0.013001479906961322,0.00010903765707903634,1.5996796793871226e-06
20000,1,2,CGATATAT,1.3291156227466743,1.3290619037579745,1.3016812801361084,0.27795357292393197,0.2797854875680059,0.0018319146440739509,-0.027380623621866107,0.00010903765707903634,1.5996796793871226e-06
20000,1,2,CGGTATAT,0.2173013310509464,0.20991995348595083,0.20991992950439453,-0.8338607187717959,-0.8393564627040178,-0.005495743932221853,-2.3981556296348572e-08,0.015648862004201014,0.0008861068742098688
20000,2,3,CGATATCA,0.986055344933877,0.9828849925866553,1.0744009017944336,0.6784524487567553,0.7275705198343426,0.049118071077587366,0.0915159092077783,0.010237291233476498,0.0007262341918110593
20000,2,3,CGGAATCA,-1.4991469419771335,-1.6922915478547413,-1.7269777059555054,-1.8067498381542553,-1.947606020607054,-0.14085618245279874,-0.03468615810076403,0.5797378423471695,0.0003040247143459851
20000,2,3,CGGTATCA,0.7574478368178666,0.7477794536906813,0.8947151899337769,0.4498449406407449,0.49246498093836866,0.042620040297623785,0.14693573624309553,0.029346934329748553,0.0003417849481923696
20000,2,3,CGATATCA,0.986055344933877,0.9828849925866553,1.2523318529129028,0.6784524487567553,0.7275705198343426,0.049118071077587366,0.26944686032624754,0.010237291233476498,0.0007262341918110593
20000,3,4,TTATCACT,-0.41349219657564196,-0.433438490455349,-0.6187647581100464,-0.6584242682155379,-0.6508795278108057,0.0075447404047321864,-0.1853262676546974,0.08266557649895034,0.002880400980122211
20000,3,4,TTAATACC,0.6421406936458662,0.6121408264152708,0.9923126697540283,0.39720862200597035,0.394699789059814,-0.0025088329461563363,0.38017184333875753,0.12724232910256728,0.007242860180185495
20000,3,4,ATATTACC,0.11447766845824048,0.0708273922403655,-0.14844536781311035,-0.1304544031816554,-0.14661364511509128,-0.016159241933435875,-0.21927276005347585,0.18580318790375827,0.011202083032258336
20000,3,4,ATATCACA,0.6366021210311188,0.6202344212215398,0.7053325772285461,0.3916700493912229,0.40279338386608304,0.011123334474860136,0.08509815600700632,0.06749071618977087,0.002019916951454981
20000,4,5,GTATCATA,0.9089125296710645,0.9040376719832415,0.7965258359909058,0.43240316633858233,0.449238865866015,0.01683569952743269,-0.10751183599233571,0.03391262803435113,0.009538339595236422
20000,4,5,GGATCATG,0.09309555918864927,0.0842653889954093,0.3216385841369629,-0.3834138041438329,-0.37053341712181714,0.012880387022015771,0.23737319514155358,0.04727106526010161,0.0031202142939017463
20000,4,5,ATATCATC,0.5708480780753427,0.5626366693029798,0.6615135669708252,0.09433871474286049,0.10783786318575339,0.013499148442892905,0.09887689766784535,0.0447281142555882,0.003671070393774123
20000,4,5,CGGTAATA,0.33318128639487216,0.2682554941872752,0.12276208400726318,-0.14332807693761002,-0.18654331192995127,-0.043215234992341256,-0.145493410180012,0.3263626647494311,0.0017337037114462106
20000,5,4,TTATCCTC,0.2828963132900957,0.26405499592268256,0.6426692008972168,-0.4982355689278185,-0.5102737640360525,-0.012038195108234007,0.37861420497453424,0.09040855642538848,0.01504328695573598
20000,5,4,ATATCGCC,1.0430885772762455,1.041784399460691,0.9213793873786926,0.2619566950583313,0.26745563950195594,0.005498944443624643,-0.12040501208199839,0.012604737719438486,0.007388026457221031
20000,5,4,TTATCCCC,0.7554540610290701,0.7496912449908757,0.6052268147468567,-0.025677821188844097,-0.024637514967859375,0.0010403062209847214,-0.144464430244019,0.031213403506517245,0.008162139353739661
20000,5,4,ATATCGCC,1.0430885772762455,1.041784399460691,0.9392401576042175,0.2619566950583313,0.26745563950195594,0.005498944443624643,-0.10254424185647348,0.012604737719438486,0.007388026457221031
20000,6,5,ATACAGAA,-0.05767021268291419,-0.19826942220951088,-0.6310126781463623,-0.409932206094098,-0.4947122682305049,-0.08478006213640693,-0.4327432559368514,0.7167741645900687,0.013778116957085196
20000,6,5,ATATACTA,0.8806625651227519,0.8714007790510848,0.6295081377029419,0.5284005717115681,0.5749579330300908,0.04655736131852273,-0.24189264134814292,0.060900472756474144,0.01459154239813909
20000,6,5,ATCAACGA,0.04585036655894079,0.006382328768571454,-0.12855005264282227,-0.306411626852243,-0.29006051725242255,0.016351109599820446,-0.13493238141139371,0.2018799150038273,0.004539726051980608
20000,6,5,ATACACTA,0.5402052546459568,0.5062576984738307,0.3528304100036621,0.187943261234773,0.2098148524528367,0.021871591218063702,-0.15342728847016862,0.1856338819491583,0.01589610108852746
20000,7,4,GTGATCCG,0.5904363263885013,0.5812072003415478,0.803746223449707,0.11162232029367475,0.11594254395458853,0.00432022366091378,0.2225390231081592,0.045911661392451286,0.008995157204637394
20000,7,4,ATGATCCC,0.9488076988332605,0.9480896120270095,0.9290575981140137,0.469993692738434,0.4828249556400502,0.01283126290161618,-0.019032013912995804,0.004712650011933883,0.0018403027869293709
20000,7,4,GTAATCCG,0.26952363590162887,0.2610698821178332,0.09063255786895752,-0.20929037019319768,-0.20419477426912608,0.005095595924071605,-0.1704373242488757,0.03880272246505001,0.004987707329867419
20000,7,4,ATGATACG,0.10648836325591549,0.07069193106144667,0.2023409605026245,-0.37232564283891106,-0.39457272532551263,-0.022247082486601566,0.13164902944117785,0.14532109714332275,0.0021353683654474764
20000,8,4,CGATATCC,0.5068940444924288,0.5052977964902923,0.2687622308731079,0.1455478914623301,0.15785514219896885,0.012307250736638742,-0.23653556561718436,0.017978702446774797,0.011593710438228655
20000,8,4,CTATCTCA,0.14900294675518966,0.12166898945967386,0.2872055768966675,-0.21234320627490905,-0.22577366483164957,-0.013430458556740521,0.16553658743699362,0.11048425469434786,0.0011484255122846676
20000,8,4,CGATCTAT,0.4688500681021802,0.44304449483752273,0.32085883617401123,0.10750391507208151,0.0956018405461993,-0.011902074525882211,-0.1221856586635115,0.10501804660394454,0.0017957535453145823
20000,8,4,CGATATTG,0.32063755277059625,0.31975933637780485,0.1837989091873169,-0.04070860025950246,-0.02768331791351858,0.01302528234598388,-0.13596042719048795,0.01097881927092903,0.007465953699763439
20000,9,8,CAATCGCC,0.007443912195524316,-0.0373839978677486,-0.6473422050476074,-0.4590440326383127,-0.4817515572739325,-0.022707524635619758,-0.6099582071798588,0.37543416180145783,0.016810881295274527
20000,9,8,CTATCTAC,0.47887681118757564,0.4651081228928282,0.4619431495666504,0.012388866353738592,0.020740563486644326,0.008351697132905733,-0.0031649733261778223,0.12376669037058718,0.013617184012607808
20000,9,8,CGGTATCG,0.8488397408321898,0.8395662210475772,0.71185702085495,0.3823517959983528,0.3951986616413933,0.012846865643040495,-0.12770920019262721,0.09254566237901951,0.018357504102118227
20000,9,8,TGATATCG,0.5307913151200584,0.5101798915520788,0.5623210668563843,0.06430337028622135,0.06581233214589488,0.00150896185967353,0.05214117530430551,0.1879074725647749,0.02301608402093791
20000,10,4,CGATATCT,0.6963434717577919,0.6925947059256339,0.6122428178787231,0.12062579848822441,0.12381846872934466,0.0031926702411202434,-0.08035188804691074,0.016792946529720965,0.001797883201088979
20000,10,4,CCATATAT,0.34632867359612973,0.3302591907170913,0.3693903684616089,-0.22938899967343773,-0.23851704647919791,-0.009128046805760182,0.039131177744517576,0.06675406239589154,0.002476130879737859
20000,10,4,CAGTATAT,0.27522877620631636,0.2678106732976937,-0.011071205139160156,-0.3004888970632511,-0.3009655638985955,-0.0004766668353444192,-0.27888187843685386,0.030854926466914456,0.00118251483242382
20000,10,4,CGATATAT,0.9849697715180321,0.9844403788447382,0.9848667979240417,0.40925209824846465,0.415664141648449,0.006412043399984357,0.0004264190793035194,0.0039811029462255565,0.0018635322530498044
20000,11,1,CGATATCG,0.8472428619861603,0.8472428619861603,0.8472428917884827,0.14236006885766983,0.14236006885766983,0.0,2.9802322387695312e-08,0.0,0.0
20000,11,1,CGGTATCG,0.27780258655548096,0.27780258655548096,0.27780258655548096,-0.4270802065730095,-0.4270802065730095,0.0,0.0,0.0,0.0
20000,11,1,CGATATCG,0.8472428619861603,0.8472428619861603,0.8472428917884827,0.14236006885766983,0.14236006885766983,0.0,2.9802322387695312e-08,0.0,0.0
20000,11,1,CGATATCG,0.8472428619861603,0.8472428619861603,0.8472428917884827,0.14236006885766983,0.14236006885766983,0.0,2.9802322387695312e-08,0.0,0.0
20000,12,3,CGATATCA,0.5976208442366128,0.5957154519855975,0.7336006760597229,-0.06492753448316924,-0.06531002227630878,-0.00038248779313954095,0.1378852240741254,0.011501246060129144,0.005785069307083113
20000,12,3,CGATATCG,0.8573309821692897,0.8569555410908326,0.8981237411499023,0.1947826034495077,0.19593006682892633,0.0011474633794186229,0.04116820005906974,0.001527128854026838,0.00040080561865529774
20000,12,3,CGATATCA,0.5976208442366128,0.5957154519855975,0.42443108558654785,-0.06492753448316924,-0.06531002227630878,-0.00038248779313954095,-0.17128436639904965,0.011501246060129144,0.005785069307083113
20000,12,3,CGATATCA,0.5976208442366128,0.5957154519855975,0.8457404971122742,-0.06492753448316924,-0.06531002227630878,-0.00038248779313954095,0.25002504512667667,0.011501246060129144,0.005785069307083113
20000,13,4,TGGGTATC,0.7199383882595948,0.71232405025512,0.7003052234649658,0.3964943067750823,0.41076601513971894,0.014271708364636648,-0.012018826790154202,0.05729306222721009,0.02683571020931108
20000,13,4,TTCGGATC,0.3464251322142229,0.3389974998620653,0.7177197933197021,0.022981050729710406,0.03743946474666421,0.014458414016953802,0.37872229345763686,0.03275470203274011,0.00304417262410972
20000,13,4,TAGTGATC,0.060580154398251373,0.0133324718723693,0.2554905414581299,-0.2628639270862611,-0.2882255632430318,-0.025361636156770673,0.24215806958576058,0.1955247647918883,0.006534034688360002
20000,13,4,TTATCATC,0.16683265106598077,0.1415781184720497,0.44217628240585327,-0.1566114304185317,-0.15997991664335137,-0.0033684862248196668,0.30059816393380356,0.1083006298587792,0.007282499483054927
20000,14,2,CGATATAT,1.1716446676569592,1.171807755716145,1.1718077659606934,0.12757553297250235,0.127616225508973,4.069253647065452e-05,1.0244548320770264e-08,9.828833493763511e-05,0.0004244644533093478
20000,14,2,CGATATAT,1.1716446676569592,1.171807755716145,1.1718077659606934,0.12757553297250235,0.127616225508973,4.069253647065452e-05,1.0244548320770264e-08,9.828833493763511e-05,0.0004244644533093478
20000,14,2,CGATATAG,0.6613425357669498,0.661342853680253,0.6613427996635437,-0.38272659891750704,-0.382848676526919,-0.00012207760941196355,-5.4016709327697754e-08,5.200936096017017e-06,5.836762702493559e-06
20000,14,2,CGATATAT,1.1716446676569592,1.171807755716145,1.1161115169525146,0.12757553297250235,0.127616225508973,4.069253647065452e-05,-0.05569623876363039,9.828833493763511e-05,0.0004244644533093478
20000,15,5,CTATCGCC,0.7259671121165137,0.7171939560573073,0.7447299361228943,-0.06339180893059271,-0.06373371683269724,-0.00034190790210453237,0.027535980065586996,0.059531864077648766,0.015666083781616713
20000,15,5,CTATCTCT,0.7615581915478575,0.7538848675529387,0.9479177594184875,-0.027800729499248833,-0.027042805337065823,0.0007579241621830102,0.19403289186554884,0.04230252434757631,0.00393590437298208
20000,15,5,CTATCGCA,1.0378960516623559,1.0335416681990797,1.035336971282959,0.2485371306152495,0.25261399530907513,0.0040768646938256214,0.0017953030838793183,0.03529607923047884,0.013524161914097554
20000,15,5,CTATCAAA,0.6320143288616984,0.6190901997506923,0.9326015710830688,-0.15734459218540797,-0.16183747313931218,-0.00449288095390421,0.3135113713323765,0.07156990958058618,0.006949264025555735
20000,16,2,CGATATAT,1.1058575473684809,1.1051675756461918,1.0088568925857544,0.0,0.0,0.0,-0.09631068306043744,0.002059011470165628,0.0006790680255877035
20000,16,2,CGATATAT,1.1058575473684809,1.1051675756461918,1.26613450050354,0.0,0.0,0.0,0.1609669248573482,0.002059011470165628,0.0006790680255877035
20000,16,2,CGATATAT,1.1058575473684809,1.1051675756461918,1.1051675081253052,0.0,0.0,0.0,-6.752088665962219e-08,0.002059011470165628,0.0006790680255877035
20000,16,2,CGATATAT,1.1058575473684809,1.1051675756461918,1.2014782428741455,0.0,0.0,0.0,0.09631066722795367,0.002059011470165628,0.0006790680255877035
20000,17,3,CGATATTT,1.0052169194231313,1.006044854642823,1.1339975595474243,-0.12086403763703779,-0.12179757278257397,-0.0009335351455361796,0.12795270490460142,0.0008852320863721452,0.0033690377454469456
20000,17,3,CGATACTT,1.1663689696058481,1.1684416183529216,0.9503398537635803,0.04028801254567904,0.04059919092752473,0.00031117838184568924,-0.21810176458934127,0.0017793675935053876,0.007997313834725794
20000,17,3,CGATACTT,1.1663689696058481,1.1684416183529216,1.328598141670227,0.04028801254567904,0.04059919092752473,0.00031117838184568924,0.16015652331730545,0.0017793675935053876,0.007997313834725794
20000,17,3,CGATACTT,1.1663689696058481,1.1684416183529216,1.3081547021865845,0.04028801254567904,0.04059919092752473,0.00031117838184568924,0.13971308383366288,0.0017793675935053876,0.007997313834725794
20000,18,4,ATATCCTC,0.45821935072435993,0.4409408710586533,0.514147162437439,-0.13912088937085665,-0.1440288132871499,-0.004907923916293244,0.07320629137878565,0.07669661801525773,0.007582699352431277
20000,18,4,ATATCCCA,0.37953825061617263,0.36025642665723967,0.2752312421798706,-0.21780198947904394,-0.22471325768856354,-0.006911268209519594,-0.08502518447736906,0.07784725048646557,0.0007199546507337118
20000,18,4,ATATCGTC,0.5521244414158196,0.5390665549784901,0.7331341505050659,-0.04521579867939696,-0.04590312936731311,-0.0006873306879161545,0.19406759552657582,0.06937974205696795,0.017148196307649854
20000,18,4,ATATCGTA,0.9994789176245138,0.9996148846888298,0.9567773938179016,0.4021386775292972,0.41464520034302654,0.012506522813729326,-0.04283749087092814,0.01261667789980181,0.013160546157065411
20000,19,2,TTATCCCC,0.7055052426443763,0.6941985972225666,0.6941986083984375,-0.04741339021362234,-0.04938516765832901,-0.0019717774447066683,1.1175870895385742e-08,0.023417416462654606,0.0008041256190352009
20000,19,2,ATATCCCC,0.895158803498866,0.8917392678558826,0.852135419845581,0.14224017064086736,0.14815550297498703,0.005915332334119672,-0.03960384801030159,0.007237656747709598,0.000398585461742762
20000,19,2,TTATCCCC,0.7055052426443763,0.6941985972225666,0.7206321954727173,-0.04741339021362234,-0.04938516765832901,-0.0019717774447066683,0.02643359825015068,0.023417416462654606,0.0008041256190352009
20000,19,2,TTATCCCC,0.7055052426443763,0.6941985972225666,0.5879589319229126,-0.04741339021362234,-0.04938516765832901,-0.0019717774447066683,-0.10623966529965401,0.023417416462654606,0.0008041256190352009
20000,20,3,CTGGTATA,-0.02290710659829494,-0.023639029926724103,-0.1430293321609497,-0.23772663139239714,-0.23318024455673173,0.004546386835665411,-0.1193903022342256,0.005497141209648504,0.003301371224361027
20000,20,3,CGGTGATA,1.0242314179292573,1.022499207821157,1.0572341680526733,0.8094118931351552,0.8129579931911494,0.0035461000559942057,0.03473496023151634,0.007827185258818758,0.0026305549345178036
20000,20,3,CTGATATA,0.46937272557274934,0.4682112617625129,0.5029973983764648,0.2545532007786472,0.25867004713250524,0.004116846353858061,0.03478613661395197,0.009824909168254514,0.0063405177375450705
20000,20,3,CGGAAATA,-0.611418937727303,-0.6289065811369152,-0.7426614761352539,-0.8262384625214052,-0.8384477957669229,-0.01220933324551765,-0.11375489499833868,0.057611007503139966,0.005148077274303553
20000,21,2,AGTTATCC,0.5258599213783087,0.5205186158418655,0.4520130157470703,0.20633583563290964,0.20838509500026703,0.0020492593673573922,-0.06850560009479523,0.01123872825630401,0.000556117183417637
20000,21,2,AGTTATCC,0.5258599213783087,0.5205186158418655,0.4520130157470703,0.20633583563290964,0.20838509500026703,0.0020492593673573922,-0.06850560009479523,0.01123872825630401,0.000556117183417637
20000,21,2,AATTATCC,0.11318825011248945,0.10374842584133148,0.10374832153320312,-0.20633583563290964,-0.20838509500026703,-0.0020492593673573922,-1.043081283569336e-07,0.01969030554683826,0.0008106570045223194
20000,21,2,AATTATCC,0.11318825011248945,0.10374842584133148,-0.06647205352783203,-0.20633583563290964,-0.20838509500026703,-0.0020492593673573922,-0.1702204793691635,0.01969030554683826,0.0008106570045223194
20000,22,3,CGATATAT,1.2664890986334314,1.2671096646226943,1.2676533460617065,0.0,0.0,0.0,0.000543681439012289,0.00011788004073318148,0.001979578008521443
20000,22,3,CGATATAT,1.2664890986334314,1.2671096646226943,1.2530546188354492,0.0,0.0,0.0,-0.014055045787245035,0.00011788004073318148,0.001979578008521443
20000,22,3,CGATATAT,1.2664890986334314,1.2671096646226943,1.2822520732879639,0.0,0.0,0.0,0.015142408665269613,0.00011788004073318148,0.001979578008521443
20000,22,3,CGATATAT,1.2664890986334314,1.2671096646226943,1.2725797891616821,0.0,0.0,0.0,0.005470124538987875,0.00011788004073318148,0.001979578008521443
20000,23,6,CGGGGTTT,-0.8659610599743578,-1.0833675332263935,-1.4643566608428955,-1.3480928300459203,-1.4951707522808435,-0.14707792223492322,-0.38098912761650205,1.3108706183875984,0.006431778875384708
20000,23,6,CGATATAT,1.1490889919773453,1.1490144283006272,1.2457289695739746,0.6669572219057827,0.7372112092461771,0.07025398734039445,0.09671454127334744,0.010609686879624158,0.010162304819315793
20000,23,6,CGCTGATA,0.4963101563059176,0.43255155284293956,0.6054568290710449,0.014178386234355023,0.020748333788489448,0.0065699475541344254,0.17290527622810536,0.3968096555044456,0.014258034726577051
20000,23,6,CGATATAT,1.1490889919773453,1.1490144283006272,1.1241252422332764,0.6669572219057827,0.7372112092461771,0.07025398734039445,-0.0248891860673508,0.010609686879624158,0.010162304819315793
20000,24,4,CGATCTGT,0.13749709049669834,0.1316896297612402,-1.0228979587554932,-0.4617311364540946,-0.46278458793494814,-0.0010534514808535622,-1.1545875885167334,0.024551889609932154,0.0013220466680996523
20000,24,4,CTATCGCT,0.9241132367064953,0.9196943129403132,0.7760356664657593,0.32488500975570234,0.3252200952441249,0.0003350854884225374,-0.14365864647455395,0.01919409176678677,0.0015183967020586664
20000,24,4,CAATCTAT,0.6712208154453838,0.6679421400500971,0.4626619815826416,0.07199258849459089,0.07346792235390875,0.0014753338593178622,-0.2052801584674555,0.015169055791035113,0.0020543542098883094
20000,24,4,CTATCTCT,0.664081765154594,0.6585707880331031,0.6454614996910095,0.06485353820380113,0.06409657033691474,-0.0007569678668863933,-0.013109288342093572,0.023780681570727324,0.0017367730847634988
20000,25,5,TAATATAT,0.5428720895685734,0.528747464443246,0.711557924747467,-0.2044505711278084,-0.2122529106649259,-0.007802339537117509,0.182810460304221,0.08099465823140051,0.010371532604763978
20000,25,5,TGATATCC,0.8464946061845453,0.8414592352882023,0.7738134860992432,0.09917194548816355,0.10045886018003036,0.001286914691866814,-0.06764574918895916,0.03643439534579862,0.011257540864083815
20000,25,5,TGATATTA,0.7129508875302741,0.7100930584842953,0.6886131763458252,-0.03437177316610762,-0.03090731662387669,0.0034644565422309315,-0.021479882138470074,0.027858023256821518,0.013568878026926967
20000,25,5,TGATATCG,0.8869730595021347,0.8837017422169442,0.8840782046318054,0.13965039880575292,0.14270136710877224,0.003050968303019319,0.0003764624148612228,0.026894200743353913,0.010537614317401633
20000,26,6,TTAATCCC,0.9394705822824281,0.9313604549608291,1.0007961988449097,0.4915740529563088,0.5297288013536469,0.03815474839733807,0.06943574388408058,0.06468787896987127,0.016027115040277096
20000,26,6,TTACTCTT,-0.16771571589189507,-0.21615200450436914,0.30274486541748047,-0.6156122452180144,-0.6177836581115513,-0.0021714128935369503,0.5188968699218496,0.30324758391302176,0.012629852238177364
20000,26,6,TCAGTATA,0.3879207994861951,0.28769543671838144,0.13343632221221924,-0.05997572983992416,-0.11393621688880079,-0.053960487048876626,-0.1542591145061622,0.6110489028774779,0.00969672627059559
20000,26,6,TTTATCCG,0.6319104514277489,0.6036227272538875,0.6038821935653687,0.18401392210162965,0.20199107364670532,0.017977151545075676,0.00025946631148110466,0.18379368072037572,0.014067335677207637
20000,27,4,CAATATCT,0.3382321756233946,0.3364803679481463,0.6422374844551086,-0.3994762013649453,-0.40028502503507,-0.000808823670124692,0.30575711650696236,0.009221102281186333,0.0022138715801931497
20000,27,4,CGATATCG,0.9118139946486044,0.9109410815096155,0.8306575417518616,0.17410561766026444,0.1741756885263992,7.007086613475266e-05,-0.08028353975775393,0.004505113641757097,0.0010134610858019144
20000,27,4,CGATATCT,0.8503936688406804,0.8498200612375517,1.0257320404052734,0.11268529185234044,0.11305466825433541,0.0003693764019949697,0.17591197916772172,0.003243554364924295,0.0009491239524095363
20000,27,4,CGATATCT,0.8503936688406804,0.8498200612375517,0.49630361795425415,0.11268529185234044,0.11305466825433541,0.0003693764019949697,-0.35351644328329757,0.003243554364924295,0.0009491239524095363
20000,28,3,ATATCCCT,0.732609572299677,0.7186143563853369,0.45336973667144775,-0.28857008176987686,-0.2971950091790252,-0.00862492740914833,-0.26524461971388913,0.045293542785224794,0.0033078950422043008
20000,28,3,CTATCGCT,1.1173696813261795,1.1148743686240372,1.264514446258545,0.09619002725662562,0.09906500305967514,0.0028749758030495176,0.1496400776345077,0.010667997611952806,0.003182059505525636
20000,28,3,CTATCGCT,1.1173696813261795,1.1148743686240372,1.0194146633148193,0.09619002725662562,0.09906500305967514,0.0028749758030495176,-0.09545970530921788,0.010667997611952806,0.003182059505525636
20000,28,3,CTATCGCT,1.1173696813261795,1.1148743686240372,1.0865100622177124,0.09619002725662562,0.09906500305967514,0.0028749758030495176,-0.028364306406324813,0.010667997611952806,0.003182059505525636
20000,29,4,ATGTCGAA,0.8266757008720886,0.8169027076413238,0.8574578762054443,0.5121354719838609,0.5237167824525388,0.011581310468677941,0.04055516856412056,0.04207283462902378,0.002980861705964344
20000,29,4,CTGATGAA,0.053851373001446046,0.0393930459395051,0.18826031684875488,-0.26068885588678165,-0.25379287924927985,0.0068959766375017995,0.14886727090924978,0.06195262908528765,0.0041193208375238655
20000,29,4,GTGATGAA,0.10397190293122982,0.07151656256367733,0.057363271713256836,-0.21056832595699787,-0.2216693626251076,-0.011101036668109743,-0.014153290850420497,0.13286052449292107,0.003039163022711122
20000,29,4,ATGAAGAA,0.27366193874814626,0.24493138461063357,0.07208919525146484,-0.04087829014008143,-0.04825454057815137,-0.007376250438069942,-0.17284218935916873,0.12363814301866682,0.008715926468616075
20000,30,6,TTATCTCC,0.3785648449074925,0.3425196673669326,0.2838340997695923,-0.1481924562612686,-0.15959348617163616,-0.011401029910367566,-0.05868556759734034,0.22505928201076042,0.00878821676740138
20000,30,6,CTATCCCC,0.4178126346404614,0.4021915555571054,0.27028393745422363,-0.10894466652829965,-0.09992159798146338,0.009023068546836266,-0.13190761810288176,0.1029265739760783,0.009200099475942025
20000,30,6,ATGATACC,0.5383916144629434,0.5001022138581085,-0.023944973945617676,0.011634313294182297,-0.0020109396804602886,-0.013645252974642585,-0.5240471878037262,0.24656809369826416,0.01683169006925489
20000,30,6,CTATCGCG,0.772260110664147,0.7636391773721286,1.110597848892212,0.24550280949538594,0.26152602383355983,0.016023214338173886,0.3469586715200833,0.06550073317552085,0.013775133423409969
20000,31,2,CTATCGGC,1.3452510349044742,1.3459278385271318,1.3738048076629639,0.0,0.0,0.0,0.02787696913583204,7.505475405511497e-06,0.001361112720720925
20000,31,2,CTATCGGC,1.3452510349044742,1.3459278385271318,1.3459278345108032,0.0,0.0,0.0,-4.016328603029251e-09,7.505475405511497e-06,0.001361112720720925
20000,31,2,CTATCGGC,1.3452510349044742,1.3459278385271318,1.3084639310836792,0.0,0.0,0.0,-0.037463907443452626,7.505475405511497e-06,0.001361112720720925
20000,31,2,CTATCGGC,1.3452510349044742,1.3459278385271318,1.3084639310836792,0.0,0.0,0.0,-0.037463907443452626,7.505475405511497e-06,0.001361112720720925
22500,0,7,ATAACGGA,0.22171586032252005,0.18530710983314996,0.467945396900177,-0.5597244212733941,-0.5839906658460237,-0.024266244572629603,0.28263828706702704,0.26675416555249765,0.011892912126906907
22500,0,7,ATATCGTA,1.0076667203110803,1.0041132925872198,1.0693024396896362,0.22622643871516623,0.23481551690804614,0.008589078192879906,0.06518914710241641,0.03644035171356874,0.011566357646545455
22500,0,7,ATATCGCA,0.8887118254389755,0.8836574077091048,0.7026563286781311,0.10727154384306148,0.11435963202993116,0.007088088186869679,-0.18100107903097373,0.041467723811924984,0.0060867997028299925
22500,0,7,ATATCGTA,1.0076667203110803,1.0041132925872198,1.0009676218032837,0.22622643871516623,0.23481551690804614,0.008589078192879906,-0.0031456707839361275,0.03644035171356874,0.011566357646545455
22500,1,5,CTATACCT,0.5108816841705698,0.5038480302598323,0.21643471717834473,-0.20219927553008865,-0.20024468728147116,0.001954588248617495,-0.28741331308148754,0.05394273011901074,0.01877446056532328
22500,1,5,CTATATCT,0.7548204166540385,0.742928483185047,0.7663010358810425,0.041739456953380105,0.03883576564374358,-0.0029036913096365247,0.023372552695995474,0.07402510122309636,0.014565433878138911
22500,1,5,CAATATCT,0.6927102895889343,0.6838744408513101,1.30587899684906,-0.02037067011172411,-0.02021827668999332,0.00015239342173078985,0.62200455599775,0.05854821776724517,0.014368974079124186
22500,1,5,ATATCGCT,0.8939114483890911,0.8857199158690244,0.8535994291305542,0.18083048868843266,0.181627198327721,0.000796709639288351,-0.03212048673847023,0.047066927986660456,0.006109265386326612
22500,2,7,ATAATATA,0.39203196084146646,0.3557763067067781,0.016971111297607422,0.13652966797252336,0.1670189818469718,0.030489313874448448,-0.3388051954091707,0.2741793516665716,0.020389772723753197
22500,2,7,TTTGGACC,-0.2038948091818309,-0.3446763479315556,-0.8332486152648926,-0.459397102050774,-0.5334336727913619,-0.07403657074058789,-0.488572267333337,1.0022693783592942,0.016798607111221386
22500,2,7,ATCAACCC,0.1748768701611085,0.10567294431558898,-0.014257311820983887,-0.0806254227078346,-0.08308438054421734,-0.0024589578363827386,-0.11993025613657286,0.49112976062356317,0.006702279704926539
22500,2,7,ATATCCTA,0.6589951496550283,0.6382563963484138,0.8284454345703125,0.40349285678608515,0.44949907148860746,0.04600621470252231,0.1901890382218987,0.16394418014637147,0.01877290700006995
22500,3,4,ATATCGTA,1.2874456471616764,1.2872935890530548,1.2769440412521362,0.41047616423207445,0.4276698597047167,0.017193695472642267,-0.010349547800918568,0.00831211245595953,0.007703880021473708
22500,3,4,ATCCCCTA,0.1694711674505771,0.12112302678482001,0.03463780879974365,-0.7074983154790249,-0.7385007025635181,-0.03100238708449321,-0.08648521798507636,0.19800031512346106,0.004607752460432657
22500,3,4,ATATCCTA,0.7635154699444779,0.7427847125024225,1.1928205490112305,-0.11345401298512403,-0.11683901684591558,-0.0033850038607915467,0.45003583650880796,0.0884566087244778,0.005533578956256058
22500,3,4,ATATCGTA,1.2874456471616764,1.2872935890530548,1.2756577730178833,0.41047616423207445,0.4276698597047167,0.017193695472642267,-0.011635816035171498,0.00831211245595953,0.007703880021473708
22500,4,7,CGATATAA,0.6927642385795069,0.6860099710066342,1.0131702423095703,-0.02431633839543612,-0.014456647349843199,0.009859691045592922,0.3271602713029361,0.05679485896475445,0.009514985954645283
22500,4,7,TGTTATCG,0.07249181636227599,0.016638324863980664,0.22098124027252197,-0.644588760612667,-0.6838282934924967,-0.03923953287982973,0.2043429154085413,0.4049997124703726,0.014025271982305298
22500,4,7,CAATATAT,0.9927848474826023,0.9900864629847869,0.9481918215751648,0.27570427050765933,0.2896198446283095,0.013915574120650143,-0.04189464140962207,0.027219380076235478,0.008330688591527746
22500,4,7,CGATATAT,1.1102814054753867,1.1091317145705075,1.0266367197036743,0.3932008285004437,0.40866509621403013,0.015464267713586444,-0.0824949948668332,0.016152647178815593,0.00810481084466197
22500,5,5,CTATCTCC,0.822458987324105,0.8076899413710148,0.7073551416397095,0.03913011795307231,0.03650400068979587,-0.0026261172632764396,-0.10033479973130532,0.07811798571338935,0.004272755947937412
22500,5,5,ATATCGCC,1.0643961139408598,1.063412544058325,1.1275633573532104,0.281067244569827,0.29222660337710615,0.01115935880727914,0.06415081329488537,0.017772851198122552,0.012855001785449183
22500,5,5,GTATCTCC,0.47865710448136145,0.4618093336373562,0.6434677839279175,-0.3046717648896713,-0.3093766070438627,-0.004704842154191424,0.18165845029056127,0.08562204635827264,0.0013831921382463364
22500,5,5,TTATCCCC,0.7678032717378043,0.7518319436581798,0.8163479566574097,-0.015525597633228472,-0.019353997023039082,-0.0038283993898106106,0.06451601299922982,0.08629026161313913,0.006433621215016672
22500,6,4,CGATATCA,0.7738604689984482,0.7730565861177945,0.884070873260498,-0.048593180169850814,-0.04878580120081688,-0.00019262103096606698,0.11101428714270356,0.005037755110324671,0.0018222235877098925
22500,6,4,CGATATCT,0.8710468293381498,0.8706281885194282,1.0296489000320435,0.048593180169850814,0.04878580120081688,0.00019262103096606698,0.1590207115126152,0.00374882291619949,0.0020742596413132475
22500,6,4,CGATATCT,0.8710468293381498,0.8706281885194282,0.9341371655464172,0.048593180169850814,0.04878580120081688,0.00019262103096606698,0.06350897702698899,0.00374882291619949,0.0020742596413132475
22500,6,4,CGATATCA,0.7738604689984482,0.7730565861177945,0.7644181251525879,-0.048593180169850814,-0.04878580120081688,-0.00019262103096606698,-0.008638460965206596,0.005037755110324671,0.0018222235877098925
22500,7,1,CGATATAT,1.230918988585472,1.230918988585472,1.2309190034866333,0.0,0.0,0.0,1.4901161193847656e-08,0.0,0.0
22500,7,1,CGATATAT,1.230918988585472,1.230918988585472,1.2309190034866333,0.0,0.0,0.0,1.4901161193847656e-08,0.0,0.0
22500,7,1,CGATATAT,1.230918988585472,1.230918988585472,1.2309190034866333,0.0,0.0,0.0,1.4901161193847656e-08,0.0,0.0
22500,7,1,CGATATAT,1.230918988585472,1.230918988585472,1.2309190034866333,0.0,0.0,0.0,1.4901161193847656e-08,0.0,0.0
22500,8,5,CGATATTA,0.9805207576891298,0.9765058244268093,0.8536869883537292,0.19817518094745956,0.2049671055578316,0.006791924610372035,-0.12281883607308008,0.024158022112990896,0.004083355801388855
22500,8,5,CGATCTTA,0.6725874625752352,0.668955319675927,0.6458568572998047,-0.1097581141664351,-0.1025833991930507,0.0071747149733843996,-0.023098462376122342,0.021284657315169486,0.003123942818628933
22500,8,5,CGATAATA,0.6192569845725225,0.5858031533658498,0.7222543954849243,-0.16308859216914773,-0.18573556550312798,-0.022646973333980247,0.13645124211907456,0.17154535513216285,0.0042761990987987275
22500,8,5,CGATCGTA,0.8570171021297934,0.8548905780073248,0.6978864669799805,0.07467152538812316,0.08335185913834708,0.008680333750223923,-0.15700411102734435,0.0165723150046726,0.005939694392329997
22500,9,5,AGGATAAC,0.23030387673313618,0.21873324122590318,-0.5171445608139038,-0.47622060948008765,-0.48444192330352953,-0.008221313823441878,-0.735877802039807,0.07549992871468714,0.017646751178522102
22500,9,5,ATGATATC,0.8652646893732531,0.8646558056306093,1.045621633529663,0.15874020316002924,0.16148064110117655,0.002740437941147311,0.1809658278990538,0.018643422187287317,0.015599003474068063
22500,9,5,ATGATATC,0.8652646893732531,0.8646558056306093,0.7773159146308899,0.15874020316002924,0.16148064110117655,0.002740437941147311,-0.0873398909997194,0.018643422187287317,0.015599003474068063
22500,9,5,ATGATATC,0.8652646893732531,0.8646558056306093,0.941150426864624,0.15874020316002924,0.16148064110117655,0.002740437941147311,0.07649462123401474,0.018643422187287317,0.015599003474068063
22500,10,5,ATATCGCG,0.5777286490055425,0.5519675159920002,0.3503226041793823,0.02469346412460849,0.024010597236920117,-0.0006828668876883714,-0.2016449118126179,0.13278292803216285,0.0039772629644510005
22500,10,5,CTATCGCA,0.7866986450561023,0.7801427295369396,0.9863414764404297,0.23366346017516826,0.25218581078185953,0.018522350606691274,0.20619874690349005,0.04194566563459423,0.009166088038781162
22500,10,5,CCATATCG,0.21119299090943605,0.1551123758219184,0.4352850317955017,-0.341842193971498,-0.3728445429331617,-0.031002348961663706,0.2801726559735833,0.29121286529975965,0.010809789862171293
22500,10,5,CTATCGCG,0.6365204545526553,0.6246050536694618,0.585311233997345,0.08348526967172121,0.09664813491438173,0.013162865242660526,-0.03929381967211687,0.06489804506855457,0.005321040652587428
22500,11,5,TGTGATCC,1.1497242874155438,1.1497393387866515,1.090753197669983,0.5428879486463875,0.5602096398925644,0.017321691246176996,-0.058986141116668556,0.011249052831973527,0.01132430968751219
22500,11,5,CGTAATCC,0.42114883350352184,0.3889432005646324,0.18842971324920654,-0.1856875052656345,-0.20058649832945463,-0.014898993063820143,-0.20051348731542584,0.17150426537812447,0.010476100683677103
22500,11,5,GATAATCC,0.5913260980527251,0.5667527441183722,0.560217022895813,-0.015510240716431256,-0.02277695477571484,-0.0072667140592835855,-0.006535721222559188,0.15199529151100277,0.02912852183923853
22500,11,5,CCTGATCC,0.26514613610483445,0.2526835121066924,0.10284185409545898,-0.3416902026643219,-0.33684618678739464,0.004844015876927232,-0.1498416580112334,0.06982667701757261,0.007513557026862294
22500,12,3,ATATCGTC,0.6429514610227175,0.6402935095959239,0.5070789456367493,0.0552691312690653,0.06036797362483215,0.005098842355766853,-0.13321456395917464,0.017284340579865276,0.009310486299484388
22500,12,3,ATATCCTC,0.5167379533131542,0.5163974025183253,0.47972726821899414,-0.070944376440498,-0.06352813345276642,0.0074162429877315805,-0.03667013429933119,0.004863311531021708,0.0038416591465351146
22500,12,3,ATATCGTA,1.1495604256675225,1.1488894311090305,1.1379629373550415,0.5618780959138703,0.5689638951379388,0.00708579922406849,-0.01092649375398902,0.005758769793243523,0.0037457861177676577
22500,12,3,ATATACTA,0.041479479011214515,0.014121800661087036,0.032885193824768066,-0.5462028507424377,-0.5658037353100047,-0.019600884567567034,0.01876339316368103,0.08268672263550769,0.0006136875851252555
22500,13,6,CTATTGAT,0.4705841300098685,0.4199210984247547,0.5611262321472168,-0.4412815541606087,-0.47497918707659764,-0.03369763291598893,0.14120513372246207,0.3146094257030976,0.010631236192415017
22500,13,6,ATATCGCT,1.0026867334164618,0.9967980711578592,0.806081235408783,0.09082104924598455,0.10189778565650687,0.011076736410522314,-0.19071683574907627,0.040605730167600385,0.005273756615984837
22500,13,6,CTATCGCT,1.0870959366277892,1.0814409862113978,0.9781394004821777,0.17523025245731205,0.18654070071004547,0.011310448252733418,-0.1033015857292201,0.037625835000347774,0.0036961325020001823
22500,13,6,CTATCGCT,1.0870959366277892,1.0814409862113978,1.0215563774108887,0.17523025245731205,0.18654070071004547,0.011310448252733418,-0.059884608800509165,0.037625835000347774,0.0036961325020001823
22500,14,4,CGATATAT,1.1306670135672037,1.1321345468168151,1.146072268486023,0.6934663700402761,0.7174584211315961,0.023992051091319966,0.013937721669207814,0.002336018365039938,0.00820615136348568
22500,14,4,CGATCCAT,0.20465144129224355,0.18910803967931655,-0.2912956476211548,-0.232549202234684,-0.2255680860059025,0.006981116228781503,-0.48040368730047134,0.06372213600219467,0.001548529550486677
22500,14,4,AGATCTAT,-0.7171828943189407,-0.7946726305720706,-0.4676792621612549,-1.1543835378458682,-1.2093487562572895,-0.054965218411421324,0.3269933684108157,0.31236315185200425,0.0024042068394845018
22500,14,4,CGATATAT,1.1306670135672037,1.1321345468168151,1.092811107635498,0.6934663700402761,0.7174584211315961,0.023992051091319966,-0.03932343918131709,0.002336018365039938,0.00820615136348568
22500,15,6,AGGTATTG,0.7431615752358853,0.7124244233541596,0.7287715077400208,0.24155447082988213,0.24091231538914126,-0.0006421554407408658,0.016347084385861188,0.19734703957483513,0.012924128284479863
22500,15,6,CAGTCATA,0.13892939193638623,0.12388660804265061,-0.35239923000335693,-0.362677712469617,-0.3476254999223677,0.01505221254724931,-0.47628583804600755,0.10365635970106624,0.013399656338652477
22500,15,6,ATGATGTA,0.3480470754601286,0.29613017520039353,0.4824192523956299,-0.15356002894587462,-0.17538193276462477,-0.021821903818750155,0.18628907719523635,0.33482314595438734,0.023321744395977007
22500,15,6,ATGATATC,0.7762903749916129,0.7536072252628694,0.8937343955039978,0.2746832705856097,0.2820951172978511,0.007411846712241377,0.14012717024112842,0.15717788274409328,0.02107898437163236
22500,16,3,CTATCTAT,1.3128274361448418,1.3135814815500955,1.415286660194397,0.0962280380666154,0.09658708119726112,0.0003590431306457198,0.10170517864430151,0.0021659869030318246,0.004428123118793259
22500,16,3,CTATCTAT,1.3128274361448418,1.3135814815500955,1.2803301811218262,0.0962280380666154,0.09658708119726112,0.0003590431306457198,-0.03325130042826929,0.0021659869030318246,0.004428123118793259
22500,16,3,CTATCTAA,0.9279152838783804,0.927233156761051,0.9726229310035706,-0.28868411419984596,-0.28976124359178335,-0.0010771293919373814,0.045389774242519554,0.004413213656635939,0.002366832304647737
22500,16,3,CTATCTAT,1.3128274361448418,1.3135814815500955,1.2940897941589355,0.0962280380666154,0.09658708119726112,0.0003590431306457198,-0.019491687391159918,0.0021659869030318246,0.004428123118793259
22500,17,5,CAATCGAT,0.41559128182727356,0.381085301262792,0.21821928024291992,-0.3362555711336612,-0.35810974289566105,-0.02185417176199983,-0.16286602101987208,0.18067419204081325,0.008144289218405376
22500,17,5,CTATATAT,0.6693675484288082,0.6635335916777443,0.8964844942092896,-0.0824793045321266,-0.07566145248070877,0.006817852051417828,0.23295090253154527,0.037080560943310026,0.00791077718799027
22500,17,5,CGATATAT,1.1691759497829757,1.1710122566080339,1.3506704568862915,0.4173290968220409,0.4318172124495808,0.014488115627539933,0.17965820027825763,0.0029028491031728443,0.012084383228462947
22500,17,5,CGATCTAT,0.7532526318046819,0.741149027085242,0.7336894273757935,0.001405778843747152,0.001953982926788944,0.0005482040830417922,-0.007459599709448539,0.06260293806015005,0.002084914462950671
22500,18,4,CAATCGAT,0.4309408591685919,0.4091590453851195,0.006730794906616211,-0.2038770212664226,-0.21768626094732713,-0.013809239680904528,-0.4024282504785033,0.08816918624510972,0.0010419311112199736
22500,18,4,CGATCGCG,0.6574932673987037,0.6532602696970573,0.737579882144928,0.022675386963689204,0.02641496336461069,0.003739576400921485,0.08431961244787067,0.018469827792561233,0.001537836985975538
22500,18,4,CTATCGGA,0.7254186975863812,0.7224809551238047,0.9596540927886963,0.0906008171513667,0.09563564879135811,0.005034831639991411,0.23717313766489156,0.020321029531155332,0.00857005968084934
22500,18,4,CTATCGGA,0.7254186975863812,0.7224809551238047,0.9019261598587036,0.0906008171513667,0.09563564879135811,0.005034831639991411,0.1794452047348989,0.020321029531155332,0.00857005968084934
22500,19,5,CAGTATAT,0.5897692893531322,0.5759247019731746,0.8776804208755493,-0.222784267460299,-0.2255747243397248,-0.0027904568794258067,0.30175571890237474,0.07289758303584071,0.003674646136052395
22500,19,5,CGATATAT,1.1542540640505703,1.1540199257060884,1.0713391304016113,0.3417005072371391,0.35252049939318897,0.010819992156049896,-0.08268079530447703,0.002500139608130336,0.001329447885720647
22500,19,5,CGATATAG,0.8848253156828367,0.8772925466609497,0.7409989833831787,0.07227175886940551,0.0757931203480503,0.003521361478644791,-0.13629356327777098,0.038296990160926025,0.0006331450514904802
22500,19,5,CGATACAT,0.6213655581671855,0.5987605309113849,0.8174877166748047,-0.1911879986462457,-0.20273889540151446,-0.01155089675526877,0.21872718576341976,0.11672307148890493,0.0036979352099022478
22500,20,5,GATACGTC,0.6324623894751499,0.6283784298722939,0.6556813716888428,-0.09591064502857194,-0.09415695636843646,0.0017536886601354773,0.02730294181654891,0.026794180283613578,0.006374382269333623
22500,20,5,GATACGCG,0.8551885108466107,0.8537396513298152,1.0737082958221436,0.12681547634288892,0.1312042650890849,0.004388788746195971,0.21996864449232834,0.012066666200678533,0.004822368616700601
22500,20,5,GATACGCC,0.9379527503136916,0.9387265802423157,0.9376586675643921,0.2095797158099698,0.21619119400158537,0.006611478191615561,-0.0010679126779236103,0.005726989318656228,0.009596138961776468
22500,20,5,GATAGGTA,0.4878884873794348,0.4692968835184967,0.2802920341491699,-0.24048454712428702,-0.25323850272223364,-0.01275395559794662,-0.18900484936932677,0.10007154797367512,0.0071135286689845145
22500,21,5,CGATATAC,0.6289459935394603,0.6227583241214347,0.7715326547622681,-0.10030159526273885,-0.09828398042183861,0.0020176148409002392,0.14877433064083334,0.041796284304079556,0.010857937213951452
22500,21,5,CAATATAT,0.881488983623546,0.8797689725831146,0.6695470809936523,0.1522413948213468,0.15872666803984126,0.006485273218494458,-0.21022189158946225,0.010501926390821481,0.0019018711886644724
22500,21,5,CGATATAT,1.0467717545821908,1.0469922671591239,1.222121238708496,0.31752416577999165,0.3259499626158505,0.008425796835858868,0.17512897154937224,0.002302371369046652,0.003404934253711467
22500,21,5,CTATCTCA,0.3597836234635995,0.33464965430942006,0.18282175064086914,-0.3694639653385997,-0.3863926502338533,-0.016928684895253565,-0.15182790366855092,0.12808266847238592,0.0024128227014887926
22500,22,2,GGATATTC,-0.08579708163793476,-0.08575266972184181,-0.08575272560119629,-0.47226589855151374,-0.4718375876545906,0.0004283108969231342,-5.587935447692871e-08,0.0010834892057909329,0.0011723130379768243
22500,22,2,CGATATTC,1.0191576362695374,1.018344458192587,0.9930819272994995,0.6326888193559583,0.6322595402598381,-0.0004292790961202275,-0.025262530893087387,0.001661550869742956,3.519471584212397e-05
22500,22,2,TGATATTC,0.6983117946606481,0.6975005529820919,0.49820661544799805,0.3118429777470691,0.3114156350493431,-0.0004273426977259853,-0.19929393753409386,0.0021365549129703787,0.0005140715558580311
22500,22,2,GGATATTC,-0.08579708163793476,-0.08575266972184181,0.16447341442108154,-0.47226589855151374,-0.4718375876545906,0.0004283108969231342,0.25022608414292336,0.0010834892057909329,0.0011723130379768243
22500,23,4,CGATATCC,0.5734421592266078,0.5442386639770123,0.916412353515625,-0.07678184639487451,-0.09079518362523242,-0.014013337230357914,0.37217368953861274,0.12381542761197073,0.007001446613588591
22500,23,4,CGGTATCA,0.48754164071738215,0.47413006547988856,0.49282658100128174,-0.16268236490410015,-0.16090378212235612,0.0017785827817440314,0.018696515521393176,0.06511869906982204,0.011472398119847682
22500,23,4,CGGTATCG,0.6290483176065557,0.6116377680094354,0.682766318321228,-0.02117568801492664,-0.023396079592809316,-0.0022203915778826744,0.07112855031179266,0.0723122218142529,0.002670023425771717
22500,23,4,CGATATCG,0.9108639049353833,0.9101288929426425,0.9140996932983398,0.26063989931390097,0.27509504534039786,0.01445514602649689,0.0039708003556973015,0.003953509056764615,0.0010134610858019144
22500,24,3,TTCAACTA,0.4204121383069057,0.3817202001810072,0.5197539925575256,-0.23553799239839113,-0.25228114053607004,-0.01674314813767891,0.13803379237651842,0.11634625403906984,0.0002704396613744109
22500,24,3,TACCACTA,0.015074200032606436,-0.031867129935158424,0.133317232131958,-0.6408759306726904,-0.6658684706522356,-0.024992539979545203,0.16518436206711642,0.14644825861977573,0.00562426871648114
22500,24,3,TACACCTA,1.0941570922408377,1.0930761463112302,0.9853331446647644,0.43820696153554084,0.4590748055941529,0.020867844058612084,-0.10774300164646577,0.005537145160696144,0.0022943073718737494
22500,24,3,TACACCTA,1.0941570922408377,1.0930761463112302,1.0095021724700928,0.43820696153554084,0.4590748055941529,0.020867844058612084,-0.0835739738411374,0.005537145160696144,0.0022943073718737494
22500,25,1,CGAGATAT,1.3140916228294373,1.3140916228294373,1.314091682434082,0.0,0.0,0.0,5.960464477539063e-08,0.0,0.0
22500,25,1,CGAGATAT,1.3140916228294373,1.3140916228294373,1.314091682434082,0.0,0.0,0.0,5.960464477539063e-08,0.0,0.0
22500,25,1,CGAGATAT,1.3140916228294373,1.3140916228294373,1.314091682434082,0.0,0.0,0.0,5.960464477539063e-08,0.0,0.0
22500,25,1,CGAGATAT,1.3140916228294373,1.3140916228294373,1.314091682434082,0.0,0.0,0.0,5.960464477539063e-08,0.0,0.0
22500,26,5,CGATATAT,1.0530152329477152,1.0528457058096925,1.1167129278182983,0.09285669685048203,0.09373721046218042,0.0008805136116983858,0.06386722200860584,0.0032955737630357973,0.0024479380729225397
22500,26,5,CGATATAT,1.0530152329477152,1.0528457058096925,1.1180713176727295,0.09285669685048203,0.09373721046218042,0.0008805136116983858,0.06522561186303699,0.0032955737630357973,0.0024479380729225397
22500,26,5,CGATATCG,0.8429358065381445,0.8414838718312481,0.8479928374290466,-0.11722272955908863,-0.11762462351626402,-0.000401893957175381,0.006508965597798566,0.012476872575835074,0.005217199041353204
22500,26,5,CAATATAT,0.8916678719553577,0.8892586979394151,0.8685083389282227,-0.06849066414187543,-0.06984979740809694,-0.0013591332662215017,-0.020750359011192487,0.017207750209595307,0.005161880129882057
22500,27,3,CGATATGC,0.6739508217443685,0.6731174194978341,0.9209762811660767,-0.09260547531737917,-0.08572098801636863,0.0068844873010105445,0.24785886166824256,0.008937488652553949,0.0064372819129507874
22500,27,3,CGATATCC,1.0766917697671055,1.0772323935396138,0.954804003238678,0.3101354727053578,0.318393986025411,0.008258513320053229,-0.12242839030093577,0.0013551179199933205,0.0029769892375179907
22500,27,3,CGATATCC,1.0766917697671055,1.0772323935396138,1.0877703428268433,0.3101354727053578,0.318393986025411,0.008258513320053229,0.010537949287229509,0.0013551179199933205,0.0029769892375179907
22500,27,3,TGATATAC,0.23889082696841113,0.20777142347974933,0.3550530672073364,-0.5276654700933365,-0.5510669840344534,-0.02340151394111689,0.1472816437275871,0.09531566769574429,0.00195745722975893
22500,28,4,TGATCCTG,0.9191162638810721,0.9194646441998586,0.773639440536499,0.09027484911561023,0.0916181284495301,0.0013432793339198668,-0.1458252036633596,0.005042605777966003,0.0064361270531119175
22500,28,4,TGATCCTC,0.8664372512774414,0.8652810815401613,0.6490380764007568,0.03759583651197951,0.03743456578983273,-0.00016127072214677796,-0.21624300513940442,0.01963641938188654,0.015011740432766096
22500,28,4,TGATCCTC,0.8664372512774414,0.8652810815401613,0.7210839986801147,0.03759583651197951,0.03743456578983273,-0.00016127072214677796,-0.1441970828600465,0.01963641938188654,0.015011740432766096
22500,28,4,TGATCCCG,0.6633748926258924,0.661359255721133,0.8083412647247314,-0.16546652213956947,-0.16648726002919556,-0.0010207378896260888,0.14698200900359848,0.01780459768599041,0.009742050066952501
22500,29,4,CTATTGTA,1.0566280822150855,1.0495477935958966,1.3019665479660034,0.2515722154158877,0.26455705435364496,0.01298483893775726,0.25241875437010686,0.03501827248143363,0.006697118004677982
22500,29,4,CAATTGAT,0.4954472399728306,0.4547948362693812,1.046533226966858,-0.30960862682636725,-0.3301959029728704,-0.02058727614650313,0.5917383906974767,0.1634478482045627,0.000838233390765275
22500,29,4,CTATTGGA,0.6904241194947225,0.6711147881190607,0.9059745073318481,-0.11463174730447534,-0.11387595112319093,0.0007557961812844072,0.23485971921278748,0.079975879983337,0.0027385544806897144
22500,29,4,CTATTGAT,0.977724025514153,0.964505538984668,1.2265093326568604,0.17266815871495522,0.17951479974241635,0.006846641027461131,0.2620037936721924,0.054287353084573775,0.0014134069666331683
22500,30,3,CGATCCAT,0.4018971096485305,0.3961929165654712,0.4023224115371704,-0.16108215088039407,-0.16247052326798428,-0.0013883723875902088,0.006129494971699234,0.017668562317164405,0.0005559830679864319
22500,30,3,CGATACCT,0.864978971233274,0.862700776921378,0.9427364468574524,0.3019997107043495,0.3040373370879226,0.002037626383573077,0.08003566993607436,0.012407332909905922,0.00557274997421775
22500,30,3,CGATCCTT,0.1200619900006199,0.11305928892559451,0.34512341022491455,-0.44291727052830465,-0.44560415090786093,-0.002686880379556278,0.23206412129932003,0.022034798143807155,0.0010266949187309748
22500,30,3,CGATACCT,0.864978971233274,0.862700776921378,0.920246958732605,0.3019997107043495,0.3040373370879226,0.002037626383573077,0.05754618181122695,0.012407332909905922,0.00557274997421775
22500,31,6,CGATATAT,1.1275659690067574,1.1265268674223783,1.0517139434814453,0.19409317760354616,0.19911941491368967,0.005026237310143511,-0.07481292394093297,0.015563329142609161,0.009328719636334526
22500,31,6,CGATATAT,1.1275659690067574,1.1265268674223783,1.1865458488464355,0.19409317760354616,0.19911941491368967,0.005026237310143511,0.06001898142405726,0.015563329142609161,0.009328719636334526
22500,31,6,CTATCGCT,0.8599737929217968,0.8514626584179895,1.1314043998718262,-0.0734989984814145,-0.0759447940906991,-0.0024457956092845956,0.27994174145383666,0.057770811128991184,0.006704004106147465
22500,31,6,CTATCTCT,0.6187854346775334,0.6051134167720083,0.787273108959198,-0.3146873567256778,-0.32229403573668036,-0.007606679011002537,0.18215969218718975,0.0878417376347338,0.0058096302015826495
