step,context,hidden,y,order,delta_y,log_rho,delta_tau,share
0,0,5,CCCTTTGG,4 1 0 2 7,12.856218172289047,0.0,12.856218172289047,0.0
0,0,5,AATTTTGC,0 4 7 1 2,15.766280401255141,0.0,15.766280401255141,0.0
0,0,5,TTTTATGG,2 1 7 0 4,14.064169293604575,0.0,14.064169293604575,0.0
0,0,5,ATTTTTGG,7 4 0 2 1,14.537605842232413,0.0,14.537605842232413,0.0
0,1,4,AACGTCGT,3 5 2 0,5.697270317989543,0.0,5.697270317989543,0.0
0,1,4,AAGATTGT,5 3 0 2,2.4034385548675488,0.0,2.4034385548675488,0.0
0,1,4,AAGCTGGT,0 2 3 5,10.737223621628228,0.0,10.737223621628228,0.0
0,1,4,CATCTTGT,2 3 0 5,1.4091286489236472,0.0,1.4091286489236472,0.0
0,2,4,AGATCGGG,5 6 0 3,3.4588982087658584,0.0,3.4588982087658584,0.0
0,2,4,AGAGCTAG,5 6 3 0,14.220930435743863,0.0,14.220930435743863,0.0
0,2,4,GGAACGAG,5 3 6 0,10.627164820574171,0.0,10.627164820574171,0.0
0,2,4,AGACCCGG,3 0 6 5,14.917972624001681,0.0,14.917972624001681,0.0
0,3,4,CAGACGAG,7 2 1 5,2.421883673713058,0.0,2.421883673713058,0.0
0,3,4,CTAACGAC,5 2 1 7,5.871210213214643,0.0,5.871210213214643,0.0
0,3,4,CAAACCAA,5 2 1 7,9.046033922904131,0.0,9.046033922904131,0.0
0,3,4,CACACAAT,7 2 1 5,2.516948026482276,0.0,2.516948026482276,0.0
0,4,7,AACCTGCG,5 0 2 6 1 7 4,14.456109155697208,0.0,14.456109155697208,0.0
0,4,7,TCTCAGAT,0 4 5 6 1 7 2,-0.2116493895478193,0.0,-0.2116493895478193,0.0
0,4,7,TCACTTGA,0 6 5 2 7 4 1,0.5728156268161513,0.0,0.5728156268161513,0.0
0,4,7,TTCCTCGC,2 1 0 4 6 5 7,12.492687822214444,0.0,12.492687822214444,0.0
0,5,5,TACTTATT,1 2 7 5 3,10.820103481297393,0.0,10.820103481297393,0.0
0,5,5,TATCTTTC,5 3 1 7 2,4.1849687842651395,0.0,4.1849687842651395,0.0
0,5,5,TGTTTTTG,5 7 1 2 3,2.896445964695099,0.0,2.896445964695099,0.0
0,5,5,TCTTTTTT,1 5 7 2 3,9.781392882755814,0.0,9.781392882755814,0.0
0,6,4,TCTCTTTA,3 4 6 7,4.903170695941154,0.0,4.903170695941154,0.0
0,6,4,TCTATTCC,7 3 4 6,1.8761084099874017,0.0,1.8761084099874017,0.0
0,6,4,TCTTCTAA,3 4 6 7,8.62583287412048,0.0,8.62583287412048,0.0
0,6,4,TCTCATTG,3 7 6 4,0.7121390170245352,0.0,0.7121390170245352,0.0
0,7,2,ACTTACAA,3 7,5.863553272615787,0.0,5.863553272615787,0.0
0,7,2,ACTCACAT,7 3,6.878323087036792,0.0,6.878323087036792,0.0
0,7,2,ACTTACAC,7 3,1.8770431388465605,0.0,1.8770431388465605,0.0
0,7,2,ACTAACAT,7 3,3.0219674914915764,0.0,3.0219674914915764,0.0
0,8,3,AGACTAAT,5 7 4,5.302921859418949,0.0,5.302921859418949,0.0
0,8,3,AGACGCAG,4 7 5,4.719510315828251,0.0,4.719510315828251,0.0
0,8,3,AGACAAAC,7 5 4,6.201797224858596,0.0,6.201797224858596,0.0
0,8,3,AGACAGAA,5 7 4,6.544723225183707,0.0,6.544723225183707,0.0
0,9,4,TTCACGTG,2 5 6 1,4.1456985953758805,0.0,4.1456985953758805,0.0
0,9,4,TATACAGG,5 1 2 6,5.333959203038096,0.0,5.333959203038096,0.0
0,9,4,TCGACGTG,5 2 1 6,4.211767202196309,0.0,4.211767202196309,0.0
0,9,4,TCAACCCG,6 2 1 5,1.618346841661114,0.0,1.618346841661114,0.0
0,10,4,TTAGTCTC,7 3 4 1,6.051885446024123,0.0,6.051885446024123,0.0
0,10,4,TCATGCTG,1 3 4 7,11.644311893922996,0.0,11.644311893922996,0.0
0,10,4,TCAAACTT,4 7 1 3,9.491018758522587,0.0,9.491018758522587,0.0
0,10,4,TAAATCTC,1 3 4 7,8.609138523749111,0.0,8.609138523749111,0.0
0,11,7,TACCTGTC,5 6 0 1 2 7 4,9.181697842958489,0.0,9.181697842958489,0.0
0,11,7,TTCCTGTC,0 7 6 2 1 5 4,13.070220056202748,0.0,13.070220056202748,0.0
0,11,7,TGTCAGAC,0 1 7 2 6 4 5,7.268579213485733,0.0,7.268579213485733,0.0
0,11,7,GATCGGCA,6 5 0 4 2 7 1,0.1253139890607624,0.0,0.1253139890607624,0.0
0,12,1,GACAACGT,0,2.088218258624142,0.0,2.088218258624142,0.0
0,12,1,CACAACGT,0,0.2969434784643994,0.0,0.2969434784643994,0.0
0,12,1,GACAACGT,0,2.088218258624142,0.0,2.088218258624142,0.0
0,12,1,TACAACGT,0,3.2862719032262797,0.0,3.2862719032262797,0.0
0,13,6,ATCGTAAT,6 1 3 2 7 4,6.778716923569299,0.0,6.778716923569299,0.0
0,13,6,ACGGGATC,7 2 1 3 6 4,1.1106636865482908,0.0,1.1106636865482908,0.0
0,13,6,ATAAAACC,1 7 6 4 2 3,6.494704038416712,0.0,6.494704038416712,0.0
0,13,6,AGCGGAAG,3 7 6 2 1 4,11.131368631666215,0.0,11.131368631666215,0.0
0,14,5,CACCTTCA,2 4 7 1 0,3.2423098127583216,0.0,3.2423098127583216,0.0
0,14,5,TCGCTTCC,4 2 1 7 0,6.774556186005593,0.0,6.774556186005593,0.0
0,14,5,TGACTTCT,1 7 0 2 4,4.075979689262033,0.0,4.075979689262033,0.0
0,14,5,TTTCATCT,2 4 0 1 7,4.2492988712343,0.0,4.2492988712343,0.0
0,15,6,GACAGCCA,1 4 2 6 0 7,3.980199984025333,0.0,3.980199984025333,0.0
0,15,6,CTAAGCTA,6 0 7 2 1 4,6.4417984020519405,0.0,6.4417984020519405,0.0
0,15,6,CGGATCCA,4 0 1 2 7 6,1.8689519067011524,0.0,1.8689519067011524,0.0
0,15,6,AATAACGT,1 2 6 4 7 0,14.484758868040903,0.0,14.484758868040903,0.0
0,16,2,TACCTTCG,5 7,-1.6022745342402975,0.0,-1.6022745342402975,0.0
0,16,2,TACCTGCC,5 7,5.474484497829413,0.0,5.474484497829413,0.0
0,16,2,TACCTACA,5 7,2.08023040262803,0.0,2.08023040262803,0.0
0,16,2,TACCTCCG,5 7,1.7882372466615326,0.0,1.7882372466615326,0.0
0,17,3,GCGCGTCC,4 2 3,9.65469855602672,0.0,9.65469855602672,0.0
0,17,3,GCCCCTCC,4 3 2,7.5399360602433285,0.0,7.5399360602433285,0.0
0,17,3,GCGCCTCC,3 2 4,11.480881023543901,0.0,11.480881023543901,0.0
0,17,3,GCGAGTCC,4 3 2,6.2305959773314905,0.0,6.2305959773314905,0.0
0,18,3,CACAAGAG,4 1 5,-1.2661819079820207,0.0,-1.2661819079820207,0.0
0,18,3,CCCAGAAG,5 4 1,3.180924613175229,0.0,3.180924613175229,0.0
0,18,3,CTCAGGAG,1 5 4,3.912558853853846,0.0,3.912558853853846,0.0
0,18,3,CACAAAAG,1 5 4,0.1925504902768438,0.0,0.1925504902768438,0.0
0,19,2,AGAGTACG,0 2,6.168332466575215,0.0,6.168332466575215,0.0
0,19,2,AGGGTACG,2 0,-1.5644606015934388,0.0,-1.5644606015934388,0.0
0,19,2,TGCGTACG,0 2,4.7939145200795075,0.0,4.7939145200795075,0.0
0,19,2,AGTGTACG,0 2,2.1999875943967973,0.0,2.1999875943967973,0.0
0,20,3,GCCGTGGT,1 2 4,9.335320737579844,0.0,9.335320737579844,0.0
0,20,3,GAAGTGGT,1 4 2,6.237743851692931,0.0,6.237743851692931,0.0
0,20,3,GCGGAGGT,4 2 1,6.669590056592987,0.0,6.669590056592987,0.0
0,20,3,GGAGCGGT,1 4 2,5.517025388838192,0.0,5.517025388838192,0.0
0,21,5,GGGCGGCC,7 4 1 0 5,6.024104510784393,0.0,6.024104510784393,0.0
0,21,5,AAGCTCCC,4 7 1 5 0,8.956631887160999,0.0,8.956631887160999,0.0
0,21,5,AAGCGGCA,4 0 1 7 5,0.06561851170226607,0.0,0.06561851170226607,0.0
0,21,5,ACGCCGCA,7 1 5 4 0,1.8977017180949272,0.0,1.8977017180949272,0.0
0,22,2,CTTGCCGG,1 3,1.4623065185511082,0.0,1.4623065185511082,0.0
0,22,2,CGTCCCGG,3 1,6.16649986807904,0.0,6.16649986807904,0.0
0,22,2,CCTCCCGG,3 1,5.399431198332701,0.0,5.399431198332701,0.0
0,22,2,CATTCCGG,3 1,2.897915514539014,0.0,2.897915514539014,0.0
0,23,6,AATCGAAG,0 5 7 3 4 6,13.74186409673346,0.0,13.74186409673346,0.0
0,23,6,AATGCCCG,5 6 3 4 7 0,12.721272530063091,0.0,12.721272530063091,0.0
0,23,6,AATTCACA,4 3 0 5 6 7,12.844663523484282,0.0,12.844663523484282,0.0
0,23,6,AATTTCAC,5 7 6 3 4 0,16.919053722681177,0.0,16.919053722681177,0.0
0,24,2,TAATAGTG,2 5,1.117820656263616,0.0,1.117820656263616,0.0
0,24,2,TAATAATG,5 2,7.245908811383475,0.0,7.245908811383475,0.0
0,24,2,TAATATTG,2 5,0.8324875530001519,0.0,0.8324875530001519,0.0
0,24,2,TAATATTG,5 2,0.8324875530001519,0.0,0.8324875530001519,0.0
0,25,4,ATAGGCTA,1 7 0 2,1.4053837625251342,0.0,1.4053837625251342,0.0
0,25,4,TATGGCTG,7 1 0 2,-0.1655955589681204,0.0,-0.1655955589681204,0.0
0,25,4,CGGGGCTG,2 0 7 1,9.51010933968788,0.0,9.51010933968788,0.0
0,25,4,AATGGCTG,1 7 2 0,8.555300894809234,0.0,8.555300894809234,0.0
0,26,5,TTTTCATA,7 3 4 2 0,0.695080674544057,0.0,0.695080674544057,0.0
0,26,5,ATCATATG,3 4 7 0 2,5.055445781130166,0.0,5.055445781130166,0.0
0,26,5,TTGCAATG,4 7 3 2 0,11.01123448680513,0.0,11.01123448680513,0.0
0,26,5,CTCCGATC,0 4 3 7 2,7.576205664990687,0.0,7.576205664990687,0.0
0,27,2,TCTTTTAA,2 7,6.5808755537640575,0.0,6.5808755537640575,0.0
0,27,2,TCCTTTAG,7 2,8.578736155935712,0.0,8.578736155935712,0.0
0,27,2,TCTTTTAC,7 2,6.508751423731825,0.0,6.508751423731825,0.0
0,27,2,TCGTTTAA,7 2,9.5355072720542,0.0,9.5355072720542,0.0
0,28,2,TACGTGCA,0 5,1.5947406612606256,0.0,1.5947406612606256,0.0
0,28,2,TACGTCCA,0 5,2.978507582809317,0.0,2.978507582809317,0.0
0,28,2,AACGTGCA,0 5,3.647497043582382,0.0,3.647497043582382,0.0
0,28,2,GACGTTCA,0 5,2.9852966342026415,0.0,2.9852966342026415,0.0
0,29,4,TCCACTTT,5 7 4 1,8.148296250944789,0.0,8.148296250944789,0.0
0,29,4,TACAGCTC,7 4 1 5,6.121570745777232,0.0,6.121570745777232,0.0
0,29,4,TTCATATT,1 7 4 5,11.932788199333455,0.0,11.932788199333455,0.0
0,29,4,TCCATGTT,5 1 4 7,13.163930887304033,0.0,13.163930887304033,0.0
0,30,5,GATAAAGT,2 3 5 0 1,9.56706426594485,0.0,9.56706426594485,0.0
0,30,5,ACACAGGT,0 2 1 3 5,8.441592932511155,0.0,8.441592932511155,0.0
0,30,5,CGTGACGT,2 3 1 0 5,10.22305556963176,0.0,10.22305556963176,0.0
0,30,5,TGTTAGGT,1 2 0 5 3,9.311530580594564,0.0,9.311530580594564,0.0
0,31,4,CTATCCAG,4 3 6 7,1.6846807929787513,0.0,1.6846807929787513,0.0
0,31,4,CTACCCCT,3 6 7 4,1.952456972256579,0.0,1.952456972256579,0.0
0,31,4,CTAACCGG,4 7 3 6,11.584671772818623,0.0,11.584671772818623,0.0
0,31,4,CTATCCAG,7 6 4 3,1.6846807929787513,0.0,1.6846807929787513,0.0
250,0,5,GATACTCA,2 4 1 3 5,2.0962313006057576,0.31369286644830563,2.409924167054063,0.13016711095593092
250,0,5,GATAACCA,1 3 5 2 4,4.384608357858245,-0.04845107553843775,4.336157282319808,-0.010929489276283792
250,0,5,GTATTGCA,1 5 4 2 3,3.464539143713119,0.3621859131216665,3.8267250568347855,0.09464644251741534
250,0,5,GTATCGCA,2 4 1 3 5,-0.7841420962335479,-0.2327073082686315,-1.0168494045021794,-0.2288513001416944
250,1,5,CGATCTCA,0 6 7 4 1,1.3697952962653472,0.027252522990061756,1.397047819255409,0.019507222741013016
250,1,5,CGATATCA,0 7 4 1 6,0.4785811729557161,0.37162431316602973,0.8502054861217458,0.43709940624026355
250,1,5,CGATCTAT,1 0 7 4 6,0.2653462761940868,-0.41316525693087147,-0.14781898073678468,-0.6089288637851065
250,1,5,CGATATAC,7 4 1 6 0,0.827189286473891,0.3341126019170275,1.1613018883909185,0.2877052084880088
250,2,6,ATATCGGA,0 7 1 6 4 2,0.5147898457087203,-0.1259702795378148,0.3888195661709055,-0.1965950666629688
250,2,6,CGATCGCC,0 6 2 1 4 7,1.7912983363156298,0.2532411441768181,2.044539480492448,0.12386219321909225
250,2,6,ATATCGAA,6 0 1 2 7 4,0.9851315141357508,0.721260216829493,1.7063917309652439,0.422681500232952
250,2,6,CGATCGCG,0 1 4 6 2 7,-0.4984202683757335,0.24502586621214917,-0.25339440216358433,0.3295811960176177
250,3,2,GAATCTCC,2 0,2.540743148585348,-0.00100241658009681,2.539740732005251,-0.0003943811661697781
250,3,2,CAATCTCC,2 0,-0.312752389978336,-0.07068792058473594,-0.38344031056307193,-0.1843518238364991
250,3,2,CAATCTCC,2 0,-0.312752389978336,-0.07068792058473594,-0.38344031056307193,-0.1843518238364991
250,3,2,CATTCTCC,2 0,2.4074016725333025,-0.29900898105886764,2.108392691474435,-0.11048174845971671
250,4,5,CGGTATTA,1 3 5 2 7,0.6439813058705588,0.23030245024947238,0.8742837561200312,0.2634184252393384
250,4,5,CGATATTA,1 5 3 2 7,-0.3359992828264855,-0.29513840958646753,-0.631137692412953,-0.4676291927013585
250,4,5,CGATATTT,7 1 2 5 3,1.7470985156508747,-0.1561727421586001,1.5909257734922746,-0.08205490495261482
250,4,5,CGATATTA,7 5 1 3 2,-0.3359992828264855,0.08112820774146101,-0.2548710750850245,0.19449259417306594
250,5,5,GATACGCC,3 1 4 6 5,-0.46638802741330165,0.01226074051967263,-0.454127286893629,0.025615318248117826
250,5,5,GATACGCC,1 3 5 6 4,-0.46638802741330165,-0.20972685246804357,-0.6761148798813452,-0.310194108588247
250,5,5,GATACCCC,1 3 6 4 5,0.9629834128757304,0.4777067258235608,1.4406901386992912,0.33158186690640656
250,5,5,GATACGCC,1 6 5 4 3,-0.46638802741330165,-0.12646209179499746,-0.5928501192082991,-0.21331207955878767
250,6,3,CGGTATAG,0 7 6,2.1359554362990667,0.09594855844721284,2.2319039947462795,0.042989554511783636
250,6,3,CGGTATCG,6 7 0,-0.9612102766607376,0.014038752466345228,-0.9471715241943923,0.01439504377554819
250,6,3,CGGTATAA,0 6 7,1.4394924333395052,-0.29579620137783813,1.143696231961667,-0.170459366505342
250,6,3,CGGTATCA,7 0 6,-0.3112493337603013,0.16394212263774977,-0.14730721112255152,0.3450022521036684
250,7,4,ATATCGCC,2 6 5 4,-0.5736506387132391,0.05027558496795281,-0.5233750537452863,0.08057937470767726
250,7,4,ATATCGCC,5 2 6 4,-0.5736506387132391,0.11272541089556798,-0.4609252278176711,0.16423272775880607
250,7,4,ATATCGAC,2 6 5 4,2.1321431054882996,-0.17887236989859678,1.9532707355897028,-0.07739990138692215
250,7,4,ATATCGTC,2 6 5 4,0.9784763501349945,-0.2690128950068935,0.7094634551281009,-0.21564345829394008
250,8,3,GATACGCG,4 0 7,-0.018431530427206244,-0.13427702367601047,-0.1527085541032167,-0.879302567328689
250,8,3,GATACGCC,4 7 0,-0.687113681544204,0.04984531292601502,-0.637268368618189,0.06763648086261236
250,8,3,CATACGCC,7 4 0,1.7526135966853182,-0.14432880590758845,1.6082847907777298,-0.07608497006040206
250,8,3,TATACGCG,7 0 4,1.4646258125372005,0.3550342312194963,1.8196600437566968,0.19511019788428527
250,9,4,CTATCTCT,2 1 4 7,0.732258637190434,0.5177493245032747,1.2500079616937088,0.4141968214360378
250,9,4,CGATATCT,1 2 4 7,0.03330743554654947,-0.24450870977655637,-0.2112012742300069,-0.880109791647234
250,9,4,CTATCTCA,2 7 1 4,0.23406052551727186,0.5902056147492729,0.8242661402665448,0.7160376799639214
250,9,4,CGATATCA,1 4 7 2,0.28888299342770773,-0.0746110249328793,0.21427196849482844,-0.20526066775290086
250,10,6,TGCTATAC,7 4 0 5 3 6,5.51509302819967,0.4500739527875819,5.965166980987252,0.07545035272643673
250,10,6,CGCTCGCT,7 4 3 0 5 6,10.05459487630444,-0.7494983994927953,9.305096476811645,-0.06937170758899151
250,10,6,TGCTCCTA,6 4 3 5 0 7,9.206832264118344,0.10654833405849207,9.313380598176835,0.011440350035662638
250,10,6,CGCGATCA,6 3 4 5 0 7,-0.2736031202753688,0.21275087633746015,-0.06085224393790867,0.43744037844686284
250,11,5,AATAAGCC,6 2 5 7 1,7.644474446344366,0.7349684543005557,8.379442900644921,0.08771089713422225
250,11,5,AATAAGCG,2 5 1 7 6,7.953685580103668,0.3971795213651106,8.350865101468779,0.047561482138569484
250,11,5,AGAAACTA,5 6 1 2 7,10.668126362900413,0.3393618816534314,11.007488244553844,0.03083009258005221
250,11,5,AGCAAGCC,1 7 2 5 6,6.7151590301647985,-0.14882433195643152,6.566334698208367,-0.021681919099296766
250,12,5,TATGATCT,7 4 0 5 3,3.837175779939069,0.4089654305833239,4.246141210522393,0.09631460903133973
250,12,5,GATAAGCC,5 3 7 4 0,3.8341875055111565,-0.1598457792521133,3.674341726259043,-0.04002114350471356
250,12,5,GATAGGCC,5 7 0 3 4,0.9465439498402972,-0.5120827965633952,0.43446115327690205,-0.3510718542807182
250,12,5,GATACGCC,5 0 4 3 7,-1.0362967001609398,-0.26307416669930817,-1.299370866860248,-0.20246272516097805
250,13,3,CTATCTCG,1 7 0,2.662080867686989,0.18757865937108642,2.8496595270580753,0.06582493718635167
250,13,3,CGATCTCT,0 1 7,1.4832239205084796,-0.017372730828051575,1.465851189680428,-0.011577215511295634
250,13,3,CGATCTCG,7 0 1,1.798912022246169,-0.02126255661861265,1.7776494656275563,-0.011681602888814006
250,13,3,CTATCTCA,1 7 0,-0.7852036662491018,0.018115322583356797,-0.767088343665745,0.022550596755699193
250,14,3,CGATATCC,2 3 5,-0.24386165262270998,0.1530984347448916,-0.09076321787781838,0.3856771489550688
250,14,3,CGATATCC,5 2 3,-0.24386165262270998,-0.14781986309725337,-0.39168151571996335,-0.37739810832160553
250,14,3,CGATATCC,2 3 5,-0.24386165262270998,0.1530984347448916,-0.09076321787781838,0.3856771489550688
250,14,3,CGTTATCC,2 5 3,0.8955661781696294,-0.2533445429380561,0.6422216352315733,-0.2205084679632914
250,15,3,CGATATAT,0 7 1,-0.2176110973102302,0.014962310408688673,-0.20264878690154153,0.0643337110439198
250,15,3,CGATATAT,0 1 7,-0.2176110973102302,-0.04717389264192473,-0.26478498995215494,-0.17815924025923363
250,15,3,CGATATAT,7 1 0,-0.2176110973102302,0.033248579566813596,-0.1843625177434166,0.1325385569363945
250,15,3,GGATATAA,7 1 0,2.7109594600987004,-0.06487232596011427,2.646087134138586,-0.02337040965015441
250,16,5,GATACGGC,6 4 3 5 7,-1.348637751937932,-0.36282149734973235,-1.7114592492876644,-0.21199540538329745
250,16,5,GATACGCC,4 5 6 7 3,-0.7143602789647174,-0.29580355699490646,-1.010163835959624,-0.2928273082691605
250,16,5,GATGATAT,7 6 5 4 3,3.6351009000562087,1.210723082976136,4.845823983032345,0.2498487537342428
250,16,5,GATAATCT,4 3 5 7 6,4.887728405422837,-0.47052909418848543,4.417199311234351,-0.08781382645806342
250,17,3,CAATATCT,1 2 7,0.9080173855664238,-0.65499841994481,0.25301896562161375,-0.41906065033716794
250,17,3,CGATATCG,2 1 7,-0.26378144994546937,0.28428146561757983,0.02050001567211046,0.5187022466672917
250,17,3,CGATATCT,1 2 7,0.009839762406236963,-0.11258523576931556,-0.1027454733630786,-0.9196261992822157
250,17,3,CGATATCT,2 7 1,0.009839762406236963,0.16172881013675133,0.1715685725429883,0.9426482236204914
250,18,4,CGATATCA,5 1 7 3,0.21432841544868442,0.06274524691571592,0.27707366236440034,0.22645691539311646
250,18,4,CGATATCA,5 1 7 3,0.21432841544868442,0.06274524691571592,0.27707366236440034,0.22645691539311646
250,18,4,CGATATCT,7 3 1 5,0.07824367817924505,0.06648522905192777,0.14472890723117282,0.4593776759865404
250,18,4,CGATATCA,5 3 1 7,0.21432841544868442,0.08080814394225477,0.2951365593909392,0.2737991664232148
250,19,2,GTATCGCT,5 2,-0.046576686070490925,0.07774819738573668,0.03117151131524576,0.625363123007554
250,19,2,GTATCCCT,5 2,-0.3563226043933445,-0.2709887570916878,-0.6273113614850323,-0.4319844557735682
250,19,2,GTATCGCT,2 5,-0.046576686070490925,-0.08899826065295102,-0.13557494672344195,-0.6564506407994224
250,19,2,GTATCGCT,5 2,-0.046576686070490925,0.07774819738573668,0.03117151131524576,0.625363123007554
250,20,3,CAGGATAT,4 6 5,0.38808975310620597,-0.02848607092167632,0.35960368218452965,-0.06838147890159292
250,20,3,CAGGATAT,4 6 5,0.38808975310620597,-0.02848607092167632,0.35960368218452965,-0.06838147890159292
250,20,3,CAGGATAT,6 4 5,0.38808975310620597,-0.04461024492050902,0.34347950818569695,-0.10309740033267756
250,20,3,CAGGATCT,5 4 6,1.006145668319229,-0.0023206173720899947,1.003825050947139,-0.0023011353031987345
250,21,2,CGATATAT,4 0,-0.10275091327099828,-0.03190887668581688,-0.13465978995681516,-0.23695920434786008
250,21,2,CGATATAT,0 4,-0.10275091327099828,0.03174132718292988,-0.0710095860880684,0.2360086134025199
250,21,2,CGATATAT,4 0,-0.10275091327099828,-0.03190887668581688,-0.13465978995681516,-0.23695920434786008
250,21,2,CGATATAT,4 0,-0.10275091327099828,-0.03190887668581688,-0.13465978995681516,-0.23695920434786008
250,22,4,CAATATAT,2 1 7 4,-0.3669973973363678,-0.2951397242052778,-0.6621371215416456,-0.44573807237707447
250,22,4,CGATATAT,7 2 1 4,-0.25780275718899903,0.29109700643636005,0.03329424924736102,0.5303281686873574
250,22,4,CAGTATAT,7 1 4 2,0.625132268735213,0.8178669039373978,1.4429991726726108,0.5667826561692397
250,22,4,CGATATAT,1 4 2 7,-0.25780275718899903,-0.1831782510020612,-0.44098100819106023,-0.41538807250106574
250,23,3,TGATATGT,5 7 2,2.3966064062603,0.06572312054221685,2.4623295268025167,0.026691439885205896
250,23,3,TGATATGG,2 7 5,0.7807915978304845,0.03948371919086524,0.8202753170213497,0.04813471571257529
250,23,3,TGATATGG,7 5 2,0.7807915978304845,-0.1515816220433419,0.6292099757871426,-0.16257612167781346
250,23,3,TGATATGC,7 2 5,-1.660773575490234,-0.334097019597567,-1.994870595087801,-0.16747804114224374
250,24,2,AATAAGCC,2 1,6.23002633171761,0.15975630817399422,6.389782639891605,0.02500183764884752
250,24,2,ACTAAGCC,1 2,0.8856281521866403,0.06975869001278179,0.955386842199422,0.07301617201696897
250,24,2,AATAAGCC,2 1,6.23002633171761,0.15975630817399422,6.389782639891605,0.02500183764884752
250,24,2,AATAAGCC,1 2,6.23002633171761,-0.18620192470564445,6.043824407011966,-0.0290204645570766
250,25,3,CGATCGAT,2 5 7,0.3823540833977388,-0.02266132873424853,0.35969275466349027,-0.0559517688844483
250,25,3,CGATCTAT,2 5 7,-0.28283773360637987,-0.07958935057256822,-0.3624270841789481,-0.21960100126863322
250,25,3,CGATCTAT,2 5 7,-0.28283773360637987,-0.07958935057256822,-0.3624270841789481,-0.21960100126863322
250,25,3,CGATCCAT,2 5 7,-0.06681289745132313,-0.2786821917373601,-0.3454950891886832,-0.8066169403211546
250,26,6,CGATATCG,7 2 3 6 1 4,-0.40030746250773896,-0.46272345248583946,-0.8630309149935784,-0.5361609236087244
250,26,6,CGATCTTG,2 3 1 7 6 4,0.7682838257333948,0.9565430817335692,1.724826907466964,0.5545733763733565
250,26,6,CTATCTAT,3 2 1 7 6 4,0.46347288431783973,0.5367071466692064,1.000180030987046,0.5366105401440049
250,26,6,CGGTATCA,7 4 3 2 1 6,-0.3949753767440747,-0.04987068317782395,-0.44484605992189863,-0.11210773269876712
250,27,6,CGATATCT,6 2 1 3 5 7,-0.013201451244724716,0.24690805052490372,0.233706599280179,0.9492465628709832
250,27,6,CGGTATAC,3 1 2 5 6 7,2.248563422254146,-0.08661186782056962,2.1619515544335766,-0.03709009263188906
250,27,6,CGATATCG,5 2 6 7 3 1,-0.16539425913125783,0.07853206234710441,-0.08686219678415341,0.32194993091006247
250,27,6,CGGTATAT,5 7 3 6 1 2,0.675742481713161,0.3748316089211503,1.0505740906343113,0.3567874101053035
250,28,5,CGATATCC,3 7 5 4 2,0.44086757332979554,-0.14243457670521398,0.29843299662458156,-0.24418661357011134
250,28,5,CGATATCG,7 2 3 4 5,-0.3577123623868983,-0.13650178561236537,-0.49421414799926366,-0.2761996720752898
250,28,5,CGATATCC,3 5 2 7 4,0.44086757332979554,0.36727312003064494,0.8081406933604405,0.45446680639658954
250,28,5,CGATATCG,3 5 7 2 4,-0.3577123623868983,-0.18378290279086507,-0.5414952651777634,-0.3393989100357736
250,29,4,GTATCGCC,0 1 6 7,0.3918456267445247,0.0730720687321309,0.4649176954766556,0.15717205312483096
250,29,4,GTATCGCG,0 1 7 6,-0.606244324155317,-0.5034001102475134,-1.1096444344028304,-0.45365893311439415
250,29,4,ATATCGCG,6 0 1 7,-0.25711943449849795,-0.1546540390002198,-0.41177347349871773,-0.3755803832776552
250,29,4,ATATCGCC,1 6 0 7,-0.8518150035261747,0.37482258269731394,-0.47699242082886073,0.3055691321601348
250,30,2,CGATCCCA,4 7,1.1394410426227322,-0.06146706493493159,1.0779739776878006,-0.05118382043397116
250,30,2,CGATCCCC,4 7,1.461588085299844,-0.3045288066286771,1.1570592786711669,-0.17242845477580207
250,30,2,CGATCCCC,7 4,1.461588085299844,0.214431073246506,1.67601915854635,0.12794070530344476
250,30,2,CGATCCCT,4 7,-0.09051577130630184,-0.04263132514634682,-0.13314709645264866,-0.3201821615502361
250,31,3,CGATATTT,7 5 3,1.903992288799829,0.08878634743148162,1.9927786362313107,0.044554044195993577
250,31,3,CGATATTG,5 7 3,0.3994964000521819,0.20937034254082065,0.6088667425930026,0.3438689090640223
250,31,3,CGATACTA,7 5 3,-0.22055874789504903,0.4496464669891691,0.22908771909412007,0.6709086366432528
250,31,3,CGATATTA,3 5 7,-0.45180749944696186,0.08177080687457638,-0.3700366925723855,0.15324987149177818
500,0,1,GATACGCC,3,-0.011069730854343263,0.0,-0.011069730854343263,0.0
500,0,1,GATACGCC,3,-0.011069730854343263,0.0,-0.011069730854343263,0.0
500,0,1,GATACGCC,3,-0.011069730854343263,0.0,-0.011069730854343263,0.0
500,0,1,GATACGCC,3,-0.011069730854343263,0.0,-0.011069730854343263,0.0
500,1,7,CTATATCA,2 3 7 5 4 0 1,-0.9485028709065695,-0.3719381883405468,-1.3204410592471163,-0.28167723635662845
500,1,7,CTATCGCG,3 2 0 4 7 5 1,0.8400946174940902,-0.3384161738063671,0.5016784436877231,-0.2871557700654852
500,1,7,ATATCGCC,3 0 5 4 1 7 2,-0.26661219684162063,-0.6219822147480425,-0.8885944115896631,-0.6999618798359748
500,1,7,CGATATCA,3 0 7 4 1 5 2,-0.4231033177506953,0.39080872178199044,-0.032294595968704876,0.48016088078310826
500,2,4,CTATCCAT,4 5 7 2,2.7785887239661164,-0.48995702032844957,2.288631703637667,-0.14990061594937065
500,2,4,CTATCGAT,4 7 2 5,-0.3849749538013185,-0.01783690396158022,-0.40281185776289874,-0.04428098035802932
500,2,4,CTATCTAT,7 2 4 5,0.1560680839690276,0.11285847547075623,0.26892655943978383,0.41966280945198614
500,2,4,CTATATAT,7 5 2 4,0.6022181860581988,0.0037864224775683297,0.6060046085357671,0.006248174393784087
500,3,4,GGATATCT,5 3 6 7,1.0674023332390488,-0.18692423881437348,0.8804780944246753,-0.14902358203921737
500,3,4,GGATATCC,7 5 3 6,0.895484421112108,-0.44961507037918347,0.44586935073292455,-0.3342615718936166
500,3,4,GGATACTG,6 5 7 3,0.5429618826689562,-0.02765134398208824,0.5153105386868679,-0.04845899584973742
500,3,4,GGATATCG,3 7 5 6,-0.3733920763599068,-0.057432117057793164,-0.43082419341769995,-0.13330754849719084
500,4,5,GTATCGCC,3 0 7 4 5,0.16926009263007202,-0.5131086665823243,-0.3438485739522523,-0.7519521661199211
500,4,5,CTATATCC,7 4 5 3 0,1.6591643292994789,-0.5224233775911342,1.1367409517083447,-0.23946934424916477
500,4,5,CTATCGCA,5 0 3 7 4,0.06691087533243811,0.06323263954541858,0.1301435148778567,0.48586853985589806
500,4,5,CTATATCA,0 7 4 5 3,-0.9101804851077286,-0.0031861360703038244,-0.9133666211780325,-0.0034883430119161166
500,5,5,CTATCTAC,3 6 7 0 1,1.5386018217280402,-0.5944425702734515,0.9441592514545887,-0.27868269994871997
500,5,5,CGATCTAT,0 6 1 3 7,-0.37292096122899077,0.20426582714732433,-0.16865513408166644,0.35389899987479756
500,5,5,CGATCTAT,0 3 1 6 7,-0.37292096122899077,-0.3691264448482201,-0.7420474060772109,-0.4974432116131029
500,5,5,CGATCTAG,0 7 6 3 1,0.19855132424885547,-0.037155883045607574,0.1613954412032479,-0.15763575272940072
500,6,3,CGATATCT,2 6 4,0.06721386309939947,0.14809089989375468,0.21530476299315415,0.687819896945166
500,6,3,CGATATAT,2 6 4,-0.19485794379043697,-0.02405881387546871,-0.21891675766590568,-0.10989937057347371
500,6,3,CGATATAT,4 2 6,-0.19485794379043697,-0.0054363223667464045,-0.20029426615718338,-0.027141677448121175
500,6,3,CGATATAT,6 4 2,-0.19485794379043697,-0.0031179401035628107,-0.19797588389399978,-0.015749090456048765
500,7,5,CGATATCT,1 3 5 2 7,0.05510703854742416,-0.2079380410285685,-0.15283100248114434,-0.7905034428461759
500,7,5,CGCGATCT,1 7 5 3 2,2.531026743080816,1.129356725074671,3.660383468155487,0.3085350851624756
500,7,5,CGGTATCA,7 3 5 1 2,-0.5290017587648466,0.2661374986523555,-0.2628642601124911,0.3347055200328458
500,7,5,CTATATCG,2 3 5 7 1,-0.3841406412946924,0.3501068067658384,-0.034033834528854,0.4768240021679665
500,8,5,CGATACCG,1 7 2 4 0,0.6657279665551914,-0.4300672817634821,0.23566068479170932,-0.39247047513972444
500,8,5,ATATCCCC,2 7 1 4 0,0.22724623877295214,-0.6105484536554826,-0.38330221488253047,-0.7287566502549027
500,8,5,GTATCCCA,4 1 2 0 7,1.4056340709968298,0.0787128059812412,1.484346876978071,0.053028579237145566
500,8,5,TGATCCCC,2 7 1 0 4,-0.024722392306953722,-0.11637452745710064,-0.14109691976405436,-0.8247843230858966
500,9,6,ATATATCC,1 7 6 4 5 0,3.5424975979990414,0.14720707735210858,3.68970467535115,0.039896709982106864
500,9,6,CAATATAT,0 5 4 6 7 1,-0.6314945214334733,0.8584908010075702,0.22699627957409696,0.5761739985472504
500,9,6,CTATATCT,6 4 7 1 5 0,1.6301998464189422,0.4007265838208296,2.030926430239772,0.19731221074981023
500,9,6,CGATATCT,6 4 1 7 0 5,-0.018092480534457778,0.20993626522020037,0.1918437846857426,0.9206570185939454
500,10,4,GGATCGAT,1 2 6 0,3.408279949286422,0.10615414338964158,3.5144340926760638,0.030205188258007866
500,10,4,CGATCGCT,6 2 1 0,0.10727819572421171,-0.2047225578242653,-0.09744436210005358,-0.6561604595370203
500,10,4,CTATCGCT,1 6 0 2,-0.9179480059968899,-0.14233973412286804,-1.060287740119758,-0.1342463264800091
500,10,4,CGATCGAT,2 6 1 0,1.446348486242467,0.2104415162941713,1.6567900025366382,0.1270176159754547
500,11,2,CGATATAG,0 1,-0.35078330714731853,-0.009413881892245346,-0.3601971890395639,-0.02613535635118832
500,11,2,CGATATAG,0 1,-0.35078330714731853,-0.009413881892245346,-0.3601971890395639,-0.02613535635118832
500,11,2,CGATATAG,0 1,-0.35078330714731853,-0.009413881892245346,-0.3601971890395639,-0.02613535635118832
500,11,2,CAATATAG,0 1,2.299680411585389,0.11184988918445926,2.411530300769848,0.04638129122771242
500,12,5,CTATATAT,5 2 6 7 4,1.163172355623482,0.08281228602381407,1.2459846416472962,0.06646332808270357
500,12,5,CTATCGAT,5 7 6 2 4,0.1784131714991637,-0.20377088626705042,-0.02535771476788673,-0.5331747416625608
500,12,5,CTATATCC,2 6 5 7 4,1.6156426110330413,0.34695654247199403,1.9625991535050353,0.1767842108014564
500,12,5,CTATATCA,2 5 6 4 7,-0.6189962188551581,0.16514262486320153,-0.45385359399195657,0.21060380592817063
500,13,2,CGATATAT,3 2,-0.16011898239850786,-0.036703889316049176,-0.19682287171455704,-0.18648183006535493
500,13,2,CGATATAT,3 2,-0.16011898239850786,-0.036703889316049176,-0.19682287171455704,-0.18648183006535493
500,13,2,CGGTATAT,2 3,0.99338175123449,-0.0954111637856081,0.8979705874488819,-0.08763022101759993
500,13,2,CGATATAT,3 2,-0.16011898239850786,-0.036703889316049176,-0.19682287171455704,-0.18648183006535493
500,14,5,GGATATAT,5 7 0 2 3,2.5252465222983966,-0.22628153416326402,2.2989649881351326,-0.08223849785280828
500,14,5,CGGGATAG,5 3 7 2 0,3.6288566843005867,-1.2819763437794833,2.3468803405211034,-0.26105068864063624
500,14,5,CGATATAT,0 2 7 3 5,-0.1316181558778024,-0.037007208407755954,-0.16862536428555835,-0.2194640679624339
500,14,5,CGATATAT,5 7 0 2 3,-0.1316181558778024,0.158079423516158,0.0264612676383556,0.5456705017931318
500,15,2,CGATATAG,1 0,-0.35078330714731853,0.008870774215180344,-0.3419125329321382,0.024664739467364485
500,15,2,CGATATAG,0 1,-0.35078330714731853,-0.009413881892245346,-0.3601971890395639,-0.02613535635118832
500,15,2,CGATATAG,0 1,-0.35078330714731853,-0.009413881892245346,-0.3601971890395639,-0.02613535635118832
500,15,2,CAATATAG,0 1,2.299680411585389,0.11184988918445926,2.411530300769848,0.04638129122771242
500,16,4,CGATATAT,7 2 5 3,-0.1368119419384885,0.19853738059814097,0.061725438659652465,0.5920315541310067
500,16,4,CGAGATAT,7 2 5 3,0.7927547050080332,0.5909719197924637,1.383726624800497,0.42708719280274665
500,16,4,CGATATAT,3 7 5 2,-0.1368119419384885,-0.04576359579746603,-0.18257553773595453,-0.2506556812865616
500,16,4,CGATATAT,2 7 5 3,-0.1368119419384885,0.09691186358745218,-0.03990007835103632,0.4146426735153261
500,17,3,CGATATCA,4 5 3,-0.18840039143664794,0.05095159146265549,-0.13744879997399245,0.2128730702184785
500,17,3,CGATATCA,5 4 3,-0.18840039143664794,-0.002728884338573989,-0.19112927577522193,-0.014277688896719834
500,17,3,CGATATCA,4 5 3,-0.18840039143664794,0.05095159146265549,-0.13744879997399245,0.2128730702184785
500,17,3,CGATATCA,3 5 4,-0.18840039143664794,-0.09315469045861202,-0.28155508189525996,-0.3308577839602486
500,18,5,CGATCGTA,0 1 7 5 6,-0.07352554080031304,0.33782533199727904,0.264299791196966,0.8212583328187278
500,18,5,ATATCGCG,5 6 7 1 0,-0.5256771713235757,0.9032645770466896,0.3775874057231139,0.632121342998677
500,18,5,CGATCGCT,1 6 7 5 0,0.6182607310185873,-0.5113272122048036,0.10693351881378366,-0.45266702364552586
500,18,5,CTATCTCT,6 5 0 7 1,0.7307741098247806,-0.016816859560965902,0.7139572502638147,-0.022494733416567846
500,19,2,CGATATAT,5 1,-0.2914172229266032,0.0709805161735313,-0.22043670675307192,0.19586357340358185
500,19,2,CGATACAT,1 5,0.7554514146296913,0.060075296167086734,0.8155267107967781,0.07366441266944224
500,19,2,CTATATAT,5 1,1.1777911733503021,-0.05671239411215456,1.1210787792381476,-0.045939433151034034
500,19,2,CGATATAT,1 5,-0.2914172229266032,-0.06543541242868733,-0.35685263535529055,-0.18336816362176606
500,20,2,CGATCATA,5 0,0.11823904220749215,0.07621923969058342,0.19445828189807557,0.39195676803589874
500,20,2,CGATCGTA,5 0,-0.4919370058134127,-0.01576832929887728,-0.50770533511229,-0.03105803348587971
500,20,2,GGATCGTA,0 5,0.7791145710830283,-0.0618634571028287,0.7172511139801996,-0.07356132387463138
500,20,2,GGATCATA,5 0,-0.32335059123878507,-0.33289017740698146,-0.6562407686457665,-0.5072683583708785
500,21,3,CCTGATAT,3 5 1,1.0385831588243062,0.33283083882652065,1.3714139976508268,0.2426917323263767
500,21,3,CGTGATAT,3 5 1,-1.19370790827125,0.1704019219949635,-1.0233059862762865,0.12491803681358167
500,21,3,CATGATAT,3 5 1,1.2239476124511506,-0.2635927617807079,0.9603548506704427,-0.17720040836997308
500,21,3,CATTATAT,3 1 5,1.908963070440831,-0.014744397094251571,1.8942186733465793,-0.007664573404782856
500,22,5,CGATATAG,0 7 6 2 1,-0.26127525946753893,-0.19189418718857443,-0.45316944665611336,-0.4234490842322671
500,22,5,CGATATCC,1 0 6 7 2,0.5218395539582823,-0.09381823901703878,0.4280213149412435,-0.15238699174689002
500,22,5,CGATATAA,0 7 2 6 1,0.9851439515793636,0.22273250721830085,1.2078764587976645,0.18440007303396871
500,22,5,CGATATAT,7 1 6 2 0,-0.2764172607991311,0.14769784132549724,-0.12871941947363386,0.34824942706731415
500,23,6,ATATCGAG,7 2 3 1 6 0,3.119571530041153,0.8498840582370715,3.9694555882782243,0.2141059496286527
500,23,6,AAATCGAT,3 2 7 6 1 0,1.5788816097420604,1.484139901263088,3.0630215110051484,0.4845345995549534
500,23,6,ATATCGCC,7 3 6 1 0 2,-0.23034595845564665,0.025132349470348814,-0.20521360898529784,0.09837371193811459
500,23,6,ATATCGTA,3 6 7 2 0 1,-0.9885757566514779,0.032528927976335,-0.9560468286751429,0.03185660438742539
500,24,4,CGATATAG,0 2 4 5,-0.3930461952707356,0.009376785963277179,-0.3836694093074584,0.02330082127646803
500,24,4,CGATCTAG,2 0 5 4,0.602992313752444,0.21367502346721778,0.8166673372196618,0.2616426710472748
500,24,4,CGATATAG,0 5 4 2,-0.3930461952707356,-0.09323422679354731,-0.4862804220642829,-0.19172934496882213
500,24,4,CGATATAG,5 4 0 2,-0.3930461952707356,-0.14398853549410884,-0.5370347307648444,-0.2681177347488131
500,25,3,GATACGCT,4 3 6,-0.14134483894060912,0.11624007418410587,-0.02510476475650325,0.4512689535036001
500,25,3,GATTCGCT,4 6 3,2.5267828655443405,0.04525804937672406,2.5720409149210646,0.01759616229826306
500,25,3,GATACGCT,4 3 6,-0.14134483894060912,0.11624007418410587,-0.02510476475650325,0.4512689535036001
500,25,3,GATACGCT,6 4 3,-0.14134483894060912,-0.04861387119038296,-0.18995871013099208,-0.2559180948157614
500,26,3,CTATCGCC,0 5 2,0.8442878858778524,-0.1645753344212908,0.6797125514565616,-0.16312948188604964
500,26,3,CTATCTCC,0 5 2,-0.06399827972009353,-0.17247324576354872,-0.23647152548364225,-0.729361581318506
500,26,3,ATATCTCC,5 2 0,1.6277921061269134,0.26713904940290556,1.894931155529819,0.14097559619690458
500,26,3,CTATCGCC,5 0 2,0.8442878858778524,-0.0005347391282457536,0.8437531467496067,-0.0006329602361701591
500,27,4,CTATCTCC,1 7 0 5,-0.06366128113060032,-0.2596504489280207,-0.323311730058621,-0.8030962838278165
500,27,4,CTATCCCT,5 0 1 7,1.2457070465287252,-0.331993957873836,0.9137130886548892,-0.21042894499490694
500,27,4,CGATCGCG,1 5 7 0,-0.649011757691285,-0.37048003115367445,-1.0194917888449595,-0.3633967778920637
500,27,4,ATATCGCG,1 7 0 5,-0.4347289825658933,0.13998898871039156,-0.29473999385550176,0.2435785823775719
500,28,5,CGATATAC,5 0 6 2 4,-0.27889473886963123,0.19411802175213744,-0.0847767171174938,0.41038643756031445
500,28,5,CGATATCC,2 6 4 5 0,-0.28589456385915946,-0.04892975550069156,-0.334824319359851,-0.14613560805332218
500,28,5,TGGTATCC,6 0 4 5 2,1.7928442014101664,0.7090311847033304,2.501875386113497,0.28339988020137363
500,28,5,CGATATAC,5 0 2 6 4,-0.27889473886963123,0.21551678213049819,-0.06337795673913305,0.43590566355439314
500,29,2,CCATATCA,0 1,1.1035362154466006,0.21462844230486988,1.3181646577514705,0.16282369660174606
500,29,2,CGATATCA,1 0,0.35335539902202384,-0.0007760971239288983,0.35257930189809494,-0.0021915506877395493
500,29,2,TCATATCA,0 1,4.009811259537754,-0.04838089603062157,3.9614303635071324,-0.0119217854098497
500,29,2,GGATATCA,0 1,2.664602232537449,-0.0008884636031485371,2.6637137689343007,-0.0003333208419879148
500,30,3,ATATCATA,1 3 5,1.3835564171414316,0.2516309127915224,1.635187329932954,0.1538850675915155
500,30,3,ATATCCTA,1 5 3,0.7563040933446943,-0.15941074238150854,0.5968933509631857,-0.17408338945943658
500,30,3,ATATCGTA,5 3 1,-0.3017827677914289,0.0979315965256089,-0.20385117126581997,0.2450039459876238
500,30,3,ATAACGTA,5 3 1,4.653033084884573,0.2757495005681152,4.928782585452688,0.05594677707675531
500,31,4,CGATATAT,0 5 4 6,-0.3673432130053005,-0.05341541716503073,-0.4207586301703312,-0.1269502592101489
500,31,4,CGATCCAT,6 4 5 0,1.417968897241713,0.21362561353253184,1.6315945107742449,0.13093057872029706
500,31,4,CGATATCT,4 0 5 6,-0.1905854031267218,-0.0448032517076733,-0.23538865483439508,-0.1903373454391593
500,31,4,CGATATAT,0 5 4 6,-0.3673432130053005,-0.05341541716503073,-0.4207586301703312,-0.1269502592101489
1000,0,5,CGATCGCG,5 7 3 2 1,-0.4761961523806004,0.5234753290287122,0.047279176648111765,0.5236473569204249
1000,0,5,CGATCGCA,3 2 5 7 1,-0.628390137975773,0.14763610135064997,-0.48075403662512306,0.19024627502131305
1000,0,5,CTATCGCT,2 5 7 1 3,-0.5681505900910202,0.1852995351301523,-0.3828510549608679,0.2459347061303604
1000,0,5,CGATCGCG,1 7 3 2 5,-0.4761961523806004,-0.008384686791999663,-0.4845808391726001,-0.017302968079208697
1000,1,6,CACTATCA,4 5 2 7 1 0,-1.4943183748331164,0.097788472690298,-1.3965299021428184,0.06142079775764539
1000,1,6,ATATCGCT,1 4 2 5 0 7,-0.3947763300159961,0.5245551141926308,0.1297787841766347,0.5705832401329153
1000,1,6,CGATCGCC,5 1 0 7 4 2,1.1414563096354255,0.21551960117140734,1.3569759108068329,0.15882345401641165
1000,1,6,CTATCGCA,0 1 7 2 5 4,0.34914824136732037,0.4637728491061939,0.8129210904735142,0.5705016815790241
1000,2,4,CGATATGG,7 5 4 3,-0.255068514837987,0.083998716845608,-0.17106979799237898,0.2477346938792142
1000,2,4,CGATATGC,3 5 4 7,-1.4836934267520472,0.18965088252274898,-1.2940425442292982,0.11333643737966934
1000,2,4,CGATCTGT,5 3 7 4,0.15416068474720612,0.2000301404988929,0.354190825246099,0.564752461783582
1000,2,4,CGATATGA,5 7 4 3,1.2716226031675384,0.22272223421354775,1.4943448373810861,0.14904339924905122
1000,3,4,GGATAGTG,1 7 4 3,2.002426211700577,0.45154472164802684,2.4539709333486037,0.18400573352833668
1000,3,4,GTATCGTA,3 7 1 4,-0.09053591129444072,-0.12527174654618367,-0.2158076578406244,-0.5804786901431358
1000,3,4,GTATCGTC,4 7 3 1,-0.8434194637770323,0.43109907906649836,-0.4123203847105339,0.3382446504895012
1000,3,4,GTATCGTA,4 7 3 1,-0.09053591129444072,0.20137562543883458,0.11083971414439386,0.689851547809277
1000,4,6,CGATAGCG,7 3 5 2 6 4,2.0202096034476904,0.5513034835069552,2.5715130869546456,0.2143887527945055
1000,4,6,CGATATAT,5 2 4 7 6 3,-0.4693462780593942,0.4088102889555518,-0.06053598910384239,0.4655323484571675
1000,4,6,CGATCGAT,6 2 4 3 7 5,0.7743818047466151,0.09735364408868552,0.8717354488353006,0.11167796860705478
1000,4,6,CGATATCG,2 7 3 5 6 4,0.001433232431936382,-0.2701627138580802,-0.26872948142614383,-0.9947229240660097
1000,5,5,TTATCGCA,3 5 2 0 6,1.9361609039323318,0.1522975460051672,2.088458449937499,0.0729234263720808
1000,5,5,ATATCGTA,3 0 5 2 6,-0.1466795358184403,-0.13032413785525776,-0.27700367367369805,-0.470478012536309
1000,5,5,ATATCGCA,5 2 6 3 0,0.926634782226567,0.028680072802407253,0.9553148550289743,0.030021591992869617
1000,5,5,GTATCGAA,3 0 2 6 5,0.7434677103859118,-0.037939043204338496,0.7055286671815733,-0.048552233558289366
1000,6,7,CGATCTAT,4 0 5 1 6 2 7,-0.39172035087749446,-0.2412931965881775,-0.633013547465672,-0.3811817259744551
1000,6,7,CTATCGCA,0 6 5 4 1 7 2,0.6062918528353989,0.4573306727413442,1.063622525576743,0.4299746025906694
1000,6,7,CGATATAT,0 6 5 2 1 4 7,-0.7691605475522163,-0.11299341183672773,-0.882153959388944,-0.12808808557068282
1000,6,7,CAGTATCT,4 5 6 1 7 0 2,1.8361504130585162,1.2125143245143422,3.0486647375728584,0.397719798300834
1000,7,3,CGATCTAG,1 5 2,-0.9342383646141736,0.22722367434936253,-0.7070146902648111,0.19563590261816224
1000,7,3,CGATCGAG,1 2 5,1.2088239398438558,0.10330430396050616,1.312128243804362,0.07873034091621063
1000,7,3,CGATCCAG,5 2 1,1.754488337029383,-1.0348828605937164,0.7196054764356665,-0.3710093735375087
1000,7,3,CGATCCAG,2 5 1,1.754488337029383,-0.43061686829685675,1.3238714687325261,-0.1970691695975183
1000,8,2,TGTACGCC,2 7,-0.28318211418153494,0.08119646847820894,-0.201985645703326,0.22283545834533877
1000,8,2,TGTACGCC,2 7,-0.28318211418153494,0.08119646847820894,-0.201985645703326,0.22283545834533877
1000,8,2,TGCACGCC,2 7,1.0571821837148883,0.08312706570107009,1.1403092494159583,0.07289870335055686
1000,8,2,TGTACGCC,2 7,-0.28318211418153494,0.08119646847820894,-0.201985645703326,0.22283545834533877
1000,9,6,CGGTATCG,5 3 7 1 4 2,-0.0464829258779349,0.4556243295541229,0.409141403676188,0.907424309497506
1000,9,6,CGATACCT,1 2 3 7 5 4,-0.6683839819466604,0.96761498227115,0.29923100032448957,0.5914520751141048
1000,9,6,CGATATCG,5 7 3 2 1 4,-0.14088945999310987,-0.046147657345049,-0.18703711733815886,-0.24672994324230885
1000,9,6,CGGTATCC,5 7 4 3 1 2,1.735419026721555,1.430221224858311,3.165640251579866,0.4517952487319224
1000,10,4,ATATCGCC,7 2 4 0,-0.26563065462348234,-0.414690763668923,-0.6803214182924053,-0.609551239338884
1000,10,4,ATATCGCA,2 4 0 7,0.6629786324647415,-0.2938178980677142,0.36916073439702735,-0.3070850370916427
1000,10,4,CTATCGCA,4 7 2 0,0.19350695723233535,-0.0128995081251988,0.18060744910713655,-0.06249565924620853
1000,10,4,ATATCGCG,0 4 7 2,0.34799371328577955,-0.3075784594296662,0.04041525385611333,-0.46917558772460605
1000,11,4,CGATCCCT,5 4 7 6,0.7498662338619067,-0.015614315435962922,0.7342519184259437,-0.020398056423883034
1000,11,4,CGATCGCA,6 5 4 7,0.21046037373392856,0.38046744778407593,0.5909278215180045,0.6438475799069883
1000,11,4,CGATATCA,6 4 7 5,0.36575106556129366,-0.004262440947814028,0.36148862461347964,-0.01151969015409201
1000,11,4,CGATACAG,7 4 6 5,0.7894810676478539,0.4375996947801202,1.227080762427974,0.3566184950322746
1000,12,4,CGATCTAG,0 5 6 2,0.06992374116730771,-0.15966463751020177,-0.08974089634289406,-0.6954386734638436
1000,12,4,CGATCGTG,5 2 6 0,0.6093004618890934,-0.00017231637460835003,0.609128145514485,-0.0002827302231598498
1000,12,4,GGATCGTG,2 6 0 5,1.2543258151744463,0.14289840733233605,1.3972242225067824,0.10227306757963281
1000,12,4,CGATCGCG,5 0 2 6,-0.8481671845765177,0.021097091814027635,-0.8270700927624901,0.02427005501897455
1000,13,6,CGATATCT,1 7 5 2 3 4,-0.3596803080730213,0.2534471147921087,-0.10623319328091263,0.413367768819989
1000,13,6,CTATATCG,5 3 2 4 7 1,0.1169163306683112,0.29366565349804485,0.41058198416635605,0.7152424237373746
1000,13,6,CGATATCG,1 4 2 5 3 7,-0.14088945999310987,-0.062050123485736464,-0.20293958347884633,-0.30575663171302575
1000,13,6,CGATATCC,4 2 3 1 5 7,0.3697684369124259,0.07658711254824002,0.4463555494606659,0.17158319783585235
1000,14,3,CACTTTAT,1 2 6,-1.8266909106279225,-0.15848694298196175,-1.9851778536098843,-0.07983513552388576
1000,14,3,CGGTTTAT,6 1 2,0.3293000369646535,0.5245687863367019,0.8538688233013554,0.6143435291483481
1000,14,3,CTATTTAT,1 6 2,-0.633259585917,-0.24426719305008904,-0.8775267789670891,-0.2783586768002781
1000,14,3,CGATTTAT,6 1 2,1.3842043395522912,0.05673704273626168,1.4409413822885528,0.03937498321142665
1000,15,4,ATATCGCC,2 7 3 6,0.0859815115619802,0.005036479744608524,0.09101799130658872,0.055334991162828896
1000,15,4,ATATCGTT,3 7 2 6,-0.14971148359170972,0.06940658046691439,-0.08030490312479532,0.3167542610651441
1000,15,4,ATATCGTA,3 6 2 7,-0.6931602826561514,0.0714412854958173,-0.6217189971603341,0.09343596517659503
1000,15,4,ATATCGCA,6 7 3 2,0.34671209868300545,-0.5363240747845679,-0.18961197610156244,-0.6073636515687573
1000,16,6,GATACGGA,0 5 3 4 6 2,0.023592408369106366,0.10636849657509373,0.1299609049442001,0.8184653424871428
1000,16,6,GATGAGTA,3 6 0 5 4 2,1.8172983493774497,-1.1248607786994063,0.6924375706780435,-0.3823249286433641
1000,16,6,CAATCATA,3 2 0 4 5 6,2.541290542867352,-0.16710103986746194,2.37418950299989,-0.06169751853191432
1000,16,6,GATACGTA,4 0 6 2 3 5,-0.2563360017110097,0.4294038615336069,0.1730678598225972,0.6261906074730124
1000,17,6,GATACTTC,6 1 2 5 3 7,0.08674383971032018,0.6644763226200192,0.7512201623303394,0.8845294042145587
1000,17,6,GATACGTC,6 7 2 5 3 1,1.0963287439477112,-0.3829210215342336,0.7134077224134776,-0.2588616408598696
1000,17,6,GATACCTA,1 2 6 5 3 7,0.9539054439283534,0.6062637691157482,1.5601692130441016,0.3885884710754197
1000,17,6,GATACGTA,3 6 2 7 1 5,0.6543340299989913,0.6415581197012079,1.2958921497001992,0.4950706120487191
1000,18,3,GATACGTC,0 4 1,-0.5343039521934836,-0.3182025736274281,-0.8525065258209117,-0.37325529364249554
1000,18,3,GATACGTC,1 4 0,-0.5343039521934836,0.24566819816063257,-0.288635754032851,0.3149704743292391
1000,18,3,TATACGTC,0 1 4,1.6840063543352557,0.2830942357892081,1.9671005901244638,0.1439144684366629
1000,18,3,ATTATGTC,4 1 0,6.498739424913997,-0.7941015930445152,5.704637831869482,-0.10888782452394778
1000,19,4,TTATCCTG,3 6 1 5,0.4562136892213182,0.04352688522782344,0.49974057444914166,0.08709896184796008
1000,19,4,TGATCGCG,6 3 1 5,-0.2980443594155724,-0.2911063566732843,-0.5891507160888567,-0.49411186089329845
1000,19,4,TGATCCCG,1 5 3 6,-0.03778339217922566,0.0025659427678186297,-0.03521744941140703,0.06359318613767122
1000,19,4,TGATCCCG,1 5 6 3,-0.03778339217922566,-0.003555040743390858,-0.04133843292261652,-0.08599844000002896
1000,20,8,CGATACAT,5 2 0 3 4 1 6 7,-0.706296167994025,-1.0823693554125633,-1.7886655234065882,-0.6051267502216656
1000,20,8,ATATCGTC,6 0 3 2 5 7 4 1,0.8256872676149349,-0.44867392967526065,0.3770133379396743,-0.35207751980311536
1000,20,8,CGATCGAT,2 6 3 7 1 4 0 5,0.6706591753913544,0.12555236116353719,0.7962115365548916,0.1576871916561102
1000,20,8,CGATATCG,1 2 0 4 7 6 5 3,-0.28286870029264,-0.4646454888134226,-0.7475141891060626,-0.6215875171133313
1000,21,3,CTATCATA,4 0 3,-0.2836140172930872,0.15868449268463158,-0.12492952460845563,0.3587723881154957
1000,21,3,ATATCATA,3 4 0,0.35839285886863514,-0.06093584160800214,0.297457017260633,-0.14531760296573631
1000,21,3,GTAACATA,4 0 3,4.921898522859909,0.13034890432760005,5.052247427187509,0.025800182236950107
1000,21,3,ATATCATA,0 3 4,0.35839285886863514,0.04502251957063441,0.40341537843926956,0.11160337948646679
1000,22,7,CGATATAC,7 1 2 0 6 4 3,0.7895801744723903,0.791363073914142,1.5809432483865322,0.5005638720566254
1000,22,7,TGATATAC,4 3 7 0 6 2 1,1.6976228325435176,-0.06977786935526531,1.6278449631882523,-0.03948050336310289
1000,22,7,CGATATAT,3 6 4 7 2 0 1,-0.6966706864855938,0.07698344868896534,-0.6196872377966285,0.09950628477103093
1000,22,7,CGATATCC,6 2 0 4 7 1 3,0.9100709282900006,-0.6488806231571882,0.2611903051328124,-0.416228857500303
1000,23,6,TGATACTA,0 5 7 6 4 1,0.4423704914333477,-0.10709427888720846,0.33527621254613926,-0.19490654300680635
1000,23,6,TTATCGTA,6 0 4 7 1 5,0.36569230957633003,0.7988090020001266,1.1645013115764566,0.6859665970824284
1000,23,6,CGATATAC,7 1 6 4 5 0,-0.14707582668922825,-0.3200789594288267,-0.46715478611805494,-0.6851668203779022
1000,23,6,CTATATCT,0 6 1 7 4 5,1.3474111786049283,0.2969507584555222,1.6443619370604505,0.18058722460236903
1000,24,1,GATACGCC,4,-0.20748171145102567,0.0,-0.20748171145102567,0.0
1000,24,1,GATAGGCC,4,1.7238193797055654,0.0,1.7238193797055654,0.0
1000,24,1,GATACGCC,4,-0.20748171145102567,0.0,-0.20748171145102567,0.0
1000,24,1,GATAGGCC,4,1.7238193797055654,0.0,1.7238193797055654,0.0
1000,25,5,CTATTGCA,0 1 3 2 4,1.6260079115546313,-0.43900832035075243,1.1869995912038789,-0.21259315717130267
1000,25,5,ATATCGCA,3 4 1 0 2,0.2996274631375031,0.014260584495890072,0.3138880476333932,0.045432072369145385
1000,25,5,CTATAGCA,3 1 0 4 2,0.9527156951201565,0.05104696201590109,1.0037626571360576,0.05085560979280562
1000,25,5,GTATCGCA,4 3 2 0 1,-0.3616944733791241,-0.04315884478848009,-0.40485331816760417,-0.10660365829239139
1000,26,2,CTATCGTA,3 2,-0.0264919176392735,-0.03783299665954365,-0.06432491429881715,-0.5881546376228806
1000,26,2,CTATCGTA,3 2,-0.0264919176392735,-0.03783299665954365,-0.06432491429881715,-0.5881546376228806
1000,26,2,CTATCGTA,3 2,-0.0264919176392735,-0.03783299665954365,-0.06432491429881715,-0.5881546376228806
1000,26,2,CTATCGTA,3 2,-0.0264919176392735,-0.03783299665954365,-0.06432491429881715,-0.5881546376228806
1000,27,4,GTATCATA,3 4 6 2,0.35133954698590975,-0.10825696560992037,0.24308258137598937,-0.23554783955708933
1000,27,4,GTATCATA,3 6 2 4,0.35133954698590975,-0.11512882980955874,0.236210717176351,-0.24680950636025442
1000,27,4,GTATCATA,6 4 2 3,0.35133954698590975,0.07027136933551992,0.42161091632142966,0.1666735053936462
1000,27,4,GTATCATA,2 6 3 4,0.35133954698590975,0.025985136893856176,0.3773246838797659,0.06886678238664161
1000,28,5,GTATCGTA,6 7 3 1 4,-0.02343048378281498,0.00833509180195513,-0.015095391980859851,0.26239385399178344
1000,28,5,GTATCGCA,3 4 7 6 1,-0.42993540197661173,-0.48121805455959255,-0.9111534565362043,-0.5281416111715882
1000,28,5,GTATCGTG,6 4 3 7 1,0.9160194807441142,0.20078785086776207,1.1168073316118763,0.17978736813803603
1000,28,5,GTATCGTA,3 1 7 4 6,-0.02343048378281498,-0.07270553365849075,-0.09613601744130573,-0.7562777780229967
1000,29,4,CGATCTCT,1 4 2 3,0.9628976740016051,-0.21311883322362002,0.7497788407779851,-0.18122095388479484
1000,29,4,CGATATCT,1 2 4 3,-0.3541814303277836,0.16089159096290384,-0.19328983936487976,0.3123665661224815
1000,29,4,CGATATCT,3 2 1 4,-0.3541814303277836,-0.17291150209794726,-0.5270929324257309,-0.3280474684078809
1000,29,4,CACTATCT,4 1 2 3,0.41990604383145147,1.0369708426277278,1.4568768864591792,0.7117765765012588
1000,30,3,TTAACCGC,2 0 1,2.8169957510960724,0.485218490341945,3.3022142414380173,0.1469373138342007
1000,30,3,AATACCGC,0 1 2,-0.08283876790780331,-0.6607941741521643,-0.7436329420599677,-0.8886026112851748
1000,30,3,TATACCGC,1 2 0,0.7986421322705326,-0.12369688722869898,0.6749452450418336,-0.13411216983518504
1000,30,3,GATACCGC,0 2 1,-0.5308554047451132,0.004220696225119891,-0.5266347085199933,0.007888029791401005
1000,31,4,CGATCGAT,5 0 2 6,0.5690398619464405,-0.22954320459082567,0.33949665735561485,-0.28743810657812635
1000,31,4,CGATCTAT,6 5 2 0,-0.5552050464784706,0.3968665791581971,-0.15833846732027346,0.416845296584493
1000,31,4,CGATCTAT,2 5 0 6,-0.5552050464784706,-0.41080062734897904,-0.9660056738274496,-0.425256950843083
1000,31,4,CGATCTAT,5 2 0 6,-0.5552050464784706,-0.10837558974515371,-0.6635806362236243,-0.1633193975669771
2000,0,6,GGATAGTA,6 7 0 4 2 5,1.810465287363348,1.3772658453853097,3.1877311327486577,0.432052073412398
2000,0,6,CGATCTAT,0 4 7 5 6 2,-0.20814876482815503,-0.18554977921083715,-0.3936985440389922,-0.4712991247243733
2000,0,6,CGATACAT,2 7 4 6 0 5,0.0035385547106603354,0.4338849971580583,0.4374235518687186,0.9919104613925261
2000,0,6,CGATATAG,0 4 6 2 5 7,-0.1537288025376986,0.2144303040031561,0.0607015014654575,0.5824392231334381
2000,1,2,CGATATCG,7 6,0.12727015206434245,0.032544985163603046,0.1598151372279455,0.2036414430329206
2000,1,2,CGATATGT,6 7,1.3394769253033383,0.015916030932519032,1.3553929562358573,0.0117427428402169
2000,1,2,CGATATAT,6 7,-0.3755298348042706,-0.038634744537832555,-0.41416457934210316,-0.09328355553534663
2000,1,2,CGATATCT,6 7,0.2409334917823709,-0.11550732532102836,0.12542616646134253,-0.32405751467997856
2000,2,3,CGATCTAC,5 0 3,-0.2631369020138743,0.03608507089736546,-0.22705183111650884,0.12059632702197848
2000,2,3,CGATCTAC,0 5 3,-0.2631369020138743,-0.11674257941124355,-0.37987948142511785,-0.3073147803963609
2000,2,3,TGATCCAC,3 0 5,0.03579882223559139,-0.04029896300806968,-0.004500140772478289,-0.5295681454990384
2000,2,3,CGATCTAC,0 5 3,-0.2631369020138743,-0.11674257941124355,-0.37987948142511785,-0.3073147803963609
2000,3,4,TGATCCTA,6 4 1 2,-0.4533543732678056,0.24032811611686578,-0.2130262571509398,0.34645262031920104
2000,3,4,TTATCCCA,4 2 6 1,1.0577584843531476,-0.3482766970908653,0.7094817872622823,-0.24770126785389643
2000,3,4,TGATACCA,1 2 4 6,1.0208558709411886,-0.2629283942848346,0.757927476656354,-0.20480730400488545
2000,3,4,TGATACTA,4 6 2 1,-0.2707919774411063,-0.2937173411465639,-0.5645093185876702,-0.5203055671098697
2000,4,2,AGGATATC,6 4,-0.30738040079700957,0.03609069844663315,-0.2712897023503764,0.1050763762252732
2000,4,2,AGGATATC,4 6,-0.30738040079700957,-0.033420484159587094,-0.34080088495659666,-0.09806454629319235
2000,4,2,AGGATATC,6 4,-0.30738040079700957,0.03609069844663315,-0.2712897023503764,0.1050763762252732
2000,4,2,AGGAGATC,6 4,0.8282361215838119,0.2133277561260174,1.0415638777098293,0.20481485647820122
2000,5,4,TTATCCTA,7 0 3 4,0.11988117162660128,0.07361464617634361,0.1934958178029449,0.38044567067238827
2000,5,4,GTATCCTA,7 4 0 3,-0.8537187800289785,-0.15432556400351194,-1.0080443440324904,-0.15309402301307673
2000,5,4,ATATACTA,3 7 4 0,1.0108225685480212,0.39901266412530756,1.4098352326733288,0.28302077780302026
2000,5,4,ATATCCTA,3 7 0 4,-0.32080167614932775,-0.015371105018831877,-0.33617278116815963,-0.045723823818868234
2000,6,6,GATACGCC,7 6 4 5 3 2,-1.0946264377374937,0.1332297948725234,-0.9613966428649703,0.10850602157983988
2000,6,6,GATACCCG,5 4 7 3 6 2,0.4858968157629979,0.849908907396209,1.3358057231592069,0.636251883534499
2000,6,6,GACACGTA,7 2 4 3 6 5,1.0654588036139172,0.2478332647382695,1.3132920683521867,0.1887114608475712
2000,6,6,GATACCCC,5 4 3 6 7 2,0.7283465714025206,0.597359007898655,1.3257055793011756,0.45059703845671617
2000,7,4,CGGTATAT,4 7 1 5,-0.33925521152937854,-0.28545826044091793,-0.6247134719702965,-0.4569426997317752
2000,7,4,CAGTATAT,5 1 7 4,0.07239935342652926,0.22425863021731862,0.2966579836438479,0.7559500926378299
2000,7,4,CAGTGGAT,7 1 4 5,3.1421971683277583,1.183172073547543,4.325369241875301,0.2735424439820931
2000,7,4,CGGTATAT,5 7 1 4,-0.33925521152937854,0.08874139726003794,-0.2505138142693406,0.20734135607065196
2000,8,5,GTATACTA,0 5 7 4 2,1.1832201424006108,0.1296113044733911,1.3128314468740019,0.09872653856822981
2000,8,5,CTATATTT,5 0 2 7 4,2.684735417230086,0.4547166130838649,3.139452030313951,0.14483948430911123
2000,8,5,ATATTATA,7 2 5 4 0,1.8497965437309123,0.212544968300306,2.0623415120312183,0.10306002524817948
2000,8,5,ATATCGTC,5 0 7 4 2,0.2730404680879066,-0.4874110598377559,-0.2143705917498493,-0.6409495437103027
2000,9,2,CGATATAT,2 7,-0.24655506271361094,-0.08614729079094341,-0.33270235350455435,-0.25893201500831625
2000,9,2,CGATATAT,2 7,-0.24655506271361094,-0.08614729079094341,-0.33270235350455435,-0.25893201500831625
2000,9,2,CGATATAG,2 7,0.17238665949347398,0.21242366537207458,0.38481032486554856,0.5520217407012005
2000,9,2,CGATATAT,7 2,-0.24655506271361094,0.08464339641246388,-0.16191166630114706,0.25556699942327726
2000,10,5,CAATATAT,7 5 1 6 2,-0.4406891010539269,0.17066543765703557,-0.2700236633968913,0.27915951686051543
2000,10,5,CGGTATCG,5 6 2 7 1,0.2591868651508129,0.13231633752363425,0.39150320267444716,0.33797000029565877
2000,10,5,CTATATCT,2 7 6 5 1,1.0325933283347446,0.5821909510242369,1.6147842793589815,0.36053791114151074
2000,10,5,CAATATAT,6 1 5 2 7,-0.4406891010539269,-0.02972884818574073,-0.4704179492396676,-0.06319667060704466
2000,11,2,GAGGGATA,7 6,-0.009142542363416162,-0.13539277986823928,-0.14453532223165544,-0.9367452729045509
2000,11,2,GAGGGATA,6 7,-0.009142542363416162,0.12711155748725522,0.11796901512383906,0.9329007907032816
2000,11,2,GAGGGATA,6 7,-0.009142542363416162,0.12711155748725522,0.11796901512383906,0.9329007907032816
2000,11,2,GAGGGATA,6 7,-0.009142542363416162,0.12711155748725522,0.11796901512383906,0.9329007907032816
2000,12,4,CGATATCG,2 5 1 7,-0.026266165882544934,-0.027340086954129816,-0.05360625283667475,-0.5100167519156474
2000,12,4,CGATATCT,5 7 1 2,-0.3414263808320426,-0.2524353361325673,-0.5938617169646099,-0.4250742705268721
2000,12,4,CGGTATCT,2 5 7 1,0.486917873067223,-1.3426397888493637,-0.8557219157821407,-0.7338603296289972
2000,12,4,CGATATCT,2 7 1 5,-0.3414263808320426,-0.12602880993954457,-0.46745519077158715,-0.2696061834964757
2000,13,4,CTATATCA,5 4 1 7,-0.020013882550277806,0.0523394335825893,0.032325551032311495,0.723386796625534
2000,13,4,CGATATCG,4 5 1 7,-0.18334632868298995,-0.05670103288984185,-0.2400473615728318,-0.2362076905087683
2000,13,4,CGATATCG,1 4 7 5,-0.18334632868298995,-0.09084061391448861,-0.27418694259747856,-0.33130904431086494
2000,13,4,CGATATCT,5 1 7 4,-0.21258834601501753,0.3105720552495175,0.09798370923449995,0.5936459535141256
2000,14,5,CTATATCA,1 4 6 2 7,-0.12234381385762072,-0.46645822936823844,-0.5888020432258592,-0.7922157110947885
2000,14,5,CTATCTTA,1 7 6 4 2,1.7478328471960882,0.17735404891893314,1.9251868961150214,0.09212302934163387
2000,14,5,CGATATAT,2 6 4 7 1,-0.43174910343134765,-0.09834192856377388,-0.5300910319951215,-0.18551894415878165
2000,14,5,CGATATAT,1 7 6 2 4,-0.43174910343134765,0.1445026977437136,-0.28724640568763404,0.2507631168337376
2000,15,3,TGATACCG,3 4 0,-0.33659554810803893,0.1070684651567535,-0.22952708295128543,0.24132781103625758
2000,15,3,TGATCCCG,0 3 4,0.363364072283624,0.026123240657841107,0.3894873129414651,0.06707083848394078
2000,15,3,TGATCCCG,3 4 0,0.363364072283624,-0.468170650235618,-0.104806577951994,-0.5630199648395132
2000,15,3,TGATCCCG,0 4 3,0.363364072283624,0.29715116328815117,0.6605152355717752,0.44987783367468004
2000,16,4,CTATATCA,6 3 0 5,-0.7905693141564473,-0.03789674705302293,-0.8284660612094702,-0.04574327039745938
2000,16,4,CTATATCA,0 3 6 5,-0.7905693141564473,0.014835098474864417,-0.7757342156815829,0.01841944027398252
2000,16,4,CTATATTA,0 6 5 3,0.952217733278889,-0.044023284694892695,0.9081944485839963,-0.044189391824510545
2000,16,4,CTATATCA,3 5 6 0,-0.7905693141564473,0.08128510200941985,-0.7092842121470274,0.09323242562317383
2000,17,4,ATATCTTA,4 3 1 0,0.8047196742184877,-0.2812018708203965,0.5235178033980912,-0.2589522899744358
2000,17,4,ATATCTTA,1 0 4 3,0.8047196742184877,0.23865213693407838,1.043371811152566,0.2287316317952371
2000,17,4,CGATATTA,3 1 0 4,-0.43542791209796194,-0.14908550790209096,-0.5845134200000529,-0.25505917024467545
2000,17,4,TCAGTTTA,4 0 1 3,-2.2387741934253427,0.6485151906755258,-1.590259002749817,0.22461038863878208
2000,18,6,TCTAATCG,4 6 1 3 5 0,2.795649971780077,-0.5871414889889577,2.208508482791119,-0.17356715475906948
2000,18,6,GGTGATCG,0 6 5 4 3 1,1.9030268376076238,1.629032398613485,3.5320592362211087,0.46121321576598456
2000,18,6,CGTTATAG,4 1 5 3 6 0,3.3247960087421538,0.984790571985461,4.309586580727615,0.22851161092561056
2000,18,6,CGTGATCG,1 5 4 0 6 3,1.1920579051398716,0.4488244409238318,1.6408823460637034,0.2735262781030659
2000,19,3,CGGTATCA,4 5 3,-0.0001701075267040164,-0.08943856651132553,-0.08960867403802955,-0.9981016622717592
2000,19,3,CGGTATCA,3 4 5,-0.0001701075267040164,-0.008686645461075004,-0.00885675298777902,-0.980793466077383
2000,19,3,CGGTATCA,5 4 3,-0.0001701075267040164,0.030924655923791233,0.030754548397087217,0.9945293834772264
2000,19,3,CGGTATCA,3 5 4,-0.0001701075267040164,0.08965362744236738,0.08948351991566336,0.9981062073764514
2000,20,5,CAGTATAT,1 3 6 2 5,0.6565747400978035,0.07265094188164412,0.7292256819794476,0.09962751405632982
2000,20,5,CGGTATAT,6 2 1 5 3,0.4986804971934977,-0.3204178018100938,0.1782626953834039,-0.3911835761347233
2000,20,5,CTATATCT,3 2 5 1 6,1.0730430197324345,0.63159948647505,1.7046425062074846,0.3705172692661774
2000,20,5,CGATATAT,2 5 3 6 1,-0.2996152126211574,0.08623755243113163,-0.2133776601900258,0.22349859905615838
2000,21,6,ATATCGTA,4 2 7 5 3 0,-0.24777011915000902,-0.010906939052754971,-0.258677058202764,-0.04216430760630333
2000,21,6,ATCTCGTA,0 4 2 7 3 5,0.5906489540997351,0.39964755089413995,0.990296504993875,0.4035635275685556
2000,21,6,GTATCCTA,3 0 5 2 4 7,0.1043833619163137,-0.6113232153315202,-0.5069398534152065,-0.8541534125371494
2000,21,6,ATTATATC,4 5 3 7 0 2,0.3950952366663891,0.666344428177295,1.0614396648436841,0.627774192210375
2000,22,4,CGATCGTG,6 1 7 3,0.6793789599719475,0.14256684150767418,0.8219458014796217,0.17345041637907654
2000,22,4,CGATCGGC,6 3 1 7,0.030207065699952018,0.36661065706150087,0.3968177227614529,0.9238767223153714
2000,22,4,CGATCGAA,3 1 7 6,2.4259520828044217,0.004359260324096503,2.430311343128518,0.0017937044718249417
2000,22,4,CTATCGTA,1 6 3 7,-0.78536972358794,-0.19878388366448885,-0.9841536072524288,-0.20198461114160415
2000,23,5,CTATCGTA,6 7 5 1 0,-0.8922665542648427,0.5002861111532555,-0.3919804431115872,0.3592583056835773
2000,23,5,ATATCGTT,6 7 0 1 5,0.525794583845796,0.19137160636001038,0.7171661902058064,0.2668441554740501
2000,23,5,CTATCGTA,7 5 1 0 6,-0.8922665542648427,0.0956329493891106,-0.7966336048757321,0.09680432982848164
2000,23,5,GTATCTTC,0 7 5 1 6,1.7624592204842822,-0.5667752214329553,1.1956839990513268,-0.24333111825636228
2000,24,7,GATAGGCA,2 6 5 4 1 0 7,-0.8688626115995026,0.8732487379747598,0.004386126375257149,0.5012588536250364
2000,24,7,TTAACCCA,0 5 4 6 7 1 2,2.0117324202038844,1.0188663842274845,3.030598804431369,0.3361930925128357
2000,24,7,TATACGCC,7 1 4 5 0 2 6,3.7231620885003602,-0.46714402796444077,3.2560180605359195,-0.11148207672201096
2000,24,7,CATAGATC,0 4 5 1 7 2 6,1.3755022560859906,0.5404369327680243,1.915939188854015,0.28207415763089905
2000,25,3,CTATCGCA,3 2 0,-0.0325530972067094,-0.0700281491509176,-0.102581246357627,-0.6826603461882285
2000,25,3,CTATCGCA,3 0 2,-0.0325530972067094,0.058849746733298236,0.026296649526588833,0.6438502807628649
2000,25,3,ATATCGCA,0 2 3,0.5402403098732196,0.05432672419369866,0.5945670340669182,0.09137190775966267
2000,25,3,GTATCGCA,3 2 0,-0.6454708924926582,0.13730102450944837,-0.5081698679832098,0.17540361569854182
2000,26,4,ATATCGCA,5 6 0 3,0.9404637523743311,0.15869276988235104,1.0991565222566821,0.14437686232033484
2000,26,4,CTATCGTA,3 6 5 0,-0.8404954963917426,0.1645831839601124,-0.6759123124316302,0.16375154222005348
2000,26,4,CTATCGCA,6 3 0 5,0.29629947651971333,0.09480664126941596,0.3911061177891293,0.24240643896174588
2000,26,4,CTACCGTA,0 5 6 3,4.648145607743938,0.7123120880971348,5.360457695841073,0.13288269929819319
2000,27,4,CGATATCT,6 3 1 2,-0.07777905820548181,-0.8418792245617146,-0.9196582827671964,-0.9154261320069349
2000,27,4,CGATATAT,2 1 3 6,-0.2823426846825339,0.10692741453581078,-0.1754152701467231,0.27468694551808964
2000,27,4,CGATATAT,6 2 1 3,-0.2823426846825339,0.3054340268664859,0.023091342183952035,0.5196429543143155
2000,27,4,CAATATAT,3 2 6 1,-0.23701558698886016,0.0019271836874623638,-0.2350884033013978,0.008065461373899326
2000,28,4,CGATATAT,1 6 3 2,-0.2823426846825339,0.03348372980885728,-0.2488589548736766,0.10601940899332213
2000,28,4,CAATATAT,3 1 6 2,-0.23701558698886016,-0.0037827252151827473,-0.2407983122040429,-0.015709101864374433
2000,28,4,CAATATAT,2 3 6 1,-0.23701558698886016,0.10069994603074983,-0.13631564095811033,0.29817978797233036
2000,28,4,CGATATAT,2 6 3 1,-0.2823426846825339,0.16474299982123597,-0.1175996848612979,0.36848193876770585
2000,29,2,CGATATAT,7 2,-0.24655506271361094,0.08464339641246388,-0.16191166630114706,0.25556699942327726
2000,29,2,CGATATAT,2 7,-0.24655506271361094,-0.08614729079094341,-0.33270235350455435,-0.25893201500831625
2000,29,2,CGATATAT,7 2,-0.24655506271361094,0.08464339641246388,-0.16191166630114706,0.25556699942327726
2000,29,2,CGATATAT,7 2,-0.24655506271361094,0.08464339641246388,-0.16191166630114706,0.25556699942327726
2000,30,4,CGGTATCG,1 7 6 5,-0.17770971985290096,-0.11377111041758958,-0.29148083027049054,-0.39032107295704976
2000,30,4,CGGTATCT,6 1 5 7,0.2261536660351564,-0.12132440931821131,0.1048292567169451,-0.3491570200359562
2000,30,4,CGGTATCA,5 6 7 1,-0.049084050849319105,0.11039509663785019,0.06131104578853108,0.6922227662819171
2000,30,4,CGGTATCG,1 6 5 7,-0.17770971985290096,-0.20664924929690365,-0.3843589691498046,-0.5376464864447114
2000,31,7,CGGTATTG,3 6 0 5 4 1 2,-0.16048905161239713,-0.7444752028023096,-0.9049642544147067,-0.8226570266952756
2000,31,7,CGATATCG,2 3 1 6 0 5 4,-0.4414672256705978,-0.5493525749179895,-0.9908198005885873,-0.5544424673302367
2000,31,7,CGATATTG,2 0 5 4 3 1 6,0.3968733413138792,-0.08588457085766521,0.310988770456214,-0.17790401501932665
2000,31,7,CGATATCG,0 6 4 1 2 3 5,-0.4414672256705978,0.6092485489216273,0.16778132325102946,0.5798414410957826
5000,0,2,CGATCGAA,5 4,1.8546505049080066,0.14491751092389005,1.9995680158318967,0.07247440936066325
5000,0,2,CGATATAA,4 5,-0.675351147689446,0.024059068479554302,-0.6512920792098917,0.034399080715945454
5000,0,2,CGATCGAA,5 4,1.8546505049080066,0.14491751092389005,1.9995680158318967,0.07247440936066325
5000,0,2,CGATCGAA,4 5,1.8546505049080066,-0.1765223513273917,1.678128153580615,-0.08690661200276202
5000,1,3,TTACTCCA,6 7 2,-0.7311302168779419,0.048714423573544385,-0.6824157933043975,0.0624668312721127
5000,1,3,TTACTCTA,6 7 2,0.2691845097964052,-0.2894730727716488,-0.020288562975243618,-0.5181583170159264
5000,1,3,TTACTCCA,6 2 7,-0.7311302168779419,-0.15213300099320137,-0.8832632178711433,-0.1722397105586204
5000,1,3,TTACTCTA,7 6 2,0.2691845097964052,0.31615084301986274,0.5853353528162679,0.5401191667285129
5000,2,6,ATGTCGTA,7 2 0 4 3 6,-0.00661027896945221,0.7308264722351083,0.7242161932656561,0.9910361411217238
5000,2,6,CTATCGTA,3 7 0 6 4 2,-0.6378549447328377,0.4773498038962041,-0.1605051408366336,0.42803781501381344
5000,2,6,CTATCGGA,2 7 0 6 3 4,-0.7761638806615085,0.1335063009227362,-0.6426575797387724,0.1467634134057544
5000,2,6,ATATCGCC,0 7 4 6 2 3,-0.1066403561477598,0.5504789480457903,0.44383859189803054,0.8377153806512591
5000,3,6,CGATATAT,5 6 1 3 7 4,-0.47553462596701057,0.2948320083364431,-0.1807026176305675,0.38271648226694405
5000,3,6,CGATCTAT,1 3 7 6 5 4,0.3386207684234779,0.47373353228259774,0.8123543007060756,0.5831612288761712
5000,3,6,CGATACCT,7 6 4 1 3 5,0.01182947513357302,0.20587358340431283,0.21770305853788585,0.9456623383565629
5000,3,6,CGATATAT,3 5 1 6 7 4,-0.47553462596701057,-0.05448710694466197,-0.5300217329116725,-0.10280164672746009
5000,4,5,CGATCGCA,0 3 2 5 7,-0.7207891620921116,0.19576895334614441,-0.5250202087459672,0.21359142431741676
5000,4,5,TGATCGCA,2 3 0 5 7,3.126200362550845,0.24071289593866574,3.366913258489511,0.07149364342301355
5000,4,5,CGATCGCT,5 2 0 3 7,-0.08128321214780643,0.20355113494024035,0.12226792279243393,0.7146298788092417
5000,4,5,CGATCTCC,3 5 7 2 0,0.3652049773112527,-0.09883191861109264,0.26637305870016004,-0.21298288881673702
5000,5,6,TGATCCCC,3 1 5 4 2 7,-0.28320408804671926,0.30853039358680157,0.025326305540082306,0.5214000589167691
5000,5,6,TGTGATCG,4 3 7 2 5 1,0.1481628541952218,0.7262059041879692,0.874368758383191,0.8305487784476746
5000,5,6,TCGGATCC,5 3 7 1 2 4,2.908782981040405,-0.2935720408363043,2.6152109402041006,-0.09167379595041253
5000,5,6,TTTACGCG,7 4 2 1 3 5,1.5150220221051347,1.3529800006223889,2.8680020227275236,0.4717500161787472
5000,6,6,TCTATATG,6 7 3 4 5 2,1.3258318594758576,1.3509266961143398,2.6767585555901974,0.504687542062035
5000,6,6,TCTATTAC,3 2 5 7 6 4,1.9849454853511652,-1.1776446944377401,0.8073007909134251,-0.3723671508131809
5000,6,6,TCTGGATC,3 2 7 4 5 6,-0.45595132304566777,0.2912129508449324,-0.1647383722007354,0.3897575955131546
5000,6,6,TCTGATCC,3 6 7 2 5 4,-0.3909668079548321,-0.591967934140806,-0.982934742095638,-0.6022454073387594
5000,7,3,TGATATCA,0 4 3,2.017306401121133,-0.04063016395724395,1.9766762371638888,-0.019743156638891122
5000,7,3,CGATATCA,3 0 4,-0.13263656200579013,-0.03260550970428833,-0.16524207171007846,-0.19731966179591084
5000,7,3,CGATATCA,0 4 3,-0.13263656200579013,0.027214988169882215,-0.10542157383590792,0.17025163747222788
5000,7,3,CGATATCA,0 3 4,-0.13263656200579013,-0.05073571667292365,-0.18337227867871378,-0.2766814975442259
5000,8,3,TGTGATAC,6 7 2,-0.22115914145253668,0.16056018654239002,-0.06059895491014666,0.4206236749545047
5000,8,3,TGTGATAC,6 2 7,-0.22115914145253668,0.20738574448954883,-0.01377339696298785,0.4839300416189668
5000,8,3,TGTGATCC,7 6 2,-1.1243271854317636,-0.21091206050415434,-1.335239245935918,-0.1579582544072979
5000,8,3,TGTGATAC,7 6 2,-0.22115914145253668,-0.0063109141217487785,-0.22747005557428546,-0.027743933617178054
5000,9,4,TTATCCCT,2 3 5 0,0.981361652086461,0.2673388441946045,1.2487004962810655,0.2140936477488435
5000,9,4,GTATCCCT,3 2 0 5,0.9174378821845566,-0.26802323624453495,0.6494146459400216,-0.22609196714920918
5000,9,4,ATATCGCT,0 3 2 5,-0.0305273829248498,0.18906637563069895,0.15853899270584915,0.8609824654140725
5000,9,4,CTATCGCT,0 5 2 3,-0.5720625392504293,0.021280648583550388,-0.5507818906668789,0.03586566597526155
5000,10,3,AGTGTATC,4 6 0,1.0859369986029257,-0.13254572518170638,0.9533912734212193,-0.108779322508584
5000,10,3,AGTGTATC,4 0 6,1.0859369986029257,0.1092531478777452,1.195190146480671,0.09141068322847999
5000,10,3,AGTGTATC,4 0 6,1.0859369986029257,0.1092531478777452,1.195190146480671,0.09141068322847999
5000,10,3,TGTGTATC,0 4 6,1.6954202071528157,-0.055139511777896555,1.6402806953749192,-0.031498218073689715
5000,11,4,CGATCGCT,0 2 6 7,0.0439840970051093,0.3049532777430044,0.3489373747481137,0.873948449813208
5000,11,4,CGATCGTA,0 6 7 2,-0.005527341170031175,-0.2111480092662661,-0.21667535043629726,-0.9744902170048354
5000,11,4,CGATCGCG,0 2 7 6,-0.8236284947325025,0.04942836687426233,-0.7742001278582402,0.05661528939053852
5000,11,4,CGATCGCG,2 7 0 6,-0.8236284947325025,-0.026237162943080428,-0.849865657675583,-0.030872129855017475
5000,12,3,TAATCATA,3 1 0,2.009898151926497,0.4490346398849887,2.4589327918114856,0.18261362871743508
5000,12,3,CGATCATA,3 0 1,0.421522708609112,0.054744684840468905,0.4762673934495809,0.11494527148700207
5000,12,3,ATATCATA,0 1 3,-0.433223521766136,-0.09793265791452122,-0.5311561796806572,-0.18437638807742102
5000,12,3,TTATCATA,0 3 1,1.2630819149857935,-0.2580212772546515,1.005060637731142,-0.16962772714624963
5000,13,4,GACACGTA,3 5 0 4,0.878154691553537,0.32772539689754465,1.2058800884510816,0.271772790707987
5000,13,4,CACAGATA,4 3 5 0,0.36298027653898934,1.2168125225094375,1.5797927990484268,0.7702355164818911
5000,13,4,TACACGTA,3 5 0 4,0.6699520237474648,0.25149123485086733,0.9214432585983321,0.2729318734540716
5000,13,4,GACACGTA,3 4 5 0,0.878154691553537,0.04393716290210703,0.922091854455644,0.04764944261224961
5000,14,3,CAGTATTA,6 0 5,0.1257736364515467,0.15544298638610776,0.2812166228376545,0.552751771277207
5000,14,3,GAGTATTA,6 5 0,1.3894103909499165,0.5208437241447903,1.9102541150947068,0.27265677379209197
5000,14,3,CAGTATCA,0 6 5,-0.5028576798611102,-0.004346971414991518,-0.5072046512761017,-0.008570448642485344
5000,14,3,CAGTATCA,5 0 6,-0.5028576798611102,0.35252128819375406,-0.15033639166735613,0.4121229318922689
5000,15,3,CGATATCT,5 7 3,-0.16894845443369344,0.11745949871065542,-0.05148895572303802,0.41011255944926966
5000,15,3,CGATATCT,7 3 5,-0.16894845443369344,0.012328876547240464,-0.15661957788645298,0.06801113233809235
5000,15,3,CGATATCT,5 3 7,-0.16894845443369344,-0.06340757488114313,-0.23235602931483657,-0.27288973334635297
5000,15,3,CGATATCG,7 5 3,-0.22316324756152572,0.03669227282421672,-0.186470974737309,0.14120259123126916
5000,16,3,TTATTCTA,1 6 2,-0.6974192936510131,0.03129557178863762,-0.6661237218623755,0.042946251370563536
5000,16,3,TTATTCTA,1 6 2,-0.6974192936510131,0.03129557178863762,-0.6661237218623755,0.042946251370563536
5000,16,3,TTATTCCA,1 2 6,4.008673434124066,0.23995877275554545,4.248632206879612,0.05647906457212074
5000,16,3,TTATTCCA,6 1 2,4.008673434124066,-0.26403715243251913,3.7446362816915473,-0.0617961706236951
5000,17,3,CTATCGAT,5 2 3,0.0029633092737015865,0.05232607173460213,0.05528938100830372,0.9464036453355024
5000,17,3,CTATCTAT,5 2 3,-0.34067033372042976,0.048644047341795726,-0.29202628637863404,0.12494798473427257
5000,17,3,CTATCTAT,2 3 5,-0.34067033372042976,0.0060294816452284294,-0.33464085207520133,0.017391072559035665
5000,17,3,CTATCGAT,5 3 2,0.0029633092737015865,0.012777900050456203,0.01574120932415779,0.8117483089972102
5000,18,5,AGTATATC,7 4 2 5 6,0.2647627787328517,-0.004661472709831749,0.26010130602301995,-0.017301607724141407
5000,18,5,AGGATATC,2 6 5 7 4,-0.7770206254230867,-0.03257233935329573,-0.8095929647763824,-0.040232982215072155
5000,18,5,AGGATCTG,5 7 6 2 4,0.6162310289449904,-0.3567804210119334,0.25945060793305696,-0.3666764877512268
5000,18,5,AGAATATC,7 5 4 6 2,1.5650297836176028,0.2651980042266828,1.8302277878442856,0.14489890602035033
5000,19,6,CGATCGAT,1 5 7 0 6 2,1.0796896038710448,-0.3088646940713806,0.7708249097996642,-0.22243616582301434
5000,19,6,CGATCGCT,0 7 5 2 1 6,0.42438220872629495,0.8707203883395742,1.2951025970658692,0.6723176915189903
5000,19,6,CGATCGTA,6 0 7 1 2 5,0.5041166013573464,0.6195786326521286,1.123695234009475,0.5513760438774846
5000,19,6,CGATCTAC,0 6 1 5 2 7,0.8343151458261255,0.8641126349368902,1.6984277807630157,0.5087720801108712
5000,20,4,GGGTATGT,2 3 7 6,8.729428081757568,0.8934128951974074,9.622840976954976,0.09284294496157375
5000,20,4,GGATATTA,2 6 7 3,-0.12933904843194277,0.5010741419773446,0.3717350935454018,0.7948344825272912
5000,20,4,GGGTATCG,7 3 2 6,-0.9378729616279364,0.10722617387876765,-0.8306467877491688,0.10259904561760096
5000,20,4,GGGTATTA,2 6 7 3,0.26309863687435575,0.08098174001670744,0.3440803768910632,0.23535704287590478
5000,21,3,GTATCGTA,4 3 7,-0.12471506522441578,-0.03028190500950423,-0.15499697023392,-0.19537094798564808
5000,21,3,GTATCGTA,7 3 4,-0.12471506522441578,0.046562828897405595,-0.07815223632701018,0.2718554495087836
5000,21,3,GTATCGTA,4 7 3,-0.12471506522441578,0.19935167891057226,0.07463661368615648,0.6151562371593845
5000,21,3,GTATCGTA,3 4 7,-0.12471506522441578,-0.14648714165119436,-0.27120220687561014,-0.5401399322623591
5000,22,5,CAATATAT,3 2 6 1 5,-0.08334840909282604,0.13941561090350696,0.05606720181068092,0.625844384141577
5000,22,5,CAAGATAT,3 6 1 2 5,2.189055499260977,-0.08176811020310915,2.107287389057868,-0.03600812932467546
5000,22,5,CGATATAT,2 6 1 3 5,-0.35891400883939917,0.28426990886878034,-0.07464409997061883,0.44197297389167167
5000,22,5,CGCGATAT,3 1 5 2 6,0.5582079083994063,0.036141135773426925,0.5943490441728332,0.06080793117741987
5000,23,5,ATATCGCG,1 7 3 4 6,0.03164968566295956,0.056577309307618506,0.08822699497057807,0.6412698214020086
5000,23,5,ATATTGAT,7 1 3 6 4,0.8126884013687521,0.6052890410472198,1.417977442415972,0.42686789150603055
5000,23,5,ATATAGCT,4 6 1 7 3,2.64804875986703,-0.7851099623284972,1.8629387975385328,-0.2286844349061771
5000,23,5,ATATCGAT,7 4 3 6 1,1.2445316402148507,0.406431849429846,1.6509634896446967,0.24617858116130362
5000,24,3,TCTAATCG,5 0 1,1.0864322679334975,0.15893761595212164,1.245369883885619,0.1276228195403505
5000,24,3,TATAACCG,1 0 5,-1.4199610779582859,0.2346464173921774,-1.1853146605661085,0.14181394563456684
5000,24,3,TATAAGCG,5 1 0,-0.6447660299877889,0.020399333677703968,-0.6243666963100849,0.03066806360044125
5000,24,3,TGTAATCG,5 1 0,1.5570477156781006,-0.05929803537743039,1.4977496803006702,-0.03668647957202639
5000,25,3,TACTTATA,0 3 6,4.270780171289079,-0.5845781714839653,3.686201999805114,-0.12039856385761524
5000,25,3,AACATATA,6 0 3,0.3350734041272072,-0.14032268511779078,0.19475071900941643,-0.2951700451315129
5000,25,3,TACATATA,0 3 6,1.5219040526144751,-0.10455507259153007,1.417348980022945,-0.06428386116268815
5000,25,3,GACATATA,0 6 3,-0.41008353295673694,-0.05192119877620338,-0.4620047317329403,-0.11238239613142358
5000,26,5,CAGTATCG,4 7 0 3 2,-1.3318469409182874,0.5233092868646221,-0.8085376540536653,0.2820836752331242
5000,26,5,CAGTATCG,7 3 0 4 2,-1.3318469409182874,1.0452952424009876,-0.2865516985172998,0.43972769055884176
5000,26,5,CAATATCG,0 2 3 4 7,0.31535724833032575,0.174509085832959,0.48986633416328473,0.35623816878746917
5000,26,5,GATACTCC,7 2 3 4 0,0.6264967312133991,0.3480737245984473,0.9745704558118464,0.35715603989707595
5000,27,3,ATATCGTA,2 7 0,-0.2227206397170174,-0.009006680617162033,-0.23172732033417942,-0.038867581967345445
5000,27,3,ATATCGTA,7 0 2,-0.2227206397170174,-0.06517570342315082,-0.2878963431401682,-0.22638600654756735
5000,27,3,GTATCGTT,2 7 0,2.1088820942856623,0.2853725235995537,2.394254617885216,0.11919054952126017
5000,27,3,GTATCGTG,0 7 2,1.5129736271518932,-0.2405777698036582,1.272395857348235,-0.13719459276833293
5000,28,2,CGATATTG,4 1,-0.22893794793347566,0.047718176738596574,-0.1812197711948791,0.1724819097902068
5000,28,2,CGATATTG,1 4,-0.22893794793347566,-0.05104635457577644,-0.2799843025092521,-0.18231863043139573
5000,28,2,CGATATTG,1 4,-0.22893794793347566,-0.05104635457577644,-0.2799843025092521,-0.18231863043139573
5000,28,2,CGATATTG,4 1,-0.22893794793347566,0.047718176738596574,-0.1812197711948791,0.1724819097902068
5000,29,5,CGTGATAT,3 2 5 6 0,1.3213328416105226,0.2723220483862585,1.593654889996781,0.17087893376137953
5000,29,5,CGATATAT,2 6 5 0 3,-0.3398224317885816,0.33070161464401426,-0.009120817144567361,0.49319873970732814
5000,29,5,CGCGATAT,3 0 5 6 2,0.8501698181681543,0.5398151806828375,1.3899849988509918,0.38836043635655554
5000,29,5,CGATATAT,6 5 2 0 3,-0.3398224317885816,0.43493663790413084,0.09511420611554922,0.5613830865854037
5000,30,5,CGATATCG,2 3 7 0 6,-0.31117624241204744,-0.006779375334012627,-0.31795561774606007,-0.021321766169978714
5000,30,5,CGTGATAC,3 2 6 0 7,1.3568696951684949,0.2633112057296776,1.6201809008981725,0.16251963319880325
5000,30,5,CGCGATAC,3 0 6 7 2,0.8623755521054957,0.3299736522809136,1.1923492043864092,0.2767424602348103
5000,30,5,CGATATCG,2 0 7 3 6,-0.31117624241204744,-0.07189631446890843,-0.3830725568809559,-0.18768328134570866
5000,31,7,CGATATTA,0 5 6 1 7 4 3,-0.18100172069436127,-0.06279341075168432,-0.2437951314460456,-0.25756630322858254
5000,31,7,GTATCGTA,6 5 4 3 0 7 1,0.051691327031404555,0.2159228479033608,0.26761417493476536,0.8068438376106011
5000,31,7,ATATTGTA,4 6 7 3 1 5 0,1.2462551873559349,0.42885656520628856,1.6751117525622234,0.25601668936434635
5000,31,7,CGATCGAT,1 5 4 7 0 6 3,1.2401388588433164,0.06841417394566385,1.3085530327889803,0.05228230895606082
10000,0,6,CGATATAT,0 1 6 4 5 7,-1.0927119817074837,-0.39819192511563717,-1.490903906823121,-0.26708087844784095
10000,0,6,CGATATCT,5 1 4 0 6 7,-0.7028345921983008,0.35243843150216314,-0.35039616069613766,0.33397843362496654
10000,0,6,CTATATAT,1 7 0 6 5 4,0.20792901986499324,0.05839741181499036,0.2663264316799836,0.21927005684948453
10000,0,6,CGATCTAC,7 0 5 4 1 6,1.309567686339025,-0.1302649962253808,1.1793026901136443,-0.09047231515357261
10000,1,4,GATACGCC,5 3 0 1,-0.23104920872056395,0.06245963223252815,-0.1685895764880358,0.21280323969018128
10000,1,4,GATACGCC,5 3 1 0,-0.23104920872056395,0.10784846608501297,-0.12320074263555097,0.3182331249303638
10000,1,4,GATACGCC,0 1 5 3,-0.23104920872056395,0.03025394043859464,-0.2007952682819693,0.11578100201221493
10000,1,4,GATACGCC,3 1 0 5,-0.23104920872056395,0.046499971477057755,-0.1845492372435062,0.16753777274336987
10000,2,5,CGTCGATA,7 5 0 3 2,2.8667514411023376,0.2361080915851419,3.1028595326874795,0.07609370939864674
10000,2,5,TGCGGATC,2 3 5 0 7,-0.5988297401597764,-0.011575990935168257,-0.6104057310949447,-0.01896442045916454
10000,2,5,TGGTGATC,5 2 3 7 0,1.7563264019702025,-0.05307969370970422,1.7032467082604983,-0.029335423284157155
10000,2,5,CGATGATA,2 5 7 3 0,0.1990275866001472,0.13621461686289127,0.33524220346303846,0.4063170312562075
10000,3,5,ACGGTATC,6 0 3 2 5,0.007068682007376648,0.22919344932415964,0.23626213133153628,0.9700811891963445
10000,3,5,ACGATATC,5 3 0 6 2,-0.8572579278945576,0.17563241321654033,-0.6816255146780172,0.17003974790548387
10000,3,5,ACGATATC,5 2 0 6 3,-0.8572579278945576,0.22043345470041942,-0.6368244731941382,0.20454228201179164
10000,3,5,TCTATATC,3 5 2 6 0,1.3490495959405524,-0.24435569796180712,1.1046938979787453,-0.1533543906857264
10000,4,1,CTATATCG,5,-0.11204805541069796,0.0,-0.11204805541069796,0.0
10000,4,1,CTATATCG,5,-0.11204805541069796,0.0,-0.11204805541069796,0.0
10000,4,1,CTATATCG,5,-0.11204805541069796,0.0,-0.11204805541069796,0.0
10000,4,1,CTATATCG,5,-0.11204805541069796,0.0,-0.11204805541069796,0.0
10000,5,7,GTATCGCC,4 6 7 2 1 3 0,0.3055817099477167,0.18909654502673412,0.49467825497445084,0.3822616885322776
10000,5,7,CTATCGCT,7 6 3 2 0 1 4,-0.67661309563539,0.6360414606631366,-0.040571634972253356,0.4845459588824882
10000,5,7,CTATCGCG,1 4 2 7 6 3 0,-0.05430330640386405,0.09705486554166676,0.04275155913780271,0.6412264649747081
10000,5,7,ATATCGAG,1 7 4 0 3 6 2,1.8728533671229508,-0.8643645745967614,1.0084887925261894,-0.3157821529014628
10000,6,3,AGGATTTC,1 2 6,3.870729877231031,0.18394427554260773,4.0546741527736385,0.04536598222492895
10000,6,3,ATTATTCC,1 6 2,1.7588602756251959,0.019813715824754663,1.7786739914499505,0.011139599454424358
10000,6,3,ATCATTCC,2 1 6,-1.4677746866244274,-0.08286315327798688,-1.5506378399024143,-0.05343810859355894
10000,6,3,ATTATTCC,6 1 2,1.7588602756251959,0.09752268285480303,1.856382958479999,0.052533709388635164
10000,7,3,TCCGATAG,4 7 3,-0.13739351826339297,0.31876992776091795,0.18137640949752498,0.6988063829733725
10000,7,3,TCCGATAC,7 4 3,-0.18709015982457616,-0.14861110424079493,-0.3357012640653711,-0.4426885452890517
10000,7,3,TCCGATAC,3 7 4,-0.18709015982457616,0.04678525297514602,-0.14030490684943014,0.20004348646606257
10000,7,3,TCCGATAC,3 4 7,-0.18709015982457616,0.12097663233600064,-0.06611352748857552,0.3926961146560151
10000,8,5,TTAATCCA,5 7 0 6 1,-1.6144424511985909,0.05798444194018604,-1.5564580092584048,0.034670838036670176
10000,8,5,AGAATATC,7 1 6 5 0,3.2022052676647617,-0.14582311667288028,3.0563821509918814,-0.04355492245975365
10000,8,5,TTAATCCC,7 1 5 6 0,-0.05218163640394735,0.7933230916360516,0.7411414552321043,0.9382834481305482
10000,8,5,GTAATCCG,7 6 0 1 5,0.32379877740462204,-0.05515694312177821,0.2686418342828438,-0.14554983639027996
10000,9,5,GATACGTA,4 1 0 6 3,-0.2929401207635569,-0.0593478772319358,-0.3522879979954927,-0.16846409065770987
10000,9,5,TATCAGTA,1 3 4 0 6,0.22244480940488298,-0.3748066220728816,-0.15236181266799864,-0.6275524884812863
10000,9,5,GATACGCA,4 0 1 6 3,0.7325322525844646,-0.4819078839891242,0.25062436859534043,-0.3968148527672801
10000,9,5,GATAGGCA,0 3 1 4 6,-0.7717054866229858,-0.05246903526563074,-0.8241745218886165,-0.06366253004933546
10000,10,5,CTATCGCA,5 0 3 1 6,0.09270422173722714,0.2432418116842765,0.33594603342150364,0.7240502565454812
10000,10,5,GTATCGTA,0 3 1 6 5,0.16458558247856026,-0.4236301831671989,-0.25904460068863866,-0.7201952207148448
10000,10,5,ATATCGTA,5 0 3 1 6,-0.35042601028254516,-0.07929516293788463,-0.4297211732204298,-0.1845270093247404
10000,10,5,TGATCGTA,5 1 6 0 3,1.3623422121809519,0.04241320984829855,1.4047554220292504,0.03019259380186639
10000,11,2,CGATATAG,3 5,-0.0942090190454592,-0.008447022158879047,-0.10265604120433824,-0.08228470589534166
10000,11,2,CGATATAG,5 3,-0.0942090190454592,0.008363031800609821,-0.08584598724484938,0.0815332415763073
10000,11,2,CGATATAG,3 5,-0.0942090190454592,-0.008447022158879047,-0.10265604120433824,-0.08228470589534166
10000,11,2,CGATATAG,3 5,-0.0942090190454592,-0.008447022158879047,-0.10265604120433824,-0.08228470589534166
10000,12,4,GTATCGTA,1 3 0 6,0.2592997613089847,0.010715956558825734,0.2700157178678104,0.039686417677625214
10000,12,4,GTATCGTA,6 0 1 3,0.2592997613089847,0.16538010839501238,0.42467986970399707,0.3894229988115112
10000,12,4,ATATCGCA,0 3 1 6,0.25558910185458883,0.062152043459617,0.31774114531420583,0.19560590240258777
10000,12,4,CTATCGGA,3 0 1 6,-0.0172549565768092,0.33860158524333794,0.32134662866652874,0.9515114813161704
10000,13,4,GATACGTA,1 4 0 5,-0.6224713698218429,-0.07094182804591531,-0.6934131978677582,-0.1023081594986381
10000,13,4,GATACCTA,1 0 5 4,0.40082907394234324,0.4480832273052484,0.8489123012475916,0.5278321761231748
10000,13,4,GGTAGATA,0 4 5 1,-0.06272698656178655,0.9978278964312066,0.9351009098694201,0.9408545587148073
10000,13,4,GATACGTA,4 0 1 5,-0.6224713698218429,-0.37024781000233764,-0.9927191798241806,-0.37296328863910116
10000,14,4,ATCCGCTG,1 2 3 5,1.6960302110725491,-0.6586809321429721,1.037349278929577,-0.2797289739935989
10000,14,4,AGCGGATG,3 1 5 2,1.2143890490257832,0.17271959435927453,1.3871086433850577,0.12451771184827663
10000,14,4,ACCCGATG,1 3 2 5,2.1089380178119885,0.48319520726040555,2.592133225072394,0.18640832291592987
10000,14,4,AGTCGATG,2 3 1 5,5.4639583902697915,-0.7078630989379442,4.756095291331848,-0.11469273701057922
10000,15,5,TATGAATC,7 5 2 1 6,4.15929962252705,-0.3286822868375001,3.83061733568955,-0.0732360988692216
10000,15,5,TGCGATCC,7 1 5 2 6,-0.2071822168709403,0.4611006304292582,0.2539184135583179,0.6899782514126503
10000,15,5,TCAGATAC,1 5 7 6 2,1.228244568335274,0.17717627797942548,1.4054208463146995,0.12606635118869758
10000,15,5,TGTGATCG,7 1 5 6 2,0.17704241562269463,0.20118775811984335,0.378230173742538,0.5319188475343383
10000,16,3,CGGTATAT,7 2 4,0.6230420888112254,0.16262897576127555,0.7856710645725009,0.20699371924784474
10000,16,3,CGATCTAT,7 2 4,0.6292413327108357,0.4530985264127816,1.0823398591236173,0.4186286983643571
10000,16,3,CGATATAT,2 4 7,-0.3645353495184894,-0.1569067916859499,-0.5214421412044393,-0.300909303807941
10000,16,3,CGATATAT,7 4 2,-0.3645353495184894,0.1317844384323248,-0.23275091108616464,0.26552324052287185
10000,17,4,TTCAGATA,6 0 2 7,0.43735137879060115,0.14904771585475896,0.5863990946453601,0.2541745326958586
10000,17,4,CTTAGATA,2 7 0 6,0.9279519261131326,0.08861205780947179,1.0165639839226044,0.08716820506225827
10000,17,4,CTTAGATA,2 7 6 0,0.9279519261131326,0.22040111625635594,1.1483530423694885,0.19192801179120378
10000,17,4,GTCAGATA,2 7 6 0,0.32892303903473197,0.11634898109564018,0.44527202013037215,0.2612986575297817
10000,18,2,ATCCGATA,7 6,-0.04233977881501638,-0.013055525785525601,-0.055395304600541984,-0.2356792850886836
10000,18,2,ATCCGATA,6 7,-0.04233977881501638,0.01346257508711024,-0.028877203727906142,0.24125460927190712
10000,18,2,ATCCGATA,7 6,-0.04233977881501638,-0.013055525785525601,-0.055395304600541984,-0.2356792850886836
10000,18,2,ATCCGATA,7 6,-0.04233977881501638,-0.013055525785525601,-0.055395304600541984,-0.2356792850886836
10000,19,4,GTATCCCC,5 3 2 4,0.09151252908856478,0.19705154656034818,0.28856407564891295,0.6828692938205334
10000,19,4,GTATCCCC,3 4 5 2,0.09151252908856478,-0.4014825494720329,-0.3099700203834681,-0.8143743557121204
10000,19,4,GTGATCCC,3 2 5 4,0.31875433720587165,-0.2653098451022222,0.05344449210364943,-0.4542477575902288
10000,19,4,GTATCGCC,4 2 3 5,-0.7434564074123655,0.4395542296473609,-0.3039021777650046,0.37155560218785183
10000,20,4,TGATCTTC,5 2 1 4,-0.20298504360414005,0.0790468631205119,-0.12393818048362815,0.2802763135508829
10000,20,4,TGATCCTC,1 5 2 4,-0.5611628161491033,-0.3280655179675973,-0.8892283341167007,-0.36893282116732756
10000,20,4,TATTGATC,2 1 4 5,1.175958514526266,-0.4634389073455867,0.7125196071806794,-0.2826885666420259
10000,20,4,TGATCCTC,2 5 4 1,-0.5611628161491033,0.4690200447532975,-0.09214277139580584,0.4552784389583553
10000,21,5,ACGGTATC,1 4 2 3 0,-0.15369102793496214,-0.738392842396455,-0.8920838703314171,-0.8277168402586804
10000,21,5,TGCAGATC,3 1 4 2 0,-0.04183817856414507,0.37916071900996773,0.33732254044582266,0.9006216434170594
10000,21,5,GCTGGATC,2 0 4 1 3,3.364481782746508,-0.1463892999051586,3.2180924828413495,-0.04169600548095166
10000,21,5,TCTGGATC,4 2 1 3 0,0.2240476335713253,0.2758651641757117,0.499912797747037,0.551826569391615
10000,22,3,ATATCGTC,0 6 4,0.550652075762406,0.03419911214752691,0.584851187909933,0.058474895587958646
10000,22,3,ATATCGCC,0 6 4,-0.3520024785436492,0.13000361868919308,-0.2219988598544561,0.26971363938243365
10000,22,3,ATATCGCC,6 0 4,-0.3520024785436492,0.04508237788261349,-0.3069201006610357,0.11353335981722369
10000,22,3,CTATCGCC,4 6 0,0.4510176223720075,0.05410732259971107,0.5051249449717186,0.10711671070360718
10000,23,2,ATGGGGAT,0 5,-0.13147053046967594,-0.33617586493199836,-0.4676463954016743,-0.7188676492272493
10000,23,2,ATGGGGAT,5 0,-0.13147053046967594,0.24534505009943475,0.11387451962975881,0.6511011294407895
10000,23,2,TTGGGTAT,5 0,0.5632084461762177,0.1443448384885091,0.7075532846647268,0.2040056086474204
10000,23,2,CTGGGGAT,0 5,-1.0631407654495504,0.09634041913825997,-0.9668003463112904,0.08308924751763738
10000,24,6,GTATCGCC,0 7 3 6 2 1,0.6094058896535044,0.3367294625851516,0.946135352238656,0.35589988450216364
10000,24,6,GATACGGA,7 2 6 1 3 0,1.9316155692754506,-0.4254813699015667,1.506134199373884,-0.18051076424974016
10000,24,6,ATATCGGG,0 6 3 7 1 2,1.6144196999670761,-0.992449748925532,0.6219699510415442,-0.3807055813044732
10000,24,6,GATACGCC,7 0 6 2 3 1,0.25899882095152016,0.5444825931260304,0.8034814140775506,0.6776542476108576
10000,25,7,GTATCTTA,4 0 3 1 6 7 5,0.9799428044390064,-0.2583350809724845,0.7216077234665219,-0.20862448083423327
10000,25,7,GTATCCCA,4 7 0 3 1 6 5,2.879590763689368,-0.18168574218702638,2.6979050215023417,-0.05934966731631864
10000,25,7,CGATATTA,6 5 3 4 1 0 7,-0.15794069422692036,-0.26825563425026466,-0.426196328477185,-0.6294179849196538
10000,25,7,TGATACCG,0 3 7 6 5 1 4,0.5952512596997597,0.061253819879029336,0.656505079578789,0.09330288795073687
10000,26,4,CGGTATTG,1 7 6 0,-0.7617743785615354,0.06530872035750734,-0.6964656582040281,0.07896270694306612
10000,26,4,CGGTATCA,7 6 0 1,-0.30559454357563043,0.054486844839189974,-0.25110769873644045,0.15131813693303173
10000,26,4,GGGTATTG,1 7 6 0,-0.5033277234054836,0.6200421009397576,0.11671437753427405,0.5519483321542402
10000,26,4,CGGTATAT,7 0 1 6,-0.29997789626107885,-0.007094132316455948,-0.3070720285775348,-0.0231025025278872
10000,27,2,TTGATCCC,2 7,0.8647668601127212,0.035662202988155256,0.9004290631008764,0.03960578845083321
10000,27,2,TTAATCCC,7 2,0.7842639417167727,-0.05508934138837951,0.7291746003283932,-0.06563308025028365
10000,27,2,TTAATCCG,2 7,-0.625770224115656,0.06273355978465789,-0.5630366643309981,0.09111578069953043
10000,27,2,TTGATCCC,2 7,0.8647668601127212,0.035662202988155256,0.9004290631008764,0.03960578845083321
10000,28,7,CGATATCG,7 4 0 3 1 6 2,-0.3004887291296985,-0.07063719733170792,-0.3711259264614064,-0.19033215492438393
10000,28,7,TATCATAC,0 4 1 6 2 7 3,3.5727066192172874,-0.07216918699915986,3.5005374322181275,-0.01980017724501699
10000,28,7,CGATATCG,0 7 1 4 2 6 3,-0.3004887291296985,0.5811997148159929,0.2807109856862944,0.6591894436259533
10000,28,7,CACGATAT,4 0 7 1 3 2 6,0.44075356174121705,-0.8132037880817773,-0.37245022634056024,-0.648509925952878
10000,29,6,CTATATAT,2 3 7 0 5 1,0.44121194681830955,0.5682211798119532,1.0094331266302627,0.562911167487455
10000,29,6,CGATATAG,2 1 7 3 0 5,-0.21714501996811375,0.03906685818998401,-0.17807816177812974,0.15247871593945955
10000,29,6,CAGTATAT,0 1 7 5 2 3,0.18706973832799711,-0.026412653156000943,0.16065708517199617,-0.12372286525552038
10000,29,6,TGATACAC,7 1 3 0 2 5,1.796951278060611,0.2211450270218016,2.0180963050824126,0.10958100783637814
10000,30,4,AATGGATA,0 6 1 2,3.4693839821764776,-0.007850675709979882,3.4615333064664977,-0.0022577353795132427
10000,30,4,GATGGATA,2 6 0 1,1.1775867227553665,0.02297186101987947,1.200558583775246,0.01913431075361832
10000,30,4,TTTGGATA,2 0 1 6,0.7852015873579075,0.10808613412044421,0.8932877214783517,0.12099811910720819
10000,30,4,TGCGGATA,0 6 1 2,-1.54481512856932,0.2983626729014639,-1.246452455667856,0.16187405938992003
10000,31,7,CGATATAA,5 6 4 3 2 0 1,-0.499972151729998,0.1682480610754009,-0.33172409065459707,0.25178535137248026
10000,31,7,CTATCCCA,3 6 2 0 5 1 4,1.1033276556776315,0.12213501970571983,1.2254626753833513,0.09966441423237418
10000,31,7,GTATCGTA,4 5 0 2 1 6 3,-0.39424876437784695,0.6153792527073847,0.22113048832953774,0.6095108716217758
10000,31,7,GTCCGATA,1 4 3 2 5 0 6,1.7902263730508494,0.6661421977822961,2.4563685708331455,0.2711898392171479
15000,0,2,CGATATCG,7 0,-0.2524944328727692,0.0769082092271316,-0.17558622364563758,0.23347781528663933
15000,0,2,CGATATCA,0 7,0.5965224281254682,-0.010047463808109836,0.5864749643173583,-0.016564395862249746
15000,0,2,CGATATCG,0 7,-0.2524944328727692,-0.0698401882721913,-0.3223346211449605,-0.21666983218902425
15000,0,2,CGATATCT,7 0,-0.2696926288356616,-0.016894225997474033,-0.2865868548331356,-0.05894975890401759
15000,1,3,ATCATATA,3 2 1,-0.30230780929138534,-0.13018235385963273,-0.43249016315101807,-0.30100650824322983
15000,1,3,ATATTATA,1 3 2,-0.10172024955614845,0.40906024332866586,0.3073399937725174,0.8008533000513641
15000,1,3,ACGATATA,2 1 3,0.11029457684779986,-0.19099484760455931,-0.08070027075675945,-0.6339248314198961
15000,1,3,ACGATATA,3 1 2,0.11029457684779986,0.30330891530819093,0.4136034921559908,0.7333325783279359
15000,2,5,ATATCGCC,7 6 3 5 2,-0.25950404543833305,0.4458096297675107,0.18630558432917765,0.6320728569985581
15000,2,5,ATATCGTA,2 6 5 3 7,-0.44335291471554594,0.043722810625851594,-0.39963010408969435,0.08976594059415653
15000,2,5,ATATCGCC,2 3 7 6 5,-0.25950404543833305,3.8683436188513554e-05,-0.25946536200214454,0.00014904457680729494
15000,2,5,ATATCGTA,6 2 7 3 5,-0.44335291471554594,-0.25784814503806786,-0.7012010597536138,-0.3677235529687731
15000,3,4,ATATCGTA,0 1 6 5,-0.2938995027881206,-0.24102718774258536,-0.534926690530706,-0.45057984955557173
15000,3,4,CGATCGCA,6 0 1 5,-0.14389395201183275,-0.14243023410187794,-0.2863241861137107,-0.497443949933427
15000,3,4,CTATCGCA,0 6 5 1,0.020546975556506197,0.04849454309509227,0.06904151865159847,0.702396819221321
15000,3,4,CTATCATA,0 6 1 5,0.07914422268664278,0.14057459244755233,0.2197188151341951,0.6397931481730192
15000,4,2,CACCGATA,3 0,0.45689811235370836,0.1308347213009995,0.5877328336547079,0.22260917513732897
15000,4,2,CACTGATA,3 0,-0.39870106466692823,0.11644013789536833,-0.2822609267715599,0.22603538081636385
15000,4,2,GACGGATA,0 3,0.9568351745488521,0.1848115367081684,1.1416467112570206,0.16188154784301
15000,4,2,AACTGATA,3 0,0.6902245095027926,0.03918960238140423,0.7294141118841968,0.05372750779412676
15000,5,3,CTATCGCT,3 0 5,-0.4913168145046858,-0.007444467714647907,-0.4987612822193337,-0.014925913417982896
15000,5,3,CTATCTCT,3 0 5,0.029040056519430646,0.1299663863431917,0.15900644286262233,0.8173655356561838
15000,5,3,CTATCGCT,3 5 0,-0.4913168145046858,-0.09056350248179879,-0.5818803169864846,-0.15563939840897267
15000,5,3,CTATCTCT,3 0 5,0.029040056519430646,0.1299663863431917,0.15900644286262233,0.8173655356561838
15000,6,5,CGGTCGTG,2 7 6 5 3,0.34939146777814933,-1.70949220614835,-1.3601007383702006,-0.830300530232568
15000,6,5,CGATCGTA,5 7 3 2 6,-0.20616634463157313,0.434325320526721,0.2281589758951479,0.6781123692208857
15000,6,5,CGATCTCC,3 7 6 2 5,0.15467198812009952,-0.5318599015694421,-0.37718791344934255,-0.7747053116643363
15000,6,5,CGATCGTA,5 7 6 3 2,-0.20616634463157313,0.48267257341346337,0.27650622878189024,0.7007045635332498
15000,7,3,CGATATTA,4 7 0,-0.6843517777717156,-0.07188906732675338,-0.756240845098469,-0.09506107451441982
15000,7,3,TGATCTTC,7 4 0,0.5502661583443853,0.17034047836948174,0.720606636713867,0.23638483146127232
15000,7,3,CGATATTG,4 0 7,-0.1332137551694259,0.0389478151244369,-0.094265940044989,0.22622827532274958
15000,7,3,CGATATTA,7 0 4,-0.6843517777717156,0.1707640045535872,-0.5135877732181284,0.19969693938899286
15000,8,5,ATATCGCT,6 7 3 5 1,-0.08255475892645148,-0.3112480667234925,-0.39380282564994395,-0.7903652448653697
15000,8,5,ATATCGTA,5 6 1 3 7,-0.4338999143481941,-0.03570578188260587,-0.46960569623079995,-0.07603353658013835
15000,8,5,ATATCGCG,7 1 3 5 6,-0.3344407546764274,-0.24917855324766336,-0.5836193079240908,-0.42695392332714444
15000,8,5,ATATCGTT,1 3 6 5 7,0.7309531362056703,0.2737188958582699,1.0046720320639402,0.27244601932031254
15000,9,3,GAGTGATC,2 6 0,0.031567248980710394,0.08486503217874541,0.11643228115945581,0.7288788928091294
15000,9,3,TACTGATC,6 2 0,0.3888922066257905,0.2481729833240336,0.6370651899498241,0.38955665328940664
15000,9,3,CATTGATC,2 0 6,1.1628158577221468,0.023685259329680797,1.1865011170518276,0.019962273098008555
15000,9,3,AAGTGATC,2 0 6,-1.1780033789730413,0.03831663188632417,-1.1396867470867171,0.0315020977573594
15000,10,5,CGATATAT,3 7 5 6 2,-0.7641079711149041,-0.3534584437711583,-1.1175664148860625,-0.31627511265824315
15000,10,5,CGATATCT,2 7 5 3 6,-0.06459761210828852,0.18481944194325362,0.1202218298349651,0.7410056326984786
15000,10,5,CGATATAC,3 2 5 6 7,0.2986040456617598,0.3545671317546839,0.6531711774164437,0.5428395250953056
15000,10,5,CGATACCT,5 7 2 3 6,0.28129100468566914,-0.3682550466952961,-0.08696404200962693,-0.566942168168629
15000,11,4,ATACTATA,3 6 1 0,-0.5512899013488943,0.0007471768171769533,-0.5505427245317174,0.0013534902757966149
15000,11,4,GTATTATA,6 1 0 3,-1.104331406866868,-0.04983328074763138,-1.1541646876144993,-0.04317692378080806
15000,11,4,GGATTATA,0 1 3 6,-0.9972625224700797,0.3706659800907728,-0.626596542379307,0.27096882578063225
15000,11,4,CGATTATA,6 1 3 0,0.1956302587567258,0.37656732970789,0.5721975884646158,0.6581071596584972
15000,12,3,ATATCGCA,5 7 0,0.16681004382377873,-0.0013858827865749213,0.1654241610372038,-0.00823969292541482
15000,12,3,CTATCGCG,7 5 0,-0.04899776217185936,-0.324414461397867,-0.37341222356972636,-0.86878372190537
15000,12,3,GTATCGCA,5 0 7,-0.31351550426077823,0.03929483397266642,-0.2742206702881118,0.11137665117586815
15000,12,3,CTATCGCT,5 7 0,-0.381632293495068,-0.20094655109591386,-0.5825788445909819,-0.34492593227787877
15000,13,4,ATGATCCG,4 7 5 1,-0.24653327136032277,0.37879900488938656,0.1322657335290638,0.6057563622993347
15000,13,4,ATGATCCC,1 5 7 4,-0.5184789983263525,0.12320053980622347,-0.395278458520129,0.19199698990677383
15000,13,4,ATGATGCC,1 7 4 5,-0.07107578042092033,0.10255347772916323,0.0314776973082429,0.5906462932676757
15000,13,4,ATGATCCA,5 4 1 7,0.20052827648103655,0.14701179820754717,0.3475400746885837,0.42300675206817046
15000,14,6,GATACGCG,0 3 4 6 1 5,-0.5300385810341792,0.117362486041789,-0.4126760949923902,0.18128250324310524
15000,14,6,TATCATAG,5 4 1 6 3 0,1.2039904611855077,0.6397740200371258,1.8437644812226335,0.34699335330121994
15000,14,6,TATAGGCG,0 1 4 6 5 3,-0.6065710167997809,-0.5715992792681126,-1.1781702960678935,-0.4851584538973757
15000,14,6,TATACGTG,0 4 1 5 3 6,-0.09669894146146962,0.6863933684755006,0.589694427014031,0.8765165482607629
15000,15,4,TGTCGATA,4 5 6 0,-0.4590086588972254,0.029329914877657792,-0.4296787440195676,0.06006061460788564
15000,15,4,TGTCGATA,6 4 5 0,-0.4590086588972254,-0.021168471967334845,-0.48017713086456026,-0.04408471500760761
15000,15,4,TGTCGATA,6 0 5 4,-0.4590086588972254,0.011425691934769056,-0.44758296696245636,0.024287537495002138
15000,15,4,TGTCGATA,6 5 4 0,-0.4590086588972254,0.02350242743129005,-0.43550623146593537,0.04870857498865535
15000,16,3,CACGGATC,4 0 6,0.38849012319838305,0.42529383370988905,0.8137839569082721,0.522612703407997
15000,16,3,TACGGATC,0 6 4,-0.3858445619800426,0.005242722603222116,-0.38060183937682046,0.013405505138855802
15000,16,3,CACGGATC,6 4 0,0.38849012319838305,-0.29285524530000107,0.09563487789838199,-0.4298190885856086
15000,16,3,CACGGATC,0 4 6,0.38849012319838305,0.2054460577141577,0.5939361809125407,0.3459059480069128
15000,17,1,ATATCGTA,1,-0.03240545574459475,0.0,-0.03240545574459475,0.0
15000,17,1,ATATCGTA,1,-0.03240545574459475,0.0,-0.03240545574459475,0.0
15000,17,1,ATATCGTA,1,-0.03240545574459475,0.0,-0.03240545574459475,0.0
15000,17,1,ATATCGTA,1,-0.03240545574459475,0.0,-0.03240545574459475,0.0
15000,18,4,CGTGATAC,0 5 2 1,0.04354199019139893,0.10127575993149085,0.14481775012288978,0.6993325047899863
15000,18,4,TGCGATAC,2 0 1 5,0.10147422105919501,0.07936871248443156,0.18084293354362657,0.4388820228095041
15000,18,4,TGTGATAC,1 5 0 2,-0.32169030296509815,0.17880181980402154,-0.1428884831610766,0.3572520159053612
15000,18,4,CGAGATAC,1 0 2 5,1.3006057811235516,0.3620790392369715,1.6626848203605231,0.21776769403503737
15000,19,6,CGGTATTG,6 2 0 7 5 4,0.6817635000805824,0.4627807217947266,1.144544221875309,0.4043362527631053
15000,19,6,CGATATTA,4 7 0 5 6 2,0.7096092142874233,-0.18040288267868831,0.529206331608735,-0.20269711309952834
15000,19,6,CGATATCG,6 0 2 7 5 4,-0.2804829750810529,-0.3206970524413215,-0.6011800275223744,-0.5334459525593371
15000,19,6,CGATATCG,0 7 5 4 6 2,-0.2804829750810529,0.32764706943205724,0.047164094351004326,0.5387779676210255
15000,20,3,ATATCGCG,7 6 5,-0.3398849629804199,-0.35918264015690626,-0.6990676031373262,-0.5138024399141663
15000,20,3,ATATCGTA,6 7 5,-0.4592563480084282,-0.14747645623744576,-0.606732804245874,-0.2430665611046836
15000,20,3,ATATCCGC,5 7 6,0.2900823654015898,-0.17307869828001898,0.11700366712157084,-0.3736900872112139
15000,20,3,ATATCGCC,6 5 7,-0.3797482528802403,-0.07316819892598558,-0.45291645180622586,-0.1615489979094193
15000,21,4,CTATCTCA,3 7 6 2,-0.15657829009293533,-0.04232987011012579,-0.19890816020306112,-0.21281112884917402
15000,21,4,CTATCTAT,7 3 6 2,-0.30094985297949517,-0.0641346884686218,-0.365084541448117,-0.17567078631768399
15000,21,4,CTATCTCG,3 7 6 2,2.2837456627905737,0.01032691146515452,2.294072574255728,0.004501562671139515
15000,21,4,CTATCTTC,6 7 3 2,0.5025498597400415,0.1689375469518022,0.6714874066918437,0.2515870666645731
15000,22,4,CTATCGTA,6 4 3 0,-0.25066839029066945,0.027707018687056717,-0.22296137160361273,0.09953112880482075
15000,22,4,GTATCGTA,6 4 3 0,0.10221756136486038,0.20915360374765646,0.31137116511251683,0.6717179597284703
15000,22,4,CTATCGTA,4 6 0 3,-0.25066839029066945,0.09711297674350661,-0.15355541354716284,0.27923570941039927
15000,22,4,CTATCGTA,4 3 6 0,-0.25066839029066945,0.04649438083417934,-0.2041740094564901,0.15646098822602975
15000,23,4,TATACGCC,1 7 2 3,3.0691191667012445,0.3309450636917859,3.4000642303930304,0.09733494465589267
15000,23,4,TATACGCG,7 1 2 3,-0.002875686787705334,0.07623938935534191,0.07336370256763658,0.9636518483214775
15000,23,4,TATACGCA,3 1 7 2,-0.7175038591989988,-0.8356351602284748,-1.5531390194274737,-0.538029854234498
15000,23,4,TTATCGCG,3 7 1 2,0.8418727144343121,-0.06007623893715586,0.7817964754971563,-0.06660713858871062
15000,24,7,CGCTATCA,4 7 6 0 5 3 2,-0.5082929704094612,0.5151011918570614,0.006808221447600182,0.5033262948425081
15000,24,7,CGGTATTG,5 7 2 3 0 4 6,0.26016267584546515,0.16641730302824165,0.4265799788737068,0.39011981637682797
15000,24,7,CGATATCG,0 3 5 2 6 4 7,-0.4797557733218274,-0.0992870703623705,-0.5790428436841979,-0.17146757177871336
15000,24,7,CGGTATTA,2 7 0 3 4 6 5,1.4308677547023585,0.519710525056496,1.9505782797588544,0.26643920443979646
15000,25,4,AGGATATC,7 1 3 4,-0.030949045244126783,0.21662781441684276,0.18567876917271597,0.8749921729902049
15000,25,4,AGGGGATC,1 7 4 3,1.682700263619509,0.49120193625703834,2.1739021998765473,0.2259540177497097
15000,25,4,ATGATATC,7 3 1 4,0.01612308253932815,0.3743100704871156,0.39043315302644377,0.9587046273751344
15000,25,4,AGGATATC,4 7 1 3,-0.030949045244126783,0.21038585210319072,0.17943680685906394,0.8717589309117346
15000,26,2,TGCGATAT,7 1,1.0066676449312104,-0.5076818598222563,0.4989857851089541,-0.33524748298108764
15000,26,2,TCCGATAC,7 1,0.38846236851807303,0.14158369128588033,0.5300460598039534,0.2671158263835552
15000,26,2,TACGATAT,1 7,-0.706143207019827,0.03179953386187595,-0.6743436731579511,0.04309214265578584
15000,26,2,TACGATAT,1 7,-0.706143207019827,0.03179953386187595,-0.6743436731579511,0.04309214265578584
15000,27,4,TGATCTTA,5 0 1 6,0.3488617834994283,-1.341732469393337,-0.9928706858939087,-0.7936454693948634
15000,27,4,CTATCTCA,1 5 0 6,-0.20662722750961926,-0.3588054646420664,-0.5654326921516857,-0.6345679505666283
15000,27,4,ATATCGTA,5 0 6 1,-0.2938995027881206,-0.022155730240339455,-0.31605523302846006,-0.07010081759457652
15000,27,4,ATATCGCA,1 5 0 6,0.06731536415027772,0.16147249056041257,0.2287878547106903,0.7057738740747397
15000,28,2,ATGCGATA,6 7,-0.17555519343307768,0.03650649168886844,-0.13904870174420925,0.17215034233022986
15000,28,2,ATGCGATA,7 6,-0.17555519343307768,-0.035504657799521055,-0.21105985123259874,-0.16822080368280518
15000,28,2,ATGCGATA,6 7,-0.17555519343307768,0.03650649168886844,-0.13904870174420925,0.17215034233022986
15000,28,2,ATGCGATA,6 7,-0.17555519343307768,0.03650649168886844,-0.13904870174420925,0.17215034233022986
15000,29,5,CGATATAT,7 6 4 3 2,-0.6092262691459058,0.18702822383952977,-0.42219804530637606,0.23488498399336596
15000,29,5,CGATATAT,3 2 7 6 4,-0.6092262691459058,-0.17119451779412387,-0.7804207869400297,-0.219361811805865
15000,29,5,CGATATAT,6 4 3 7 2,-0.6092262691459058,-0.06596902925061343,-0.6751952983965193,-0.09770362650225692
15000,29,5,CGATATCT,2 7 4 6 3,-0.1420377685728491,0.3337970832924455,0.1917593147195964,0.7014977612168287
15000,30,3,ACATCCTG,5 1 4,-0.346588929007269,-0.057677345896378185,-0.4042662749036472,-0.14267167329286867
15000,30,3,ATATCGTG,5 4 1,-0.2883415667906254,0.05131520966284553,-0.23702635712777986,0.15107959923147632
15000,30,3,ATATCGTG,1 4 5,-0.2883415667906254,-0.06934931238896569,-0.3576908791795911,-0.19388057237586556
15000,30,3,ATATCGTG,4 5 1,-0.2883415667906254,0.05962005147927085,-0.22872151531135454,0.17134088459442268
15000,31,5,ATCATCCT,2 0 1 4 7,3.6542013304972123,1.560840480117493,5.215041810614705,0.2992958708289847
15000,31,5,ATAATCCT,0 7 2 1 4,0.5582645278598273,-0.4109859743201971,0.14727855353963015,-0.4240245152267792
15000,31,5,TTAATCCC,7 0 1 2 4,0.2775977578138127,0.38051192707136927,0.658109684885182,0.5781892225727628
15000,31,5,TAGACCCC,7 1 2 0 4,0.13084278149837303,-0.17003836824763408,-0.03919558674926105,-0.5651346665990018
20000,0,2,ATATCGTA,5 6,-0.4057304365365558,0.05489125304527309,-0.35083918349128274,0.11916775585427947
20000,0,2,ATATCGTA,5 6,-0.4057304365365558,0.05489125304527309,-0.35083918349128274,0.11916775585427947
20000,0,2,ATATCGCA,5 6,0.3873150301249497,0.028434040058987087,0.4157490701839368,0.06839231184908537
20000,0,2,ATATCCGA,5 6,1.3781035793584704,-0.3951511816289619,0.9829523977295085,-0.22283948720877703
20000,1,2,CGATATAT,2 0,-0.16573570773860202,0.0392848857899567,-0.12645082194864532,0.19161434036373737
20000,1,2,CGATATAT,2 0,-0.16573570773860202,0.0392848857899567,-0.12645082194864532,0.19161434036373737
20000,1,2,CGATATAT,0 2,-0.16573570773860202,-0.03877660173574482,-0.20451230947434684,-0.18960522149210188
20000,1,2,CGGTATAT,2 0,1.1206810352057124,-0.18298212562129645,0.9376989095844159,-0.14035997266749298
20000,2,3,CGATATCA,6 3 2,-0.035162733389408674,-0.0990635585576547,-0.13422629194706337,-0.7380339359797239
20000,2,3,CGGAATCA,2 6 3,4.456191307096848,0.42986315449404344,4.886054461590891,0.08797756101025545
20000,2,3,CGGTATCA,3 2 6,-0.06408180257610097,0.00027251628239177705,-0.06380928629370919,0.004234623056006652
20000,2,3,CGATATCA,2 3 6,-0.035162733389408674,0.09016215283644669,0.05499941944703801,0.7194273663569114
20000,3,4,TTGATCCT,0 7 3 4,0.9854284397429582,-0.6383352355091914,0.3470932042337669,-0.3931207756634081
20000,3,4,ATGATCCC,4 7 3 0,-0.08416664619495995,-0.0819981892755739,-0.16616483547053384,-0.4934749824978144
20000,3,4,ATGATCCC,7 0 4 3,-0.08416664619495995,0.13793705059918393,0.05377040440422398,0.6210479725919666
20000,3,4,ATGATCCG,0 3 4 7,-0.24716048205426833,0.31289612791387,0.06573564585960168,0.5586866083620916
20000,4,5,GTATCATA,7 0 4 1 2,-0.10817473054495164,-0.3939741874160827,-0.5021489179610343,-0.7845763942214733
20000,4,5,GGATCATG,2 7 1 0 4,-0.6931998460357107,-0.40747823809681716,-1.1006780841325279,-0.37020655173484357
20000,4,5,CTATCATA,2 0 1 7 4,-0.4748323878750851,0.1345450090281579,-0.34028737884692717,0.22079094123263154
20000,4,5,CGGTAATA,1 0 2 4 7,-0.2388773850603405,0.732353124131671,0.49347573907133047,0.7540466626619174
20000,5,4,CTATCCTC,6 3 5 0,2.62204344958516,0.18409194194400325,2.806135391529163,0.06560337127699493
20000,5,4,ATATCGCC,6 0 3 5,-0.4855213103210023,0.23328597601510825,-0.25223533430589407,0.32454592552088424
20000,5,4,TTATCCCC,5 6 3 0,-0.38691154545854145,0.3840579398917341,-0.00285360556680736,0.498149339486821
20000,5,4,ATATCGCC,3 6 5 0,-0.4855213103210023,-0.13951183492310104,-0.6250331452441034,-0.22320709867092797
20000,6,5,CGATATAG,2 5 1 6 3,-0.2837136108447036,0.4803288614857726,0.196615250641069,0.6286677493473333
20000,6,5,CTATATCG,6 2 5 3 1,0.047714365970029426,0.8409434323211142,0.8886577982911437,0.9463073794414651
20000,6,5,CGATATGG,1 3 2 5 6,0.5014370964277504,0.5759255041469915,1.0773626005747419,0.534569794644581
20000,6,5,CGATATAG,1 3 2 6 5,-0.2837136108447036,0.07711010784988925,-0.20660350299481434,0.21370576227322938
20000,7,4,GTGATCCA,2 5 0 7,0.42580228029290357,0.4182018942174457,0.8440041745103493,0.4954974238842674
20000,7,4,GTAATCCG,5 7 0 2,-0.010048459273459542,0.4343043153187667,0.42425585604530713,0.977386302397502
20000,7,4,GTGATCCG,0 2 5 7,0.15907536069832195,-0.47777972468396745,-0.3187043639856455,-0.7502173346031575
20000,7,4,GTGATACG,2 7 0 5,1.4358375113921396,0.8851249338928779,2.3209624452850175,0.38136116148324123
20000,8,4,GTATCACC,4 7 1 6,0.5792087099966974,0.7520935134820226,1.33130222347872,0.5649307123643096
20000,8,4,GTATCATA,1 4 7 6,0.00010608426166824891,-0.1932818210511824,-0.19317573678951416,-0.9994514431422346
20000,8,4,GGATCATA,1 6 7 4,-0.3814687126596845,-0.029729178697117664,-0.4111978913568022,-0.07229895707641468
20000,8,4,GGATAATA,1 7 6 4,0.13002439530923704,0.18327830012562663,0.31330269543486367,0.5849879455114059
20000,9,8,CAATCTCC,3 1 7 5 2 4 0 6,1.1272751203405615,-0.47303058913013274,0.6542445312104288,-0.29558764074308586
20000,9,8,CTATCTAC,0 2 3 4 5 6 1 7,1.1117836665046692,0.5394302734899785,1.6512139399946477,0.3266870878595702
20000,9,8,CGATCGCG,3 0 4 5 1 7 6 2,-0.4352732270545605,0.14227461785072393,-0.2929986092038366,0.24634256556537995
20000,9,8,TGATATCG,6 4 2 0 5 3 7 1,1.0496288795417295,-0.29104876817992675,0.7585801113618027,-0.21709078888167802
20000,10,4,GATATGCC,2 7 6 1,-0.6160684843987705,0.2783388101341746,-0.3377296742645959,0.3111991727208818
20000,10,4,GATATGCC,6 7 2 1,-0.6160684843987705,0.4348181911590121,-0.1812502932397584,0.4137631595035899
20000,10,4,GATATGCC,2 7 1 6,-0.6160684843987705,-0.003315879326818205,-0.6193843637255887,-0.005353508291480326
20000,10,4,GATATGCG,6 2 1 7,-0.12325773244938154,0.2926368970032831,0.16937916455390156,0.7036323055876099
20000,11,1,CGATATCG,2,-0.23104498940022467,0.0,-0.23104498940022467,0.0
20000,11,1,CGGTATCG,2,0.5229775786762332,0.0,0.5229775786762332,0.0
20000,11,1,CGATATCG,2,-0.23104498940022467,0.0,-0.23104498940022467,0.0
20000,11,1,CGATATCG,2,-0.23104498940022467,0.0,-0.23104498940022467,0.0
20000,12,3,CGATCGCA,5 1 7,-0.287153797373521,-0.12513648315174652,-0.4122902805252675,-0.3035154818404152
20000,12,3,CGATCGCG,7 1 5,-0.5792160201486349,-0.052477987307752105,-0.631694007456387,-0.08307501209179233
20000,12,3,CTATCTCA,7 5 1,-0.025601475608461932,-0.3934047623636232,-0.41900623797208514,-0.9388995358819275
20000,12,3,CTATCGCA,1 5 7,-0.08611491070679178,0.1152849802501692,0.02917006954337742,0.5724182853445811
20000,13,4,TGGGTATC,1 4 3 2,0.12232015568379007,-0.20607569731579867,-0.0837555416320086,-0.6275222279255054
20000,13,4,TGCGGATC,2 4 1 3,-0.08442212480467903,-0.15536214773240387,-0.2397842725370829,-0.6479246786645565
20000,13,4,TAGTGATC,2 1 3 4,2.35648553482194,0.713753625895647,3.0702391607175867,0.23247492736977077
20000,13,4,TGATCATC,4 1 3 2,0.37400159672438216,-0.10429283640195974,0.2697087603224224,-0.21805153725134555
20000,14,2,CGATATAT,7 0,-0.22836723056831965,0.06848028739860113,-0.15988694316971852,0.23069179714762592
20000,14,2,CGATATAT,7 0,-0.22836723056831965,0.06848028739860113,-0.15988694316971852,0.23069179714762592
20000,14,2,CGATATAG,7 0,0.27846191104288387,-0.06512646587035764,0.21333544517252623,-0.18954793074040027
20000,14,2,CGATATAT,7 0,-0.22836723056831965,0.06848028739860113,-0.15988694316971852,0.23069179714762592
20000,15,5,CTATTGTA,3 6 7 5 2,0.368903560360875,-0.267076562750753,0.10182699761012204,-0.41994482696100766
20000,15,5,CTTTTTCA,7 3 5 6 2,0.18686234119033873,0.8658883097093053,1.052750650899644,0.8225008542804959
20000,15,5,CTATTGCA,2 7 6 5 3,1.10776480039842,0.414425655544699,1.522190455943119,0.27225611218796475
20000,15,5,CTATTTAA,7 2 3 6 5,-0.7248495088058822,0.36568200080285873,-0.35916750800302344,0.3353245619964319
20000,16,2,CGATATAT,1 0,-0.2885773058008979,-0.044726882442642,-0.3333041882435399,-0.1341923804748616
20000,16,2,CGATATAT,0 1,-0.2885773058008979,0.043449453696798535,-0.24512785210409938,0.1308613009461365
20000,16,2,CGATATAT,0 1,-0.2885773058008979,0.043449453696798535,-0.24512785210409938,0.1308613009461365
20000,16,2,CGATATAT,1 0,-0.2885773058008979,-0.044726882442642,-0.3333041882435399,-0.1341923804748616
20000,17,3,ATATCGTC,5 3 2,-0.15050189402642367,-0.1485488864469242,-0.2990507804733479,-0.4967346556052986
20000,17,3,ATATCCTC,3 5 2,-0.29926261676611565,-0.05101976978427736,-0.350282386550393,-0.1456532550400945
20000,17,3,ATATCATC,2 3 5,0.8239256939130426,-0.24513347249807538,0.5787922214149672,-0.2292983215522112
20000,17,3,ATATCGTC,2 5 3,-0.15050189402642367,0.015225961537389754,-0.1352759324890339,0.09187327915147617
20000,18,4,GTATCGTA,7 4 6 5,-0.42947941184199956,-0.011136751320648841,-0.4406161631626484,-0.025275403518363073
20000,18,4,GTATCGCA,6 5 4 7,-0.5753331456308779,-0.15327735154604838,-0.7286104971769263,-0.21036939783318617
20000,18,4,GTATCGTC,6 5 4 7,-0.6555329334361142,0.30461593071039506,-0.35091700272571913,0.3172590648025947
20000,18,4,GTATCGTA,4 5 7 6,-0.42947941184199956,0.20752653882236416,-0.2219528730196354,0.32578430171009376
20000,19,2,GATACGCC,0 4,-0.1895180133607608,-0.05287870889842705,-0.24239672225918785,-0.21814943867881748
20000,19,2,GATACGCC,4 0,-0.1895180133607608,0.054273700953124004,-0.1352443124076368,0.22262323847169782
20000,19,2,GATACGCC,4 0,-0.1895180133607608,0.054273700953124004,-0.1352443124076368,0.22262323847169782
20000,19,2,GATACGCC,4 0,-0.1895180133607608,0.054273700953124004,-0.1352443124076368,0.22262323847169782
20000,20,3,CTATCGGA,4 1 3,-0.31409825309231576,0.09097461440819177,-0.223123638684124,0.22458826968478154
20000,20,3,CGATAGGA,1 4 3,2.226872684394513,0.08846422935137976,2.3153369137458926,0.038207929405944197
20000,20,3,CTATCGGA,1 3 4,-0.31409825309231576,0.012389850255426493,-0.30170840283688927,0.037948856722139344
20000,20,3,CTATAGGA,1 4 3,1.7361269279587948,0.3013675936905287,2.0374945216493234,0.14791087312793155
20000,21,2,AGTTATCC,1 3,0.3253023356222089,0.3238779435687835,0.6491802791909924,0.4989029302806299
20000,21,2,AGTTATCC,3 1,0.3253023356222089,-0.4251820315784638,-0.0998796959562549,-0.5665434886597365
20000,21,2,ATTAATCC,3 1,-1.3095235753170522,-0.18360613548548255,-1.4931297108025348,-0.12296730428516958
20000,21,2,ATTGATCC,3 1,0.8245555542600935,0.2906414730444653,1.1151970273045588,0.2606189452880343
20000,22,3,GTATCGCC,0 5 2,0.6999563340149999,-0.21443127984342691,0.485525054171573,-0.23450807578046104
20000,22,3,ATATCGCC,0 2 5,-0.33717986183308524,0.0982018480445328,-0.23897801378855243,0.22555345301973406
20000,22,3,TTATCTCC,2 5 0,1.8511592425630612,0.6476809881262771,2.4988402306893382,0.25919263671675624
20000,22,3,GTATCGCC,5 2 0,0.6999563340149999,0.19655510825874645,0.8965114422737464,0.2192443944276275
20000,23,6,GTGATCTC,2 4 7 3 6 5,2.9644842957577913,0.37980610224766576,3.344290398005457,0.11356851739734775
20000,23,6,GTATCGTA,2 7 3 4 5 6,-0.7153316070063855,0.47288912155084795,-0.2424424854555376,0.39798087189157305
20000,23,6,GTCTGATA,2 7 4 3 5 6,3.2262061027154427,-0.5738436869873915,2.652362415728051,-0.15100951796535972
20000,23,6,GTATCGTA,7 3 5 2 4 6,-0.7153316070063855,0.4022379279357988,-0.3130936790705867,0.3599220588601746
20000,24,4,GATACGGC,5 1 2 6,-0.17828366549211339,0.1539000520939755,-0.024383613398137882,0.46329800031240453
20000,24,4,GACACCCC,6 2 1 5,-0.21730052978108105,-1.3645548335720301,-1.5818553633531112,-0.8626293308381482
20000,24,4,GATACGCC,1 6 2 5,-0.29800241019232054,-0.14094416992969627,-0.4389465801220168,-0.32109640742733914
20000,24,4,GATACTCC,1 6 2 5,0.7993778575232438,0.4887978593015734,1.2881757168248171,0.3794496767152198
20000,25,5,TTTGATAC,3 7 6 4 1,0.11883022633383966,0.5013427005577729,0.6201729268916125,0.8083917869013854
20000,25,5,TGTGATCC,7 6 4 1 3,-0.6199859108881229,0.2729892314565108,-0.34699667943161216,0.3057075370986684
20000,25,5,TGTGATCC,4 3 1 7 6,-0.6199859108881229,0.1970374764096663,-0.42294843447845665,0.24116503820208263
20000,25,5,TATGATCG,6 1 4 7 3,2.012357280805742,0.4081890535665167,2.4205463343722586,0.16863509190885864
20000,26,6,GTAATCCC,1 3 2 6 7 5,0.31420060039951725,0.5850782794891014,0.8992788798886187,0.6506082735553258
20000,26,6,GATATCTG,1 2 5 7 3 6,0.8881775287106031,-0.4656610487909463,0.4225164799196568,-0.3439561086007046
20000,26,6,GGCATATA,6 3 2 1 7 5,-0.6880155986790282,0.8688775460728211,0.1808619473937929,0.5580842519614987
20000,26,6,GATATATC,5 3 6 7 2 1,1.7126913227328648,0.2003454770991615,1.9130367998320263,0.10472641044686269
20000,27,4,CAATATCT,5 1 7 2,0.8965535437564567,0.16004351582611687,1.0565970595825736,0.1514707185436847
20000,27,4,CGATATCG,2 5 7 1,-0.31744622254282007,0.022774899673072113,-0.29467132286974795,0.06694146302480296
20000,27,4,CGATATCG,7 5 1 2,-0.31744622254282007,0.07284470863303305,-0.24460151390978702,0.18664207342345718
20000,27,4,CGATATCG,7 1 5 2,-0.31744622254282007,-0.004663241732510315,-0.3221094642753304,-0.014477195642175552
20000,28,3,ATATCCCT,3 0 5,0.1526715855644758,0.1543932627437532,0.307064848308229,0.5028034423164406
20000,28,3,CTATCGCT,5 0 3,-0.46737781477651796,0.045738478586549336,-0.4216393361899686,0.08913862057813475
20000,28,3,CTATCGCT,0 5 3,-0.46737781477651796,0.09229641167866665,-0.3750814030978513,0.16491095590241048
20000,28,3,CTATCGCT,5 3 0,-0.46737781477651796,-0.047409463278477615,-0.5147872780549956,-0.09209525040634897
20000,29,4,CTGTCGCG,4 7 3 0,2.4778718207130424,0.420750036773637,2.8986218574866793,0.14515520045738514
20000,29,4,CTGTCGCA,7 4 0 3,2.23886375961284,-0.18748731702122035,2.0513764425916197,-0.07727130621233548
20000,29,4,GTGATGCG,3 7 0 4,1.8500650252439428,0.23456775305372535,2.084632778297668,0.11252233750506202
20000,29,4,ATGATGCG,7 3 0 4,0.5009857169437724,0.6526601809769175,1.1536458979206898,0.5657370100767144
20000,30,6,CTATATCA,0 2 3 4 5 7,-1.1339049134794794,-0.49699316789760317,-1.6308980813770826,-0.3047358836046681
20000,30,6,CTATCCCC,5 2 0 4 7 3,-0.008606259248883141,-0.010038261061871445,-0.018644520310754586,-0.5384027529032831
20000,30,6,CTATATCA,3 4 2 0 7 5,-1.1339049134794794,-0.07583341059639181,-1.2097383240758712,-0.06268579666129166
20000,30,6,CTATCGCG,2 3 5 0 7 4,-0.1466915298669491,0.1272044310495275,-0.01948709881742161,0.4644260931190509
20000,31,2,CTATCGGA,4 2,-0.03226244115824917,-0.025367304561887516,-0.05762974572013668,-0.44017727728796496
20000,31,2,CTATCGGA,4 2,-0.03226244115824917,-0.025367304561887516,-0.05762974572013668,-0.44017727728796496
20000,31,2,CTATCGGA,2 4,-0.03226244115824917,0.026387277412931787,-0.00587516374531738,0.4499131122156459
20000,31,2,CTATCGGA,2 4,-0.03226244115824917,0.026387277412931787,-0.00587516374531738,0.4499131122156459
22500,0,7,ATAACGCC,4 7 0 1 3 6 2,5.493055465300574,-0.8538393365593429,4.639216128741231,-0.13452867318820705
22500,0,7,ATATCGTA,4 2 7 1 0 3 6,-0.3986744492886882,0.04139542080108072,-0.3572790284876075,0.09406556461735623
22500,0,7,ATATCGCC,2 3 1 0 4 6 7,-0.2335855059674503,0.12192169655279628,-0.11166380941465404,0.3429514105156637
22500,0,7,ATATCGCC,3 2 4 6 0 1 7,-0.2335855059674503,-0.20526839621199855,-0.43885390217944886,-0.4677374296835205
22500,1,5,CTATAGTT,3 0 4 5 1,2.6033760001148396,0.6675140178239394,3.270890017938779,0.20407718210121523
22500,1,5,CAATATTT,1 3 5 0 4,0.9678502111887344,0.8446566850555266,1.812506896244261,0.46601570830199873
22500,1,5,CAATATTT,3 1 4 0 5,0.9678502111887344,0.00690622596565138,0.9747564371543858,0.007085078592363832
22500,1,5,CGATCTTT,1 5 4 3 0,0.695280503296615,-0.003971501123577248,0.6913090021730377,-0.005679642101091078
22500,2,7,CTATCATA,5 7 0 4 6 3 2,0.22180435684297528,0.7211629975643845,0.9429673544073598,0.7647804499209033
22500,2,7,TTTGGTCC,2 0 3 6 5 4 7,3.220004690173811,-0.43799685611029915,2.7820078340635117,-0.11973665143887853
22500,2,7,TTAAATCC,3 7 4 2 6 0 5,4.997198493999056,1.7323941914124017,6.729592685411458,0.25742927876867194
22500,2,7,ATTATCCC,2 0 7 3 5 6 4,1.7761863462546224,1.2477573022555628,3.023943648510185,0.4126258446880447
22500,3,4,ATATCGTA,2 5 3 1,-0.2451348763621825,0.04762392659735282,-0.1975109497648297,0.16267291065517617
22500,3,4,ATCTCGTA,1 2 3 5,1.1443373803795964,-0.5331370449332828,0.6112003354463136,-0.3178212656409609
22500,3,4,ATATCCTA,1 3 2 5,0.24282133318071875,0.2971678601802141,0.5399891933609329,0.5503218653888595
22500,3,4,ATATCGTA,1 5 2 3,-0.2451348763621825,0.055429601865526035,-0.18970527449665647,0.18441833909439026
22500,4,7,CGATATCA,0 7 2 3 1 5 6,0.27643340481369005,0.41811445769355515,0.6945478625072452,0.6019951687479185
22500,4,7,TGTTATCG,7 2 6 5 1 0 3,2.1489495945094657,0.8948645435628162,3.043814138072282,0.29399447632816195
22500,4,7,CGATATCG,6 2 0 7 1 3 5,-0.08287171297520857,0.10148125982738243,0.018609546852173864,0.5504725976730014
22500,4,7,CGATATAT,3 2 7 1 5 0 6,-0.635090531193693,-0.20712559638457684,-0.8422161275782698,-0.24592926874975807
22500,5,5,AGGGTATC,3 5 2 4 0,-1.0836927620727326,0.2846990163651606,-0.798993745707572,0.20805373201683713
22500,5,5,AGGATATC,5 2 4 0 3,-0.8036665927055031,0.28193033165508563,-0.5217362610504175,0.2597007465004944
22500,5,5,GGTGTATC,2 4 0 3 5,0.38772911608476957,0.7351452079866299,1.1228743240713994,0.6546994549853868
22500,5,5,GGGGGATC,2 4 3 5 0,-0.34150875872736197,0.3969408682491835,0.05543210952182154,0.5375327628973006
22500,6,4,CGATATCA,2 4 1 7,0.08158281125491085,0.14447070445847876,0.2260535157133896,0.6390995689783977
22500,6,4,CGATATCT,4 2 7 1,-0.25906973646843534,0.22033306393396623,-0.03873667253446911,0.4595990339418603
22500,6,4,CGATATCT,7 4 1 2,-0.25906973646843534,0.0325538906789995,-0.22651584578943584,0.11162981201979692
22500,6,4,CGATATCA,1 4 7 2,0.08158281125491085,-0.09979002390074365,-0.018207212645832804,-0.5501927772982304
22500,7,1,CGATATAT,2,-0.09681174524756742,0.0,-0.09681174524756742,0.0
22500,7,1,CGATATAT,2,-0.09681174524756742,0.0,-0.09681174524756742,0.0
22500,7,1,CGATATAT,2,-0.09681174524756742,0.0,-0.09681174524756742,0.0
22500,7,1,CGATATAT,2,-0.09681174524756742,0.0,-0.09681174524756742,0.0
22500,8,5,CGATCGTA,2 7 5 4 1,0.1911484810605275,0.20846767368706853,0.39961615474759604,0.5216697853937863
22500,8,5,CGATCTTA,4 7 2 1 5,0.983876180894212,-0.0007300054508370124,0.983146175443375,-0.000741418712334991
22500,8,5,CGATAATA,4 2 1 7 5,0.4051887502575724,0.0036198289007911555,0.40880857915836355,0.008854581545826396
22500,8,5,CGATCGTA,7 4 1 5 2,0.1911484810605275,-0.16993386280742495,0.021214618253102557,-0.47062357296974244
22500,9,5,AGGATAAC,6 4 0 1 3,0.8415859815351672,-0.0242931522843568,0.8172928292508104,-0.028056054633394417
22500,9,5,ATGATATC,6 3 0 1 4,0.3725690749681494,0.6097624659478846,0.982331540916034,0.6207298051116988
22500,9,5,ATGATATC,3 6 1 4 0,0.3725690749681494,0.39954189806582363,0.772110973033973,0.5174669341841406
22500,9,5,ATGATATC,3 1 4 6 0,0.3725690749681494,0.18665241579862268,0.5592214907667721,0.33377189339182173
22500,10,5,GAATCGAT,5 7 1 4 0,0.948799716830286,0.5886915652440177,1.5374912820743036,0.3828909939897581
22500,10,5,CGATCTAT,5 1 7 0 4,0.6748674177748648,0.4493829978415498,1.1242504156164146,0.3997178845561359
22500,10,5,CGATATAG,4 5 7 0 1,-0.3575242263661109,-0.3657547267853394,-0.7232789531514503,-0.5056897137566126
22500,10,5,CTATCGAT,7 1 0 4 5,1.3009366330424577,0.48505464190751013,1.7859912749499678,0.2715884723015225
22500,11,5,CGATATCT,0 1 3 5 7,-0.2324542599041064,-0.0799398155972586,-0.312394075501365,-0.25589414738087535
22500,11,5,CGATATCT,0 7 5 1 3,-0.2324542599041064,0.3022768572814538,0.06982259737734742,0.5652875764410751
22500,11,5,CGATATCC,1 3 0 5 7,0.12060304267441468,0.03771738391035662,0.1583204265847713,0.2382344762705725
22500,11,5,CGATATCC,7 0 1 3 5,0.12060304267441468,-0.1476250764947249,-0.02702203382031021,-0.5503713665517496
22500,12,3,ATATCGTC,5 4 7,1.0712392340143628,0.05302115409557073,1.1242603881099336,0.04716091988681377
22500,12,3,ATATCCTA,4 5 7,0.23060852910224927,-0.030910590516884717,0.19969793858536455,-0.11819629311195934
22500,12,3,ATATCGTA,7 4 5,-0.54257975107759,-0.23703725770392636,-0.7796170087815164,-0.30404320972216603
22500,12,3,ATATCGTA,5 7 4,-0.54257975107759,0.15386620774588367,-0.3887135433317064,0.220930577306837
22500,13,6,GATACGCC,6 3 1 0 4 2,-0.5439259563056336,0.002970782889538448,-0.5409551734160951,0.005432072778328012
22500,13,6,ATTACGCC,0 2 4 3 6 1,3.497024740465922,0.3852389253087809,3.882263665774703,0.09923048985698057
22500,13,6,ATATCGCC,1 3 2 4 6 0,-0.337505375847043,-0.10412310718786699,-0.44162848303491,-0.23577081458225654
22500,13,6,ATATCGCC,0 1 2 6 3 4,-0.337505375847043,0.2825904669869246,-0.054914908860118405,0.45572062811359465
22500,14,4,CGATCTAT,0 4 5 1,0.7508478100066429,0.038125503593938515,0.7889733136005814,0.0483229317604519
22500,14,4,CGATCCAT,4 1 0 5,1.3279710677451413,0.18704489588897255,1.5150159636341138,0.12346067657287413
22500,14,4,AGATCTAT,0 1 5 4,4.542221665366412,-0.36630023521862043,4.175921430147792,-0.07462536434338046
22500,14,4,CGATATAT,0 4 5 1,-0.5327041029547893,-0.03974155437868365,-0.572445657333473,-0.06942415209123086
22500,15,6,GATACTTC,7 5 1 4 0 3,-0.6862103067236678,-0.40433532897122326,-1.090545635694891,-0.3707642447384446
22500,15,6,CATTCATA,7 5 3 0 1 4,2.5519693935261625,0.3770109744116148,2.9289803679377773,0.12871748084711776
22500,15,6,TTTAAGTA,1 7 4 0 5 3,0.598948340663708,-0.17574864839484317,0.4231996922688648,-0.22686114813537786
22500,15,6,GATACGTG,5 7 0 4 3 1,-0.45795975645822384,-0.029978445017815325,-0.48793820147603917,-0.061439020202002884
22500,16,3,CGATCTAT,3 7 2,-0.23524532592773462,-0.05423733740485526,-0.2894826633325899,-0.1873595357333761
22500,16,3,CGATCTAT,3 2 7,-0.23524532592773462,-0.1914198883753202,-0.4266652143030548,-0.44864189054642994
22500,16,3,CGATCTAA,7 2 3,2.408933745858294,-0.18098763485936908,2.227946110998925,-0.06988151694752127
22500,16,3,CGATCTAT,7 3 2,-0.23524532592773462,0.12019863529690289,-0.11504669063083173,0.33816479785666803
22500,17,5,CTATCGAT,5 6 3 1 4,0.9480539594051516,0.4238880019514406,1.3719419613565922,0.30896933973234203
22500,17,5,CTATCGAT,4 3 1 6 5,0.9480539594051516,-0.30750562435755935,0.6405483350475922,-0.24491519823855293
22500,17,5,CGATCTAT,5 3 6 4 1,0.6826843200648285,-0.08261838261930698,0.6000659374455215,-0.10795516901944902
22500,17,5,CGATCTAT,6 1 4 3 5,0.6826843200648285,0.07656663809941655,0.759250958164245,0.10084496736697336
22500,18,4,CTATCGAG,6 1 2 7,3.082996669459815,-0.0676091793640774,3.015387490095738,-0.02145910425111272
22500,18,4,CGATCGCG,2 6 7 1,-0.2877969324121721,0.41701807822092585,0.12922114580875377,0.5916702566342062
22500,18,4,CTATCGGA,1 6 2 7,-0.2571077741573027,-0.31137791907563317,-0.5684856932329359,-0.5477321993889593
22500,18,4,CTATCGGA,1 7 6 2,-0.2571077741573027,-0.02631001352015394,-0.2834177876774566,-0.09283120066583835
22500,19,5,CAGTATAT,2 7 5 0 1,0.5480682922313957,-0.11509376681446515,0.4329745254169306,-0.17355300298702078
22500,19,5,CGATATAT,7 5 1 2 0,-0.32800984919122667,0.055637868584804906,-0.27237198060642176,0.14502332740914559
22500,19,5,CGATATAG,0 2 5 1 7,-0.038997542485873726,0.4181649341748175,0.37916739168894376,0.9146965368401879
22500,19,5,CGATACAA,7 2 0 1 5,1.2305671450790108,0.6517458112537193,1.88231295633273,0.3462473171961275
22500,20,5,GATACGTC,5 7 6 0 4,0.6818250512530981,-0.6195799474256551,0.06224510382744297,-0.476085421567215
22500,20,5,GATACGCG,6 0 7 5 4,-0.3763907201581964,-0.020719135745459027,-0.39710985590365544,-0.0521748212426281
22500,20,5,GATACGCC,6 7 0 5 4,-0.6006407676982479,0.14396644513709678,-0.45667432256115115,0.19334548827279777
22500,20,5,GATAGGTA,4 0 6 5 7,1.288980065130291,0.9246311452216052,2.213611210351896,0.41770259424852535
22500,21,5,CGATATAC,7 2 6 1 4,0.7107630254615911,-0.054443682345659106,0.656319343115932,-0.07114898731307653
22500,21,5,CAATATAT,4 2 6 7 1,-0.3915483598194496,0.531519370217187,0.1399710103977374,0.5758183857170384
22500,21,5,CGATATAT,6 2 4 7 1,-0.4909565015170272,-0.07843543415603449,-0.5693919356730617,-0.13775297688984345
22500,21,5,CGATATCA,1 6 7 2 4,0.3692710221954538,-0.35508132980302864,0.01418969239242518,-0.4902052555270402
22500,22,2,CGATATAT,0 2,-0.11113205663183534,-0.03321274278005537,-0.1443447994118907,-0.2300931028715635
22500,22,2,CGATATAT,2 0,-0.11113205663183534,0.03383391814986292,-0.07729813848197242,0.23339213357350114
22500,22,2,CGATATAT,2 0,-0.11113205663183534,0.03383391814986292,-0.07729813848197242,0.23339213357350114
22500,22,2,CGATATAT,0 2,-0.11113205663183534,-0.03321274278005537,-0.1443447994118907,-0.2300931028715635
22500,23,4,CGATATAC,5 1 7 2,0.8815416489917189,0.45564637639165406,1.337188025383373,0.34074966851503163
22500,23,4,CGATATAT,7 5 1 2,-0.27819608469972945,0.048583346878207756,-0.2296127378215217,0.14867320946000415
22500,23,4,CGATATAC,1 5 2 7,0.8815416489917189,0.2973872193002749,1.1789288682919938,0.25225204615705354
22500,23,4,CGATATAG,5 7 2 1,0.026035674930922514,-0.278685477019351,-0.25264980208842847,-0.9145590164506493
22500,24,3,TCTATCTC,1 4 3,3.3586326299722176,0.2842032576427522,3.64283588761497,0.07801703574102681
22500,24,3,TATAACTC,1 3 4,2.2623849887075584,0.42153324834909256,2.683918237056651,0.15705890087448107
22500,24,3,TATACCTC,1 4 3,-0.5714862376305074,-0.13227660741350666,-0.7037628450440141,-0.18795622466433837
22500,24,3,TATACCTC,4 3 1,-0.5714862376305074,0.1091836563155888,-0.46230258131491864,0.16040617821747716
22500,25,1,CGAGATAT,0,-0.13110603601871773,0.0,-0.13110603601871773,0.0
22500,25,1,CGAGATAT,0,-0.13110603601871773,0.0,-0.13110603601871773,0.0
22500,25,1,CGAGATAT,0,-0.13110603601871773,0.0,-0.13110603601871773,0.0
22500,25,1,CGAGATAT,0,-0.13110603601871773,0.0,-0.13110603601871773,0.0
22500,26,5,CGATATAT,5 6 1 0 7,-0.5176934050719288,0.015898530363776864,-0.501794874708152,0.02979529731984214
22500,26,5,CGATATAT,0 1 5 6 7,-0.5176934050719288,-0.09870157671000701,-0.6163949817819359,-0.16012715811649
22500,26,5,CGATATCG,6 5 0 7 1,-0.059906894768826824,0.012889789627116954,-0.04701710514170987,0.17706561410144625
22500,26,5,CAATATCT,0 5 1 6 7,0.9761793701331598,0.06450970076149076,1.0406890708946506,0.06198748748849031
22500,27,3,CGATCGCC,0 6 3,0.47802579369605414,0.09169771381819092,0.569723507514245,0.1609512554928202
22500,27,3,TGATCGCC,0 3 6,-1.1121725518055916,-0.1421965743904683,-1.25436912619606,-0.11336102860063756
22500,27,3,TGATCGCC,6 0 3,-1.1121725518055916,0.029800492196741413,-1.0823720596088502,0.026095617889804176
22500,27,3,TGATCGCC,3 6 0,-1.1121725518055916,0.10100493030382962,-1.011167621501762,0.08325651587944623
22500,28,4,TGTGGATC,6 2 7 3,-0.5027000373652604,0.16380199065615386,-0.3388980467091065,0.2457636792830449
22500,28,4,TGGGGATC,3 7 6 2,1.810824228286,0.021582968481807185,1.8324071967678073,0.011778478342519882
22500,28,4,TGTGGATC,6 2 3 7,-0.5027000373652604,0.023167751936213676,-0.4795322854290467,0.04405622935564868
22500,28,4,TGCGGATA,2 7 6 3,-1.088562180819236,-0.06528093633698573,-1.1538431171562218,-0.05657696039118217
22500,29,4,ATGATGTC,2 7 1 6,5.83778826854248,0.5331486918161783,6.370936960358658,0.08368450278719508
22500,29,4,ATCATGCA,6 1 7 2,-0.7200489878517176,0.22550046233829102,-0.49454852551342654,0.2384861651529453
22500,29,4,ATCATGCA,7 1 6 2,-0.7200489878517176,0.17375405760850748,-0.5462949302432101,0.19439859652641975
22500,29,4,ATCATGCA,2 1 6 7,-0.7200489878517176,-0.2110604301616923,-0.9311094180134099,-0.22667629182830648
22500,30,3,CGATCCAT,4 7 6,-0.16283270987580867,-0.054190215143517406,-0.21702292501932607,-0.24969811432912778
22500,30,3,CGATACTT,4 6 7,0.6932256830729497,0.07946305447085633,0.7726887375438061,0.10283966959768367
22500,30,3,CGATCCTT,7 4 6,0.6005189247692644,-0.03240123775458814,0.5681176870146762,-0.05119324627830458
22500,30,3,CGATACCA,6 4 7,0.0208623211450516,0.25577754685284004,0.27663986799789164,0.9245867152264163
22500,31,6,CGATATCA,5 2 4 6 0 1,-0.178575098684556,0.1310517500299877,-0.04752334865456831,0.4232570611174908
22500,31,6,CGATATGA,5 4 1 0 6 2,1.6247191824586382,0.4758226407822752,2.1005418232409134,0.22652376425818138
22500,31,6,CTATCGGA,2 5 1 6 4 0,-0.5938266432305443,0.1638981895123166,-0.42992845371822774,0.21630304621141613
22500,31,6,CTATCTTA,5 0 1 2 4 6,1.5622004737566666,0.19109300800777795,1.7532934817644446,0.1089908848662744
