step,context,hidden,y,d_exact,d_sur_expected,d_sur_draw,d_exact_centered,d_sur_expected_centered,bias_centered,noise,gap,gap_ref
0,0,5,CCCTTTGG,0.0,0.0,0.0,0.0,0.0,0.0,0.0,0.013105658164431766,0.013105658164431766
0,0,5,CATTTTGC,0.0,0.0,0.0,0.0,0.0,0.0,0.0,0.004341651131769986,0.004341651131769986
0,0,5,TTTTATGG,0.0,0.0,0.0,0.0,0.0,0.0,0.0,0.02076405018376093,0.02076405018376093
0,0,5,ATTTTTGG,0.0,0.0,0.0,0.0,0.0,0.0,0.0,0.007354261325770217,0.007354261325770217
0,1,4,AACGTCGT,0.0,0.0,0.0,0.0,0.0,0.0,0.0,0.004096031162712954,0.004096031162712954
0,1,4,AAGATAGT,0.0,0.0,0.0,0.0,0.0,0.0,0.0,0.009636694923672806,0.009636694923672806
0,1,4,AAGCTGGT,0.0,0.0,0.0,0.0,0.0,0.0,0.0,0.005647782263669576,0.005647782263669576
0,1,4,CATCTTGT,0.0,0.0,0.0,0.0,0.0,0.0,0.0,0.003623401990104469,0.003623401990104469
0,2,4,AGATCGGG,0.0,0.0,0.0,0.0,0.0,0.0,0.0,0.015080316134216787,0.015080316134216787
0,2,4,AGAGCTAG,0.0,0.0,0.0,0.0,0.0,0.0,0.0,0.008004886632229535,0.008004886632229535
0,2,4,GGAACGCG,0.0,0.0,0.0,0.0,0.0,0.0,0.0,0.0027740367831645685,0.0027740367831645685
0,2,4,AGACCCGG,0.0,0.0,0.0,0.0,0.0,0.0,0.0,0.003572145130510407,0.003572145130510407
0,3,4,CAGACGAG,0.0,0.0,0.0,0.0,0.0,0.0,0.0,0.0009614732343949939,0.0009614732343949939
0,3,4,CTAACGAC,0.0,0.0,0.0,0.0,0.0,0.0,0.0,0.0016388898331429758,0.0016388898331429758
0,3,4,CAAACCAA,0.0,0.0,0.0,0.0,0.0,0.0,0.0,0.003665283517630513,0.003665283517630513
0,3,4,CACACAAT,0.0,0.0,0.0,0.0,0.0,0.0,0.0,0.00036368961278121503,0.00036368961278121503
0,4,7,AACCTGCG,0.0,0.0,0.0,0.0,0.0,0.0,0.0,0.008944373985785958,0.008944373985785958
0,4,7,CCTCAGAT,0.0,0.0,0.0,0.0,0.0,0.0,0.0,0.015257150641961204,0.015257150641961204
0,4,7,TCACTTGA,0.0,0.0,0.0,0.0,0.0,0.0,0.0,0.006612709536010897,0.006612709536010897
0,4,7,TTCCTCGC,0.0,0.0,0.0,0.0,0.0,0.0,0.0,0.007496962690222375,0.007496962690222375
0,5,5,TACTTATT,0.0,0.0,0.0,0.0,0.0,0.0,0.0,0.007615424166644402,0.007615424166644402
0,5,5,TATCTTTC,0.0,0.0,0.0,0.0,0.0,0.0,0.0,0.0076304765828592025,0.0076304765828592025
0,5,5,TGCGTTTG,0.0,0.0,0.0,0.0,0.0,0.0,0.0,0.006671479312294615,0.006671479312294615
0,5,5,TCTTTTTT,0.0,0.0,0.0,0.0,0.0,0.0,0.0,0.005090824022121687,0.005090824022121687
0,6,4,TCACTTTA,0.0,0.0,0.0,0.0,0.0,0.0,0.0,0.0006575765633867192,0.0006575765633867192
0,6,4,TCAATTCC,0.0,0.0,0.0,0.0,0.0,0.0,0.0,0.0014225967434624565,0.0014225967434624565
0,6,4,TCATCTGA,0.0,0.0,0.0,0.0,0.0,0.0,0.0,0.008191216485961661,0.008191216485961661
0,6,4,TCACATTG,0.0,0.0,0.0,0.0,0.0,0.0,0.0,0.003961890385204114,0.003961890385204114
0,7,2,ACTTACAA,0.0,0.0,0.0,0.0,0.0,0.0,0.0,5.812595779275398e-05,5.812595779275398e-05
0,7,2,ACTCACAT,0.0,0.0,0.0,0.0,0.0,0.0,0.0,0.00047058300497537786,0.00047058300497537786
0,7,2,ACTTACAC,0.0,0.0,0.0,0.0,0.0,0.0,0.0,0.0005131147344710207,0.0005131147344710207
0,7,2,ACTAACAT,0.0,0.0,0.0,0.0,0.0,0.0,0.0,0.0006114858012535862,0.0006114858012535862
0,8,3,AGACTAAT,0.0,0.0,0.0,0.0,0.0,0.0,0.0,0.00234102872014752,0.00234102872014752
0,8,3,AGACGCAG,0.0,0.0,0.0,0.0,0.0,0.0,0.0,0.0006541776442663405,0.0006541776442663405
0,8,3,AGACAAAC,0.0,0.0,0.0,0.0,0.0,0.0,0.0,0.008230068635800336,0.008230068635800336
0,8,3,AGACAGAA,0.0,0.0,0.0,0.0,0.0,0.0,0.0,0.004912007448356626,0.004912007448356626
0,9,4,TTCACGTG,0.0,0.0,0.0,0.0,0.0,0.0,0.0,0.004404950414374831,0.004404950414374831
0,9,4,TATACAGG,0.0,0.0,0.0,0.0,0.0,0.0,0.0,0.005285406757093547,0.005285406757093547
0,9,4,TCGACGTG,0.0,0.0,0.0,0.0,0.0,0.0,0.0,0.006505331688149596,0.006505331688149596
0,9,4,TCAACCCG,0.0,0.0,0.0,0.0,0.0,0.0,0.0,0.0010786456876106243,0.0010786456876106243
0,10,4,TTAGTCTC,0.0,0.0,0.0,0.0,0.0,0.0,0.0,0.003226456645978537,0.003226456645978537
0,10,4,TCATGCTA,0.0,0.0,0.0,0.0,0.0,0.0,0.0,0.007827720449735232,0.007827720449735232
0,10,4,TCAAACTT,0.0,0.0,0.0,0.0,0.0,0.0,0.0,0.002532721512569225,0.002532721512569225
0,10,4,TAAATCTC,0.0,0.0,0.0,0.0,0.0,0.0,0.0,0.004128994228627114,0.004128994228627114
0,11,7,TACCAGTC,0.0,0.0,0.0,0.0,0.0,0.0,0.0,0.017647074113764205,0.017647074113764205
0,11,7,TTCCTGTC,0.0,0.0,0.0,0.0,0.0,0.0,0.0,0.016748806543397166,0.016748806543397166
0,11,7,TGTCAGGC,0.0,0.0,0.0,0.0,0.0,0.0,0.0,0.020760805062392862,0.020760805062392862
0,11,7,GATCGGTA,0.0,0.0,0.0,0.0,0.0,0.0,0.0,0.0040314780982253495,0.0040314780982253495
0,12,1,CACAACGT,0.0,0.0,0.0,0.0,0.0,0.0,0.0,0.0,0.0
0,12,1,CACAACGT,0.0,0.0,0.0,0.0,0.0,0.0,0.0,0.0,0.0
0,12,1,GACAACGT,0.0,0.0,0.0,0.0,0.0,0.0,0.0,0.0,0.0
0,12,1,TACAACGT,0.0,0.0,0.0,0.0,0.0,0.0,0.0,0.0,0.0
0,13,6,ATCGTAAT,0.0,0.0,0.0,0.0,0.0,0.0,0.0,0.011377436583641654,0.011377436583641654
0,13,6,ACGCGATC,0.0,0.0,0.0,0.0,0.0,0.0,0.0,0.006540406149554201,0.006540406149554201
0,13,6,ATAAAACC,0.0,0.0,0.0,0.0,0.0,0.0,0.0,0.01237918094804158,0.01237918094804158
0,13,6,AGCGGAAG,0.0,0.0,0.0,0.0,0.0,0.0,0.0,0.005907596730414966,0.005907596730414966
0,14,5,CACCTTTA,0.0,0.0,0.0,0.0,0.0,0.0,0.0,0.003162438072369156,0.003162438072369156
0,14,5,TCGCTTTT,0.0,0.0,0.0,0.0,0.0,0.0,0.0,0.0119900306109324,0.0119900306109324
0,14,5,AGACTTTC,0.0,0.0,0.0,0.0,0.0,0.0,0.0,0.0037257430527741775,0.0037257430527741775
0,14,5,TTTCATTT,0.0,0.0,0.0,0.0,0.0,0.0,0.0,0.00870922412391284,0.00870922412391284
0,15,6,GACAGCCA,0.0,0.0,0.0,0.0,0.0,0.0,0.0,0.0033410108462845756,0.0033410108462845756
0,15,6,CTAAGCTA,0.0,0.0,0.0,0.0,0.0,0.0,0.0,0.003681192593717242,0.003681192593717242
0,15,6,CGGATCCA,0.0,0.0,0.0,0.0,0.0,0.0,0.0,0.004538400973036261,0.004538400973036261
0,15,6,AATAACGT,0.0,0.0,0.0,0.0,0.0,0.0,0.0,0.004614095403415064,0.004614095403415064
0,16,2,TACCTTCG,0.0,0.0,0.0,0.0,0.0,0.0,0.0,0.0020503543533849644,0.0020503543533849644
0,16,2,TACCTGCC,0.0,0.0,0.0,0.0,0.0,0.0,0.0,9.299815744823192e-05,9.299815744823192e-05
0,16,2,TACCTACA,0.0,0.0,0.0,0.0,0.0,0.0,0.0,0.0012270754800400852,0.0012270754800400852
0,16,2,TACCTCCG,0.0,0.0,0.0,0.0,0.0,0.0,0.0,0.0007397685236600893,0.0007397685236600893
0,17,3,GCGCGTGC,0.0,0.0,0.0,0.0,0.0,0.0,0.0,0.0006470785134937707,0.0006470785134937707
0,17,3,GCCCCTGC,0.0,0.0,0.0,0.0,0.0,0.0,0.0,0.003735945826826459,0.003735945826826459
0,17,3,GCGCGTGC,0.0,0.0,0.0,0.0,0.0,0.0,0.0,0.0006470785134937707,0.0006470785134937707
0,17,3,GCGAGTGC,0.0,0.0,0.0,0.0,0.0,0.0,0.0,0.002289130663170269,0.002289130663170269
0,18,3,CACAGGAG,0.0,0.0,0.0,0.0,0.0,0.0,0.0,0.00015426909757731977,0.00015426909757731977
0,18,3,CCCAGAAG,0.0,0.0,0.0,0.0,0.0,0.0,0.0,0.0005338832499051094,0.0005338832499051094
0,18,3,CTCAGGAG,0.0,0.0,0.0,0.0,0.0,0.0,0.0,0.00015508025751209686,0.00015508025751209686
0,18,3,CACAGAAG,0.0,0.0,0.0,0.0,0.0,0.0,0.0,0.0006799257301977057,0.0006799257301977057
0,19,2,AGAGGACC,0.0,0.0,0.0,0.0,0.0,0.0,0.0,0.00028733313221751544,0.00028733313221751544
0,19,2,AGGGGACC,0.0,0.0,0.0,0.0,0.0,0.0,0.0,0.000728681223176153,0.000728681223176153
0,19,2,TGCGGACC,0.0,0.0,0.0,0.0,0.0,0.0,0.0,0.00024385008486405013,0.00024385008486405013
0,19,2,AGTGGACC,0.0,0.0,0.0,0.0,0.0,0.0,0.0,6.284520193133858e-08,6.284520193133858e-08
0,20,3,GTCGTGGT,0.0,0.0,0.0,0.0,0.0,0.0,0.0,0.0005275624388874078,0.0005275624388874078
0,20,3,GAAGTGGT,0.0,0.0,0.0,0.0,0.0,0.0,0.0,0.00433603569774732,0.00433603569774732
0,20,3,GCGGAGGT,0.0,0.0,0.0,0.0,0.0,0.0,0.0,0.0018068676062332756,0.0018068676062332756
0,20,3,GGAGCGGT,0.0,0.0,0.0,0.0,0.0,0.0,0.0,0.0037411797366662114,0.0037411797366662114
0,21,5,GGGCGGAC,0.0,0.0,0.0,0.0,0.0,0.0,0.0,0.00190022506540366,0.00190022506540366
0,21,5,AAGCTCAC,0.0,0.0,0.0,0.0,0.0,0.0,0.0,0.005504761150260329,0.005504761150260329
0,21,5,AAGCGGAA,0.0,0.0,0.0,0.0,0.0,0.0,0.0,0.002718454696267969,0.002718454696267969
0,21,5,AAGCCGAA,0.0,0.0,0.0,0.0,0.0,0.0,0.0,0.002293217202447906,0.002293217202447906
0,22,2,CTTGCCGG,0.0,0.0,0.0,0.0,0.0,0.0,0.0,0.0003919704000057145,0.0003919704000057145
0,22,2,CGTCCCGG,0.0,0.0,0.0,0.0,0.0,0.0,0.0,7.849203594023635e-05,7.849203594023635e-05
0,22,2,CCTCCCGG,0.0,0.0,0.0,0.0,0.0,0.0,0.0,0.000102392265153739,0.000102392265153739
0,22,2,CATTCCGG,0.0,0.0,0.0,0.0,0.0,0.0,0.0,6.124033647303406e-05,6.124033647303406e-05
0,23,6,AATCGAAG,0.0,0.0,0.0,0.0,0.0,0.0,0.0,0.005085521802582704,0.005085521802582704
0,23,6,AATGCCCG,0.0,0.0,0.0,0.0,0.0,0.0,0.0,0.010609928911392785,0.010609928911392785
0,23,6,AATTCACA,0.0,0.0,0.0,0.0,0.0,0.0,0.0,0.010700503027328168,0.010700503027328168
0,23,6,AATTGGAC,0.0,0.0,0.0,0.0,0.0,0.0,0.0,0.009621599551595139,0.009621599551595139
0,24,2,TAATAGTG,0.0,0.0,0.0,0.0,0.0,0.0,0.0,0.0004678502464559031,0.0004678502464559031
0,24,2,TAATAATG,0.0,0.0,0.0,0.0,0.0,0.0,0.0,0.0007451319176587923,0.0007451319176587923
0,24,2,TAATATTG,0.0,0.0,0.0,0.0,0.0,0.0,0.0,3.0044612879365218e-05,3.0044612879365218e-05
0,24,2,TAATATTG,0.0,0.0,0.0,0.0,0.0,0.0,0.0,3.0044612879365218e-05,3.0044612879365218e-05
0,25,4,ATAGGCTA,0.0,0.0,0.0,0.0,0.0,0.0,0.0,0.0004508983852531401,0.0004508983852531401
0,25,4,TGTGGCTG,0.0,0.0,0.0,0.0,0.0,0.0,0.0,0.002941877148861849,0.002941877148861849
0,25,4,CGGGGCTG,0.0,0.0,0.0,0.0,0.0,0.0,0.0,0.00268282625536731,0.00268282625536731
0,25,4,AATGGCTG,0.0,0.0,0.0,0.0,0.0,0.0,0.0,0.018059267111433464,0.018059267111433464
0,26,5,TTTTCATA,0.0,0.0,0.0,0.0,0.0,0.0,0.0,0.007854201021663343,0.007854201021663343
0,26,5,ATCATATG,0.0,0.0,0.0,0.0,0.0,0.0,0.0,0.007632755984078976,0.007632755984078976
0,26,5,TTGCAATC,0.0,0.0,0.0,0.0,0.0,0.0,0.0,0.007254610830188746,0.007254610830188746
0,26,5,CTCCGATC,0.0,0.0,0.0,0.0,0.0,0.0,0.0,0.00348605892720677,0.00348605892720677
0,27,2,GCTTTTAA,0.0,0.0,0.0,0.0,0.0,0.0,0.0,0.0007241708569893923,0.0007241708569893923
0,27,2,GCCTTTAA,0.0,0.0,0.0,0.0,0.0,0.0,0.0,0.00011187776816035111,0.00011187776816035111
0,27,2,GCTTTTAC,0.0,0.0,0.0,0.0,0.0,0.0,0.0,0.0002476460234093203,0.0002476460234093203
0,27,2,GCGTTTAA,0.0,0.0,0.0,0.0,0.0,0.0,0.0,2.784061810867655e-06,2.784061810867655e-06
0,28,2,TACGTGCA,0.0,0.0,0.0,0.0,0.0,0.0,0.0,6.531313981872344e-05,6.531313981872344e-05
0,28,2,TACGTCCA,0.0,0.0,0.0,0.0,0.0,0.0,0.0,2.591292939602141e-05,2.591292939602141e-05
0,28,2,CACGTGCA,0.0,0.0,0.0,0.0,0.0,0.0,0.0,0.0005429842142676833,0.0005429842142676833
0,28,2,GACGTTCA,0.0,0.0,0.0,0.0,0.0,0.0,0.0,7.634265331013523e-06,7.634265331013523e-06
0,29,4,TCCACCTT,0.0,0.0,0.0,0.0,0.0,0.0,0.0,0.0004236343746217841,0.0004236343746217841
0,29,4,TACAGCTC,0.0,0.0,0.0,0.0,0.0,0.0,0.0,0.011803359781588973,0.011803359781588973
0,29,4,TTCATATT,0.0,0.0,0.0,0.0,0.0,0.0,0.0,0.003910565884059913,0.003910565884059913
0,29,4,TCCATGTT,0.0,0.0,0.0,0.0,0.0,0.0,0.0,0.0005653549045918638,0.0005653549045918638
0,30,5,GATAAAGG,0.0,0.0,0.0,0.0,0.0,0.0,0.0,0.005570544148094214,0.005570544148094214
0,30,5,ACACACGG,0.0,0.0,0.0,0.0,0.0,0.0,0.0,0.0029311365787716426,0.0029311365787716426
0,30,5,CGTGACGG,0.0,0.0,0.0,0.0,0.0,0.0,0.0,0.005746147187517536,0.005746147187517536
0,30,5,TGTCAGGG,0.0,0.0,0.0,0.0,0.0,0.0,0.0,0.004590949615954187,0.004590949615954187
0,31,4,CTATGCAG,0.0,0.0,0.0,0.0,0.0,0.0,0.0,0.0014504076203456506,0.0014504076203456506
0,31,4,CTACCCCT,0.0,0.0,0.0,0.0,0.0,0.0,0.0,0.0047953716896822485,0.0047953716896822485
0,31,4,CTAATCGG,0.0,0.0,0.0,0.0,0.0,0.0,0.0,0.002549062981969108,0.002549062981969108
0,31,4,CTATCCGG,0.0,0.0,0.0,0.0,0.0,0.0,0.0,0.005647507085010162,0.005647507085010162
250,0,5,CGATATCA,1.2386695586280798,1.2363369529996997,1.2630537748336792,0.0,0.0,0.0,0.0267168218339795,0.016785496810784006,0.005122468668883329
250,0,5,CGATATCA,1.2386695586280798,1.2363369529996997,1.3202482461929321,0.0,0.0,0.0,0.08391129319323243,0.016785496810784006,0.005122468668883329
250,0,5,CGATATCA,1.2386695586280798,1.2363369529996997,1.2312191724777222,0.0,0.0,0.0,-0.005117780521977533,0.016785496810784006,0.005122468668883329
250,0,5,CGATATCA,1.2386695586280798,1.2363369529996997,1.3449233770370483,0.0,0.0,0.0,0.10858642403734864,0.016785496810784006,0.005122468668883329
250,1,5,CAATATCA,0.33012030200489806,0.3190813136845829,-0.15126264095306396,-0.40580468862768215,-0.40835075791614694,-0.0025460692884647917,-0.4703439546376469,0.064074517809801,0.008879576208225437
250,1,5,CGATATCA,0.7943310486363342,0.7766586040457086,0.6112920045852661,0.05840605800375398,0.049226532444978766,-0.009179525558775214,-0.16536659946044252,0.09629598091805347,0.007933757964925903
250,1,5,CGATATAT,1.1429844344028057,1.1444852818362412,1.1135048866271973,0.4070594437702255,0.41705321023551134,0.009993766465285825,-0.030980395209043943,0.00665117492937628,0.01415541209655391
250,1,5,CGATATAC,0.676264177486283,0.6695030868363869,0.6528980731964111,-0.05966081314629723,-0.05792898476434294,0.0017318283819542923,-0.016605013639975796,0.04019157560763453,0.006386122358153834
250,2,6,CGATATAT,1.189844522558372,1.1903585401777586,1.1954610347747803,0.48038905286830136,0.4969232366122822,0.016534183743980857,0.005102494597021723,0.014295748267842301,0.01737985398416164
250,2,6,CGATATCC,0.7699420046541512,0.7587376458208173,0.9556882381439209,0.06048653496408052,0.06530234225534093,0.00481580729126041,0.19695059232310363,0.0734862954320139,0.0062601424320103405
250,2,6,CAATATAT,0.9508598477686666,0.9399588879456532,0.5226669311523438,0.24140437807859594,0.24652358438017685,0.005119206301580914,-0.41729195679330944,0.07602689372011895,0.01062113478203841
250,2,6,CACTATAG,-0.0728244962209074,-0.1153138596823234,-0.17911863327026367,-0.782279965910978,-0.8087491632477998,-0.026469197336821737,-0.06380477358794027,0.2647680145964273,0.009831833827931291
250,3,2,CGATATAT,1.4001301300213203,1.4005747982300818,1.4005749225616455,0.0,0.0,0.0,1.2433156371116638e-07,3.6328416954112264e-05,0.0009256648344773133
250,3,2,CGATATAT,1.4001301300213203,1.4005747982300818,1.358370065689087,0.0,0.0,0.0,-0.04220473254099488,3.6328416954112264e-05,0.0009256648344773133
250,3,2,CGATATAT,1.4001301300213203,1.4005747982300818,1.3583699464797974,0.0,0.0,0.0,-0.04220485175028443,3.6328416954112264e-05,0.0009256648344773133
250,3,2,CGATATAT,1.4001301300213203,1.4005747982300818,1.4005749225616455,0.0,0.0,0.0,1.2433156371116638e-07,3.6328416954112264e-05,0.0009256648344773133
250,4,5,CAGTATCA,0.0053717062822036254,-0.03103464713320143,0.1273360252380371,-0.610891144948926,-0.625964687805778,-0.015073542856851918,0.15837067237123853,0.18492652936753284,0.0028947622905075576
250,4,5,CGATATCA,0.9624981838079074,0.9361068617211028,0.8720464110374451,0.34623533257677774,0.3411768210485263,-0.00505851152825143,-0.06406045068365773,0.13771706255884109,0.005760452124818016
250,4,5,CGATATCT,1.1365463462200234,1.1327344839399056,1.2226285934448242,0.5202834949888937,0.5378044432673291,0.017520948278435422,0.0898941095049186,0.034864952768183244,0.015805641367593992
250,4,5,CAATATCC,0.36063516861438405,0.3419134641624989,0.2553197145462036,-0.2556276826167456,-0.2530165765100776,0.0026111061066680374,-0.08659374961629529,0.09613461455100758,0.0025260922915819606
250,5,5,CGATCGAT,0.22252447788299837,0.19025594719375186,0.18396830558776855,-0.6421609484719913,-0.6657144882871457,-0.0235535398151544,-0.006287641605983302,0.17118702571340538,0.00984437226717283
250,5,5,CGATATAT,1.202662329553302,1.2036769752142324,1.166958212852478,0.3379769031983124,0.3477065397333349,0.009729636535022457,-0.03671876236175442,0.0012348380309774587,0.006308066335629192
250,5,5,CAATATAT,1.016777448991829,1.0149744097578028,1.1668198108673096,0.1520920226368394,0.15900397427690527,0.006911951640065861,0.15184540110950673,0.014471980326357103,0.005456784156225858
250,5,5,CAATATAT,1.016777448991829,1.0149744097578028,0.7664859294891357,0.1520920226368394,0.15900397427690527,0.006911951640065861,-0.2484884802686671,0.014471980326357103,0.005456784156225858
250,6,3,CGATATAG,0.7512539570281226,0.7525919812421002,0.9196836948394775,-0.0090711029004793,-0.008936974426938304,0.00013412847354099533,0.1670917135973773,0.0032055547858584887,0.007219627427791586
250,6,3,CGATATCG,0.8519118642129424,0.8522938351250354,0.7545345425605774,0.09158680428434052,0.09076487945599687,-0.0008219248283436453,-0.09775929256445803,0.0022898895367284844,0.00343580227300766
250,6,3,CGATATAA,0.293778662961422,0.2945740454726746,0.0034242868423461914,-0.46654639696717987,-0.466954910196364,-0.00040851322918411537,-0.2911497586303284,0.001323861536401072,0.0037100090701587263
250,6,3,CGATATAT,1.1443557555119204,1.146655960836344,1.14118492603302,0.3840306955833185,0.38512700516730547,0.0010963095839869874,-0.005471034803324004,0.005681808575419112,0.012582424548690518
250,7,4,CGATATAT,1.247378097786083,1.2478557049762458,1.2349470853805542,0.15006991110127155,0.15386284848985565,0.0037929373885841056,-0.012908619595691562,0.001437872958073183,0.003348301718724578
250,7,4,CGATCTAT,0.6470984533809967,0.6324043110168232,0.5074284076690674,-0.45020973330381486,-0.46158854546956696,-0.011378812165752095,-0.12497590334775577,0.06757954753453799,0.008802978077843804
250,7,4,CGATATAT,1.247378097786083,1.2478557049762458,1.267464280128479,0.15006991110127155,0.15386284848985565,0.0037929373885841056,0.019608575152233243,0.001437872958073183,0.003348301718724578
250,7,4,CGATATAT,1.247378097786083,1.2478557049762458,1.2667745351791382,0.15006991110127155,0.15386284848985565,0.0037929373885841056,0.018918830202892423,0.001437872958073183,0.003348301718724578
250,8,3,CAATATCG,0.8900831221738766,0.8905623648315668,0.6429992914199829,0.061792555208051936,0.0700231657570437,0.008230610548991768,-0.2475630734115839,0.0006675451685156375,0.0021052731415860393
250,8,3,CAATATCT,1.0431035579156498,1.0437912100719078,1.2376877069473267,0.2148129909498251,0.22325201099738468,0.008439020047559587,0.19389649687541888,0.0072184733724036665,0.009281429841178301
250,8,3,CAATATCT,1.0431035579156498,1.0437912100719078,1.1087841987609863,0.2148129909498251,0.22325201099738468,0.008439020047559587,0.06499298868907855,0.0072184733724036665,0.009281429841178301
250,8,3,CAATCTCT,0.33687202985812287,0.3040120113227099,0.4102517366409302,-0.49141853710770184,-0.5165271877518132,-0.02510865064411133,0.10623972531822029,0.11314620990455815,0.014566154298319312
250,9,4,CTATATCT,0.4633045342364611,0.415757868982231,0.6820865273475647,-0.1344356224453649,-0.13794340711319797,-0.0035077846678330804,0.2663286583653337,0.19704792910027136,0.006861268083350858
250,9,4,CGATATCT,1.054227637716516,1.0471725827859095,1.1520782709121704,0.45648748103469006,0.49347130669048056,0.0369838256557905,0.10490568812626089,0.038815966767655974,0.010595747045229587
250,9,4,CTATCTCA,0.04015335406716947,-0.04734991428752755,-0.21131455898284912,-0.5575868026146565,-0.6010511903829565,-0.04346438776829997,-0.16396464469532157,0.3538567336721794,0.0038436602533913344
250,9,4,CGATATCA,0.8332751007071573,0.7992245669011031,0.5291215181350708,0.23553494402533126,0.24552329080567414,0.009988346780342883,-0.2701030487660323,0.14468361318437584,0.00848147796015919
250,10,6,CGCTATAT,1.2572308211583725,1.2598727709148074,1.1843849420547485,0.3772602462694359,0.39764266144128557,0.020382415171849688,-0.07548782886005889,0.009556429183561588,0.02540812772217116
250,10,6,CGCTCGAT,0.13516284238571785,0.06894543431311224,0.3250267505645752,-0.7448077325032187,-0.7932846751604096,-0.048476942657190825,0.25608131625146296,0.4270487003075356,0.029744251871901994
250,10,6,CGCTATCT,1.0794928564680262,1.0689890888972304,1.0564868450164795,0.19952228157908958,0.20675897942370858,0.007236697844619,-0.01250224388075094,0.09757520076035675,0.03455259533558319
250,10,6,CGCTATCG,1.0479957795436297,1.051113143768937,1.0763059854507446,0.16802520465469306,0.1888830342954151,0.020857829640722025,0.025192841681807687,0.008198671734236385,0.02690285708608009
250,11,5,CAATATCT,0.547377373802996,0.5363574527017765,0.7896343469619751,0.05879786438871493,0.06986524871705702,0.01106738432834209,0.2532768942601986,0.05793855938968573,0.0028389538835877914
250,11,5,CGATATCG,0.8864435660965839,0.8840148729334268,0.771399199962616,0.39786405668230285,0.4175226689487074,0.01965861226640453,-0.11261567297081088,0.023665682489415918,0.011522216673631291
250,11,5,CGATATTA,0.4414934755746932,0.38643498525023434,0.3219872713088989,-0.04708603383958787,-0.08005721873448512,-0.032971184894897254,-0.06444771394133542,0.2793908862737169,0.004098434651422345
250,11,5,CGATAGCT,0.07900362218285117,0.05916150505344042,-0.7700397968292236,-0.4095758872314299,-0.40733069893127904,0.0022451883001508577,-0.829201301882664,0.10705818661518318,0.00784760096812942
250,12,5,TGATATCT,0.2748837684366615,0.25355996291774013,0.22488296031951904,-0.5252459577192733,-0.5388947963753405,-0.013648838656067253,-0.02867700259822109,0.14033630131452846,0.033717273719921614
250,12,5,CGATATCC,0.8815316733402359,0.8806395854769893,0.9359805583953857,0.08140194718430105,0.08818482618390866,0.006782878999607611,0.05534097291839646,0.011086761747736595,0.006626322431503517
250,12,5,CGATATCA,1.022051731423421,1.0178097443887963,0.8694751262664795,0.22192200526748618,0.22535498509571572,0.003432979828229543,-0.14833461812231685,0.026643977329727564,0.0054340421566045904
250,12,5,CGATATCA,1.022051731423421,1.0178097443887963,0.9912663698196411,0.22192200526748618,0.22535498509571572,0.003432979828229543,-0.02654337456915523,0.026643977329727564,0.0054340421566045904
250,13,3,CGATCTAG,0.6651941346212623,0.6647539449234805,0.9320536851882935,-0.21470348371563663,-0.2166166007518766,-0.0019131170362399752,0.26729974026481296,0.004503541188070059,0.003182972094724512
250,13,3,CGATCTAT,1.0946011020525357,1.0979871464272335,1.0823793411254883,0.21470348371563674,0.2166166007518764,0.0019131170362396421,-0.015607805301745215,0.0015244108332373996,0.011682543957331148
250,13,3,CGATCTAG,0.6651941346212623,0.6647539449234805,0.7908546924591064,-0.21470348371563663,-0.2166166007518766,-0.0019131170362399752,0.12610074753562595,0.004503541188070059,0.003182972094724512
250,13,3,CGATCTAT,1.0946011020525357,1.0979871464272335,1.1692819595336914,0.21470348371563674,0.2166166007518764,0.0019131170362396421,0.07129481310645791,0.0015244108332373996,0.011682543957331148
250,14,3,CGATATCC,1.2769633010531305,1.2760433953048453,1.3924540281295776,0.0,0.0,0.0,0.1164106328247323,0.004244866104400696,0.0014851488595448714
250,14,3,CGATATCC,1.2769633010531305,1.2760433953048453,1.1824628114700317,0.0,0.0,0.0,-0.0935805838348136,0.004244866104400696,0.0014851488595448714
250,14,3,CGATATCC,1.2769633010531305,1.2760433953048453,1.2937874794006348,0.0,0.0,0.0,0.017744084095789425,0.004244866104400696,0.0014851488595448714
250,14,3,CGATATCC,1.2769633010531305,1.2760433953048453,1.2839293479919434,0.0,0.0,0.0,0.007885952687098019,0.004244866104400696,0.0014851488595448714
250,15,3,CGATATTG,0.7929403962657697,0.7946688040263119,0.8340572714805603,0.27983032098002913,0.2971712971727052,0.01734097619267605,0.0393884674542484,0.0008398997543346276,0.006025123035961144
250,15,3,CTATATTA,0.5464601697447778,0.5333668101165027,0.63653564453125,0.03335009445903725,0.035869303262895946,0.002519208803858697,0.10316883441474733,0.04194414851886297,0.002664069634037425
250,15,3,CGATATTG,0.7929403962657697,0.7946688040263119,0.6017110347747803,0.27983032098002913,0.2971712971727052,0.01734097619267605,-0.19295776925153163,0.0008398997543346276,0.006025123035961144
250,15,3,GGATATTA,-0.07990066113335488,-0.1327143907546997,-0.11473333835601807,-0.5930107364190955,-0.6302118976083064,-0.03720116118921091,0.01798105239868164,0.16042115073605334,0.001979961872018876
250,16,5,CGATATAT,1.1588075595981362,1.1595945830643173,1.044637680053711,0.1370883014095714,0.1406656300808149,0.003577328671243496,-0.11495690301060635,0.007932622254298582,0.011867739585204262
250,16,5,CGATATCA,0.8500755504106513,0.8430178004394593,0.39416199922561646,-0.1716437077779135,-0.1759111525440431,-0.004267444766129613,-0.44885580121384283,0.04748825203420903,0.012199502178249055
250,16,5,CGATATAT,1.1588075595981362,1.1595945830643173,1.2327673435211182,0.1370883014095714,0.1406656300808149,0.003577328671243496,0.07317276045680088,0.007932622254298582,0.011867739585204262
250,16,5,CGATATCT,0.9191863631473358,0.9135088453659164,0.8830083608627319,-0.10253289504122898,-0.10542010761758602,-0.0028872125763570455,-0.030500484503184433,0.048382209310583235,0.01999462040348554
250,17,3,CAATATCT,0.27136859438999067,0.26121253520250304,0.37444353103637695,-0.48382633959626514,-0.48742712713364106,-0.0036007875373759157,0.11323099583387392,0.03254101064680137,0.002072833084338477
250,17,3,CGATATCG,0.8460936174413961,0.8460210135413538,0.8802429437637329,0.0908986834551403,0.09738135120520974,0.0064826677500694485,0.03422193022237907,0.006810474444771009,0.006592662744644429
250,17,3,CGATATCT,0.9516587620568181,0.9436625503003597,1.0469738245010376,0.19646382807056229,0.19502288796421563,-0.0014409401063466554,0.10331127420067787,0.03200515991739361,0.00801652464801883
250,17,3,CGATATCT,0.9516587620568181,0.9436625503003597,0.9857044219970703,0.19646382807056229,0.19502288796421563,-0.0014409401063466554,0.04204187169671059,0.03200515991739361,0.00801652464801883
250,18,4,CGATATCA,0.8913253105579975,0.8713826306435901,0.9881607294082642,0.10398798642040918,0.09613608288054798,-0.007851903539861205,0.11677809876467404,0.08476437297045702,0.0049936533128276395
250,18,4,CGATATCA,0.8913253105579975,0.8713826306435901,1.0307538509368896,0.10398798642040918,0.09613608288054798,-0.007851903539861205,0.15937122029329953,0.08476437297045702,0.0049936533128276395
250,18,4,CGATATCT,1.0450089739232442,1.045689634144462,1.1106001138687134,0.25767164978565593,0.2704430863814198,0.012771436595763852,0.06491047972425146,0.014386858379055845,0.017109499263926686
250,18,4,CAATATCA,0.321689701511114,0.3125312956205264,0.11862194538116455,-0.4656476226264743,-0.46271525214251574,0.0029323704839585574,-0.19390935023936184,0.038961142058518305,0.0023275184961679685
250,19,2,CGATATCT,1.2547152810990239,1.2547895526513457,1.3126901388168335,0.2860297336546014,0.28670389007311314,0.0006741564185117621,0.057900586165487766,9.056490143932727e-06,0.00015759959478778285
250,19,2,CGGTATCT,0.11059634648061789,0.10797399235889316,-0.44244062900543213,-0.8580892009638046,-0.8601116702193394,-0.0020224692555348422,-0.5504146213643253,0.007090234207812962,0.0018455259643634925
250,19,2,CGATATCT,1.2547152810990239,1.2547895526513457,1.2547895908355713,0.2860297336546014,0.28670389007311314,0.0006741564185117621,3.818422555923462e-08,9.056490143932727e-06,0.00015759959478778285
250,19,2,CGATATCT,1.2547152810990239,1.2547895526513457,1.2279174327850342,0.2860297336546014,0.28670389007311314,0.0006741564185117621,-0.02687211986631155,9.056490143932727e-06,0.00015759959478778285
250,20,3,CAATATAT,1.2401423319476388,1.2402408292724028,1.2754840850830078,0.17416860657615363,0.17510777805000544,0.0009391714738518075,0.035243255810605056,0.0004888572587359308,0.0007843492330277257
250,20,3,CAATATAT,1.2401423319476388,1.2402408292724028,1.2952405214309692,0.17416860657615363,0.17510777805000544,0.0009391714738518075,0.05499969215856648,0.0004888572587359308,0.0007843492330277257
250,20,3,CAATATAT,1.2401423319476388,1.2402408292724028,1.259522795677185,0.17416860657615363,0.17510777805000544,0.0009391714738518075,0.019281966404782303,0.0004888572587359308,0.0007843492330277257
250,20,3,CAATATCT,0.5434679056430238,0.5398097170723811,0.029392242431640625,-0.5225058197284613,-0.5253233341500162,-0.0028175144215548675,-0.5104174746407405,0.013044890479615212,0.002070324767687204
250,21,2,CGATATAT,1.3656573236117477,1.3684249622747302,1.4145832061767578,0.0,0.0,0.0,0.04615824390202761,2.2134372611004594e-05,0.005557411698575709
250,21,2,CGATATAT,1.3656573236117477,1.3684249622747302,1.5073342323303223,0.0,0.0,0.0,0.13890927005559206,2.2134372611004594e-05,0.005557411698575709
250,21,2,CGATATAT,1.3656573236117477,1.3684249622747302,1.4145832061767578,0.0,0.0,0.0,0.04615824390202761,2.2134372611004594e-05,0.005557411698575709
250,21,2,CGATATAT,1.3656573236117477,1.3684249622747302,1.2758911848068237,0.0,0.0,0.0,-0.09253377746790648,2.2134372611004594e-05,0.005557411698575709
250,22,4,CAATATAT,0.8505688628794377,0.8396250332395236,1.0228941440582275,-0.03322090794211807,-0.03360050392802816,-0.00037959598591008614,0.1832691108187039,0.0448880522445263,0.001112733684870193
250,22,4,CGATATAT,1.2101181869194795,1.2102203942680112,1.128562331199646,0.32632841609792373,0.3369948571004594,0.010666441002535665,-0.0816580630683652,0.0026268537987599316,0.003035683192886829
250,22,4,CAATCTAT,0.26435384656782634,0.23283632689466116,0.6212059259414673,-0.6194359242537294,-0.6403892102728906,-0.020953286019161244,0.3883695990468061,0.12683091341924335,0.0007608347265826154
250,22,4,CGATATAT,1.2101181869194795,1.2102203942680112,1.1458361148834229,0.32632841609792373,0.3369948571004594,0.010666441002535665,-0.06438427938458835,0.0026268537987599316,0.003035683192886829
250,23,3,CGATATGT,1.149873880647412,1.147395314131346,1.197981834411621,0.06389328778525494,0.06391145542470955,1.816763945461375e-05,0.050586520280275105,0.0131249623846591,0.005689262836461317
250,23,3,CGATATGG,0.8943007295063916,0.8917494924325077,0.8571094870567322,-0.19167986335576548,-0.19173436627412876,-5.4502918363286135e-05,-0.034640005375775496,0.012480446452736826,0.004826735231085344
250,23,3,CGATATGT,1.149873880647412,1.147395314131346,0.9688032865524292,0.06389328778525494,0.06391145542470955,1.816763945461375e-05,-0.1785920275789168,0.0131249623846591,0.005689262836461317
250,23,3,CGATATGT,1.149873880647412,1.147395314131346,1.1175622940063477,0.06389328778525494,0.06391145542470955,1.816763945461375e-05,-0.029833020124998333,0.0131249623846591,0.005689262836461317
250,24,2,CGATATCG,1.1611489150690328,1.161035019904375,1.1610350608825684,0.5277348165454336,0.5276756659150124,-5.915063042127855e-05,4.0978193283081055e-08,0.00023724250551449,9.452176199076234e-06
250,24,2,CGGTATCG,0.21048174735726577,0.21053896844387054,-0.25140464305877686,-0.42293235116633343,-0.42282038554549217,0.00011196562084125894,-0.4619436115026474,5.347234210972829e-09,0.00011444752044376116
250,24,2,CGATATCG,1.1611489150690328,1.161035019904375,1.1941334009170532,0.5277348165454336,0.5276756659150124,-5.915063042127855e-05,0.033098381012678146,0.00023724250551449,9.452176199076234e-06
250,24,2,CAATATCG,0.0008768165990653554,0.0008284077048301697,-0.24028384685516357,-0.6325372819245338,-0.6325309462845325,6.3356400012981595e-06,-0.24111225455999374,9.711243033683203e-05,2.9464186646066537e-07
250,25,3,CGATATAT,1.2636500961657866,1.2635869383811948,1.2582677602767944,0.12709926937359395,0.12889319078789807,0.0017939214143041227,-0.005319178104400413,0.0029429966164753463,0.002753523262700064
250,25,3,CGATATAT,1.2636500961657866,1.2635869383811948,1.184126853942871,0.12709926937359395,0.12889319078789807,0.0017939214143041227,-0.07946008443832375,0.0029429966164753463,0.002753523262700064
250,25,3,CGATATAG,0.7552530186714103,0.7480141752296022,1.0006179809570312,-0.3812978081207824,-0.38667957236369455,-0.005381764242912146,0.252603805727429,0.024160042231897938,0.002443511906474072
250,25,3,CGATATAT,1.2636500961657866,1.2635869383811948,1.2524031400680542,0.12709926937359395,0.12889319078789807,0.0017939214143041227,-0.011183798313140647,0.0029429966164753463,0.002753523262700064
250,26,6,CGATATCG,0.9699412258813398,0.969887906164189,0.9272729158401489,0.4156952387711289,0.43359279352573354,0.01789755475460464,-0.042614990324040036,0.021460396574016105,0.021140478271110652
250,26,6,CGATCTTG,0.21527538564868434,0.17636860767379314,-0.03064894676208496,-0.3389706014615266,-0.3599265049646623,-0.020955903503135698,-0.2070175544358781,0.24751671474431625,0.014076046894968997
250,26,6,CTATATAT,0.6240380527035526,0.614442326693743,0.7704184055328369,0.06979206559334172,0.07814721405528757,0.00835514846194585,0.15597607883909392,0.06888378490883085,0.011309428849973102
250,26,6,CGGTATCA,0.407729284207267,0.3844816100220963,0.5688093900680542,-0.14651670290294388,-0.15181350261635912,-0.0052967997134152345,0.1843277800459579,0.1526026111643155,0.013116566053291479
250,27,6,CGATATCT,1.0050394086262313,0.9995921779113507,0.7798307538032532,0.142763830902514,0.14502848636831123,0.0022646554657972384,-0.21976142410809751,0.048740481234270217,0.016057096944987137
250,27,6,CGGTATAC,0.28740217510312444,0.26378580676650315,0.5207275748252869,-0.5748734026205928,-0.5907778847765364,-0.015904482155943533,0.2569417680587837,0.14852121433287024,0.006823004313142533
250,27,6,CGATATCG,0.9882981843047048,0.9880148684179094,0.8812962770462036,0.12602260658098752,0.13345117687486996,0.007428570293882442,-0.1067185913717058,0.018066740029498707,0.016366844708725736
250,27,6,CGATATAT,1.1683625428608089,1.1668619130763942,1.1900856494903564,0.30608696513709155,0.31229822153335474,0.006211256396263187,0.023223736413962248,0.0181644717500693,0.009160693043581247
250,28,5,CAATATAC,0.686917802150113,0.6776230990141624,0.38995057344436646,-0.34454518406188916,-0.34987442497940113,-0.005329240917511968,-0.28767252556979594,0.04995751742609533,0.0034840017463420025
250,28,5,CAATATAG,0.9023872201895745,0.8954528997652229,1.0640124082565308,-0.12907576602242765,-0.13204462422834062,-0.002968858205912972,0.16855950849130785,0.03672477015457387,0.0020531680328161883
250,28,5,CAATATAT,1.2682734612541604,1.2684570485974347,1.2672020196914673,0.23681047504215824,0.24095952460387116,0.004149049561712914,-0.0012550289059674036,0.001880604797819041,0.0027985415141893455
250,28,5,CAATATAT,1.2682734612541604,1.2684570485974347,1.2006735801696777,0.23681047504215824,0.24095952460387116,0.004149049561712914,-0.06778346842775695,0.001880604797819041,0.0027985415141893455
250,29,4,CAGTATAC,0.0025848155080030466,-0.009553470610019765,0.24204802513122559,-0.05642158576297146,-0.050202963165550785,0.0062186225974206755,0.25160149574124535,0.04992828602944055,0.001375141557349302
250,29,4,GCGTATCG,-1.2066602056260647,-1.2636693529784677,-1.2026561498641968,-1.2656666068970392,-1.3043188455339987,-0.038652238636959435,0.06101320311427094,0.2290791794193563,0.0010425900097441598
250,29,4,CGGTATCG,0.9241840935919936,0.9260143133578824,1.0141518115997314,0.865177692321019,0.8853648208023515,0.020187128481332417,0.08813749824184902,0.0025166533684393144,0.009837532431994589
250,29,4,CGGTATAC,0.5159169016099661,0.5098064804527291,0.5795935392379761,0.45691050033899155,0.4691569878971981,0.012246487558206565,0.06978705878524694,0.026975346261759015,0.0025336616328113237
250,30,2,CAATAGAA,-0.19584841126252028,-0.20107753574848197,-0.20107758045196533,-0.6157533941174308,-0.614386795088649,0.0013665990287817786,-4.4703483359498364e-08,0.01073979973918382,0.00028155076726044115
250,30,2,CAATCGAT,0.35816770077660687,0.34753023087978363,0.4746994972229004,-0.061737282078303646,-0.06577902846038336,-0.004041746382079714,0.12716926634311676,0.02182678462388221,0.000551844830235737
250,30,2,CAATCGAT,0.35816770077660687,0.34753023087978363,0.2832326889038086,-0.061737282078303646,-0.06577902846038336,-0.004041746382079714,-0.06429754197597504,0.02182678462388221,0.000551844830235737
250,30,2,CAATAGAT,1.1591329411289486,1.1592541113495827,1.1845171451568604,0.7392279582740381,0.7459448520094156,0.006716893735377538,0.02526303380727768,9.883066086047165e-05,0.00034117110212861235
250,31,3,CAATATAT,1.2286047087550858,1.22842293460336,1.2100862264633179,0.3441365188395076,0.3467029128870409,0.002566394047533338,-0.01833670814004207,0.0020032998430441484,0.0014579773878660163
250,31,3,CAATATAG,0.7155408494379194,0.7135062987605726,0.713316023349762,-0.16892734047765878,-0.16821372295574644,0.0007136175219123464,-0.00019027541081062527,0.006240076443669196,0.00013642441162886598
250,31,3,CAATATAA,0.3651224927142221,0.35652791889798313,0.3736876845359802,-0.5193456972013561,-0.525192102818336,-0.0058464056169797995,0.017159765637997093,0.025822395847170387,3.867439845350873e-05
250,31,3,CAATATAT,1.2286047087550858,1.22842293460336,1.2618156671524048,0.3441365188395076,0.3467029128870409,0.002566394047533338,0.033392732549044846,0.0020032998430441484,0.0014579773878660163
500,0,1,CGATATCC,1.459812231361866,1.459812231361866,1.4598122835159302,0.0,0.0,0.0,5.21540641784668e-08,0.0,0.0
500,0,1,CGATATCC,1.459812231361866,1.459812231361866,1.4598122835159302,0.0,0.0,0.0,5.21540641784668e-08,0.0,0.0
500,0,1,CGATATCC,1.459812231361866,1.459812231361866,1.4598122835159302,0.0,0.0,0.0,5.21540641784668e-08,0.0,0.0
500,0,1,CGATATCC,1.459812231361866,1.459812231361866,1.4598122835159302,0.0,0.0,0.0,5.21540641784668e-08,0.0,0.0
500,1,7,CAATATAT,1.1087148143297583,1.105596886172283,0.974796712398529,0.047883782716455325,0.05367136632470837,0.005787583608253044,-0.13080017377375386,0.03136353884364218,0.00953804174131534
500,1,7,CGATATAT,1.2667052845233415,1.268163412829646,1.2279154062271118,0.20587425291003858,0.2162378929820714,0.010363640072032831,-0.04024800660253414,0.006394844768276231,0.016601742912408568
500,1,7,CCATATAT,0.7591892132703532,0.7283448942160857,0.147469162940979,-0.3016418183429498,-0.3235806256314888,-0.02193880728853903,-0.5808757312751067,0.22838229779754382,0.012472064417671902
500,1,7,CAATATAT,1.1087148143297583,1.105596886172283,1.1513475179672241,0.047883782716455325,0.05367136632470837,0.005787583608253044,0.04575063179494121,0.03136353884364218,0.00953804174131534
500,2,4,CTATATAT,1.2346519354276195,1.2309099859169996,1.223886251449585,0.2524314864656094,0.2739801939460449,0.02154870748043547,-0.007023734467414666,0.017721694286248146,0.0027538962437683168
500,2,4,CTATATAT,1.2346519354276195,1.2309099859169996,1.1823689937591553,0.2524314864656094,0.2739801939460449,0.02154870748043547,-0.048540992157844354,0.017721694286248146,0.0027538962437683168
500,2,4,CTATCTAT,0.8191277078641057,0.7440752768889072,0.5017821788787842,-0.1630927410979044,-0.21285451508204756,-0.049761773984143165,-0.242293098010123,0.3039069890348598,0.0036972651340656526
500,2,4,CTGTATAT,0.6404502171286957,0.621823919160913,0.7228603363037109,-0.34177023183331445,-0.3351058728100418,0.00666435902327267,0.10103641714279799,0.08268937188668701,0.008184180015556208
500,3,4,CGATATAT,1.18808747996713,1.1888757363194602,1.287306547164917,0.24625755118586767,0.2497828354826197,0.0035252842967520293,0.0984308108454568,0.0047353929722292465,0.007888418381550188
500,3,4,CGATATCC,0.5768813891547082,0.5668748033543431,0.9432040452957153,-0.36494853962655405,-0.37221809748249735,-0.007269557855943298,0.3763292419413722,0.04402953675778143,0.004003193556321172
500,3,4,CGATATCT,0.814263366036081,0.8117453273540984,1.0637085437774658,-0.1275665627451813,-0.12734757348274206,0.00021898926243923977,0.2519632164233674,0.02327000154002068,0.013197846812090575
500,3,4,CGATATAT,1.18808747996713,1.1888757363194602,1.2164478302001953,0.24625755118586767,0.2497828354826197,0.0035252842967520293,0.027572093880735116,0.0047353929722292465,0.007888418381550188
500,4,5,GGATATCT,0.26065701268281016,0.19738429695057355,-0.005141615867614746,-0.4198377191554715,-0.4615285461318367,-0.04169082697636517,-0.2025259128181883,0.33401941720986983,0.01765583854868691
500,4,5,CGATATCC,0.8624014507236479,0.8618074941526475,0.611530601978302,0.18190671888536625,0.2028946510702372,0.02098793218487094,-0.25027689217434546,0.009596105286505896,0.006626322431503517
500,4,5,CGATCTCA,0.5838769952044274,0.5628739138413212,0.6098653078079224,-0.09661773663385431,-0.09603892924108903,0.0005788073927652793,0.046991393966601125,0.11308532731149512,0.008069920495964666
500,4,5,CGATATCA,1.0150434687422416,1.0135856673850987,1.1652026176452637,0.3345487369039599,0.3546728243026884,0.020124087398728507,0.15161695026016497,0.012723048942318682,0.0054340421566045904
500,5,5,CAATATAT,0.9676571180912406,0.9681915437864757,1.1262528896331787,-0.0882440369605495,-0.0894635915081019,-0.0012195545475524039,0.15806134584670306,0.009825819580424167,0.012497948056599206
500,5,5,CGATATAT,1.185553816450121,1.1885197738402833,1.1848329305648804,0.12965266139833087,0.13086463854570574,0.0012119771473748653,-0.003686843275402918,0.007924764813143526,0.022754551763955355
500,5,5,CGATATAT,1.185553816450121,1.1885197738402833,1.0968892574310303,0.12965266139833087,0.13086463854570574,0.0012119771473748653,-0.09163051640925302,0.007924764813143526,0.022754551763955355
500,5,5,CGATATAG,0.8848398692156783,0.8853894497112675,1.1292630434036255,-0.1710612858361118,-0.17226568558331,-0.0012043997471982149,0.24387359369235795,0.013107653669969466,0.01585555614791545
500,6,3,CGATATCT,0.7274542174250985,0.7192435169385537,0.9824414253234863,-0.3516097028121846,-0.3582294755615293,-0.006619772749344666,0.2631979083849326,0.02861028229254714,0.003978180832912681
500,6,3,CGATATAT,1.1962671545080112,1.1968828176872595,1.2077605724334717,0.1172032342707281,0.11940982518717647,0.00220659091644837,0.01087775474621222,0.0013813500927937206,0.003228339630537924
500,6,3,CGATATAT,1.1962671545080112,1.1968828176872595,1.1748855113983154,0.1172032342707281,0.11940982518717647,0.00220659091644837,-0.02199730628894403,0.0013813500927937206,0.003228339630537924
500,6,3,CGATATAT,1.1962671545080112,1.1968828176872595,1.2138049602508545,0.1172032342707281,0.11940982518717647,0.00220659091644837,0.016922142563595033,0.0013813500927937206,0.003228339630537924
500,7,5,CGATATCA,0.9728099236451915,0.9605060002347449,0.9668606519699097,0.3675266283672851,0.3818318647437263,0.01430523637644121,0.006354651735164807,0.06728006917705098,0.005760452124818016
500,7,5,CGAGATCT,0.3172170929324256,0.257937661663939,-0.34629082679748535,-0.28806620234548075,-0.32073647382707954,-0.03267027148159879,-0.6042284884614244,0.31601631047185563,0.01961915412942261
500,7,5,CGGTATCA,0.47699966649677317,0.4456482846351957,1.0099246501922607,-0.1282836287811332,-0.13302585085582286,-0.0047422220746896615,0.5642763655570651,0.1627528211520728,0.005995911844185464
500,7,5,CTATATCG,0.6541064980372352,0.6506045954301947,0.7866064310073853,0.04882320275932883,0.07193045993917613,0.023107257179847296,0.1360018355771906,0.022964211862583017,0.0054546988273802555
500,8,5,CGATATCG,1.0463935425688757,1.047019455414265,0.9895757436752319,0.31621550935480935,0.33291723917859284,0.016701729823783484,-0.057443711739033176,0.00928932006022909,0.012418884287175302
500,8,5,CGGTATCC,0.45507879934281165,0.4156763199840981,0.7018105983734131,-0.27509923387125473,-0.2984258962515742,-0.02332666238031944,0.286134278389315,0.2001199562248086,0.0031075594312408583
500,8,5,CGATATCA,0.9337507915572101,0.9248526163150865,0.9591696858406067,0.2035727583431437,0.21075040007941426,0.007177641736270557,0.03431706952552016,0.05144515491526924,0.006954278704651706
500,8,5,CGATCTCG,0.4854889993873682,0.468860473229239,0.14710783958435059,-0.24468903382669815,-0.24524174300643325,-0.0005527091797351003,-0.32175263364488843,0.10383931078044295,0.020696679989796962
500,9,6,CTATATCC,0.4568110904744091,0.44641293357643735,0.3581921458244324,-0.06919973819275599,-0.07111793102360225,-0.001918192830846266,-0.08822078775200498,0.073193218648953,0.010804277261122763
500,9,6,CGATATAA,0.6699912701258767,0.6643156066588635,0.4007912874221802,0.14398044145871158,0.14678474205882386,0.002804300600112275,-0.2635243192366833,0.03978315598412063,0.005729175182041857
500,9,6,CTATATAT,0.6802045016007644,0.6766043583552035,0.8443605899810791,0.1541936729335993,0.15907349375516389,0.004879820821564573,0.1677562316258756,0.03483288723267908,0.013232027759313425
500,9,6,TGATATCA,0.2970364524676105,0.28279055980965406,0.008013606071472168,-0.22897437619955457,-0.23474030479038555,-0.005765928590830971,-0.2747769537381819,0.09825772817023193,0.012782372222493343
500,10,4,GGATATAT,-0.03858343209236459,-0.07318013099332665,0.07660853862762451,-0.5681957807749934,-0.5944577995396687,-0.026262018764675266,0.14978866962095116,0.14128984670388345,0.002903051100035192
500,10,4,CGGTATCT,0.3860605073298753,0.3868843267361324,0.4887712001800537,-0.14355184135275356,-0.13439334181020968,0.009158499542543885,0.10188687344392133,0.0020616878036170405,0.005356965428645388
500,10,4,CGGTATAT,0.5712534314151804,0.5703789318601291,0.9780541062355042,0.041641082732551515,0.04910126331378706,0.007460180581235543,0.40767517437537504,0.009640364547586433,0.00614236632738141
500,10,4,CGATATAT,1.1997188880778242,1.2010275465824334,1.1216073036193848,0.6701065393951954,0.6797498780360913,0.009643338640895949,-0.07942024296304862,0.0007002768205840448,0.005934910839020979
500,11,2,CGATATAG,1.2667868992492466,1.2671250198036432,1.2810099124908447,0.0,0.0,0.0,0.0138848926872015,2.2934279894082366e-06,0.0006785345367825713
500,11,2,CGATATAG,1.2667868992492466,1.2671250198036432,1.2393553256988525,0.0,0.0,0.0,-0.027769694104790688,2.2934279894082366e-06,0.0006785345367825713
500,11,2,CGATATAG,1.2667868992492466,1.2671250198036432,1.210250973701477,0.0,0.0,0.0,-0.056874046102166176,2.2934279894082366e-06,0.0006785345367825713
500,11,2,CGATATAG,1.2667868992492466,1.2671250198036432,1.323999285697937,0.0,0.0,0.0,0.056874265894293785,2.2934279894082366e-06,0.0006785345367825713
500,12,5,CGATATAT,1.2071128894886958,1.2064511658623813,1.247150182723999,0.08162609957954703,0.08261459056210407,0.0009884909825570443,0.0406990168616177,0.009935423475292304,0.006626805343720399
500,12,5,CGATATAT,1.2071128894886958,1.2064511658623813,1.2531013488769531,0.08162609957954703,0.08261459056210407,0.0009884909825570443,0.0466501830145718,0.009935423475292304,0.006626805343720399
500,12,5,CGATATCG,0.8806084911705078,0.8759928036139651,0.8590044379234314,-0.24487829873864098,-0.2478437716863121,-0.002965472947671133,-0.016988365690533747,0.03639314669185856,0.013314708909145878
500,12,5,CGATATAT,1.2071128894886958,1.2064511658623813,1.2676070928573608,0.08162609957954703,0.08261459056210407,0.0009884909825570443,0.061155926994979515,0.009935423475292304,0.006626805343720399
500,13,2,CGATATAT,1.2433463799815003,1.2429452147334814,1.2077617645263672,0.30866366660414746,0.3087304253131151,6.675870896766245e-05,-0.03518345020711422,0.0009711398374667723,0.00016880934142893267
500,13,2,CGATATAT,1.2433463799815003,1.2429452147334814,1.2205665111541748,0.30866366660414746,0.3087304253131151,6.675870896766245e-05,-0.022378703579306602,0.0009711398374667723,0.00016880934142893267
500,13,2,CGGTATAT,0.008691713564910497,0.008023513481020927,0.008023381233215332,-0.9259909998124424,-0.9261912759393454,-0.00020027612690298735,-1.3224780559539795e-07,0.001644816050366149,0.0003084158825870098
500,13,2,CGATATAT,1.2433463799815003,1.2429452147334814,1.2877024412155151,0.30866366660414746,0.3087304253131151,6.675870896766245e-05,0.04475722648203373,0.0009711398374667723,0.00016880934142893267
500,14,5,GGATATAT,0.31448043576676155,0.2776644277262189,0.4668334722518921,-0.21898332792798902,-0.20093273227491104,0.018050595653077983,0.18916904452567318,0.1899083786963054,0.005828338493592433
500,14,5,CGGGATAG,0.014968886840026308,-0.14273670559438578,-0.18443405628204346,-0.5184948768547243,-0.6213338655955157,-0.10283898874079145,-0.041697350687657675,0.7944915723847839,0.0059636102127234025
500,14,5,CGATAGAT,0.4961847181675534,0.46886637865876146,1.2480626106262207,-0.037279045527197185,-0.009730781342368489,0.027548264184828697,0.7791962319674592,0.15560496119936396,0.019013263655404344
500,14,5,CGATATAT,1.3082210140046608,1.3105945392139253,1.3073493242263794,0.7747572503099103,0.8319973792127954,0.0572401289028851,-0.00324521498754593,0.0027476101457559743,0.014615236192078385
500,15,2,CGATATAG,1.2667868992492466,1.2671250198036432,1.267125129699707,0.2584204881339105,0.258490163134411,6.967500050047981e-05,1.0989606380462646e-07,2.2934279894082366e-06,0.0006785345367825713
500,15,2,CGATATAG,1.2667868992492466,1.2671250198036432,1.238020658493042,0.2584204881339105,0.258490163134411,6.967500050047981e-05,-0.029104361310601234,2.2934279894082366e-06,0.0006785345367825713
500,15,2,CGATATAG,1.2667868992492466,1.2671250198036432,1.323999285697937,0.2584204881339105,0.258490163134411,6.967500050047981e-05,0.056874265894293785,2.2934279894082366e-06,0.0006785345367825713
500,15,2,CAATATAG,0.2331049467136046,0.23316436726599932,0.4943816661834717,-0.7752614644017315,-0.7754704894032329,-0.00020902500150143943,0.26121729891747236,4.180567268541324e-05,0.0001606467774748488
500,16,4,CGATATAT,1.2755918013374683,1.2759880258624134,1.292084813117981,0.18694622772424196,0.20311543624848127,0.01616920852423931,0.016096787255567513,0.002070200485979279,0.003655098585760186
500,16,4,CGAGATAT,0.5278068904405008,0.46352628086848835,0.6174067854881287,-0.5608386831727256,-0.6093463087454438,-0.04850762557271826,0.1538805046196403,0.260211023804652,0.0030885855166022935
500,16,4,CGATATAT,1.2755918013374683,1.2759880258624134,1.2712196111679077,0.18694622772424196,0.20311543624848127,0.01616920852423931,-0.004768414694505729,0.002070200485979279,0.003655098585760186
500,16,4,CGATATAT,1.2755918013374683,1.2759880258624134,1.3041232824325562,0.18694622772424196,0.20311543624848127,0.01616920852423931,0.028135256570142708,0.002070200485979279,0.003655098585760186
500,17,3,CGATATAA,1.2702880659048283,1.270019597580863,1.219703197479248,0.0,0.0,0.0,-0.05031640010161498,0.0026406471050248737,0.0018352421331284674
500,17,3,CGATATAA,1.2702880659048283,1.270019597580863,1.2720719575881958,0.0,0.0,0.0,0.0020523600073327763,0.0026406471050248737,0.0018352421331284674
500,17,3,CGATATAA,1.2702880659048283,1.270019597580863,1.291567087173462,0.0,0.0,0.0,0.02154748959259889,0.0026406471050248737,0.0018352421331284674
500,17,3,CGATATAA,1.2702880659048283,1.270019597580863,1.3096179962158203,0.0,0.0,0.0,0.03959839863495729,0.0026406471050248737,0.0018352421331284674
500,18,5,CAATCGTA,0.07425506224887216,0.05650415770709501,-0.14459645748138428,-0.32486636371090916,-0.3324405896601576,-0.007574225949248448,-0.20110061518847927,0.0913991902157889,0.0026446675069031755
500,18,5,TTATCGCG,-0.26203262775393216,-0.27911348690589255,-0.28905224800109863,-0.6611540537137135,-0.6680582342731451,-0.00690418055943165,-0.009938761095206083,0.09595870479562407,0.010554409035822054
500,18,5,CGATCTCT,0.7606497284897797,0.754483834827939,0.9120570421218872,0.36152830252999846,0.3655390874606864,0.004010784930687961,0.1575732072939482,0.04389681108688004,0.013067342777675961
500,18,5,CGATCTAT,1.0236135408544054,1.023904483839869,1.0584299564361572,0.6244921148946241,0.6349597364726164,0.010467621577992303,0.03452547259628824,0.007904673286135644,0.009359388213452391
500,19,2,CGATATAT,1.1153181719619947,1.1150330621749163,1.0752067565917969,0.7177717365569313,0.7180840368382633,0.00031230028133200083,-0.03982630558311939,0.0005743148530782394,4.095278921312229e-06
500,19,2,CGATACAT,-0.420219959077597,-0.4215153604745867,-0.8089289665222168,-0.8177663944826604,-0.8184643858112397,-0.0006979913285792838,-0.3874136060476301,0.002658295295926205,6.749250194681977e-05
500,19,2,CTATATAT,-0.22023064322613872,-0.22075466252863407,-0.9484570026397705,-0.6177770786312021,-0.6177036878652871,7.339076591506011e-05,-0.7277023401111364,0.0014977343306772362,0.0004496957256865386
500,19,2,CGATATAT,1.1153181719619947,1.1150330621749163,1.3004405498504639,0.7177717365569313,0.7180840368382633,0.00031230028133200083,0.1854074876755476,0.0005743148530782394,4.095278921312229e-06
500,20,2,CGATCATA,0.17799087861547358,0.177386075258255,0.3137476444244385,0.1915777478798794,0.1943730451166631,0.002795297236783678,0.13636156916618347,0.0012097792010141717,1.7248657702140235e-07
500,20,2,CGATCGTA,0.39876539926857535,0.3955383151769638,0.395538330078125,0.4123522685329812,0.4125252850353719,0.00017301650239071042,1.4901161193847656e-08,0.007926031594461591,0.0014718634112385054
500,20,2,GGATCCTA,-0.3189091689135557,-0.3248694241046908,-0.3055201768875122,-0.30532229964914986,-0.3078824542462827,-0.0025601545971328243,0.019349247217178567,0.013992629364543596,0.002072118982273441
500,20,2,GGATCATA,-0.31219458602811656,-0.3160028457641604,-0.3543820381164551,-0.29860771676371073,-0.2990158759057523,-0.0004081591420415642,-0.0383791923522947,0.00790038721020947,0.00028386773812183463
500,21,3,CGATATAA,1.2354845346998151,1.2355127488262951,1.2016093730926514,0.18401867493691526,0.18405186619040448,3.319125348921759e-05,-0.03390337573364377,0.0006273439392647795,0.0007119863187048381
500,21,3,CGATATAA,1.2354845346998151,1.2355127488262951,1.2534375190734863,0.18401867493691526,0.18405186619040448,3.319125348921759e-05,0.01792477024719119,0.0006273439392647795,0.0007119863187048381
500,21,3,CAATATAA,0.49940983495215424,0.49930528406467706,0.07332134246826172,-0.5520560248107456,-0.5521555985712137,-9.957376046809685e-05,-0.42598394159641534,0.001546966813064099,0.0012333141506326584
500,21,3,CGATATAA,1.2354845346998151,1.2355127488262951,1.1388274431228638,0.18401867493691526,0.18405186619040448,3.319125348921759e-05,-0.09668530570343137,0.0006273439392647795,0.0007119863187048381
500,22,5,CGATATAG,0.81910031711997,0.819511569583167,0.8005096912384033,0.012631158419655897,0.014002611565713696,0.0013714531460577994,-0.019001878344763634,0.009591858959064226,0.011648121275048773
500,22,5,CGATATCC,0.7291717769808752,0.727869262440751,0.923987865447998,-0.0772973817194389,-0.07763969557670225,-0.0003423138572633544,0.19611860300724704,0.008675629858760026,0.0021630571581390257
500,22,5,CGATATAA,0.5301653039408164,0.5241846342943604,0.8827536106109619,-0.2763038547594977,-0.2813243237230929,-0.005020468963595204,0.35856897631660156,0.032423059564748336,0.0025197113324679776
500,22,5,CGATATAT,1.147439236759595,1.1504703657515345,1.1633039712905884,0.3409700780592808,0.34496140773408124,0.003991329674800426,0.012833605539053883,0.0030933465392470882,0.0182489914989441
500,23,6,CGATATAG,0.9206199654885827,0.9200019279184435,0.9275078177452087,0.06138452077237222,0.06411541280362554,0.002730892031253318,0.007505889826765255,0.018492688640817878,0.014784463219982058
500,23,6,CAATATAT,0.9871370151976135,0.9826148815660009,1.0005122423171997,0.12790157048140305,0.1267283664511829,-0.001173204030220143,0.017897360751198854,0.03721883149211136,0.01008602970243544
500,23,6,CGATATAC,0.8158172428936465,0.8141069984115239,0.9427775740623474,-0.04341820182256395,-0.04177951670329405,0.0016386851192699003,0.12867057565082352,0.014627929248457239,0.004366462355720913
500,23,6,CGATATAA,0.7133675552849991,0.7068222525633034,0.3760245442390442,-0.14586788943121143,-0.1490642625515145,-0.0031963731203030754,-0.33079770832425925,0.042365963608506085,0.0030941472783325707
500,24,4,CGATATAG,1.3398357563750316,1.3402833627381674,1.382702112197876,0.17892707240849548,0.18689043706399389,0.007963364655498406,0.04241874945970858,0.00027488268000641636,0.0020653081325496814
500,24,4,CGATCTAG,0.6241274667410499,0.5927216144821921,0.7080135941505432,-0.5367812172254862,-0.5606713111919814,-0.02389009396649522,0.11529197966835114,0.1297892044659763,0.004165795430544961
500,24,4,CGATATAG,1.3398357563750316,1.3402833627381674,1.3475154638290405,0.17892707240849548,0.18689043706399389,0.007963364655498406,0.007232101090873133,0.00027488268000641636,0.0020653081325496814
500,24,4,CGATATAG,1.3398357563750316,1.3402833627381674,1.3523763418197632,0.17892707240849548,0.18689043706399389,0.007963364655498406,0.01209297908159579,0.00027488268000641636,0.0020653081325496814
500,25,3,CATTATAT,1.194541564777415,1.190630293347769,1.2033137083053589,0.06669780389226587,0.07580375469600154,0.009105950803735663,0.012683414957589845,0.015161905810911147,0.003428091521973542
500,25,3,CATTATAT,1.194541564777415,1.190630293347769,1.269153118133545,0.06669780389226587,0.07580375469600154,0.009105950803735663,0.07852282478577588,0.015161905810911147,0.003428091521973542
500,25,3,CATGATAT,0.9277503492083513,0.8874152745637627,0.98545902967453,-0.20009341167679773,-0.22741126408800483,-0.0273178524112071,0.09804375511076735,0.123483167627777,0.0024779436940107757
500,25,3,CATTATAT,1.194541564777415,1.190630293347769,1.0983991622924805,0.06669780389226587,0.07580375469600154,0.009105950803735663,-0.09223113105528857,0.015161905810911147,0.003428091521973542
500,26,3,CGATATCC,1.2676832354630458,1.2671746222509275,1.2116146087646484,0.0,0.0,0.0,-0.055560013486279036,0.0016373671668405976,0.00011152753048548902
500,26,3,CGATATCC,1.2676832354630458,1.2671746222509275,1.2190446853637695,0.0,0.0,0.0,-0.04812993688715794,0.0016373671668405976,0.00011152753048548902
500,26,3,CGATATCC,1.2676832354630458,1.2671746222509275,1.200392484664917,0.0,0.0,0.0,-0.06678213758601048,0.0016373671668405976,0.00011152753048548902
500,26,3,CGATATCC,1.2676832354630458,1.2671746222509275,1.2290239334106445,0.0,0.0,0.0,-0.03815068884028294,0.0016373671668405976,0.00011152753048548902
500,27,4,CGATATAC,0.6033514223514277,0.5975756299061081,0.7603709697723389,-0.36221610720842956,-0.3669351440621542,-0.004719036853724656,0.16279533986623074,0.02488660338338944,0.0017834336021111952
500,27,4,CGATATAT,1.2258143496421354,1.2281201240451391,1.2855989933013916,0.2602468200822782,0.2636093500768768,0.0033625299945986287,0.05747886925625245,0.0017679859928425579,0.01099108360485701
500,27,4,CGATATAT,1.2258143496421354,1.2281201240451391,1.339306354522705,0.2602468200822782,0.2636093500768768,0.0033625299945986287,0.11118623047756593,0.0017679859928425579,0.01099108360485701
500,27,4,CGATATAG,0.8072899966037305,0.804227217876663,0.4579157829284668,-0.1582775329561268,-0.1602835560915994,-0.002006023135472601,-0.34631143494819616,0.01641682960838109,0.004165714700111067
500,28,5,CGATATAT,1.301054310646766,1.3041540033649652,1.301149606704712,0.06694925256630824,0.06910819720709727,0.002158944640789029,-0.0030043966602533168,0.003225282298469301,0.01872374588946535
500,28,5,CGATATAT,1.301054310646766,1.3041540033649652,1.3527772426605225,0.06694925256630824,0.06910819720709727,0.002158944640789029,0.04862323929555723,0.003225282298469301,0.01872374588946535
500,28,5,CGATATCT,1.033257300381533,1.0277212145365768,1.1458637714385986,-0.2008477576989247,-0.20732459162129113,-0.006476833922366421,0.1181425569020218,0.037037230444978864,0.009356801220198108
500,28,5,CGATATAT,1.301054310646766,1.3041540033649652,1.26656174659729,0.06694925256630824,0.06910819720709727,0.002158944640789029,-0.03759225676767519,0.003225282298469301,0.01872374588946535
500,29,2,CAATATAT,0.794606272595908,0.7944218227639794,0.9560497403144836,0.5906196460001569,0.6010913215577602,0.01047167555760331,0.1616279175505042,0.0003881007949253501,1.9201131068236066e-05
500,29,2,CAATATAT,0.794606272595908,0.7944218227639794,0.46411556005477905,0.5906196460001569,0.6010913215577602,0.01047167555760331,-0.3303062627092004,0.0003881007949253501,1.9201131068236066e-05
500,29,2,TCATATAT,-1.9525591560451143,-1.9958611726760864,-1.9857641458511353,-2.1565457826408654,-2.1891916738823056,-0.03264589124144024,0.010097026824951172,0.08681622201366146,0.00021218875171724605
500,29,2,CGATATAT,1.1792931172363028,1.1803395319730043,1.2457233667373657,0.9753064906405517,0.9870090307667851,0.011702540126233396,0.06538383476436138,5.307724904102251e-05,0.0021459067224438577
500,30,3,CGATATAA,1.2354845346998151,1.2355127488262951,1.2373251914978027,0.5490671112133338,0.5541637957018489,0.00509668448851508,0.001812442671507597,0.0006273439392647795,0.0007119863187048381
500,30,3,CGATATAA,1.2354845346998151,1.2355127488262951,1.2584353685379028,0.5490671112133338,0.5541637957018489,0.00509668448851508,0.022922619711607695,0.0006273439392647795,0.0007119863187048381
500,30,3,CGATATAA,1.2354845346998151,1.2355127488262951,1.2448104619979858,0.5490671112133338,0.5541637957018489,0.00509668448851508,0.009297713171690702,0.0006273439392647795,0.0007119863187048381
500,30,3,CAAGATAA,-0.9607839101535204,-0.9811424339811007,-1.712392807006836,-1.6472013336400018,-1.662491387105547,-0.015290053465545128,-0.7312503730257353,0.0625800087596664,0.0015044372769255077
500,31,4,CGATATAT,1.2717356353095026,1.2743988387519498,1.2609755992889404,0.19527483049388805,0.1972733221870535,0.0019984916931654606,-0.013423239463009384,0.0019642358261559023,0.012617049595943897
500,31,4,CGATCTAT,0.8139286215556245,0.8120675674096376,0.8849789500236511,-0.26253218325999006,-0.2650579491552587,-0.00252576589526865,0.07291138261401353,0.028720119625846863,0.02127590304189919
500,31,4,CGATATCT,0.9484433270878292,0.9476368213460475,1.1075958013534546,-0.12801747772778538,-0.12948869521884876,-0.0014712174910633813,0.15995898000740705,0.01140332066267491,0.008177297695548091
500,31,4,CGATATAT,1.2717356353095026,1.2743988387519498,1.345634937286377,0.19527483049388805,0.1972733221870535,0.0019984916931654606,0.07123609853442714,0.0019642358261559023,0.012617049595943897
1000,0,5,CGATCTGT,0.922222926948822,0.9067248417851317,0.8344560861587524,0.08278806225668722,0.08737064960892937,0.004582587352242151,-0.07226875562637924,0.08593373009976935,0.008443304281317232
1000,0,5,CGATCGGA,0.8967617308068249,0.862987040632748,0.9590031504631042,0.05732686611469007,0.04363284845654569,-0.013694017658144375,0.09601610983035624,0.17646465906287423,0.007591208192490484
1000,0,5,CTATCGGT,0.8050889785556482,0.7742856453591462,1.118483304977417,-0.03434588613648659,-0.04506854681705608,-0.010722660680569485,0.34419765961827076,0.16200963896390297,0.00799297298139301
1000,0,5,CGATCTGG,0.7336658224572443,0.7334192409277837,0.819542646408081,-0.10576904223489048,-0.08593495124841866,0.01983409098647182,0.0861234054802974,0.005798905693314094,0.004565998046010655
1000,1,6,CACTATCT,0.38600765327631664,0.3707562200220602,0.7259605526924133,-0.31249549967778284,-0.31940868137591905,-0.006913181698136206,0.3552043326703531,0.10416608844145703,0.012657488915918336
1000,1,6,CGATATCT,1.0967178777175473,1.0958381858292132,0.9419459700584412,0.39821472476344777,0.40567328443123396,0.007458559667786191,-0.15389221577077206,0.022246850112244587,0.016968698782241276
1000,1,6,CGATATCC,0.9260890067001984,0.9242184737490277,1.0627843141555786,0.22758585374609897,0.2340535723510484,0.006467718604949435,0.13856584040655096,0.016192824477665013,0.0049696267706398345
1000,1,6,CTATAGCA,0.3851980741223359,0.36984672599161605,0.008405923843383789,-0.31330507883176356,-0.3203181754063632,-0.007013096574599642,-0.36144080214823227,0.10073247058600554,0.008624381801686454
1000,2,4,CGATATGT,0.9488656427623716,0.9507265683544881,0.9400647282600403,0.044464635756269244,0.04781198369012918,0.0033473479338599343,-0.010661840094447816,0.004641930606591904,0.012085632975058047
1000,2,4,CGATATGA,1.0064390148272806,1.0069768984491627,0.9914355278015137,0.10203800782117822,0.1040623137848038,0.0020243059636255722,-0.015541370647649044,0.0035030715697064174,0.005654606057235334
1000,2,4,CGATCTGT,0.6558603556074766,0.6469779734046222,0.9461915493011475,-0.2485406513986258,-0.25593661125973677,-0.007395959861110968,0.2992135758965253,0.04994299966764748,0.014413470856229793
1000,2,4,CGATATGA,1.0064390148272806,1.0069768984491627,0.8760489225387573,0.10203800782117822,0.1040623137848038,0.0020243059636255722,-0.1309279759104054,0.0035030715697064174,0.005654606057235334
1000,3,4,CGATATAG,0.7897865162423456,0.783799812643944,0.810302197933197,-0.23533815490248533,-0.24053753055826155,-0.005199375655776217,0.026502385289252972,0.0308096856991531,0.006862871305546747
1000,3,4,CGATATAT,1.1826568390389964,1.1845232066116298,1.147984504699707,0.15753216789416546,0.1601858634094242,0.002653695515258736,-0.036538701911922766,0.001466939868378092,0.008932410158911885
1000,3,4,CGATATAT,1.1826568390389964,1.1845232066116298,1.1618207693099976,0.15753216789416546,0.1601858634094242,0.002653695515258736,-0.02270243730163224,0.001466939868378092,0.008932410158911885
1000,3,4,CAATATAT,0.9453984902589857,0.9445031469416187,0.7489182949066162,-0.07972618088584527,-0.07983419626058685,-0.00010801537474158796,-0.19558485203500253,0.006818425307823173,0.003237052038355337
1000,4,6,CGATATAT,1.179036945040201,1.17864184385269,1.2403945922851562,0.2550124827888752,0.25877824936283633,0.0037657665739611046,0.06175274843246625,0.01434761259099937,0.011977005465933388
1000,4,6,CGATATAC,0.788223745145649,0.7863850616694732,0.7091688513755798,-0.13580071710567676,-0.13347853282038047,0.0023221842852962915,-0.07721621029389336,0.0221094034691105,0.011077302612056528
1000,4,6,CGATCTAT,0.7674970002588181,0.7599601438013543,0.9681444764137268,-0.15652746199250767,-0.15990345068849932,-0.0033759886959916496,0.20818433261237246,0.05879756073117948,0.013576421986396525
1000,4,6,CGATATCG,0.9613401585606353,0.9544673286358973,0.9902598857879639,0.03731569630930953,0.034603734146043674,-0.0027119621632658575,0.03579255715206653,0.06400234855772169,0.022765369009293934
1000,5,5,TGATATCG,0.5212520091598367,0.4427204871860638,0.6628226041793823,-0.44787508201816095,-0.5066750004119237,-0.05879991839376275,0.2201021169933185,0.4157689638652782,0.02311135399641362
1000,5,5,CGATATAG,1.0683008377648175,1.0683852258759232,0.7812178134918213,0.09917374658681988,0.11898973827793569,0.01981599169111581,-0.2871674123841019,0.009728541750775532,0.010150482306304554
1000,5,5,CGATATCG,1.218654680022519,1.2180910114540402,1.317352056503296,0.24952758884452142,0.26869552385605266,0.019167935011531245,0.0992610450492557,0.010877525575708202,0.008059182733314074
1000,5,5,CGATATAG,1.0683008377648175,1.0683852258759232,1.0373282432556152,0.09917374658681988,0.11898973827793569,0.01981599169111581,-0.031056982620307982,0.009728541750775532,0.010150482306304554
1000,6,7,CGATATAT,1.1804402819705693,1.181291310575341,1.1292874813079834,0.2463683957859779,0.2504902337136089,0.004121837927630989,-0.05200382926735769,0.009886503099374666,0.01584370333277718
1000,6,7,CTATATCA,0.7561790084984381,0.7514397264946078,0.8986534476280212,-0.17789287768615325,-0.17936135036712442,-0.0014684726809711668,0.14721372113341347,0.04718763008383586,0.014012656057023065
1000,6,7,CAATATAT,1.0344491807312994,1.0323338215385067,0.9837394952774048,0.10037729454670807,0.10153274467677453,0.00115545013006646,-0.04859432626110194,0.02392718403927363,0.009119669689724219
1000,6,7,CAATATCT,0.7652190735380583,0.7581394488384733,0.7360354661941528,-0.16885281264653307,-0.1726616280232589,-0.003808815376725838,-0.022103982644320452,0.06158243286533427,0.01202505996823966
1000,7,3,CGGTATAG,0.6682852920836311,0.6622425032934793,0.6757120490074158,0.03610468130194033,0.034563731492703975,-0.0015409498092363583,0.013469545713936437,0.019744118116034937,0.0016157517455797077
1000,7,3,CGGTATAG,0.6682852920836311,0.6622425032934793,0.8652214407920837,0.03610468130194033,0.034563731492703975,-0.0015409498092363583,0.2029789374986044,0.019744118116034937,0.0016157517455797077
1000,7,3,CGATACAG,-0.07380042696801414,-0.07950039094107038,-0.3624192476272583,-0.7059810377497049,-0.7071791627418458,-0.001198124992140892,-0.28291885668618794,0.01739324226719141,0.0002933503480226918
1000,7,3,CGATATAG,1.2659522859275152,1.265730471557213,1.2834467887878418,0.6337716751458244,0.6380516997564377,0.0042800246106132755,0.01771631723062872,0.001147183696893872,0.0004817405859869339
1000,8,2,CGATATAT,1.1627225830089165,1.1626510694622993,1.186139464378357,0.7477170508264989,0.7519229669123888,0.004205916085889938,0.023488394916057587,0.0005685652549226594,0.0004255381616884435
1000,8,2,CGATATAC,0.056913252332903896,0.0567917600274086,0.3575303554534912,-0.35809227984951375,-0.35393634252250195,0.004155937327011805,0.3007385954260826,0.0003564369975221915,0.00011345238653159839
1000,8,2,CGATATAT,1.1627225830089165,1.1626510694622993,1.1626511812210083,0.7477170508264989,0.7519229669123888,0.004205916085889938,1.1175870895385742e-07,0.0005685652549226594,0.0004255381616884435
1000,8,2,CGGTATAC,-0.7223362896210666,-0.7391814887523651,-0.7067673206329346,-1.137341821803484,-1.1499095913022757,-0.01256776949879157,0.03241416811943054,0.03379312428956194,0.0001027260269648167
1000,9,6,CGATATCT,1.0935917170509448,1.0933063555120794,1.2114064693450928,0.3150445913559048,0.3617984014323963,0.04675381007649149,0.11810011383301333,0.021264041147636803,0.01955187191444452
1000,9,6,CGATATCT,1.0935917170509448,1.0933063555120794,0.983678936958313,0.3150445913559048,0.3617984014323963,0.04675381007649149,-0.10962741855376645,0.021264041147636803,0.01955187191444452
1000,9,6,CGAGATCG,0.20998032018104565,0.07499275276333901,0.543398380279541,-0.5685668055139944,-0.6565152013163441,-0.0879483958023497,0.468405627516202,0.835032663597012,0.02510725909077216
1000,9,6,CGGTATCC,0.7170247484972249,0.6644263525312345,0.5189921259880066,-0.06152237719781517,-0.06708160154844867,-0.005559224350633496,-0.1454342265432279,0.324292822103768,0.008702446307825795
1000,10,4,AGATATCT,-0.29624764095025746,-0.3942702377680689,-0.1143566370010376,-0.5048623435886347,-0.5705341856798141,-0.06567184209117938,0.2799136007670313,0.3969085702102184,0.004818182938972626
1000,10,4,CGGTATCA,0.5178831010025776,0.5029951355536473,0.9317472577095032,0.3092683983642004,0.3267311876419021,0.01746278927770173,0.4287521221558559,0.06413701195292854,0.004585150157207174
1000,10,4,CGGTATCA,0.5178831010025776,0.5029951355536473,0.41821402311325073,0.3092683983642004,0.3267311876419021,0.01746278927770173,-0.08478111244039654,0.06413701195292854,0.004585150157207174
1000,10,4,CGCTATCG,0.09494024949861113,0.09333575830775498,0.24875366687774658,-0.1136744531397661,-0.08292818960399018,0.03074626353577592,0.1554179085699916,0.019392648684599223,0.012974683921174623
1000,11,4,CGATCCTT,-0.24674929487106345,-0.30167418594161655,-0.49176740646362305,-0.2419690046113186,-0.25524956358519085,-0.013280558973872258,-0.1900932205220065,0.23408332186288394,0.014383757580671563
1000,11,4,CGATCTCA,0.008688273174727978,-0.010398357796172153,-0.34431636333465576,0.013468563434472836,0.03602626456025354,0.022557701125780705,-0.3339180055384836,0.08078317340734031,0.0044366495237397885
1000,11,4,CGATATCA,0.667753669020702,0.6673003241885456,0.7871584296226501,0.6725339592804469,0.7137249465449713,0.041190987264524415,0.11985810543410458,0.0077170212691344275,0.0059036419405087415
1000,11,4,CGATACAC,-0.44881380836334595,-0.5409262698764596,-0.5831590890884399,-0.4440335181036011,-0.49450164752003395,-0.05046812941643286,-0.0422328192119803,0.3741075920107564,0.0056577459583015965
1000,12,4,CGATATAG,0.9985397269871386,0.9996816834512481,1.1065468788146973,0.02247025035392669,0.027493813007216428,0.005023562653289737,0.10686519536344918,0.0025356497999819982,0.007103475656419889
1000,12,4,CGATATAG,0.9985397269871386,0.9996816834512481,1.0098859071731567,0.02247025035392669,0.027493813007216428,0.005023562653289737,0.010204223721908656,0.0025356497999819982,0.007103475656419889
1000,12,4,CGATATTG,0.7273295463815959,0.7105808714792754,0.8650602102279663,-0.248739930251616,-0.26160699896475625,-0.01286706871314025,0.1544793387486909,0.07192780237069307,0.004933102761411234
1000,12,4,CGATATCG,1.179868906176974,1.1788072433943553,1.2465547323226929,0.20379942954376218,0.20661937295032362,0.0028199434065614426,0.0677474889283376,0.006275618685467332,0.002028967554991823
1000,13,6,CGATATCT,1.0935917170509448,1.0933063555120794,1.1688735485076904,0.12145299535800114,0.12500895463631922,0.0035559592783180882,0.07556719299561099,0.021264041147636803,0.01955187191444452
1000,13,6,CTATATCT,0.797838945340887,0.792889097699662,1.083998203277588,-0.17429977635205673,-0.17540830317609823,-0.0011085268240415003,0.2911091055779259,0.041161880046024724,0.011462794198674686
1000,13,6,CGATATCG,1.0563374584050431,1.0477402944531697,1.0836048126220703,0.08419873671209943,0.07944289357740952,-0.004755843134689908,0.03586451816890057,0.06850605082430805,0.016923067113067347
1000,13,6,CGATATCC,0.9407867659749001,0.9392538558381295,0.8538038730621338,-0.03135195571804361,-0.029043545037630736,0.0023084106804128757,-0.08544998277599569,0.017625755033999546,0.008428294213375764
1000,14,3,CAATATAT,0.808852430272141,0.809217532475789,1.0057646036148071,0.21702460848400595,0.21932827619214834,0.0023036677081423873,0.19654707113901815,0.00017597259142143606,0.0012712792023652497
1000,14,3,CAGTATAT,0.018842075838329347,0.011387650337484345,0.3527892827987671,-0.5729857459498058,-0.5785016059461563,-0.005515859996350514,0.34140163246128274,0.0236234340030963,0.0012601575005612986
1000,14,3,CAATATAT,0.808852430272141,0.809217532475789,0.9715631604194641,0.21702460848400595,0.21932827619214834,0.0023036677081423873,0.16234562794367513,0.00017597259142143606,0.0012712792023652497
1000,14,3,CGATATCT,0.730764350769929,0.7297343098455,0.867451548576355,0.13893652898179387,0.1398450535618594,0.0009085245800655173,0.13771723873085495,0.004083969270461507,0.0009938464971748218
1000,15,4,CTATATCA,0.9238950410078963,0.9156418015772947,1.0162590742111206,0.16538494362306122,0.16743283260924136,0.0020478889861801353,0.10061727263382592,0.03587895134858243,0.0028659936261759
1000,15,4,CTATATCT,0.8672950696193223,0.8592561198747719,0.8583624362945557,0.10878497223448724,0.11104715090671857,0.0022621786722313297,-0.0008936835802162424,0.03886879767419016,0.006712998695988404
1000,15,4,CTATATCA,0.9238950410078963,0.9156418015772947,1.3047349452972412,0.16538494362306122,0.16743283260924136,0.0020478889861801353,0.3890931437199465,0.03587895134858243,0.0028659936261759
1000,15,4,CTGTATCA,0.31895523790422486,0.3022961528428523,-0.06498277187347412,-0.43955485948061024,-0.44591281612520106,-0.006357956644590823,-0.3672789247163264,0.06866992515884096,0.0020335849133505945
1000,16,6,CGATATGA,0.7348547175860979,0.7349978303465624,0.6082148551940918,0.053782643823520604,0.09213020763992152,0.03834756381640092,-0.1267829751524706,0.00981430498620206,0.010672981548989213
1000,16,6,CGATATCA,1.202769697870119,1.204123665991614,1.2143141031265259,0.5216976241075417,0.561256043284973,0.0395584191774313,0.010190437134911967,0.0071709896633420644,0.015294798392311293
1000,16,6,CGATCGTA,0.7286799813440439,0.6975440801347649,0.4623568654060364,0.0476079075814666,0.05467645742812399,0.00706854984665739,-0.2351872147287285,0.1999940005772114,0.01317859332153759
1000,16,6,CGAGATTA,0.057983898250048384,-0.06519508564637781,0.08007156848907471,-0.6230881755125289,-0.7080627083530187,-0.08497453284048972,0.14526665413545253,0.749268065479832,0.010194162101274884
1000,17,6,CAATATAT,0.9573901960680282,0.9540187203713376,1.0879837274551392,0.028749629676825705,0.028547494991734257,-0.0002021346850914485,0.13396500708380155,0.023517496680505623,0.0032886425003617603
1000,17,6,CGATATAT,1.131886427599183,1.1323355033941975,1.1647731065750122,0.20324586120798038,0.20686427801459417,0.003618416806613789,0.03243760318081468,0.006466238273494129,0.009160693043581247
1000,17,6,CAATATAT,0.9573901960680282,0.9540187203713376,0.9602674245834351,0.028749629676825705,0.028547494991734257,-0.0002021346850914485,0.0062487042120974445,0.023517496680505623,0.0032886425003617603
1000,17,6,CGATATAA,0.6678954458295708,0.6615119573815406,0.7122882008552551,-0.2607451205616317,-0.2639592679980628,-0.003214147436431114,0.050776243473714566,0.041409980851835115,0.0031090501636530377
1000,18,3,CGATATAC,1.233101960951658,1.2339145652949808,1.2345157861709595,0.24102552067347416,0.2415243455519278,0.000498824878453652,0.0006012208759786919,0.00041911960415463856,0.0028569326341223444
1000,18,3,CGATATAC,1.233101960951658,1.2339145652949808,1.2877182960510254,0.24102552067347416,0.2415243455519278,0.000498824878453652,0.05380373075604461,0.00041911960415463856,0.0028569326341223444
1000,18,3,CGATATAC,1.233101960951658,1.2339145652949808,1.1950100660324097,0.24102552067347416,0.2415243455519278,0.000498824878453652,-0.03890449926257111,0.00041911960415463856,0.0028569326341223444
1000,18,3,CTATATAC,0.2689998782577616,0.2678171830872696,0.15069925785064697,-0.7230765620204223,-0.7245730366557834,-0.001496474635361178,-0.11711792523662262,0.009338264502766425,0.005790178991290418
1000,19,4,CTATATAG,0.2388710723673566,0.227795708536481,0.4086112976074219,-0.6669180682773462,-0.6756059059698601,-0.008687837692513911,0.18081558907094086,0.04770888171699905,0.003407426393496671
1000,19,4,CGATATAG,1.0082190598046443,1.0073647197956843,0.7585252523422241,0.10242991915994148,0.10396310528934316,0.0015331861294016758,-0.2488394674534602,0.0054506948605483885,0.002033334824708355
1000,19,4,CGATATCG,1.1880332152034052,1.1892230148465996,1.318170428276062,0.2822440745587024,0.2858214003402585,0.0035773257815561177,0.12894741342946237,0.0007306216557090295,0.005489820228487652
1000,19,4,CGATATCG,1.1880332152034052,1.1892230148465996,1.1746714115142822,0.2822440745587024,0.2858214003402585,0.0035773257815561177,-0.01455160333231742,0.0007306216557090295,0.005489820228487652
1000,20,8,CGATATAT,1.1987522768579995,1.2000430275830212,1.082909345626831,0.41210965318022064,0.43115265528197466,0.019043002101754025,-0.11713368195619012,0.012010332103845611,0.022336337904018677
1000,20,8,CTATCTTC,0.30843935617234886,0.26531366767271747,0.3090428113937378,-0.47820326750542996,-0.503576704628329,-0.02537343712289908,0.043729143721020325,0.35645079052239126,0.011445282525340161
1000,20,8,CGATCGAT,0.7014780474813478,0.6767675060587819,0.4739196300506592,-0.08516457619643103,-0.09212286624226462,-0.006958290045833593,-0.2028478760081227,0.23202800131964274,0.03434366993911553
1000,20,8,CGATATCC,0.9379008141994187,0.9334372878896657,1.034424066543579,0.1512581905216399,0.16454691558861922,0.013288725066979312,0.10098677865391337,0.0501830781045598,0.014474867626535826
1000,21,3,CGTGATCA,0.9529755090625395,0.9305816679779024,0.8823531866073608,0.5227413340597091,0.5332394373706644,0.010498103310955242,-0.04822848137054159,0.07360542241775758,0.006423899163846336
1000,21,3,AGTTATCA,-0.2389901736285296,-0.3142174087050891,-0.28831958770751953,-0.6692243486313599,-0.7115596393123271,-0.0423352906809672,0.025897820997569543,0.22746913834774407,0.0017874331180656178
1000,21,3,TGTAATCA,0.053975855514771943,0.0424229951782363,-0.3595590591430664,-0.3762583194880584,-0.3549192354290018,0.0213390840590566,-0.4019820543213027,0.035783660903502934,0.001125079893895986
1000,21,3,CGTGATCA,0.9529755090625395,0.9305816679779024,0.9337435960769653,0.5227413340597091,0.5332394373706644,0.010498103310955242,0.003161928099062905,0.07360542241775758,0.006423899163846336
1000,22,7,CGATATAT,1.174788865918672,1.176458374892368,1.1645315885543823,0.15198993962307816,0.1542857535499611,0.002295813926882939,-0.011926786337985718,0.012035267116173198,0.02372182993204497
1000,22,7,CGATATAC,0.8487757557160164,0.8464527949782686,0.7551429867744446,-0.1740231705795775,-0.1757198263641383,-0.0016966557845607966,-0.09130980820382406,0.028715133966163986,0.012454408801930938
1000,22,7,CGATATAT,1.174788865918672,1.176458374892368,1.1381527185440063,0.15198993962307816,0.1542857535499611,0.002295813926882939,-0.038305656348361694,0.012035267116173198,0.02372182993204497
1000,22,7,CGATATCC,0.8928422176290152,0.8893209406066226,0.9634236097335815,-0.1299567086665787,-0.13285168073578435,-0.002894972069205637,0.07410266912695895,0.0377342392905482,0.013085300133800715
1000,23,6,CGATATAT,1.1527194355668502,1.1533790348252897,1.1389269828796387,0.33732674071031266,0.3516814681054612,0.014354727395148537,-0.014452051945651023,0.009867563091799036,0.013825158642436719
1000,23,6,CTATCGTA,0.3979734996620217,0.34831731389794,0.4163307547569275,-0.4174191951945158,-0.4533802528218885,-0.03596105762737267,0.06801344085898747,0.30344665170080276,0.005509537116312302
1000,23,6,CGATATAC,0.7420168123255545,0.7357991167188924,0.6886439323425293,-0.07337588253098304,-0.06589845000093608,0.007477432530046957,-0.047155184376363124,0.0450172655764951,0.0077110919365228625
1000,23,6,CGATATCT,0.968861031871724,0.9692948014371918,0.9553329944610596,0.15346833701518647,0.16759723471736332,0.014128897702176846,-0.013961806976132252,0.013774920543384805,0.0163775379361919
1000,24,1,CGATATAT,1.1932035982608795,1.1932035982608795,1.1932035684585571,0.0,0.0,0.0,-2.9802322387695312e-08,0.0,0.0
1000,24,1,CGATATAT,1.1932035982608795,1.1932035982608795,1.1932035684585571,0.0,0.0,0.0,-2.9802322387695312e-08,0.0,0.0
1000,24,1,CGATATAT,1.1932035982608795,1.1932035982608795,1.1932035684585571,0.0,0.0,0.0,-2.9802322387695312e-08,0.0,0.0
1000,24,1,CGATATAT,1.1932035982608795,1.1932035982608795,1.1932035684585571,0.0,0.0,0.0,-2.9802322387695312e-08,0.0,0.0
1000,25,5,CGCGATAT,0.4958384722557584,0.4655718289595093,0.9109617471694946,-0.32974483089077866,-0.3519771783573863,-0.022232347466607627,0.4453899182099853,0.16048908599364786,0.009155869512402326
1000,25,5,CTATATAT,0.6838255890992544,0.6830065419338638,0.5316998958587646,-0.14175771404728266,-0.13454246538303183,0.0072152486642508284,-0.15130664607509914,0.011957721270378308,0.007862485443425271
1000,25,5,CAATATAT,1.0613345756155677,1.0608088291871047,1.0623846054077148,0.2357512724690306,0.24325982187020911,0.00750854940117851,0.0015757762206101145,0.006635266293417708,0.004006534151103303
1000,25,5,CAATATAT,1.0613345756155677,1.0608088291871047,1.0674649477005005,0.2357512724690306,0.24325982187020911,0.00750854940117851,0.006656118513395759,0.006635266293417708,0.004006534151103303
1000,26,2,CGGTATCG,0.7641841237853542,0.7633338700979948,0.6858124136924744,0.5473316723313101,0.6008984530344607,0.053566780703150574,-0.07752145640552044,0.002429962168090327,0.0007294547933716089
1000,26,2,CGTGATCG,-0.330479220877266,-0.4384630359709265,-0.011249423027038574,-0.5473316723313101,-0.6008984530344607,-0.053566780703150574,0.42721361294388793,0.21798551667493538,0.002017886487614362
1000,26,2,CGTGATCG,-0.330479220877266,-0.4384630359709265,-1.4834520816802979,-0.5473316723313101,-0.6008984530344607,-0.053566780703150574,-1.0449890457093713,0.21798551667493538,0.002017886487614362
1000,26,2,CGGTATCG,0.7641841237853542,0.7633338700979948,0.5710741281509399,0.5473316723313101,0.6008984530344607,0.053566780703150574,-0.19225974194705486,0.002429962168090327,0.0007294547933716089
1000,27,4,GGATAATA,0.9275917897541496,0.924977321594876,0.8109933137893677,-0.030270101255000514,-0.03135971136119531,-0.0010896101061947938,-0.11398400780550833,0.011927887319053365,0.0014700146819590643
1000,27,4,GGATAATA,0.9275917897541496,0.924977321594876,0.9198206663131714,-0.030270101255000514,-0.03135971136119531,-0.0010896101061947938,-0.005156655281704614,0.011927887319053365,0.0014700146819590643
1000,27,4,GGATCATA,0.9881319922641507,0.9876967443172666,0.8886666297912598,0.030270101255000625,0.03135971136119531,0.0010896101061946828,-0.09903011452600685,0.003828377734999,0.0020873859474628276
1000,27,4,GGATCATA,0.9881319922641507,0.9876967443172666,0.9836000204086304,0.030270101255000625,0.03135971136119531,0.0010896101061946828,-0.004096723908636246,0.003828377734999,0.0020873859474628276
1000,28,5,CGATATAG,0.8078530784187548,0.7996006181463595,0.7330352067947388,0.0314526415436891,0.03212394258162632,0.000671301037937222,-0.06656541135162075,0.051624745306633635,0.010362443944657684
1000,28,5,CGATATCT,0.8768769122805565,0.8774316955132715,0.9263388514518738,0.10047647540549087,0.10995501994853829,0.009478544543047418,0.04890715593860229,0.019169649444380266,0.02194356560795452
1000,28,5,CGATATAT,1.1257691543594779,1.1261573223272954,1.072096586227417,0.34936871748441223,0.35868064676256217,0.009311929278149944,-0.05406073609987838,0.010838881739249961,0.012779721578337622
1000,28,5,CTATATTA,0.29510260244147374,0.2667170662720064,0.38091593980789185,-0.4812978344335919,-0.5007596092927268,-0.01946177485913486,0.11419887353588543,0.14394921767911129,0.0020215368317746396
1000,29,4,CGATCTCC,0.5557270332369424,0.5305705004830092,0.4905287027359009,-0.17200344770932596,-0.17952121609080973,-0.007517768381483769,-0.040041797747108365,0.11095749541173916,0.01033136439600657
1000,29,4,CGATATCC,1.1320373100526613,1.131411664129701,1.152988314628601,0.40430682910639293,0.421319947555882,0.01701311844948905,0.02157665049890012,0.008196316257993774,0.005693732566152576
1000,29,4,CGATATCC,1.1320373100526613,1.131411664129701,1.0682413578033447,0.40430682910639293,0.421319947555882,0.01701311844948905,-0.06317030632635623,0.008196316257993774,0.005693732566152576
1000,29,4,CACGATCC,0.0911202704428089,0.04697303755286475,-0.43761146068573,-0.6366102105034595,-0.6631186790209542,-0.026508468517494777,-0.48458449823859473,0.18677316420593026,0.010184232646153646
1000,30,3,CGATATAT,1.1791206570460802,1.1804778199228976,1.1498665809631348,0.061187800594287634,0.06144247555898308,0.00025467496469544493,-0.03061123895976281,0.0004961628346746849,0.004567651465126943
1000,30,3,CAATATAT,0.9343694546689297,0.9347079176869655,1.0294164419174194,-0.1835634017828628,-0.184327426676949,-0.0007640248940862238,0.09470852423045395,0.0003732826709490489,0.0013886717250564118
1000,30,3,CGATATAT,1.1791206570460802,1.1804778199228976,1.2553309202194214,0.061187800594287634,0.06144247555898308,0.00025467496469544493,0.07485310029652381,0.0004961628346746849,0.004567651465126943
1000,30,3,CGATATAT,1.1791206570460802,1.1804778199228976,1.149620532989502,0.061187800594287634,0.06144247555898308,0.00025467496469544493,-0.030857286933395622,0.0004961628346746849,0.004567651465126943
1000,31,4,CGATATAT,1.2945676038994576,1.296626557479613,1.3200733661651611,0.0,0.0,0.0,0.02344680868554816,0.0004096144682464997,0.008645428788867981
1000,31,4,CGATATAT,1.2945676038994576,1.296626557479613,1.212963342666626,0.0,0.0,0.0,-0.083663214812987,0.0004096144682464997,0.008645428788867981
1000,31,4,CGATATAT,1.2945676038994576,1.296626557479613,1.1765568256378174,0.0,0.0,0.0,-0.12006973184179559,0.0004096144682464997,0.008645428788867981
1000,31,4,CGATATAT,1.2945676038994576,1.296626557479613,1.3482129573822021,0.0,0.0,0.0,0.051586399902589175,0.0004096144682464997,0.008645428788867981
2000,0,6,GGATAGTA,0.06983598711749665,0.022743623302732274,-0.33570659160614014,-0.5474209370377556,-0.5760505975253175,-0.02862966048756188,-0.3584502149088724,0.2907522163654219,0.008198033476835676
2000,0,6,CGATCTAT,0.8421862039964968,0.8304512418224469,0.6972844004631042,0.22492927984124456,0.2316570209943971,0.0067277411531525555,-0.13316684135934265,0.09961551306770655,0.029205740023407145
2000,0,6,CGATACAT,0.6510459739473227,0.6380252243899216,0.4655320644378662,0.033789049792070425,0.03923100356187181,0.005441953769801389,-0.17249315995205539,0.09445991467296189,0.01633541732855548
2000,0,6,CGATATAG,0.905959531559693,0.9039567937970983,0.9862778186798096,0.28870260740444076,0.3051625729690485,0.016459965564607715,0.08232102488271131,0.027475947696268932,0.01545952112070026
2000,1,2,CGATATCG,0.4875983374414343,0.48719608783721924,0.48805123567581177,0.35645993820569916,0.3588986247777939,0.002438686572094728,0.0008551478385925293,0.002280226837302113,0.0014757276288719368
2000,1,2,CGATATGA,-1.1085054567280372,-1.1167841702699661,-0.983551025390625,-1.2396438559637724,-1.2450816333293915,-0.005437777365619123,0.13323314487934113,0.016651035880164144,9.360879630637697e-05
2000,1,2,CGATATAT,0.9663425537803081,0.9649228751659393,1.0109214782714844,0.835204154544573,0.836625412106514,0.0014212575619410028,0.045998603105545044,0.002914269174780326,7.491194604281048e-05
2000,1,2,CGATATCT,0.1791181624492355,0.17785505950450897,-0.10381150245666504,0.04797976321350034,0.04955759644508362,0.001577833231583281,-0.281666561961174,0.0028815724548270083,0.00035536656537393796
2000,2,3,CAATATAC,1.2035491808935268,1.2034878025038374,1.2176473140716553,0.1425212487092189,0.1445958725073273,0.0020746237981084104,0.014159511567817917,0.0003451769377252889,0.00016104176865727737
2000,2,3,CAATATAC,1.2035491808935268,1.2034878025038374,1.231025218963623,0.1425212487092189,0.1445958725073273,0.0020746237981084104,0.02753741645978569,0.0003451769377252889,0.00016104176865727737
2000,2,3,CAATATAC,1.2035491808935268,1.2034878025038374,1.1911879777908325,0.1425212487092189,0.1445958725073273,0.0020746237981084104,-0.012299824713004837,0.0003451769377252889,0.00016104176865727737
2000,2,3,CAAGATAC,0.633464186056651,0.6251043124745288,0.3013606071472168,-0.4275637461276569,-0.43378761752198125,-0.006223871394324343,-0.323743705327312,0.026357645513668704,0.0012780247673020995
2000,3,4,CGATATAT,1.136867970303282,1.1360645215415086,1.135337471961975,0.3412999936693951,0.3439828732128565,0.0026828795434613584,-0.0007270495795335119,0.006018034022732155,0.00280423897563864
2000,3,4,CGATATCT,0.7778521986018946,0.7772051214318105,0.9481675028800964,-0.017715778031992313,-0.014876526896841602,0.002839251135150711,0.1709623814482859,0.005059019970498735,0.0024707112901625194
2000,3,4,CAATATCT,0.34868751062935033,0.3396044241186853,0.33233344554901123,-0.44688046600453657,-0.45247722420996683,-0.005596758205430263,-0.007270978569674069,0.03864067137145799,0.0023083253287978778
2000,3,4,CAATATAT,0.9188642270010208,0.9154525262226041,0.821499228477478,0.12329625036713387,0.12337087789395196,7.462752681808293e-05,-0.09395329774512606,0.015561185814842782,0.0019143827011758319
2000,4,2,CGATATAT,1.149242884071986,1.1495869252830744,1.1990126371383667,0.5922723312002465,0.6014413500670344,0.009169018866787892,0.04942571185529232,0.0008002364113151028,0.001488318833491764
2000,4,2,CGATATAT,1.149242884071986,1.1495869252830744,1.1495869159698486,0.5922723312002465,0.6014413500670344,0.009169018866787892,-9.313225746154785e-09,0.0008002364113151028,0.001488318833491764
2000,4,2,CGATATAT,1.149242884071986,1.1495869252830744,1.1916121244430542,0.5922723312002465,0.6014413500670344,0.009169018866787892,0.04202519915997982,0.0008002364113151028,0.001488318833491764
2000,4,2,CGATGTAT,-1.219846440729,-1.256178474985063,-0.8392634391784668,-1.7768169936007394,-1.804324050201103,-0.027507056600363677,0.4169150358065963,0.07266753824179784,3.4697296715791026e-06
2000,5,4,CGATCGTA,1.0874216007230515,1.0849495185999942,1.0071423053741455,0.2866649801342265,0.28707912315455064,0.0004141430203241647,-0.07780721322584871,0.01382073789749394,0.003932409405265069
2000,5,4,GGATCGTA,0.8530907816838185,0.8478774082893021,1.1162855625152588,0.05233416109499345,0.050007012843858556,-0.0023271482511348918,0.26840815422595665,0.027897688953597566,0.007044195375532247
2000,5,4,AGATAGTA,0.1750924992253784,0.17370513629248352,0.3036247491836548,-0.6256641213634466,-0.6241652591529601,0.0014988622104865623,0.12991961289117127,0.013734474247447892,0.00818502251586839
2000,5,4,CGATCGTA,1.0874216007230515,1.0849495185999942,1.0602980852127075,0.2866649801342265,0.28707912315455064,0.0004141430203241647,-0.024651433387286703,0.01382073789749394,0.003932409405265069
2000,6,6,TAATATAT,0.9042589198220057,0.8998481274065036,0.7432689070701599,0.21275843081963264,0.2381345374752224,0.02537610665558976,-0.15657922033634364,0.0366374463896153,0.01017269189660297
2000,6,6,TAATACCT,0.5562223343608627,0.5311544047513346,0.30380773544311523,-0.13527815464151038,-0.13055918517994658,0.0047189694615638045,-0.22734666930821934,0.1658050200607848,0.015397442403616068
2000,6,6,TACGATCA,0.48997341480349643,0.4085662499949742,0.5419759154319763,-0.2015270741988766,-0.25314733993630695,-0.05162026573743034,0.1334096654370021,0.5130699344833758,0.024626945632242325
2000,6,6,TATGATCC,0.8155472870231275,0.8072855775723123,0.6706677079200745,0.12404679802075447,0.1455719876410312,0.02152518962027672,-0.13661786965223788,0.0874870586985903,0.03791680199369907
2000,7,4,CGGTATAA,0.7886858803710525,0.7866826090030377,0.49403858184814453,0.0041231381592565786,0.004251683824501806,0.0001285456652452277,-0.2926440271548931,0.010081846664491412,0.002068761192432156
2000,7,4,CAGTATAT,1.0661842485870643,1.0655669021361978,1.0198261737823486,0.2816215063752684,0.2831359769576619,0.0015144705823935123,-0.045740728353849125,0.0044625013630570365,0.001993115559590919
2000,7,4,CAGTATAC,0.2334847013783552,0.22899751810473412,0.6058372855186462,-0.5510780408334407,-0.5534334070738017,-0.0023553662403610343,0.3768397674139121,0.02030485933830306,0.002356126243818757
2000,7,4,CGGTATAT,1.0498961385107117,1.048476671470174,0.8186986446380615,0.26533339629891584,0.26604574629163824,0.0007123499927224053,-0.22977802683211257,0.01223275692466208,0.006554888762511979
2000,8,5,CGATACCA,0.4353862531811982,0.4111274296107389,0.48107093572616577,-0.41336145779269845,-0.43140445908841973,-0.018043001295721284,0.06994350611542688,0.12523382771713099,0.003939709864834384
2000,8,5,CGATATCT,1.0340265256634462,1.0353158070705826,1.1549501419067383,0.18527881468954954,0.19278391837142395,0.007505103681874403,0.11963433483615571,0.0059988779281481275,0.012445284963829906
2000,8,5,CGATATCG,1.067583350542013,1.066787874475121,1.1775715351104736,0.21883563956811625,0.22425598577596229,0.0054203462078460385,0.11078366063535272,0.013065887549079225,0.009088507214619845
2000,8,5,CGATATCC,0.8579947145089294,0.8568964436401922,0.8074905872344971,0.009247003535032716,0.014364554941033614,0.0051175514060008975,-0.04940585640569517,0.009171006845142493,0.0036796525014564097
2000,9,2,CAATATAT,1.272094096193317,1.2718395926058292,1.286592721939087,0.3559435482821355,0.35599896125495434,5.541297281885793e-05,0.014753129333257675,0.0005532292099976743,4.422203502230104e-05
2000,9,2,CAATATAT,1.272094096193317,1.2718395926058292,1.2718396186828613,0.3559435482821355,0.35599896125495434,5.541297281885793e-05,2.60770320892334e-08,0.0005532292099976743,4.422203502230104e-05
2000,9,2,CAATATAG,-0.151680096935225,-0.1521562524139881,-1.111474871635437,-1.0678306448464063,-1.067996883764863,-0.00016623891845668481,-0.9593186192214489,0.0009764650574055622,2.4154099879325486e-05
2000,9,2,CAATATAT,1.272094096193317,1.2718395926058292,1.2865928411483765,0.3559435482821355,0.35599896125495434,5.541297281885793e-05,0.014753248542547226,0.0005532292099976743,4.422203502230104e-05
2000,10,5,CAATATAT,0.9146506454186477,0.9116602539705729,0.9313126802444458,0.20240707827873383,0.2056627302741012,0.00325565199536737,0.01965242627387287,0.018163826073435807,0.003211868833061793
2000,10,5,CGATATCC,0.6821630438344639,0.6786167966946955,0.7661869525909424,-0.03008052330544997,-0.027380727001776184,0.002699796303673785,0.08757015589624684,0.02065799073827934,0.002926755039437623
2000,10,5,CTATATCC,0.33750993388789646,0.32205279015004573,0.6893360614776611,-0.3747336332520174,-0.383944733546426,-0.00921110029440858,0.3672832713276154,0.08109784330214964,0.0038121246128959285
2000,10,5,CAATATAT,0.9146506454186477,0.9116602539705729,0.8951338529586792,0.20240707827873383,0.2056627302741012,0.00325565199536737,-0.016526401011893732,0.018163826073435807,0.003211868833061793
2000,11,2,CAATCTAT,1.2271026058831478,1.2270966563373804,1.2270965576171875,0.24555658831694105,0.24696625070646405,0.0014096623895230032,-9.872019290924072e-08,1.2030470881274624e-05,1.31379346512972e-07
2000,11,2,CAATCTAT,1.2271026058831478,1.2270966563373804,1.2270965576171875,0.24555658831694105,0.24696625070646405,0.0014096623895230032,-9.872019290924072e-08,1.2030470881274624e-05,1.31379346512972e-07
2000,11,2,CAATCTCT,0.24487625261538404,0.2392316535115242,0.3705247640609741,-0.7366697649508227,-0.7408987521193922,-0.0042289871685694536,0.13129311054944992,0.011396878588818993,0.00010768038109931766
2000,11,2,CAATCTAT,1.2271026058831478,1.2270966563373804,1.203587293624878,0.24555658831694105,0.24696625070646405,0.0014096623895230032,-0.02350936271250248,1.2030470881274624e-05,1.31379346512972e-07
2000,12,4,CGATATCG,0.9911999503690081,0.9917864235273257,1.0054311752319336,0.2750006739684008,0.27784071237692864,0.0028400384085278674,0.013644751704607883,0.00572776865957958,0.008073661292850254
2000,12,4,CGATATCT,0.9255577574941322,0.9254617470627031,1.0072245597839355,0.20935848109352484,0.21151603591230606,0.0021575548187812155,0.08176281272123243,0.011337182626184106,0.01095314090046795
2000,12,4,CGGTATCT,0.21018379754146888,0.20310200821647162,0.411354660987854,-0.5060154788591384,-0.5108437029339254,-0.004828224074787002,0.20825265277138238,0.04622686602543791,0.017899708725448882
2000,12,4,CGATATCC,0.7378556001978198,0.735432665795088,0.47567999362945557,0.021656323797212496,0.02148695464469097,-0.00016936915252152573,-0.25975267216563247,0.010442614703909392,0.0007508770929822717
2000,13,4,CTATATCA,0.7123772125728918,0.7071637306362393,0.7392378449440002,-0.12264904055017523,-0.12626989115960885,-0.0036208506094336235,0.03207411430776097,0.024098474780169354,0.003244547033559364
2000,13,4,CGATATCG,0.885235939220771,0.8861495864888034,0.9196447134017944,0.05020968609770404,0.05271596469295525,0.00250627859525121,0.03349512691299106,0.00931863585330861,0.012973224925437954
2000,13,4,CGATATCG,0.885235939220771,0.8861495864888034,0.9465286135673523,0.05020968609770404,0.05271596469295525,0.00250627859525121,0.06037902707854892,0.00931863585330861,0.012973224925437954
2000,13,4,CGATATCT,0.8572559214778338,0.8542715835695467,0.8861931562423706,0.022229668354766807,0.020837961773698566,-0.0013917065810682416,0.03192157267282392,0.024657608335608483,0.01272025670246002
2000,14,5,CTATATCA,0.6570481316408375,0.6518370409185682,1.0191138982772827,0.23143525870583215,0.24309716334566445,0.011661904639832299,0.3672768573587145,0.033272961148386404,0.007217507537039758
2000,14,5,CTGTCTTG,-1.131625968577311,-1.1935408071676883,-2.090762138366699,-1.5572388415123162,-1.6022806847405922,-0.04504184322827598,-0.8972213311990109,0.3171019929426784,0.007527799990791451
2000,14,5,CGATATAT,1.0885146643382475,1.0883316382703676,1.1227831840515137,0.6629017914032421,0.6795917606974639,0.01668996929422173,0.034451545781146065,0.007512511635893171,0.006597381296493232
2000,14,5,CGATATAT,1.0885146643382475,1.0883316382703676,1.1054707765579224,0.6629017914032421,0.6795917606974639,0.01668996929422173,0.017139138287554756,0.007512511635893171,0.006597381296493232
2000,15,3,CGATACCG,1.2179918719587801,1.218371668041477,1.073156476020813,0.41937483991110525,0.4301881711010841,0.010813331189978848,-0.1452151920206639,0.002471474087289538,0.003610862335380105
2000,15,3,CGATACCG,1.2179918719587801,1.218371668041477,1.2119402885437012,0.41937483991110525,0.4301881711010841,0.010813331189978848,-0.006431379497775724,0.002471474087289538,0.003610862335380105
2000,15,3,TGATACCG,0.49461092337617724,0.46847547958087593,0.7558205127716064,-0.30400610867149763,-0.31970801735951687,-0.01570190868801924,0.2873450331907305,0.09186225601502329,0.013455924629119487
2000,15,3,TGATCCCG,0.263873460896962,0.24751517209774118,1.1132354736328125,-0.5347435711507129,-0.5406683248426516,-0.005924753691938678,0.8657203015350713,0.06434697431090308,0.015272107913240518
2000,16,4,GTATAGGA,-0.3112821862098094,-0.32434711482225476,-0.6833542585372925,-1.0045527255198061,-1.0104244621594871,-0.005871736639680991,-0.3590071437150377,0.06043352269851443,0.008173808248733039
2000,16,4,CTATATCA,1.1458415757865485,1.144861431549847,1.161187767982483,0.45257103647655184,0.45878408421261474,0.006213047736062904,0.016326336432635813,0.006333586402294533,0.002413009455488613
2000,16,4,CTATATTA,0.7926811918766994,0.77893364107149,0.5603097081184387,0.09941065256670267,0.09285629373425763,-0.00655435883244504,-0.21862393295305127,0.06070548927236086,0.005715286051523272
2000,16,4,CTATATCA,1.1458415757865485,1.144861431549847,1.1065031290054321,0.45257103647655184,0.45878408421261474,0.006213047736062904,-0.03835830254441497,0.006333586402294533,0.002413009455488613
2000,17,4,ATATCTTA,0.6875759458132286,0.6694270055140807,0.739525556564331,-0.20415850336732067,-0.21274222296263667,-0.008583719595316008,0.07009855105025031,0.07732875877086665,0.004732997574275366
2000,17,4,ATATCTTA,0.6875759458132286,0.6694270055140807,0.3377622365951538,-0.20415850336732067,-0.21274222296263667,-0.008583719595316008,-0.33166476891892693,0.07732875877086665,0.004732997574275366
2000,17,4,CGATATTA,1.0958929525478698,1.094911451439354,1.1479547023773193,0.20415850336732055,0.21274222296263667,0.00858371959531612,0.05304325093796525,0.007034081866738484,0.0031080774326754934
2000,17,4,CGATATTA,1.0958929525478698,1.094911451439354,1.0679371356964111,0.20415850336732055,0.21274222296263667,0.00858371959531612,-0.026974315742942956,0.007034081866738484,0.0031080774326754934
2000,18,6,CGATATCA,1.0434697155117805,1.0410978300348175,1.0095863342285156,0.18121908307485313,0.1904327232871662,0.009213640212313079,-0.03151149580630186,0.026985881442347814,0.012754568580570336
2000,18,6,GTATATTA,0.5432097462947918,0.5138221782518982,0.03456437587738037,-0.31904088614213555,-0.33684292849575304,-0.017802042353617487,-0.47925780237451787,0.1841718867498363,0.007846478492474773
2000,18,6,CGATATAA,0.9035713838111391,0.9004244446581445,0.7821972370147705,0.04132075137421176,0.04975933791049325,0.00843858653628149,-0.11822720764337402,0.025996785490324914,0.00711515057235701
2000,18,6,CGATATTA,0.958751684129998,0.9473159740457447,0.849778413772583,0.09650105169307066,0.09665086729809347,0.00014981560502280722,-0.09753756027316174,0.07899516485550828,0.010380904349988285
2000,19,3,CGGTATCA,1.3456519315246362,1.3464728132174866,1.35690176486969,0.0,0.0,0.0,0.010428951652203367,3.091654371595309e-05,0.0024935616222672152
2000,19,3,CGGTATCA,1.3456519315246362,1.3464728132174866,1.3765184879302979,0.0,0.0,0.0,0.030045674712811277,3.091654371595309e-05,0.0024935616222672152
2000,19,3,CGGTATCA,1.3456519315246362,1.3464728132174866,1.3509260416030884,0.0,0.0,0.0,0.004453228385601804,3.091654371595309e-05,0.0024935616222672152
2000,19,3,CGGTATCA,1.3456519315246362,1.3464728132174866,1.3818378448486328,0.0,0.0,0.0,0.03536503163114624,3.091654371595309e-05,0.0024935616222672152
2000,20,5,CAATATAT,1.0080709488535888,1.0028634151257572,1.0638114213943481,0.1733101619620634,0.17618672686046954,0.002876564898406153,0.06094800626859098,0.028566549097591487,0.002528880458433136
2000,20,5,CGGTATAT,0.47239318060692453,0.4493189453597484,0.9000377655029297,-0.3623676062846009,-0.3773577429055392,-0.014990136620938288,0.45071882014318126,0.12021881595924366,0.004847639723362995
2000,20,5,CTATATCT,0.6464868531644946,0.6428051637702925,0.8587672710418701,-0.18827393372703083,-0.1838715244949951,0.00440240923203572,0.2159621072715776,0.024066061105489034,0.005657614134478628
2000,20,5,CGATATAT,1.2120921649410938,1.2117192288053527,1.2588043212890625,0.3773313780495684,0.38504254054006504,0.007711162490496637,0.047085092483709845,0.003925076511355541,0.0020603958326494975
2000,21,6,CGATATTA,1.1031402160927302,1.100846482850061,1.0556124448776245,0.2992558393161383,0.31143225015901743,0.012176410842879126,-0.045234037972436525,0.019852986162459008,0.006090586706443801
2000,21,6,CGATACTA,0.7639135741256773,0.7525396808070776,0.8062415719032288,-0.03997080265091457,-0.036874551883966045,0.0030962507669485273,0.0537018910961512,0.07338651336841329,0.005143153456815597
2000,21,6,GGATCCTA,0.6065317867711039,0.5817063178251264,0.4421311616897583,-0.197352590005488,-0.20770791486591722,-0.010355324860429227,-0.13957515613536808,0.15743914841463091,0.008486334738766033
2000,21,6,GGATATTA,0.7419519301168561,0.7225644492819097,0.8773530721664429,-0.06193244665973574,-0.06684978340913394,-0.0049173367493982045,0.1547886228845332,0.12278694539469726,0.006462060385018731
2000,22,4,CGATCGTC,0.33366319766922214,0.32664037946597113,0.6035490036010742,-0.15515794163206176,-0.15351883816614031,0.0016391034659214432,0.2769086241351031,0.0328760201768743,0.004784747363870245
2000,22,4,CGATCGGC,0.12284371273417438,0.1211442303720105,0.10642337799072266,-0.3659774265671095,-0.35901498726010095,0.006962439307008572,-0.014720852381287841,0.014315311152783394,0.007517381704127857
2000,22,4,CGATCGTA,0.6251787432565019,0.60354970165857,0.3432602882385254,0.136357603955218,0.12339048402645858,-0.01296711992875943,-0.26028941342004464,0.08904207125781038,0.00252590486608284
2000,22,4,CTATCGTA,0.8735989035452373,0.8693025590318941,1.18795907497406,0.3847777642439534,0.3891433413997827,0.004365577155829303,0.31865651594216593,0.018138997835281057,0.0009536197819084435
2000,23,5,CCATATAT,0.5630126816763299,0.5569322056913123,0.5503880381584167,0.08697957365578379,0.0864876314012023,-0.00049194225458149,-0.006544167532895551,0.04310012060377488,0.012697740678686564
2000,23,5,CAATATAT,0.9489532160024364,0.9460772849619381,0.8942456245422363,0.4729201079818903,0.4756327106718281,0.002712602689937782,-0.051831660419701775,0.01995730736437684,0.005577652161885105
2000,23,5,CAATATAT,0.9489532160024364,0.9460772849619381,1.0281034708023071,0.4729201079818903,0.4756327106718281,0.002712602689937782,0.08202618584036903,0.01995730736437684,0.005577652161885105
2000,23,5,GTATATTC,-0.5567866815990182,-0.5673084784547484,-0.10126149654388428,-1.0328197896195643,-1.0377530527448584,-0.004933263125294074,0.46604698191086413,0.06438113277298285,0.011772148494332058
2000,24,7,CAATATAA,0.4809803269191098,0.4547090304191825,0.39888834953308105,0.005117320709241591,0.00493445901604439,-0.00018286169319720047,-0.055820680886101426,0.1905228662978704,0.006623790798379048
2000,24,7,CTATACCA,0.3787011539297301,0.3536791679557876,0.34237706661224365,-0.09716185228013813,-0.09609540344735051,0.0010664488327876143,-0.011302101343543924,0.18441185511239144,0.009257953294794063
2000,24,7,TGATCTAT,0.22072331559071934,0.17157519299609802,0.29320859909057617,-0.2551396906191489,-0.27819937840704007,-0.023059687787891192,0.12163340609447815,0.36659488375370053,0.02255802559135134
2000,24,7,CGATATCC,0.8230472283999134,0.8191348942414842,0.8723077774047852,0.3471842221900452,0.36936032283834613,0.022176100648300945,0.05317288316330093,0.03433949211379872,0.006953153004793933
2000,25,3,CTATATAA,1.2502985371424509,1.250037123242186,1.2916526794433594,0.20714192021780264,0.21144112141337246,0.004299201195569813,0.0416155562011733,0.001114630275710321,0.0003303885749157409
2000,25,3,CTATATAA,1.2502985371424509,1.250037123242186,1.237998604774475,0.20714192021780264,0.21144112141337246,0.004299201195569813,-0.012038518467710979,0.001114630275710321,0.0003303885749157409
2000,25,3,CTATATAA,1.2502985371424509,1.250037123242186,1.2574687004089355,0.20714192021780264,0.21144112141337246,0.004299201195569813,0.00743157716674947,0.001114630275710321,0.0003303885749157409
2000,25,3,GTATATAA,0.42173085627124013,0.4042726375886964,0.2337278127670288,-0.6214257606534082,-0.6343233642401171,-0.012897603586708994,-0.1705448248216676,0.05270468364623726,0.0003300275986060086
2000,26,4,CTATCGCA,0.9841423764354094,0.9808671111851861,1.1031603813171387,0.037139190796470434,0.04573974618286525,0.008600555386394815,0.12229327013195257,0.021658477054509184,0.008557416053616151
2000,26,4,CTATCGTA,0.9098639948424683,0.8893876188194556,1.0001206398010254,-0.037139190796470656,-0.04573974618286525,-0.008600555386394593,0.11073302098156979,0.09162713259926125,0.009721628507210589
2000,26,4,CTATCGCA,0.9841423764354094,0.9808671111851861,0.7674715518951416,0.037139190796470434,0.04573974618286525,0.008600555386394815,-0.2133955592900445,0.021658477054509184,0.008557416053616151
2000,26,4,CTATCGTA,0.9098639948424683,0.8893876188194556,0.5346968173980713,-0.037139190796470656,-0.04573974618286525,-0.008600555386394593,-0.3546908014213843,0.09162713259926125,0.009721628507210589
2000,27,4,CGATATCT,0.8346054547444314,0.8349119365254107,0.6270802617073059,-0.19932360081470202,-0.19815733179469452,0.0011662690200074932,-0.20783167481810483,0.004793595161653119,0.006019522285570567
2000,27,4,CGATATAT,1.1777980772482652,1.1773706104916835,1.124814510345459,0.14386902168913185,0.1443013421715782,0.0004323204824463467,-0.05255610014622447,0.003267214293486753,0.0015573472671599475
2000,27,4,CGATATAT,1.1777980772482652,1.1773706104916835,1.1282798051834106,0.14386902168913185,0.1443013421715782,0.0004323204824463467,-0.04909080530827281,0.003267214293486753,0.0015573472671599475
2000,27,4,CAATATAT,0.9455146129955718,0.9426239157716434,1.1410897970199585,-0.08841444256356157,-0.09044535254846187,-0.0020309099849002976,0.1984658812483151,0.014607172544361724,0.003044383648648008
2000,28,4,CGATATAT,1.1777980772482652,1.1773706104916835,1.157810091972351,0.11614173212634671,0.11737334736002003,0.0012316152336733222,-0.01956051851933238,0.003267214293486753,0.0015573472671599475
2000,28,4,CAATATAT,0.9455146129955718,0.9426239157716434,1.002098798751831,-0.11614173212634671,-0.11737334736002003,-0.0012316152336733222,0.05947488298018766,0.014607172544361724,0.003044383648648008
2000,28,4,CAATATAT,0.9455146129955718,0.9426239157716434,0.9530443549156189,-0.11614173212634671,-0.11737334736002003,-0.0012316152336733222,0.010420439143975502,0.014607172544361724,0.003044383648648008
2000,28,4,CGATATAT,1.1777980772482652,1.1773706104916835,1.170238733291626,0.11614173212634671,0.11737334736002003,0.0012316152336733222,-0.007131877200057479,0.003267214293486753,0.0015573472671599475
2000,29,2,CGATATAT,1.1952547077710065,1.1945262206718326,1.1945263147354126,0.0,0.0,0.0,9.406358003616333e-08,0.0018825123600361149,0.0004255381616884435
2000,29,2,CGATATAT,1.1952547077710065,1.1945262206718326,1.1614279747009277,0.0,0.0,0.0,-0.03309824597090483,0.0018825123600361149,0.0004255381616884435
2000,29,2,CGATATAT,1.1952547077710065,1.1945262206718326,1.2228018045425415,0.0,0.0,0.0,0.028275583870708942,0.0018825123600361149,0.0004255381616884435
2000,29,2,CGATATAT,1.1952547077710065,1.1945262206718326,1.2276246547698975,0.0,0.0,0.0,0.0330984340980649,0.0018825123600361149,0.0004255381616884435
2000,30,4,CGATATGT,0.03214988137200381,0.025504835415631533,0.2292628288269043,-0.561772794472137,-0.5664469046945064,-0.00467411022236941,0.20375799341127276,0.037825765698670466,0.011245581873181365
2000,30,4,CGATATAT,1.0406812105782741,1.040799730923027,1.1100200414657593,0.4467585347341333,0.44884799081288906,0.0020894560787557692,0.06922031054273226,0.005496714851987106,0.005970796230998943
2000,30,4,CTATATCA,0.5328643451066697,0.530625317556163,0.4478151798248291,-0.061058330737471134,-0.06132642255397491,-0.00026809181650377933,-0.08281013773133394,0.01185408552927747,0.00289797532725089
2000,30,4,CGATATCG,0.7699952663196156,0.7708770765457305,0.6899853348731995,0.17607259047547474,0.1789253364355925,0.002852745960117753,-0.08089174167253099,0.007346371761695725,0.010873612666155275
2000,31,7,CAATATAT,1.0773223914171213,1.0734870431513917,1.1489980220794678,-0.07381869293330756,-0.07615484143638995,-0.0023361485030823914,0.07551097892807612,0.03699110515680992,0.010143667296702574
2000,31,7,CGATATAT,1.2249597772837364,1.2257967260241718,1.256995677947998,0.07381869293330756,0.07615484143639017,0.0023361485030826135,0.031198951923826268,0.008932125952747727,0.014790767135796301
2000,31,7,CGATATAT,1.2249597772837364,1.2257967260241718,1.197627067565918,0.07381869293330756,0.07615484143639017,0.0023361485030826135,-0.02816965845825381,0.008932125952747727,0.014790767135796301
2000,31,7,CAATATAT,1.0773223914171213,1.0734870431513917,1.1567282676696777,-0.07381869293330756,-0.07615484143638995,-0.0023361485030823914,0.08324122451828608,0.03699110515680992,0.010143667296702574
5000,0,2,CGATATAA,1.2038925594362735,1.2041082214564085,1.2041082382202148,0.40208339398639636,0.4036875544115901,0.0016041604251937347,1.6763806343078613e-08,5.156050136290169e-06,0.0004364800904061994
5000,0,2,CGATATAA,1.2038925594362735,1.2041082214564085,1.1495144367218018,0.40208339398639636,0.4036875544115901,0.0016041604251937347,-0.05459378473460674,5.156050136290169e-06,0.0004364800904061994
5000,0,2,CGATCGAA,0.39972577146348076,0.3967331126332283,0.5749222040176392,-0.40208339398639636,-0.4036875544115901,-0.0016041604251937347,0.17818909138441086,0.006564608323375687,0.0005792906628707684
5000,0,2,CGATCGAA,0.39972577146348076,0.3967331126332283,0.051481008529663086,-0.40208339398639636,-0.4036875544115901,-0.0016041604251937347,-0.3452521041035652,0.006564608323375687,0.0005792906628707684
5000,1,3,TTATCCTA,0.9328230620926004,0.9321263214256351,1.0207171440124512,0.27966581228574583,0.2974108826779732,0.01774507039222739,0.08859082258681605,0.002732420540485947,0.0006421985395901331
5000,1,3,TTATCCAT,0.3734914375211087,0.33730455606968873,0.3919891119003296,-0.27966581228574583,-0.29741088267797317,-0.017745070392227336,0.05468455583064086,0.11024014292660267,0.0016794985723427303
5000,1,3,TTATCCTA,0.9328230620926004,0.9321263214256351,0.8838506937026978,0.27966581228574583,0.2974108826779732,0.01774507039222739,-0.048275627722937364,0.002732420540485947,0.0006421985395901331
5000,1,3,TTATCCAT,0.3734914375211087,0.33730455606968873,0.06181824207305908,-0.27966581228574583,-0.29741088267797317,-0.017745070392227336,-0.27548631399662965,0.11024014292660267,0.0016794985723427303
5000,2,6,CGGTATCC,0.4410813864360608,0.42351610465403616,0.3653137683868408,-0.37566290607688707,-0.38616464817639823,-0.010501742099511158,-0.05820233626719534,0.12673477732862715,0.021343086636479214
5000,2,6,CGATATAT,1.1825884980468775,1.1846980035214474,1.1916170120239258,0.3658442055339296,0.375017250691013,0.009173045157083393,0.0069190085024783965,0.010590886085890094,0.023247918933309464
5000,2,6,CGATCTAT,0.7858014340645024,0.7783468148761626,0.9511899352073669,-0.030942858448445465,-0.03133393795427175,-0.00039107950582628614,0.1728431203312043,0.08132765951292242,0.03659994438288372
5000,2,6,CGATATCC,0.8575058515043508,0.8521620882700915,1.1253371238708496,0.04076155899140288,0.04248133543965715,0.0017197764482542732,0.27317503560075806,0.048563008636235416,0.01650042923068007
5000,3,6,CTATCTAT,0.6518864154863101,0.6451847082243244,0.3713691234588623,-0.22807826307563805,-0.23126835309214744,-0.0031900900165093837,-0.2738155847654621,0.05377222893147504,0.013561985359560325
5000,3,6,CGATATAT,1.127845215426592,1.1278952153852304,1.1783784627914429,0.24788053686464395,0.2514421540687586,0.003561617204114631,0.05048324740621246,0.01294389731201151,0.013243897063841104
5000,3,6,CGATACCT,0.6122818679082985,0.6048371062711025,0.2830601930618286,-0.2676828106536496,-0.2716159550453693,-0.003933144391719656,-0.32177691320927393,0.0615508130594522,0.016882243236276295
5000,3,6,CGATATAT,1.127845215426592,1.1278952153852304,1.1501160860061646,0.24788053686464395,0.2514421540687586,0.003561617204114631,0.02222087062093414,0.01294389731201151,0.013243897063841104
5000,4,5,CGATCGCA,0.8837094312689716,0.8784462566801805,0.9414464235305786,0.08296534753085105,0.08312381770626698,0.00015847017541592567,0.06300016685039811,0.03611235116510425,0.009796478221148597
5000,4,5,TGATCGCA,0.4758533813591718,0.4661022130434862,0.6900916695594788,-0.32489070237894874,-0.3292202259304273,-0.004329523551478587,0.22398945651599256,0.07380835032387445,0.02505250874544629
5000,4,5,CGATCGCT,0.9404007570179559,0.9377259928608931,0.9711874723434448,0.13965667327983533,0.14240355388697956,0.002746880607144231,0.03346147948255174,0.045900149684303226,0.032526328898989654
5000,4,5,CGATCTCC,0.9030127653063829,0.8990152933110946,1.0582036972045898,0.1022686815682623,0.10369285433718112,0.0014241727689188188,0.1591884038934952,0.02116711660990145,0.0011797566334603715
5000,5,6,CGATATAC,0.8509324684927485,0.8461632141222548,0.22584986686706543,0.011865526343353472,0.019342275937863862,0.00747674959451039,-0.6203133472551894,0.033337036566731815,0.004721510343768998
5000,5,6,CGATATAT,1.200496244474509,1.200938517812432,1.2732927799224854,0.36142930232511405,0.37411757962804115,0.012688277302927098,0.07235426211005325,0.004979982199204258,0.007633622226743242
5000,5,6,CCATATAT,0.7079531680275607,0.6922750126880896,1.2749160528182983,-0.13111377412183434,-0.1345459254963014,-0.003432151374467063,0.5826410401302088,0.10008741204710692,0.006018480010279603
5000,5,6,CGCGATAT,0.5968858876027618,0.5679070081147873,0.70298832654953,-0.2421810545466332,-0.2589139300696036,-0.016732875522970425,0.1350813184347427,0.1815404957065736,0.007667218778726337
5000,6,6,CTATCGCG,0.7686860556518066,0.7624059335538824,0.7118589878082275,0.02064458428248417,0.030313877683915358,0.00966929340143119,-0.05054694574565488,0.05853555467711491,0.02085482208956968
5000,6,6,CTATCTAA,0.4769058780062174,0.4457781386008713,0.5090308785438538,-0.271135593363105,-0.2863139172690958,-0.015178323905990776,0.06325273994298247,0.19148535162989333,0.004718915197816642
5000,6,6,CTATCTCA,0.7337642905750172,0.7137518209903234,0.913754403591156,-0.014277180794305178,-0.018340234879643647,-0.004063054085338469,0.2000025826008326,0.12779203923731863,0.007717221729155455
5000,6,6,CTATCGCA,1.0128096612442488,1.0064323303347915,1.3211313486099243,0.26476818987492634,0.27434027446482445,0.009572084589898111,0.3146990182751328,0.051472787143356236,0.013208801686612759
5000,7,3,TGATATAA,0.2728678660309732,0.2638784405878849,0.28534841537475586,-0.7703328105937701,-0.7776973212409453,-0.007364510647175138,0.02146997478687096,0.037654878850155615,0.010686602520890709
5000,7,3,CGATATAA,1.2999782801559998,1.3008082022424785,1.2800123691558838,0.25677760353125656,0.25923244041364835,0.0024548368823917865,-0.020795833086594717,9.148316186388672e-05,0.0025812494212997805
5000,7,3,CGATATAA,1.2999782801559998,1.3008082022424785,1.3169978857040405,0.25677760353125656,0.25923244041364835,0.0024548368823917865,0.01618968346156202,9.148316186388672e-05,0.0025812494212997805
5000,7,3,CGATATAA,1.2999782801559998,1.3008082022424785,1.2942414283752441,0.25677760353125656,0.25923244041364835,0.0024548368823917865,-0.006566773867234366,9.148316186388672e-05,0.0025812494212997805
5000,8,3,CGATATAC,0.3865149395525262,0.38062332322200126,0.47472918033599854,-0.023771270081715423,-0.022738516537679665,0.0010327535440357583,0.09410585711399727,0.018272271276251306,0.0005974222846765187
5000,8,3,CGATATAG,0.5544792135931725,0.551784434252315,0.6303744316101074,0.14419300395893092,0.14842259449263412,0.004229590533703198,0.07858999735779237,0.009923726785592724,0.0018393887630203665
5000,8,3,CGATATCC,0.31363574583874154,0.300416278342406,0.24571704864501953,-0.09665046379550007,-0.10294556141727496,-0.006295097621774881,-0.05469922969738644,0.040477326227978505,0.0008189237389717441
5000,8,3,CGATATAC,0.3865149395525262,0.38062332322200126,0.5245534777641296,-0.023771270081715423,-0.022738516537679665,0.0010327535440357583,0.14393015454212837,0.018272271276251306,0.0005974222846765187
5000,9,4,TGATACCT,0.3104971768872524,0.28163878656535757,0.4836852550506592,-0.624268172408952,-0.645112029134907,-0.0208438567259549,0.2020464684853016,0.12453837734762274,0.00910481606004332
5000,9,4,CGGTATCT,0.7892367502138186,0.7846315671098032,0.5254865884780884,-0.1455285990823859,-0.14211924859046132,0.00340935049192459,-0.2591449786317148,0.02469308996315478,0.006272357547093321
5000,9,4,CGATATCT,1.3196637350418734,1.3203664545629485,1.0872220993041992,0.3848983857456689,0.393615638862684,0.0087172531170151,-0.23314435525874933,0.0011792061044573754,0.003990084188758125
5000,9,4,CGATATCT,1.3196637350418734,1.3203664545629485,1.292254090309143,0.3848983857456689,0.393615638862684,0.0087172531170151,-0.028112364253805477,0.0011792061044573754,0.003990084188758125
5000,10,3,AGATCCGT,-0.4759228659587958,-0.4810585760407977,-0.4916207790374756,-0.6644492348575736,-0.6689905954731834,-0.004541360615609835,-0.010562202996677872,0.027036725008528606,0.011629594762522899
5000,10,3,CGATACAT,0.9108547997097475,0.9170571234491134,0.8044087290763855,0.7223284308109698,0.7291251040167277,0.0067966732057579415,-0.11264839437272789,0.001232060332252649,0.01983903155035005
5000,10,3,AGATACCT,-0.38208275821600096,-0.3793591906627018,0.0017294883728027344,-0.5706091271147787,-0.5672912100950875,0.0033179170196911967,0.38108867903550453,0.0027055871006052,0.01087628976050281
5000,10,3,CGATCCCT,0.7012563000601603,0.6950887209839288,0.8358133435249329,0.5127299311613825,0.5071567015515431,-0.005573229609839414,0.14072462254100404,0.023327033197694913,0.0048242959690005804
5000,11,4,CGATCGCT,0.892327426056218,0.888297005731147,0.9541828632354736,0.13767032833854942,0.13874404592206702,0.0010737175835175972,0.06588585750432663,0.034199527884067216,0.01807784658378342
5000,11,4,CGATCGTT,0.5941970770779545,0.5882799820089233,0.7854987978935242,-0.16046002063971398,-0.1612729778001567,-0.0008129571604427177,0.19721881588460088,0.057486584056994694,0.03381820378086964
5000,11,4,CGATCGCC,0.6617449674213481,0.6594214011286874,0.7672058939933777,-0.0929121302963204,-0.09013155868039258,0.002780571615927818,0.10778449286469027,0.011477440600991873,0.0021831754303489603
5000,11,4,CGATCGAT,0.8703589203151533,0.8622134503675627,1.0224677324295044,0.11570182259748474,0.1126604905584827,-0.0030413320390020315,0.1602542820619417,0.050266179359815144,0.017684299569452833
5000,12,3,CTATCTCA,1.2371786447726634,1.2367903201472168,1.3171995878219604,0.16681314311033146,0.16699259255094345,0.00017944944061198953,0.08040926767474366,0.0021609797048213752,0.0009960058284814721
5000,12,3,CTATCTCA,1.2371786447726634,1.2367903201472168,1.2729681730270386,0.16681314311033146,0.16699259255094345,0.00017944944061198953,0.03617785287982178,0.0021609797048213752,0.0009960058284814721
5000,12,3,CTATCTCA,1.2371786447726634,1.2367903201472168,1.166107416152954,0.16681314311033146,0.16699259255094345,0.00017944944061198953,-0.07068290399426269,0.0021609797048213752,0.0009960058284814721
5000,12,3,TTATCTCA,0.5699260723313379,0.568819949943443,0.3461911678314209,-0.5004394293309941,-0.5009777776528304,-0.0005383483218363017,-0.22262878211202208,0.00937425691046112,0.0060558897467766215
5000,13,4,CGATCCGT,0.8985874949272059,0.8981711697021337,0.8752807378768921,-0.04707674865772882,-0.04747193181507714,-0.0003951831573483222,-0.02289043182524164,0.01343074151109569,0.011765440610806976
5000,13,4,CGATCCGT,0.8985874949272059,0.8981711697021337,1.0973793268203735,-0.04707674865772882,-0.04747193181507714,-0.0003951831573483222,0.1992081571182398,0.01343074151109569,0.011765440610806976
5000,13,4,CGATATGT,1.2162174000652524,1.2161671766662043,1.2083714008331299,0.27055315648031764,0.27052407514899346,-2.9081331324176674e-05,-0.0077957758330744475,0.006122475346036715,0.005921581749844584
5000,13,4,CGATCGGT,0.7692645844200745,0.7700628899983715,-0.005755782127380371,-0.17639965916486022,-0.1755802115188394,0.0008194476460208211,-0.7758186721257518,0.0058450286485429714,0.009038250961730832
5000,14,3,CAATATTA,0.6349301134955317,0.630465074131886,0.25220584869384766,-0.20264725995557697,-0.20435480545792317,-0.0017075455023461972,-0.37825922543803836,0.014665053305457754,0.0012699352145206788
5000,14,3,CAATATTA,0.6349301134955317,0.630465074131886,0.3263516426086426,-0.20264725995557697,-0.20435480545792317,-0.0017075455023461972,-0.30411343152324344,0.014665053305457754,0.0012699352145206788
5000,14,3,CAATATCA,1.0402246334066858,1.0391746850477321,1.065739631652832,0.20264725995557709,0.20435480545792295,0.001707545502345864,0.026564946605099893,0.0035512452591235366,0.0004014001822625346
5000,14,3,CAATATCA,1.0402246334066858,1.0391746850477321,0.992557168006897,0.20264725995557709,0.20435480545792295,0.001707545502345864,-0.046617517040835166,0.0035512452591235366,0.0004014001822625346
5000,15,3,CGATATCG,1.0575149959615102,1.059343998449751,1.105431318283081,0.1063380921150745,0.1072030239738524,0.0008649318587778954,0.04608731983333003,0.000978248116984437,0.006465255581706408
5000,15,3,CGATATCC,0.7326269011681049,0.7307267520162792,0.7200139760971069,-0.2185500026783308,-0.2214142224596194,-0.0028642197812885906,-0.010712775919172302,0.006891429909894109,0.0011909824544167336
5000,15,3,CGATATCT,0.9570507222946171,0.9591491489878131,0.7030076384544373,0.005873818448181356,0.007008174511914489,0.001134356063733133,-0.25614151053337586,0.0050342211249965185,0.011329501204584425
5000,15,3,CGATATCG,1.0575149959615102,1.059343998449751,1.108572006225586,0.1063380921150745,0.1072030239738524,0.0008649318587778954,0.049228007775834914,0.000978248116984437,0.006465255581706408
5000,16,3,TTATCCTA,1.1481045473230453,1.1373584952444713,0.9968798160552979,0.22060752727210908,0.22904943252393006,0.00844190525182098,-0.14047867918917345,0.03284962218282339,0.000611465947101486
5000,16,3,TTATCCTA,1.1481045473230453,1.1373584952444713,1.0447691679000854,0.22060752727210908,0.22904943252393006,0.00844190525182098,-0.09258932734438585,0.03284962218282339,0.000611465947101486
5000,16,3,TTATCCTA,1.1481045473230453,1.1373584952444713,1.0880787372589111,0.22060752727210908,0.22904943252393006,0.00844190525182098,-0.04927975798556017,0.03284962218282339,0.000611465947101486
5000,16,3,TGATCCCA,0.26567443823460907,0.2211607651487507,0.04027211666107178,-0.6618225818163272,-0.6871482975717905,-0.025325715755463274,-0.1808886484876789,0.13506212462281386,0.0015211053652386397
5000,17,3,CTATCGAT,1.1871028357180342,1.1816090052986206,1.0697417259216309,0.03959475099854615,0.040394429279129174,0.0007996782805830271,-0.1118672793769897,0.017906432010141526,0.001424940751900472
5000,17,3,CTATCGAT,1.1871028357180342,1.1816090052986206,1.3476128578186035,0.03959475099854615,0.040394429279129174,0.0007996782805830271,0.16600385251998295,0.017906432010141526,0.001424940751900472
5000,17,3,CTATCTAT,1.02872383172385,1.020031288182104,1.1554316282272339,-0.118784252995638,-0.1211832878373873,-0.0023990348417493035,0.1354003400451298,0.026202853178360908,0.0001252225531231943
5000,17,3,CTATCGAT,1.1871028357180342,1.1816090052986206,1.0697417259216309,0.03959475099854615,0.040394429279129174,0.0007996782805830271,-0.1118672793769897,0.017906432010141526,0.001424940751900472
5000,18,5,CGATATAT,1.135722143183384,1.1354361936822532,1.0365804433822632,0.45532073474114465,0.4646139566295222,0.009293221888377556,-0.09885575029999005,0.0080565528493739,0.006626805343720399
5000,18,5,CGATCTCA,0.1555624698246591,0.14547432131910015,0.2950206995010376,-0.5248389386175802,-0.5253479157336309,-0.0005089771160506906,0.14954637818193744,0.0584618813666582,0.008021138838863351
5000,18,5,CGATACAT,0.5731657718254117,0.5464466900124283,0.8098868131637573,-0.10723563661682756,-0.12437554704030274,-0.01713991042347518,0.26344012315132903,0.13650097636507752,0.0029055673001598947
5000,18,5,CGATATCT,0.8571552489355024,0.8559317431971424,0.8334118127822876,0.17675384049326315,0.18510950614441135,0.008355665651148203,-0.022519930414854783,0.011848955936143657,0.005731427244343834
5000,19,6,CGATCGAT,0.7880350811746147,0.7728285453274205,0.9174661040306091,0.12882632752695233,0.1339956846218533,0.0051693570949009615,0.14463755870318862,0.106655801600398,0.0154165865172331
5000,19,6,CGATCGTT,0.5128835231186172,0.48224957534508067,0.7247897386550903,-0.14632523052904522,-0.15658328536048655,-0.010258054831441321,0.24254016331000966,0.21959234403259575,0.03578865739137704
5000,19,6,CGATCGCT,0.7498742830119731,0.7330680742694909,0.7939592003822327,0.09066552936431072,0.09423521356392373,0.00356968419961301,0.06089112611274172,0.12328833481652168,0.02245108236162885
5000,19,6,CGATCTAC,0.5860421272854448,0.5671852478802766,0.8322547674179077,-0.0731666263622176,-0.07164761282529064,0.0015190135369269608,0.26506951953763114,0.11673757408808338,0.0035962976570740324
5000,20,4,GGGTATGT,-1.0945787665555249,-1.1182894842640965,-0.25627052783966064,-1.3791997134431453,-1.3938259120259322,-0.014626198582786909,0.8620189564244358,0.10100516345297983,0.006162292618693499
5000,20,4,GGATATTA,0.6877674605004753,0.6769620097281106,0.7428927421569824,0.40314651361285503,0.40142558196627487,-0.0017209316465801594,0.06593073242887182,0.04525581760351649,0.0020340145140576027
5000,20,4,GGATATCG,0.9212795289136061,0.9211192318083101,0.7768585681915283,0.6366585820259858,0.6455828040464744,0.008924222020488592,-0.1442606636167818,0.004853037575505592,0.004211849154321712
5000,20,4,GGGTATCA,0.6240155646919247,0.6223539537750187,0.4685856103897095,0.33939461780430435,0.34681752601318294,0.007422908208878587,-0.1537683433853092,0.009608939612328005,0.002962495944704102
5000,21,3,GGATCGCG,0.96776396664358,0.9686143802116726,0.5711567997932434,-0.0390486070231415,-0.038821462506247406,0.00022714451689409554,-0.39745758041842916,0.003766926299113349,0.00631816700339094
5000,21,3,GGATCGCG,0.96776396664358,0.9686143802116726,1.3988224267959595,-0.0390486070231415,-0.038821462506247406,0.00022714451689409554,0.4302080465842869,0.003766926299113349,0.00631816700339094
5000,21,3,GGATCGCC,0.9691938779457896,0.9689889638167286,1.0560685396194458,-0.037618695720931905,-0.03844687890119136,-0.0008281831802594564,0.08707957580271719,0.0020757942834135346,0.0014610518962303587
5000,21,3,GGATCGCA,1.1225284834339364,1.1235256466316055,1.2507412433624268,0.11571590976721491,0.11608980391368551,0.00037389414647059915,0.12721559673082128,0.00013269432421791905,0.0031241839172251318
5000,22,5,CAATCGTT,-0.18346148169444607,-0.21806607306294587,0.055558085441589355,-0.8142804992506903,-0.8369305555466655,-0.022650056295975163,0.27362415850453525,0.17535304727713275,0.0023300904346337248
5000,22,5,CAATCTAT,0.8215113686415659,0.8130813689289302,0.8476492166519165,0.19069235108532168,0.19421688644521062,0.0035245353598889473,0.03456784772298627,0.04528808915128879,0.0031380905881110976
5000,22,5,CGATCTCT,0.8232600357657868,0.8216245167686906,0.7689954042434692,0.1924410182095425,0.20276003428497102,0.010319016075428511,-0.0526291125252214,0.014569096798074277,0.006391501812593958
5000,22,5,CGATCTAT,1.0619661475120707,1.0588181173002034,1.052828073501587,0.4311471299558265,0.43995363481648375,0.00880650486065726,-0.005990043798616451,0.017075147862707585,0.0013349968033704585
5000,23,5,CTATATCG,0.4995340475116283,0.49435209595287793,0.062256813049316406,-0.17331808880053617,-0.17287795033189474,0.0004401384686414378,-0.43209528290356153,0.034921506477324726,0.009011748683573018
5000,23,5,CAATATAT,0.896165970549142,0.8911680398291593,0.9635308980941772,0.2233138342369776,0.2239379935443866,0.0006241593074090002,0.07236285826501798,0.031256138894906194,0.006266485294991853
5000,23,5,CCATATCT,0.1660511827358226,0.15251063576899426,0.23227214813232422,-0.5068009535763418,-0.5147194105157784,-0.007918456939436602,0.07976151236332996,0.08512036708219028,0.017417632248048598
5000,23,5,CGATATAT,1.1296573444520646,1.130889413588059,1.151841640472412,0.4568052081399001,0.4636593673032863,0.006854159163386164,0.020952226884353164,0.006619375898365698,0.012779721578337622
5000,24,3,CTATACCA,0.041974041973890465,0.039330758982234336,0.10333633422851562,-0.5652046165277104,-0.5660949651565815,-0.0008903486288711626,0.06400557524628128,0.010498635822653313,0.002568786847684912
5000,24,3,CGATACCA,0.3684945245907221,0.3666001434127488,0.1870741844177246,-0.23868413391087873,-0.23882558072606708,-0.00014144681518835078,-0.17952595899502422,0.005967733169993661,0.0002845896360739175
5000,24,3,CTATATCA,0.9738910026613871,0.9729478272298967,0.9948483109474182,0.36671234415978626,0.3675221030910808,0.0008097589312945352,0.021900483717521513,0.0039304249315565976,0.0011008986370857343
5000,24,3,CGATATCA,1.0443550647804039,1.042824166930384,1.0444501638412476,0.43717640627880305,0.43739844279156803,0.00022203651276497816,0.0016259969108636252,0.004693274424417804,0.00010058087435815821
5000,25,3,CAATATAT,1.3219380036964958,1.322551557069851,1.377569556236267,1.074614943636122,1.1122238963014548,0.03760895266533271,0.05501799916641614,0.00029733750927660174,0.002137997629342081
5000,25,3,CAATATAT,1.3219380036964958,1.322551557069851,1.2780938148498535,1.074614943636122,1.1122238963014548,0.03760895266533271,-0.04445774221999743,0.00029733750927660174,0.002137997629342081
5000,25,3,TAATATAT,-0.16398744589586509,-0.2170852025349935,-0.14326119422912598,-0.41131050595623875,-0.42741286330338957,-0.01610235734715082,0.07382400830586752,0.16727366719272752,0.007980397275342277
5000,25,3,GAACATAT,-1.4905963212556317,-1.5867072685311239,-1.746026635169983,-1.7379193813160054,-1.79703492929952,-0.059115547983514594,-0.15931936663885904,0.2912737987170715,0.0029409568905949257
5000,26,5,CGATATCG,1.1069602398944514,1.1049793118440232,1.0309267044067383,0.12485377880864212,0.12739932015914146,0.0025455413504993363,-0.07405260743728492,0.018520319804224528,0.008615679552083755
5000,26,5,CGGTATCG,0.8179212574958884,0.8067326851093087,1.0079905986785889,-0.16418520358992084,-0.170847306575573,-0.006662102985652174,0.20125791356928013,0.06730194719514593,0.011359085262247604
5000,26,5,CGATATCG,1.1069602398944514,1.1049793118440232,1.1931788921356201,0.12485377880864212,0.12739932015914146,0.0025455413504993363,0.08819958029159691,0.018520319804224528,0.008615679552083755
5000,26,5,CGATATCA,0.8965841070584457,0.8936286579421718,1.039945363998413,-0.08552235402736352,-0.08395133374270991,0.0015710202846536125,0.14631670605624125,0.01989301580742442,0.005115770226055361
5000,27,3,ATATCGCT,0.33977305335587316,0.33100315078788983,0.46146464347839355,0.050045370508496445,0.04499937131186016,-0.005045999196636286,0.13046149269050372,0.027678946414731342,0.0013692387107813175
5000,27,3,ATATCGCA,0.6784539422458741,0.678165847128386,0.7144979238510132,0.38872625939849736,0.39216206765235634,0.003435808253858974,0.03633207672262717,0.003032692736900877,0.002168407384436577
5000,27,3,GTATCGCT,-0.026337900862742163,-0.02978186157836049,-0.1451740264892578,-0.3160655837101189,-0.31578564105439016,0.00027994265572872656,-0.11539216491089732,0.012154533175743332,0.0018226510288883446
5000,27,3,GTATCGCC,0.16702163665050174,0.16462798156620329,0.07659399509429932,-0.12270604619687497,-0.12137579790982639,0.0013302482870485854,-0.08803398647190397,0.009980733436258049,0.002799768183362694
5000,28,2,CGATATAT,1.0025348022488425,1.0024216249585152,0.909725546836853,0.15654758515078282,0.15652427077293396,-2.3314377848859813e-05,-0.09269607812166214,0.0006463857495758729,0.00042003116892130876
5000,28,2,CGATATAT,1.0025348022488425,1.0024216249585152,0.9515173435211182,0.15654758515078282,0.15652427077293396,-2.3314377848859813e-05,-0.050904281437397,0.0006463857495758729,0.00042003116892130876
5000,28,2,CAATATAT,0.689439631947277,0.6893730834126472,0.8154709339141846,-0.1565475851507827,-0.15652427077293396,2.331437784874879e-05,0.12609785050153732,0.000133187500430898,9.043117144003077e-08
5000,28,2,CAATATAT,0.689439631947277,0.6893730834126472,0.8154709339141846,-0.1565475851507827,-0.15652427077293396,2.331437784874879e-05,0.12609785050153732,0.000133187500430898,9.043117144003077e-08
5000,29,5,CGATATCT,1.053722596104485,1.0541179638324922,1.0187287330627441,0.018536585026331043,0.023841992965802472,0.005305407939471429,-0.03538923076974809,0.008660564030559925,0.01063740267059643
5000,29,5,CGATATAT,1.2861795107811995,1.2882078590989108,1.3028126955032349,0.25099349970304563,0.257931888232221,0.006938388529175388,0.014604836404324084,0.0012696455828712372,0.011411387171428089
5000,29,5,CGATACAT,0.7471193413224458,0.7246600967028638,0.6050314903259277,-0.28806666975570805,-0.30561587416382596,-0.017549204408117913,-0.11962860637693606,0.12025815039688048,0.00796192729896994
5000,29,5,CGATATCT,1.053722596104485,1.0541179638324922,1.035272240638733,0.018536585026331043,0.023841992965802472,0.005305407939471429,-0.018845723193759323,0.008660564030559925,0.01063740267059643
5000,30,5,CGATATCG,0.9902198532108908,0.9895375920832153,0.8593820929527283,0.3651627647346283,0.3826463558416193,0.017483591106991048,-0.13015549913048707,0.013754152487659876,0.010342846849281884
5000,30,5,CGTGATAC,0.31416575455233103,0.27394268807023714,0.7676393389701843,-0.3108913339239315,-0.3329485481713589,-0.022057214247427404,0.4936966508999472,0.21528466704492022,0.014169334634450692
5000,30,5,CGCGATAC,0.3777602052584724,0.354582525317867,0.7657577395439148,-0.2472968832177901,-0.25230871092372903,-0.005011827705938943,0.4111752142260478,0.12625247960855823,0.01036407990553112
5000,30,5,CGATATCC,0.8180825408833556,0.8095021394950648,1.1596940755844116,0.19302545240709312,0.20261090325346875,0.009585450846375632,0.35019193608934684,0.0463151100066268,0.003413103065172507
5000,31,7,CGATATCC,0.8314386793520328,0.8297421545569544,0.7763262391090393,0.2616920694563982,0.2743740904458457,0.012682020989447484,-0.05341591544791513,0.02596642979634245,0.01409075623079481
5000,31,7,CGATCTTC,0.46882564856263187,0.454181384468304,0.6198748350143433,-0.10092096133300266,-0.10118667964280476,-0.00026571830980209876,0.1656934505460393,0.12695710057703735,0.02444725191674202
5000,31,7,ATATAGTA,0.2375728547937592,0.20096674177884363,-0.06684982776641846,-0.3321737551018753,-0.35440132233226507,-0.022227567230389766,-0.2678165695452621,0.27318773920683626,0.016944948102427304
5000,31,7,CGATCGAT,0.7411492568741144,0.736581975640333,0.5338046550750732,0.17140264697847984,0.18121391152922428,0.009811264550744436,-0.20277732056525977,0.06811761909712644,0.03614665046065646
10000,0,6,CGATATAT,1.1004756226971497,1.1007592860454067,1.2155826091766357,0.35397345842778716,0.357885760742809,0.003912302315021821,0.114823323131229,0.01212317855289502,0.013825158642436719
10000,0,6,CGATATCT,0.8817713992902,0.8804642558873933,1.1459490060806274,0.13526923502083743,0.13759073058479554,0.002321495563958109,0.26548475019323414,0.024220398353032024,0.0163775379361919
10000,0,6,CTATATCT,0.6033484548715795,0.5987724718120354,0.3147929906845093,-0.14315370939778305,-0.14410105349056235,-0.0009473440927793009,-0.28397948112752613,0.03713192278440136,0.009676024427136554
10000,0,6,CGATCTAC,0.40041318021852074,0.3914980874655554,0.6654000282287598,-0.3460889840508418,-0.35137543783704234,-0.005286453786200518,0.27390194076320434,0.06638393823622302,0.01289338171843113
10000,1,4,CTATATAC,0.44131437607587676,0.4375217466925585,0.8558319211006165,-0.12092293326526204,-0.10566549880119647,0.015257434464065578,0.41831017440805796,0.017764991873316927,0.002594474340043895
10000,1,4,CGATATAC,1.277083229196046,1.277768058741155,1.2570650577545166,0.7148459198549073,0.7345808132474001,0.01973489339249279,-0.020703000986638465,0.0010301968013727292,0.0037695149818084417
10000,1,4,GAATAGAC,-0.7465315971034139,-0.8203088821998488,-0.5664026737213135,-1.3087689064445527,-1.3634961276936037,-0.05472722124905105,0.2539062084785353,0.2967983638303675,0.001689223444627963
10000,1,4,CGATATAC,1.277083229196046,1.277768058741155,1.266795039176941,0.7148459198549073,0.7345808132474001,0.01973489339249279,-0.010973019564214148,0.0010301968013727292,0.0037695149818084417
10000,2,5,CGGTATAT,0.714647876560296,0.7095376285084051,0.6516904234886169,-0.3096594649755574,-0.3129981640663272,-0.003338699090769781,-0.05784720501978813,0.040782139050511645,0.015230898791056546
10000,2,5,CGATATAT,1.2765241825664357,1.2787010168159996,1.3118197917938232,0.2522168410305823,0.2561652242412673,0.003948383210685025,0.03311877497782367,0.0037310649442594546,0.014615236192078385
10000,2,5,CGATATAC,0.829533124450246,0.8232035081585248,0.9755112528800964,-0.1947742170856075,-0.19933228441620743,-0.004558067330599935,0.1523077447215716,0.03297852241429178,0.0013304409556855745
10000,2,5,CGATATAT,1.2765241825664357,1.2787010168159996,1.251668930053711,0.2522168410305823,0.2561652242412673,0.003948383210685025,-0.027032086762288632,0.0037310649442594546,0.014615236192078385
10000,3,5,CTATTTCG,0.7711095495398383,0.7695197809239224,0.730137825012207,0.05391770469873969,0.0760857832555969,0.022168078556857207,-0.03938195591171534,0.011360411988134977,0.003411568908554763
10000,3,5,ATATTGCG,0.8521399894794112,0.8285139120928939,0.8040905594825745,0.1349481446383125,0.13507991442456846,0.00013176978625595304,-0.02442335261031947,0.13184021873935547,0.013709831806769657
10000,3,5,CTATTCAG,0.39337785086573407,0.3471883855635916,0.4158022999763489,-0.3238139939753646,-0.34624561210473387,-0.02243161812936928,0.06861391441275727,0.23389506931450654,0.0029477428037942843
10000,3,5,ATATTGCG,0.8521399894794112,0.8285139120928939,0.8105646371841431,0.1349481446383125,0.13507991442456846,0.00013176978625595304,-0.017949274908750867,0.13184021873935547,0.013709831806769657
10000,4,1,CGATATCG,1.234106883406639,1.234106883406639,1.2341068983078003,0.0,0.0,0.0,1.4901161193847656e-08,0.0,0.0
10000,4,1,CGATATCG,1.234106883406639,1.234106883406639,1.2341068983078003,0.0,0.0,0.0,1.4901161193847656e-08,0.0,0.0
10000,4,1,CGATATCG,1.234106883406639,1.234106883406639,1.2341068983078003,0.0,0.0,0.0,1.4901161193847656e-08,0.0,0.0
10000,4,1,CGATATCG,1.234106883406639,1.234106883406639,1.2341068983078003,0.0,0.0,0.0,1.4901161193847656e-08,0.0,0.0
10000,5,7,GTATCTCA,0.39830412284601685,0.38050245611669425,0.21337544918060303,-0.2906359870185981,-0.29704615999850487,-0.006410172979906759,-0.16712700693609123,0.1380500765970094,0.013438409491751457
10000,5,7,CAATATAT,0.9748169983036507,0.9681809255961004,1.0341368913650513,0.2858768884390357,0.29063230948090124,0.0047554210418655485,0.06595596576895091,0.0595428769860642,0.01309036803321284
10000,5,7,CGATATAG,0.9141234797562117,0.9125096002497816,0.9935879707336426,0.2251833698915967,0.23496098413458244,0.009777614242985733,0.08107837048386102,0.02968236323156903,0.018385206686557964
10000,5,7,CTATATAG,0.46851583855258055,0.4490014824982205,0.5773730874061584,-0.2204242713120344,-0.2285471336169786,-0.00812286230494419,0.12837160490793792,0.15074860831443715,0.014148115933917182
10000,6,3,CGATATCT,0.6670247755129465,0.6637041519085561,0.8028439879417419,-0.11948796349308577,-0.1179296105272244,0.001558352965861376,0.1391398360331858,0.010955717310345836,0.0009938464971748218
10000,6,3,CGATATAT,1.1154844399787718,1.1148568673266306,1.075308084487915,0.32897170097273953,0.33322310489085005,0.004251403918110519,-0.039548782838715546,0.002231514636361953,0.000348796679938701
10000,6,3,CGGTATAT,0.2480573005536392,0.2331171631813048,-0.20491838455200195,-0.5384554384523931,-0.5485165992544757,-0.010061160802082636,-0.4380355477333068,0.04610227414942525,0.0012818620324219765
10000,6,3,CGATATAT,1.1154844399787718,1.1148568673266306,1.116272211074829,0.32897170097273953,0.33322310489085005,0.004251403918110519,0.0014153437481985165,0.002231514636361953,0.000348796679938701
10000,7,3,TTATCGTG,0.6331248058969714,0.6313399726317986,0.6941330432891846,-0.4951021644628175,-0.49726266538103403,-0.0021605009182165125,0.06279307065738593,0.011275884480443032,0.0059213846849246465
10000,7,3,TTATCGTA,1.2932610251807282,1.2943568598065107,1.3987661600112915,0.16503405482093925,0.16575422179367805,0.0007201669727388005,0.10440930020478079,0.00019852019147015287,0.0034860240688177058
10000,7,3,TTATCGTA,1.2932610251807282,1.2943568598065107,1.2327888011932373,0.16503405482093925,0.16575422179367805,0.0007201669727388005,-0.06156805861327341,0.00019852019147015287,0.0034860240688177058
10000,7,3,TTATCGTA,1.2932610251807282,1.2943568598065107,1.2917594909667969,0.16503405482093925,0.16575422179367805,0.0007201669727388005,-0.002597368839713843,0.00019852019147015287,0.0034860240688177058
10000,8,5,CGATATCA,0.7339651811556095,0.7327900750935076,1.094752311706543,0.0684699777020279,0.06862288070842626,0.00015290300639836385,0.3619622366130354,0.0104113966173216,0.004535866306811798
10000,8,5,CGATATCC,0.6403186976265685,0.6352964542061088,0.8009949922561646,-0.02517650582701314,-0.02887074017897251,-0.003694234351959369,0.16569853805005574,0.02725994799935716,0.0021487308970584706
10000,8,5,CGATATAT,1.11344779560049,1.115419523268938,1.0035383701324463,0.4479525921469084,0.4512523288838566,0.0032997367369481667,-0.1118811531364916,0.004550929653449387,0.014409567995688377
10000,8,5,GGATATCG,0.17424913943165823,0.1731627249717711,0.29656505584716797,-0.4912460640219234,-0.4910044694133102,0.0002415946086131715,0.12340233087539687,0.016500539072420217,0.011068466772984564
10000,9,5,GTATCGTA,0.969542060533118,0.9676766564755231,0.8534694910049438,0.29874607413627574,0.29982808470279765,0.001082010566521907,-0.1142071654705793,0.012954865744200461,0.0036278454562266305
10000,9,5,CTATAGCA,0.43808994083758623,0.4264473423066857,-0.006121516227722168,-0.232706045559256,-0.2414012294660398,-0.00869518390678381,-0.43256885853440785,0.0714586099147061,0.013245617260203346
10000,9,5,CGATCGCA,0.6377759721083324,0.6386351441543464,1.0512454509735107,-0.03302001428850987,-0.029213427618379084,0.003806586670130785,0.41261030681916433,0.030075712949418687,0.03437157317948891
10000,9,5,CGATCGCA,0.6377759721083324,0.6386351441543464,0.8715408444404602,-0.03302001428850987,-0.029213427618379084,0.003806586670130785,0.2329057002861138,0.030075712949418687,0.03437157317948891
10000,10,5,CTATCTCA,0.5992624145358089,0.5893217224377434,0.7029126882553101,-0.16107090444869887,-0.16077974426720165,0.0002911601814972187,0.11359096581756667,0.05281188413948312,0.003108423649155867
10000,10,5,CGATCGTA,0.7648269873004794,0.7579343228870608,0.7474567294120789,0.004493668315971644,0.00783285618211571,0.0033391878661440666,-0.010477593474981894,0.04876113587849007,0.014297813811396942
10000,10,5,ATATCGTA,0.9124168868012632,0.8952154986079155,0.6633213758468628,0.15208356781675547,0.14511403190297045,-0.006969535913785019,-0.2318941227610527,0.09520935699913435,0.009202416032396243
10000,10,5,CGATCGTA,0.7648269873004794,0.7579343228870608,0.8368634581565857,0.004493668315971644,0.00783285618211571,0.0033391878661440666,0.07892913526952494,0.04876113587849007,0.014297813811396942
10000,11,2,CGATATAG,1.3442894004945276,1.3443654687143862,1.3443654775619507,0.0,0.0,0.0,8.847564458847046e-09,7.33701406296916e-08,0.0001522098098578617
10000,11,2,CGATATAG,1.3442894004945276,1.3443654687143862,1.3509228229522705,0.0,0.0,0.0,0.006557354237884283,7.33701406296916e-08,0.0001522098098578617
10000,11,2,CGATATAG,1.3442894004945276,1.3443654687143862,1.35092294216156,0.0,0.0,0.0,0.006557473447173834,7.33701406296916e-08,0.0001522098098578617
10000,11,2,CGATATAG,1.3442894004945276,1.3443654687143862,1.3443654775619507,0.0,0.0,0.0,8.847564458847046e-09,7.33701406296916e-08,0.0001522098098578617
10000,12,4,CGATATAT,1.2431171292178675,1.2440775592500968,1.3493762016296387,0.39066965747526305,0.39708317832264584,0.006413520847382781,0.1052986423795419,0.0012105800588867455,0.00505230018780356
10000,12,4,CAATATAT,0.997216536408341,0.9969336345481377,1.2084572315216064,0.14476906466573647,0.14993925362068672,0.00517018895495025,0.21152359697346879,0.009095563803774409,0.007963956362961433
10000,12,4,CGATATCT,0.9402239771562915,0.9396755302247284,1.0033119916915894,0.08777650541368698,0.09268114929727744,0.004904643883590465,0.06363646146686097,0.01391576101400216,0.011721973287749599
10000,12,4,CGATATGT,0.2292322441879182,0.20729079968684094,1.0135619640350342,-0.6232152275546863,-0.63970358124061,-0.016488353685923718,0.8062711643481932,0.09272574413270984,0.004959966128400772
10000,13,4,ATATCGTA,0.8258696025510185,0.816963730224719,0.808689296245575,0.26209767516810134,0.2721741128092011,0.010076437641099778,-0.008274433979144069,0.03656618708938586,0.0009426977841879847
10000,13,4,CGATACTA,0.42800493968397446,0.4059490247940025,0.3916459083557129,-0.1357669876989427,-0.13884059262151538,-0.0030736049225726925,-0.014303116438289631,0.09040073909672763,0.0021770795368398765
10000,13,4,GGATCCTA,0.1919556683911885,0.15511105644206236,0.3811671733856201,-0.37181625899172865,-0.38967856097345555,-0.01786230198172689,0.22605611694355776,0.15397480795798835,0.006596360161483794
10000,13,4,CTATCGTA,0.8092574989054873,0.8011346582012877,0.845761775970459,0.2454855715225701,0.2563450407857698,0.010859469263199695,0.044627117769171276,0.03471194533500643,0.002220582518208225
10000,14,4,CGATATAG,1.271906984246999,1.2717203667270955,1.2548208236694336,0.0,0.0,0.0,-0.016899543057661948,0.0013915473448045113,0.0006450772651902525
10000,14,4,CGATATAG,1.271906984246999,1.2717203667270955,1.312211275100708,0.0,0.0,0.0,0.040490908373612466,0.0013915473448045113,0.0006450772651902525
10000,14,4,CGATATAG,1.271906984246999,1.2717203667270955,1.208574891090393,0.0,0.0,0.0,-0.06314547563670247,0.0013915473448045113,0.0006450772651902525
10000,14,4,CGATATAG,1.271906984246999,1.2717203667270955,1.249397873878479,0.0,0.0,0.0,-0.022322492848616537,0.0013915473448045113,0.0006450772651902525
10000,15,5,GTATCGCC,0.8166898902109285,0.8140121290964691,0.7979332804679871,0.18095814002473376,0.19773986211580752,0.01678172209107376,-0.01607884862848208,0.016681658333131733,0.0032928527608344638
10000,15,5,GGATCGCT,0.44890122602709237,0.41155676993657797,0.3404054641723633,-0.1868305241591024,-0.20471549704408365,-0.017884972884981254,-0.07115130576421469,0.191843052801568,0.0051207723489961054
10000,15,5,GTATCGCA,0.9552710188517368,0.9421638444221262,1.0222620964050293,0.31953926866554205,0.3258915774414646,0.006352308775922522,0.0800982519829031,0.07013745877823396,0.004601586630180954
10000,15,5,GGATCGGA,0.32206486565502157,0.2973563244674729,0.3132997751235962,-0.3136668845311732,-0.3189159425131887,-0.005249057982015526,0.015943450656123292,0.1303084247592574,0.006765718821514
10000,16,3,CGATATAT,1.2375077877208664,1.2373822795020206,1.2162612676620483,0.0,0.0,0.0,-0.02112101183997228,0.0009719386767387261,0.0005954140202009128
10000,16,3,CGATATAT,1.2375077877208664,1.2373822795020206,1.2661480903625488,0.0,0.0,0.0,0.028765810860528207,0.0009719386767387261,0.0005954140202009128
10000,16,3,CGATATAT,1.2375077877208664,1.2373822795020206,1.2419936656951904,0.0,0.0,0.0,0.004611386193169809,0.0009719386767387261,0.0005954140202009128
10000,16,3,CGATATAT,1.2375077877208664,1.2373822795020206,1.2272979021072388,0.0,0.0,0.0,-0.010084377394781852,0.0009719386767387261,0.0005954140202009128
10000,17,4,ATATATTA,0.17195636640788625,0.12787349297044193,-0.17260420322418213,-0.34815024790638105,-0.37852800610320037,-0.030377758196819316,-0.30047769619462406,0.1783482076998668,0.0020167139500895104
10000,17,4,CTATATCA,0.987244563259768,0.9870622047067934,0.9145522117614746,0.46713794894550065,0.4806607056331511,0.013522756687650461,-0.07250999294531879,0.003573000512118396,0.0028435663002204237
10000,17,4,CTATATCT,0.7607096871040423,0.7621802668242408,0.9044350981712341,0.240603072789775,0.2557787677505985,0.015175694960823494,0.14225483134699335,0.0064949154991196245,0.01237723437991356
10000,17,4,GTATATCG,0.1605158404853726,0.14849003179309284,0.45571160316467285,-0.3595907738288947,-0.35791146728054946,0.0016793065483452496,0.30722157137158,0.05076569553085797,0.0026624607617389273
10000,18,2,TGTGGTAC,0.8066321573997826,0.8065977320075035,0.8652517795562744,0.6192084116275745,0.6351855732500553,0.015977161622480862,0.058654047548770905,0.0008195824597452273,0.0007507316751871329
10000,18,2,TGTGGTAA,-0.762629814773534,-0.819101482629776,-0.2769794464111328,-0.9500535605457421,-0.9905136413872242,-0.040460080841482116,0.5421220362186432,0.11352249454778462,0.000579158835300575
10000,18,2,TGTGGTAG,0.09212771919536933,0.0846744179725647,0.26589858531951904,-0.09529602657683883,-0.0867377407848835,0.008558285791955333,0.18122416734695435,0.015007038174467358,0.00010043572885809482
10000,18,2,TGTGGTAT,0.6135649212672147,0.6134779676795006,0.6699185967445374,0.4261411754950066,0.4420658089220524,0.01592463342704581,0.056440629065036774,0.0001947505749768652,2.084339954855352e-05
10000,19,4,CGATACCC,0.6232415046746114,0.590137307333862,1.0761550664901733,-0.09881118493332564,-0.11320946103690721,-0.014398276103581575,0.4860177591563113,0.137808562512582,0.005391773149584722
10000,19,4,CGATACCC,0.6232415046746114,0.590137307333862,0.8213876485824585,-0.09881118493332564,-0.11320946103690721,-0.014398276103581575,0.23125034124859645,0.137808562512582,0.005391773149584722
10000,19,4,CGATCTCC,0.8951313996516097,0.8866229241830301,0.8255956172943115,0.1730787100436727,0.18327615581226087,0.010197445768588165,-0.0610273068887186,0.04514984312843229,0.01111594125411397
10000,19,4,CGGTATCC,0.7465963494309155,0.7464895346323226,1.1811590194702148,0.02454365982297846,0.043142766261553334,0.018599106438574875,0.43466948483789225,0.008783421428322225,0.008356162233950748
10000,20,4,TGATCCTC,1.1303801365767125,1.120515354511251,1.1033127307891846,0.41681620275427933,0.440417531526085,0.023601328771805652,-0.01720262372206638,0.04596500784799784,0.006505879586151231
10000,20,4,TTATCCTC,1.0108000823636463,0.9682820743473717,1.088337779045105,0.29723614854121305,0.2881842513622057,-0.00905189717900734,0.1200557046977333,0.1732167764577457,0.003144744392646892
10000,20,4,TGTTAATC,-0.4173046202273383,-0.4889214914292097,-0.1431717872619629,-1.1308685540497714,-1.1690193144143757,-0.0381507603646043,0.3457497041672468,0.3008321612012308,0.014364676393745057
10000,20,4,TGATCCTC,1.1303801365767125,1.120515354511251,1.092358946800232,0.41681620275427933,0.440417531526085,0.023601328771805652,-0.028156407711019016,0.04596500784799784,0.006505879586151231
10000,21,5,TGATACTC,0.9452233492470643,0.9105967757264439,0.8325589895248413,0.4046276910424069,0.4130940282432491,0.008466337200842167,-0.07803778620160262,0.18219572660193206,0.009062858998830414
10000,21,5,TGATCCTC,1.1493927429970618,1.1183087942670678,0.9608652591705322,0.6087970847924045,0.620806046783873,0.012008961991468503,-0.15744353509653553,0.16564149140902407,0.010221747759054267
10000,21,5,CCATACTC,-0.8017968742976853,-0.8741287531522289,-0.6412607431411743,-1.3423925325023427,-1.3716315006354238,-0.029238968133081134,0.23286801001105462,0.3716438384071097,0.009984444134391701
10000,21,5,TTATCCTC,0.8695634148721887,0.8352341730914963,0.7988166809082031,0.3289677566675313,0.33773142560830144,0.00876366894077013,-0.036417492183293154,0.17828486752473305,0.006638658621270999
10000,22,3,CGATCGAT,1.0588070510768608,1.0664980949627025,0.7697169780731201,-0.05595828615196652,-0.05209024912781213,0.0038680370241543915,-0.2967811168895824,0.0025422442435074633,0.025615375901032245
10000,22,3,CGATCGCT,1.170723623380794,1.1706785932183266,1.0809627771377563,0.05595828615196674,0.052090249127811905,-0.0038680370241548356,-0.08971581608057022,0.009567883737531258,0.009432793250129023
10000,22,3,CGATCGAT,1.0588070510768608,1.0664980949627025,1.1907234191894531,-0.05595828615196652,-0.05209024912781213,0.0038680370241543915,0.12422532422675059,0.0025422442435074633,0.025615375901032245
10000,22,3,CGATCGCT,1.170723623380794,1.1706785932183266,1.433991551399231,0.05595828615196674,0.052090249127811905,-0.0038680370241548356,0.2633129581809044,0.009567883737531258,0.009432793250129023
10000,23,2,ATATCCAT,0.2359256430411374,0.22451841831207275,0.027293920516967773,-0.3160460142960495,-0.3064801571890712,0.009565857106978326,-0.19722449779510498,0.022814620756473225,1.712983439539073e-07
10000,23,2,ATATCGAT,0.44131877515565,0.3866127133369446,0.3939920663833618,-0.1106528821815369,-0.14438586216419935,-0.03373297998266245,0.007379353046417236,0.11021385212191026,0.0008017284844994421
10000,23,2,CTATCTAT,0.8022048046977814,0.8021576963365078,0.6195709109306335,0.25023314736059454,0.27115912083536386,0.02092597347476932,-0.18258678540587425,0.00010040880492523385,6.192082377953767e-06
10000,23,2,CTATCGAT,0.7284374064541785,0.7107054740190506,0.586094856262207,0.17646574911699164,0.17970689851790667,0.003241149400915022,-0.12461061775684357,0.03652387168745408,0.0010600068171982002
10000,24,6,CGATCTGC,0.7061294560861097,0.700161470955592,0.8888635635375977,0.031673107795285205,0.03401596361219783,0.0023428558169126257,0.18870209258200565,0.04268988713415256,0.0068819763510461485
10000,24,6,CGATCTGT,0.6355217571049535,0.6288528167468629,0.5802339315414429,-0.03893459118587095,-0.037292690596531286,0.001641900589339662,-0.048618885205420015,0.0613893677091637,0.021375725560620396
10000,24,6,CGATCTGG,0.6198020250408933,0.6052785018602655,0.8492988348007202,-0.054654323249931136,-0.06086700548312862,-0.006212682233197486,0.24402033294045467,0.09643924156997219,0.00929810248620555
10000,24,6,CGATCTAC,0.7363721549313413,0.7302892398108565,0.6485354900360107,0.06191580664051688,0.0641437324674623,0.0022279258269454205,-0.08175374977484573,0.04039200141289623,0.0038945106899870297
10000,25,7,CGATCTTA,0.4834602442348071,0.45449948801831674,0.31286728382110596,-0.14950760420591397,-0.16132003357139146,-0.011812429365477495,-0.1416322041972108,0.2164511481674305,0.013725854651998048
10000,25,7,GTATCCCA,0.38441136146828736,0.3550602836381981,0.2579059600830078,-0.2485564869724337,-0.2607592379515101,-0.012202750979076415,-0.09715432355519027,0.21910004529797522,0.013642500487350162
10000,25,7,CGATATTA,0.7825981863220297,0.77472951088016,0.7090471386909485,0.14963033788130864,0.15890998929045175,0.009279651409143108,-0.06568237218921147,0.06327226864097923,0.008191540547890952
10000,25,7,CGATATAG,0.8814016017377603,0.8789888038221582,0.8674077391624451,0.2484337532970392,0.26316928223244995,0.014735528935410747,-0.011581064659713092,0.034931619972941697,0.018042034563727327
10000,26,4,CGATATTG,0.4131352347266788,0.37647770578041695,0.2460923194885254,-0.2991280132528982,-0.32754222442357195,-0.028414211170673775,-0.13038538629189156,0.16484760310253055,0.018217487317483183
10000,26,4,CGATATCA,0.6176472433178746,0.6179090985873097,0.6327989101409912,-0.09461600466170239,-0.0861108316166792,0.008505173045023184,0.01488981155368152,0.0018911690058986963,0.00293859008363917
10000,26,4,CGATATAG,0.7302090110133519,0.7313985291402789,1.01725435256958,0.01794576303377493,0.02737859893629002,0.009432835902515091,0.28585582342930116,0.004580387566670119,0.009338460074378219
10000,26,4,CGATATAT,1.0880615028604028,1.0902943873079498,1.1044888496398926,0.37579825488082585,0.3862744571039609,0.010476202223135056,0.01419446233194277,0.005626027679956902,0.014557565470144418
10000,27,2,CTATCGCC,0.36411908611356325,0.36267763339856174,0.41262102127075195,-0.2294987568521647,-0.2308025404054206,-0.0013037835532558884,0.049943387872190215,0.0028877305153218735,4.825085318849176e-06
10000,27,2,CTATCGCA,1.0500212955481723,1.0508358235674677,1.2292799949645996,0.4564034525824443,0.4573556497634854,0.0009521971810411145,0.17844417139713187,4.7051699105016276e-05,0.0016761077376958866
10000,27,2,CTATCGCG,0.33037078506428186,0.3300436678546248,0.6060158014297485,-0.2632470579014461,-0.2634365059493575,-0.00018944804791143355,0.27597213357512373,0.0011152613311695703,0.0004610269118554555
10000,27,2,CTATCGCT,0.6299602051368942,0.630363570395275,0.4775615930557251,0.036342362171166265,0.036883396591292694,0.0005410344201264294,-0.15280197733954992,0.0009727403440100701,0.0017794708607716814
10000,28,7,CGATATCG,1.0137403110026568,1.0159699868509031,1.1912552118301392,0.1215668883358163,0.13609204667511088,0.014525158339294575,0.17528522497923604,0.010537335516815904,0.02614506645453929
10000,28,7,CAATATAT,0.9748169983036507,0.9681809255961004,0.8686243295669556,0.08264357563681013,0.08830298542030812,0.005659409783497993,-0.0995565960291448,0.0595428769860642,0.01309036803321284
10000,28,7,CGATATCG,1.0137403110026568,1.0159699868509031,1.0825932025909424,0.1215668883358163,0.13609204667511088,0.014525158339294575,0.06662321574003927,0.010537335516815904,0.02614506645453929
10000,28,7,CACGATAT,0.5663960703583977,0.5193908614052626,-0.0028482675552368164,-0.32577735230844285,-0.36048707877052966,-0.03470972646208681,-0.5222391289604994,0.3414972871663817,0.012460824494436196
10000,29,6,CGATATAT,1.228650241459502,1.2305902584766344,1.1911581754684448,0.20801606682324802,0.2119307875091585,0.003914720685910478,-0.03943208300818957,0.0042768469904568285,0.015916949093252697
10000,29,6,CGATATAG,0.9361225055914663,0.9332789969345964,0.9720630645751953,-0.08451166904478769,-0.08538047403287952,-0.0008688049880918314,0.03878406764059894,0.02413511878244945,0.007074066841230575
10000,29,6,CAGTATAT,0.6891137100345454,0.680178369982038,0.6683875918388367,-0.3315204646017086,-0.33848110098543793,-0.006960636383729346,-0.011790778143201286,0.06064728709165834,0.007035246776613491
10000,29,6,CGATATAT,1.228650241459502,1.2305902584766344,1.2602007389068604,0.20801606682324802,0.2119307875091585,0.003914720685910478,0.02961048043022596,0.0042768469904568285,0.015916949093252697
10000,30,4,CAATATTA,0.1869467761381831,0.16638898166517424,0.3473379611968994,-0.4795631464165673,-0.49039671950352703,-0.010833573086959758,0.18094897953172517,0.08401577597660115,0.0017845980845656584
10000,30,4,CGATATAA,0.7355431849456765,0.7355308770202102,0.6264916062355042,0.06903326239092611,0.07874517585150898,0.009711913460582866,-0.1090392707847061,0.0026493661238791155,0.002600134422014122
10000,30,4,CTATATCA,0.8176039294256542,0.8019839494178695,0.7524751424789429,0.1510940068709038,0.14519824824916827,-0.005895758621735525,-0.049508806938926675,0.06422238874295738,0.0017424687118188231
10000,30,4,CGATATTA,0.925945799709488,0.9232389965715508,0.9081489443778992,0.2594358771547376,0.26645329540284957,0.007017418248111973,-0.01509005219365167,0.017985798531332753,0.007158585979584409
10000,31,7,CGATATAA,0.8790323409247603,0.869362368309581,0.8118085265159607,0.12770013657291446,0.13191395711870946,0.0042138205457949995,-0.05755384179362033,0.07692137940630595,0.009231571100050573
10000,31,7,CGATACCA,0.7008230783349214,0.6909195592407834,0.5085483193397522,-0.05050912601692448,-0.04652885195008816,0.00398027406683632,-0.1823712399010312,0.08292430255041428,0.013599668891448147
10000,31,7,CTATCGTA,0.9347459244243849,0.9233867097169749,1.021233081817627,0.18341372007253898,0.18593829852610333,0.0025245784535643523,0.09784637210065206,0.0868151283805858,0.00730062542871579
10000,31,7,GGGTATCA,0.49072747372331665,0.4661250074961473,0.4350687265396118,-0.26060473062852924,-0.27132340369472424,-0.010718673066195006,-0.03105628095653551,0.19251184942228772,0.02029458583210264
15000,0,2,CGATATCG,1.091501722655474,1.0935358367860317,0.8878907561302185,0.2281566133035311,0.22784707322716713,-0.00030954007636396774,-0.20564508065581322,0.00040718151573804207,0.004475409776853567
15000,0,2,CGATATCA,0.4723924740915093,0.4729940826073289,0.46522724628448486,-0.39095263526043356,-0.3926946809515357,-0.0017420456911021454,-0.0077668363228440285,5.284973609853694e-06,0.0012085020052490236
15000,0,2,CGATATCG,1.091501722655474,1.0935358367860317,0.7908738255500793,0.2281566133035311,0.22784707322716713,-0.00030954007636396774,-0.3026620112359524,0.00040718151573804207,0.004475409776853567
15000,0,2,CGATATCT,0.797984518005314,0.8026892980560663,0.42364466190338135,-0.06536059134662886,-0.06299946550279834,0.002361125843830525,-0.3790446361526849,0.003625919030648017,0.013035479132152528
15000,1,3,CAATATAT,0.8284165103009077,0.8241500759290323,0.8475856781005859,-0.013331796113484784,-0.012018713893162003,0.001313082220322781,0.023435602171553604,0.01357207703221408,0.000772773916587699
15000,1,3,CGATATAT,1.1124941014552256,1.1124472059309483,1.1592156887054443,0.2707457950408332,0.2762784161087539,0.00553262106792074,0.04676848277449608,0.0006705027205994307,0.0005298161477673702
15000,1,3,CCATATAT,0.31358851244621117,0.29563067149784833,-0.025306344032287598,-0.5281597939681812,-0.5405381183243461,-0.012378324356164816,-0.3209370155301359,0.0554178130454579,0.0015442902003695025
15000,1,3,CGATATAT,1.1124941014552256,1.1124472059309483,1.103442907333374,0.2707457950408332,0.2762784161087539,0.00553262106792074,-0.009004298597574234,0.0006705027205994307,0.0005298161477673702
15000,2,5,CGATATAT,1.1586277150451942,1.1592459068074819,1.2338061332702637,0.25157793958333785,0.2543782551356709,0.002800315552333066,0.07456022646278182,0.004749553801703943,0.007840512613142003
15000,2,5,CGATATAT,1.1586277150451942,1.1592459068074819,1.1567143201828003,0.25157793958333785,0.2543782551356709,0.002800315552333066,-0.002531586624681559,0.004749553801703943,0.007840512613142003
15000,2,5,CGATATCG,0.9286686727050064,0.9292957422362325,0.900144100189209,0.021618897243150026,0.024428090564421523,0.002809193321271497,-0.029151642047023474,0.010768154590294898,0.013903502246424893
15000,2,5,CGGTATTA,0.38227499905203055,0.3716830508360477,0.15857398509979248,-0.5247747764098258,-0.5331846008357632,-0.008409824425937407,-0.2131090657362552,0.05806804777463359,0.005108306694719289
15000,3,4,CGATATTA,0.8874090725979406,0.8833753871731462,0.9045600295066833,0.1001974624722638,0.10709755320567627,0.006900090733412467,0.021184642333537118,0.02274459275032603,0.006609851051148752
15000,3,4,CGATATCA,0.9721036588695313,0.970114720364412,0.949129581451416,0.18489204874385456,0.19383688639694208,0.008944837653087512,-0.020985138912996026,0.00882553692711241,0.000869782906635308
15000,3,4,CTATATCA,0.9190840722114204,0.9180983191666507,0.9743643403053284,0.13187246208574366,0.14182048519918078,0.009948023113437121,0.056266021138677624,0.005479071053284379,0.0015360588742057146
15000,3,4,CGATACTA,0.3702496368238146,0.3335229091656706,0.3611201047897339,-0.41696197330186213,-0.44275492480179934,-0.02579295149993721,0.027597195624063264,0.15302923056903683,0.0061223199364608405
15000,4,2,CGATATCA,1.4467980009824577,1.447626399807632,1.4331579208374023,0.0,0.0,0.0,-0.014468478970229626,7.858357778411929e-05,0.0017353812281326597
15000,4,2,CGATATCA,1.4467980009824577,1.447626399807632,1.422935962677002,0.0,0.0,0.0,-0.024690437130630016,7.858357778411929e-05,0.0017353812281326597
15000,4,2,CGATATCA,1.4467980009824577,1.447626399807632,1.4374045133590698,0.0,0.0,0.0,-0.010221886448562145,7.858357778411929e-05,0.0017353812281326597
15000,4,2,CGATATCA,1.4467980009824577,1.447626399807632,1.422935962677002,0.0,0.0,0.0,-0.024690437130630016,7.858357778411929e-05,0.0017353812281326597
15000,5,3,CGATCGCT,1.032023285340446,1.033124722889624,0.8491047024726868,-0.017854097421371673,-0.016906181505571105,0.0009479159158005679,-0.18402002041693732,0.007299179396437427,0.010603492043971485
15000,5,3,CGATCTCT,1.0677314801831896,1.066937085900766,1.2344062328338623,0.017854097421371895,0.016906181505570883,-0.000947915915801012,0.16746914693309622,0.005127517212657917,0.0027443343653876795
15000,5,3,CGATCGCT,1.032023285340446,1.033124722889624,0.9354304671287537,-0.017854097421371673,-0.016906181505571105,0.0009479159158005679,-0.09769425576087043,0.007299179396437427,0.010603492043971485
15000,5,3,CGATCTCT,1.0677314801831896,1.066937085900766,0.9508920311927795,0.017854097421371895,0.016906181505570883,-0.000947915915801012,-0.11604505470798654,0.005127517212657917,0.0027443343653876795
15000,6,5,CGGTATTG,0.30606094234476783,0.29048682763668054,0.45366668701171875,-0.15276584194000525,-0.14840151166378435,0.004364330276220907,0.1631798593750382,0.09289978876988414,0.015029215229447779
15000,6,5,CGATATCA,0.7224001893998138,0.7205813023851559,0.5159401297569275,0.2635734051150407,0.28169296308469105,0.01811955796965037,-0.20464117262822845,0.0179586898282027,0.008864254754914036
15000,6,5,CGCTATAC,0.08809609589881759,0.03151319221903855,-0.20608818531036377,-0.37073068838595546,-0.40737514708142636,-0.036644458695470894,-0.2376013775294023,0.2948586537641811,0.011944135365285824
15000,6,5,CGATATAC,0.7187499094956932,0.7129720349609844,0.9174883365631104,0.2599231252109201,0.2740836956605195,0.014160570449599397,0.20451630160212597,0.03173325261806159,0.0028438799445176244
15000,7,3,CGATATAT,1.2967651036752719,1.3006740069637694,1.2700878381729126,0.13731799608793382,0.1385321996899116,0.0012142036019777702,-0.03058616879085685,0.0012709836569356758,0.0129976935224283
15000,7,3,CGATATAT,1.2967651036752719,1.3006740069637694,1.3343983888626099,0.13731799608793382,0.1385321996899116,0.0012142036019777702,0.033724381898840416,0.0012709836569356758,0.0129976935224283
15000,7,3,CGATATAG,0.7474931193235367,0.7465452082041232,0.3666177988052368,-0.41195398826380136,-0.4155965990697347,-0.0036426108059333107,-0.37992740939888636,0.005333028153217567,0.0024892947949775035
15000,7,3,CGATATAT,1.2967651036752719,1.3006740069637694,1.3822940587997437,0.13731799608793382,0.1385321996899116,0.0012142036019777702,0.0816200518359742,0.0012709836569356758,0.0129976935224283
15000,8,5,ATATCCGT,0.2617325810050174,0.24055366001091905,0.9223644733428955,-0.09289649480176554,-0.09611218038568015,-0.003215685583914607,0.6818108133319765,0.11149835190744461,0.00560374693695298
15000,8,5,ATATCGTA,1.0124101433988337,1.0106116628809827,0.9380983114242554,0.6577810675920508,0.6739458224843835,0.01616475489233271,-0.07251335145672733,0.015437477226637686,0.006445074637382753
15000,8,5,ATATCCAG,0.19228900082967168,0.1806452578892152,0.3947272300720215,-0.16234007497711125,-0.156020582507384,0.006319492469727267,0.21408197218280628,0.060009497370566045,0.001790782668283697
15000,8,5,ATATCTTT,-0.04791542200639096,-0.08514721919472024,-0.5243613719940186,-0.4025444978131739,-0.42181305959131943,-0.01926856177814551,-0.4392141527992983,0.19948872118585648,0.013329735244210106
15000,9,3,CGGTATAT,0.49840401699687176,0.4980336017906664,0.8563404083251953,-0.6307147360734797,-0.6318697424915931,-0.0011550064181133912,0.3583068065345289,0.010378313371372627,0.009267067752756653
15000,9,3,CGATATAT,1.3393569984281781,1.340526591779457,1.2568964958190918,0.21023824535782665,0.21062324749719763,0.0003850021393709824,-0.0836300959603653,0.0028414453657166217,0.006350225419553546
15000,9,3,CGATATAT,1.3393569984281781,1.340526591779457,1.2905709743499756,0.21023824535782665,0.21062324749719763,0.0003850021393709824,-0.049955617429481514,0.0028414453657166217,0.006350225419553546
15000,9,3,CGATATAT,1.3393569984281781,1.340526591779457,1.366563081741333,0.21023824535782665,0.21062324749719763,0.0003850021393709824,0.026036489961875908,0.0028414453657166217,0.006350225419553546
15000,10,5,CTATATAT,1.057919289135885,1.0580688051382696,0.8860741853713989,0.2698786486922077,0.27296636524408924,0.0030877165518815586,-0.1719946197668707,0.0073782300430271786,0.008125810054949945
15000,10,5,CTATATCT,0.9057428523864314,0.9057199773595974,0.942403256893158,0.11770221194275399,0.12061753746541704,0.002915325522663048,0.03668327953356054,0.010577707822479798,0.010463332688310345
15000,10,5,CTATATCC,0.6692847031405533,0.6655771746765818,1.0025808811187744,-0.11875593730312406,-0.11952526521759854,-0.0007693279144744825,0.3370037064421926,0.025015201376561436,0.0064775590567043295
15000,10,5,CTATACCT,0.5192157171118396,0.5110438024022728,0.36263835430145264,-0.26882492333183783,-0.2740586374919076,-0.005233714160069791,-0.14840544810082013,0.04786028394345809,0.007000710395623777
15000,11,4,CAATATAT,0.9864725943317113,0.9846258126199248,1.1911468505859375,-0.19948546747230533,-0.20148051684373058,-0.0019950493714252504,0.20652103796601273,0.015351083210107586,0.007963956362961433
15000,11,4,CGATATAT,1.2524532176281185,1.253266501744899,1.3482815027236938,0.06649515582410181,0.0671601722812436,0.0006650164571417871,0.0950150009787949,0.0017991637206816735,0.00505230018780356
15000,11,4,CGATATAT,1.2524532176281185,1.253266501744899,1.2491058111190796,0.06649515582410181,0.0671601722812436,0.0006650164571417871,-0.004160690625819363,0.0017991637206816735,0.00505230018780356
15000,11,4,CGATATAT,1.2524532176281185,1.253266501744899,1.2757738828659058,0.06649515582410181,0.0671601722812436,0.0006650164571417871,0.02250738112100681,0.0017991637206816735,0.00505230018780356
15000,12,3,CAATATAT,1.3400323745725011,1.3417290138701599,1.322583794593811,0.23175843492212023,0.23328375454164196,0.0015253196195217367,-0.019145219276348824,0.0002800614798613432,0.005369979372837008
15000,12,3,CAATATAG,0.4129986348840203,0.4085939957035915,0.05423939228057861,-0.6952753047663607,-0.6998512636249263,-0.004575958858565654,-0.3543546034230129,0.013748791986685216,0.0005348744453987919
15000,12,3,CAATATAT,1.3400323745725011,1.3417290138701599,1.33401620388031,0.23175843492212023,0.23328375454164196,0.0015253196195217367,-0.0077128099898498,0.0002800614798613432,0.005369979372837008
15000,12,3,CAATATAT,1.3400323745725011,1.3417290138701599,1.3287631273269653,0.23175843492212023,0.23328375454164196,0.0015253196195217367,-0.012965886543194527,0.0002800614798613432,0.005369979372837008
15000,13,4,ATATATGC,0.14443815485002331,0.09859280008822724,-0.570068359375,-0.702411006101959,-0.7338438987499101,-0.03143289264795113,-0.6686611594632272,0.19031524286214996,0.006933823814965656
15000,13,4,ATATCGGA,1.0809861629859685,1.077051331754774,0.9211052060127258,0.23413700203398624,0.24461463291663677,0.010477630882650524,-0.15594612574204825,0.018297693121974934,0.002558368197196792
15000,13,4,ATATCGGA,1.0809861629859685,1.077051331754774,1.10178542137146,0.23413700203398624,0.24461463291663677,0.010477630882650524,0.024734089616685884,0.018297693121974934,0.002558368197196792
15000,13,4,ATATCGGA,1.0809861629859685,1.077051331754774,1.177901268005371,0.23413700203398624,0.24461463291663677,0.010477630882650524,0.10084993625059702,0.018297693121974934,0.002558368197196792
15000,14,6,CAATATAT,1.0211546999076246,1.0170506045506846,0.6620078682899475,0.07709452343427614,0.07619040424364754,-0.000904119190628605,-0.3550427362607371,0.03257531690009552,0.00795074475845503
15000,14,6,CAATATAT,1.0211546999076246,1.0170506045506846,1.0497735738754272,0.07709452343427614,0.07619040424364754,-0.000904119190628605,0.03272296932474261,0.03257531690009552,0.00795074475845503
15000,14,6,CAATATAT,1.0211546999076246,1.0170506045506846,1.0404479503631592,0.07709452343427614,0.07619040424364754,-0.000904119190628605,0.023397345812474546,0.03257531690009552,0.00795074475845503
15000,14,6,CGATCGAT,0.7127766061705197,0.7122889875760942,0.6053024530410767,-0.23128357030282876,-0.22857121273094294,0.002712357571885815,-0.1069865345350175,0.023743251135178944,0.02081753956862542
15000,15,4,TGATATCG,0.06687793319286461,0.03545635372089828,-0.11343693733215332,-0.37026957422440093,-0.3890152918659928,-0.018745717641591886,-0.1488932910530516,0.13371057484105453,0.008024256953189202
15000,15,4,CGATATCG,1.126426223324617,1.1263179772843919,1.1040387153625488,0.6892787159073515,0.7018463316975008,0.012567615790149311,-0.02227926192184304,0.005286978524149277,0.004853994363249292
15000,15,4,TGATATGG,-0.4961401111826207,-0.5164522949683792,-0.05119776725769043,-0.9332876185998862,-0.9409239405552703,-0.007636321955384107,0.46525452771068876,0.08497160450704389,0.0037228693640098953
15000,15,4,CGATATAG,1.0514259843342013,1.0525645463106534,1.017188310623169,0.6142784769169358,0.6280929007237623,0.013814423806826515,-0.03537623568748449,0.0040264526431808,0.008580700548988851
15000,16,3,CGATATCG,1.118087118500922,1.1191934271612098,1.026903748512268,0.0,0.0,0.0,-0.09228967864894178,0.003874093895276265,0.00719301987613985
15000,16,3,CGATATCG,1.118087118500922,1.1191934271612098,1.1458665132522583,0.0,0.0,0.0,0.02667308609104846,0.003874093895276265,0.00719301987613985
15000,16,3,CGATATCG,1.118087118500922,1.1191934271612098,1.206586241722107,0.0,0.0,0.0,0.08739281456089709,0.003874093895276265,0.00719301987613985
15000,16,3,CGATATCG,1.118087118500922,1.1191934271612098,1.2579206228256226,0.0,0.0,0.0,0.13872719566441272,0.003874093895276265,0.00719301987613985
15000,17,1,CAATATAT,0.20712602138519287,0.20712602138519287,0.20712602138519287,-0.29000985622406006,-0.29000985622406006,0.0,0.0,0.0,0.0
15000,17,1,CGATATAT,0.787145733833313,0.787145733833313,0.787145733833313,0.29000985622406006,0.29000985622406006,0.0,0.0,0.0,0.0
15000,17,1,CGATATAT,0.787145733833313,0.787145733833313,0.787145733833313,0.29000985622406006,0.29000985622406006,0.0,0.0,0.0,0.0
15000,17,1,CAATATAT,0.20712602138519287,0.20712602138519287,0.20712602138519287,-0.29000985622406006,-0.29000985622406006,0.0,0.0,0.0,0.0
15000,18,4,CGGGATCA,0.6436390094726245,0.6267111739968338,0.6529282927513123,-0.029930015427010792,-0.020897249711803623,0.00903276571520717,0.026217118754478408,0.06854829917948546,0.000836957276322714
15000,18,4,TGCGATCA,0.6237229531677283,0.6183322923995245,0.6852885484695435,-0.04984607173190703,-0.029276131309112996,0.02056994042279403,0.06695625607001898,0.028762848249027417,0.0072002051762121155
15000,18,4,TGTGATCA,0.8629150312076717,0.8159401764714862,0.7916708588600159,0.18934600630803633,0.16833175276284873,-0.0210142535451876,-0.02426931761147033,0.18864747220321387,0.0007480532584720478
15000,18,4,TGAGATCA,0.5639991057505167,0.5294500519667056,0.3464604616165161,-0.10956991914911862,-0.11815837174193189,-0.008588452592813267,-0.18298959035018947,0.13938541809767102,0.0011892029624265277
15000,19,6,CGATCGGC,0.33467999715680036,0.3050813829993751,0.3674427270889282,-0.3327895097192101,-0.35235801282868634,-0.01956850310947622,0.06236134408955313,0.18589425090304612,0.008302565958494768
15000,19,6,CGATATCA,0.8100536610587769,0.8083697852471632,0.7495205998420715,0.14258415418276638,0.15093038941910175,0.008346235236335375,-0.05884918540509165,0.024843624494414573,0.014740369624732352
15000,19,6,CGATATCC,0.7625721846442324,0.7581532075328538,0.923508882522583,0.0951026777682219,0.10071381170479232,0.005611133936570423,0.16535567498972925,0.0354676902976232,0.008953827629351707
15000,19,6,CGATATCC,0.7625721846442324,0.7581532075328538,0.8644314408302307,0.0951026777682219,0.10071381170479232,0.005611133936570423,0.10627823329737696,0.0354676902976232,0.008953827629351707
15000,20,3,AACTATAG,0.5544143878043468,0.5535660328136548,0.29629385471343994,-0.03497939024033114,-0.03470949880364882,0.0002698914366823235,-0.25727217810021485,0.008256896903155564,0.005711831931079381
15000,20,3,AACTATCG,0.6476890559460418,0.6468282867636946,0.36694180965423584,0.058295277901363796,0.05855275514639102,0.0002574772450272267,-0.2798864771094588,0.00802785008279372,0.005445542535752246
15000,20,3,AACTATCG,0.6476890559460418,0.6468282867636946,0.616873025894165,0.058295277901363796,0.05855275514639102,0.0002574772450272267,-0.0299552608695296,0.00802785008279372,0.005445542535752246
15000,20,3,AACTATAC,0.5077826124822816,0.5058795201281705,0.5805215239524841,-0.08161116556239634,-0.08239601148913311,-0.0007848459267367769,0.07464200382431363,0.0074277132831008785,0.0017184362207673942
15000,21,4,CTATCTCA,0.9348717666311628,0.9327475002743697,0.8327226638793945,0.07125173846329835,0.07167436061718035,0.00042262215388200186,-0.10002483639497517,0.012192633165565292,0.0036955677383927465
15000,21,4,CTATCTAT,1.0028707150259248,0.998634246939522,1.0022321939468384,0.1392506868580604,0.13756110728233262,-0.0016895795757277954,0.0035979470073164155,0.023671716552441602,0.006725844206830089
15000,21,4,CTATCTCG,0.7031128840383855,0.7037018981185008,0.5874708890914917,-0.16050714412947897,-0.15737124153868853,0.0031359025907904403,-0.11623100902700911,0.003189105294830963,0.005545161615292393
15000,21,4,CTATCTCC,0.8136247469759844,0.8092089132963645,0.9422190189361572,-0.049995281191880014,-0.05186422636082488,-0.0018689451689448688,0.13301010563979276,0.020759352966837508,0.0030960182483577015
15000,22,4,CAGTATAT,1.2329899989027708,1.2346148087720699,1.2413642406463623,0.1655674066785593,0.1801927583583165,0.014625351679757204,0.006749431874292444,0.0018754289822030534,0.008374668459398826
15000,22,4,CAGTATAT,1.2329899989027708,1.2346148087720699,1.2560575008392334,0.1655674066785593,0.1801927583583165,0.014625351679757204,0.021442692067163538,0.0018754289822030534,0.008374668459398826
15000,22,4,CAGTATAT,1.2329899989027708,1.2346148087720699,1.247337818145752,0.1655674066785593,0.1801927583583165,0.014625351679757204,0.012723009373682093,0.0018754289822030534,0.008374668459398826
15000,22,4,CAGTGTAT,0.5707203721885339,0.5138437753388041,0.7526907920837402,-0.49670222003567766,-0.5405782750749493,-0.04387605503927161,0.23884701674493614,0.23078285011678545,0.003276462717866302
15000,23,4,TACGCGCT,-0.9123586729209139,-1.0896486602723592,-1.7552838325500488,-1.5927733776616082,-1.725462706912367,-0.13268932925075871,-0.6656351722776896,0.7105558778972032,0.001395928491422005
15000,23,4,TTATCGCA,1.2113391639612303,1.2109682822774634,1.2092640399932861,0.530924459220536,0.5751542356374557,0.04422977641691972,-0.0017042422841773153,0.00865219418763119,0.007168667452563504
15000,23,4,TTATCGCA,1.2113391639612303,1.2109682822774634,1.2480366230010986,0.530924459220536,0.5751542356374557,0.04422977641691972,0.037068340723635185,0.00865219418763119,0.007168667452563504
15000,23,4,TTATCGCA,1.2113391639612303,1.2109682822774634,1.165666103363037,0.530924459220536,0.5751542356374557,0.04422977641691972,-0.04530217891442634,0.00865219418763119,0.007168667452563504
15000,24,7,CTATATCA,0.9601442495642785,0.9536424483128647,1.0724248886108398,0.13386956440475828,0.14154747413610635,0.007677909731348076,0.11878244029797513,0.0611679345153906,0.01565532575549433
15000,24,7,CTATCGTG,0.5407957440425752,0.51306064956018,0.7966476082801819,-0.28547894111694494,-0.2990343246165783,-0.013555383499633367,0.28358695872000184,0.21437923569435835,0.020233574317591874
15000,24,7,CTATATCG,0.8913418732396021,0.8906641366402146,0.7809707522392273,0.06506718808008194,0.07856916246345624,0.013501974383374304,-0.1096933844009873,0.02275496585538761,0.01801080965967472
15000,24,7,CTATCGTA,0.9128168737916249,0.8910126621937741,0.9948722720146179,0.08654218863210472,0.07891768801701571,-0.007624500615089014,0.10385960982084386,0.16059485526021033,0.007965374075254772
15000,25,4,CGGTATAT,1.0886269809607696,1.089774259424303,1.1645357608795166,0.1402401632542274,0.1435803729279238,0.003340209673696415,0.07476150145521365,0.004491913814107296,0.00908102766824026
15000,25,4,CAGTATAT,1.0033347642970143,1.0016211043306007,0.8458310961723328,0.054947946590472085,0.055427217834221554,0.0004792712437494684,-0.15579000815826793,0.010056638296856324,0.003201998431202391
15000,25,4,CAGTATAT,1.0033347642970143,1.0016211043306007,0.8969610333442688,0.054947946590472085,0.055427217834221554,0.0004792712437494684,-0.1046600709863319,0.010056638296856324,0.003201998431202391
15000,25,4,CGGTATAA,0.6982507612713706,0.691759077900012,0.5328848361968994,-0.25013605643517156,-0.25443480859636713,-0.004298752161195574,-0.1588742417031126,0.028657851712235782,0.002691118226801237
15000,26,2,CGATATGT,0.6433937355312649,0.6416782438755035,0.33326828479766846,-0.0634955713100942,-0.06355846184305847,-6.289053296426594e-05,-0.3084099590778351,0.00888586083340348,0.0054548775218807855
15000,26,2,CGATATGC,0.8973760207716417,0.8959120912477374,0.7094863653182983,0.1904867139302826,0.1906753855291754,0.00018867159889279783,-0.18642572592943907,0.003343464732911805,0.0004156056851032375
15000,26,2,CGATATGT,0.6433937355312649,0.6416782438755035,0.8949782848358154,-0.0634955713100942,-0.06355846184305847,-6.289053296426594e-05,0.2533000409603119,0.00888586083340348,0.0054548775218807855
15000,26,2,CGATATGT,0.6433937355312649,0.6416782438755035,0.823438286781311,-0.0634955713100942,-0.06355846184305847,-6.289053296426594e-05,0.1817600429058075,0.00888586083340348,0.0054548775218807855
15000,27,4,TTATCTTA,-0.1680179939844748,-0.18605628299216415,0.2176504135131836,-0.31790140246178045,-0.3127749748722029,0.005126427589577542,0.40370669650534774,0.0773981240214443,0.005244967990686966
15000,27,4,ATATCTCA,-0.1435069786913572,-0.18164757980654622,-0.5977863073348999,-0.29339038716866284,-0.308366271686585,-0.014975884517922144,-0.4161387275283537,0.15653755359383492,0.003975149133078837
15000,27,4,ATATCGTA,0.7885703085868241,0.7673668092271939,0.594977855682373,0.6386869001095185,0.6406481173471552,0.0019612172376367587,-0.17238895354482087,0.08872784358667829,0.003913846148157596
15000,27,4,CGATCTGA,0.12248829799823047,0.10721182109167149,-0.14296317100524902,-0.02739511047907517,-0.01950687078836727,0.007888239690707899,-0.2501749920969205,0.06269947160755152,0.0015935639813156044
15000,28,2,CTATCCAT,0.20068828879844736,0.17814719676971436,0.18153107166290283,0.11450868793371644,0.11031604930758482,-0.004192638626131617,0.0033838748931884766,0.04518269920654383,0.00010051514907782888
15000,28,2,CTATCCCA,0.36638198665245625,0.34047049283981323,0.4320393204689026,0.2802023857877253,0.2726393453776837,-0.007563040410041633,0.09156882762908936,0.05187059261932081,4.76049940347778e-05
15000,28,2,CTATCCAT,0.20068828879844736,0.17814719676971436,0.4881235957145691,0.11450868793371644,0.11031604930758482,-0.004192638626131617,0.30997639894485474,0.04518269920654383,0.00010051514907782888
15000,28,2,CTATCCGT,-0.4230401607904273,-0.4254402965307238,-0.35072028636932373,-0.5092197616551581,-0.49327144399285333,0.015948317662304812,0.07472001016140006,0.004811795546036279,1.1524065443246911e-05
15000,29,5,CGATATAT,1.1519817291341685,1.1525175055566552,1.1431076526641846,0.0,0.0,0.0,-0.00940985289247065,0.006761776347410153,0.009440658459843654
15000,29,5,CGATATAT,1.1519817291341685,1.1525175055566552,1.129885196685791,0.0,0.0,0.0,-0.022632308870864204,0.006761776347410153,0.009440658459843654
15000,29,5,CGATATAT,1.1519817291341685,1.1525175055566552,1.1586198806762695,0.0,0.0,0.0,0.006102375119614312,0.006761776347410153,0.009440658459843654
15000,29,5,CGATATAT,1.1519817291341685,1.1525175055566552,1.2484766244888306,0.0,0.0,0.0,0.09595911893217535,0.006761776347410153,0.009440658459843654
15000,30,3,ACATATAG,-0.14719515791916424,-0.15100758108827783,0.1050570011138916,-0.5861147142187709,-0.5792371336784625,0.006877580540308403,0.25606458220216943,0.013326363364648763,0.0018890938573079552
15000,30,3,ATATCGAG,1.0840777742146332,1.0831476466523275,1.0644437074661255,0.6451582179150266,0.6549180940621429,0.009759876147116264,-0.018703939186202057,0.0032651610951139887,0.00047477840819709627
15000,30,3,AAATCTAG,-0.2652821653116755,-0.3023695018556385,0.19138026237487793,-0.7042017216112821,-0.7305990544458232,-0.026397332834541043,0.4937497642305164,0.11212638549683263,0.0008643758649435895
15000,30,3,ATATCGAG,1.0840777742146332,1.0831476466523275,1.0040123462677002,0.6451582179150266,0.6549180940621429,0.009759876147116264,-0.07913530038462735,0.0032651610951139887,0.00047477840819709627
15000,31,5,CTATCCAT,0.8870475907013697,0.8416086122144522,0.7362319827079773,-0.15582587285110017,-0.18654163607746677,-0.0307157632263666,-0.10537662950647486,0.23697679672437477,0.009781904289787313
15000,31,5,CGATACAT,1.1512567849093491,1.1495353187830184,1.1265559196472168,0.10838332135687923,0.12138507049109948,0.013001749134220253,-0.022979399135801604,0.02753998536836355,0.018932654736710575
15000,31,5,CGATACAT,1.1512567849093491,1.1495353187830184,1.0924752950668335,0.10838332135687923,0.12138507049109948,0.013001749134220253,-0.057060023716184904,0.02753998536836355,0.018932654736710575
15000,31,5,CGATCCAT,0.9819326936898115,0.9719217433871862,0.9408972859382629,-0.060940769862658395,-0.056228504904732746,0.004712264957925649,-0.031024457448923237,0.07778870041579333,0.027733948902666228
20000,0,2,CGATATAT,1.1767635072389022,1.1764223892241716,1.176422357559204,0.47312356371464404,0.4774768380448222,0.004353274330178181,-3.166496753692627e-08,0.0009554114484344733,0.00027317541897309283
20000,0,2,CGATACAT,-0.024631885295933298,-0.03331315517425537,-0.17752432823181152,-0.7282718288201915,-0.7322587063536048,-0.003986877533413313,-0.14421117305755615,0.019002937617013327,0.0016403978603691804
20000,0,2,CGATATCT,0.48566464491516137,0.4762505814433098,0.6028351783752441,-0.2179752986090968,-0.22269496973603964,-0.004719671126942826,0.12658459693193436,0.018891295145320175,6.31682016170032e-05
20000,0,2,CGATATAT,1.1767635072389022,1.1764223892241716,1.176422357559204,0.47312356371464404,0.4774768380448222,0.004353274330178181,-3.166496753692627e-08,0.0009554114484344733,0.00027317541897309283
20000,1,2,CGATATAT,1.3929306975292028,1.3933863737620413,1.4777075052261353,0.307539598856452,0.3076687982538715,0.00012919939741951048,0.08432113146409392,1.4312368800339925e-05,0.0009256648344773133
20000,1,2,CGATATAT,1.3929306975292028,1.3933863737620413,1.3416378498077393,0.307539598856452,0.3076687982538715,0.00012919939741951048,-0.05174852395430207,1.4312368800339925e-05,0.0009256648344773133
20000,1,2,CGATATAT,1.3929306975292028,1.3933863737620413,1.360813856124878,0.307539598856452,0.3076687982538715,0.00012919939741951048,-0.0325725176371634,1.4312368800339925e-05,0.0009256648344773133
20000,1,2,CGGTATAT,0.16277230210339555,0.16271118074655533,0.1627112627029419,-0.9226187965693553,-0.9230063947616145,-0.00038759819225919756,8.195638656616211e-08,0.0004376468848041881,0.0003154041711237454
20000,2,3,CGAGATCA,-0.5075715999044811,-0.537632111046049,-0.9094884395599365,-0.5247574191063373,-0.544913677149452,-0.020156258043114716,-0.3718563285138875,0.09528481654813525,0.005103283123431446
20000,2,3,CGGAATCA,-1.217622394093538,-1.2281626810630162,-1.7340434789657593,-1.2348082132953944,-1.235444247166419,-0.0006360338710247326,-0.5058807979027431,0.033434297360483534,0.001813436452049011
20000,2,3,CGGTATCA,0.7982347543957357,0.7982565338412918,0.9842157363891602,0.7810489351938794,0.7909749677378888,0.009926032544009367,0.18595920254786835,0.004602342063995124,0.004667680400663343
20000,2,3,CGATATCA,0.9957025164097083,0.9966645226813853,1.124504804611206,0.9785166972078521,0.9893829565779823,0.010866259370130193,0.12784028192982078,0.0010793299685354363,0.003965348783566469
20000,3,4,CTATTACT,-0.2969114799261894,-0.31421238445909694,0.11677694320678711,-0.8611646361173235,-0.8739372583028551,-0.012772622185531546,0.43098932766588405,0.10839998614870527,0.039196368017075045
20000,3,4,CTATCACC,0.7380257233194077,0.7354648005178512,0.9480602741241455,0.1737725671282736,0.1757399266740931,0.0019673595458195026,0.21259547360629427,0.014736621173426112,0.004492929967200077
20000,3,4,ATATCACA,0.9079491906856592,0.9088235396581392,0.8223575353622437,0.343696034494525,0.3490986658143811,0.005402631319856077,-0.08646600429589557,0.007142075245854862,0.010639471135775125
20000,3,4,ATATCACA,0.9079491906856592,0.9088235396581392,0.884901762008667,0.343696034494525,0.3490986658143811,0.005402631319856077,-0.02392177764947223,0.007142075245854862,0.010639471135775125
20000,4,5,CAATCTAT,0.53215203868915,0.5064165038863813,0.557733416557312,-0.08248635174993701,-0.09554656220153745,-0.01306021045160044,0.05131691267093075,0.14418994212228853,0.015512268108444971
20000,4,5,CGATATAG,0.8492088354734009,0.8471203308304144,0.9230979681015015,0.2345704450343139,0.24515726474249566,0.01058681970818176,0.07597763727108708,0.016773892414929215,0.006331369199997106
20000,4,5,CTATATAT,0.6979443352689605,0.6847942480693252,0.14408957958221436,0.08330594482987352,0.08283118198140649,-0.0004747628484670363,-0.5407046684871109,0.07298693616734475,0.007236500169168103
20000,4,5,CGGTATAG,0.379248352324837,0.369521181565554,0.09439051151275635,-0.23539003811424997,-0.2324418845223647,0.002948153591885272,-0.2751306700527977,0.05394555645237009,0.005309702655955206
20000,5,4,TTATACTC,0.045136014989997975,0.036058875048183836,0.5327508449554443,-0.45477305475071894,-0.45456422568410454,0.00020882906661440215,0.4966919699072605,0.048655407649658144,0.01234684788240159
20000,5,4,ATATAGAC,-0.0025450927266099654,-0.026580630335956812,-0.35426652431488037,-0.5024541624673269,-0.5172037310682451,-0.01474956860091825,-0.32768589397892356,0.10409005228804968,0.007947901850662298
20000,5,4,CTATATAC,0.8634423200764612,0.8598135376426705,0.9772471189498901,0.36353325033574424,0.36919043691038217,0.005657186574637929,0.11743358130721959,0.019984999145756355,0.005469869410593908
20000,5,4,CTATATCC,1.0936030366230185,1.093200620574256,1.0757006406784058,0.5936939668823016,0.6025775198419676,0.00888355295966603,-0.01749997989585017,0.00542036969693005,0.0038107055018796743
20000,6,5,CGATATAG,1.0407855832340267,1.0400810635555529,0.9208298921585083,0.19599854948021633,0.20454136708814397,0.008542817607927633,-0.11925117139704455,0.0061092788153434,0.0025866804229739415
20000,6,5,CTATATCG,0.7279158123013318,0.7061401341964171,0.9362172484397888,-0.11687122145247852,-0.1293995622709918,-0.012528340818513284,0.23007711424337174,0.11327069669649203,0.004392306171918214
20000,6,5,CGATATGG,0.5696611562458564,0.5558565245621132,0.35053491592407227,-0.2751258775079539,-0.2796831719052957,-0.00455729439734176,-0.20532160863804094,0.07852387075271938,0.009500712334003403
20000,6,5,CGATATAG,1.0407855832340267,1.0400810635555529,1.3130643367767334,0.19599854948021633,0.20454136708814397,0.008542817607927633,0.27298327322118054,0.0061092788153434,0.0025866804229739415
20000,7,4,CGATATCA,0.8125581796410615,0.8114982962918782,0.9188262224197388,-0.15972242214330656,-0.16150053282035515,-0.0017781106770485833,0.10732792612786057,0.007778527460477136,0.0035389940637440276
20000,7,4,CGATATCT,0.9645713699482779,0.965921620372683,0.9385247230529785,-0.00770923183609018,-0.007077208739550311,0.0006320230965398688,-0.027396897319704516,0.008585018342425199,0.013986020040046121
20000,7,4,CGATATCG,1.0559964287740664,1.057287699892186,1.0534412860870361,0.08371582698969837,0.08428887077995273,0.0005730437902543573,-0.0038464138051499397,0.0028393470198457837,0.008004431492324215
20000,7,4,CGATATCG,1.0559964287740664,1.057287699892186,1.161065697669983,0.08371582698969837,0.08428887077995273,0.0005730437902543573,0.10377799777779684,0.0028393470198457837,0.008004431492324215
20000,8,4,CGATATCC,0.4521032296139368,0.44346308584014604,0.23115622997283936,-0.13421477096409384,-0.13322114304173738,0.000993627922356466,-0.2123068558673067,0.03808204859224995,0.00352147349708698
20000,8,4,CTATATCA,0.5549437586333922,0.552008915692568,0.782444179058075,-0.03137424194463845,-0.024675313189315373,0.006698928755323075,0.2304352633655069,0.014786661025580461,0.0030472892622839254
20000,8,4,CGATATAT,1.0368625282939912,1.0370578615305328,1.0019595623016357,0.45054452771596054,0.4603736326486494,0.009829104932688848,-0.03509829922889707,0.005108082502288225,0.005889415448455004
20000,8,4,CGATATTG,0.3013624857708024,0.27420705246428656,0.1115652322769165,-0.28495551480722825,-0.30247717641759686,-0.01752166161036861,-0.16264182018737006,0.11714761528632511,0.008525882060261836
20000,9,8,CAATCTCC,0.23002166376532696,0.20246831803002951,0.2473154067993164,-0.22814392402089,-0.23516507356061017,-0.007021149539720162,0.04484708876928689,0.2303154632455513,0.009888697363171772
20000,9,8,CTATCTAC,0.48770887990291767,0.4682884262680478,0.5058553218841553,0.029543292116700703,0.0306550346774081,0.001111742560707396,0.03756689561610749,0.17232216670491773,0.01695853762595867
20000,9,8,CGGTATCG,0.8341477775760722,0.8196308551332463,0.705455482006073,0.3759821897898552,0.3819974635426066,0.006015273752751404,-0.1141753731271733,0.1468876840433193,0.030752304500712313
20000,9,8,TAATATCG,0.28078402990055107,0.26014596693123515,0.38872742652893066,-0.1773815578856659,-0.17748742465940454,-0.00010586677373863873,0.1285814595976955,0.19363923682658424,0.028534733072056895
20000,10,4,CGATATCT,0.6961110738637005,0.6936329877935354,0.5731537342071533,0.1356501689769164,0.138760273034374,0.0031101040574575967,-0.12047925358638212,0.015785128786518055,0.005872784505857709
20000,10,4,CGATATAC,0.5215361927291622,0.515978817051898,0.20622825622558594,-0.038924712157621943,-0.03889389770726348,3.0814450358462864e-05,-0.309750560826312,0.023073377823934038,0.0008438751148771573
20000,10,4,CAGTATCT,-0.008056104604131198,-0.022666386018196594,-0.2494640350341797,-0.5685170094909153,-0.577539100777358,-0.009022091286442713,-0.2267976490159831,0.062508708263592,0.004067582607330422
20000,10,4,CGATATAT,1.0322524575584047,1.032545440209409,1.028327226638794,0.47179155267162054,0.4776727254502475,0.005881172778626986,-0.004218213570615026,0.0038103384474255098,0.0049822690514425005
20000,11,1,CGATATCG,0.9637057185173035,0.9637057185173035,0.9637057781219482,0.17906440794467926,0.17906440794467926,0.0,5.960464477539063e-08,0.0,0.0
20000,11,1,CGGTATCG,0.24744808673858643,0.24744808673858643,0.24744820594787598,-0.5371932238340378,-0.5371932238340378,0.0,1.1920928955078125e-07,0.0,0.0
20000,11,1,CGATATCG,0.9637057185173035,0.9637057185173035,0.9637057781219482,0.17906440794467926,0.17906440794467926,0.0,5.960464477539063e-08,0.0,0.0
20000,11,1,CGATATCG,0.9637057185173035,0.9637057185173035,0.9637057781219482,0.17906440794467926,0.17906440794467926,0.0,5.960464477539063e-08,0.0,0.0
20000,12,3,CGATATCA,0.6335297252939219,0.6331953985823526,0.8378777503967285,-0.06103502201925792,-0.06124849477782823,-0.00021347275857031,0.20468235181437588,0.0034883335509223734,0.0024853534162145863
20000,12,3,CGATATCG,0.8999901962054434,0.9005517220745479,0.9551976919174194,0.20542544889226355,0.20610782871436706,0.0006823798221035071,0.05464596984287151,0.004782642579834739,0.006467220187148293
20000,12,3,CGATATCA,0.6335297252939219,0.6331953985823526,0.46520519256591797,-0.06103502201925792,-0.06124849477782823,-0.00021347275857031,-0.16799020601643466,0.0034883335509223734,0.0024853534162145863
20000,12,3,CTATATCA,0.611209342459432,0.6108330542014704,0.626278281211853,-0.08335540485374782,-0.08361083915871048,-0.00025543430496266506,0.015445227010382645,0.003726001426224812,0.0025971366523398487
20000,13,4,CGATATTG,1.197256493125775,1.1951378822401848,1.245982050895691,0.3207596366009081,0.333213294079845,0.012453657478936897,0.05084416865550612,0.011162544719607426,0.0026881011772470487
20000,13,4,CGATATTG,1.197256493125775,1.1951378822401848,1.1261154413223267,0.3207596366009081,0.333213294079845,0.012453657478936897,-0.06902244091785814,0.011162544719607426,0.0026881011772470487
20000,13,4,CAGTATTG,0.5723125619986492,0.522064398983882,0.5974064469337463,-0.30418429452621765,-0.33986018917645777,-0.035675894650240125,0.07534204794986432,0.20320146416496376,0.002208812105894964
20000,13,4,CTATCTTG,0.5391618778492685,0.5353581891771078,0.6824123859405518,-0.33733497867559836,-0.32656639898323203,0.010768579692366331,0.147054196763444,0.016106547538546234,0.0008917928499032612
20000,14,2,CGATATCA,0.4935500868311673,0.49415368866175413,0.4941537380218506,-0.36261096307129126,-0.3641756037250161,-0.001564640653724858,4.936009645462036e-08,1.2983440753622233e-06,0.0012085020052490236
20000,14,2,CGATATCT,0.7771042131239421,0.7812278745695951,0.7812278270721436,-0.07905683677851649,-0.07710141781717517,0.0019554189613413264,-4.749745152743401e-08,0.004788156240846497,0.013035479132152528
20000,14,2,CGATATCG,1.0769949498273625,1.078967803157866,1.0789676904678345,0.220833899924904,0.22063851077109575,-0.00019538915380823418,-1.126900315284729e-07,0.0005297031158468801,0.004475409776853567
20000,14,2,CGATATCG,1.0769949498273625,1.078967803157866,0.9799858927726746,0.220833899924904,0.22063851077109575,-0.00019538915380823418,-0.09898191038519144,0.0005297031158468801,0.004475409776853567
20000,15,5,CTATCGCC,0.7932058612316599,0.7867862742250622,0.8908510208129883,-0.10108076779767194,-0.09928744594377392,0.0017933218538980222,0.10406474658792608,0.03878004588454864,0.006682110851560452
20000,15,5,CTATCTCT,0.666102778816408,0.6539837792397393,0.880146861076355,-0.22818385021292387,-0.23208994092909685,-0.003906090716172983,0.2261630818366157,0.07074396861268628,0.010148970729342288
20000,15,5,CTATCGCA,1.0589189380346298,1.0517624136052715,1.0507996082305908,0.1646323090052979,0.16568869343643533,0.0010563844311374249,-0.0009628053746806309,0.04576727748151721,0.009984655334725367
20000,15,5,CTATCGCA,1.0589189380346298,1.0517624136052715,1.1596006155014038,0.1646323090052979,0.16568869343643533,0.0010563844311374249,0.10783820189613236,0.04576727748151721,0.009984655334725367
20000,16,2,CGATATAT,1.1660197680714681,1.1670355373062193,1.084343433380127,0.0,0.0,0.0,-0.08269210392609239,0.00011436825294142139,0.0021459067224438577
20000,16,2,CGATATAT,1.1660197680714681,1.1670355373062193,1.3602200746536255,0.0,0.0,0.0,0.19318453734740615,0.00011436825294142139,0.0021459067224438577
20000,16,2,CGATATAT,1.1660197680714681,1.1670355373062193,1.167035698890686,0.0,0.0,0.0,1.6158446669578552e-07,0.00011436825294142139,0.0021459067224438577
20000,16,2,CGATATAT,1.1660197680714681,1.1670355373062193,1.2497279644012451,0.0,0.0,0.0,0.08269242709502578,0.00011436825294142139,0.0021459067224438577
20000,17,3,CGATATTT,1.1887112414677434,1.1842384365283782,1.2865608930587769,0.30265255879365427,0.3216252594360819,0.01897270064242762,0.10232245653039862,0.013705011263986489,0.0002865964458909076
20000,17,3,CGGTATTT,0.6443944219440808,0.6237205750464153,0.5746973156929016,-0.24166426073000835,-0.23889260204588103,0.0027716586841273205,-0.049023259353513704,0.06380341734263517,0.0017818766496384697
20000,17,3,CGATACTT,0.8555645336422663,0.821246848397196,1.07009756565094,-0.030494149031822904,-0.041366328695100374,-0.01087217966327747,0.24885071725374397,0.10380562590886178,0.0008525701736505908
20000,17,3,CGATACTT,0.8555645336422663,0.821246848397196,1.0126549005508423,-0.030494149031822904,-0.041366328695100374,-0.01087217966327747,0.1914080521536463,0.10380562590886178,0.0008525701736505908
20000,18,4,ATATCCTC,0.34884409076183354,0.3381834893176954,0.10445690155029297,-0.2531154133687683,-0.2533629345319546,-0.0002475211631862706,-0.2337265877674024,0.04718581403444144,0.0045434082578887924
20000,18,4,ATATCCCA,0.49310330153470594,0.46804152708500646,0.5867074728012085,-0.1088562025958959,-0.12350489676464349,-0.014648694168747589,0.11866594571620204,0.1035708015193979,0.0033237037205999798
20000,18,4,ATATCGTC,0.6193689341343156,0.6154926726594572,0.6323598027229309,0.017409430003713755,0.023946248809807225,0.0065368188060934695,0.016867130063473734,0.026899914325578145,0.011394868426144455
20000,18,4,ATATCGTA,0.9465216900915523,0.944468006336441,0.98014897108078,0.34456218596095045,0.35292158248679106,0.008359396525840612,0.03568096474433902,0.012653761686050702,0.004439026665605361
20000,19,2,TGATACCC,0.8773783708667311,0.8762463554739952,0.8762463331222534,0.17636905679218395,0.17620189674198627,-0.00016716005019767888,-2.2351741790771484e-08,0.0023087559245545952,4.472513908293507e-05
20000,19,2,CGATCCCC,0.17190214369799528,0.1714387685060501,0.07155895233154297,-0.5291071703765519,-0.5286056902259588,0.0005014801505930366,-0.09987981617450714,0.0009386721386004382,1.1921754710098043e-05
20000,19,2,TGATACCC,0.8773783708667311,0.8762463554739952,0.7758439779281616,0.17636905679218395,0.17620189674198627,-0.00016716005019767888,-0.10040237754583359,0.0023087559245545952,4.472513908293507e-05
20000,19,2,TGATACCC,0.8773783708667311,0.8762463554739952,0.8782348036766052,0.17636905679218395,0.17620189674198627,-0.00016716005019767888,0.001988448202610016,0.0023087559245545952,4.472513908293507e-05
20000,20,3,CTATCGGA,1.2886481143078874,1.2868733635550595,1.2335007190704346,0.4873951114852547,0.49081374627025454,0.003418634784999819,-0.053372644484624976,0.0064309000858781,0.001106647827394447
20000,20,3,CGATAGGA,0.4531999275146408,0.4506064769084334,0.6615753173828125,-0.3480530753079919,-0.3454531403763716,0.002599934931620307,0.21096884047437908,0.012584439570851647,0.004804087752229513
20000,20,3,CTATCGGA,1.2886481143078874,1.2868733635550595,1.2937381267547607,0.4873951114852547,0.49081374627025454,0.003418634784999819,0.006864763199701196,0.0064309000858781,0.001106647827394447
20000,20,3,CTATAGGA,0.174515855160115,0.15988526512066725,0.058103084564208984,-0.6267371476625176,-0.6361743521641378,-0.009437204501620111,-0.10178218055645827,0.04661251536583988,0.0027207452474966587
20000,21,2,GGTTATTC,0.7385482289307179,0.739360973238945,0.6772792935371399,0.1899502762527705,0.19035591557621956,0.0004056393234490585,-0.062081679701805115,6.37857450014323e-06,0.001631867190954317
20000,21,2,GGTTATTC,0.7385482289307179,0.739360973238945,0.6772792935371399,0.1899502762527705,0.19035591557621956,0.0004056393234490585,-0.062081679701805115,6.37857450014323e-06,0.001631867190954317
20000,21,2,GTTTATTC,0.3586476764251769,0.3586491420865059,0.35864925384521484,-0.1899502762527705,-0.19035591557621956,-0.0004056393234490585,1.1175870895385742e-07,0.00014297482305414277,0.0001459061457120825
20000,21,2,GTTTATTC,0.3586476764251769,0.3586491420865059,0.14688563346862793,-0.1899502762527705,-0.19035591557621956,-0.0004056393234490585,-0.21176350861787796,0.00014297482305414277,0.0001459061457120825
20000,22,3,CGATATCG,1.201059690929663,1.2008036359523733,1.2583470344543457,0.07682518312312259,0.07718828149437407,0.00036309837125148015,0.05754339850197243,0.0013964011417132438,0.0006282362098444239
20000,22,3,CGGTATCG,0.8937589584371732,0.8920505099748777,0.914730429649353,-0.2304755493693671,-0.23156484448312153,-0.0010892951137544404,0.022679919674475357,0.007068609824755212,0.0019432644378687414
20000,22,3,CGATATCG,1.201059690929663,1.2008036359523733,1.133245587348938,0.07682518312312259,0.07718828149437407,0.00036309837125148015,-0.06755804860343528,0.0013964011417132438,0.0006282362098444239
20000,22,3,CGATATCG,1.201059690929663,1.2008036359523733,1.1460859775543213,0.07682518312312259,0.07718828149437407,0.00036309837125148015,-0.05471765839805198,0.0013964011417132438,0.0006282362098444239
20000,23,6,CGGTATTT,0.13992431815934214,0.11360737088285067,-0.11247372627258301,-0.5211202199644853,-0.5353305838947966,-0.014210363930311276,-0.22608109715543367,0.1763962110879227,0.01849452742897384
20000,23,6,CGATATAT,1.149284527382533,1.1500801939413772,1.1809897422790527,0.4882399892587055,0.5011422391637299,0.012902249905024421,0.030909548337675563,0.007203006112868504,0.011977005465933388
20000,23,6,CGCTATCC,0.20568477957090195,0.18198406034498404,0.3654278516769409,-0.45535975855292554,-0.4669538944326632,-0.011594135879737677,0.18344379133195687,0.17020896159219756,0.02800464623669008
20000,23,6,CGATATAT,1.149284527382533,1.1500801939413772,1.1751554012298584,0.4882399892587055,0.5011422391637299,0.012902249905024421,0.025075207288481227,0.007203006112868504,0.011977005465933388
20000,24,4,CGATCTGC,0.615365406560704,0.5968969364251586,-0.030997157096862793,-0.15395403449660439,-0.1591448625596663,-0.005190828063061925,-0.6278940935220214,0.07990787150769085,0.006033990965509162
20000,24,4,CTATCTCC,0.8755760638713018,0.8617555190721762,0.7295244932174683,0.1062566228139934,0.10571372008735125,-0.0005429027266421471,-0.13223102585470792,0.05798396210655321,0.002701782910050632
20000,24,4,CGATCTAC,0.7107602299259261,0.703759221369789,0.8759932518005371,-0.058559211131382294,-0.05228257761503596,0.0062766335163463305,0.17223403043074814,0.028980329852068998,0.0009762956275203294
20000,24,4,CTATCTCC,0.8755760638713018,0.8617555190721762,0.7929333448410034,0.1062566228139934,0.10571372008735125,-0.0005429027266421471,-0.06882217423117276,0.05798396210655321,0.002701782910050632
20000,25,5,TAATATAT,0.6761571112394573,0.6712526922921335,0.8175869584083557,0.002199517193166356,0.0007676570334782529,-0.001431860159688103,0.14633426611622224,0.03149665485251463,0.006974560115895478
20000,25,5,TGATATCA,0.607825583964544,0.6099838415036594,0.5697491765022278,-0.06613201008174696,-0.06050119375499585,0.005630816326751109,-0.04023466500143158,0.004557264399337235,0.015348552094914147
20000,25,5,TGATATTA,0.6115654562250054,0.5974991474424793,0.6138051748275757,-0.06239213782128561,-0.07298588781617588,-0.010593749994890267,0.016306027385096344,0.07960479997436032,0.00927325606173035
20000,25,5,TGATATCG,0.8002822247561567,0.8032044597963488,0.7758329510688782,0.12632463070986577,0.1327194245376936,0.006394793827827816,-0.027371508727470628,0.018280269657472203,0.032891444858432095
20000,26,6,GTATTTCC,0.41409466153407753,0.40604072152119447,0.36783695220947266,0.06901229019316707,0.07670434706896101,0.00769205687579394,-0.038203769311721814,0.05225174211826644,0.003928102040967829
20000,26,6,GGATTCTT,0.5543294301359722,0.5359602590194997,0.7620353698730469,0.20924705879506178,0.20662388456726627,-0.0026231742277955106,0.22607511085354715,0.11749915295393087,0.007284126255095558
20000,26,6,GGATTATG,0.4215635932625312,0.41115649605376764,0.14351904392242432,0.07648122192162071,0.08182012160153418,0.005338899679913467,-0.2676374521313433,0.06896994757701336,0.006527364324432128
20000,26,6,GATATGAT,-0.009658199568939096,-0.035811978785528,0.048393845558166504,-0.35474057090984956,-0.36514835323776146,-0.010407782327911896,0.0842058243436945,0.15906776523468658,0.002145089935153166
20000,27,4,CAATATCT,0.474715713581935,0.4719895662468241,0.7454667091369629,-0.35195478485636567,-0.3534334644064073,-0.0014786795500416616,0.2734771428901388,0.01483508501625197,0.0039304956758083875
20000,27,4,CGATATCG,0.9797463832462534,0.9803971388222033,0.9059889316558838,0.15307588480795276,0.15497410816897184,0.0018982233610190802,-0.07440820716631946,0.005470638989050869,0.008073661292850254
20000,27,4,CGATATCT,0.926109948462507,0.9246527087719492,1.1029317378997803,0.0994394500242064,0.09922967811871775,-0.00020977190548865376,0.1782790291278311,0.016782099662699723,0.01095314090046795
20000,27,4,CGATATCT,0.926109948462507,0.9246527087719492,0.4907892942428589,0.0994394500242064,0.09922967811871775,-0.00020977190548865376,-0.4338634145290903,0.016782099662699723,0.01095314090046795
20000,28,3,ATATCCCT,0.5881484563373922,0.5782200482855034,0.11608505249023438,-0.4182081522250356,-0.4241883684881028,-0.005980216263067217,-0.46213499579526907,0.0321821567015701,0.002396932545903674
20000,28,3,CTATCGCT,1.145759325970773,1.143804539602974,1.276747703552246,0.1394027174083452,0.14139612282936764,0.0019934054210224428,0.1329431639492722,0.01670802338524291,0.01084366428184591
20000,28,3,CTATCGCT,1.145759325970773,1.143804539602974,1.0760188102722168,0.1394027174083452,0.14139612282936764,0.0019934054210224428,-0.0677857293307571,0.01670802338524291,0.01084366428184591
20000,28,3,CTATCGCT,1.145759325970773,1.143804539602974,1.121300458908081,0.1394027174083452,0.14139612282936764,0.0019934054210224428,-0.022504080694892847,0.01670802338524291,0.01084366428184591
20000,29,4,CTGTATCA,1.1115174791239781,1.1110605655703698,1.0785503387451172,0.2846992425089603,0.2858140924921222,0.001114849983161914,-0.03251022682525262,0.003911010387111724,0.002083356172678741
20000,29,4,CTGTATCA,1.1115174791239781,1.1110605655703698,1.0807609558105469,0.2846992425089603,0.2858140924921222,0.001114849983161914,-0.030299609759822932,0.003911010387111724,0.002083356172678741
20000,29,4,GTGTATCA,0.6119317758431158,0.6084192867662452,0.4904745817184448,-0.2148864607719021,-0.21682718631200237,-0.0019407255401002743,-0.11794470504780041,0.01587615020873301,0.0018261939012509387
20000,29,4,GTGTATCG,0.47230621236899917,0.47044547440600604,0.7074397802352905,-0.3545120242460187,-0.3548009986722416,-0.0002889744262228877,0.2369943058292845,0.011850980678863365,0.004408028826890842
20000,30,6,CTATATAA,0.7992469709180477,0.7963607097005777,0.7111462950706482,-0.0002998450891755766,0.009907801845732589,0.010207646934908166,-0.08521441462992951,0.022082890181842174,0.004765322877021916
20000,30,6,CTATCCAT,0.7845077625717579,0.7553966661366447,0.49557650089263916,-0.01503905343546541,-0.031056241718200428,-0.016017188282735018,-0.25982016524400553,0.19196532739332106,0.017298748782641482
20000,30,6,CTATATAT,1.113713874600264,1.1137089112682987,0.9245889186859131,0.3141670585930406,0.3272560034134536,0.013088944820413007,-0.18911999258238565,0.010553344018366051,0.01052356402657395
20000,30,6,CTATTGAT,0.5007186559388236,0.4803453443138593,0.6004442572593689,-0.29882816006839974,-0.30610756354098584,-0.007279403472586099,0.12009891294550962,0.14031043107664232,0.018070561326856804
20000,31,2,CGATATGC,1.13120321395783,1.1311857209075242,1.19553542137146,0.0,0.0,0.0,0.06434970046393573,3.9408176768951364e-05,4.422076157251098e-06
20000,31,2,CGATATGC,1.13120321395783,1.1311857209075242,1.1311856508255005,0.0,0.0,0.0,-7.008202373981476e-08,3.9408176768951364e-05,4.422076157251098e-06
20000,31,2,CGATATGC,1.13120321395783,1.1311857209075242,1.0806879997253418,0.0,0.0,0.0,-0.05049772118218243,3.9408176768951364e-05,4.422076157251098e-06
20000,31,2,CGATATGC,1.13120321395783,1.1311857209075242,1.0806879997253418,0.0,0.0,0.0,-0.05049772118218243,3.9408176768951364e-05,4.422076157251098e-06
22500,0,7,CTATCCCA,0.841634042440342,0.8140280596658963,0.4842427372932434,0.048029533647459655,0.045405219242629746,-0.0026243144048299083,-0.3297853223726529,0.20626879133531073,0.013026911914190364
22500,0,7,CGATACTT,0.7271479887548151,0.7052289098688844,0.8702377080917358,-0.06645652003806723,-0.06339393055438214,0.0030625894836850964,0.16500879822285142,0.19976924085103676,0.04633568864952231
22500,0,7,ATATCCCA,0.8223746705696602,0.7935267660708885,0.6020704507827759,0.028770161776777825,0.024903925647621894,-0.003866236129155931,-0.19145631528811258,0.22495042501621043,0.02301509352480835
22500,0,7,TTATCCCA,0.7832613334067119,0.7617076260873971,0.8507198095321655,-0.010343175386170467,-0.006915214335869502,0.003427961050300965,0.08901218344476847,0.17507346939230484,0.02419751815710036
22500,1,5,CTATAGCT,0.3900592934500612,0.37233306878750805,0.15543675422668457,-0.4007571148518293,-0.41397936579160144,-0.01322225093977214,-0.21689631456082348,0.0998309216913178,0.011199798378552117
22500,1,5,CTATATCT,0.8691387660951625,0.8685872663852441,0.8691650032997131,0.07832235779327201,0.0822748318061346,0.0039524740128625835,0.0005777369144690514,0.00852683699141732,0.005769338441825589
22500,1,5,CAATATCT,0.7460955193982319,0.7450033303187225,1.2892051935195923,-0.04472088890365855,-0.04130910426038703,0.0034117846432715204,0.5442018632008698,0.009641291378167605,0.004180345980620004
22500,1,5,CGATATCT,1.157972054264106,1.1593260728249632,1.195063829421997,0.3671556459622156,0.37301363824585376,0.005857992283638147,0.03573775659703382,0.0024597675456137225,0.009229860349899255
22500,2,7,CGATATCG,1.0219829698228988,1.0226922733777328,0.8866092562675476,0.27451312264799177,0.2875136632407146,0.01300054059272282,-0.13608301711018522,0.01975816592627,0.024723290810108267
22500,2,7,CGATATAC,0.8319030638282081,0.8285221139917811,0.5014050006866455,0.08443321665330106,0.09334350385476287,0.008910287201461808,-0.3271171133051356,0.04145925675954043,0.017792607904551616
22500,2,7,TGATACCC,0.49748966490999014,0.4625174749088204,0.7044327259063721,-0.24998018226491692,-0.27266113522819785,-0.02268095296328093,0.24191525099755168,0.27257627004329077,0.027770940035102498
22500,2,7,CGATCCAT,0.6385036901385311,0.6269825782697388,0.5441163182258606,-0.10896615703637591,-0.10819603186727944,0.0007701251690964694,-0.0828662600438782,0.11534014102520462,0.034692357943658436
22500,3,4,CTATCTTG,0.6981823249712715,0.6876000622069118,0.7382015585899353,-0.0897048678634258,-0.09034235064173868,-0.0006374827783128811,0.05060149638302347,0.044512475130845,0.002183424073406215
22500,3,4,CGATCTTG,0.8799664715260745,0.8777203370373174,0.9925147294998169,0.09207927869137722,0.09977792418866693,0.007698645497289713,0.11479439246249945,0.00956263226795473,0.000578094312926325
22500,3,4,CTATCCTG,0.4655229627788987,0.4385510643304167,1.0686111450195312,-0.3223642300557986,-0.3393913485182338,-0.01702711846243521,0.6300600806891146,0.11025187492631927,0.002364281132391177
22500,3,4,CGATCGTG,1.1078770120625445,1.1078981878199559,1.026059627532959,0.3199898192278472,0.32995577497130535,0.009965955743458155,-0.08183856028699688,0.003362845985676044,0.003447549015321627
22500,4,7,CGGTATCA,0.7506128424203614,0.74548156970453,0.8856768608093262,0.00290357443726752,0.030089856025976025,0.027186281588708505,0.14019529110479623,0.046950471034842955,0.01103156202402289
22500,4,7,TGTTATCC,0.31444827209703013,0.20106315155561916,0.38675689697265625,-0.43326099588606376,-0.5143285621229348,-0.081067566236871,0.1856937454170371,0.8177019677071069,0.024006123917230227
22500,4,7,CGATATAT,1.1528619449970783,1.1541492472809813,1.1384356021881104,0.4051526770139844,0.4387575336024274,0.03360485658844303,-0.015713645092870987,0.011639663242792864,0.02065077923011316
22500,4,7,CTATATAT,0.7729140124179057,0.760872886173085,1.0059771537780762,0.0252047444348118,0.0454811724945311,0.020276428059719298,0.24510426760499116,0.10067324231382013,0.016385358600075506
22500,5,5,CTATCTCG,0.7978648987404092,0.7934354423783947,0.8771150708198547,-0.046849560718354444,-0.03841497525577631,0.008434585462578137,0.08367962844146004,0.02899802422629527,0.006850742416222744
22500,5,5,ATATCGCG,0.9813497968361699,0.9628801847714925,1.3408790826797485,0.13663533737740619,0.1310297671373215,-0.0056055702400846785,0.377998897908256,0.11119960762005343,0.01885154729666727
22500,5,5,GTATATCG,0.5571339513766304,0.5533641828798374,0.8690534830093384,-0.2875805080821333,-0.27848623475433365,0.009094273327799662,0.315689300129501,0.025579868909441306,0.006731026425476294
22500,5,5,CTATCGCG,1.0425091908818453,1.0177218605069596,1.1897881031036377,0.19779473142308168,0.18587144287278856,-0.01192328855029312,0.17206624259667813,0.14317229345255544,0.01923564157812674
22500,6,4,CGATATCA,0.7651010623604385,0.7650175272331887,0.8475700616836548,-0.07511626065656607,-0.07431014594233898,0.0008061147142270908,0.08255253445046606,0.008815618469158348,0.00848147796015919
22500,6,4,CGATATCT,0.9153335836735705,0.9136378191178667,1.0347721576690674,0.07511626065656596,0.07431014594233898,-0.0008061147142269798,0.1211343385512007,0.017378805268045028,0.010595747045229587
22500,6,4,CGATATCT,0.9153335836735705,0.9136378191178667,0.932641863822937,0.07511626065656596,0.07431014594233898,-0.0008061147142269798,0.019004044705070333,0.017378805268045028,0.010595747045229587
22500,6,4,CGATATCA,0.7651010623604385,0.7650175272331887,0.7968856692314148,-0.07511626065656607,-0.07431014594233898,0.0008061147142270908,0.031868141998226074,0.008815618469158348,0.00848147796015919
22500,7,1,GTATCGGA,1.339417338441308,1.339417338441308,1.3394172191619873,0.0,0.0,0.0,-1.1927932064281777e-07,0.0,0.0
22500,7,1,GTATCGGA,1.339417338441308,1.339417338441308,1.3394172191619873,0.0,0.0,0.0,-1.1927932064281777e-07,0.0,0.0
22500,7,1,GTATCGGA,1.339417338441308,1.339417338441308,1.3394172191619873,0.0,0.0,0.0,-1.1927932064281777e-07,0.0,0.0
22500,7,1,GTATCGGA,1.339417338441308,1.339417338441308,1.3394172191619873,0.0,0.0,0.0,-1.1927932064281777e-07,0.0,0.0
22500,8,5,CGATATGC,0.9349752892446211,0.9298210243624634,0.9471465945243835,0.2550380276602212,0.2599513889540812,0.004913361293859997,0.017325570161920156,0.029312306049524395,0.0035409816387357296
22500,8,5,CGATCTGA,0.6771396259352385,0.6681410202161768,0.6331961154937744,-0.0027976356491614673,-0.0017286151922053516,0.0010690204569561157,-0.034944904722402415,0.04906008561807429,0.004067057022766107
22500,8,5,CGATACGA,0.4825661602431083,0.4666547975987282,0.6129026412963867,-0.19737110134129165,-0.203214837809654,-0.005843736468362337,0.14624784369765853,0.08111302441861046,0.0015562111967097891
22500,8,5,CGATCGGT,0.6250679709146321,0.6148616994561606,0.40961897373199463,-0.05486929066976787,-0.05500793595222153,-0.00013864528245366436,-0.20524272572416602,0.05810659558687625,0.007075238294519615
22500,9,5,CGGTATAC,0.9861061748844232,0.9840566375632378,0.846473217010498,0.3515675384132195,0.4020351106810265,0.05046757226780696,-0.13758342055273975,0.021214929583003972,0.01096724297707663
22500,9,5,TTGAATCC,-0.15915622949940325,-0.34528816651591754,-1.1213680505752563,-0.7936948659706069,-0.9273096933981289,-0.13361482742752195,-0.7760798840593388,0.9400369642200976,0.009377279137526173
22500,9,5,CTGTATCC,0.5681545180371075,0.5444490058894733,0.32792770862579346,-0.0663841184340962,-0.037572520992738,0.028811597441358194,-0.21652129726367986,0.13341425342338908,0.01488669268521825
22500,9,5,CGGTATCC,1.1430500824626872,1.1448686305920517,1.1583094596862793,0.5085114459914836,0.5628471037098404,0.0543356577183568,0.013440829094227613,0.006918080405637905,0.016010821052460322
22500,10,5,ATATCGCT,0.41599867658412143,0.3431011074284708,0.07966446876525879,-0.21358782421909456,-0.2509226963591451,-0.037334872140050546,-0.263436638663212,0.3705640179465375,0.006076172168284266
22500,10,5,CTATCGCA,0.8279961949956391,0.8197407339513296,0.952460527420044,0.19840969419242316,0.22571693016371375,0.02730723597129059,0.13271979346871432,0.048084909588894664,0.006807604367347508
22500,10,5,CGATATCG,0.9413122136400289,0.9423428306169802,1.0759154558181763,0.31172571283681294,0.34831902682936433,0.03659331399255139,0.13357262520119606,0.0077454582776606,0.012898543162416232
22500,10,5,CTATCACA,0.3330389179930748,0.270910543153683,0.8033069968223572,-0.2965475828101412,-0.32311326063393286,-0.026565677823791656,0.5323964536686742,0.31569666902654614,0.005054794829587372
22500,11,5,CGATATCT,1.0304107914691574,1.0308133760218814,0.9112269878387451,0.09106666276495246,0.09220543086373545,0.001138768098782994,-0.11958638818313627,0.025678693922758455,0.027691616686378318
22500,11,5,CGATATCT,1.0304107914691574,1.0308133760218814,1.0277824401855469,0.09106666276495246,0.09220543086373545,0.001138768098782994,-0.003030935836334514,0.025678693922758455,0.027691616686378318
22500,11,5,CGATATCC,0.8482774659392526,0.8464025142944104,0.5166634321212769,-0.09106666276495234,-0.09220543086373556,-0.001138768098783216,-0.3297390821731335,0.013564078002229252,0.004189319778018508
22500,11,5,CGATATCC,0.8482774659392526,0.8464025142944104,1.041494607925415,-0.09106666276495234,-0.09220543086373556,-0.001138768098783216,0.19509209363100466,0.013564078002229252,0.004189319778018508
22500,12,3,GTATCGTA,1.1256897991905261,1.125305253598425,1.0305230617523193,0.2959146974267799,0.297503909923964,0.0015892124971841337,-0.09478219184610559,0.0018435941206633721,0.0006899573443597262
22500,12,3,GTATCCTA,0.7748478024324464,0.7706824872228834,0.7990940809249878,-0.054927299331299806,-0.05711885645157755,-0.002191557120277743,0.028411593702104443,0.013007192595922756,0.0005112469672337028
22500,12,3,GTATCGTA,1.1256897991905261,1.125305253598425,1.1363635063171387,0.2959146974267799,0.297503909923964,0.0015892124971841337,0.011058252718713746,0.0018435941206633721,0.0006899573443597262
22500,12,3,GTATACTA,0.2928730062414863,0.28991238027811067,0.38684678077697754,-0.5369020955222599,-0.5378889633963502,-0.0009868678740903025,0.09693440049886687,0.009513511873550318,0.0006316339834233631
22500,13,6,CTATTGAT,0.453255958155313,0.43971900841732064,0.6082072854042053,-0.512477419705323,-0.5194429123654523,-0.006965492660129247,0.16848827698688468,0.10562648562086085,0.02440478719290695
22500,13,6,CTATCGCT,1.1485901934118659,1.1418287439488868,1.141390323638916,0.1828568155512298,0.18266682316611382,-0.00018999238511596683,-0.0004384203099707662,0.07113746993420045,0.030568773156325335
22500,13,6,CGATCGCT,1.1124971664634995,1.1132711868159977,0.8503460884094238,0.14676378860286343,0.15410926603322472,0.007345477430361291,-0.26292509840657385,0.039725562194895314,0.04436968430988486
22500,13,6,CTATCGCT,1.1485901934118659,1.1418287439488868,1.1263277530670166,0.1828568155512298,0.18266682316611382,-0.00018999238511596683,-0.01550099088187018,0.07113746993420045,0.030568773156325335
22500,14,4,CGATCTAT,0.6876686201974669,0.6789490839776897,0.9415394067764282,0.1996730150178906,0.20556198526173836,0.005888970243847769,0.2625903227987385,0.04361847574093769,0.008740330861829015
22500,14,4,CGATCCAT,0.38026853728376553,0.3768765913943455,0.0382838249206543,-0.10772706789581077,-0.09651050732160588,0.011216560574204892,-0.3385927664736912,0.026980485073241134,0.013412701515560954
22500,14,4,AGATCCAT,-0.29515120538187234,-0.3416671367983022,-0.29622316360473633,-0.7831468105614486,-0.8150542355142536,-0.031907424952804964,0.045443973193565856,0.190015659113687,0.003951933447967626
22500,14,4,CGATATAT,1.1791964686189451,1.1793898562900724,1.1902518272399902,0.6912008634393688,0.706002757574121,0.014801894134752192,0.01086197094991781,0.001876642349933011,0.0026501930344418057
22500,15,6,CGGTATTG,1.0628452976583789,1.0605894690208106,1.0651053190231323,0.35723546477589774,0.3905858540191226,0.033350389243224865,0.004515850002321686,0.02377663784392081,0.010241666018510287
22500,15,6,CAGTCTTA,0.1932920785978065,0.061505915430218216,-0.31813955307006836,-0.5123177542846746,-0.6084976995714698,-0.09617994528679519,-0.3796454685002866,0.7948889806364976,0.00417200163096787
22500,15,6,CTGTATTA,0.7946741266120106,0.7879928923108507,0.8751399517059326,0.08906429372952951,0.11798927730916264,0.028924983579633134,0.08714705939508194,0.047836971911204174,0.0077495661042448205
22500,15,6,GGGTATTG,0.7716278286617285,0.7699261832448725,1.1510285139083862,0.06601799577924738,0.09992256824318446,0.03390457246393708,0.38110233066351373,0.02411198933025993,0.013902116829124012
22500,16,3,CTATCTAT,1.2147830835846785,1.2156721585714776,1.2553273439407349,0.11645686057108162,0.11666078508197741,0.0002039245108957921,0.03965518536925727,0.001556890048490689,0.004224115008888418
22500,16,3,CTATCTAT,1.2147830835846785,1.2156721585714776,1.2052093744277954,0.11645686057108162,0.11666078508197741,0.0002039245108957921,-0.01046278414368218,0.001556890048490689,0.004224115008888418
22500,16,3,CTATCTAA,0.7489556413003519,0.7490290182435676,0.7392144203186035,-0.349370581713245,-0.3499823552459326,-0.0006117735326875984,-0.009814597924964086,0.00015312395150601787,0.00037325478115324273
22500,16,3,CTATCTAT,1.2147830835846785,1.2156721585714776,1.217104196548462,0.11645686057108162,0.11666078508197741,0.0002039245108957921,0.0014320379769843239,0.001556890048490689,0.004224115008888418
22500,17,5,CAATCGAT,0.39445904727724435,0.3840939197580635,0.38268041610717773,-0.3885420953741331,-0.39155054784224674,-0.0030084524681136537,-0.0014135036508857723,0.060576724943093296,0.008751087347189213
22500,17,5,CTATCGCT,0.8248185780420769,0.809798054581818,0.5873096585273743,0.04181743539069949,0.03415358698150772,-0.007663848409191765,-0.2224883960544437,0.09606240477532824,0.02095978747403393
22500,17,5,CGATATAT,1.1464681453277614,1.1456509780681998,1.2502113580703735,0.363467002676384,0.37000651046788957,0.006539507791505583,0.10456038000217371,0.010393902633437646,0.006308066335629192
22500,17,5,CGATCTAT,0.7662587999584269,0.7630349179931599,0.7730667591094971,-0.016742342692950496,-0.012609549607150328,0.004132793085800168,0.010031841116337148,0.023696300008460458,0.007576890182125595
22500,18,4,CGATCGAG,0.09276860343152249,0.08626457195956982,0.012536764144897461,-0.44330322957395274,-0.44315077202304476,0.00015245755090798063,-0.07372780781467236,0.028799853530156128,0.002783727642345468
22500,18,4,CTATCGCG,0.624181699269118,0.6228306129851264,0.48850464820861816,0.08810986626364281,0.09341526900251185,0.005305402738869036,-0.13432596477650827,0.009600574424329267,0.004196229288362829
22500,18,4,CTATCGGA,0.48680549258083816,0.4855218184932968,0.8018386363983154,-0.04926634042463707,-0.0438935254893178,0.00537281493531927,0.31631681790501864,0.010090914313036325,0.004956217962870824
22500,18,4,CTATCGCA,0.9405315367404223,0.9230443724924651,0.7892757058143616,0.4044597037349471,0.3936290285098505,-0.01083067522509662,-0.1337686666781035,0.07391778091155743,0.003969123919728368
22500,19,5,CAGTATAC,-0.10982341070439165,-0.14786013801116482,0.2815638780593872,-0.687930034549288,-0.7099582899820716,-0.022028255432783528,0.42942401607055203,0.19352204751204027,0.003338410978174444
22500,19,5,CGATATAT,1.2155079113882552,1.2179645887017245,1.1758525371551514,0.6374012875433588,0.6558664367308178,0.018465149187459007,-0.04211205154657316,0.0014665226079096927,0.013749909175255759
22500,19,5,CGATATAT,1.2155079113882552,1.2179645887017245,1.0960768461227417,0.6374012875433588,0.6558664367308178,0.018465149187459007,-0.12188774257898283,0.0014665226079096927,0.013749909175255759
22500,19,5,CGATACAA,-0.008765916692532728,-0.039676431508657115,-0.08209943771362305,-0.5868725405374291,-0.6017745834795638,-0.014902042942134708,-0.04242300620496593,0.15693897550383973,0.0023864014232177766
22500,20,5,CTATCGTT,0.23919316734574067,0.19265388862540328,0.23424088954925537,-0.45698962732831416,-0.4796561074443157,-0.02266648011600153,0.04158700092385209,0.26388586513866485,0.03118947153697782
22500,20,5,CTATCGCA,0.8847096920294042,0.8739921903113521,0.9233732223510742,0.18852689735534933,0.20168219424163314,0.013155296886283807,0.049381032039722106,0.05918518717158561,0.005597678581325205
22500,20,5,CTATCGCA,0.8847096920294042,0.8739921903113521,0.8190904855728149,0.18852689735534933,0.20168219424163314,0.013155296886283807,-0.05490170473853717,0.05918518717158561,0.005597678581325205
22500,20,5,CTATCGTA,0.7761186272916702,0.7486017150307684,0.8515288233757019,0.07993583261761539,0.07629171896104947,-0.003644113656565917,0.10292710834493346,0.14490248987999976,0.00731792857549074
22500,21,5,CGATATAC,0.6360383082098878,0.6302781613543622,0.8031915426254272,-0.13569397899418778,-0.13827584004805749,-0.002581861053869705,0.17291338127106504,0.03354561653305277,0.004744882255424798
22500,21,5,CAATATAT,0.8567411338706055,0.8514350163501991,0.6147686243057251,0.08500884666652986,0.08288101494777944,-0.002127831718750417,-0.23666639204447404,0.02933005675048772,0.0027994691484556355
22500,21,5,CGATATAT,1.0899393085568092,1.090029538869857,1.1650663614273071,0.3182070213527336,0.3214755374674374,0.003268516114703801,0.07503682255745003,0.006146229731254227,0.006597381296493232
22500,21,5,CGATATAA,0.5042103981790002,0.5024732890352602,0.6294758319854736,-0.26752188902507545,-0.26608071236715947,0.001441176657915988,0.1270025429502134,0.01219332059666467,0.003507774877965275
22500,22,2,TGGTATTC,-0.00036321209434619917,-0.05873580276966117,-0.05873572826385498,-0.35003950072134316,-0.3909416683018209,-0.040902167580477766,7.450580619128289e-08,0.1173506100312185,0.0006054286805885489
22500,22,2,TGATATTC,0.7003725887936566,0.6945154815912247,0.710237443447113,0.35069630016665965,0.3623096160590649,0.011613315892405274,0.015721961855888367,0.011767305548784579,5.309114392071379e-05
22500,22,2,TGATATTC,0.7003725887936566,0.6945154815912247,0.630368709564209,0.35069630016665965,0.3623096160590649,0.011613315892405274,-0.06414677202701569,0.011767305548784579,5.309114392071379e-05
22500,22,2,GGATATTC,-0.0016768109849791824,-0.00147169828414917,0.1849358081817627,-0.35135309961197614,-0.3336775638163089,0.01767553579566722,0.18640750646591187,1.9204082026824665e-06,0.0004121458098627073
22500,23,4,CGATATAC,0.6471619086944066,0.6367027477826928,1.109206199645996,-0.15546622620410278,-0.15915901093588514,-0.0036927847317823614,0.47250345186330334,0.04293784029976555,0.0011011966529101969
22500,23,4,CGATATAT,1.187629890962961,1.1885357198771092,1.2306830883026123,0.38500175606445164,0.39267396115853126,0.0076722050940796205,0.04214736842550315,0.001187191706092161,0.004810507362685179
22500,23,4,CGATATAC,0.6471619086944066,0.6367027477826928,0.6407986283302307,-0.15546622620410278,-0.15915901093588514,-0.0036927847317823614,0.004095880547537956,0.04293784029976555,0.0011011966529101969
22500,23,4,CGATATAG,0.7285588312422633,0.7215058194318169,0.6744365096092224,-0.07406930365624609,-0.07435593928676099,-0.0002866356305148976,-0.047069309822594496,0.03129460694720798,0.003082559705422483
22500,24,3,CTAACCTA,-0.7862544980285993,-0.8860262036323553,-0.5174369812011719,-1.316490055099034,-1.3901941374351738,-0.0737040823361399,0.3685892224311834,0.30302650568655487,0.0037113888752866586
22500,24,3,CGATACTA,1.0711143955840212,1.0698124548911838,0.9552321434020996,0.5408788385135865,0.5656445210883653,0.024765682574778736,-0.11458031148908421,0.005707085164759262,0.0018012630862473955
22500,24,3,CGATCCTA,1.0177281086545678,1.0176698758344473,0.8750746846199036,0.48749255158413307,0.5135019420316288,0.026009390447495728,-0.14259519121454378,0.0019153445389048507,0.0017406460785434064
22500,24,3,CTATCCTA,0.8183542220717491,0.8152156081179984,0.6189303398132324,0.28811866500131444,0.3110476743151799,0.022929009313865434,-0.196285268304766,0.010019738157305946,0.0006038962960541738
22500,25,1,CGAGATAT,1.455545786768198,1.455545786768198,1.4555457830429077,0.0,0.0,0.0,-3.725290298461914e-09,0.0,0.0
22500,25,1,CGAGATAT,1.455545786768198,1.455545786768198,1.4555457830429077,0.0,0.0,0.0,-3.725290298461914e-09,0.0,0.0
22500,25,1,CGAGATAT,1.455545786768198,1.455545786768198,1.4555457830429077,0.0,0.0,0.0,-3.725290298461914e-09,0.0,0.0
22500,25,1,CGAGATAT,1.455545786768198,1.455545786768198,1.4555457830429077,0.0,0.0,0.0,-3.725290298461914e-09,0.0,0.0
22500,26,5,CGATATAT,1.1004383575279097,1.102144622908284,1.19618558883667,0.2106362280513715,0.21254560549743484,0.0019093774460633428,0.09404096592838584,0.0058782410938171825,0.014409567995688377
22500,26,5,CGATATAT,1.1004383575279097,1.102144622908284,1.1908396482467651,0.2106362280513715,0.21254560549743484,0.0019093774460633428,0.08869502533848106,0.0058782410938171825,0.014409567995688377
22500,26,5,CGATATCG,0.8962645522952031,0.896663975194096,0.8769446611404419,0.006462422818664826,0.007064957783246784,0.0006025349645819578,-0.019719314053654124,0.009566771967731036,0.01156388646219586
22500,26,5,CAATATCT,0.4620672505551303,0.45744284863273277,0.3361666202545166,-0.42773487892140793,-0.43215616877811647,-0.004421289856708532,-0.12127622837821617,0.02911540474359775,0.005993395131610235
22500,27,3,CGATCTTC,0.5907688826440428,0.5743573345114581,0.7033068537712097,-0.05268252942409135,-0.056359398760832735,-0.003676869336741384,0.12894951925975162,0.05157005041941254,0.0023354060216584926
22500,27,3,TGATCTCC,0.661012255209498,0.6495031995259016,0.717637300491333,0.017560843141363858,0.0187864662536108,0.001225623112246943,0.06813410096543138,0.05606006698632582,0.02153289993553642
22500,27,3,TGATCTCC,0.661012255209498,0.6495031995259016,0.7056295871734619,0.017560843141363858,0.0187864662536108,0.001225623112246943,0.05612638764756028,0.05606006698632582,0.02153289993553642
22500,27,3,TGATCTCC,0.661012255209498,0.6495031995259016,0.7237358689308167,0.017560843141363858,0.0187864662536108,0.001225623112246943,0.07423266940491502,0.05606006698632582,0.02153289993553642
22500,28,4,TGATCCTG,0.8961994633242414,0.8959956870391281,0.6959909796714783,0.09227827147260959,0.09924904826047531,0.006970776787865729,-0.20000470736764986,0.012107420564182014,0.011292315423728994
22500,28,4,TGATCCTC,0.8779670888853436,0.8715945011808801,0.6509756445884705,0.07404589703371178,0.0748478624022273,0.0008019653685155115,-0.22061885659240965,0.03100151857885658,0.005511167761002689
22500,28,4,TGATCCTC,0.8779670888853436,0.8715945011808801,0.6325662136077881,0.07404589703371178,0.0748478624022273,0.0008019653685155115,-0.23902828757309202,0.03100151857885658,0.005511167761002689
22500,28,4,TGATCCGG,0.563551126311599,0.5478018657137229,0.6186987161636353,-0.24037006554003282,-0.2489447730649299,-0.008574707524897085,0.07089685044991234,0.07220382643896217,0.009206784047457894
22500,29,4,CGGTATTA,0.09463971445288522,0.06940938594440604,0.5046886205673218,-0.5944268377447282,-0.6133918093983088,-0.018964971653580687,0.43527923462291573,0.10360624739567204,0.0026849333617553484
22500,29,4,CGATATCA,0.5791806488436401,0.5792550739521787,0.5995122194290161,-0.1098859033539733,-0.1035461213905362,0.006339781963437097,0.020257145476837435,0.006664374720178667,0.006962075154333114
22500,29,4,CGATATAT,1.0412229227469643,1.0412701607371373,1.116039752960205,0.3521563705493509,0.3584689653944224,0.0063125948450715175,0.07476959222306778,0.004793317090750149,0.0049822690514425005
22500,29,4,CGATATAT,1.0412229227469643,1.0412701607371373,1.1462291479110718,0.3521563705493509,0.3584689653944224,0.0063125948450715175,0.10495898717393448,0.004793317090750149,0.0049822690514425005
22500,30,3,CGATCCAT,0.44490923975006796,0.42462646878427934,0.5338524580001831,-0.055324606577982494,-0.06614304561581874,-0.010818439037836247,0.10922598921590376,0.06517954983870933,0.004331236941343519
22500,30,3,CGATACCT,0.8355626969009945,0.836091448035505,0.8852671980857849,0.33532885057294404,0.34532193363540686,0.009993083062462826,0.049175750050279965,0.0004145836664684044,0.0020008370699997613
22500,30,3,CGATCCTT,0.35662428653702616,0.3436776995658876,0.48605525493621826,-0.1436095597910243,-0.14709181483421047,-0.0034822550431861665,0.14237755537033064,0.05032749761387345,0.011487736700457774
22500,30,3,CGATACCA,0.36383916212411327,0.35868244121472054,0.24532592296600342,-0.1363946842039372,-0.13208707318537755,0.004307611018559643,-0.11335651824871712,0.018738071969323755,0.0032679092411456168
22500,31,6,CGATATAT,1.1910237711718292,1.1908624019215088,1.1093406677246094,0.3372271374128947,0.3441526153472215,0.006925477934326851,-0.08152173419689945,0.012549421235159341,0.011581205733236288
22500,31,6,CGATATAT,1.1910237711718292,1.1908624019215088,1.2098755836486816,0.3372271374128947,0.3441526153472215,0.006925477934326851,0.019013181727172812,0.012549421235159341,0.011581205733236288
22500,31,6,CGATCGGT,0.3807727010457622,0.3741732243093108,0.7265214323997498,-0.47302393271317233,-0.4725365622649765,0.0004873704481958563,0.35234820809043893,0.051554304580804455,0.011957444162096209
22500,31,6,CTATCTCT,0.6523662916463174,0.6309411181448207,0.7910882830619812,-0.20143034211261712,-0.21576866842946663,-0.014338326316849503,0.16014716491716052,0.14368911894094705,0.015138077931966976
