step,context,hidden,y,d_exact,d_sur_expected,d_sur_draw,d_exact_centered,d_sur_expected_centered,bias_centered,noise,gap,gap_ref
0,0,5,CTATCGCA,0.0,0.0,0.0,0.0,0.0,0.0,0.0,0.0029785283353647163,0.0029785283353647163
0,0,5,CAGTCGCG,0.0,0.0,0.0,0.0,0.0,0.0,0.0,0.021998221581677413,0.021998221581677413
0,0,5,CGGTCGCG,0.0,0.0,0.0,0.0,0.0,0.0,0.0,0.003411118116355638,0.003411118116355638
0,0,5,ATGTCGCG,0.0,0.0,0.0,0.0,0.0,0.0,0.0,0.16208129253922898,0.16208129253922898
0,1,4,ACTGCGGC,0.0,0.0,0.0,0.0,0.0,0.0,0.0,0.04814780822930809,0.04814780822930809
0,1,4,ACTACGGC,0.0,0.0,0.0,0.0,0.0,0.0,0.0,0.007236915585105752,0.007236915585105752
0,1,4,ACTACGGC,0.0,0.0,0.0,0.0,0.0,0.0,0.0,0.007236915585105752,0.007236915585105752
0,1,4,ACTACGGC,0.0,0.0,0.0,0.0,0.0,0.0,0.0,0.007236915585105752,0.007236915585105752
0,2,4,CGATCGCG,0.0,0.0,0.0,0.0,0.0,0.0,0.0,9.846947698359532e-05,9.846947698359532e-05
0,2,4,CGATCGCG,0.0,0.0,0.0,0.0,0.0,0.0,0.0,9.846947698359532e-05,9.846947698359532e-05
0,2,4,CGATCGCG,0.0,0.0,0.0,0.0,0.0,0.0,0.0,9.846947698359532e-05,9.846947698359532e-05
0,2,4,CGATCGCG,0.0,0.0,0.0,0.0,0.0,0.0,0.0,9.846947698359532e-05,9.846947698359532e-05
0,3,4,CGGTCGCG,0.0,0.0,0.0,0.0,0.0,0.0,0.0,0.0014020462111038468,0.0014020462111038468
0,3,4,CTATCGCA,0.0,0.0,0.0,0.0,0.0,0.0,0.0,0.002784291233860592,0.002784291233860592
0,3,4,CTATCGCA,0.0,0.0,0.0,0.0,0.0,0.0,0.0,0.002784291233860592,0.002784291233860592
0,3,4,CAGTCGCG,0.0,0.0,0.0,0.0,0.0,0.0,0.0,0.008064730118169994,0.008064730118169994
0,4,7,TTTAGGCC,0.0,0.0,0.0,0.0,0.0,0.0,0.0,0.0016042339360811397,0.0016042339360811397
0,4,7,TTTAGGCC,0.0,0.0,0.0,0.0,0.0,0.0,0.0,0.0016042339360811397,0.0016042339360811397
0,4,7,TCTACGGC,0.0,0.0,0.0,0.0,0.0,0.0,0.0,0.18803403533290286,0.18803403533290286
0,4,7,TTTAGGCC,0.0,0.0,0.0,0.0,0.0,0.0,0.0,0.0016042339360811397,0.0016042339360811397
0,5,5,TTTGGGCG,0.0,0.0,0.0,0.0,0.0,0.0,0.0,0.006761134093373755,0.006761134093373755
0,5,5,TTTGGGCC,0.0,0.0,0.0,0.0,0.0,0.0,0.0,0.0006082620959496632,0.0006082620959496632
0,5,5,TGTGGGCG,0.0,0.0,0.0,0.0,0.0,0.0,0.0,0.009835668625084004,0.009835668625084004
0,5,5,TTTAGGCC,0.0,0.0,0.0,0.0,0.0,0.0,0.0,0.0007384719113716631,0.0007384719113716631
0,6,4,TTTGGGCC,0.0,0.0,0.0,0.0,0.0,0.0,0.0,0.000878640117941476,0.000878640117941476
0,6,4,TTTAGGCC,0.0,0.0,0.0,0.0,0.0,0.0,0.0,0.003458913875716396,0.003458913875716396
0,6,4,TTTAGGCC,0.0,0.0,0.0,0.0,0.0,0.0,0.0,0.003458913875716396,0.003458913875716396
0,6,4,TTTAGGCC,0.0,0.0,0.0,0.0,0.0,0.0,0.0,0.003458913875716396,0.003458913875716396
0,7,2,TTTGGGCC,0.0,0.0,0.0,0.0,0.0,0.0,0.0,0.00011931716456214936,0.00011931716456214936
0,7,2,TTTAGGCC,0.0,0.0,0.0,0.0,0.0,0.0,0.0,7.204959104889497e-07,7.204959104889497e-07
0,7,2,TTTGGGCC,0.0,0.0,0.0,0.0,0.0,0.0,0.0,0.00011931716456214936,0.00011931716456214936
0,7,2,TTTGGGCG,0.0,0.0,0.0,0.0,0.0,0.0,0.0,0.0004269054929162408,0.0004269054929162408
0,8,3,TTTAGGCC,0.0,0.0,0.0,0.0,0.0,0.0,0.0,3.2879344826486356e-06,3.2879344826486356e-06
0,8,3,TTTAGGCC,0.0,0.0,0.0,0.0,0.0,0.0,0.0,3.2879344826486356e-06,3.2879344826486356e-06
0,8,3,TTTAGGCC,0.0,0.0,0.0,0.0,0.0,0.0,0.0,3.2879344826486356e-06,3.2879344826486356e-06
0,8,3,TTTAGGCC,0.0,0.0,0.0,0.0,0.0,0.0,0.0,3.2879344826486356e-06,3.2879344826486356e-06
0,9,4,TTTACGCC,0.0,0.0,0.0,0.0,0.0,0.0,0.0,0.002290717078926252,0.002290717078926252
0,9,4,TTTACGCC,0.0,0.0,0.0,0.0,0.0,0.0,0.0,0.002290717078926252,0.002290717078926252
0,9,4,TCTACGGC,0.0,0.0,0.0,0.0,0.0,0.0,0.0,0.02217717545831599,0.02217717545831599
0,9,4,TTTACGCC,0.0,0.0,0.0,0.0,0.0,0.0,0.0,0.002290717078926252,0.002290717078926252
0,10,4,CTATCGCG,0.0,0.0,0.0,0.0,0.0,0.0,0.0,0.09186385173791134,0.09186385173791134
0,10,4,CTATCGCA,0.0,0.0,0.0,0.0,0.0,0.0,0.0,0.001346032756719573,0.001346032756719573
0,10,4,CTATCGCA,0.0,0.0,0.0,0.0,0.0,0.0,0.0,0.001346032756719573,0.001346032756719573
0,10,4,CTATCGCA,0.0,0.0,0.0,0.0,0.0,0.0,0.0,0.001346032756719573,0.001346032756719573
0,11,7,TTTAGGCC,0.0,0.0,0.0,0.0,0.0,0.0,0.0,0.0016042339360811397,0.0016042339360811397
0,11,7,TTTAGGCC,0.0,0.0,0.0,0.0,0.0,0.0,0.0,0.0016042339360811397,0.0016042339360811397
0,11,7,TTTAGGCC,0.0,0.0,0.0,0.0,0.0,0.0,0.0,0.0016042339360811397,0.0016042339360811397
0,11,7,TTTAGGCC,0.0,0.0,0.0,0.0,0.0,0.0,0.0,0.0016042339360811397,0.0016042339360811397
0,12,1,CTATCGCA,0.0,0.0,0.0,0.0,0.0,0.0,0.0,0.0,0.0
0,12,1,CTATCGCA,0.0,0.0,0.0,0.0,0.0,0.0,0.0,0.0,0.0
0,12,1,CTATCGCA,0.0,0.0,0.0,0.0,0.0,0.0,0.0,0.0,0.0
0,12,1,CTATCGCA,0.0,0.0,0.0,0.0,0.0,0.0,0.0,0.0,0.0
0,13,6,TTTGGGCC,0.0,0.0,0.0,0.0,0.0,0.0,0.0,0.0014723786160864005,0.0014723786160864005
0,13,6,TCTGGGCC,0.0,0.0,0.0,0.0,0.0,0.0,0.0,0.08179475200872677,0.08179475200872677
0,13,6,TTTAGGCC,0.0,0.0,0.0,0.0,0.0,0.0,0.0,0.0024453823789158946,0.0024453823789158946
0,13,6,TTTGGGCC,0.0,0.0,0.0,0.0,0.0,0.0,0.0,0.0014723786160864005,0.0014723786160864005
0,14,5,CTATCGCA,0.0,0.0,0.0,0.0,0.0,0.0,0.0,0.0029785283353647163,0.0029785283353647163
0,14,5,CGGTCGCG,0.0,0.0,0.0,0.0,0.0,0.0,0.0,0.003411118116355638,0.003411118116355638
0,14,5,CTATCGCA,0.0,0.0,0.0,0.0,0.0,0.0,0.0,0.0029785283353647163,0.0029785283353647163
0,14,5,CTGTCGCG,0.0,0.0,0.0,0.0,0.0,0.0,0.0,0.06026239161933944,0.06026239161933944
0,15,6,TTTAGGCC,0.0,0.0,0.0,0.0,0.0,0.0,0.0,0.0011544124696246383,0.0011544124696246383
0,15,6,TTTAGGCC,0.0,0.0,0.0,0.0,0.0,0.0,0.0,0.0011544124696246383,0.0011544124696246383
0,15,6,TTTAGGCC,0.0,0.0,0.0,0.0,0.0,0.0,0.0,0.0011544124696246383,0.0011544124696246383
0,15,6,TTTAGGCC,0.0,0.0,0.0,0.0,0.0,0.0,0.0,0.0011544124696246383,0.0011544124696246383
0,16,2,TGTGGGCG,0.0,0.0,0.0,0.0,0.0,0.0,0.0,0.00010034285819093824,0.00010034285819093824
0,16,2,TGTGGGCC,0.0,0.0,0.0,0.0,0.0,0.0,0.0,0.00012248365323330734,0.00012248365323330734
0,16,2,TGTGGGCG,0.0,0.0,0.0,0.0,0.0,0.0,0.0,0.00010034285819093824,0.00010034285819093824
0,16,2,TGTGGGCG,0.0,0.0,0.0,0.0,0.0,0.0,0.0,0.00010034285819093824,0.00010034285819093824
0,17,3,TTTAGGCC,0.0,0.0,0.0,0.0,0.0,0.0,0.0,0.0014913974653829598,0.0014913974653829598
0,17,3,TTTAGGCC,0.0,0.0,0.0,0.0,0.0,0.0,0.0,0.0014913974653829598,0.0014913974653829598
0,17,3,TTTGGGCC,0.0,0.0,0.0,0.0,0.0,0.0,0.0,0.0005441548329294665,0.0005441548329294665
0,17,3,TTTAGGCC,0.0,0.0,0.0,0.0,0.0,0.0,0.0,0.0014913974653829598,0.0014913974653829598
0,18,3,CATTCGCG,0.0,0.0,0.0,0.0,0.0,0.0,0.0,0.001442265469248305,0.001442265469248305
0,18,3,CGTTCGCG,0.0,0.0,0.0,0.0,0.0,0.0,0.0,0.0009091126100112534,0.0009091126100112534
0,18,3,CGTTCGCG,0.0,0.0,0.0,0.0,0.0,0.0,0.0,0.0009091126100112534,0.0009091126100112534
0,18,3,CGTTCGCG,0.0,0.0,0.0,0.0,0.0,0.0,0.0,0.0009091126100112534,0.0009091126100112534
0,19,2,TGTGGGCG,0.0,0.0,0.0,0.0,0.0,0.0,0.0,1.565453734531097e-06,1.565453734531097e-06
0,19,2,TGTGGGCG,0.0,0.0,0.0,0.0,0.0,0.0,0.0,1.565453734531097e-06,1.565453734531097e-06
0,19,2,TGTGGGCG,0.0,0.0,0.0,0.0,0.0,0.0,0.0,1.565453734531097e-06,1.565453734531097e-06
0,19,2,TGTGGGCG,0.0,0.0,0.0,0.0,0.0,0.0,0.0,1.565453734531097e-06,1.565453734531097e-06
0,20,3,CAATCTAT,0.0,0.0,0.0,0.0,0.0,0.0,0.0,0.005587828034178122,0.005587828034178122
0,20,3,CAATCTAT,0.0,0.0,0.0,0.0,0.0,0.0,0.0,0.005587828034178122,0.005587828034178122
0,20,3,CGATATAT,0.0,0.0,0.0,0.0,0.0,0.0,0.0,0.016695769355766776,0.016695769355766776
0,20,3,CGATCTAT,0.0,0.0,0.0,0.0,0.0,0.0,0.0,0.004916544760179553,0.004916544760179553
0,21,5,CGGTCGCG,0.0,0.0,0.0,0.0,0.0,0.0,0.0,0.00025614348946984,0.00025614348946984
0,21,5,CGGTCGCG,0.0,0.0,0.0,0.0,0.0,0.0,0.0,0.00025614348946984,0.00025614348946984
0,21,5,CGGTCGCG,0.0,0.0,0.0,0.0,0.0,0.0,0.0,0.00025614348946984,0.00025614348946984
0,21,5,CGGTCGCG,0.0,0.0,0.0,0.0,0.0,0.0,0.0,0.00025614348946984,0.00025614348946984
0,22,2,TCTGCGGC,0.0,0.0,0.0,0.0,0.0,0.0,0.0,1.8422597639622396e-05,1.8422597639622396e-05
0,22,2,TCTGCGGC,0.0,0.0,0.0,0.0,0.0,0.0,0.0,1.8422597639622396e-05,1.8422597639622396e-05
0,22,2,TCTGCGGC,0.0,0.0,0.0,0.0,0.0,0.0,0.0,1.8422597639622396e-05,1.8422597639622396e-05
0,22,2,TCTGCGGC,0.0,0.0,0.0,0.0,0.0,0.0,0.0,1.8422597639622396e-05,1.8422597639622396e-05
0,23,6,AGGTCGTG,0.0,0.0,0.0,0.0,0.0,0.0,0.0,0.027878444686173953,0.027878444686173953
0,23,6,CGGTCGCG,0.0,0.0,0.0,0.0,0.0,0.0,0.0,7.492551256317592e-05,7.492551256317592e-05
0,23,6,AGGTCGCG,0.0,0.0,0.0,0.0,0.0,0.0,0.0,0.05291462784092671,0.05291462784092671
0,23,6,CGGTCGCG,0.0,0.0,0.0,0.0,0.0,0.0,0.0,7.492551256317592e-05,7.492551256317592e-05
0,24,2,TTTGGGCG,0.0,0.0,0.0,0.0,0.0,0.0,0.0,1.7846553124201137e-09,1.7846553124201137e-09
0,24,2,TTTGGGCG,0.0,0.0,0.0,0.0,0.0,0.0,0.0,1.7846553124201137e-09,1.7846553124201137e-09
0,24,2,TTTGGGCG,0.0,0.0,0.0,0.0,0.0,0.0,0.0,1.7846553124201137e-09,1.7846553124201137e-09
0,24,2,TTTGGGCG,0.0,0.0,0.0,0.0,0.0,0.0,0.0,1.7846553124201137e-09,1.7846553124201137e-09
0,25,4,TTTGGGCC,0.0,0.0,0.0,0.0,0.0,0.0,0.0,0.001109980831122681,0.001109980831122681
0,25,4,TTTGGGCG,0.0,0.0,0.0,0.0,0.0,0.0,0.0,0.004468313330843854,0.004468313330843854
0,25,4,CGTGGGCG,0.0,0.0,0.0,0.0,0.0,0.0,0.0,0.028028404754979697,0.028028404754979697
0,25,4,TTTGGGCC,0.0,0.0,0.0,0.0,0.0,0.0,0.0,0.001109980831122681,0.001109980831122681
0,26,5,CTATCGCA,0.0,0.0,0.0,0.0,0.0,0.0,0.0,0.007747254152728811,0.007747254152728811
0,26,5,TTTAGGCC,0.0,0.0,0.0,0.0,0.0,0.0,0.0,0.0025041180743634595,0.0025041180743634595
0,26,5,TTTGGGCC,0.0,0.0,0.0,0.0,0.0,0.0,0.0,0.0020279395054738636,0.0020279395054738636
0,26,5,CTTTGGCC,0.0,0.0,0.0,0.0,0.0,0.0,0.0,0.414546624775582,0.414546624775582
0,27,2,ACTACGGC,0.0,0.0,0.0,0.0,0.0,0.0,0.0,3.094452525598257e-05,3.094452525598257e-05
0,27,2,ACTACGGC,0.0,0.0,0.0,0.0,0.0,0.0,0.0,3.094452525598257e-05,3.094452525598257e-05
0,27,2,ACTACGGC,0.0,0.0,0.0,0.0,0.0,0.0,0.0,3.094452525598257e-05,3.094452525598257e-05
0,27,2,ACTACGGC,0.0,0.0,0.0,0.0,0.0,0.0,0.0,3.094452525598257e-05,3.094452525598257e-05
0,28,2,TTTGGGCC,0.0,0.0,0.0,0.0,0.0,0.0,0.0,1.2809000748958965e-08,1.2809000748958965e-08
0,28,2,TTTGGGCC,0.0,0.0,0.0,0.0,0.0,0.0,0.0,1.2809000748958965e-08,1.2809000748958965e-08
0,28,2,TTTGGGCC,0.0,0.0,0.0,0.0,0.0,0.0,0.0,1.2809000748958965e-08,1.2809000748958965e-08
0,28,2,TTTGGGCC,0.0,0.0,0.0,0.0,0.0,0.0,0.0,1.2809000748958965e-08,1.2809000748958965e-08
0,29,4,CAATCGCT,0.0,0.0,0.0,0.0,0.0,0.0,0.0,0.10691045675013555,0.10691045675013555
0,29,4,CTATCGCA,0.0,0.0,0.0,0.0,0.0,0.0,0.0,0.002494631467015229,0.002494631467015229
0,29,4,CTATCGCA,0.0,0.0,0.0,0.0,0.0,0.0,0.0,0.002494631467015229,0.002494631467015229
0,29,4,CTATCGCA,0.0,0.0,0.0,0.0,0.0,0.0,0.0,0.002494631467015229,0.002494631467015229
0,30,5,TTTAGGCC,0.0,0.0,0.0,0.0,0.0,0.0,0.0,0.0026214983204827513,0.0026214983204827513
0,30,5,TTTAGGCC,0.0,0.0,0.0,0.0,0.0,0.0,0.0,0.0026214983204827513,0.0026214983204827513
0,30,5,TGTGGGCC,0.0,0.0,0.0,0.0,0.0,0.0,0.0,0.029092734230105943,0.029092734230105943
0,30,5,TTTAGGCC,0.0,0.0,0.0,0.0,0.0,0.0,0.0,0.0026214983204827513,0.0026214983204827513
0,31,4,CTATCGCA,0.0,0.0,0.0,0.0,0.0,0.0,0.0,3.321437386073767e-05,3.321437386073767e-05
0,31,4,CTATCGCA,0.0,0.0,0.0,0.0,0.0,0.0,0.0,3.321437386073767e-05,3.321437386073767e-05
0,31,4,CTATCGCA,0.0,0.0,0.0,0.0,0.0,0.0,0.0,3.321437386073767e-05,3.321437386073767e-05
0,31,4,CTATCGCA,0.0,0.0,0.0,0.0,0.0,0.0,0.0,3.321437386073767e-05,3.321437386073767e-05
250,0,5,CTATCGCA,0.009816129100438182,0.00983678037792437,0.01540010329335928,0.0,0.0,0.0,0.005563322915434909,1.7181224154141223e-06,0.00010497450984636031
250,0,5,CTATCGCA,0.009816129100438182,0.00983678037792437,0.017816072329878807,0.0,0.0,0.0,0.007979291951954437,1.7181224154141223e-06,0.00010497450984636031
250,0,5,CTATCGCA,0.009816129100438182,0.00983678037792437,0.01046923641115427,0.0,0.0,0.0,0.0006324560332298997,1.7181224154141223e-06,0.00010497450984636031
250,0,5,CTATCGCA,0.009816129100438182,0.00983678037792437,0.01371208019554615,0.0,0.0,0.0,0.0038752998176217798,1.7181224154141223e-06,0.00010497450984636031
250,1,5,CTATCGCA,0.0220086529436311,0.022164360294094364,0.02220427431166172,0.03252583199708152,0.03402031156891709,0.001494479571835572,3.9914017567355825e-05,0.000557895421325505,0.0013364321736418217
250,1,5,CTATCGCA,0.0220086529436311,0.022164360294094364,0.030424365773797035,0.03252583199708152,0.03402031156891709,0.001494479571835572,0.00826000547970267,0.000557895421325505,0.0013364321736418217
250,1,5,CGATCGCG,-0.10809467504469498,-0.11391688598157401,-0.0749083161354065,-0.09757749599124456,-0.10206093470675129,-0.0044834387155067296,0.03900856984616752,0.046971010635300736,0.017859955950905615
250,1,5,CTATCGCA,0.0220086529436311,0.022164360294094364,0.026065779849886894,0.03252583199708152,0.03402031156891709,0.001494479571835572,0.0039014195557925298,0.000557895421325505,0.0013364321736418217
250,2,6,TTTAGGCC,-0.003916305684847771,-0.005718574655164381,0.012568138539791107,0.016579695301630965,0.025952944088144334,0.009373248786513369,0.01828671319495549,0.011968026291524297,0.0011544124696246383
250,2,6,TTTAGGCC,-0.003916305684847771,-0.005718574655164381,-0.009562626481056213,0.016579695301630965,0.025952944088144334,0.009373248786513369,-0.0038440518258918326,0.011968026291524297,0.0011544124696246383
250,2,6,ACTACGGC,-0.07023508689137163,-0.10953035100774174,0.007267691195011139,-0.0497390859048929,-0.07785883226443302,-0.02811974635954012,0.11679804220275287,0.32561803140632906,0.08984644670810837
250,2,6,TTTAGGCC,-0.003916305684847771,-0.005718574655164381,0.0025117266923189163,0.016579695301630965,0.025952944088144334,0.009373248786513369,0.008230301347483298,0.011968026291524297,0.0011544124696246383
250,3,2,CTATCGCA,0.0014963981076649424,0.0014971772259286809,0.0014971774071455002,0.0,0.0,0.0,1.8121681932825595e-10,4.901691278424991e-07,2.0484056553193852e-06
250,3,2,CTATCGCA,0.0014963981076649424,0.0014971772259286809,0.0018173451535403728,0.0,0.0,0.0,0.000320167927611692,4.901691278424991e-07,2.0484056553193852e-06
250,3,2,CTATCGCA,0.0014963981076649424,0.0014971772259286809,0.0018173452699556947,0.0,0.0,0.0,0.0003201680440270138,4.901691278424991e-07,2.0484056553193852e-06
250,3,2,CTATCGCA,0.0014963981076649424,0.0014971772259286809,0.0014971774071455002,0.0,0.0,0.0,1.8121681932825595e-10,4.901691278424991e-07,2.0484056553193852e-06
250,4,5,CTATCGCA,0.15337387058672453,0.15233396329155474,0.11047309637069702,0.0,0.0,0.0,-0.04186086692085772,0.009921356618452726,0.004721820142603805
250,4,5,CTATCGCA,0.15337387058672453,0.15233396329155474,0.31404387950897217,0.0,0.0,0.0,0.16170991621741743,0.009921356618452726,0.004721820142603805
250,4,5,CTATCGCA,0.15337387058672453,0.15233396329155474,0.3326924741268158,0.0,0.0,0.0,0.18035851083526105,0.009921356618452726,0.004721820142603805
250,4,5,CTATCGCA,0.15337387058672453,0.15233396329155474,0.22742320597171783,0.0,0.0,0.0,0.07508924268016309,0.009921356618452726,0.004721820142603805
250,5,5,CTATCGCA,0.0028655400878629285,0.002867374571709114,0.0014651034725829959,0.0,0.0,0.0,-0.001402271099126118,3.3912052515780444e-07,9.51153975608382e-06
250,5,5,CTATCGCA,0.0028655400878629285,0.002867374571709114,0.0021636937744915485,0.0,0.0,0.0,-0.0007036807972175653,3.3912052515780444e-07,9.51153975608382e-06
250,5,5,CTATCGCA,0.0028655400878629285,0.002867374571709114,0.0027392487972974777,0.0,0.0,0.0,-0.00012812577441163615,3.3912052515780444e-07,9.51153975608382e-06
250,5,5,CTATCGCA,0.0028655400878629285,0.002867374571709114,0.0028462184127420187,0.0,0.0,0.0,-2.115615896709517e-05,3.3912052515780444e-07,9.51153975608382e-06
250,6,3,CGATCGCG,0.017760591823869337,0.017747031369556982,0.016943680122494698,0.0,0.0,0.0,-0.0008033512470622846,0.00018913285105001676,0.0001484514881129606
250,6,3,CGATCGCG,0.017760591823869337,0.017747031369556982,0.012112140655517578,0.0,0.0,0.0,-0.005634890714039404,0.00018913285105001676,0.0001484514881129606
250,6,3,CGATCGCG,0.017760591823869337,0.017747031369556982,0.02389315888285637,0.0,0.0,0.0,0.006146127513299387,0.00018913285105001676,0.0001484514881129606
250,6,3,CGATCGCG,0.017760591823869337,0.017747031369556982,0.01983404904603958,0.0,0.0,0.0,0.002087017676482599,0.00018913285105001676,0.0001484514881129606
250,7,4,CTATCGCA,0.004600015962348101,0.00460083643570397,0.00479821115732193,0.0,0.0,0.0,0.00019737472161796,8.86005067646245e-08,3.3704939302395265e-06
250,7,4,CTATCGCA,0.004600015962348101,0.00460083643570397,0.002727192360907793,0.0,0.0,0.0,-0.001873644074796177,8.86005067646245e-08,3.3704939302395265e-06
250,7,4,CTATCGCA,0.004600015962348101,0.00460083643570397,0.003626894438639283,0.0,0.0,0.0,-0.0009739419970646868,8.86005067646245e-08,3.3704939302395265e-06
250,7,4,CTATCGCA,0.004600015962348101,0.00460083643570397,0.0039550201036036015,0.0,0.0,0.0,-0.0006458163321003685,8.86005067646245e-08,3.3704939302395265e-06
250,8,3,CTATCGCA,0.009533581300002064,0.00953346298148161,0.015088729560375214,0.0,0.0,0.0,0.005555266578893603,9.06244291692948e-06,8.707487355569254e-06
250,8,3,CTATCGCA,0.009533581300002064,0.00953346298148161,0.0029787621460855007,0.0,0.0,0.0,-0.00655470083539611,9.06244291692948e-06,8.707487355569254e-06
250,8,3,CTATCGCA,0.009533581300002064,0.00953346298148161,0.0074690841138362885,0.0,0.0,0.0,-0.0020643788676453223,9.06244291692948e-06,8.707487355569254e-06
250,8,3,CTATCGCA,0.009533581300002064,0.00953346298148161,0.008262059651315212,0.0,0.0,0.0,-0.0012714033301663985,9.06244291692948e-06,8.707487355569254e-06
250,9,4,CTATCGCA,0.18702295525051213,0.1847633168618661,0.2568919062614441,0.0,0.0,0.0,0.072128589399578,0.011697219825929417,0.002658666271345256
250,9,4,CTATCGCA,0.18702295525051213,0.1847633168618661,0.5403460264205933,0.0,0.0,0.0,0.3555827095587272,0.011697219825929417,0.002658666271345256
250,9,4,CTATCGCA,0.18702295525051213,0.1847633168618661,0.16229036450386047,0.0,0.0,0.0,-0.022472952358005616,0.011697219825929417,0.002658666271345256
250,9,4,CTATCGCA,0.18702295525051213,0.1847633168618661,0.26276230812072754,0.0,0.0,0.0,0.07799899125886145,0.011697219825929417,0.002658666271345256
250,10,6,CTATCGCA,0.008882106896031926,0.008891026587246534,0.008573412895202637,0.0,0.0,0.0,-0.00031761369204389746,3.9386644055956765e-05,9.290479134360652e-05
250,10,6,CTATCGCA,0.008882106896031926,0.008891026587246534,0.0031526703387498856,0.0,0.0,0.0,-0.005738356248496649,3.9386644055956765e-05,9.290479134360652e-05
250,10,6,CTATCGCA,0.008882106896031926,0.008891026587246534,0.012423674575984478,0.0,0.0,0.0,0.003532647988737944,3.9386644055956765e-05,9.290479134360652e-05
250,10,6,CTATCGCA,0.008882106896031926,0.008891026587246534,0.006225462071597576,0.0,0.0,0.0,-0.002665564515648958,3.9386644055956765e-05,9.290479134360652e-05
250,11,5,CTATCGCA,0.14570859879385215,0.1439795858816419,0.14161275327205658,0.017011820223579693,0.026017860520192962,0.009006040296613269,-0.002366832609585312,0.010902384910812135,0.002257320349760894
250,11,5,CTATCGCG,0.07766131789953334,0.03990814380087002,-0.1393442153930664,-0.05103546067073911,-0.0780535815605789,-0.027018120889839792,-0.17925235919393642,0.2516489906984676,0.06288312020515097
250,11,5,CTATCGCA,0.14570859879385215,0.1439795858816419,0.31694889068603516,0.017011820223579693,0.026017860520192962,0.009006040296613269,0.17296930480439326,0.010902384910812135,0.002257320349760894
250,11,5,CTATCGCA,0.14570859879385215,0.1439795858816419,0.02075006254017353,0.017011820223579693,0.026017860520192962,0.009006040296613269,-0.12322952334146836,0.010902384910812135,0.002257320349760894
250,12,5,CTATCGCA,0.010637301207619257,0.01065648172859337,0.016354676336050034,0.0,0.0,0.0,0.005698194607456663,1.3880445511191275e-05,0.00010978305038175651
250,12,5,CTATCGCA,0.010637301207619257,0.01065648172859337,0.008602255024015903,0.0,0.0,0.0,-0.002054226704577467,1.3880445511191275e-05,0.00010978305038175651
250,12,5,CTATCGCA,0.010637301207619257,0.01065648172859337,0.0163732822984457,0.0,0.0,0.0,0.005716800569852331,1.3880445511191275e-05,0.00010978305038175651
250,12,5,CTATCGCA,0.010637301207619257,0.01065648172859337,0.008203171193599701,0.0,0.0,0.0,-0.0024533105349936694,1.3880445511191275e-05,0.00010978305038175651
250,13,3,TTTGGGCG,-0.1669135007388279,-0.167175877253208,-0.07225960493087769,-0.20820749825532445,-0.20852674386413916,-0.00031924560881471664,0.09491627232233033,0.0020218461603702664,0.0012347166172299584
250,13,3,TGTGGGCG,0.24950149577182099,0.24987761047507032,0.3366219699382782,0.20820749825532445,0.20852674386413916,0.00031924560881471664,0.08674435946320788,0.002845026543076168,0.003973370652824215
250,13,3,TGTGGGCG,0.24950149577182099,0.24987761047507032,0.10694831609725952,0.20820749825532445,0.20852674386413916,0.00031924560881471664,-0.1429292943778108,0.002845026543076168,0.003973370652824215
250,13,3,TTTGGGCG,-0.1669135007388279,-0.167175877253208,-0.046049654483795166,-0.20820749825532445,-0.20852674386413916,-0.00031924560881471664,0.12112622276941284,0.0020218461603702664,0.0012347166172299584
250,14,3,CTATCGCA,0.0022364565606175966,0.002236631515491657,0.0016970318974927068,0.0,0.0,0.0,-0.0005395996179989502,7.539307400605821e-09,5.324039295817595e-07
250,14,3,CTATCGCA,0.0022364565606175966,0.002236631515491657,0.0037807736080139875,0.0,0.0,0.0,0.0015441420925223306,7.539307400605821e-09,5.324039295817595e-07
250,14,3,CTATCGCA,0.0022364565606175966,0.002236631515491657,0.0020635996479541063,0.0,0.0,0.0,-0.00017303186753755062,7.539307400605821e-09,5.324039295817595e-07
250,14,3,CTATCGCA,0.0022364565606175966,0.002236631515491657,0.0028373096138238907,0.0,0.0,0.0,0.0006006780983322337,7.539307400605821e-09,5.324039295817595e-07
250,15,3,CTATCGCG,-0.1462238255382493,-0.1491264235616351,-0.13012516498565674,-0.13102475897181315,-0.1334719132986114,-0.002447154326798262,0.01900125857597837,0.10448683433602213,0.0957790402658647
250,15,3,CTATCGCA,0.02847585309083489,0.028836127503180098,0.022146103903651237,0.04367491965727105,0.0444906377662038,0.0008157181089327517,-0.00669002359952886,0.0006167526072497764,0.0016975758442853983
250,15,3,CTATCGCA,0.02847585309083489,0.028836127503180098,0.02819601073861122,0.04367491965727105,0.0444906377662038,0.0008157181089327517,-0.0006401167645688766,0.0006167526072497764,0.0016975758442853983
250,15,3,CTATCGCA,0.02847585309083489,0.028836127503180098,0.012598111294209957,0.04367491965727105,0.0444906377662038,0.0008157181089327517,-0.01623801620897014,0.0006167526072497764,0.0016975758442853983
250,16,5,TTTGGGCC,-0.0242128214288184,-0.027074856318326825,0.0014650672674179077,-0.026429581454868067,-0.025523582881275923,0.0009059985735921441,0.028539923585744732,0.015214627658709956,0.0009044532111678327
250,16,5,TTTGCGCC,-0.16805446829277892,-0.17915304303490148,-0.1124514639377594,-0.1702712283188286,-0.17760176959785057,-0.007330541279021968,0.06670157909714208,0.05976821250990172,0.004275338799288875
250,16,5,TTTAGGCC,0.100567164912898,0.10001140280251235,0.13724066317081451,0.09835040488684832,0.10156267623956325,0.0032122713527149294,0.03722926036830217,0.005495915761981829,0.0027171052100536386
250,16,5,TTTAGGCC,0.100567164912898,0.10001140280251235,0.03447569161653519,0.09835040488684832,0.10156267623956325,0.0032122713527149294,-0.06553571118597716,0.005495915761981829,0.0027171052100536386
250,17,3,CTATCGCA,0.23853632940563985,0.23657391705779052,0.1875210702419281,0.007859299058808278,0.025367185030012923,0.017507885971204645,-0.049052846815862416,0.009442370330694172,0.003555133287146184
250,17,3,CTATCGCG,0.20709913317040676,0.1351051769377388,0.184249609708786,-0.023577897176424806,-0.0761015550900388,-0.05252365791361399,0.049144432771047214,0.2858604007067975,0.06987853200879357
250,17,3,CTATCGCA,0.23853632940563985,0.23657391705779052,0.1851435899734497,0.007859299058808278,0.025367185030012923,0.017507885971204645,-0.05143032708434081,0.009442370330694172,0.003555133287146184
250,17,3,CTATCGCA,0.23853632940563985,0.23657391705779052,0.502327561378479,0.007859299058808278,0.025367185030012923,0.017507885971204645,0.2657536443206885,0.009442370330694172,0.003555133287146184
250,18,4,CTATCGCA,0.025875061675153806,0.026122089361024337,0.031089555472135544,0.0,0.0,0.0,0.004967466111111207,0.0003599947647098256,0.001348105508191949
250,18,4,CTATCGCA,0.025875061675153806,0.026122089361024337,0.016599439084529877,0.0,0.0,0.0,-0.00952265027649446,0.0003599947647098256,0.001348105508191949
250,18,4,CTATCGCA,0.025875061675153806,0.026122089361024337,0.027498170733451843,0.0,0.0,0.0,0.0013760813724275067,0.0003599947647098256,0.001348105508191949
250,18,4,CTATCGCA,0.025875061675153806,0.026122089361024337,0.01324679795652628,0.0,0.0,0.0,-0.012875291404498057,0.0003599947647098256,0.001348105508191949
250,19,2,CTATCGCA,0.0027863853125869587,0.0027864014547276383,0.0029234997928142548,0.0,0.0,0.0,0.00013709833808661642,3.2367442059921814e-11,3.23166488014337e-08
250,19,2,CTATCGCA,0.0027863853125869587,0.0027864014547276383,0.004082741681486368,0.0,0.0,0.0,0.0012963402267587298,3.2367442059921814e-11,3.23166488014337e-08
250,19,2,CTATCGCA,0.0027863853125869587,0.0027864014547276383,0.0027864312287420034,0.0,0.0,0.0,2.977401436510263e-08,3.2367442059921814e-11,3.23166488014337e-08
250,19,2,CTATCGCA,0.0027863853125869587,0.0027864014547276383,0.0020697417203336954,0.0,0.0,0.0,-0.0007166597343939429,3.2367442059921814e-11,3.23166488014337e-08
250,20,3,CTATCGCA,0.00139207945896494,0.0013922191619712976,0.0007996148196980357,0.0,0.0,0.0,-0.0005926043422732619,9.230028158446757e-09,4.283390472314963e-07
250,20,3,CTATCGCA,0.00139207945896494,0.0013922191619712976,0.0004778237489517778,0.0,0.0,0.0,-0.0009143954130195198,9.230028158446757e-09,4.283390472314963e-07
250,20,3,CTATCGCA,0.00139207945896494,0.0013922191619712976,0.001430882140994072,0.0,0.0,0.0,3.866297902277438e-05,9.230028158446757e-09,4.283390472314963e-07
250,20,3,CTATCGCA,0.00139207945896494,0.0013922191619712976,0.0009377670357935131,0.0,0.0,0.0,-0.0004544521261777845,9.230028158446757e-09,4.283390472314963e-07
250,21,2,CTATCGCA,0.0008684594623994402,0.0008685955845066928,0.00026678317226469517,0.0,0.0,0.0,-0.0006018124122419977,7.500155718709323e-09,2.797443702240443e-07
250,21,2,CTATCGCA,0.0008684594623994402,0.0008685955845066928,-0.00031432072864845395,0.0,0.0,0.0,-0.0011829163131551468,7.500155718709323e-09,2.797443702240443e-07
250,21,2,CTATCGCA,0.0008684594623994402,0.0008685955845066928,0.00026678317226469517,0.0,0.0,0.0,-0.0006018124122419977,7.500155718709323e-09,2.797443702240443e-07
250,21,2,CTATCGCA,0.0008684594623994402,0.0008685955845066928,0.0017610788345336914,0.0,0.0,0.0,0.0008924832500269986,7.500155718709323e-09,2.797443702240443e-07
250,22,4,CTATCGCA,0.18702295525051213,0.1847633168618661,0.018719132989645004,0.0,0.0,0.0,-0.16604418387222108,0.011697219825929417,0.002658666271345256
250,22,4,CTATCGCA,0.18702295525051213,0.1847633168618661,0.03240348398685455,0.0,0.0,0.0,-0.15235983287501154,0.011697219825929417,0.002658666271345256
250,22,4,CTATCGCA,0.18702295525051213,0.1847633168618661,0.13741639256477356,0.0,0.0,0.0,-0.04734692429709253,0.011697219825929417,0.002658666271345256
250,22,4,CTATCGCA,0.18702295525051213,0.1847633168618661,0.039538394659757614,0.0,0.0,0.0,-0.14522492220210848,0.011697219825929417,0.002658666271345256
250,23,3,CTATCGCA,0.03180617687152291,0.031919580401184554,0.045870617032051086,0.0,0.0,0.0,0.013951036630866533,0.0001274302722422127,0.00046764086122713655
250,23,3,CTATCGCA,0.03180617687152291,0.031919580401184554,0.03742748498916626,0.0,0.0,0.0,0.005507904587981706,0.0001274302722422127,0.00046764086122713655
250,23,3,CTATCGCA,0.03180617687152291,0.031919580401184554,0.01325162872672081,0.0,0.0,0.0,-0.018667951674463744,0.0001274302722422127,0.00046764086122713655
250,23,3,CTATCGCA,0.03180617687152291,0.031919580401184554,0.05364219844341278,0.0,0.0,0.0,0.021722618042228227,0.0001274302722422127,0.00046764086122713655
250,24,2,CTATCGCA,0.010048027042772467,0.010061074957775418,0.010061046108603477,0.0,0.0,0.0,-2.8849171940237284e-08,2.396250514680176e-07,2.6335455057369117e-05
250,24,2,CTATCGCA,0.010048027042772467,0.010061074957775418,0.01108924113214016,0.0,0.0,0.0,0.001028166174364742,2.396250514680176e-07,2.6335455057369117e-05
250,24,2,CTATCGCA,0.010048027042772467,0.010061074957775418,0.016936497762799263,0.0,0.0,0.0,0.006875422805023845,2.396250514680176e-07,2.6335455057369117e-05
250,24,2,CTATCGCA,0.010048027042772467,0.010061074957775418,0.01298467442393303,0.0,0.0,0.0,0.0029235994661576115,2.396250514680176e-07,2.6335455057369117e-05
250,25,3,CTATCGCA,0.03180617687152291,0.031919580401184554,0.007370875217020512,0.0,0.0,0.0,-0.024548705184164042,0.0001274302722422127,0.00046764086122713655
250,25,3,CTATCGCA,0.03180617687152291,0.031919580401184554,0.03428548574447632,0.0,0.0,0.0,0.0023659053432917646,0.0001274302722422127,0.00046764086122713655
250,25,3,CTATCGCA,0.03180617687152291,0.031919580401184554,0.02706327848136425,0.0,0.0,0.0,-0.004856301919820304,0.0001274302722422127,0.00046764086122713655
250,25,3,CTATCGCA,0.03180617687152291,0.031919580401184554,0.011473325081169605,0.0,0.0,0.0,-0.02044625532001495,0.0001274302722422127,0.00046764086122713655
250,26,6,CGATCGCG,0.3769891276436545,0.29122905934302984,-0.06262868642807007,0.17965691881746493,0.11668920894649859,-0.06296770987096634,-0.3538577457710999,0.5337637267420494,0.019203316938301462
250,26,6,CTATCGCA,0.13744656922036796,0.13564344741436507,0.23628410696983337,-0.059885639605821606,-0.03889640298216618,0.020989236623655427,0.1006406595554683,0.014414735235761866,0.0035960043997445013
250,26,6,CTATCGCA,0.13744656922036796,0.13564344741436507,0.14399179816246033,-0.059885639605821606,-0.03889640298216618,0.020989236623655427,0.008348350748095257,0.014414735235761866,0.0035960043997445013
250,26,6,CTATCGCA,0.13744656922036796,0.13564344741436507,0.01234535314142704,-0.059885639605821606,-0.03889640298216618,0.020989236623655427,-0.12329809427293803,0.014414735235761866,0.0035960043997445013
250,27,6,CTATCGCA,0.12077883287347445,0.11953606330413506,0.08551248162984848,-0.043447264497717644,-0.012867760741415088,0.030579503756302556,-0.03402358167428658,0.013412843077119985,0.0059562256610836695
250,27,6,CTATCGCA,0.12077883287347445,0.11953606330413506,0.1350497305393219,-0.043447264497717644,-0.012867760741415088,0.030579503756302556,0.015513667235186837,0.013412843077119985,0.0059562256610836695
250,27,6,CTATCGCG,0.06093164698369313,0.02945875739272393,-0.16703665256500244,-0.10329445038749896,-0.10294506665282623,0.0003493837346727341,-0.19649540995772638,0.2577128859575506,0.06887554841173538
250,27,6,CGATCGCG,0.35441507675412637,0.26108441218120654,0.6587356925010681,0.19018897938293428,0.1286805881356564,-0.06150839124727789,0.3976512803198616,0.5841621741055052,0.02417818666798599
250,28,5,CTATCGCA,0.02961392862710598,0.029717984389550624,0.026247480884194374,0.0,0.0,0.0,-0.0034705035053562497,0.00012953307105811884,0.0006498118832813371
250,28,5,CTATCGCA,0.02961392862710598,0.029717984389550624,0.018384985625743866,0.0,0.0,0.0,-0.011332998763806758,0.00012953307105811884,0.0006498118832813371
250,28,5,CTATCGCA,0.02961392862710598,0.029717984389550624,0.01927528902888298,0.0,0.0,0.0,-0.010442695360667643,0.00012953307105811884,0.0006498118832813371
250,28,5,CTATCGCA,0.02961392862710598,0.029717984389550624,0.01739894039928913,0.0,0.0,0.0,-0.012319043990261493,0.00012953307105811884,0.0006498118832813371
250,29,4,CTATCGCA,0.02623679811282746,0.026429179424136806,0.007189255207777023,0.034041377280249877,0.03427984211037935,0.00023846483012947284,-0.019239924216359783,0.000549862920755706,0.001319388165993085
250,29,4,CTATCGCA,0.02623679811282746,0.026429179424136806,0.029286472126841545,0.034041377280249877,0.03427984211037935,0.00023846483012947284,0.002857292702704739,0.000549862920755706,0.001319388165993085
250,29,4,CTATCGCG,-0.10992871100817203,-0.11069018901738059,-0.12534481287002563,-0.10212413184074962,-0.10283952633113805,-0.0007153944903884324,-0.014654623852645043,0.090140581633952,0.08709466959711776
250,29,4,CTATCGCA,0.02623679811282746,0.026429179424136806,0.027749376371502876,0.034041377280249877,0.03427984211037935,0.00023846483012947284,0.0013201969473660702,0.000549862920755706,0.001319388165993085
250,30,2,CTATCGCA,0.014343456232722207,0.01434528550998948,0.014345314353704453,0.0,0.0,0.0,2.8843714972026646e-08,1.9729127803680413e-06,5.631467314914929e-06
250,30,2,CTATCGCA,0.014343456232722207,0.01434528550998948,0.017100347205996513,0.0,0.0,0.0,0.002755061696007033,1.9729127803680413e-06,5.631467314914929e-06
250,30,2,CTATCGCA,0.014343456232722207,0.01434528550998948,0.013984957709908485,0.0,0.0,0.0,-0.0003603278000809951,1.9729127803680413e-06,5.631467314914929e-06
250,30,2,CTATCGCA,0.014343456232722207,0.01434528550998948,0.017100345343351364,0.0,0.0,0.0,0.0027550598333618836,1.9729127803680413e-06,5.631467314914929e-06
250,31,3,CTATCGCA,0.012234431331049095,0.012233146528539388,0.010822765529155731,0.0,0.0,0.0,-0.0014103809993836567,1.0204873897468048e-05,6.350466368348906e-06
250,31,3,CTATCGCA,0.012234431331049095,0.012233146528539388,0.013091139495372772,0.0,0.0,0.0,0.0008579929668333843,1.0204873897468048e-05,6.350466368348906e-06
250,31,3,CTATCGCA,0.012234431331049095,0.012233146528539388,0.010727083310484886,0.0,0.0,0.0,-0.0015060632180545017,1.0204873897468048e-05,6.350466368348906e-06
250,31,3,CTATCGCA,0.012234431331049095,0.012233146528539388,0.007726264651864767,0.0,0.0,0.0,-0.004506881876674621,1.0204873897468048e-05,6.350466368348906e-06
500,0,1,CTATCGCA,0.0011364868919372384,0.0011364868919372384,0.0011364868842065334,0.0,0.0,0.0,-7.73070496506989e-12,0.0,0.0
500,0,1,CTATCGCA,0.0011364868919372384,0.0011364868919372384,0.0011364868842065334,0.0,0.0,0.0,-7.73070496506989e-12,0.0,0.0
500,0,1,CTATCGCA,0.0011364868919372384,0.0011364868919372384,0.0011364868842065334,0.0,0.0,0.0,-7.73070496506989e-12,0.0,0.0
500,0,1,CTATCGCA,0.0011364868919372384,0.0011364868919372384,0.0011364868842065334,0.0,0.0,0.0,-7.73070496506989e-12,0.0,0.0
500,1,7,CTATCGCA,0.23539493946723958,0.22684174354986578,0.03036024235188961,0.0,0.0,0.0,-0.19648150119797617,0.06926333107950222,0.009390959657885833
500,1,7,CTATCGCA,0.23539493946723958,0.22684174354986578,0.2058178186416626,0.0,0.0,0.0,-0.02102392490820318,0.06926333107950222,0.009390959657885833
500,1,7,CTATCGCA,0.23539493946723958,0.22684174354986578,0.020128142088651657,0.0,0.0,0.0,-0.20671360146121412,0.06926333107950222,0.009390959657885833
500,1,7,CTATCGCA,0.23539493946723958,0.22684174354986578,0.20920635759830475,0.0,0.0,0.0,-0.017635385951561028,0.06926333107950222,0.009390959657885833
500,2,4,CTATCGCA,0.02905371531447206,0.02911066585219757,0.03674253448843956,0.0,0.0,0.0,0.00763186863624199,0.00020109217361711368,0.0004288943245191468
500,2,4,CTATCGCA,0.02905371531447206,0.02911066585219757,0.010454853996634483,0.0,0.0,0.0,-0.018655811855563087,0.00020109217361711368,0.0004288943245191468
500,2,4,CTATCGCA,0.02905371531447206,0.02911066585219757,0.01798594556748867,0.0,0.0,0.0,-0.0111247202847089,0.00020109217361711368,0.0004288943245191468
500,2,4,CTATCGCA,0.02905371531447206,0.02911066585219757,0.026454828679561615,0.0,0.0,0.0,-0.0026558371726359553,0.00020109217361711368,0.0004288943245191468
500,3,4,CTATCGCA,0.010452876944718184,0.010457138401143595,0.0005494115757755935,0.0,0.0,0.0,-0.009907726825368002,4.1894099809189345e-06,2.1235235682565134e-05
500,3,4,CTATCGCA,0.010452876944718184,0.010457138401143595,0.003213441465049982,0.0,0.0,0.0,-0.007243696936093613,4.1894099809189345e-06,2.1235235682565134e-05
500,3,4,CTATCGCA,0.010452876944718184,0.010457138401143595,0.0035155301447957754,0.0,0.0,0.0,-0.00694160825634782,4.1894099809189345e-06,2.1235235682565134e-05
500,3,4,CTATCGCA,0.010452876944718184,0.010457138401143595,0.006209810264408588,0.0,0.0,0.0,-0.004247328136735007,4.1894099809189345e-06,2.1235235682565134e-05
500,4,5,CTATCGCA,0.011924333495790241,0.01194389117614172,0.017500082030892372,0.0,0.0,0.0,0.005556190854750653,1.1994648624363835e-05,0.00010978305038175651
500,4,5,CTATCGCA,0.011924333495790241,0.01194389117614172,0.014937826432287693,0.0,0.0,0.0,0.002993935256145974,1.1994648624363835e-05,0.00010978305038175651
500,4,5,CTATCGCA,0.011924333495790241,0.01194389117614172,0.009284762665629387,0.0,0.0,0.0,-0.0026591285105123322,1.1994648624363835e-05,0.00010978305038175651
500,4,5,CTATCGCA,0.011924333495790241,0.01194389117614172,0.009280906058847904,0.0,0.0,0.0,-0.002662985117293815,1.1994648624363835e-05,0.00010978305038175651
500,5,5,CTATCGCA,0.020240960666272397,0.020134710340080277,0.009183092042803764,0.024061814129230967,0.027142911035241468,0.003081096906010501,-0.010951618297276512,0.0013556459054704512,0.0008243942745098376
500,5,5,CTATCGCA,0.020240960666272397,0.020134710340080277,0.023386072367429733,0.024061814129230967,0.027142911035241468,0.003081096906010501,0.0032513620273494567,0.0013556459054704512,0.0008243942745098376
500,5,5,CTATCGCA,0.020240960666272397,0.020134710340080277,0.019718162715435028,0.024061814129230967,0.027142911035241468,0.003081096906010501,-0.00041654762464524847,0.0013556459054704512,0.0008243942745098376
500,5,5,CGATCGCG,-0.07600629585065147,-0.0884369338008856,-0.12860310077667236,-0.0721854423876929,-0.0814287331057244,-0.00924329071803151,-0.04016616697578676,0.07941480782397647,0.017261618072805796
500,6,3,CTATCGCA,0.005848044502353202,0.005848475133057566,0.010943528264760971,0.0,0.0,0.0,0.005095053131703405,3.1046149817637314e-09,1.2949967280739827e-06
500,6,3,CTATCGCA,0.005848044502353202,0.005848475133057566,0.00636428315192461,0.0,0.0,0.0,0.0005158080188670438,3.1046149817637314e-09,1.2949967280739827e-06
500,6,3,CTATCGCA,0.005848044502353202,0.005848475133057566,0.004935664124786854,0.0,0.0,0.0,-0.0009128110082707126,3.1046149817637314e-09,1.2949967280739827e-06
500,6,3,CTATCGCA,0.005848044502353202,0.005848475133057566,0.006243186537176371,0.0,0.0,0.0,0.00039471140411880424,3.1046149817637314e-09,1.2949967280739827e-06
500,7,5,CTATCGCA,0.15387542495699497,0.15300906721502017,0.02000056952238083,0.18606326615844693,0.24476266126457444,0.05869939510612751,-0.13300849769263934,0.00905360885247769,0.004721820142603805
500,7,5,CTTGCGCG,-0.5903776396767928,-0.8260415778432776,-0.7133021354675293,-0.5581897984753408,-0.7342879837937233,-0.1760981853183825,0.11273944237574829,1.2555019350182217,0.07718224418579744
500,7,5,CTATCGCA,0.15387542495699497,0.15300906721502017,0.017150480300188065,0.18606326615844693,0.24476266126457444,0.05869939510612751,-0.1358585869148321,0.00905360885247769,0.004721820142603805
500,7,5,CTATCGCA,0.15387542495699497,0.15300906721502017,0.14175328612327576,0.18606326615844693,0.24476266126457444,0.05869939510612751,-0.01125578109174441,0.00905360885247769,0.004721820142603805
500,8,5,CGATCGCG,0.37011473335439654,0.31106568314692923,0.3863304853439331,0.16294782850360381,0.11953564357476576,-0.043412184928838055,0.07526480219700388,0.31276729629787026,0.01752204526053358
500,8,5,CTATCGCA,0.1528509620162581,0.15168482504724157,0.01570180431008339,-0.054315942834534614,-0.0398452145249219,0.014470728309612713,-0.13598302073715818,0.008809213180447445,0.0029785283353647163
500,8,5,CTATCGCA,0.1528509620162581,0.15168482504724157,0.1287960410118103,-0.054315942834534614,-0.0398452145249219,0.014470728309612713,-0.022888784035431264,0.008809213180447445,0.0029785283353647163
500,8,5,CTATCGCA,0.1528509620162581,0.15168482504724157,0.03283772990107536,-0.054315942834534614,-0.0398452145249219,0.014470728309612713,-0.1188470951461662,0.008809213180447445,0.0029785283353647163
500,9,6,CTATCGCA,0.02287338272166688,0.02304901660142855,0.0063800690695643425,0.0,0.0,0.0,-0.01666894753186421,0.0003492117713453924,0.0014030150499154126
500,9,6,CTATCGCA,0.02287338272166688,0.02304901660142855,0.02809767983853817,0.0,0.0,0.0,0.0050486632371096185,0.0003492117713453924,0.0014030150499154126
500,9,6,CTATCGCA,0.02287338272166688,0.02304901660142855,0.020594097673892975,0.0,0.0,0.0,-0.0024549189275355765,0.0003492117713453924,0.0014030150499154126
500,9,6,CTATCGCA,0.02287338272166688,0.02304901660142855,0.03198839724063873,0.0,0.0,0.0,0.008939380639210182,0.0003492117713453924,0.0014030150499154126
500,10,4,CTATCGCA,0.005436802205333907,0.0054383950664202985,0.0014777773758396506,0.0,0.0,0.0,-0.003960617690580648,3.240618999408862e-06,9.61206334497422e-06
500,10,4,CTATCGCA,0.005436802205333907,0.0054383950664202985,0.008019795641303062,0.0,0.0,0.0,0.002581400574882764,3.240618999408862e-06,9.61206334497422e-06
500,10,4,CTATCGCA,0.005436802205333907,0.0054383950664202985,0.0010138603392988443,0.0,0.0,0.0,-0.004424534727121454,3.240618999408862e-06,9.61206334497422e-06
500,10,4,CTATCGCA,0.005436802205333907,0.0054383950664202985,0.006330268457531929,0.0,0.0,0.0,0.0008918733911116306,3.240618999408862e-06,9.61206334497422e-06
500,11,2,CTATCGCA,0.0006848570505654239,0.0006849059864180163,0.000660490884911269,0.0,0.0,0.0,-2.4415101506747305e-05,9.056307259669438e-09,1.0692801244438499e-07
500,11,2,CTATCGCA,0.0006848570505654239,0.0006849059864180163,0.0007338259601965547,0.0,0.0,0.0,4.8919973778538406e-05,9.056307259669438e-09,1.0692801244438499e-07
500,11,2,CTATCGCA,0.0006848570505654239,0.0006849059864180163,0.0008665466448292136,0.0,0.0,0.0,0.00018164065841119736,9.056307259669438e-09,1.0692801244438499e-07
500,11,2,CTATCGCA,0.0006848570505654239,0.0006849059864180163,0.0005033250199630857,0.0,0.0,0.0,-0.0001815809664549306,9.056307259669438e-09,1.0692801244438499e-07
500,12,5,CTATCGCA,0.02548904462203382,0.02558020213044827,0.03595168888568878,0.0,0.0,0.0,0.010371486755240512,0.0001542760517330849,0.00061006359380536
500,12,5,CTATCGCA,0.02548904462203382,0.02558020213044827,0.021258948370814323,0.0,0.0,0.0,-0.004321253759633947,0.0001542760517330849,0.00061006359380536
500,12,5,CTATCGCA,0.02548904462203382,0.02558020213044827,0.03443894162774086,0.0,0.0,0.0,0.00885873949729259,0.0001542760517330849,0.00061006359380536
500,12,5,CTATCGCA,0.02548904462203382,0.02558020213044827,0.04106517508625984,0.0,0.0,0.0,0.015484972955811572,0.0001542760517330849,0.00061006359380536
500,13,2,CTATCGCA,0.0032859741925333474,0.0032862862468618914,0.0033502597361803055,0.0,0.0,0.0,6.397348931841407e-05,7.139743241069141e-10,6.248226314120586e-07
500,13,2,CTATCGCA,0.0032859741925333474,0.0032862862468618914,0.0038397295866161585,0.0,0.0,0.0,0.0005534433397542671,7.139743241069141e-10,6.248226314120586e-07
500,13,2,CTATCGCA,0.0032859741925333474,0.0032862862468618914,0.0032862864900380373,0.0,0.0,0.0,2.431761458865367e-10,7.139743241069141e-10,6.248226314120586e-07
500,13,2,CTATCGCA,0.0032859741925333474,0.0032862862468618914,0.0021793998312205076,0.0,0.0,0.0,-0.0011068864156413838,7.139743241069141e-10,6.248226314120586e-07
500,14,5,TTTGCGCG,0.12955804426654796,-0.23986867940131978,-0.21090102195739746,0.03166112015099576,-0.24531179575303103,-0.2769729159040268,0.028967657443922323,1.8987818427379062,0.05164822439856742
500,14,5,CTATCGCA,0.08734321739855362,0.08721371493605493,0.0199783556163311,-0.010553706716998582,0.08177059858434368,0.09232430530134227,-0.06723535931972383,0.007924236430673665,0.0072767241181801445
500,14,5,CTATCGCA,0.08734321739855362,0.08721371493605493,0.11919742077589035,-0.010553706716998582,0.08177059858434368,0.09232430530134227,0.031983705839835425,0.007924236430673665,0.0072767241181801445
500,14,5,CTATCGCA,0.08734321739855362,0.08721371493605493,0.08038643002510071,-0.010553706716998582,0.08177059858434368,0.09232430530134227,-0.006827284910954218,0.007924236430673665,0.0072767241181801445
500,15,2,CTATCGCA,0.0006848570505654239,0.0006849059864180163,0.0006849358323961496,0.0,0.0,0.0,2.984597813338041e-08,9.056307259669438e-09,1.0692801244438499e-07
500,15,2,CTATCGCA,0.0006848570505654239,0.0006849059864180163,0.0008176566334441304,0.0,0.0,0.0,0.00013275064702611417,9.056307259669438e-09,1.0692801244438499e-07
500,15,2,CTATCGCA,0.0006848570505654239,0.0006849059864180163,0.0005033250199630857,0.0,0.0,0.0,-0.0001815809664549306,9.056307259669438e-09,1.0692801244438499e-07
500,15,2,CTATCGCA,0.0006848570505654239,0.0006849059864180163,0.0005277700838632882,0.0,0.0,0.0,-0.0001571359025547281,9.056307259669438e-09,1.0692801244438499e-07
500,16,4,TTTGGGCC,-0.09278392880833197,-0.0954490881147313,-0.0236663855612278,-0.16877243306796624,-0.17039838492477533,-0.0016259518568090825,0.0717827025535035,0.0110562543498951,0.00039561712429780904
500,16,4,TTTAGGCC,0.13224598194895637,0.1317487584516358,0.1388300210237503,0.056257477689322086,0.056799461641591775,0.0005419839522696895,0.0070812625721144995,0.0030346130023692908,0.001045719013087032
500,16,4,TTTAGGCC,0.13224598194895637,0.1317487584516358,0.18346790969371796,0.056257477689322086,0.056799461641591775,0.0005419839522696895,0.05171915124208215,0.0030346130023692908,0.001045719013087032
500,16,4,TTTAGGCC,0.13224598194895637,0.1317487584516358,0.21342836320400238,0.056257477689322086,0.056799461641591775,0.0005419839522696895,0.08167960475236657,0.0030346130023692908,0.001045719013087032
500,17,3,CTATCGCA,0.001947773693914449,0.0019482387582677359,0.0009591931593604386,0.0,0.0,0.0,-0.0009890455989072973,1.8182652605780447e-10,1.3953748863870796e-06
500,17,3,CTATCGCA,0.001947773693914449,0.0019482387582677359,0.0014700740575790405,0.0,0.0,0.0,-0.0004781647006886953,1.8182652605780447e-10,1.3953748863870796e-06
500,17,3,CTATCGCA,0.001947773693914449,0.0019482387582677359,0.0020019470248371363,0.0,0.0,0.0,5.370826656940042e-05,1.8182652605780447e-10,1.3953748863870796e-06
500,17,3,CTATCGCA,0.001947773693914449,0.0019482387582677359,0.0012857327237725258,0.0,0.0,0.0,-0.0006625060344952101,1.8182652605780447e-10,1.3953748863870796e-06
500,18,5,TCTACGGC,0.23547234456279398,0.25351551572339925,-0.03560298681259155,0.051008578193315945,0.05555782181217492,0.0045492436188589724,-0.2891185025359908,0.04608458262191473,0.1363004384249411
500,18,5,TCTACGGC,0.23547234456279398,0.25351551572339925,0.5791623592376709,0.051008578193315945,0.05555782181217492,0.0045492436188589724,0.32564684351427164,0.04608458262191473,0.1363004384249411
500,18,5,TCTACGGC,0.23547234456279398,0.25351551572339925,0.25872567296028137,0.051008578193315945,0.05555782181217492,0.0045492436188589724,0.005210157236882118,0.04608458262191473,0.1363004384249411
500,18,5,TTTACGCC,0.03143803178953022,0.03128422847469956,-0.024389758706092834,-0.1530257345799478,-0.16667346543652478,-0.013647730856576973,-0.055673987180792396,0.012063888586666183,0.011294872012512891
500,19,2,TTTGGGCC,0.061630981146149344,0.06164154347220574,0.07825171947479248,0.0,0.0,0.0,0.01661017600258674,3.6734477332212023e-06,2.479809984601289e-05
500,19,2,TTTGGGCC,0.061630981146149344,0.06164154347220574,0.049927063286304474,0.0,0.0,0.0,-0.011714480185901266,3.6734477332212023e-06,2.479809984601289e-05
500,19,2,TTTGGGCC,0.061630981146149344,0.06164154347220574,0.08996617048978806,0.0,0.0,0.0,0.028324627017582316,3.6734477332212023e-06,2.479809984601289e-05
500,19,2,TTTGGGCC,0.061630981146149344,0.06164154347220574,9.643504745326936e-05,0.0,0.0,0.0,-0.06154510842475247,3.6734477332212023e-06,2.479809984601289e-05
500,20,2,CGATCGCG,0.0029797082708364897,0.0029797120587318204,0.0031451298855245113,0.0,0.0,0.0,0.0001654178267926909,3.579746499227099e-10,7.933765311385343e-09
500,20,2,CGATCGCG,0.0029797082708364897,0.0029797120587318204,0.0029796825256198645,0.0,0.0,0.0,-2.9533111955970526e-08,3.579746499227099e-10,7.933765311385343e-09
500,20,2,CGATCGCG,0.0029797082708364897,0.0029797120587318204,0.003509575966745615,0.0,0.0,0.0,0.0005298639080137946,3.579746499227099e-10,7.933765311385343e-09
500,20,2,CGATCGCG,0.0029797082708364897,0.0029797120587318204,0.0031451298855245113,0.0,0.0,0.0,0.0001654178267926909,3.579746499227099e-10,7.933765311385343e-09
500,21,3,CTATCGCA,0.0013057245048770743,0.0013057271203725425,0.0012600715272128582,0.0,0.0,0.0,-4.565559315968426e-05,9.704508252550426e-09,1.755099465761134e-08
500,21,3,CTATCGCA,0.0013057245048770743,0.0013057271203725425,0.0020326829981058836,0.0,0.0,0.0,0.0007269558777333411,9.704508252550426e-09,1.755099465761134e-08
500,21,3,CTATCGCA,0.0013057245048770743,0.0013057271203725425,0.0007567110005766153,0.0,0.0,0.0,-0.0005490161197959271,9.704508252550426e-09,1.755099465761134e-08
500,21,3,CTATCGCA,0.0013057245048770743,0.0013057271203725425,0.0011947483289986849,0.0,0.0,0.0,-0.00011097879137385758,9.704508252550426e-09,1.755099465761134e-08
500,22,5,TTTGCGCG,0.5232668973187595,0.5309903472359556,0.6480939388275146,0.3441636938303957,0.3604240993795528,0.016260405549157086,0.11710359159155903,0.013122366451594036,0.051739616037574265
500,22,5,TTTGCGCC,-0.25059984553209025,-0.27503267486260796,-0.26465603709220886,-0.4297030490204541,-0.4455989227190108,-0.015895873698556717,0.0103766377703991,0.12633567016670488,0.004171523514116315
500,22,5,TCTGCGCG,0.4728990575570672,0.48582096393582147,0.18877780437469482,0.29379585406870334,0.3152547160794186,0.02145886201071523,-0.29704315956112665,0.06375082527939391,0.12836035717316552
500,22,5,TGTGCGCG,-0.0291532953902812,-0.05951364488355768,0.1612115204334259,-0.208256498878645,-0.23007989273996055,-0.021823393861315543,0.22072516531698358,0.19571148438959574,0.043909736923213316
500,23,6,CTATCGCG,0.2106534326624827,0.16140899316722349,0.03205356001853943,0.03595822823541528,0.0020588509195904603,-0.03389937731582482,-0.12935543314868406,0.3569650177170405,0.06149838074548519
500,23,6,CTATCGCA,0.1627091283485957,0.15866385860776955,0.0056261722929775715,-0.011986076078471741,-0.0006862836398634775,0.011299792438608264,-0.15303768631479198,0.028766825587247635,0.004495207142290791
500,23,6,CTATCGCA,0.1627091283485957,0.15866385860776955,0.23861029744148254,-0.011986076078471741,-0.0006862836398634775,0.011299792438608264,0.079946438833713,0.028766825587247635,0.004495207142290791
500,23,6,CTATCGCA,0.1627091283485957,0.15866385860776955,0.15143902599811554,-0.011986076078471741,-0.0006862836398634775,0.011299792438608264,-0.007224832609654008,0.028766825587247635,0.004495207142290791
500,24,4,TGTGGGCG,-0.015385726862673157,-0.01588508654228049,-0.017168570309877396,-0.03806494318988664,-0.03683891760698113,0.0012260255829055072,-0.0012834837675969046,0.0022437120181119374,0.00024627329968260336
500,24,4,TGTGCGCG,0.1368740458968734,0.13147058388564403,0.10575813055038452,0.11419482956965993,0.11051675282094339,-0.0036780767487165356,-0.02571245333525951,0.04208783744116551,0.020473989396248005
500,24,4,TGTGGGCG,-0.015385726862673157,-0.01588508654228049,-0.014722920954227448,-0.03806494318988664,-0.03683891760698113,0.0012260255829055072,0.0011621655880530435,0.0022437120181119374,0.00024627329968260336
500,24,4,TGTGGGCG,-0.015385726862673157,-0.01588508654228049,-0.008858155459165573,-0.03806494318988664,-0.03683891760698113,0.0012260255829055072,0.007026931083114918,0.0022437120181119374,0.00024627329968260336
500,25,3,CTATCGCA,0.002141695638239146,0.00214216097853955,0.0024915719404816628,0.0,0.0,0.0,0.00034941096194211286,4.2063319494189955e-10,1.3964415344069891e-06
500,25,3,CTATCGCA,0.002141695638239146,0.00214216097853955,0.002018624683842063,0.0,0.0,0.0,-0.00012353629469748694,4.2063319494189955e-10,1.3964415344069891e-06
500,25,3,CTATCGCA,0.002141695638239146,0.00214216097853955,0.0026254227850586176,0.0,0.0,0.0,0.0004832618065190677,4.2063319494189955e-10,1.3964415344069891e-06
500,25,3,CTATCGCA,0.002141695638239146,0.00214216097853955,0.0025276090018451214,0.0,0.0,0.0,0.0003854480233055715,4.2063319494189955e-10,1.3964415344069891e-06
500,26,3,CTATCGCA,0.0015587573643027302,0.0015593200506316407,0.002078891498968005,0.0,0.0,0.0,0.0005195714483363645,4.278211618302663e-08,1.7308411029148818e-06
500,26,3,CTATCGCA,0.0015587573643027302,0.0015593200506316407,0.001968402648344636,0.0,0.0,0.0,0.00040908259771299527,4.278211618302663e-08,1.7308411029148818e-06
500,26,3,CTATCGCA,0.0015587573643027302,0.0015593200506316407,0.002460292773321271,0.0,0.0,0.0,0.0009009727226896302,4.278211618302663e-08,1.7308411029148818e-06
500,26,3,CTATCGCA,0.0015587573643027302,0.0015593200506316407,0.0011481288820505142,0.0,0.0,0.0,-0.0004111911685811265,4.278211618302663e-08,1.7308411029148818e-06
500,27,4,CTATCGCA,0.022966489525701864,0.02317675804695085,0.015608159825205803,0.036124467535894086,0.03906978894079616,0.002945321404902071,-0.007568598221745049,0.0007652612155669147,0.0016063353005628667
500,27,4,CTATCGCA,0.022966489525701864,0.02317675804695085,0.009976355358958244,0.036124467535894086,0.03906978894079616,0.002945321404902071,-0.013200402687992607,0.0007652612155669147,0.0016063353005628667
500,27,4,CTATCGCA,0.022966489525701864,0.02317675804695085,0.015294085256755352,0.036124467535894086,0.03906978894079616,0.002945321404902071,-0.0078826727901955,0.0007652612155669147,0.0016063353005628667
500,27,4,CTATCGCG,-0.1215313806178745,-0.13310239771623378,-0.16248631477355957,-0.10837340260768227,-0.11720936682238847,-0.008835964214706199,-0.029383917057325792,0.13380622323158775,0.08752215483815062
500,28,5,CTATCGCA,0.0026481035877187306,0.0026510586754854514,0.0015560481697320938,0.0,0.0,0.0,-0.0010950105057533576,4.0393061251711715e-08,1.481583189485644e-05
500,28,5,CTATCGCA,0.0026481035877187306,0.0026510586754854514,0.001697923755273223,0.0,0.0,0.0,-0.0009531349202122285,4.0393061251711715e-08,1.481583189485644e-05
500,28,5,CTATCGCA,0.0026481035877187306,0.0026510586754854514,0.0028350427746772766,0.0,0.0,0.0,0.0001839840991918252,4.0393061251711715e-08,1.481583189485644e-05
500,28,5,CTATCGCA,0.0026481035877187306,0.0026510586754854514,0.0025738519616425037,0.0,0.0,0.0,-7.720671384294766e-05,4.0393061251711715e-08,1.481583189485644e-05
500,29,2,CTATCGCA,0.0006848570505654239,0.0006849059864180163,0.0005277700838632882,0.0,0.0,0.0,-0.0001571359025547281,9.056307259669438e-09,1.0692801244438499e-07
500,29,2,CTATCGCA,0.0006848570505654239,0.0006849059864180163,0.0008665466448292136,0.0,0.0,0.0,0.00018164065841119736,9.056307259669438e-09,1.0692801244438499e-07
500,29,2,CTATCGCA,0.0006848570505654239,0.0006849059864180163,0.0005277700838632882,0.0,0.0,0.0,-0.0001571359025547281,9.056307259669438e-09,1.0692801244438499e-07
500,29,2,CTATCGCA,0.0006848570505654239,0.0006849059864180163,0.000660490884911269,0.0,0.0,0.0,-2.4415101506747305e-05,9.056307259669438e-09,1.0692801244438499e-07
500,30,3,CTATCGCA,0.0013057245048770743,0.0013057271203725425,0.001463668653741479,0.0,0.0,0.0,0.00015794153336893646,9.704508252550426e-09,1.755099465761134e-08
500,30,3,CTATCGCA,0.0013057245048770743,0.0013057271203725425,0.001641531358473003,0.0,0.0,0.0,0.00033580423810046045,9.704508252550426e-09,1.755099465761134e-08
500,30,3,CTATCGCA,0.0013057245048770743,0.0013057271203725425,0.0011482314439490438,0.0,0.0,0.0,-0.0001574956764234987,9.704508252550426e-09,1.755099465761134e-08
500,30,3,CTATCGCA,0.0013057245048770743,0.0013057271203725425,0.001463668653741479,0.0,0.0,0.0,0.00015794153336893646,9.704508252550426e-09,1.755099465761134e-08
500,31,4,CTATCGCA,0.0008699175852670184,0.0008700408092003897,0.0006296908832155168,0.0,0.0,0.0,-0.00024034992598487293,5.118902579592799e-09,4.980146360647475e-07
500,31,4,CTATCGCA,0.0008699175852670184,0.0008700408092003897,0.0007895411690697074,0.0,0.0,0.0,-8.049964013068234e-05,5.118902579592799e-09,4.980146360647475e-07
500,31,4,CTATCGCA,0.0008699175852670184,0.0008700408092003897,0.0006685168482363224,0.0,0.0,0.0,-0.00020152396096406733,5.118902579592799e-09,4.980146360647475e-07
500,31,4,CTATCGCA,0.0008699175852670184,0.0008700408092003897,0.0010760960867628455,0.0,0.0,0.0,0.00020605527756245579,5.118902579592799e-09,4.980146360647475e-07
1000,0,5,TTTGCGCG,0.5377319997340735,0.5408515605971951,0.6956818103790283,0.23263631947424152,0.2386234832158416,0.005987163741600077,0.15483024978183324,0.007041039861077181,0.022638844176685158
1000,0,5,TTTGCGCC,-0.3928132781628926,-0.4136423722661714,-0.3785458207130432,-0.6979089584227245,-0.7158704496475249,-0.017961491224800397,0.035096551553128186,0.10575455235749986,0.0016090818411057528
1000,0,5,TTTGCGCG,0.5377319997340735,0.5408515605971951,0.16518636047840118,0.23263631947424152,0.2386234832158416,0.005987163741600077,-0.3756652001187939,0.007041039861077181,0.022638844176685158
1000,0,5,TTTGCGCG,0.5377319997340735,0.5408515605971951,0.420086145401001,0.23263631947424152,0.2386234832158416,0.005987163741600077,-0.1207654151961941,0.007041039861077181,0.022638844176685158
1000,1,6,CTATCGCA,0.1227477796771857,0.12127430591980559,0.004430585075169802,0.1404169325390896,0.27048337948835244,0.13006644694926284,-0.11684372084463579,0.011800245247923669,0.0029594027036430326
1000,1,6,CTATCGCA,0.1227477796771857,0.12127430591980559,0.006996331736445427,0.1404169325390896,0.27048337948835244,0.13006644694926284,-0.11427797418336016,0.011800245247923669,0.0029594027036430326
1000,1,6,CGGTCGCG,-0.43891995047917276,-0.960659212033604,-0.8394098281860352,-0.42125079761726886,-0.8114501384650572,-0.39019934084778835,0.12124938384756889,3.134315148111615,0.0038795787850274266
1000,1,6,CTATCGCA,0.1227477796771857,0.12127430591980559,0.17209137976169586,0.1404169325390896,0.27048337948835244,0.13006644694926284,0.05081707384189027,0.011800245247923669,0.0029594027036430326
1000,2,4,CTATCGCA,0.00800985745966264,0.008016836312678577,0.010062532499432564,0.0,0.0,0.0,0.002045696186753987,1.131388571273817e-05,3.922929777648576e-05
1000,2,4,CTATCGCA,0.00800985745966264,0.008016836312678577,0.011153263971209526,0.0,0.0,0.0,0.003136427658530949,1.131388571273817e-05,3.922929777648576e-05
1000,2,4,CTATCGCA,0.00800985745966264,0.008016836312678577,0.004384540021419525,0.0,0.0,0.0,-0.0036322962912590517,1.131388571273817e-05,3.922929777648576e-05
1000,2,4,CTATCGCA,0.00800985745966264,0.008016836312678577,0.011867810040712357,0.0,0.0,0.0,0.0038509737280337797,1.131388571273817e-05,3.922929777648576e-05
1000,3,4,CTATCGCG,-0.13484691734708787,-0.12494836812562693,-0.12575438618659973,-0.11486526294778303,-0.1076548221967304,0.007210440751052635,-0.0008060180609728018,0.05226965485206758,0.09186385173791134
1000,3,4,CTATCGCA,0.018306766583289502,0.018591394803346928,0.01284082792699337,0.03828842098259434,0.035884940732243464,-0.0024034802503508784,-0.005750566876353558,0.00020751987648987003,0.001346032756719573
1000,3,4,CTATCGCA,0.018306766583289502,0.018591394803346928,0.014416299760341644,0.03828842098259434,0.035884940732243464,-0.0024034802503508784,-0.0041750950430052836,0.00020751987648987003,0.001346032756719573
1000,3,4,CTATCGCA,0.018306766583289502,0.018591394803346928,0.014379309490323067,0.03828842098259434,0.035884940732243464,-0.0024034802503508784,-0.004212085313023861,0.00020751987648987003,0.001346032756719573
1000,4,6,CTATCGCA,0.02309657919487153,0.02314467918220379,0.006334726698696613,0.026724547519788103,0.02581841947059734,-0.0009061280491907617,-0.01680995248350718,0.0001660044821128609,0.00045460440610639585
1000,4,6,CTATCGCA,0.02309657919487153,0.02314467918220379,0.019690867513418198,0.026724547519788103,0.02581841947059734,-0.0009061280491907617,-0.003453811668785594,0.0001660044821128609,0.00045460440610639585
1000,4,6,CTATCGCA,0.02309657919487153,0.02314467918220379,0.027933135628700256,0.026724547519788103,0.02581841947059734,-0.0009061280491907617,0.004788456446496465,0.0001660044821128609,0.00045460440610639585
1000,4,6,CTATCGCG,-0.08380161088428088,-0.08012899870018557,-0.12331157922744751,-0.08017364255936431,-0.07745525841179202,0.002718384147572292,-0.04318258052726194,0.03380238575423178,0.05583805885880366
1000,5,5,CTATCGCA,0.002221299208079833,0.002222285058308948,0.0016926705138757825,0.0,0.0,0.0,-0.0005296145444331655,4.981679809466788e-08,4.979067943671964e-06
1000,5,5,CTATCGCA,0.002221299208079833,0.002222285058308948,0.0013294767122715712,0.0,0.0,0.0,-0.0008928083460373768,4.981679809466788e-08,4.979067943671964e-06
1000,5,5,CTATCGCA,0.002221299208079833,0.002222285058308948,0.00236933003179729,0.0,0.0,0.0,0.00014704497348834184,4.981679809466788e-08,4.979067943671964e-06
1000,5,5,CTATCGCA,0.002221299208079833,0.002222285058308948,0.0027150872629135847,0.0,0.0,0.0,0.0004928022046046367,4.981679809466788e-08,4.979067943671964e-06
1000,6,7,TTTGCGCG,0.5061030790035436,0.5052400670648137,0.8440627455711365,0.14078475199144425,0.14279424745503788,0.0020094954635936357,0.33882267850632275,0.029617060793830974,0.023575977222721534
1000,6,7,TTTGCGCG,0.5061030790035436,0.5052400670648137,0.17880256474018097,0.14078475199144425,0.14279424745503788,0.0020094954635936357,-0.32643750232463276,0.029617060793830974,0.023575977222721534
1000,6,7,TTTGCGCG,0.5061030790035436,0.5052400670648137,0.4833078384399414,0.14078475199144425,0.14279424745503788,0.0020094954635936357,-0.02193222862487232,0.029617060793830974,0.023575977222721534
1000,6,7,TTTGGGCC,-0.057035928962233196,-0.06593692275533769,-0.2167131006717682,-0.4223542559743325,-0.42838274236511353,-0.006028486390781018,-0.1507761779164305,0.06437394459288326,0.002066988041151796
1000,7,3,CGGTCGCG,-0.4756287777731328,-0.9391863236758377,-0.5749771595001221,-0.4929574371345883,-0.694659397930738,-0.20170196079614977,0.3642091641757156,1.3907132284743604,4.059076624574054e-05
1000,7,3,CGGTCGCG,-0.4756287777731328,-0.9391863236758377,-0.6334201097488403,-0.4929574371345883,-0.694659397930738,-0.20170196079614977,0.3057662139269973,1.3907132284743604,4.059076624574054e-05
1000,7,3,CTATCGCG,0.5102860964960438,0.4501324721856384,0.6663392782211304,0.4929574371345883,0.694659397930738,0.20170196079614977,0.21620680603549197,0.18587407985127335,0.005413206920056979
1000,7,3,CTATCGCG,0.5102860964960438,0.4501324721856384,0.2597137689590454,0.4929574371345883,0.694659397930738,0.20170196079614977,-0.190418703226593,0.18587407985127335,0.005413206920056979
1000,8,2,CTATCGCA,0.033822642838122086,0.03387185867700282,0.04355515167117119,0.0,0.0,0.0,0.009683292994168369,0.00044558887934476044,0.0005440205571062284
1000,8,2,CTATCGCA,0.033822642838122086,0.03387185867700282,0.04355514422059059,0.0,0.0,0.0,0.009683285543587772,0.00044558887934476044,0.0005440205571062284
1000,8,2,CTATCGCA,0.033822642838122086,0.03387185867700282,0.03387191519141197,0.0,0.0,0.0,5.651440915244166e-08,0.00044558887934476044,0.0005440205571062284
1000,8,2,CTATCGCA,0.033822642838122086,0.03387185867700282,0.04355514422059059,0.0,0.0,0.0,0.009683285543587772,0.00044558887934476044,0.0005440205571062284
1000,9,6,CTATCGCA,0.1310174624782305,0.12670163610685817,0.10419053584337234,-0.06383978122023995,-0.04838832910287519,0.015451452117364761,-0.022511100263485823,0.03023000181185148,0.004335043583617582
1000,9,6,CGATCGCG,0.3863765873591903,0.32025495251835895,0.3571128845214844,0.19151934366071982,0.1451649873086256,-0.04635435635209423,0.036857932003125427,0.41256042153134587,0.015830612486357865
1000,9,6,CTATCGCA,0.1310174624782305,0.12670163610685817,0.00864417478442192,-0.06383978122023995,-0.04838832910287519,0.015451452117364761,-0.11805746132243625,0.03023000181185148,0.004335043583617582
1000,9,6,CTATCGCA,0.1310174624782305,0.12670163610685817,0.011508617550134659,-0.06383978122023995,-0.04838832910287519,0.015451452117364761,-0.11519301855672351,0.03023000181185148,0.004335043583617582
1000,10,4,CGATCGCG,0.7696864853619713,0.76519348929772,0.4386337101459503,0.28983366378924624,0.3645931568015234,0.07475949301227713,-0.3265597791517697,0.047352950212057376,0.029380965955052574
1000,10,4,CGATCGCG,0.7696864853619713,0.76519348929772,0.482661634683609,0.28983366378924624,0.3645931568015234,0.07475949301227713,-0.282531854614111,0.047352950212057376,0.029380965955052574
1000,10,4,CGATCGCG,0.7696864853619713,0.76519348929772,0.46206197142601013,0.28983366378924624,0.3645931568015234,0.07475949301227713,-0.3031315178717099,0.047352950212057376,0.029380965955052574
1000,10,4,CGGTCGCG,-0.38964816979501377,-0.6931791379083735,-0.8863343000411987,-0.8695009913677387,-1.09377947040457,-0.2242784790368313,-0.19315516213282524,1.2142312926805197,0.00010742022708076782
1000,11,4,CGATCGCG,-0.013553302711735028,-0.014682919983594389,-0.0674552172422409,0.0,0.0,0.0,-0.05277229725864652,0.0047717501249633365,0.00025328103752589315
1000,11,4,CGATCGCG,-0.013553302711735028,-0.014682919983594389,0.0059050871059298515,0.0,0.0,0.0,0.02058800708952424,0.0047717501249633365,0.00025328103752589315
1000,11,4,CGATCGCG,-0.013553302711735028,-0.014682919983594389,0.004325456917285919,0.0,0.0,0.0,0.01900837690088031,0.0047717501249633365,0.00025328103752589315
1000,11,4,CGATCGCG,-0.013553302711735028,-0.014682919983594389,0.014817675575613976,0.0,0.0,0.0,0.029500595559208365,0.0047717501249633365,0.00025328103752589315
1000,12,4,TTTAGGCC,0.0006216289055365355,0.0006217053149271123,0.0005324420635588467,0.0,0.0,0.0,-8.926325136826563e-05,2.2238370867011525e-10,3.0585994601622923e-07
1000,12,4,TTTAGGCC,0.0006216289055365355,0.0006217053149271123,0.0003589807893149555,0.0,0.0,0.0,-0.00026272452561215687,2.2238370867011525e-10,3.0585994601622923e-07
1000,12,4,TTTAGGCC,0.0006216289055365355,0.0006217053149271123,0.0006390875787474215,0.0,0.0,0.0,1.7382263820309163e-05,2.2238370867011525e-10,3.0585994601622923e-07
1000,12,4,TTTAGGCC,0.0006216289055365355,0.0006217053149271123,0.0009065038175322115,0.0,0.0,0.0,0.0002847985026050992,2.2238370867011525e-10,3.0585994601622923e-07
1000,13,6,CTATCGCA,0.1310174624782305,0.12670163610685817,0.13036654889583588,-0.06383978122023995,-0.04838832910287519,0.015451452117364761,0.003664912788977709,0.03023000181185148,0.004335043583617582
1000,13,6,CTATCGCA,0.1310174624782305,0.12670163610685817,0.019314274191856384,-0.06383978122023995,-0.04838832910287519,0.015451452117364761,-0.10738736191500178,0.03023000181185148,0.004335043583617582
1000,13,6,CGATCGCG,0.3863765873591903,0.32025495251835895,0.23580822348594666,0.19151934366071982,0.1451649873086256,-0.04635435635209423,-0.0844467290324123,0.41256042153134587,0.015830612486357865
1000,13,6,CTATCGCA,0.1310174624782305,0.12670163610685817,0.1089763343334198,-0.06383978122023995,-0.04838832910287519,0.015451452117364761,-0.017725301773438368,0.03023000181185148,0.004335043583617582
1000,14,3,CAATATAT,-0.14284663692535085,-0.14252778204960728,-0.06777787208557129,-0.05739727351254152,-0.05742763264222757,-3.035912968604726e-05,0.074749909964036,0.0034308898382997555,0.00438745446553046
1000,14,3,CAATATAT,-0.14284663692535085,-0.14252778204960728,-0.13008356094360352,-0.05739727351254152,-0.05742763264222757,-3.035912968604726e-05,0.012444221106003767,0.0034308898382997555,0.00438745446553046
1000,14,3,CAATATAT,-0.14284663692535085,-0.14252778204960728,-0.08079203963279724,-0.05739727351254152,-0.05742763264222757,-3.035912968604726e-05,0.06173574241681004,0.0034308898382997555,0.00438745446553046
1000,14,3,CGATATAT,0.08674245712481525,0.08718274851930301,0.07515629380941391,0.17219182053762458,0.17228289792668272,9.107738905814178e-05,-0.012026454709889098,0.0004215818738176891,0.001742456057280961
1000,15,4,CTATCGCA,0.023749004322939117,0.023802169876778634,0.004214566200971603,0.0,0.0,0.0,-0.01958760367580703,0.0004064264421086705,0.0006190886574667376
1000,15,4,CTATCGCA,0.023749004322939117,0.023802169876778634,0.015220950357615948,0.0,0.0,0.0,-0.008581219519162686,0.0004064264421086705,0.0006190886574667376
1000,15,4,CTATCGCA,0.023749004322939117,0.023802169876778634,0.002587500959634781,0.0,0.0,0.0,-0.021214668917143853,0.0004064264421086705,0.0006190886574667376
1000,15,4,CTATCGCA,0.023749004322939117,0.023802169876778634,0.04666920751333237,0.0,0.0,0.0,0.022867037636553733,0.0004064264421086705,0.0006190886574667376
1000,16,6,CTATCGCA,0.010004826292200885,0.010045955637930279,0.013070053420960903,0.0,0.0,0.0,0.0030240977830306246,1.6194906958151567e-06,0.0002483955650721681
1000,16,6,CTATCGCA,0.010004826292200885,0.010045955637930279,0.011170510202646255,0.0,0.0,0.0,0.001124554564715977,1.6194906958151567e-06,0.0002483955650721681
1000,16,6,CTATCGCA,0.010004826292200885,0.010045955637930279,0.011382990516722202,0.0,0.0,0.0,0.0013370348787919237,1.6194906958151567e-06,0.0002483955650721681
1000,16,6,CTATCGCA,0.010004826292200885,0.010045955637930279,0.006383413914591074,0.0,0.0,0.0,-0.0036625417233392046,1.6194906958151567e-06,0.0002483955650721681
1000,17,6,CAATCTCT,-0.1759362275712261,-0.21074111669422577,0.13326847553253174,-0.21696068276962568,-0.24134635612068878,-0.024385673351063092,0.34400959222675753,0.9034461990349989,0.694616864297001
1000,17,6,CTATCGCA,0.11334468278827481,0.11105402480002595,0.015113722532987595,0.07232022758987522,0.08044878537356293,0.008128557783687707,-0.09594030226703835,0.019700173590576908,0.0059562256610836695
1000,17,6,CTATCGCA,0.11334468278827481,0.11105402480002595,0.2364911437034607,0.07232022758987522,0.08044878537356293,0.008128557783687707,0.12543711890343473,0.019700173590576908,0.0059562256610836695
1000,17,6,CTATCGCA,0.11334468278827481,0.11105402480002595,0.16794395446777344,0.07232022758987522,0.08044878537356293,0.008128557783687707,0.05688992966774749,0.019700173590576908,0.0059562256610836695
1000,18,3,CGATCGCG,0.1868602983183998,0.1875006217689791,0.2080593705177307,0.10219391068626599,0.1026032557506875,0.0004093450644215152,0.020558748748751604,0.0030014774509525832,0.004922447802690577
1000,18,3,CTATCGCG,-0.017527523054132188,-0.017705889732395914,-0.010309312492609024,-0.10219391068626599,-0.10260325575068752,-0.00040934506442152907,0.00739657723978689,0.0006792829771318232,0.00014418294234064266
1000,18,3,CGATCGCG,0.1868602983183998,0.1875006217689791,0.27688926458358765,0.10219391068626599,0.1026032557506875,0.0004093450644215152,0.08938864281460854,0.0030014774509525832,0.004922447802690577
1000,18,3,CTATCGCG,-0.017527523054132188,-0.017705889732395914,-0.01558808982372284,-0.10219391068626599,-0.10260325575068752,-0.00040934506442152907,0.0021177999086730744,0.0006792829771318232,0.00014418294234064266
1000,19,4,CTATCGCG,-0.007346198588530264,-0.007590280320182274,0.00022179633378982544,-0.11336778657826654,-0.11224273437588653,0.001125052202380017,0.0078120766539721,0.003212891430525555,0.0022365645039175153
1000,19,4,CGATCGCG,0.1438108501824918,0.14206669884766643,0.1452614963054657,0.03778926219275551,0.037414244791962176,-0.00037501740079333434,0.00319479745779927,0.00979163540271033,0.0028150300634088854
1000,19,4,CGATCGCG,0.1438108501824918,0.14206669884766643,0.050730641931295395,0.03778926219275551,0.037414244791962176,-0.00037501740079333434,-0.09133605691637103,0.00979163540271033,0.0028150300634088854
1000,19,4,CGATCGCG,0.1438108501824918,0.14206669884766643,0.18011906743049622,0.03778926219275551,0.037414244791962176,-0.00037501740079333434,0.03805236858282979,0.00979163540271033,0.0028150300634088854
1000,20,8,CTATCGCA,0.19564407530098463,0.19034543712544427,0.02580629661679268,0.11747956617301167,0.16210367005472143,0.04462410388170976,-0.1645391405086516,0.05974965228414203,0.01736054687981925
1000,20,8,TTTGGGCC,-0.2742741893910621,-0.45806924309344144,-0.7395519018173218,-0.35243869851903503,-0.4863110101641643,-0.13387231164512925,-0.28148265872388034,1.4740824818308451,0.0037220522118099897
1000,20,8,CTATCGCA,0.19564407530098463,0.19034543712544427,0.2858934998512268,0.11747956617301167,0.16210367005472143,0.04462410388170976,0.09554806272578253,0.05974965228414203,0.01736054687981925
1000,20,8,CTATCGCA,0.19564407530098463,0.19034543712544427,0.006091403309255838,0.11747956617301167,0.16210367005472143,0.04462410388170976,-0.18425403381618843,0.05974965228414203,0.01736054687981925
1000,21,3,CTATCGCA,0.00166499396518896,0.0016652783593637348,0.000874643272254616,0.0,0.0,0.0,-0.0007906350871091188,1.2001009075390812e-09,8.543826252316311e-07
1000,21,3,CTATCGCA,0.00166499396518896,0.0016652783593637348,0.0016783098690211773,0.0,0.0,0.0,1.3031509657442488e-05,1.2001009075390812e-09,8.543826252316311e-07
1000,21,3,CTATCGCA,0.00166499396518896,0.0016652783593637348,0.0017705250065773726,0.0,0.0,0.0,0.00010524664721363775,1.2001009075390812e-09,8.543826252316311e-07
1000,21,3,CTATCGCA,0.00166499396518896,0.0016652783593637348,0.001372039900161326,0.0,0.0,0.0,-0.00029323845920240887,1.2001009075390812e-09,8.543826252316311e-07
1000,22,7,CTATCGCA,0.23385776092063604,0.228536786925681,0.207411989569664,0.0,0.0,0.0,-0.021124797356016994,0.05307278502425716,0.015825967059571955
1000,22,7,CTATCGCA,0.23385776092063604,0.228536786925681,0.001930026337504387,0.0,0.0,0.0,-0.2266067605881766,0.05307278502425716,0.015825967059571955
1000,22,7,CTATCGCA,0.23385776092063604,0.228536786925681,0.03210649639368057,0.0,0.0,0.0,-0.19643029053200042,0.05307278502425716,0.015825967059571955
1000,22,7,CTATCGCA,0.23385776092063604,0.228536786925681,0.5494846701622009,0.0,0.0,0.0,0.3209478832365199,0.05307278502425716,0.015825967059571955
1000,23,6,CTATCGCA,0.012936365040583967,0.013082558977356662,0.016396014019846916,0.0,0.0,0.0,0.0033134550424902542,0.0005258514292792449,0.0014030150499154126
1000,23,6,CTATCGCA,0.012936365040583967,0.013082558977356662,0.012148401699960232,0.0,0.0,0.0,-0.0009341572773964302,0.0005258514292792449,0.0014030150499154126
1000,23,6,CTATCGCA,0.012936365040583967,0.013082558977356662,0.01490875892341137,0.0,0.0,0.0,0.0018261999460547074,0.0005258514292792449,0.0014030150499154126
1000,23,6,CTATCGCA,0.012936365040583967,0.013082558977356662,0.015003368258476257,0.0,0.0,0.0,0.0019208092811195954,0.0005258514292792449,0.0014030150499154126
1000,24,1,CTATCGCA,0.002963511666166596,0.002963511666166596,0.00296374992467463,0.0,0.0,0.0,2.3825850803405046e-07,0.0,0.0
1000,24,1,CTATCGCA,0.002963511666166596,0.002963511666166596,0.00296374992467463,0.0,0.0,0.0,2.3825850803405046e-07,0.0,0.0
1000,24,1,CTATCGCA,0.002963511666166596,0.002963511666166596,0.00296374992467463,0.0,0.0,0.0,2.3825850803405046e-07,0.0,0.0
1000,24,1,CTATCGCA,0.002963511666166596,0.002963511666166596,0.00296374992467463,0.0,0.0,0.0,2.3825850803405046e-07,0.0,0.0
1000,25,5,CTATCGCA,0.013911389566493435,0.013940400554103682,0.005172833800315857,0.0,0.0,0.0,-0.008767566753787825,3.415032260810011e-06,0.00014846997031205122
1000,25,5,CTATCGCA,0.013911389566493435,0.013940400554103682,0.020042991265654564,0.0,0.0,0.0,0.006102590711550882,3.415032260810011e-06,0.00014846997031205122
1000,25,5,CTATCGCA,0.013911389566493435,0.013940400554103682,0.025512557476758957,0.0,0.0,0.0,0.011572156922655275,3.415032260810011e-06,0.00014846997031205122
1000,25,5,CTATCGCA,0.013911389566493435,0.013940400554103682,0.017848515883088112,0.0,0.0,0.0,0.00390811532898443,3.415032260810011e-06,0.00014846997031205122
1000,26,2,CTATCGCA,0.0033042719657598307,0.003304584322449955,0.0033624188508838415,0.0,0.0,0.0,5.783452843388659e-05,1.0925116367133114e-10,6.248226314120586e-07
1000,26,2,CTATCGCA,0.0033042719657598307,0.003304584322449955,0.0038028154522180557,0.0,0.0,0.0,0.0004982311297681008,1.0925116367133114e-10,6.248226314120586e-07
1000,26,2,CTATCGCA,0.0033042719657598307,0.003304584322449955,0.0033624188508838415,0.0,0.0,0.0,5.783452843388659e-05,1.0925116367133114e-10,6.248226314120586e-07
1000,26,2,CTATCGCA,0.0033042719657598307,0.003304584322449955,0.0038606501184403896,0.0,0.0,0.0,0.0005560657959904347,1.0925116367133114e-10,6.248226314120586e-07
1000,27,4,CTATCGCA,0.006285806002834156,0.006289351850644609,0.00478174677118659,0.0,0.0,0.0,-0.0015076050794580187,2.887997618133964e-08,1.4212271217992067e-05
1000,27,4,CTATCGCA,0.006285806002834156,0.006289351850644609,0.011318517848849297,0.0,0.0,0.0,0.005029165998204688,2.887997618133964e-08,1.4212271217992067e-05
1000,27,4,CTATCGCA,0.006285806002834156,0.006289351850644609,0.01153121329843998,0.0,0.0,0.0,0.005241861447795371,2.887997618133964e-08,1.4212271217992067e-05
1000,27,4,CTATCGCA,0.006285806002834156,0.006289351850644609,0.00498496787622571,0.0,0.0,0.0,-0.001304383974418899,2.887997618133964e-08,1.4212271217992067e-05
1000,28,5,CTATCGCA,0.018454475957512678,0.018654221009869687,0.013383984565734863,0.03280905091628476,0.03092160789798899,-0.0018874430182957737,-0.005270236444134824,0.00034636766688164733,0.0013450929286666913
1000,28,5,CTATCGCA,0.018454475957512678,0.018654221009869687,0.02063378319144249,0.03280905091628476,0.03092160789798899,-0.0018874430182957737,0.0019795621815728026,0.00034636766688164733,0.0013450929286666913
1000,28,5,CTATCGCG,-0.11278172770762636,-0.10503221058208627,-0.08806183934211731,-0.09842715274885427,-0.09276482369396696,0.005662329054887311,0.01697037123996896,0.050018572430567954,0.08876615805826837
1000,28,5,CTATCGCA,0.018454475957512678,0.018654221009869687,0.010914769023656845,0.03280905091628476,0.03092160789798899,-0.0018874430182957737,-0.007739451986212842,0.00034636766688164733,0.0013450929286666913
1000,29,4,TTTAGGCC,0.14190910275845636,0.14187102316702516,0.10236211866140366,0.044310685711997255,0.04462475240792571,0.0003140666959284555,-0.0395089045056215,0.002162944971299652,0.002010626605574828
1000,29,4,TTTGGGCC,-0.035333640089532686,-0.036627986464677686,0.06908829510211945,-0.1329320571359918,-0.13387425722377713,-0.0009422000877853387,0.10571628156679713,0.005813530096137498,0.0006361445955574974
1000,29,4,TTTAGGCC,0.14190910275845636,0.14187102316702516,0.10968045890331268,0.044310685711997255,0.04462475240792571,0.0003140666959284555,-0.03219056426371247,0.002162944971299652,0.002010626605574828
1000,29,4,TTTAGGCC,0.14190910275845636,0.14187102316702516,0.1509855091571808,0.044310685711997255,0.04462475240792571,0.0003140666959284555,0.00911448599015563,0.002162944971299652,0.002010626605574828
1000,30,3,CTATCGCG,0.4974132893644041,0.44097494670293386,0.003609493374824524,0.13965802752143947,0.20714091660435466,0.06748288908291519,-0.43736545332810933,0.17634764831807215,0.007032620333661477
1000,30,3,CGGTCGCG,-0.4558059011994153,-0.8309284283572601,-0.6066970229148865,-0.8135611630423799,-1.0647624584558393,-0.25120129541345937,0.22423140544237363,1.1262172046015868,0.0008496231280522015
1000,30,3,CGATCGCG,0.8920003698424656,0.8843146553457092,0.48979508876800537,0.534245107999501,0.65048062524713,0.11623551724762904,-0.3945195665777038,0.03335383033674111,0.010296686846472003
1000,30,3,CTATCGCG,0.4974132893644041,0.44097494670293386,0.6141514182090759,0.13965802752143947,0.20714091660435466,0.06748288908291519,0.17317647150614207,0.17634764831807215,0.007032620333661477
1000,31,4,CTATCGCA,0.0013072151489050138,0.001307666924070361,0.0021767052821815014,0.0,0.0,0.0,0.0008690383581111405,2.1949595210846162e-08,1.829050256599296e-06
1000,31,4,CTATCGCA,0.0013072151489050138,0.001307666924070361,0.0019835673738271,0.0,0.0,0.0,0.0006759004497567389,2.1949595210846162e-08,1.829050256599296e-06
1000,31,4,CTATCGCA,0.0013072151489050138,0.001307666924070361,0.0010372998658567667,0.0,0.0,0.0,-0.0002703670582135942,2.1949595210846162e-08,1.829050256599296e-06
1000,31,4,CTATCGCA,0.0013072151489050138,0.001307666924070361,0.0006604315713047981,0.0,0.0,0.0,-0.0006472353527655628,2.1949595210846162e-08,1.829050256599296e-06
2000,0,6,TTTAGGCA,0.10032232666092493,-0.18369940235275717,-0.32484573125839233,0.08749522718465033,-0.12264539379965267,-0.210140620984303,-0.14114632890563517,2.093428305083587,0.38929793100149457
2000,0,6,TTTAGGCC,-0.016337976251942183,-0.020172210619886943,0.0028571859002113342,-0.02916507572821678,0.040881797933217556,0.07004687366143433,0.023029396520098278,0.02314035947084958,0.00013495326318102574
2000,0,6,TTTAGGCC,-0.016337976251942183,-0.020172210619886943,-0.04723009839653969,-0.02916507572821678,0.040881797933217556,0.07004687366143433,-0.027057887776652745,0.02314035947084958,0.00013495326318102574
2000,0,6,TTTAGGCC,-0.016337976251942183,-0.020172210619886943,-0.020179634913802147,-0.02916507572821678,0.040881797933217556,0.07004687366143433,-7.424293915203606e-06,0.02314035947084958,0.00013495326318102574
2000,1,2,CTATCGCG,-0.15027229796007546,-0.14901926310994895,-0.08668416738510132,-0.12044398903418042,-0.11951080860308139,0.0009331804310990371,0.06233509572484763,0.0003398803162331099,0.0028459500164861318
2000,1,2,CTATCGCA,0.010319687418831769,0.010328481694159564,0.01352008432149887,0.04014799634472681,0.03983693620102713,-0.00031106014369967905,0.0031916026273393072,1.1368065548911233e-06,1.872535721048063e-05
2000,1,2,CTATCGCA,0.010319687418831769,0.010328481694159564,0.006410149857401848,0.04014799634472681,0.03983693620102713,-0.00031106014369967905,-0.003918331836757716,1.1368065548911233e-06,1.872535721048063e-05
2000,1,2,CTATCGCA,0.010319687418831769,0.010328481694159564,0.007863601669669151,0.04014799634472681,0.03983693620102713,-0.00031106014369967905,-0.0024648800244904123,1.1368065548911233e-06,1.872535721048063e-05
2000,2,3,CTATCGCA,0.000509645242290265,0.0005096546715176083,0.0005161845474503934,0.0,0.0,0.0,6.529875932785091e-06,2.163154932954825e-10,2.8503997523410263e-08
2000,2,3,CTATCGCA,0.000509645242290265,0.0005096546715176083,0.0004587791336234659,0.0,0.0,0.0,-5.087553789414245e-05,2.163154932954825e-10,2.8503997523410263e-08
2000,2,3,CTATCGCA,0.000509645242290265,0.0005096546715176083,0.0006180140771903098,0.0,0.0,0.0,0.00010835940567270142,2.163154932954825e-10,2.8503997523410263e-08
2000,2,3,CTATCGCA,0.000509645242290265,0.0005096546715176083,0.0006726443534716964,0.0,0.0,0.0,0.00016298968195408803,2.163154932954825e-10,2.8503997523410263e-08
2000,3,4,CTATCGCA,0.010138290626576198,0.010156680570806431,0.005742425099015236,0.0,0.0,0.0,-0.004414255471791195,1.4096656703807553e-06,7.496944259131194e-05
2000,3,4,CTATCGCA,0.010138290626576198,0.010156680570806431,0.0069433110766112804,0.0,0.0,0.0,-0.0032133694941951507,1.4096656703807553e-06,7.496944259131194e-05
2000,3,4,CTATCGCA,0.010138290626576198,0.010156680570806431,0.012561138719320297,0.0,0.0,0.0,0.002404458148513866,1.4096656703807553e-06,7.496944259131194e-05
2000,3,4,CTATCGCA,0.010138290626576198,0.010156680570806431,0.008209224790334702,0.0,0.0,0.0,-0.0019474557804717296,1.4096656703807553e-06,7.496944259131194e-05
2000,4,2,CTATCGCA,0.0017978215388847474,0.0017979207223106641,0.002202369039878249,0.0,0.0,0.0,0.00040444831756758504,2.2714536918044814e-09,2.0063830552530248e-07
2000,4,2,CTATCGCA,0.0017978215388847474,0.0017979207223106641,0.0017979207914322615,0.0,0.0,0.0,6.912159733474255e-11,2.2714536918044814e-09,2.0063830552530248e-07
2000,4,2,CTATCGCA,0.0017978215388847474,0.0017979207223106641,0.0012750012101605535,0.0,0.0,0.0,-0.0005229195121501107,2.2714536918044814e-09,2.0063830552530248e-07
2000,4,2,CTATCGCA,0.0017978215388847474,0.0017979207223106641,0.0015956965507939458,0.0,0.0,0.0,-0.00020222417151671834,2.2714536918044814e-09,2.0063830552530248e-07
2000,5,4,CTATCGCA,0.007942456246089297,0.007945755665720866,0.005146052688360214,0.0,0.0,0.0,-0.002799702977360652,3.482828475006444e-05,4.802596327634079e-05
2000,5,4,CTATCGCA,0.007942456246089297,0.007945755665720866,0.003446935210376978,0.0,0.0,0.0,-0.004498820455343888,3.482828475006444e-05,4.802596327634079e-05
2000,5,4,CTATCGCA,0.007942456246089297,0.007945755665720866,0.013564897701144218,0.0,0.0,0.0,0.005619142035423352,3.482828475006444e-05,4.802596327634079e-05
2000,5,4,CTATCGCA,0.007942456246089297,0.007945755665720866,0.00933733582496643,0.0,0.0,0.0,0.0013915801592455646,3.482828475006444e-05,4.802596327634079e-05
2000,6,6,CTATCGCA,0.019559563381734684,0.019571782711411984,0.011819237843155861,0.0,0.0,0.0,-0.007752544868256123,0.000381288428042581,0.00045460440610639585
2000,6,6,CTATCGCA,0.019559563381734684,0.019571782711411984,0.013151286169886589,0.0,0.0,0.0,-0.006420496541525395,0.000381288428042581,0.00045460440610639585
2000,6,6,CTATCGCA,0.019559563381734684,0.019571782711411984,0.009839517064392567,0.0,0.0,0.0,-0.009732265647019418,0.000381288428042581,0.00045460440610639585
2000,6,6,CTATCGCA,0.019559563381734684,0.019571782711411984,0.01068517193198204,0.0,0.0,0.0,-0.008886610779429944,0.000381288428042581,0.00045460440610639585
2000,7,4,CTATCGCA,0.012001234744157416,0.012379758366094507,0.016064614057540894,0.0,0.0,0.0,0.003684855691446387,0.0009805369792668661,0.002494631467015229
2000,7,4,CTATCGCA,0.012001234744157416,0.012379758366094507,0.0004952639574185014,0.0,0.0,0.0,-0.011884494408676005,0.0009805369792668661,0.002494631467015229
2000,7,4,CTATCGCA,0.012001234744157416,0.012379758366094507,0.012170989066362381,0.0,0.0,0.0,-0.00020876929973212555,0.0009805369792668661,0.002494631467015229
2000,7,4,CTATCGCA,0.012001234744157416,0.012379758366094507,0.015219353139400482,0.0,0.0,0.0,0.0028395947733059757,0.0009805369792668661,0.002494631467015229
2000,8,5,CTATCGCA,0.024129544726041025,0.024228071400505157,0.018782105296850204,0.0,0.0,0.0,-0.005445966103654953,0.00026794537651089745,0.0007605787488315641
2000,8,5,CTATCGCA,0.024129544726041025,0.024228071400505157,0.01281704567372799,0.0,0.0,0.0,-0.011411025726777168,0.00026794537651089745,0.0007605787488315641
2000,8,5,CTATCGCA,0.024129544726041025,0.024228071400505157,0.016970885917544365,0.0,0.0,0.0,-0.007257185482960792,0.00026794537651089745,0.0007605787488315641
2000,8,5,CTATCGCA,0.024129544726041025,0.024228071400505157,0.02672906592488289,0.0,0.0,0.0,0.0025009945243777316,0.00026794537651089745,0.0007605787488315641
2000,9,2,CTATCGCA,0.03434455625758476,0.03443611303282523,0.037032924592494965,0.03762063666675834,0.03669416399111469,-0.0009264726756436498,0.0025968115596697317,0.0003609070066252773,0.0005440205571062284
2000,9,2,CTATCGCG,-0.11613799040944861,-0.11234054293163354,-0.11234080791473389,-0.11286191000027503,-0.11008249197334408,0.0027794180269309493,-2.649831003509462e-07,0.05531288192531436,0.06290777688094451
2000,9,2,CTATCGCA,0.03434455625758476,0.03443611303282523,0.026366591453552246,0.03762063666675834,0.03669416399111469,-0.0009264726756436498,-0.008069521579272987,0.0003609070066252773,0.0005440205571062284
2000,9,2,CTATCGCA,0.03434455625758476,0.03443611303282523,0.03703291714191437,0.03762063666675834,0.03669416399111469,-0.0009264726756436498,0.0025968041090891347,0.0003609070066252773,0.0005440205571062284
2000,10,5,CTATCGCA,0.12602925008338867,0.12152411428617835,0.19965818524360657,-0.07262894676511239,-0.05316738031579357,0.019461566449318818,0.07813407095742822,0.024782999335812406,0.002257320349760894
2000,10,5,CTATCGCA,0.12602925008338867,0.12152411428617835,0.2450796365737915,-0.07262894676511239,-0.05316738031579357,0.019461566449318818,0.12355552228761316,0.024782999335812406,0.002257320349760894
2000,10,5,CTATCGCG,0.07714709016102753,0.0480448328887725,0.03652094304561615,-0.12151110668747353,-0.1266466617131994,-0.00513555502572588,-0.011523889843156353,0.20839440656642605,0.06288312020515097
2000,10,5,CGATCGCG,0.4654271970661994,0.4076729169467585,0.13973090052604675,0.26676900021769834,0.23298142234478658,-0.033787577872911756,-0.26794201642071175,0.31102514519526325,0.022253744598058844
2000,11,2,CTATCGCA,0.010319687418831769,0.010328481694159564,0.010328482836484909,0.0,0.0,0.0,1.1423253454267979e-09,1.1368065548911233e-06,1.872535721048063e-05
2000,11,2,CTATCGCA,0.010319687418831769,0.010328481694159564,0.010328482836484909,0.0,0.0,0.0,1.1423253454267979e-09,1.1368065548911233e-06,1.872535721048063e-05
2000,11,2,CTATCGCA,0.010319687418831769,0.010328481694159564,0.011055205017328262,0.0,0.0,0.0,0.0007267233231686987,1.1368065548911233e-06,1.872535721048063e-05
2000,11,2,CTATCGCA,0.010319687418831769,0.010328481694159564,0.01352008432149887,0.0,0.0,0.0,0.0031916026273393072,1.1368065548911233e-06,1.872535721048063e-05
2000,12,4,CTATCGCA,0.1605727729042838,0.15684507541333892,0.12522877752780914,0.0,0.0,0.0,-0.031616297885529776,0.017695081197640072,0.002784291233860592
2000,12,4,CTATCGCA,0.1605727729042838,0.15684507541333892,0.3619217872619629,0.0,0.0,0.0,0.20507671184862397,0.017695081197640072,0.002784291233860592
2000,12,4,CTATCGCA,0.1605727729042838,0.15684507541333892,0.11347384005784988,0.0,0.0,0.0,-0.043371235355489035,0.017695081197640072,0.002784291233860592
2000,12,4,CTATCGCA,0.1605727729042838,0.15684507541333892,0.3311537504196167,0.0,0.0,0.0,0.17430867500627778,0.017695081197640072,0.002784291233860592
2000,13,4,CTATCGCA,0.012001234744157416,0.012379758366094507,0.012489259243011475,0.0,0.0,0.0,0.00010950087691696808,0.0009805369792668661,0.002494631467015229
2000,13,4,CTATCGCA,0.012001234744157416,0.012379758366094507,0.00911683589220047,0.0,0.0,0.0,-0.0032629224738940366,0.0009805369792668661,0.002494631467015229
2000,13,4,CTATCGCA,0.012001234744157416,0.012379758366094507,0.009682374075055122,0.0,0.0,0.0,-0.002697384291039384,0.0009805369792668661,0.002494631467015229
2000,13,4,CTATCGCA,0.012001234744157416,0.012379758366094507,0.011416949331760406,0.0,0.0,0.0,-0.0009628090343341,0.0009805369792668661,0.002494631467015229
2000,14,5,CTATCGCA,0.14168008107073674,0.13582561414841035,0.11358840763568878,-0.08526765039854853,-0.07108247421919117,0.014185176179357356,-0.02223720651272157,0.03304510229554536,0.003772767683913436
2000,14,5,CTATCGCA,0.14168008107073674,0.13582561414841035,0.013420358300209045,-0.08526765039854853,-0.07108247421919117,0.014185176179357356,-0.1224052558482013,0.03304510229554536,0.003772767683913436
2000,14,5,CTATCGCA,0.14168008107073674,0.13582561414841035,0.2874719500541687,-0.08526765039854853,-0.07108247421919117,0.014185176179357356,0.15164633590575835,0.03304510229554536,0.003772767683913436
2000,14,5,CGATCGCG,0.4827506826649309,0.420155511025175,0.003377974033355713,0.2558029511956456,0.2132474226575735,-0.042555528538072124,-0.4167775369918193,0.33287119073480675,0.019895332536027155
2000,15,3,CTATCGCA,0.0016603041970946197,0.001660587852812645,0.001085629453882575,0.0,0.0,0.0,-0.00057495839893007,3.415471155898686e-09,8.543826252316311e-07
2000,15,3,CTATCGCA,0.0016603041970946197,0.001660587852812645,0.001869774074293673,0.0,0.0,0.0,0.00020918622148102806,3.415471155898686e-09,8.543826252316311e-07
2000,15,3,CTATCGCA,0.0016603041970946197,0.001660587852812645,0.0008002016111277044,0.0,0.0,0.0,-0.0008603862416849406,3.415471155898686e-09,8.543826252316311e-07
2000,15,3,CTATCGCA,0.0016603041970946197,0.001660587852812645,0.0018372120102867484,0.0,0.0,0.0,0.00017662415747410343,3.415471155898686e-09,8.543826252316311e-07
2000,16,4,CTATCGCA,0.0005756922315938735,0.0005757015875138549,0.00029095070203766227,0.0,0.0,0.0,-0.00028475088547619265,1.7536498003734025e-08,5.496017792955277e-08
2000,16,4,CTATCGCA,0.0005756922315938735,0.0005757015875138549,0.0004098898498341441,0.0,0.0,0.0,-0.0001658117376797108,1.7536498003734025e-08,5.496017792955277e-08
2000,16,4,CTATCGCA,0.0005756922315938735,0.0005757015875138549,0.0003753548953682184,0.0,0.0,0.0,-0.0002003466921456365,1.7536498003734025e-08,5.496017792955277e-08
2000,16,4,CTATCGCA,0.0005756922315938735,0.0005757015875138549,0.000531840487383306,0.0,0.0,0.0,-4.386110013054889e-05,1.7536498003734025e-08,5.496017792955277e-08
2000,17,4,CTATCGCA,0.0017454470278992426,0.0017456432391705912,0.0025245342403650284,0.0,0.0,0.0,0.0007788910011944372,9.09049122851946e-08,8.757499976794203e-07
2000,17,4,CTATCGCA,0.0017454470278992426,0.0017456432391705912,0.0011352163273841143,0.0,0.0,0.0,-0.0006104269117864769,9.09049122851946e-08,8.757499976794203e-07
2000,17,4,CTATCGCA,0.0017454470278992426,0.0017456432391705912,0.0014489286113530397,0.0,0.0,0.0,-0.0002967146278175514,9.09049122851946e-08,8.757499976794203e-07
2000,17,4,CTATCGCA,0.0017454470278992426,0.0017456432391705912,0.0019912063144147396,0.0,0.0,0.0,0.00024556307524414844,9.09049122851946e-08,8.757499976794203e-07
2000,18,6,TTTAGGCC,0.12552016054443402,0.12514366337705965,0.21249955892562866,0.13199817882705822,0.13788562587597109,0.005887447048912864,0.08735589554856901,0.005802389548604958,0.003543406544358918
2000,18,6,TTTGGGCC,-0.07020072532349597,-0.07414448901253667,-0.10556897521018982,-0.06372270704087178,-0.061402526513625245,0.002320180527246536,-0.031424486197653145,0.02578789828600314,0.002125316151758927
2000,18,6,TTTAGGCC,0.12552016054443402,0.12514366337705965,0.20790109038352966,0.13199817882705822,0.13788562587597109,0.005887447048912864,0.08275742700647001,0.005802389548604958,0.003543406544358918
2000,18,6,TGTGGGCC,-0.20675166889586882,-0.22711068773722834,-0.428661048412323,-0.20027365061324465,-0.2143687252383169,-0.014095074625072257,-0.20155036067509466,0.136292610688316,0.014138497640158842
2000,19,3,CTATCGCA,0.0019183244802296606,0.001918788941272472,0.002268553478643298,0.0,0.0,0.0,0.00034976453737082624,1.9917579530126517e-09,1.3953748863870796e-06
2000,19,3,CTATCGCA,0.0019183244802296606,0.001918788941272472,0.0015513970283791423,0.0,0.0,0.0,-0.0003673919128933296,1.9917579530126517e-09,1.3953748863870796e-06
2000,19,3,CTATCGCA,0.0019183244802296606,0.001918788941272472,0.002228659810498357,0.0,0.0,0.0,0.0003098708692258849,1.9917579530126517e-09,1.3953748863870796e-06
2000,19,3,CTATCGCA,0.0019183244802296606,0.001918788941272472,0.001522363512776792,0.0,0.0,0.0,-0.00039642542849567986,1.9917579530126517e-09,1.3953748863870796e-06
2000,20,5,CAATATAT,-0.06612068806912515,-0.06583350908285261,-0.07386709749698639,-0.1107615339110182,-0.11129638333291964,-0.0005348494219014344,-0.008033588414133777,0.008751572776151573,0.01018746770751422
2000,20,5,CGATATAT,0.0815613571455658,0.08256166869437358,0.013201761990785599,0.036920511303672736,0.03709879444430655,0.00017828314063381145,-0.06935990670358798,0.001281826857540358,0.006283384601579289
2000,20,5,CGATATAT,0.0815613571455658,0.08256166869437358,0.05213422700762749,0.036920511303672736,0.03709879444430655,0.00017828314063381145,-0.03042744168674609,0.001281826857540358,0.006283384601579289
2000,20,5,CGATATAT,0.0815613571455658,0.08256166869437358,0.06742092221975327,0.036920511303672736,0.03709879444430655,0.00017828314063381145,-0.015140746474620312,0.001281826857540358,0.006283384601579289
2000,21,6,CTATCGCA,0.20529909077479544,0.17270941419401828,0.18972784280776978,-0.05659679184480801,0.01326441731837713,0.06986120916318514,0.017018428613751496,0.2074002377275227,0.011862178242859844
2000,21,6,TTTGCGCG,0.43168625815402756,0.11965174492050974,-0.5273776054382324,0.1697903755344241,-0.039793251955131406,-0.2095836274895555,-0.6470293503587422,1.9048901689754225,0.03268308957431554
2000,21,6,CTATCGCA,0.20529909077479544,0.17270941419401828,0.38462233543395996,-0.05659679184480801,0.01326441731837713,0.06986120916318514,0.21191292123994168,0.2074002377275227,0.011862178242859844
2000,21,6,CTATCGCA,0.20529909077479544,0.17270941419401828,0.37171030044555664,-0.05659679184480801,0.01326441731837713,0.06986120916318514,0.19900088625153836,0.2074002377275227,0.011862178242859844
2000,22,4,CTATCGCA,0.01731475900190803,0.01757506627945793,0.008973529562354088,0.0,0.0,0.0,-0.008601536717103841,0.0002384237290372626,0.0012796528392368667
2000,22,4,CTATCGCA,0.01731475900190803,0.01757506627945793,0.00826525129377842,0.0,0.0,0.0,-0.00930981498567951,0.0002384237290372626,0.0012796528392368667
2000,22,4,CTATCGCA,0.01731475900190803,0.01757506627945793,0.0012673231540247798,0.0,0.0,0.0,-0.01630774312543315,0.0002384237290372626,0.0012796528392368667
2000,22,4,CTATCGCA,0.01731475900190803,0.01757506627945793,0.011836450546979904,0.0,0.0,0.0,-0.005738615732478025,0.0002384237290372626,0.0012796528392368667
2000,23,5,TTTGGGCC,0.02263837556927034,0.021961527575489904,0.012065708637237549,0.0,0.0,0.0,-0.009895818938252355,0.003906857899420857,0.0005226179305186651
2000,23,5,TTTGGGCC,0.02263837556927034,0.021961527575489904,-0.008543461561203003,0.0,0.0,0.0,-0.030504989136692907,0.003906857899420857,0.0005226179305186651
2000,23,5,TTTGGGCC,0.02263837556927034,0.021961527575489904,0.04574739933013916,0.0,0.0,0.0,0.023785871754649256,0.003906857899420857,0.0005226179305186651
2000,23,5,TTTGGGCC,0.02263837556927034,0.021961527575489904,0.03127637505531311,0.0,0.0,0.0,0.009314847479823207,0.003906857899420857,0.0005226179305186651
2000,24,7,CTATCGCA,0.0982239126751089,0.09705300004644027,0.010712414979934692,0.008038756556018517,0.0114301845124761,0.003391427956457582,-0.08634058506650558,0.01197931646314071,0.003782928062460389
2000,24,7,CTATCGCA,0.0982239126751089,0.09705300004644027,0.22489601373672485,0.008038756556018517,0.0114301845124761,0.003391427956457582,0.12784301369028458,0.01197931646314071,0.003782928062460389
2000,24,7,CTATCGCA,0.0982239126751089,0.09705300004644027,0.009910785593092442,0.008038756556018517,0.0114301845124761,0.003391427956457582,-0.08714221445334783,0.01197931646314071,0.003782928062460389
2000,24,7,CTATCGCG,0.06606888645103481,0.05133226199653583,0.08978687226772308,-0.024116269668055565,-0.03429055353742834,-0.010174283869372774,0.03845461027118725,0.1642767433679837,0.0611203721864908
2000,25,3,CTATCGCA,0.0032023162890220855,0.0032038271342066014,0.004306455608457327,0.0,0.0,0.0,0.0011026284742507255,4.866085887011984e-08,4.58119641241761e-06
2000,25,3,CTATCGCA,0.0032023162890220855,0.0032038271342066014,0.0030490539502352476,0.0,0.0,0.0,-0.00015477318397135375,4.866085887011984e-08,4.58119641241761e-06
2000,25,3,CTATCGCA,0.0032023162890220855,0.0032038271342066014,0.0048807524144649506,0.0,0.0,0.0,0.0016769252802583492,4.866085887011984e-08,4.58119641241761e-06
2000,25,3,CTATCGCA,0.0032023162890220855,0.0032038271342066014,0.003050326369702816,0.0,0.0,0.0,-0.00015350076450378536,4.866085887011984e-08,4.58119641241761e-06
2000,26,4,CTATCGCA,0.0005756922315938735,0.0005757015875138549,0.0005846160347573459,0.0,0.0,0.0,8.914447243490997e-06,1.7536498003734025e-08,5.496017792955277e-08
2000,26,4,CTATCGCA,0.0005756922315938735,0.0005757015875138549,0.0005688349483534694,0.0,0.0,0.0,-6.866639160385546e-06,1.7536498003734025e-08,5.496017792955277e-08
2000,26,4,CTATCGCA,0.0005756922315938735,0.0005757015875138549,0.0003128942917101085,0.0,0.0,0.0,-0.0002628072958037464,1.7536498003734025e-08,5.496017792955277e-08
2000,26,4,CTATCGCA,0.0005756922315938735,0.0005757015875138549,0.00036273972364142537,0.0,0.0,0.0,-0.00021296186387242955,1.7536498003734025e-08,5.496017792955277e-08
2000,27,4,CGGTCGCG,-0.4284198307393386,-0.9012711025548773,-0.008454147726297379,-0.5977987200650936,-0.906272270761029,-0.3084735506959354,0.8928169548285799,1.891811751467643,0.00040666420548807203
2000,27,4,CTATCGCG,0.36864512934745297,0.30709192512649475,0.5534303188323975,0.1992662400216979,0.30209075692034304,0.10282451689864514,0.24633839370590271,0.2742397779685408,0.028026961084707924
2000,27,4,CTATCGCG,0.36864512934745297,0.30709192512649475,0.5075377225875854,0.1992662400216979,0.30209075692034304,0.10282451689864514,0.2004457974610907,0.2742397779685408,0.028026961084707924
2000,27,4,CTATCGCG,0.36864512934745297,0.30709192512649475,0.17015807330608368,0.1992662400216979,0.30209075692034304,0.10282451689864514,-0.13693385182041107,0.2742397779685408,0.028026961084707924
2000,28,4,TTTAGGCC,0.1264705957336365,0.126547058823124,0.036454759538173676,0.0,0.0,0.0,-0.09009229928495033,0.00038437282877085144,0.0006902251867207942
2000,28,4,TTTAGGCC,0.1264705957336365,0.126547058823124,0.19006161391735077,0.0,0.0,0.0,0.06351455509422677,0.00038437282877085144,0.0006902251867207942
2000,28,4,TTTAGGCC,0.1264705957336365,0.126547058823124,0.16683563590049744,0.0,0.0,0.0,0.04028857707737343,0.00038437282877085144,0.0006902251867207942
2000,28,4,TTTAGGCC,0.1264705957336365,0.126547058823124,0.19616058468818665,0.0,0.0,0.0,0.06961352586506264,0.00038437282877085144,0.0006902251867207942
2000,29,2,CGATATAT,0.02961283255305258,0.029749741835985333,0.02974974364042282,0.0,0.0,0.0,1.8044374883174896e-09,2.305687471615414e-06,0.00027612425333711776
2000,29,2,CGATATAT,0.02961283255305258,0.029749741835985333,0.029785610735416412,0.0,0.0,0.0,3.5868899431079626e-05,2.305687471615414e-06,0.00027612425333711776
2000,29,2,CGATATAT,0.02961283255305258,0.029749741835985333,0.020979836583137512,0.0,0.0,0.0,-0.00876990525284782,2.305687471615414e-06,0.00027612425333711776
2000,29,2,CGATATAT,0.02961283255305258,0.029749741835985333,0.02971387468278408,0.0,0.0,0.0,-3.586715320125222e-05,2.305687471615414e-06,0.00027612425333711776
2000,30,4,CTATCGCA,0.010807375933660338,0.010914334465231379,0.011662276461720467,0.0,0.0,0.0,0.0007479419964890877,0.0018131976581382547,0.0022410317844224203
2000,30,4,CTATCGCA,0.010807375933660338,0.010914334465231379,0.010560005903244019,0.0,0.0,0.0,-0.0003543285619873604,0.0018131976581382547,0.0022410317844224203
2000,30,4,CTATCGCA,0.010807375933660338,0.010914334465231379,0.01187453418970108,0.0,0.0,0.0,0.0009601997244697014,0.0018131976581382547,0.0022410317844224203
2000,30,4,CTATCGCA,0.010807375933660338,0.010914334465231379,0.0058310553431510925,0.0,0.0,0.0,-0.005083279122080286,0.0018131976581382547,0.0022410317844224203
2000,31,7,CTATCGCA,0.010454016268678975,0.010473025166719298,0.0017847783165052533,0.0,0.0,0.0,-0.008688246850214045,1.0652936155673698e-05,0.00014371522243793178
2000,31,7,CTATCGCA,0.010454016268678975,0.010473025166719298,0.01162843219935894,0.0,0.0,0.0,0.0011554070326396416,1.0652936155673698e-05,0.00014371522243793178
2000,31,7,CTATCGCA,0.010454016268678975,0.010473025166719298,0.014577052555978298,0.0,0.0,0.0,0.004104027389259,1.0652936155673698e-05,0.00014371522243793178
2000,31,7,CTATCGCA,0.010454016268678975,0.010473025166719298,0.002288325224071741,0.0,0.0,0.0,-0.008184699942647557,1.0652936155673698e-05,0.00014371522243793178
5000,0,2,TTTAGGCC,0.01668978828787443,0.016689715164829977,0.016689715906977654,0.0,0.0,0.0,7.421476766467094e-10,8.615603195316623e-07,7.153142306259852e-07
5000,0,2,TTTAGGCC,0.01668978828787443,0.016689715164829977,0.01791299134492874,0.0,0.0,0.0,0.0012232761800987646,8.615603195316623e-07,7.153142306259852e-07
5000,0,2,TTTAGGCC,0.01668978828787443,0.016689715164829977,0.004550658632069826,0.0,0.0,0.0,-0.01213905653276015,8.615603195316623e-07,7.153142306259852e-07
5000,0,2,TTTAGGCC,0.01668978828787443,0.016689715164829977,0.01345887966454029,0.0,0.0,0.0,-0.003230835500289686,8.615603195316623e-07,7.153142306259852e-07
5000,1,3,CTATCGCA,0.02605015985427231,0.026088942175217955,0.03181624412536621,0.02883154482664448,0.029619517590472506,0.0007879727638280265,0.005727301950148256,0.0004598088930176658,0.0005761558558546043
5000,1,3,CTATCGCG,-0.08927601945230561,-0.09238912818667207,-0.09000802040100098,-0.08649463447993344,-0.08885855277141752,-0.0023639182914840795,0.002381107785671091,0.07100092193948182,0.06166159573638241
5000,1,3,CTATCGCA,0.02605015985427231,0.026088942175217955,0.016130711883306503,0.02883154482664448,0.029619517590472506,0.0007879727638280265,-0.009958230291911452,0.0004598088930176658,0.0005761558558546043
5000,1,3,CTATCGCA,0.02605015985427231,0.026088942175217955,0.020628677681088448,0.02883154482664448,0.029619517590472506,0.0007879727638280265,-0.0054602644941295075,0.0004598088930176658,0.0005761558558546043
5000,2,6,CTATCGCA,0.20347699328352795,0.17031191793707703,0.005821253638714552,0.1623486135472904,0.22605407131919222,0.06370545777190181,-0.16449066429836248,0.2175526823419831,0.018562230263277746
5000,2,6,CTATCGCA,0.20347699328352795,0.17031191793707703,0.181671142578125,0.1623486135472904,0.22605407131919222,0.06370545777190181,0.011359224641047966,0.2175526823419831,0.018562230263277746
5000,2,6,CTATCGCA,0.20347699328352795,0.17031191793707703,0.11545984447002411,0.1623486135472904,0.22605407131919222,0.06370545777190181,-0.054852073467052925,0.2175526823419831,0.018562230263277746
5000,2,6,TTTGGGCC,-0.4459174609056337,-0.7339043673396919,-0.8740400075912476,-0.48704584064187123,-0.6781622139575767,-0.19111637331570547,-0.14013564025155567,1.7312902341132714,0.0033687955089223287
5000,3,6,CTATCGCA,0.01663703139081323,0.01663094289733369,0.010623512789607048,0.027228921268450005,0.028332507680340752,0.0011035864118907474,-0.006007430107726641,0.0014925784134750542,0.0014560474525978084
5000,3,6,CGATCGCG,0.004216111507337065,0.0005126284745854784,-0.04800832271575928,0.014808001384973842,0.012214193257592541,-0.0025938081273813012,-0.048520951190344754,0.03812925587731719,0.015908357680807672
5000,3,6,CTATCGCA,0.01663703139081323,0.01663094289733369,0.018857169896364212,0.027228921268450005,0.028332507680340752,0.0011035864118907474,0.002226226999030523,0.0014925784134750542,0.0014560474525978084
5000,3,6,CTATCGCG,-0.07985773379951062,-0.08058077340128111,-0.09207063913345337,-0.06926584392187385,-0.06887920861827405,0.00038663530359979437,-0.011489865732172255,0.08943601231786191,0.085097774707239
5000,4,5,CTATCGCA,0.09052241620186711,0.09056445037325993,0.08312492817640305,0.0,0.0,0.0,-0.007439522196856882,0.007066553261216052,0.0072767241181801445
5000,4,5,CTATCGCA,0.09052241620186711,0.09056445037325993,0.08036480098962784,0.0,0.0,0.0,-0.01019964938363209,0.007066553261216052,0.0072767241181801445
5000,4,5,CTATCGCA,0.09052241620186711,0.09056445037325993,0.09396739304065704,0.0,0.0,0.0,0.003402942667397116,0.007066553261216052,0.0072767241181801445
5000,4,5,CTATCGCA,0.09052241620186711,0.09056445037325993,0.10987098515033722,0.0,0.0,0.0,0.01930653477707729,0.007066553261216052,0.0072767241181801445
5000,5,6,CGATCGCG,0.34921600152417026,0.28471880690506285,0.31003469228744507,0.158212130092852,0.11111819205405282,-0.04709393803879919,0.02531588538238222,0.4028137802010021,0.015830612486357865
5000,5,6,CTATCGCA,0.1382664947337009,0.1365612174996591,0.12358224391937256,-0.052737376697617355,-0.03703939735135092,0.015697979346266433,-0.012978973580286546,0.014566706987868272,0.004335043583617582
5000,5,6,CTATCGCA,0.1382664947337009,0.1365612174996591,0.023074612021446228,-0.052737376697617355,-0.03703939735135092,0.015697979346266433,-0.11348660547821288,0.014566706987868272,0.004335043583617582
5000,5,6,CTATCGCA,0.1382664947337009,0.1365612174996591,0.11247540265321732,-0.052737376697617355,-0.03703939735135092,0.015697979346266433,-0.02408581484644179,0.014566706987868272,0.004335043583617582
5000,6,6,TTTGCGCG,0.615948138583016,0.5620215539580702,0.523818850517273,0.5107279475308258,0.5089012507144288,-0.001826696816397022,-0.03820270344079724,0.3336153366553113,0.010055828905636055
5000,6,6,TTTAGGCC,0.04257873955605753,-0.016669495642331594,-0.03320951759815216,-0.06264145149613268,-0.06978979888597293,-0.007148347389840257,-0.016540021955820567,0.35810149927496016,0.00261208808462543
5000,6,6,TTTGGGCC,-0.2802248534863702,-0.31620134969884167,-0.4961821436882019,-0.38544504453856043,-0.36932165294248304,0.016123391596077397,-0.17998079398936023,0.21679359870795523,0.0009346214331261704
5000,6,6,TTTAGGCC,0.04257873955605753,-0.016669495642331594,0.09296344220638275,-0.06264145149613268,-0.06978979888597293,-0.007148347389840257,0.10963293784871435,0.35810149927496016,0.00261208808462543
5000,7,3,CTATCGCA,0.0016069512514368667,0.0016072340296678551,0.0011102893622592092,0.0,0.0,0.0,-0.000496944667408646,6.04793226610667e-09,8.543826252316311e-07
5000,7,3,CTATCGCA,0.0016069512514368667,0.0016072340296678551,0.002193001564592123,0.0,0.0,0.0,0.0005857675349242679,6.04793226610667e-09,8.543826252316311e-07
5000,7,3,CTATCGCA,0.0016069512514368667,0.0016072340296678551,0.0018105641938745975,0.0,0.0,0.0,0.00020333016420674243,6.04793226610667e-09,8.543826252316311e-07
5000,7,3,CTATCGCA,0.0016069512514368667,0.0016072340296678551,0.0017523802816867828,0.0,0.0,0.0,0.00014514625201892772,6.04793226610667e-09,8.543826252316311e-07
5000,8,3,CGGTCGCG,-0.4315261828563806,-1.0200035018885194,-1.2776086330413818,-0.3590448498301363,-0.49369285909374905,-0.13464800926361276,-0.25760513115286243,1.7654380016505056,6.0445540888687255e-06
5000,8,3,CGATCGCG,1.0046532164641646,0.9547679344864769,0.9604822993278503,1.077134549490409,1.4810785772812474,0.4039440277908384,0.005714364841373443,0.16822364248538896,0.018567796552325877
5000,8,3,CGGTCGCG,-0.4315261828563806,-1.0200035018885194,-1.869897484779358,-0.3590448498301363,-0.49369285909374905,-0.13464800926361276,-0.8498939828908385,1.7654380016505056,6.0445540888687255e-06
5000,8,3,CGGTCGCG,-0.4315261828563806,-1.0200035018885194,-0.8202531933784485,-0.3590448498301363,-0.49369285909374905,-0.13464800926361276,0.19975030851007092,1.7654380016505056,6.0445540888687255e-06
5000,9,4,CTATCGCG,0.12094839552015604,0.12039870757522897,0.08463180065155029,0.10912782581197997,0.18254832901419785,0.07342050320221788,-0.035766906923678676,0.0031933751214329037,0.0009946233417246209
5000,9,4,CTATCGCG,0.12094839552015604,0.12039870757522897,0.22770355641841888,0.10912782581197997,0.18254832901419785,0.07342050320221788,0.10730484884318992,0.0031933751214329037,0.0009946233417246209
5000,9,4,TTTGCGCG,-0.31556290772776385,-0.6097946084815624,0.0014279696624726057,-0.32738347743593993,-0.5476449870425936,-0.22026150960665364,0.611222578144035,1.1803458473510493,0.003419044335855048
5000,9,4,CTATCGCG,0.12094839552015604,0.12039870757522897,0.08262015879154205,0.10912782581197997,0.18254832901419785,0.07342050320221788,-0.037778548783686916,0.0031933751214329037,0.0009946233417246209
5000,10,3,CTATCGCA,0.0008572889853995791,0.0008574380161311032,0.0007220957195386291,0.0,0.0,0.0,-0.0001353422965924741,1.628851672985654e-08,4.633807113019195e-07
5000,10,3,CTATCGCA,0.0008572889853995791,0.0008574380161311032,0.0007198299863375723,0.0,0.0,0.0,-0.00013760802979353082,1.628851672985654e-08,4.633807113019195e-07
5000,10,3,CTATCGCA,0.0008572889853995791,0.0008574380161311032,0.0017433285247534513,0.0,0.0,0.0,0.0008858905086223482,1.628851672985654e-08,4.633807113019195e-07
5000,10,3,CTATCGCA,0.0008572889853995791,0.0008574380161311032,0.0006654737517237663,0.0,0.0,0.0,-0.00019196426440733683,1.628851672985654e-08,4.633807113019195e-07
5000,11,4,CTATCGCA,0.023030281224847654,0.023090134548567676,0.033229850232601166,0.02575586108474543,0.02562340313736422,-0.0001324579473812107,0.01013971568403349,0.0002708058845744543,0.0005102191794545408
5000,11,4,CTATCGCA,0.023030281224847654,0.023090134548567676,0.04610517621040344,0.02575586108474543,0.02562340313736422,-0.0001324579473812107,0.023015041661835767,0.0002708058845744543,0.0005102191794545408
5000,11,4,CTATCGCG,-0.07999316311413407,-0.0794034780008892,-0.0069783031940460205,-0.0772675832542363,-0.07687020941209266,0.000397373842143639,0.07242517480684318,0.04645771676507282,0.04881645721805228
5000,11,4,CTATCGCA,0.023030281224847654,0.023090134548567676,0.025394916534423828,0.02575586108474543,0.02562340313736422,-0.0001324579473812107,0.0023047819858561525,0.0002708058845744543,0.0005102191794545408
5000,12,3,CTATCGCA,0.0010628834017690862,0.001062935795911472,0.0014021833194419742,0.0,0.0,0.0,0.00033924752353050214,1.0540515865686828e-07,2.6258758581421127e-07
5000,12,3,CTATCGCA,0.0010628834017690862,0.001062935795911472,0.0009118905290961266,0.0,0.0,0.0,-0.00015104526681534547,1.0540515865686828e-07,2.6258758581421127e-07
5000,12,3,CTATCGCA,0.0010628834017690862,0.001062935795911472,0.0009196737082675099,0.0,0.0,0.0,-0.0001432620876439621,1.0540515865686828e-07,2.6258758581421127e-07
5000,12,3,CTATCGCA,0.0010628834017690862,0.001062935795911472,0.0011235130950808525,0.0,0.0,0.0,6.0577299169380485e-05,1.0540515865686828e-07,2.6258758581421127e-07
5000,13,4,CTATCGCA,0.0013387319281255305,0.001338941844749697,0.0020329731050878763,0.0,0.0,0.0,0.0006940312603381793,6.138059172045018e-09,8.458045558379368e-07
5000,13,4,CTATCGCA,0.0013387319281255305,0.001338941844749697,0.0020250652451068163,0.0,0.0,0.0,0.0006861234003571193,6.138059172045018e-09,8.458045558379368e-07
5000,13,4,CTATCGCA,0.0013387319281255305,0.001338941844749697,0.0013111989246681333,0.0,0.0,0.0,-2.774292008156376e-05,6.138059172045018e-09,8.458045558379368e-07
5000,13,4,CTATCGCA,0.0013387319281255305,0.001338941844749697,0.0010455375304445624,0.0,0.0,0.0,-0.0002934043143051346,6.138059172045018e-09,8.458045558379368e-07
5000,14,3,CTATCGCA,9.905779610433485e-05,9.90579803815302e-05,5.285548104438931e-05,0.0,0.0,0.0,-4.620249933714089e-05,3.854508379141919e-09,4.4073399652067025e-09
5000,14,3,CTATCGCA,9.905779610433485e-05,9.90579803815302e-05,0.00012340801185928285,0.0,0.0,0.0,2.435003147775265e-05,3.854508379141919e-09,4.4073399652067025e-09
5000,14,3,CTATCGCA,9.905779610433485e-05,9.90579803815302e-05,0.00010512229346204549,0.0,0.0,0.0,6.0643130805152905e-06,3.854508379141919e-09,4.4073399652067025e-09
5000,14,3,CTATCGCA,9.905779610433485e-05,9.90579803815302e-05,4.785263445228338e-05,0.0,0.0,0.0,-5.120534592924682e-05,3.854508379141919e-09,4.4073399652067025e-09
5000,15,3,TGTGGGCG,0.18103305025426644,0.18089624743030686,0.10561582446098328,0.14244370240311324,0.1441241114889636,0.0016804090858503484,-0.07528042296932358,0.0011398660969341168,0.0007294576250552742
5000,15,3,TGTGGGCG,0.18103305025426644,0.18089624743030686,0.18115828931331635,0.14244370240311324,0.1441241114889636,0.0016804090858503484,0.0002620418830094895,0.0011398660969341168,0.0007294576250552742
5000,15,3,TGTGGGCC,-0.3887417593581865,-0.3956001985255475,-0.65449059009552,-0.4273311072093397,-0.4323723344668908,-0.005041227257551073,-0.2588903915699725,0.021333105916159,0.0007577884140759217
5000,15,3,TGTGGGCG,0.18103305025426644,0.18089624743030686,0.11886276304721832,0.14244370240311324,0.1441241114889636,0.0016804090858503484,-0.06203348438308853,0.0011398660969341168,0.0007294576250552742
5000,16,3,CTATCGCA,0.006609734239749106,0.006615842309176741,0.0019509259145706892,0.0,0.0,0.0,-0.004664916394606052,2.701918540459758e-06,2.1026126823364688e-05
5000,16,3,CTATCGCA,0.006609734239749106,0.006615842309176741,0.007079498376697302,0.0,0.0,0.0,0.000463656067520561,2.701918540459758e-06,2.1026126823364688e-05
5000,16,3,CTATCGCA,0.006609734239749106,0.006615842309176741,0.0062209563329815865,0.0,0.0,0.0,-0.0003948859761951544,2.701918540459758e-06,2.1026126823364688e-05
5000,16,3,CTATCGCA,0.006609734239749106,0.006615842309176741,0.0062209563329815865,0.0,0.0,0.0,-0.0003948859761951544,2.701918540459758e-06,2.1026126823364688e-05
5000,17,3,CTATCGCA,0.0023195148792696982,0.0023196922658902017,0.0018352094339206815,0.0,0.0,0.0,-0.00048448283196952024,2.440680713089449e-10,5.324039295817595e-07
5000,17,3,CTATCGCA,0.0023195148792696982,0.0023196922658902017,0.0026444506365805864,0.0,0.0,0.0,0.0003247583706903847,2.440680713089449e-10,5.324039295817595e-07
5000,17,3,CTATCGCA,0.0023195148792696982,0.0023196922658902017,0.0029633152298629284,0.0,0.0,0.0,0.0006436229639727267,2.440680713089449e-10,5.324039295817595e-07
5000,17,3,CTATCGCA,0.0023195148792696982,0.0023196922658902017,0.0018352094339206815,0.0,0.0,0.0,-0.00048448283196952024,2.440680713089449e-10,5.324039295817595e-07
5000,18,5,CTATCGCA,0.02168590626421766,0.02176270208879032,0.026875412091612816,0.0,0.0,0.0,0.005112710002822495,0.00022608447094205064,0.00061006359380536
5000,18,5,CTATCGCA,0.02168590626421766,0.02176270208879032,0.032045796513557434,0.0,0.0,0.0,0.010283094424767113,0.00022608447094205064,0.00061006359380536
5000,18,5,CTATCGCA,0.02168590626421766,0.02176270208879032,0.015177298337221146,0.0,0.0,0.0,-0.006585403751569175,0.00022608447094205064,0.00061006359380536
5000,18,5,CTATCGCA,0.02168590626421766,0.02176270208879032,0.0016529809217900038,0.0,0.0,0.0,-0.020109721167000317,0.00022608447094205064,0.00061006359380536
5000,19,6,CTATCGCA,0.11673357604975942,0.11566588341673878,0.20807674527168274,-0.10284725923438354,-0.0780581683424525,0.024789090891931043,0.09241086185494396,0.010094958808123,0.0036888030099990754
5000,19,6,CTATCGCA,0.11673357604975942,0.11566588341673878,0.18343916535377502,-0.10284725923438354,-0.0780581683424525,0.024789090891931043,0.06777328193703624,0.010094958808123,0.0036888030099990754
5000,19,6,CGATCGCG,0.32242809451852655,0.2717822201016438,0.13217520713806152,0.10284725923438359,0.07805816834245255,-0.024789090891931043,-0.1396070129635823,0.3358736937545075,0.031998447253211104
5000,19,6,CGATCGCG,0.32242809451852655,0.2717822201016438,1.2092307806015015,0.10284725923438359,0.07805816834245255,-0.024789090891931043,0.9374485604998577,0.3358736937545075,0.031998447253211104
5000,20,4,TTTGGGCC,-0.15969167691064182,-0.16369870149765586,-0.31742653250694275,-0.16158544413302245,-0.16320466651353976,-0.0016192223805173156,-0.15372783100928689,0.016506801626582135,0.0004787032785259493
5000,20,4,TTTAGGCC,0.1634792113554031,0.16271063152942367,0.21139410138130188,0.16158544413302245,0.16320466651353976,0.0016192223805173156,0.048683469851878214,0.004616254502613659,0.0015419351986958318
5000,20,4,TTTAGGCC,0.1634792113554031,0.16271063152942367,0.05775268003344536,0.16158544413302245,0.16320466651353976,0.0016192223805173156,-0.10495795149597831,0.004616254502613659,0.0015419351986958318
5000,20,4,TTTGGGCC,-0.15969167691064182,-0.16369870149765586,-0.19171397387981415,-0.16158544413302245,-0.16320466651353976,-0.0016192223805173156,-0.028015272382158285,0.016506801626582135,0.0004787032785259493
5000,21,3,CTATCGCA,0.008916008982758794,0.008917668637789422,0.012208953499794006,0.0,0.0,0.0,0.0032912848620045843,3.870976318876007e-06,8.84994141076012e-06
5000,21,3,CTATCGCA,0.008916008982758794,0.008917668637789422,0.003959137015044689,0.0,0.0,0.0,-0.004958531622744733,3.870976318876007e-06,8.84994141076012e-06
5000,21,3,CTATCGCA,0.008916008982758794,0.008917668637789422,0.006987688131630421,0.0,0.0,0.0,-0.0019299805061590014,3.870976318876007e-06,8.84994141076012e-06
5000,21,3,CTATCGCA,0.008916008982758794,0.008917668637789422,0.0068465108051896095,0.0,0.0,0.0,-0.0020711578325998126,3.870976318876007e-06,8.84994141076012e-06
5000,22,5,CTATCGCA,0.005294796943350057,0.0052963800224025805,0.0019319651182740927,0.0,0.0,0.0,-0.003364414904128488,3.017229471331817e-06,1.0932624733950291e-05
5000,22,5,CTATCGCA,0.005294796943350057,0.0052963800224025805,0.003323286771774292,0.0,0.0,0.0,-0.0019730932506282885,3.017229471331817e-06,1.0932624733950291e-05
5000,22,5,CTATCGCA,0.005294796943350057,0.0052963800224025805,0.005686699412763119,0.0,0.0,0.0,0.00039031939036053825,3.017229471331817e-06,1.0932624733950291e-05
5000,22,5,CTATCGCA,0.005294796943350057,0.0052963800224025805,0.00592085812240839,0.0,0.0,0.0,0.0006244781000058095,3.017229471331817e-06,1.0932624733950291e-05
5000,23,5,CTATCGCA,0.020311598004900667,0.02050178212125502,0.01872708648443222,0.0,0.0,0.0,-0.001774695636822799,0.00039417234689492764,0.0013450929286666913
5000,23,5,CTATCGCA,0.020311598004900667,0.02050178212125502,0.014861177653074265,0.0,0.0,0.0,-0.005640604468180755,0.00039417234689492764,0.0013450929286666913
5000,23,5,CTATCGCA,0.020311598004900667,0.02050178212125502,0.02990252524614334,0.0,0.0,0.0,0.009400743124888322,0.00039417234689492764,0.0013450929286666913
5000,23,5,CTATCGCA,0.020311598004900667,0.02050178212125502,0.01428018044680357,0.0,0.0,0.0,-0.00622160167445145,0.00039417234689492764,0.0013450929286666913
5000,24,3,CTATCGCA,0.0007348857206735763,0.000734933004805649,0.0005215118872001767,0.0,0.0,0.0,-0.00021342111760547233,3.4860311609596906e-08,1.7671270782781967e-07
5000,24,3,CTATCGCA,0.0007348857206735763,0.000734933004805649,0.0008659657323732972,0.0,0.0,0.0,0.00013103272756764817,3.4860311609596906e-08,1.7671270782781967e-07
5000,24,3,CTATCGCA,0.0007348857206735763,0.000734933004805649,0.00028490263503044844,0.0,0.0,0.0,-0.0004500303697752006,3.4860311609596906e-08,1.7671270782781967e-07
5000,24,3,CTATCGCA,0.0007348857206735763,0.000734933004805649,0.0007828392554074526,0.0,0.0,0.0,4.7906250601803535e-05,3.4860311609596906e-08,1.7671270782781967e-07
5000,25,3,CTATCGCA,0.0005539833914050459,0.0005539993277415464,0.00021222280338406563,0.0,0.0,0.0,-0.00034177652435748074,6.518278306000269e-09,5.4327287807298674e-08
5000,25,3,CTATCGCA,0.0005539833914050459,0.0005539993277415464,0.000811578705906868,0.0,0.0,0.0,0.0002575793781653216,6.518278306000269e-09,5.4327287807298674e-08
5000,25,3,CTATCGCA,0.0005539833914050459,0.0005539993277415464,0.0008126247557811439,0.0,0.0,0.0,0.00025862542803959754,6.518278306000269e-09,5.4327287807298674e-08
5000,25,3,CTATCGCA,0.0005539833914050459,0.0005539993277415464,0.00034520248300395906,0.0,0.0,0.0,-0.0002087968447375873,6.518278306000269e-09,5.4327287807298674e-08
5000,26,5,CTATCGCA,0.2601234614591576,0.22038992532876484,0.2718072533607483,0.11130083356808546,0.1871628485820297,0.07586201501394424,0.051417328031983456,0.2064149348046927,0.007747254152728811
5000,26,5,CTATCGCA,0.2601234614591576,0.22038992532876484,0.2426825612783432,0.11130083356808546,0.1871628485820297,0.07586201501394424,0.022292635949578365,0.2064149348046927,0.007747254152728811
5000,26,5,TTTAGGCC,-0.18507987281318425,-0.5282614689993539,-0.19943556189537048,-0.3339025007042564,-0.5614885457460891,-0.22758604504183266,0.3288259071039834,1.7184120990052114,0.0025041180743634595
5000,26,5,CTATCGCA,0.2601234614591576,0.22038992532876484,0.11234147846698761,0.11130083356808546,0.1871628485820297,0.07586201501394424,-0.10804844686177723,0.2064149348046927,0.007747254152728811
5000,27,3,CTATCGCA,0.0281673473067653,0.02826545465819034,0.019269026815891266,0.03477732874531904,0.033476533677495944,-0.0013007950678230948,-0.008996427842299076,0.00022472616750340846,0.0005190482217785342
5000,27,3,CTATCGCA,0.0281673473067653,0.02826545465819034,0.03920995444059372,0.03477732874531904,0.033476533677495944,-0.0013007950678230948,0.010944499782403378,0.00022472616750340846,0.0005190482217785342
5000,27,3,CTATCGCA,0.0281673473067653,0.02826545465819034,0.04172131419181824,0.03477732874531904,0.033476533677495944,-0.0013007950678230948,0.013455859533627896,0.00022472616750340846,0.0005190482217785342
5000,27,3,CTATCGCG,-0.11094196767451085,-0.10564068005179343,0.009752318263053894,-0.10433198623595712,-0.10042960103248783,0.0039023852034692913,0.11539299831484733,0.041209031473197655,0.05711289434134992
5000,28,2,CTATCGCA,0.0024165864654272506,0.002416794577584369,0.0019479759503155947,0.0,0.0,0.0,-0.00046881862726877443,5.709926975683288e-10,4.167953069345032e-07
5000,28,2,CTATCGCA,0.0024165864654272506,0.002416794577584369,0.0019458909519016743,0.0,0.0,0.0,-0.00047090362568269484,5.709926975683288e-10,4.167953069345032e-07
5000,28,2,CTATCGCA,0.0024165864654272506,0.002416794577584369,0.0028878771699965,0.0,0.0,0.0,0.0004710825924121309,5.709926975683288e-10,4.167953069345032e-07
5000,28,2,CTATCGCA,0.0024165864654272506,0.002416794577584369,0.0028878771699965,0.0,0.0,0.0,0.0004710825924121309,5.709926975683288e-10,4.167953069345032e-07
5000,29,5,CTATCGCG,0.10149403085777708,0.10131995776085798,0.12469547986984253,0.0,0.0,0.0,0.023375522108984553,0.0024652265869099382,0.0015948611023144377
5000,29,5,CTATCGCG,0.10149403085777708,0.10131995776085798,0.1164240762591362,0.0,0.0,0.0,0.015104118498278224,0.0024652265869099382,0.0015948611023144377
5000,29,5,CTATCGCG,0.10149403085777708,0.10131995776085798,0.13846828043460846,0.0,0.0,0.0,0.03714832267375048,0.0024652265869099382,0.0015948611023144377
5000,29,5,CTATCGCG,0.10149403085777708,0.10131995776085798,0.13598832488059998,0.0,0.0,0.0,0.034668367119742,0.0024652265869099382,0.0015948611023144377
5000,30,5,CGATATAT,0.035641431675529314,0.03596641433509031,0.009112597443163395,0.0,0.0,0.0,-0.026853816891926917,0.00010552839135091058,0.0017304416891558982
5000,30,5,CGATATAT,0.035641431675529314,0.03596641433509031,0.03527360409498215,0.0,0.0,0.0,-0.0006928102401081646,0.00010552839135091058,0.0017304416891558982
5000,30,5,CGATATAT,0.035641431675529314,0.03596641433509031,0.03180158883333206,0.0,0.0,0.0,-0.00416482550175825,0.00010552839135091058,0.0017304416891558982
5000,30,5,CGATATAT,0.035641431675529314,0.03596641433509031,0.008777046576142311,0.0,0.0,0.0,-0.027189367758948,0.00010552839135091058,0.0017304416891558982
5000,31,7,CGATCGCG,0.021805835709275318,0.018066955389779236,-0.01257091760635376,0.0041765777742872115,0.0013753970004041355,-0.002801180773883076,-0.030637872996132996,0.045470119517176055,0.019297957280703493
5000,31,7,CTATCGCA,0.016237065343559034,0.01623309272257372,0.016618235036730766,-0.0013921925914290728,-0.00045846566680137965,0.0009337269246276932,0.00038514231415704564,0.001053431344960054,0.0010256229980628584
5000,31,7,CTATCGCA,0.016237065343559034,0.01623309272257372,0.011964330449700356,-0.0013921925914290728,-0.00045846566680137965,0.0009337269246276932,-0.004268762272873365,0.001053431344960054,0.0010256229980628584
5000,31,7,CTATCGCA,0.016237065343559034,0.01623309272257372,0.007670643739402294,-0.0013921925914290728,-0.00045846566680137965,0.0009337269246276932,-0.008562448983171426,0.001053431344960054,0.0010256229980628584
10000,0,6,CTATCGCA,0.008919293028986744,0.00877399192253403,0.011438615620136261,0.0,0.0,0.0,0.002664623697602231,0.0022748216886316897,0.0014030150499154126
10000,0,6,CTATCGCA,0.008919293028986744,0.00877399192253403,0.008987007662653923,0.0,0.0,0.0,0.00021301574011989288,0.0022748216886316897,0.0014030150499154126
10000,0,6,CTATCGCA,0.008919293028986744,0.00877399192253403,0.006499926559627056,0.0,0.0,0.0,-0.002274065362906974,0.0022748216886316897,0.0014030150499154126
10000,0,6,CTATCGCA,0.008919293028986744,0.00877399192253403,0.006787050515413284,0.0,0.0,0.0,-0.001986941407120746,0.0022748216886316897,0.0014030150499154126
10000,1,4,CTATCGCA,0.001162060312817995,0.0011621917231016132,0.001420260639861226,0.0,0.0,0.0,0.00025806891675961285,2.554218862110824e-08,5.511833230942287e-07
10000,1,4,CTATCGCA,0.001162060312817995,0.0011621917231016132,0.001161645632237196,0.0,0.0,0.0,-5.460908644172591e-07,2.554218862110824e-08,5.511833230942287e-07
10000,1,4,CTATCGCA,0.001162060312817995,0.0011621917231016132,0.0015834408113732934,0.0,0.0,0.0,0.00042124908827168017,2.554218862110824e-08,5.511833230942287e-07
10000,1,4,CTATCGCA,0.001162060312817995,0.0011621917231016132,0.0011179030407220125,0.0,0.0,0.0,-4.428868237960071e-05,2.554218862110824e-08,5.511833230942287e-07
10000,2,5,CTATCGCA,0.08949867312367513,0.08949125982615769,0.0026075541973114014,0.0,0.0,0.0,-0.08688370562884629,0.007313790605767312,0.0072767241181801445
10000,2,5,CTATCGCA,0.08949867312367513,0.08949125982615769,0.015183672308921814,0.0,0.0,0.0,-0.07430758751723587,0.007313790605767312,0.0072767241181801445
10000,2,5,CTATCGCA,0.08949867312367513,0.08949125982615769,0.2483074963092804,0.0,0.0,0.0,0.1588162364831227,0.007313790605767312,0.0072767241181801445
10000,2,5,CTATCGCA,0.08949867312367513,0.08949125982615769,0.1724645346403122,0.0,0.0,0.0,0.08297327481415451,0.007313790605767312,0.0072767241181801445
10000,3,5,TCTGCGGC,-0.002559101383493756,-0.0046689599272584205,0.007371421903371811,-0.056925017497594085,-0.053770848341043655,0.0031541691565504307,0.01204038183063023,0.012593433493246486,0.0020441407744231643
10000,3,5,TCTACGGC,0.22514096860688254,0.21041443343691615,0.28656744956970215,0.17077505249278221,0.16131254502313092,-0.009462507469651299,0.076153016132786,0.09748288535437766,0.02385020950454564
10000,3,5,TCTGCGGC,-0.002559101383493756,-0.0046689599272584205,0.012495651841163635,-0.056925017497594085,-0.053770848341043655,0.0031541691565504307,0.017164611768422055,0.012593433493246486,0.0020441407744231643
10000,3,5,TCTGCGGC,-0.002559101383493756,-0.0046689599272584205,0.017797455191612244,-0.056925017497594085,-0.053770848341043655,0.0031541691565504307,0.022466415118870663,0.012593433493246486,0.0020441407744231643
10000,4,1,CTATCGCG,0.00013350196422834415,0.00013350196422834415,0.00013350196240935475,0.0,0.0,0.0,-1.8189894035458565e-12,0.0,0.0
10000,4,1,CTATCGCG,0.00013350196422834415,0.00013350196422834415,0.00013350196240935475,0.0,0.0,0.0,-1.8189894035458565e-12,0.0,0.0
10000,4,1,CTATCGCG,0.00013350196422834415,0.00013350196422834415,0.00013350196240935475,0.0,0.0,0.0,-1.8189894035458565e-12,0.0,0.0
10000,4,1,CTATCGCG,0.00013350196422834415,0.00013350196422834415,0.00013350196240935475,0.0,0.0,0.0,-1.8189894035458565e-12,0.0,0.0
10000,5,7,CTATCGCA,0.230676506584743,0.21426104750452118,0.4677778482437134,0.008832900008477557,0.014652900074365927,0.00582000006588837,0.2535168007391922,0.1307341806211249,0.015825967059571955
10000,5,7,CTATCGCA,0.230676506584743,0.21426104750452118,0.29670795798301697,0.008832900008477557,0.014652900074365927,0.00582000006588837,0.08244691047849578,0.1307341806211249,0.015825967059571955
10000,5,7,CTATCGCA,0.230676506584743,0.21426104750452118,0.3079783022403717,0.008832900008477557,0.014652900074365927,0.00582000006588837,0.09371725473585052,0.1307341806211249,0.015825967059571955
10000,5,7,CTATCGCG,0.19534490655083278,0.15564944720705753,0.1621628701686859,-0.02649870002543267,-0.043958700223097724,-0.017460000197665054,0.006513422961628379,0.3485218675398203,0.07065365213339359
10000,6,3,TTTAGGCC,0.0011806943319014052,0.0011807650088273558,0.0006310153985396028,0.0,0.0,0.0,-0.000549749610287753,8.759735950492065e-08,2.9962813735684435e-07
10000,6,3,TTTAGGCC,0.0011806943319014052,0.0011807650088273558,0.001347965095192194,0.0,0.0,0.0,0.00016720008636483819,8.759735950492065e-08,2.9962813735684435e-07
10000,6,3,TTTAGGCC,0.0011806943319014052,0.0011807650088273558,0.0011434315238147974,0.0,0.0,0.0,-3.73334850125584e-05,8.759735950492065e-08,2.9962813735684435e-07
10000,6,3,TTTAGGCC,0.0011806943319014052,0.0011807650088273558,0.0010102108353748918,0.0,0.0,0.0,-0.00017055417345246404,8.759735950492065e-08,2.9962813735684435e-07
10000,7,3,CTATCGCG,-0.16307685781956613,-0.16358523354445728,-0.16575127840042114,-0.1303820910084325,-0.13076487872431625,-0.0003827877158837367,-0.002166044855963861,0.00205068281852272,0.0005255556438492626
10000,7,3,CTATCGCA,0.010765930191677245,0.01076793808796439,0.004682342521846294,0.04346069700281085,0.04358829290810542,0.00012759590529456966,-0.006085595566118096,2.8262525493261137e-06,8.84994141076012e-06
10000,7,3,CTATCGCA,0.010765930191677245,0.01076793808796439,0.01481333002448082,0.04346069700281085,0.04358829290810542,0.00012759590529456966,0.004045391936516429,2.8262525493261137e-06,8.84994141076012e-06
10000,7,3,CTATCGCA,0.010765930191677245,0.01076793808796439,0.009741267189383507,0.04346069700281085,0.04358829290810542,0.00012759590529456966,-0.0010266708985808837,2.8262525493261137e-06,8.84994141076012e-06
10000,8,5,TTTAGGCC,0.0035814071742701083,0.0035807160841162754,0.0017532247584313154,0.0,0.0,0.0,-0.00182749132568496,1.1377531270888308e-05,7.922080501723827e-06
10000,8,5,TTTAGGCC,0.0035814071742701083,0.0035807160841162754,0.0030217936728149652,0.0,0.0,0.0,-0.0005589224113013102,1.1377531270888308e-05,7.922080501723827e-06
10000,8,5,TTTAGGCC,0.0035814071742701083,0.0035807160841162754,0.004320817068219185,0.0,0.0,0.0,0.0007401009841029095,1.1377531270888308e-05,7.922080501723827e-06
10000,8,5,TTTAGGCC,0.0035814071742701083,0.0035807160841162754,0.0015791195910423994,0.0,0.0,0.0,-0.002001596493073876,1.1377531270888308e-05,7.922080501723827e-06
10000,9,5,CTATCGCA,0.0024359510234945687,0.0024364322152935713,0.002350918250158429,0.0,0.0,0.0,-8.551396513514211e-05,6.905830053291484e-08,2.4750172955469857e-06
10000,9,5,CTATCGCA,0.0024359510234945687,0.0024364322152935713,0.002857816871255636,0.0,0.0,0.0,0.00042138465596206496,6.905830053291484e-08,2.4750172955469857e-06
10000,9,5,CTATCGCA,0.0024359510234945687,0.0024364322152935713,0.0025609934236854315,0.0,0.0,0.0,0.00012456120839186022,6.905830053291484e-08,2.4750172955469857e-06
10000,9,5,CTATCGCA,0.0024359510234945687,0.0024364322152935713,0.0011532041244208813,0.0,0.0,0.0,-0.00128322809087269,6.905830053291484e-08,2.4750172955469857e-06
10000,10,5,CTATCGCA,0.0023118638426099197,0.002312309592128692,0.002941531827673316,0.0,0.0,0.0,0.0006292222355446242,1.7536003733484296e-07,2.4041076311948767e-06
10000,10,5,CTATCGCA,0.0023118638426099197,0.002312309592128692,0.0024166805669665337,0.0,0.0,0.0,0.00010437097483784186,1.7536003733484296e-07,2.4041076311948767e-06
10000,10,5,CTATCGCA,0.0023118638426099197,0.002312309592128692,0.00289526698179543,0.0,0.0,0.0,0.0005829573896667384,1.7536003733484296e-07,2.4041076311948767e-06
10000,10,5,CTATCGCA,0.0023118638426099197,0.002312309592128692,0.0029316649306565523,0.0,0.0,0.0,0.0006193553385278605,1.7536003733484296e-07,2.4041076311948767e-06
10000,11,2,TTTAGGCC,0.20824297840373407,0.20702908016028232,0.20702913403511047,0.0,0.0,0.0,5.387482815422118e-08,0.002455559186359202,2.776269945570231e-05
10000,11,2,TTTAGGCC,0.20824297840373407,0.20702908016028232,0.2910909950733185,0.0,0.0,0.0,0.08406191491303616,0.002455559186359202,2.776269945570231e-05
10000,11,2,TTTAGGCC,0.20824297840373407,0.20702908016028232,0.29109102487564087,0.0,0.0,0.0,0.08406194471535855,0.002455559186359202,2.776269945570231e-05
10000,11,2,TTTAGGCC,0.20824297840373407,0.20702908016028232,0.20702913403511047,0.0,0.0,0.0,5.387482815422118e-08,0.002455559186359202,2.776269945570231e-05
10000,12,4,CTATCGCA,0.0018048132722302563,0.001805031640448873,0.0006983821513131261,0.0,0.0,0.0,-0.001106649489135747,5.511822365883434e-08,9.285910981260415e-07
10000,12,4,CTATCGCA,0.0018048132722302563,0.001805031640448873,0.0014542349381372333,0.0,0.0,0.0,-0.00035079670231163984,5.511822365883434e-08,9.285910981260415e-07
10000,12,4,CTATCGCA,0.0018048132722302563,0.001805031640448873,0.000980414915829897,0.0,0.0,0.0,-0.0008246167246189762,5.511822365883434e-08,9.285910981260415e-07
10000,12,4,CTATCGCA,0.0018048132722302563,0.001805031640448873,0.0017063959967345,0.0,0.0,0.0,-9.863564371437317e-05,5.511822365883434e-08,9.285910981260415e-07
10000,13,4,CTATCGCA,0.0013303574679809985,0.001330487619711107,0.0010816107969731092,0.0,0.0,0.0,-0.0002488768227379978,2.9615061084009575e-08,5.502219815184395e-07
10000,13,4,CTATCGCA,0.0013303574679809985,0.001330487619711107,0.001564230304211378,0.0,0.0,0.0,0.00023374268450027103,2.9615061084009575e-08,5.502219815184395e-07
10000,13,4,CTATCGCA,0.0013303574679809985,0.001330487619711107,0.001861240016296506,0.0,0.0,0.0,0.0005307523965853989,2.9615061084009575e-08,5.502219815184395e-07
10000,13,4,CTATCGCA,0.0013303574679809985,0.001330487619711107,0.0010789312655106187,0.0,0.0,0.0,-0.0002515563542004884,2.9615061084009575e-08,5.502219815184395e-07
10000,14,4,CGATCGCG,0.6846707747514481,0.6428150072628018,0.6578340530395508,0.2607022247618406,0.3795215909837637,0.11881936622192313,0.015019045776748952,0.17857146969225202,0.011148399737666903
10000,14,4,CGGTCGCG,-0.35813812429591396,-0.8752713566722529,-0.317240446805954,-0.7821066742855215,-1.138564772951291,-0.3564580986657696,0.5580309098662989,2.068758176938862,0.00022524743350643694
10000,14,4,CGATCGCG,0.6846707747514481,0.6428150072628018,1.129697561264038,0.2607022247618406,0.3795215909837637,0.11881936622192313,0.48688255400123626,0.17857146969225202,0.011148399737666903
10000,14,4,CGATCGCG,0.6846707747514481,0.6428150072628018,0.40682345628738403,0.2607022247618406,0.3795215909837637,0.11881936622192313,-0.2359915509754178,0.17857146969225202,0.011148399737666903
10000,15,5,CTATCGCA,0.13775586997750536,0.13498564479805744,0.2055724561214447,0.0,0.0,0.0,0.07058681132338726,0.016108446247000474,0.002257320349760894
10000,15,5,CTATCGCA,0.13775586997750536,0.13498564479805744,0.007382946088910103,0.0,0.0,0.0,-0.12760269870914734,0.016108446247000474,0.002257320349760894
10000,15,5,CTATCGCA,0.13775586997750536,0.13498564479805744,0.1036946177482605,0.0,0.0,0.0,-0.03129102704979694,0.016108446247000474,0.002257320349760894
10000,15,5,CTATCGCA,0.13775586997750536,0.13498564479805744,0.024039000272750854,0.0,0.0,0.0,-0.11094664452530659,0.016108446247000474,0.002257320349760894
10000,16,3,CTATCGCA,0.033357232337660775,0.033460798805612736,0.016521122306585312,0.0,0.0,0.0,-0.016939676499027424,0.00013148470065776907,0.00044218410451365986
10000,16,3,CTATCGCA,0.033357232337660775,0.033460798805612736,0.02191518247127533,0.0,0.0,0.0,-0.011545616334337407,0.00013148470065776907,0.00044218410451365986
10000,16,3,CTATCGCA,0.033357232337660775,0.033460798805612736,0.020568564534187317,0.0,0.0,0.0,-0.01289223427142542,0.00013148470065776907,0.00044218410451365986
10000,16,3,CTATCGCA,0.033357232337660775,0.033460798805612736,0.024605650454759598,0.0,0.0,0.0,-0.008855148350853138,0.00013148470065776907,0.00044218410451365986
10000,17,4,TTTGGGCG,-0.1957883460836165,-0.19571973461157022,-0.23403626680374146,-0.11673412042660633,-0.11676252820437727,-2.8407777770939058e-05,-0.03831653219217124,0.007121149191994913,0.007395595080180062
10000,17,4,TTTGGGCC,0.03767989476959614,0.03780532179718432,0.053422123193740845,0.11673412042660632,0.11676252820437727,2.8407777770952936e-05,0.015616801396556523,9.453028852252077e-05,0.0005962383988752373
10000,17,4,TTTGGGCC,0.03767989476959614,0.03780532179718432,0.009011572226881981,0.11673412042660632,0.11676252820437727,2.8407777770952936e-05,-0.02879374957030234,9.453028852252077e-05,0.0005962383988752373
10000,17,4,TTTGGGCG,-0.1957883460836165,-0.19571973461157022,-0.23171594738960266,-0.11673412042660633,-0.11676252820437727,-2.8407777770939058e-05,-0.035996212778032444,0.007121149191994913,0.007395595080180062
10000,18,2,TTTAGGCC,0.006723419019179666,0.006723903091369721,0.005815514363348484,0.0,0.0,0.0,-0.0009083887280212366,1.4360251243683564e-07,1.111746892545895e-06
10000,18,2,TTTAGGCC,0.006723419019179666,0.006723903091369721,0.0038937777280807495,0.0,0.0,0.0,-0.002830125363288971,1.4360251243683564e-07,1.111746892545895e-06
10000,18,2,TTTAGGCC,0.006723419019179666,0.006723903091369721,0.005815514363348484,0.0,0.0,0.0,-0.0009083887280212366,1.4360251243683564e-07,1.111746892545895e-06
10000,18,2,TTTAGGCC,0.006723419019179666,0.006723903091369721,0.005815514363348484,0.0,0.0,0.0,-0.0009083887280212366,1.4360251243683564e-07,1.111746892545895e-06
10000,19,4,TTTGCGCG,0.5682790398830881,0.5527632761700308,0.61309814453125,0.3459742781491813,0.4629788700141466,0.11700459186496531,0.06033486836121915,0.07292703171783782,0.010863976865608471
10000,19,4,TTTGGGCG,-0.4430695923957915,-0.6176930843733855,-0.9340825080871582,-0.6653743541296984,-0.7074774905292698,-0.04210313639957142,-0.31638942371377266,0.6987504906310815,0.00025652272070542104
10000,19,4,TTTAGGCG,0.19573055956524266,-0.1286958433431391,-0.09558159112930298,-0.026574202168664185,-0.21848024949902337,-0.19190604733035918,0.033114252213836126,1.3281647824938583,0.03045917086033123
10000,19,4,TTTGCGCG,0.5682790398830881,0.5527632761700308,0.45463019609451294,0.3459742781491813,0.4629788700141466,0.11700459186496531,-0.09813308007551791,0.07292703171783782,0.010863976865608471
10000,20,4,CTATCGCA,0.009880199179575283,0.00989980314998229,0.011069807223975658,0.0,0.0,0.0,0.0011700040739933693,5.690303000946417e-07,7.898491192812052e-05
10000,20,4,CTATCGCA,0.009880199179575283,0.00989980314998229,0.008917837403714657,0.0,0.0,0.0,-0.0009819657462676323,5.690303000946417e-07,7.898491192812052e-05
10000,20,4,CTATCGCA,0.009880199179575283,0.00989980314998229,0.004703145939856768,0.0,0.0,0.0,-0.0051966572101255215,5.690303000946417e-07,7.898491192812052e-05
10000,20,4,CTATCGCA,0.009880199179575283,0.00989980314998229,0.005683164112269878,0.0,0.0,0.0,-0.004216639037712411,5.690303000946417e-07,7.898491192812052e-05
10000,21,5,CTATCGCA,0.01410552476261627,0.014134798279552996,0.02997775375843048,0.0,0.0,0.0,0.015842955478877485,2.1023856284253795e-06,0.00014846997031205122
10000,21,5,CTATCGCA,0.01410552476261627,0.014134798279552996,0.011898832395672798,0.0,0.0,0.0,-0.0022359658838801977,2.1023856284253795e-06,0.00014846997031205122
10000,21,5,CTATCGCA,0.01410552476261627,0.014134798279552996,0.027086004614830017,0.0,0.0,0.0,0.012951206335277021,2.1023856284253795e-06,0.00014846997031205122
10000,21,5,CTATCGCA,0.01410552476261627,0.014134798279552996,0.004394290503114462,0.0,0.0,0.0,-0.009740507776438534,2.1023856284253795e-06,0.00014846997031205122
10000,22,3,TTTAGGCC,0.014856206265749045,0.014868983646351808,0.007174385711550713,0.0,0.0,0.0,-0.007694597934801095,2.9677117780457785e-06,4.1299853586335145e-05
10000,22,3,TTTAGGCC,0.014856206265749045,0.014868983646351808,0.02304527536034584,0.0,0.0,0.0,0.008176291713994033,2.9677117780457785e-06,4.1299853586335145e-05
10000,22,3,TTTAGGCC,0.014856206265749045,0.014868983646351808,0.020971199497580528,0.0,0.0,0.0,0.006102215851228721,2.9677117780457785e-06,4.1299853586335145e-05
10000,22,3,TTTAGGCC,0.014856206265749045,0.014868983646351808,0.02223682589828968,0.0,0.0,0.0,0.007367842251937873,2.9677117780457785e-06,4.1299853586335145e-05
10000,23,2,CTATCGCA,6.385170926248573e-05,6.385105842809935e-05,6.641059007961303e-05,0.0,0.0,0.0,2.55953165151368e-06,2.278690569568198e-09,9.770217967997041e-10
10000,23,2,CTATCGCA,6.385170926248573e-05,6.385105842809935e-05,6.245692929951474e-05,0.0,0.0,0.0,-1.3941291285846091e-06,2.278690569568198e-09,9.770217967997041e-10
10000,23,2,CTATCGCA,6.385170926248573e-05,6.385105842809935e-05,6.245692929951474e-05,0.0,0.0,0.0,-1.3941291285846091e-06,2.278690569568198e-09,9.770217967997041e-10
10000,23,2,CTATCGCA,6.385170926248573e-05,6.385105842809935e-05,6.012612720951438e-05,0.0,0.0,0.0,-3.7249312185849703e-06,2.278690569568198e-09,9.770217967997041e-10
10000,24,6,CTATCGCA,0.16824336301445963,0.16592191224622313,0.08590351045131683,0.18784831645924616,0.23259140467651332,0.04474308821726716,-0.0800184017949063,0.01842391175170982,0.004495207142290791
10000,24,6,CTATCGCA,0.16824336301445963,0.16592191224622313,0.1438317596912384,0.18784831645924616,0.23259140467651332,0.04474308821726716,-0.022090152554984727,0.01842391175170982,0.004495207142290791
10000,24,6,CAGTCGCG,-0.583149902822525,-0.7644437064598302,-0.5080012083053589,-0.5635449493777385,-0.69777421402954,-0.13422926465180152,0.2564424981544713,1.11203538189823,0.024272560074399152
10000,24,6,CTATCGCA,0.16824336301445963,0.16592191224622313,0.020232614129781723,0.18784831645924616,0.23259140467651332,0.04474308821726716,-0.1456892981164414,0.01842391175170982,0.004495207142290791
10000,25,7,CTATCGCA,0.011786896904925737,0.011586353192549177,-0.001692250370979309,0.019845191704916134,0.020902978584457697,0.0010577868795415626,-0.013278603563528486,0.002429428984698778,0.0010256229980628584
10000,25,7,CTATCGCA,0.011786896904925737,0.011586353192549177,0.011808270588517189,0.019845191704916134,0.020902978584457697,0.0010577868795415626,0.00022191739596801215,0.002429428984698778,0.0010256229980628584
10000,25,7,CTATCGCA,0.011786896904925737,0.011586353192549177,0.014000404626131058,0.019845191704916134,0.020902978584457697,0.0010577868795415626,0.002414051433581881,0.002429428984698778,0.0010256229980628584
10000,25,7,CTATCGCG,-0.0675938699147388,-0.07202556114528161,-0.06399661302566528,-0.0595355751147484,-0.0627089357533731,-0.003173360638624695,0.008028948119616325,0.10158288124951209,0.07056104263571239
10000,26,4,CTATCGCA,0.021166877179659815,0.021444917318149237,0.028618253767490387,0.0,0.0,0.0,0.00717333644934115,0.00020722761203539886,0.001319388165993085
10000,26,4,CTATCGCA,0.021166877179659815,0.021444917318149237,0.032413505017757416,0.0,0.0,0.0,0.010968587699608179,0.00020722761203539886,0.001319388165993085
10000,26,4,CTATCGCA,0.021166877179659815,0.021444917318149237,0.010569232515990734,0.0,0.0,0.0,-0.010875684802158503,0.00020722761203539886,0.001319388165993085
10000,26,4,CTATCGCA,0.021166877179659815,0.021444917318149237,0.02299206145107746,0.0,0.0,0.0,0.0015471441329282243,0.00020722761203539886,0.001319388165993085
10000,27,2,TTTGCGCC,-0.6875150806634078,-0.8690396659311546,-1.3225829601287842,-0.9234150360246104,-1.0081612821438455,-0.08474624611923509,-0.4535432941976296,0.36305257138602975,3.4008505364058195e-06
10000,27,2,TTTGCGCG,1.159314991385813,1.1472828983565364,0.6379103660583496,0.9234150360246104,1.0081612821438455,0.08474624611923509,-0.5093725322981868,0.024646191640161963,0.0005820055816090353
10000,27,2,TTTGCGCG,1.159314991385813,1.1472828983565364,0.8283351063728333,0.9234150360246104,1.0081612821438455,0.08474624611923509,-0.31894779198370315,0.024646191640161963,0.0005820055816090353
10000,27,2,TTTGCGCC,-0.6875150806634078,-0.8690396659311546,-0.7461408972740173,-0.9234150360246104,-1.0081612821438455,-0.08474624611923509,0.12289876865713723,0.36305257138602975,3.4008505364058195e-06
10000,28,7,CGGTCGCG,-0.28323613758685523,-0.6109840153351784,-0.5206832885742188,-0.29734066069426,-0.48321607868251976,-0.18587541798825974,0.09030072676095968,2.300816733616738,0.006581589378475972
10000,28,7,TTTAGGCC,-0.12169878315301166,-0.32860982628449875,0.16672512888908386,-0.13580330626041642,-0.20084188963184008,-0.06503858337142365,0.4953349551735826,1.4557093257306346,0.007332023810225019
10000,28,7,CTATCGCA,0.230676506584743,0.21426104750452118,0.3777594268321991,0.21657198347733825,0.34202898415717986,0.1254570006798416,0.1634983793276779,0.1307341806211249,0.015825967059571955
10000,28,7,CTATCGCA,0.230676506584743,0.21426104750452118,0.5653477907180786,0.21657198347733825,0.34202898415717986,0.1254570006798416,0.35108674321355743,0.1307341806211249,0.015825967059571955
10000,29,6,TTTGGGCC,-0.10506786425364496,-0.11006726978611277,-0.1441192626953125,-0.10068431164691549,-0.10007467537298538,0.0006096362739301114,-0.03405199290919973,0.03142518954027085,0.0014287563454640217
10000,29,6,TGTGGGCG,0.09319715921093863,0.08242403609497018,-0.01230388879776001,0.09758071181766809,0.09241663050809756,-0.005164081309570523,-0.09472792489273019,0.07437590356496893,0.00973716486915821
10000,29,6,TTTGGGCC,-0.10506786425364496,-0.11006726978611277,-0.16192422807216644,-0.10068431164691549,-0.10007467537298538,0.0006096362739301114,-0.051856958286053675,0.03142518954027085,0.0014287563454640217
10000,29,6,TTTAGGCC,0.09940435886943344,0.09774012582474582,0.1688351333141327,0.1037879114761629,0.10773272023787321,0.003944808761710314,0.07109500748938687,0.013785474636519579,0.0038000763683938565
10000,30,4,CTATCGCA,0.0056359448460097435,0.00563786105397901,0.005852968897670507,0.0,0.0,0.0,0.0002151078436914977,1.9472314679094826e-06,9.61206334497422e-06
10000,30,4,CTATCGCA,0.0056359448460097435,0.00563786105397901,0.005530195310711861,0.0,0.0,0.0,-0.00010766574326714906,1.9472314679094826e-06,9.61206334497422e-06
10000,30,4,CTATCGCA,0.0056359448460097435,0.00563786105397901,0.006873663514852524,0.0,0.0,0.0,0.001235802460873514,1.9472314679094826e-06,9.61206334497422e-06
10000,30,4,CTATCGCA,0.0056359448460097435,0.00563786105397901,0.006312432698905468,0.0,0.0,0.0,0.0006745716449264583,1.9472314679094826e-06,9.61206334497422e-06
10000,31,7,CGATCGCG,0.44629824660629974,0.43058124605124576,0.3500897288322449,0.2411984571771556,0.2870585689295387,0.04586011175238308,-0.08049151721900089,0.13792009931382587,0.027901095428448208
10000,31,7,CTATCGCG,0.2760676667903051,0.24711749922319828,0.2658545672893524,0.07096787736116095,0.10359482210149121,0.03262694474033026,0.018737068066154133,0.22254257167703617,0.0198913987072884
10000,31,7,CTATCGCG,0.2760676667903051,0.24711749922319828,0.29663658142089844,0.07096787736116095,0.10359482210149121,0.03262694474033026,0.049519082197700154,0.22254257167703617,0.0198913987072884
10000,31,7,TGTGGGCG,-0.17803442247033338,-0.350725536010814,-0.4066012501716614,-0.3831342118994775,-0.4942482131325211,-0.1111140012330436,-0.055875714160847356,1.218364256213519,0.009526461430154676
15000,0,2,CTATCGCA,0.011962130180405262,0.011954430170590058,0.01592390239238739,0.0,0.0,0.0,0.003969472221797332,2.2835214316563324e-05,7.435194686156166e-06
15000,0,2,CTATCGCA,0.011962130180405262,0.011954430170590058,0.013247206807136536,0.0,0.0,0.0,0.0012927766365464777,2.2835214316563324e-05,7.435194686156166e-06
15000,0,2,CTATCGCA,0.011962130180405262,0.011954430170590058,0.019201327115297318,0.0,0.0,0.0,0.0072468969447072595,2.2835214316563324e-05,7.435194686156166e-06
15000,0,2,CTATCGCA,0.011962130180405262,0.011954430170590058,0.017216622829437256,0.0,0.0,0.0,0.005262192658847198,2.2835214316563324e-05,7.435194686156166e-06
15000,1,3,TTTGCGCG,0.22901904985467203,0.23996111209445803,0.26298239827156067,0.08262231856531749,0.0860890072337005,0.003466688668383011,0.02302128617710264,0.00010965449328020904,0.03293584121263826
15000,1,3,TTTGCGCG,0.22901904985467203,0.23996111209445803,0.27381786704063416,0.08262231856531749,0.0860890072337005,0.003466688668383011,0.033856754946176126,0.00010965449328020904,0.03293584121263826
15000,1,3,TCTGCGCG,-0.10147022440659799,-0.1043949168403439,-0.15960395336151123,-0.24786695569595252,-0.25826702170110144,-0.010400066005148922,-0.055209036521167335,0.014230477802637864,0.0054564005014001715
15000,1,3,TTTGCGCG,0.22901904985467203,0.23996111209445803,0.2530205249786377,0.08262231856531749,0.0860890072337005,0.003466688668383011,0.013059412884179666,0.00010965449328020904,0.03293584121263826
15000,2,5,TTTGCGCG,0.48228320662925644,0.47565265566464526,1.1309473514556885,0.11833952531161573,0.23129587677175412,0.11295635146013838,0.6552946957910433,0.03656988429985231,0.003417129476796621
15000,2,5,TTTACGCC,0.008925105382793497,-0.4495308514223712,-0.42612043023109436,-0.3550185759348472,-0.6938876303152623,-0.33886905438041515,0.023410421191276842,2.3062326353803315,0.013952851354507967
15000,2,5,TTTGCGCG,0.48228320662925644,0.47565265566464526,0.40192878246307373,0.11833952531161573,0.23129587677175412,0.11295635146013838,-0.07372387320157153,0.03656988429985231,0.003417129476796621
15000,2,5,TTTGCGCG,0.48228320662925644,0.47565265566464526,0.5820999145507812,0.11833952531161573,0.23129587677175412,0.11295635146013838,0.10644725888613599,0.03656988429985231,0.003417129476796621
15000,3,4,CTATCGCA,0.0014091279056073266,0.0014092934672380597,0.0012738462537527084,0.0,0.0,0.0,-0.00013544721348535127,4.9604839749695095e-08,7.118513626822032e-07
15000,3,4,CTATCGCA,0.0014091279056073266,0.0014092934672380597,0.0014657590072602034,0.0,0.0,0.0,5.6465540022143657e-05,4.9604839749695095e-08,7.118513626822032e-07
15000,3,4,CTATCGCA,0.0014091279056073266,0.0014092934672380597,0.0016760596772655845,0.0,0.0,0.0,0.00026676621002752476,4.9604839749695095e-08,7.118513626822032e-07
15000,3,4,CTATCGCA,0.0014091279056073266,0.0014092934672380597,0.0014218708965927362,0.0,0.0,0.0,1.257742935467654e-05,4.9604839749695095e-08,7.118513626822032e-07
15000,4,2,CTATCGCA,0.0005896200505255966,0.000589632383253047,0.00044912361772730947,0.0,0.0,0.0,-0.00014050876552573754,1.091150281240516e-09,2.575660518200351e-08
15000,4,2,CTATCGCA,0.0005896200505255966,0.000589632383253047,0.00034525280352681875,0.0,0.0,0.0,-0.00024437957972622826,1.091150281240516e-09,2.575660518200351e-08
15000,4,2,CTATCGCA,0.0005896200505255966,0.000589632383253047,0.00048579141730442643,0.0,0.0,0.0,-0.00010384096594862058,1.091150281240516e-09,2.575660518200351e-08
15000,4,2,CTATCGCA,0.0005896200505255966,0.000589632383253047,0.00034525280352681875,0.0,0.0,0.0,-0.00024437957972622826,1.091150281240516e-09,2.575660518200351e-08
15000,5,3,CTATCGCA,0.0004633785360932026,0.00046338717538674246,0.0003050468803849071,0.0,0.0,0.0,-0.00015834029500183533,2.5861169039576026e-09,2.8503997523410263e-08
15000,5,3,CTATCGCA,0.0004633785360932026,0.00046338717538674246,0.0005695592262782156,0.0,0.0,0.0,0.00010617205089147319,2.5861169039576026e-09,2.8503997523410263e-08
15000,5,3,CTATCGCA,0.0004633785360932026,0.00046338717538674246,0.0006089872913435102,0.0,0.0,0.0,0.0001456001159567677,2.5861169039576026e-09,2.8503997523410263e-08
15000,5,3,CTATCGCA,0.0004633785360932026,0.00046338717538674246,0.0005164983449503779,0.0,0.0,0.0,5.3111169563635485e-05,2.5861169039576026e-09,2.8503997523410263e-08
15000,6,5,CGGTCGTG,-0.42056769962364804,-0.5186739549252006,-0.014585256576538086,-0.45419752108703204,-0.41530821786307637,0.038889303223955674,0.5040886983486625,0.5215421906656976,0.031010914157934444
15000,6,5,CGATCGCA,0.31443229285637264,0.3029877393058712,0.03828895092010498,0.28080247139298864,0.40635347636799546,0.12555100497500682,-0.2646987883857662,0.1520030860498025,0.09478031829729527
15000,6,5,CGATCGCG,0.584960961699062,0.5482135596426143,0.36780261993408203,0.551331140235678,0.6515792967047386,0.1002481564690606,-0.18041093970853228,0.22177590619024468,0.03803889590800669
15000,6,5,CGGTCGCG,-0.3443062690782507,-0.7459902922717818,-0.534632682800293,-0.3779360905416347,-0.6426245552096576,-0.26468846466802287,0.21135760947148885,2.0084796534117433,5.9537444087459646e-05
15000,7,3,CGATATAT,0.1744394565280457,0.17426356204066443,0.17276312410831451,0.0,0.0,0.0,-0.0015004379323499129,0.0012280854586959322,0.0007004019965520802
15000,7,3,CGATATAT,0.1744394565280457,0.17426356204066443,0.23886924982070923,0.0,0.0,0.0,0.0646056877800448,0.0012280854586959322,0.0007004019965520802
15000,7,3,CGATATAT,0.1744394565280457,0.17426356204066443,0.05986225977540016,0.0,0.0,0.0,-0.11440130226526427,0.0012280854586959322,0.0007004019965520802
15000,7,3,CGATATAT,0.1744394565280457,0.17426356204066443,0.1725766509771347,0.0,0.0,0.0,-0.0016869110635297224,0.0012280854586959322,0.0007004019965520802
15000,8,5,CTATCGCA,0.016552509944589445,0.016752181471642834,0.017407124862074852,0.0,0.0,0.0,0.0006549433904320182,0.0002883265105595445,0.0012866841458265
15000,8,5,CTATCGCA,0.016552509944589445,0.016752181471642834,0.02044740691781044,0.0,0.0,0.0,0.0036952254461676062,0.0002883265105595445,0.0012866841458265
15000,8,5,CTATCGCA,0.016552509944589445,0.016752181471642834,0.026992876082658768,0.0,0.0,0.0,0.010240694611015934,0.0002883265105595445,0.0012866841458265
15000,8,5,CTATCGCA,0.016552509944589445,0.016752181471642834,0.019288256764411926,0.0,0.0,0.0,0.0025360752927690924,0.0002883265105595445,0.0012866841458265
15000,9,3,CTATCGCC,0.02948349203394407,0.01631054283481929,-0.11169037222862244,-0.16373068359102622,-0.17090674355373864,-0.007176059962712422,-0.12800091506344172,0.09013534195875683,0.05061649436138249
15000,9,3,CTATCGCC,0.02948349203394407,0.01631054283481929,-0.0379691943526268,-0.16373068359102622,-0.17090674355373864,-0.007176059962712422,-0.054279737187446095,0.09013534195875683,0.05061649436138249
15000,9,3,CTATCGCC,0.02948349203394407,0.01631054283481929,-0.059135690331459045,-0.16373068359102622,-0.17090674355373864,-0.007176059962712422,-0.07544623316627834,0.09013534195875683,0.05061649436138249
15000,9,3,ATATCGCC,0.6844062263980489,0.6999375170497738,0.8999248147010803,0.49119205077307865,0.5127202306612159,0.02152817988813721,0.19998729765130652,0.04230203066914717,0.08889590262432145
15000,10,5,TTTGCGCG,0.48228320662925644,0.47565265566464526,0.5248462557792664,0.25635551692017633,0.29431051868698704,0.037955001766810714,0.049193600114621094,0.03656988429985231,0.003417129476796621
15000,10,5,TTTGCGCG,0.48228320662925644,0.47565265566464526,0.15734976530075073,0.25635551692017633,0.29431051868698704,0.037955001766810714,-0.31830289036389453,0.03656988429985231,0.003417129476796621
15000,10,5,TTTGCGCC,-0.5431388610514488,-0.7015894190833029,-0.4065952003002167,-0.769066550760529,-0.8829315560609611,-0.11386500530043209,0.2949942187830862,0.7926037511040569,0.0003509609447863715
15000,10,5,TTTGCGCG,0.48228320662925644,0.47565265566464526,0.38458144664764404,0.25635551692017633,0.29431051868698704,0.037955001766810714,-0.09107120901700122,0.03656988429985231,0.003417129476796621
15000,11,4,CTATCGCA,0.0016528148494053853,0.001652981152811206,0.0008999950950965285,0.0,0.0,0.0,-0.0007529860577146774,2.633774748433959e-07,9.285910981260415e-07
15000,11,4,CTATCGCA,0.0016528148494053853,0.001652981152811206,0.0018973462283611298,0.0,0.0,0.0,0.0002443650755499238,2.633774748433959e-07,9.285910981260415e-07
15000,11,4,CTATCGCA,0.0016528148494053853,0.001652981152811206,0.0011894863564521074,0.0,0.0,0.0,-0.0004634947963590985,2.633774748433959e-07,9.285910981260415e-07
15000,11,4,CTATCGCA,0.0016528148494053853,0.001652981152811206,0.0031704548746347427,0.0,0.0,0.0,0.0015174737218235368,2.633774748433959e-07,9.285910981260415e-07
15000,12,3,CTATCGCA,0.009588390516082632,0.00958357716678567,0.009191610850393772,0.04542201335511679,0.04625256849703246,0.0008305551419156704,-0.0003919663163918976,2.5450403246474185e-05,1.1010355355584034e-05
15000,12,3,CTATCGCG,-0.1720996629043845,-0.17542669682134418,-0.20730257034301758,-0.13626604006535034,-0.1387577054910974,-0.0024916654257470527,-0.0318758735216734,0.011792382332363793,0.00181128058148472
15000,12,3,CTATCGCA,0.009588390516082632,0.00958357716678567,0.01208450272679329,0.04542201335511679,0.04625256849703246,0.0008305551419156704,0.0025009255600076195,2.5450403246474185e-05,1.1010355355584034e-05
15000,12,3,CTATCGCA,0.009588390516082632,0.00958357716678567,0.014026422053575516,0.04542201335511679,0.04625256849703246,0.0008305551419156704,0.004442844886789846,2.5450403246474185e-05,1.1010355355584034e-05
15000,13,4,CTATCGCA,0.017129324309816847,0.017532748949994015,0.016058973968029022,0.0,0.0,0.0,-0.0014737749819649926,0.0008809329063065585,0.002494631467015229
15000,13,4,CTATCGCA,0.017129324309816847,0.017532748949994015,0.021901603788137436,0.0,0.0,0.0,0.004368854838143421,0.0008809329063065585,0.002494631467015229
15000,13,4,CTATCGCA,0.017129324309816847,0.017532748949994015,0.026224389672279358,0.0,0.0,0.0,0.008691640722285343,0.0008809329063065585,0.002494631467015229
15000,13,4,CTATCGCA,0.017129324309816847,0.017532748949994015,0.00814058631658554,0.0,0.0,0.0,-0.009392162633408474,0.0008809329063065585,0.002494631467015229
15000,14,6,CTATCGCG,-0.004154787964407121,-0.004243660710906057,-0.006886839866638184,0.0,0.0,0.0,-0.0026431791557321267,0.004452214001429422,0.003918977522435807
15000,14,6,CTATCGCG,-0.004154787964407121,-0.004243660710906057,-0.015344172716140747,0.0,0.0,0.0,-0.011100512005234691,0.004452214001429422,0.003918977522435807
15000,14,6,CTATCGCG,-0.004154787964407121,-0.004243660710906057,0.005488723516464233,0.0,0.0,0.0,0.00973238422737029,0.004452214001429422,0.003918977522435807
15000,14,6,CTATCGCG,-0.004154787964407121,-0.004243660710906057,-0.0007819123566150665,0.0,0.0,0.0,0.0034617483542909904,0.004452214001429422,0.003918977522435807
15000,15,4,TTTGGGCG,-0.3972738830663265,-0.5255704643132638,-0.4945160746574402,-0.2507595502731386,-0.2803281962301115,-0.029568645956972894,0.031054389655823633,0.5132055405916756,1.9215603926370228e-05
15000,15,4,TTTGGGCG,-0.3972738830663265,-0.5255704643132638,-0.38882431387901306,-0.2507595502731386,-0.2803281962301115,-0.029568645956972894,0.13674615043425076,0.5132055405916756,1.9215603926370228e-05
15000,15,4,TTTGGGCG,-0.3972738830663265,-0.5255704643132638,-0.837359607219696,-0.2507595502731386,-0.2803281962301115,-0.029568645956972894,-0.3117891429064322,0.5132055405916756,1.9215603926370228e-05
15000,15,4,TTTGCGCG,0.605764318026228,0.595742320607182,0.43731963634490967,0.7522786508194159,0.8409845886903343,0.0887059378709184,-0.15842268426227235,0.04321484165539158,0.00312685197920759
15000,16,3,CTATCGCA,0.0008242750316893773,0.0008244187457016791,0.0009659348870627582,0.0,0.0,0.0,0.00014151614136107915,3.22386743967229e-08,4.633807113019195e-07
15000,16,3,CTATCGCA,0.0008242750316893773,0.0008244187457016791,0.0010090125724673271,0.0,0.0,0.0,0.00018459382676564806,3.22386743967229e-08,4.633807113019195e-07
15000,16,3,CTATCGCA,0.0008242750316893773,0.0008244187457016791,0.0006815074593760073,0.0,0.0,0.0,-0.00014291128632567174,3.22386743967229e-08,4.633807113019195e-07
15000,16,3,CTATCGCA,0.0008242750316893773,0.0008244187457016791,0.0007040183409117162,0.0,0.0,0.0,-0.00012040040478996283,3.22386743967229e-08,4.633807113019195e-07
15000,17,1,ATATCGTA,0.0935210331226699,0.0935210331226699,0.09352104365825653,0.0,0.0,0.0,1.05355866253376e-08,0.0,0.0
15000,17,1,ATATCGTA,0.0935210331226699,0.0935210331226699,0.09352104365825653,0.0,0.0,0.0,1.05355866253376e-08,0.0,0.0
15000,17,1,ATATCGTA,0.0935210331226699,0.0935210331226699,0.09352104365825653,0.0,0.0,0.0,1.05355866253376e-08,0.0,0.0
15000,17,1,ATATCGTA,0.0935210331226699,0.0935210331226699,0.09352104365825653,0.0,0.0,0.0,1.05355866253376e-08,0.0,0.0
15000,18,4,TGTGGGCG,0.2130479214330715,0.21186017901613619,0.1720968633890152,0.0,0.0,0.0,-0.03976331562712099,0.00529142927544729,0.0005404596077061008
15000,18,4,TGTGGGCG,0.2130479214330715,0.21186017901613619,0.06049514561891556,0.0,0.0,0.0,-0.15136503339722063,0.00529142927544729,0.0005404596077061008
15000,18,4,TGTGGGCG,0.2130479214330715,0.21186017901613619,0.1692052036523819,0.0,0.0,0.0,-0.04265497536375429,0.00529142927544729,0.0005404596077061008
15000,18,4,TGTGGGCG,0.2130479214330715,0.21186017901613619,0.31389695405960083,0.0,0.0,0.0,0.10203677504346464,0.00529142927544729,0.0005404596077061008
15000,19,6,CGATCGCG,0.48576500597501115,0.4399720425187601,0.4263654053211212,0.136506686306624,0.27213602499362344,0.13562933868699945,-0.013606637197638882,0.30454600549848954,0.029788224760983084
15000,19,6,CGATATAG,0.7651299047961363,0.46107964925937434,0.7302658557891846,0.41587158512774913,0.2932436317342376,-0.12262795339351151,0.26918620652981023,2.213536855877299,0.38923532265672733
15000,19,6,CGATCGCG,0.48576500597501115,0.4399720425187601,0.48326191306114197,0.136506686306624,0.27213602499362344,0.13562933868699945,0.04328987054238187,0.30454600549848954,0.029788224760983084
15000,19,6,CGGTCGCG,-0.33962663807261007,-0.6696796641963477,-0.5396716594696045,-0.6888849577409972,-0.8375156817214844,-0.14863072398048716,0.13000800472674323,1.9805096711698145,0.00019151442738818414
15000,20,3,ATGTCGCG,-0.19068014270393427,-0.1933042470967449,-0.22066861391067505,-0.21353230277166613,-0.21505580450123568,-0.001523501729569554,-0.027364366813930147,0.010641477208924277,0.0027691640304923215
15000,20,3,ATGTCGCG,-0.19068014270393427,-0.1933042470967449,-0.33721911907196045,-0.21353230277166613,-0.21505580450123568,-0.001523501729569554,-0.14391487197521555,0.010641477208924277,0.0027691640304923215
15000,20,3,ATGTCGCC,0.23638446283939796,0.2368073619057265,0.2733747363090515,0.21353230277166613,0.21505580450123568,0.001523501729569554,0.036567374403325026,0.0033762005144840623,0.004644897713469653
15000,20,3,ATGTCGCC,0.23638446283939796,0.2368073619057265,0.22058165073394775,0.21353230277166613,0.21505580450123568,0.001523501729569554,-0.016225711171778734,0.0033762005144840623,0.004644897713469653
15000,21,4,CTATCGCA,0.024762640230552815,0.024853902265547845,0.023168567568063736,0.034268922068328836,0.03338423540027574,-0.0008846866680530946,-0.0016853346974841088,0.00025404051748662004,0.0006190886574667376
15000,21,4,CTATCGCA,0.024762640230552815,0.024853902265547845,0.029706642031669617,0.034268922068328836,0.03338423540027574,-0.0008846866680530946,0.004852739766121772,0.00025404051748662004,0.0006190886574667376
15000,21,4,CTATCGCG,-0.11231304804276254,-0.10868303933555512,-0.0994827151298523,-0.10280676620498652,-0.10015270620082722,0.0026540600041592977,0.009200324205702826,0.0563371837971669,0.07085721862599659
15000,21,4,CTATCGCA,0.024762640230552815,0.024853902265547845,0.024066606536507607,0.034268922068328836,0.03338423540027574,-0.0008846866680530946,-0.0007872957290402383,0.00025404051748662004,0.0006190886574667376
15000,22,4,CTATCGCA,0.0013333311733523447,0.001333583549959827,0.0012137133162468672,0.0,0.0,0.0,-0.0001198702337129598,5.748824791901308e-08,1.0669946778479877e-06
15000,22,4,CTATCGCA,0.0013333311733523447,0.001333583549959827,0.0007774773985147476,0.0,0.0,0.0,-0.0005561061514450794,5.748824791901308e-08,1.0669946778479877e-06
15000,22,4,CTATCGCA,0.0013333311733523447,0.001333583549959827,0.0012501066084951162,0.0,0.0,0.0,-8.347694146471074e-05,5.748824791901308e-08,1.0669946778479877e-06
15000,22,4,CTATCGCA,0.0013333311733523447,0.001333583549959827,0.001184108667075634,0.0,0.0,0.0,-0.00014947488288419297,5.748824791901308e-08,1.0669946778479877e-06
15000,23,4,CGATCGCG,0.5554165878586823,0.4205050001117978,0.8057911992073059,0.4418623659034557,0.5405673785072516,0.09870501260379588,0.3852861990955081,0.5557153178863341,0.016068966898796333
15000,23,4,CTATCGCA,0.15601142338574286,0.14744852421815813,0.24745579063892365,0.04245720143051625,0.2675109026136119,0.22505370118309564,0.10000726642076552,0.03967351975870653,0.005421923088367642
15000,23,4,CGGTCGCG,-0.4132225468092615,-1.195651562129929,-1.8582167625427246,-0.5267767687644881,-1.0755891837344753,-0.5488124149699872,-0.6625652004127955,3.131207293816375,0.001491232533704423
15000,23,4,CTATCGCA,0.15601142338574286,0.14744852421815813,0.20721392333507538,0.04245720143051625,0.2675109026136119,0.22505370118309564,0.05976539911691725,0.03967351975870653,0.005421923088367642
15000,24,7,CTATCGCA,0.1704934778862812,0.13054590635110966,0.0050214678049087524,-0.037608289124330424,0.03150856901343163,0.06911685813776206,-0.1255244385462009,0.3030856193385078,0.023452618592307184
15000,24,7,CTATCGCG,0.14901406458671446,0.08270094626996816,0.3113892674446106,-0.05908770242389716,-0.01633639106770987,0.04275131135618729,0.22868832117464244,0.5139880689606247,0.0497962407434005
15000,24,7,TTTGCGCG,0.34240604768316957,0.052356590378524616,0.302523136138916,0.13430428067255795,-0.04668074695915341,-0.18098502763171137,0.2501665457603914,2.06531342407097,0.03496722293845522
15000,24,7,CTATCGCA,0.1704934778862812,0.13054590635110966,0.0178043395280838,-0.037608289124330424,0.03150856901343163,0.06911685813776206,-0.11274156682302586,0.3030856193385078,0.023452618592307184
15000,25,4,CTATCGCA,0.014598858978334996,0.01478595080584455,0.008844338357448578,0.0,0.0,0.0,-0.005941612448395972,0.0005976654466813558,0.001346032756719573
15000,25,4,CTATCGCA,0.014598858978334996,0.01478595080584455,0.01378534734249115,0.0,0.0,0.0,-0.0010006034633534,0.0005976654466813558,0.001346032756719573
15000,25,4,CTATCGCA,0.014598858978334996,0.01478595080584455,0.013421580195426941,0.0,0.0,0.0,-0.001364370610417609,0.0005976654466813558,0.001346032756719573
15000,25,4,CTATCGCA,0.014598858978334996,0.01478595080584455,0.016658086329698563,0.0,0.0,0.0,0.0018721355238540127,0.0005976654466813558,0.001346032756719573
15000,26,2,CGATCTAT,0.23174433094950125,0.23199793207459152,0.11955735832452774,0.22861614889372936,0.22865145539981313,3.530650608377095e-05,-0.11244057375006378,1.1881552596681999e-05,0.0005190838027772093
15000,26,2,CGATCTAT,0.23174433094950125,0.23199793207459152,0.11955736577510834,0.22861614889372936,0.22865145539981313,3.530650608377095e-05,-0.11244056629948318,1.1881552596681999e-05,0.0005190838027772093
15000,26,2,CAATCTAT,-0.22548796683795747,-0.22530497872503474,-0.3604243993759155,-0.22861614889372936,-0.22865145539981313,-3.530650608377095e-05,-0.13511942065088078,5.857306600631773e-05,0.00042454929185176127
15000,26,2,CAATCTAT,-0.22548796683795747,-0.22530497872503474,-0.29102638363838196,-0.22861614889372936,-0.22865145539981313,-3.530650608377095e-05,-0.06572140491334721,5.857306600631773e-05,0.00042454929185176127
15000,27,4,CTATCGCA,0.0014091279056073266,0.0014092934672380597,0.0016913701547309756,0.0,0.0,0.0,0.0002820766874929159,4.9604839749695095e-08,7.118513626822032e-07
15000,27,4,CTATCGCA,0.0014091279056073266,0.0014092934672380597,0.00060879229567945,0.0,0.0,0.0,-0.0008005011715586097,4.9604839749695095e-08,7.118513626822032e-07
15000,27,4,CTATCGCA,0.0014091279056073266,0.0014092934672380597,0.0011256271973252296,0.0,0.0,0.0,-0.00028366626991283006,4.9604839749695095e-08,7.118513626822032e-07
15000,27,4,CTATCGCA,0.0014091279056073266,0.0014092934672380597,0.0016301805153489113,0.0,0.0,0.0,0.00022088704811085158,4.9604839749695095e-08,7.118513626822032e-07
15000,28,2,TTTGGGCC,0.0890244817900755,0.08913318020358929,0.11608549952507019,0.0,0.0,0.0,0.0269523193214809,8.333646046720933e-05,0.0003007332874948032
15000,28,2,TTTGGGCC,0.0890244817900755,0.08913318020358929,0.11608549952507019,0.0,0.0,0.0,0.0269523193214809,8.333646046720933e-05,0.0003007332874948032
15000,28,2,TTTGGGCC,0.0890244817900755,0.08913318020358929,0.12432268261909485,0.0,0.0,0.0,0.03518950241550556,8.333646046720933e-05,0.0003007332874948032
15000,28,2,TTTGGGCC,0.0890244817900755,0.08913318020358929,0.08089602738618851,0.0,0.0,0.0,-0.008237152817400784,8.333646046720933e-05,0.0003007332874948032
15000,29,5,TTTAGGCC,0.06168321947858209,0.03937634120678997,-0.02746967226266861,-0.3066725631223847,-0.29473663765600516,0.01193592546637956,-0.06684601346945858,0.11398441454513053,0.002450023186169936
15000,29,5,TTTAGGCC,0.06168321947858209,0.03937634120678997,0.10897976160049438,-0.3066725631223847,-0.29473663765600516,0.01193592546637956,0.06960342039370442,0.11398441454513053,0.002450023186169936
15000,29,5,TTTGCGCG,0.6750283457233515,0.6288496165188002,0.6054650545120239,0.30667256312238467,0.2947366376560051,-0.01193592546637956,-0.0233845620067763,0.24119667058854777,0.010303024565791574
15000,29,5,TTTGCGCG,0.6750283457233515,0.6288496165188002,0.7060253024101257,0.30667256312238467,0.2947366376560051,-0.01193592546637956,0.07717568589132551,0.24119667058854777,0.010303024565791574
15000,30,3,CTATCGCG,-0.015265415352238946,-0.015481438319915775,-0.012942779809236526,0.0,0.0,0.0,0.002538658510679248,0.000840326246343559,0.00019225734331307365
15000,30,3,CTATCGCG,-0.015265415352238946,-0.015481438319915775,-0.018459171056747437,0.0,0.0,0.0,-0.002977732736831662,0.000840326246343559,0.00019225734331307365
15000,30,3,CTATCGCG,-0.015265415352238946,-0.015481438319915775,-0.012879453599452972,0.0,0.0,0.0,0.002601984720462802,0.000840326246343559,0.00019225734331307365
15000,30,3,CTATCGCG,-0.015265415352238946,-0.015481438319915775,-0.006288301199674606,0.0,0.0,0.0,0.009193137120241168,0.000840326246343559,0.00019225734331307365
15000,31,5,CTATCGCA,0.14039454109581506,0.13835243623679574,0.02482302114367485,-0.06673446084390572,-0.04802704024293514,0.01870742060097058,-0.1135294150931209,0.013189052630461329,0.0029785283353647163
15000,31,5,CTATCGCA,0.14039454109581506,0.13835243623679574,0.10810315608978271,-0.06673446084390572,-0.04802704024293514,0.01870742060097058,-0.03024928014701303,0.013189052630461329,0.0029785283353647163
15000,31,5,CGATCGCG,0.40733238447143794,0.3304605972085364,-0.04285168647766113,0.20020338253171716,0.1440811207288055,-0.05612226180291166,-0.3733122836861975,0.4018809815750415,0.01752204526053358
15000,31,5,CTATCGCA,0.14039454109581506,0.13835243623679574,0.12911254167556763,-0.06673446084390572,-0.04802704024293514,0.01870742060097058,-0.009239894561228118,0.013189052630461329,0.0029785283353647163
20000,0,2,TTTAGGCC,8.641889212102072e-05,8.641870124392881e-05,8.644849731354043e-05,0.0,0.0,0.0,2.9796069611620624e-08,5.045799333913692e-10,1.2282574957112047e-10
20000,0,2,TTTAGGCC,8.641889212102072e-05,8.641870124392881e-05,0.0001016752576106228,0.0,0.0,0.0,1.5256556366693985e-05,5.045799333913692e-10,1.2282574957112047e-10
20000,0,2,TTTAGGCC,8.641889212102072e-05,8.641870124392881e-05,0.0001016752576106228,0.0,0.0,0.0,1.5256556366693985e-05,5.045799333913692e-10,1.2282574957112047e-10
20000,0,2,TTTAGGCC,8.641889212102072e-05,8.641870124392881e-05,8.644849731354043e-05,0.0,0.0,0.0,2.9796069611620624e-08,5.045799333913692e-10,1.2282574957112047e-10
20000,1,2,CTATCGCA,0.002257950999612901,0.0022589658940432855,0.0009520956082269549,0.0,0.0,0.0,-0.0013068702858163306,1.8616794550396776e-08,2.0484056553193852e-06
20000,1,2,CTATCGCA,0.002257950999612901,0.0022589658940432855,0.002676446922123432,0.0,0.0,0.0,0.00041748102808014664,1.8616794550396776e-08,2.0484056553193852e-06
20000,1,2,CTATCGCA,0.002257950999612901,0.0022589658940432855,0.003148355521261692,0.0,0.0,0.0,0.0008893896272184065,1.8616794550396776e-08,2.0484056553193852e-06
20000,1,2,CTATCGCA,0.002257950999612901,0.0022589658940432855,0.002258965978398919,0.0,0.0,0.0,8.43556335894391e-11,1.8616794550396776e-08,2.0484056553193852e-06
20000,2,3,CTATCGCA,0.0021149193853050217,0.0021151111413928447,0.0026154182851314545,0.0,0.0,0.0,0.0005003071437386097,6.979746569601986e-08,6.450657291656725e-07
20000,2,3,CTATCGCA,0.0021149193853050217,0.0021151111413928447,0.000931525370106101,0.0,0.0,0.0,-0.0011835857712867437,6.979746569601986e-08,6.450657291656725e-07
20000,2,3,CTATCGCA,0.0021149193853050217,0.0021151111413928447,0.0016119874780997634,0.0,0.0,0.0,-0.0005031236632930813,6.979746569601986e-08,6.450657291656725e-07
20000,2,3,CTATCGCA,0.0021149193853050217,0.0021151111413928447,0.0010991322342306376,0.0,0.0,0.0,-0.0010159789071622072,6.979746569601986e-08,6.450657291656725e-07
20000,3,4,TTTGCGCG,0.8276397810534706,0.7730539260258715,0.5171910524368286,0.25857606393106036,0.24698145577925368,-0.011594608151806685,-0.2558628735890429,0.2323163457615438,0.013972925651147605
20000,3,4,TTTGCGCG,0.8276397810534706,0.7730539260258715,0.11438480019569397,0.25857606393106036,0.24698145577925368,-0.011594608151806685,-0.6586691258301776,0.2323163457615438,0.013972925651147605
20000,3,4,TTTGGGCC,-0.20666447467077098,-0.21487189709114318,-0.14419248700141907,-0.7757281917931812,-0.740944367337761,0.034783824455420165,0.07067941008972412,0.034220836737163474,0.0013911470556746686
20000,3,4,TTTGCGCG,0.8276397810534706,0.7730539260258715,0.6854490637779236,0.25857606393106036,0.24698145577925368,-0.011594608151806685,-0.08760486224794795,0.2323163457615438,0.013972925651147605
20000,4,5,CTATCGCG,0.1017713555568717,0.06771466536193067,0.016117393970489502,-0.09453711578551388,-0.10254594380587838,-0.008008828020364497,-0.05159727139144117,0.24065612685585602,0.07037267588115093
20000,4,5,CGATCGCG,0.400841921653243,0.3340436768388466,0.21408435702323914,0.20453345031085743,0.16378306767103756,-0.040750382639819865,-0.11995931981560748,0.3515132693325156,0.01752204526053358
20000,4,5,CTATCGCA,0.1413103040797138,0.1396420472352295,0.12266938388347626,-0.05499816726267179,-0.030618561932579558,0.02437960533009223,-0.016972663351753237,0.011319812557786135,0.0029785283353647163
20000,4,5,CTATCGCA,0.1413103040797138,0.1396420472352295,0.11965430527925491,-0.05499816726267179,-0.030618561932579558,0.02437960533009223,-0.01998774195597458,0.011319812557786135,0.0029785283353647163
20000,5,4,TTTAGGCC,0.10158450367952308,0.10161716477181082,0.1733030527830124,0.0,0.0,0.0,0.07168588801120157,0.0034011515409853588,0.003531795910136304
20000,5,4,TTTAGGCC,0.10158450367952308,0.10161716477181082,0.06505735218524933,0.0,0.0,0.0,-0.03655981258656149,0.0034011515409853588,0.003531795910136304
20000,5,4,TTTAGGCC,0.10158450367952308,0.10161716477181082,0.10685645043849945,0.0,0.0,0.0,0.005239285666688631,0.0034011515409853588,0.003531795910136304
20000,5,4,TTTAGGCC,0.10158450367952308,0.10161716477181082,0.07821150124073029,0.0,0.0,0.0,-0.023405663531080534,0.0034011515409853588,0.003531795910136304
20000,6,5,CTATCGCA,0.005317194846365213,0.0053189500760595365,0.004576084669679403,0.0,0.0,0.0,-0.0007428654063801332,2.156476262334811e-06,1.0932624733950291e-05
20000,6,5,CTATCGCA,0.005317194846365213,0.0053189500760595365,0.005503624677658081,0.0,0.0,0.0,0.00018467460159854454,2.156476262334811e-06,1.0932624733950291e-05
20000,6,5,CTATCGCA,0.005317194846365213,0.0053189500760595365,0.006276391446590424,0.0,0.0,0.0,0.0009574413705308871,2.156476262334811e-06,1.0932624733950291e-05
20000,6,5,CTATCGCA,0.005317194846365213,0.0053189500760595365,0.006547878030687571,0.0,0.0,0.0,0.001228927954628034,2.156476262334811e-06,1.0932624733950291e-05
20000,7,4,CTATCGCA,0.02321059699772237,0.023276021518962353,0.02816692367196083,0.03420706277351811,0.03331371302102623,-0.000893349752491876,0.0048909021529984775,0.00017488363943979346,0.0004365817243997261
20000,7,4,CTATCGCA,0.02321059699772237,0.023276021518962353,0.03898555785417557,0.03420706277351811,0.03331371302102623,-0.000893349752491876,0.015709536335213214,0.00017488363943979346,0.0004365817243997261
20000,7,4,CTATCGCA,0.02321059699772237,0.023276021518962353,0.017618931829929352,0.03420706277351811,0.03331371302102623,-0.000893349752491876,-0.005657089689033001,0.00017488363943979346,0.0004365817243997261
20000,7,4,CTATCGCG,-0.11361765409635005,-0.10997883056514257,-0.1337628960609436,-0.10262118832055431,-0.0999411390630787,0.002680049257475614,-0.023784065495801032,0.03542792412239759,0.04998321824722751
20000,8,4,CTATCGCA,0.02190436173163792,0.022361237561729808,0.02447250485420227,0.0,0.0,0.0,0.002111267292472463,0.0007738671958478494,0.0026013705162153955
20000,8,4,CTATCGCA,0.02190436173163792,0.022361237561729808,0.005069454200565815,0.0,0.0,0.0,-0.017291783361163993,0.0007738671958478494,0.0026013705162153955
20000,8,4,CTATCGCA,0.02190436173163792,0.022361237561729808,0.0346079021692276,0.0,0.0,0.0,0.012246664607497793,0.0007738671958478494,0.0026013705162153955
20000,8,4,CTATCGCA,0.02190436173163792,0.022361237561729808,0.03757351636886597,0.0,0.0,0.0,0.01521227880713616,0.0007738671958478494,0.0026013705162153955
20000,9,8,ATATCGCC,0.4279358119604534,0.34349103803875636,0.44000229239463806,0.3029118402787033,0.3312244417705522,0.028312601491848888,0.0965112543558817,1.056469910011427,0.3809117186378508
20000,9,8,CTATCGCA,0.1735480492592472,0.14627164603660958,0.32870763540267944,0.04852407757749716,0.13400504976840544,0.08548097219090828,0.18243598936606986,0.2355717726609201,0.01736054687981925
20000,9,8,CGGTCGCG,-0.27493602375194764,-0.586967945039159,-0.25292184948921204,-0.39995999543369765,-0.5992345413073631,-0.19927454587366544,0.3340460955499469,2.50151813446078,0.005262764163089795
20000,9,8,CTATCGCA,0.1735480492592472,0.14627164603660958,0.11703146249055862,0.04852407757749716,0.13400504976840544,0.08548097219090828,-0.029240183546050957,0.2355717726609201,0.01736054687981925
20000,10,4,TTTAGGCC,0.004239356322142533,0.004238705048305036,0.00519314780831337,0.0,0.0,0.0,0.0009544427600083338,6.1812836021357676e-06,3.5761882521481714e-06
20000,10,4,TTTAGGCC,0.004239356322142533,0.004238705048305036,0.005392211489379406,0.0,0.0,0.0,0.00115350644107437,6.1812836021357676e-06,3.5761882521481714e-06
20000,10,4,TTTAGGCC,0.004239356322142533,0.004238705048305036,0.004854483529925346,0.0,0.0,0.0,0.0006157784816203105,6.1812836021357676e-06,3.5761882521481714e-06
20000,10,4,TTTAGGCC,0.004239356322142533,0.004238705048305036,0.004094460979104042,0.0,0.0,0.0,-0.00014424406920099386,6.1812836021357676e-06,3.5761882521481714e-06
20000,11,1,CGATATAT,0.0033040406997315586,0.0033040406997315586,0.0033040407579392195,0.0,0.0,0.0,5.820766091346741e-11,0.0,0.0
20000,11,1,CGATATAT,0.0033040406997315586,0.0033040406997315586,0.0033040407579392195,0.0,0.0,0.0,5.820766091346741e-11,0.0,0.0
20000,11,1,CGATATAT,0.0033040406997315586,0.0033040406997315586,0.0033040407579392195,0.0,0.0,0.0,5.820766091346741e-11,0.0,0.0
20000,11,1,CGATATAT,0.0033040406997315586,0.0033040406997315586,0.0033040407579392195,0.0,0.0,0.0,5.820766091346741e-11,0.0,0.0
20000,12,3,CGATCTAT,0.1927679555897676,0.192645184960889,0.13030575215816498,0.1303893028409887,0.13133286115609946,0.000943558315110754,-0.062339432802724026,0.004104777302902596,0.003736465416266821
20000,12,3,CAATCTAT,-0.06801065009220982,-0.07002053735130993,-0.12157714366912842,-0.1303893028409887,-0.1313328611560995,-0.0009435583151107818,-0.051556606317818485,0.00879194996692112,0.002762288189620765
20000,12,3,CGATCTAT,0.1927679555897676,0.192645184960889,0.2422357201576233,0.1303893028409887,0.13133286115609946,0.000943558315110754,0.04959053519673429,0.004104777302902596,0.003736465416266821
20000,12,3,CAATCTAT,-0.06801065009220982,-0.07002053735130993,-0.04592292010784149,-0.1303893028409887,-0.1313328611560995,-0.0009435583151107818,0.02409761724346844,0.00879194996692112,0.002762288189620765
20000,13,4,CGGTCGCG,-0.3442646159202633,-0.9981012898228984,-0.7348403930664062,-0.36201876242642483,-0.6483135392571384,-0.2862947768307136,0.2632608967564921,2.6155756850604996,0.00022898944995941584
20000,13,4,CTATCGCG,0.37977290893258636,0.2985257886913786,0.3370439410209656,0.36201876242642483,0.6483135392571384,0.2862947768307136,0.038518152329586997,0.3412605001944382,0.016272019229607082
20000,13,4,CTATCGCG,0.37977290893258636,0.2985257886913786,0.26040512323379517,0.36201876242642483,0.6483135392571384,0.2862947768307136,-0.038120665457583414,0.3412605001944382,0.016272019229607082
20000,13,4,CGGTCGCG,-0.3442646159202633,-0.9981012898228984,-0.962337851524353,-0.36201876242642483,-0.6483135392571384,-0.2862947768307136,0.035763438298545336,2.6155756850604996,0.00022898944995941584
20000,14,2,CTATCGCA,0.010726859159502833,0.010721807717345655,0.010721834376454353,0.0,0.0,0.0,2.6659108698368073e-08,1.7538079000511964e-05,7.435194686156166e-06
20000,14,2,CTATCGCA,0.010726859159502833,0.010721807717345655,0.010721834376454353,0.0,0.0,0.0,2.6659108698368073e-08,1.7538079000511964e-05,7.435194686156166e-06
20000,14,2,CTATCGCA,0.010726859159502833,0.010721807717345655,0.010721834376454353,0.0,0.0,0.0,2.6659108698368073e-08,1.7538079000511964e-05,7.435194686156166e-06
20000,14,2,CTATCGCA,0.010726859159502833,0.010721807717345655,0.013581402599811554,0.0,0.0,0.0,0.002859594882465899,1.7538079000511964e-05,7.435194686156166e-06
20000,15,5,CTATCGCA,0.02035412613359403,0.020408871928637672,0.012686281464993954,0.0,0.0,0.0,-0.007722590463643719,0.00019436130157333975,0.00046809027679156623
20000,15,5,CTATCGCA,0.02035412613359403,0.020408871928637672,0.005195179488509893,0.0,0.0,0.0,-0.015213692440127779,0.00019436130157333975,0.00046809027679156623
20000,15,5,CTATCGCA,0.02035412613359403,0.020408871928637672,0.005373078398406506,0.0,0.0,0.0,-0.015035793530231167,0.00019436130157333975,0.00046809027679156623
20000,15,5,CTATCGCA,0.02035412613359403,0.020408871928637672,0.005403105169534683,0.0,0.0,0.0,-0.015005766759102989,0.00019436130157333975,0.00046809027679156623
20000,16,2,CGATATAT,0.10127415882640728,0.1020358977927458,0.11688297986984253,0.0,0.0,0.0,0.01484708207709673,0.0007823648671630989,0.002305842799840141
20000,16,2,CGATATAT,0.10127415882640728,0.1020358977927458,0.058177560567855835,0.0,0.0,0.0,-0.043858337224889965,0.0007823648671630989,0.002305842799840141
20000,16,2,CGATATAT,0.10127415882640728,0.1020358977927458,0.10203588008880615,0.0,0.0,0.0,-1.7703939647617517e-08,0.0007823648671630989,0.002305842799840141
20000,16,2,CGATATAT,0.10127415882640728,0.1020358977927458,0.08718881011009216,0.0,0.0,0.0,-0.014847087682653637,0.0007823648671630989,0.002305842799840141
20000,17,3,CTATCGCA,0.002316647175347991,0.0023168246261523104,0.0020969798788428307,0.0,0.0,0.0,-0.00021984474730947978,5.1516624299807745e-11,5.324039295817595e-07
20000,17,3,CTATCGCA,0.002316647175347991,0.0023168246261523104,0.0019700131379067898,0.0,0.0,0.0,-0.00034681148824552066,5.1516624299807745e-11,5.324039295817595e-07
20000,17,3,CTATCGCA,0.002316647175347991,0.0023168246261523104,0.003035209607332945,0.0,0.0,0.0,0.0007183849811806344,5.1516624299807745e-11,5.324039295817595e-07
20000,17,3,CTATCGCA,0.002316647175347991,0.0023168246261523104,0.0019066438544541597,0.0,0.0,0.0,-0.0004101807716981507,5.1516624299807745e-11,5.324039295817595e-07
20000,18,4,ACTACGGC,0.004934294137117632,0.004941699310106684,0.003623237833380699,0.0,0.0,0.0,-0.001318461476725985,4.861761449141688e-06,3.448245340535033e-05
20000,18,4,ACTACGGC,0.004934294137117632,0.004941699310106684,0.003690048586577177,0.0,0.0,0.0,-0.0012516507235295071,4.861761449141688e-06,3.448245340535033e-05
20000,18,4,ACTACGGC,0.004934294137117632,0.004941699310106684,0.0056588067673146725,0.0,0.0,0.0,0.0007171074572079883,4.861761449141688e-06,3.448245340535033e-05
20000,18,4,ACTACGGC,0.004934294137117632,0.004941699310106684,0.005448042880743742,0.0,0.0,0.0,0.0005063435706370578,4.861761449141688e-06,3.448245340535033e-05
20000,19,2,CTATCGCA,0.0011551374132007797,0.0011552769581157918,0.0011553959921002388,0.0,0.0,0.0,1.1903398444701452e-07,6.545401998181433e-10,2.797443702240443e-07
20000,19,2,CTATCGCA,0.0011551374132007797,0.0011552769581157918,0.0006255966145545244,0.0,0.0,0.0,-0.0005296803435612674,6.545401998181433e-10,2.797443702240443e-07
20000,19,2,CTATCGCA,0.0011551374132007797,0.0011552769581157918,0.0013248836621642113,0.0,0.0,0.0,0.0001696067040484195,6.545401998181433e-10,2.797443702240443e-07
20000,19,2,CTATCGCA,0.0011551374132007797,0.0011552769581157918,0.0007950842846184969,0.0,0.0,0.0,-0.0003601926734972949,6.545401998181433e-10,2.797443702240443e-07
20000,20,3,TTTGGGCC,-0.0824981910002246,-0.08409089553687303,-0.06404092907905579,-0.21020297656940135,-0.21137072161460924,-0.0011677450452078908,0.020049966457817245,0.005738512457421185,0.0009603988474758962
20000,20,3,TTTAGGCC,0.19777244442564387,0.19773673328260596,0.29418623447418213,0.07006765885646712,0.07045690720486975,0.000389248348402621,0.09644950119157616,0.0012617271581062406,0.0011545937289925146
20000,20,3,TTTAGGCC,0.19777244442564387,0.19773673328260596,0.22297562658786774,0.07006765885646712,0.07045690720486975,0.000389248348402621,0.025238893305261773,0.0012617271581062406,0.0011545937289925146
20000,20,3,TTTAGGCC,0.19777244442564387,0.19773673328260596,0.21522457897663116,0.07006765885646712,0.07045690720486975,0.000389248348402621,0.0174878456940252,0.0012617271581062406,0.0011545937289925146
20000,21,2,TCTGCGCC,0.35772284909527813,0.3424510061740875,0.20685166120529175,0.32105193793983977,0.3187237922102213,-0.0023281457296184804,-0.13559934496879578,0.03176820453459672,0.001224518692215515
20000,21,2,TCTGCGCC,0.35772284909527813,0.3424510061740875,0.20685166120529175,0.32105193793983977,0.3187237922102213,-0.0023281457296184804,-0.13559934496879578,0.03176820453459672,0.001224518692215515
20000,21,2,TTTGCGCC,-0.28438102678440136,-0.29499657824635506,-0.29499661922454834,-0.32105193793983977,-0.3187237922102213,0.0023281457296184804,-4.0978193283081055e-08,0.022612110528519747,0.0013810076046123498
20000,21,2,TTTGCGCC,-0.28438102678440136,-0.29499657824635506,-0.4114019274711609,-0.32105193793983977,-0.3187237922102213,0.0023281457296184804,-0.11640534922480583,0.022612110528519747,0.0013810076046123498
20000,22,3,TTTAGGCC,0.000604663087700491,0.0006047265290918258,0.0003920735907740891,0.0,0.0,0.0,-0.00021265293831773668,1.240461430795925e-08,2.0272878831217866e-07
20000,22,3,TTTAGGCC,0.000604663087700491,0.0006047265290918258,0.000828730349894613,0.0,0.0,0.0,0.00022400382080278725,1.240461430795925e-08,2.0272878831217866e-07
20000,22,3,TTTAGGCC,0.000604663087700491,0.0006047265290918258,0.0008947385940700769,0.0,0.0,0.0,0.00029001206497825116,1.240461430795925e-08,2.0272878831217866e-07
20000,22,3,TTTAGGCC,0.000604663087700491,0.0006047265290918258,0.0007036437746137381,0.0,0.0,0.0,9.891724552191228e-05,1.240461430795925e-08,2.0272878831217866e-07
20000,23,6,CGGTCGTG,-0.43949847440085615,-0.6316468573989376,-0.2256043553352356,-0.7641858476910581,-0.7594235441138018,0.004762303577256377,0.40604250206370196,1.1714926128576666,0.018602314869178294
20000,23,6,CGATCGCG,0.45648174542056763,0.38384678491344504,-0.017599502578377724,0.13179437213036566,0.2560700981985809,0.12427572606821524,-0.40144628749182276,0.46959605159264517,0.03378628854990939
20000,23,6,CGATCGCG,0.45648174542056763,0.38384678491344504,0.2241986095905304,0.13179437213036566,0.2560700981985809,0.12427572606821524,-0.15964817532291464,0.46959605159264517,0.03378628854990939
20000,23,6,CGATATAG,0.8252844767205287,0.375060034431504,0.6278738975524902,0.5005971034303267,0.24728334771663985,-0.25331375571368686,0.25281386312098625,3.136992237569532,0.43564558383538277
20000,24,4,CTATCGCA,0.005714261931346193,0.005720341902332393,0.0005075300578027964,0.0,0.0,0.0,-0.005212811844529597,1.1707115138356872e-06,2.54905954586368e-05
20000,24,4,CTATCGCA,0.005714261931346193,0.005720341902332393,0.0037751072086393833,0.0,0.0,0.0,-0.0019452346936930098,1.1707115138356872e-06,2.54905954586368e-05
20000,24,4,CTATCGCA,0.005714261931346193,0.005720341902332393,0.009695190005004406,0.0,0.0,0.0,0.003974848102672013,1.1707115138356872e-06,2.54905954586368e-05
20000,24,4,CTATCGCA,0.005714261931346193,0.005720341902332393,0.006531812250614166,0.0,0.0,0.0,0.0008114703482817731,1.1707115138356872e-06,2.54905954586368e-05
20000,25,5,CTATCGCA,0.017632754896698567,0.01779798797708132,0.013892095535993576,-0.005006339743545567,-0.0038723302155927904,0.001134009527952777,-0.003905892441087744,0.0005189275267529214,0.0013450929286666913
20000,25,5,CTATCGCA,0.017632754896698567,0.01779798797708132,0.034313999116420746,-0.005006339743545567,-0.0038723302155927904,0.001134009527952777,0.016516011139339426,0.0005189275267529214,0.0013450929286666913
20000,25,5,CGATCGCG,0.0276454343837897,0.0255426484082669,-0.0659942626953125,0.005006339743545567,0.0038723302155927904,-0.001134009527952777,-0.0915369111035794,0.02291990763011409,0.012405977752500075
20000,25,5,CGATCGCG,0.0276454343837897,0.0255426484082669,0.038617730140686035,0.005006339743545567,0.0038723302155927904,-0.001134009527952777,0.013075081732419135,0.02291990763011409,0.012405977752500075
20000,26,6,TTTGGGCC,-0.08890718675114313,-0.0913751591133966,-0.026031434535980225,-0.14647888414258883,-0.14340009053188713,0.0030787936107017078,0.06534372457741637,0.016004935906788864,0.0011971017332681466
20000,26,6,TGTGGGCG,0.10971558492290612,0.10051186772809739,0.18272671103477478,0.05214388753146042,0.048486936309606876,-0.003656951221853541,0.08221484330667739,0.0657307989400362,0.010508495771183846
20000,26,6,TGTGGGCG,0.10971558492290612,0.10051186772809739,0.0696638822555542,0.05214388753146042,0.048486936309606876,-0.003656951221853541,-0.030847985472543193,0.0657307989400362,0.010508495771183846
20000,26,6,TTTAGGCC,0.0997628064711137,0.09845114933116388,0.12843337655067444,0.042191109079668,0.04642621791267336,0.0042351088330053605,0.029982227219510563,0.009406567550711897,0.0015366247110129017
20000,27,4,CTATCGCA,0.1553664969181794,0.15094814893426656,0.11139453947544098,0.15330761149250058,0.3451072722185675,0.19179966072606694,-0.03955360945882558,0.020457683169511964,0.002784291233860592
20000,27,4,CTATCGCA,0.1553664969181794,0.15094814893426656,0.1345975399017334,0.15330761149250058,0.3451072722185675,0.19179966072606694,-0.01635060903253316,0.020457683169511964,0.002784291233860592
20000,27,4,CTATCGCA,0.1553664969181794,0.15094814893426656,0.2132386714220047,0.15330761149250058,0.3451072722185675,0.19179966072606694,0.06229052248773814,0.020457683169511964,0.002784291233860592
20000,27,4,CGGTCGCG,-0.4578639490518229,-1.2294809399400035,-1.1460237503051758,-0.4599228344775017,-1.0353218166557026,-0.5753989821782008,0.08345718963482773,3.0878700097638263,0.0014020462111038468
20000,28,3,CTATCGCA,0.0004392604564978549,0.00043926873607029,0.0003604450903367251,0.0,0.0,0.0,-7.882364573356487e-05,3.6652802182235433e-09,2.8503997523410263e-08
20000,28,3,CTATCGCA,0.0004392604564978549,0.00043926873607029,0.000618211692199111,0.0,0.0,0.0,0.000178942956128821,3.6652802182235433e-09,2.8503997523410263e-08
20000,28,3,CTATCGCA,0.0004392604564978549,0.00043926873607029,0.0002726444508880377,0.0,0.0,0.0,-0.0001666242851822523,3.6652802182235433e-09,2.8503997523410263e-08
20000,28,3,CTATCGCA,0.0004392604564978549,0.00043926873607029,0.0003653216699603945,0.0,0.0,0.0,-7.394706610989549e-05,3.6652802182235433e-09,2.8503997523410263e-08
20000,29,4,CGATAGAT,0.1160916665090273,0.1112256219934954,0.16744129359722137,0.07727573325882714,0.0828921139719086,0.005616380713081459,0.05621567160372598,0.03571786362338092,0.016253685561253284
20000,29,4,CGATCGAT,-0.038459800008626976,-0.054558605950321803,-0.09374549984931946,-0.07727573325882714,-0.0828921139719086,-0.005616380713081459,-0.039186893898997655,0.08339949918082201,0.019004275414042704
20000,29,4,CGATCGAT,-0.038459800008626976,-0.054558605950321803,-0.06487229466438293,-0.07727573325882714,-0.0828921139719086,-0.005616380713081459,-0.010313688714061131,0.08339949918082201,0.019004275414042704
20000,29,4,CGATAGAT,0.1160916665090273,0.1112256219934954,0.17769958078861237,0.07727573325882714,0.0828921139719086,0.005616380713081459,0.06647395879511697,0.03571786362338092,0.016253685561253284
20000,30,6,TTTGGGCC,-0.3289893037880547,-0.5527717866051772,-1.249328374862671,-0.40775819082040454,-0.5366127851475785,-0.12885459432717394,-0.6965565882574937,1.345222492020779,0.0025275951180439016
20000,30,6,CTATCGCA,0.2146882839724847,0.16271192692492745,0.0018700339132919908,0.13591939694013486,0.17887092838252616,0.042951531442391305,-0.16084189301163546,0.32372032052820343,0.011862178242859844
20000,30,6,CTATCGCA,0.2146882839724847,0.16271192692492745,0.1814332753419876,0.13591939694013486,0.17887092838252616,0.042951531442391305,0.018721348417060163,0.32372032052820343,0.011862178242859844
20000,30,6,CTATCGCA,0.2146882839724847,0.16271192692492745,0.00105092313606292,0.13591939694013486,0.17887092838252616,0.042951531442391305,-0.16166100378886453,0.32372032052820343,0.011862178242859844
20000,31,2,CTATCGCA,0.008719744408200503,0.008721208416318404,0.011320970021188259,0.0,0.0,0.0,0.0025997616048698546,6.012879083527878e-11,2.9280763645944674e-06
20000,31,2,CTATCGCA,0.008719744408200503,0.008721208416318404,0.008721268735826015,0.0,0.0,0.0,6.031950761098415e-08,6.012879083527878e-11,2.9280763645944674e-06
20000,31,2,CTATCGCA,0.008719744408200503,0.008721208416318404,0.010713387280702591,0.0,0.0,0.0,0.0019921788643841865,6.012879083527878e-11,2.9280763645944674e-06
20000,31,2,CTATCGCA,0.008719744408200503,0.008721208416318404,0.010713387280702591,0.0,0.0,0.0,0.0019921788643841865,6.012879083527878e-11,2.9280763645944674e-06
