step,context,hidden,y,order,delta_y,log_rho,delta_tau,share
0,0,5,CCCTTTGG,4 1 0 2 7,13.149115151415508,0.0,13.149115151415508,0.0
0,0,5,CATTTTGC,0 4 7 1 2,12.713645422278745,0.0,12.713645422278745,0.0
0,0,5,TTTTATGG,2 1 7 0 4,14.357066272731032,0.0,14.357066272731032,0.0
0,0,5,ATTTTTGG,7 4 0 2 1,14.830502821358865,0.0,14.830502821358865,0.0
0,1,4,AACGTCGT,3 5 2 0,5.664692324006093,0.0,5.664692324006093,0.0
0,1,4,AAGATAGT,5 3 0 2,0.9494810503356002,0.0,0.9494810503356002,0.0
0,1,4,AAGCTGGT,0 2 3 5,10.704645650727473,0.0,10.704645650727473,0.0
0,1,4,CATCTTGT,2 3 0 5,1.3765506387325557,0.0,1.3765506387325557,0.0
0,2,4,AGATCGGG,5 6 0 3,3.586772024983759,0.0,3.586772024983759,0.0
0,2,4,TGAGCTAG,5 6 3 0,10.060525451945903,0.0,10.060525451945903,0.0
0,2,4,GGAACGAG,5 3 6 0,10.755038534738098,0.0,10.755038534738098,0.0
0,2,4,AGACCCGG,3 0 6 5,15.045846413360602,0.0,15.045846413360602,0.0
0,3,4,CAGACGAG,7 2 1 5,2.5464041520071197,0.0,2.5464041520071197,0.0
0,3,4,CTAACGAC,5 2 1 7,5.995730619973042,0.0,5.995730619973042,0.0
0,3,4,CAAACCAA,5 2 1 7,9.1705544183583,0.0,9.1705544183583,0.0
0,3,4,CACACAAA,7 2 1 5,1.2693761674664135,0.0,1.2693761674664135,0.0
0,4,7,AACCTGCG,5 0 2 6 1 7 4,14.51663368654146,0.0,14.51663368654146,0.0
0,4,7,CCTCAGAT,0 4 5 6 1 7 2,0.36463339710488896,0.0,0.36463339710488896,0.0
0,4,7,TCACTTGA,0 6 5 2 7 4 1,0.6333401576604061,0.0,0.6333401576604061,0.0
0,4,7,TTCCTCGC,2 1 0 4 6 5 7,12.553212353058685,0.0,12.553212353058685,0.0
0,5,5,TACTTATT,1 2 7 5 3,10.74443863097348,0.0,10.74443863097348,0.0
0,5,5,TATCTTTC,5 3 1 7 2,4.109303933941229,0.0,4.109303933941229,0.0
0,5,5,TGCTTTTG,5 7 1 2 3,6.400012569071671,0.0,6.400012569071671,0.0
0,5,5,TCTTTTTT,1 5 7 2 3,9.705728032431903,0.0,9.705728032431903,0.0
0,6,4,TCACTTTA,3 4 6 7,-4.031881608734589,0.0,-4.031881608734589,0.0
0,6,4,TCAATTCC,7 3 4 6,0.011135645189969345,0.0,0.011135645189969345,0.0
0,6,4,TCATCTGA,3 4 6 7,0.7616297995299224,0.0,0.7616297995299224,0.0
0,6,4,TCACATTG,3 7 6 4,1.7595894230786042,0.0,1.7595894230786042,0.0
0,7,2,ACTTACAA,3 7,5.8115086059696885,0.0,5.8115086059696885,0.0
0,7,2,ACTCACAT,7 3,6.826278420390691,0.0,6.826278420390691,0.0
0,7,2,ACTTACAC,7 3,1.82499847220046,0.0,1.82499847220046,0.0
0,7,2,ACTAACAT,7 3,2.9699228248454768,0.0,2.9699228248454768,0.0
0,8,3,AGACTAAT,5 7 4,4.921777777705094,0.0,4.921777777705094,0.0
0,8,3,AGACGCAG,4 7 5,4.338366234114397,0.0,4.338366234114397,0.0
0,8,3,AGACAAAC,7 5 4,5.82065314314474,0.0,5.82065314314474,0.0
0,8,3,AGACAGAA,5 7 4,6.1635791434698515,0.0,6.1635791434698515,0.0
0,9,4,TTCACGTG,2 5 6 1,3.85520522861849,0.0,3.85520522861849,0.0
0,9,4,TAGACAGG,5 1 2 6,10.51876580180079,0.0,10.51876580180079,0.0
0,9,4,TCGACGTG,5 2 1 6,3.9212738978283435,0.0,3.9212738978283435,0.0
0,9,4,TCAACCCG,6 2 1 5,1.3278534659729457,0.0,1.3278534659729457,0.0
0,10,4,TTAGTCTC,7 3 4 1,6.210998520766993,0.0,6.210998520766993,0.0
0,10,4,TCATGCTA,1 3 4 7,10.356978492952056,0.0,10.356978492952056,0.0
0,10,4,TCAAACTT,4 7 1 3,9.650131838188745,0.0,9.650131838188745,0.0
0,10,4,TAAATCTC,1 3 4 7,8.768251569528058,0.0,8.768251569528058,0.0
0,11,7,TACCAGTC,5 6 0 1 2 7 4,9.479015133996134,0.0,9.479015133996134,0.0
0,11,7,TACCTGTC,0 7 6 2 1 5 4,9.24222237380275,0.0,9.24222237380275,0.0
0,11,7,TGTCAGAC,0 1 7 2 6 4 5,7.329103744330045,0.0,7.329103744330045,0.0
0,11,7,GATCGGTA,6 5 0 4 2 7 1,-1.907381276242119,0.0,-1.907381276242119,0.0
0,12,1,CACAACGT,0,0.3765203915323667,0.0,0.3765203915323667,0.0
0,12,1,CACAACGT,0,0.3765203915323667,0.0,0.3765203915323667,0.0
0,12,1,GACAACGT,0,2.1677951716921093,0.0,2.1677951716921093,0.0
0,12,1,TACAACGT,0,3.365848816294247,0.0,3.365848816294247,0.0
0,13,6,ATCGTAAT,6 1 3 2 7 4,6.625066965377847,0.0,6.625066965377847,0.0
0,13,6,AGGCGATC,7 2 1 3 6 4,0.8636725244379821,0.0,0.8636725244379821,0.0
0,13,6,ATAAAACC,1 7 6 4 2 3,6.341054080225268,0.0,6.341054080225268,0.0
0,13,6,AGCGGAAG,3 7 6 2 1 4,10.977718673474772,0.0,10.977718673474772,0.0
0,14,5,CACCTTTA,2 4 7 1 0,2.4740140038982403,0.0,2.4740140038982403,0.0
0,14,5,TCGCTTTT,4 2 1 7 0,7.126481390262909,0.0,7.126481390262909,0.0
0,14,5,TGACTTTT,1 7 0 2 4,8.06960352039287,0.0,8.06960352039287,0.0
0,14,5,TTTCATTT,2 4 0 1 7,5.745327317680708,0.0,5.745327317680708,0.0
0,15,6,GACAGCCA,1 4 2 6 0 7,4.006746369087503,0.0,4.006746369087503,0.0
0,15,6,CTAAGCTA,6 0 7 2 1 4,6.46834478711407,0.0,6.46834478711407,0.0
0,15,6,CGGATCCA,4 0 1 2 7 6,1.895498291763312,0.0,1.895498291763312,0.0
0,15,6,AATAACGT,1 2 6 4 7 0,14.511305253103068,0.0,14.511305253103068,0.0
0,16,2,TAACTTCG,5 7,3.181238767096615,0.0,3.181238767096615,0.0
0,16,2,TAACTGCC,5 7,5.250920306305348,0.0,5.250920306305348,0.0
0,16,2,TAACTACA,5 7,4.936811685608087,0.0,4.936811685608087,0.0
0,16,2,TAACTCCG,5 7,0.6389855550721832,0.0,0.6389855550721832,0.0
0,17,3,GCGCGTCC,4 2 3,9.827237225996805,0.0,9.827237225996805,0.0
0,17,3,GCCCCTCC,4 3 2,7.7124747302134145,0.0,7.7124747302134145,0.0
0,17,3,GCGCCTCC,3 2 4,11.653419693513992,0.0,11.653419693513992,0.0
0,17,3,GCGAGTCC,4 3 2,6.403134647301577,0.0,6.403134647301577,0.0
0,18,3,CACAGGAG,4 1 5,-2.119164879598562,0.0,-2.119164879598562,0.0
0,18,3,CCCAGAAG,5 4 1,3.3098717461977802,0.0,3.3098717461977802,0.0
0,18,3,CTCAGGAG,1 5 4,4.0415059868763965,0.0,4.0415059868763965,0.0
0,18,3,CACAAAAG,1 5 4,0.32149762329939513,0.0,0.32149762329939513,0.0
0,19,2,AGAGTACG,0 2,6.2190561224511045,0.0,6.2190561224511045,0.0
0,19,2,AGGGTACG,2 0,-1.5137369457175507,0.0,-1.5137369457175507,0.0
0,19,2,TGCGTACG,0 2,4.844638175955395,0.0,4.844638175955395,0.0
0,19,2,AGTGTACG,0 2,2.250711250272686,0.0,2.250711250272686,0.0
0,20,3,GTCGTGGT,1 2 4,10.616814658888146,0.0,10.616814658888146,0.0
0,20,3,GAAGTGGT,1 4 2,6.425479735238489,0.0,6.425479735238489,0.0
0,20,3,GCGGAGGT,4 2 1,6.857325940138547,0.0,6.857325940138547,0.0
0,20,3,GGAGCGGT,1 4 2,5.704761272383748,0.0,5.704761272383748,0.0
0,21,5,GGGCGGCC,7 4 1 0 5,6.186294262304229,0.0,6.186294262304229,0.0
0,21,5,AAGCTCCC,4 7 1 5 0,9.118821638680828,0.0,9.118821638680828,0.0
0,21,5,ATGCGGCA,4 0 1 7 5,-0.6559813997961443,0.0,-0.6559813997961443,0.0
0,21,5,AAGCCGCA,7 1 5 4 0,2.981069132377165,0.0,2.981069132377165,0.0
0,22,2,CTTGCCGG,1 3,1.5122523392853764,0.0,1.5122523392853764,0.0
0,22,2,CGTCCCGG,3 1,6.216445688813309,0.0,6.216445688813309,0.0
0,22,2,CCTCCCGG,3 1,5.44937701906697,0.0,5.44937701906697,0.0
0,22,2,CATTCCGG,3 1,2.9478613352732834,0.0,2.9478613352732834,0.0
0,23,6,AATCGAAG,0 5 7 3 4 6,13.729039783948405,0.0,13.729039783948405,0.0
0,23,6,AATGCCCG,5 6 3 4 7 0,12.708448217278043,0.0,12.708448217278043,0.0
0,23,6,AATTCACA,4 3 0 5 6 7,12.831839210699238,0.0,12.831839210699238,0.0
0,23,6,AATTGGAC,5 7 6 3 4 0,9.062355075408746,0.0,9.062355075408746,0.0
0,24,2,TAATAGTG,2 5,1.1207904369964532,0.0,1.1207904369964532,0.0
0,24,2,TAATAATG,5 2,7.248878592116313,0.0,7.248878592116313,0.0
0,24,2,TAATATTG,2 5,0.8354573337329882,0.0,0.8354573337329882,0.0
0,24,2,TAATATTG,5 2,0.8354573337329882,0.0,0.8354573337329882,0.0
0,25,4,ATAGGCTA,1 7 0 2,1.6254799242923115,0.0,1.6254799242923115,0.0
0,25,4,TATGGCTG,7 1 0 2,0.054500731910229305,0.0,0.054500731910229305,0.0
0,25,4,CGGGGCTG,2 0 7 1,9.730205441733716,0.0,9.730205441733716,0.0
0,25,4,AATGGCTG,1 7 2 0,8.775397062417564,0.0,8.775397062417564,0.0
0,26,5,TTTTCATA,7 3 4 2 0,0.7244463266430348,0.0,0.7244463266430348,0.0
0,26,5,ATCATATG,3 4 7 0 2,5.0848114332291425,0.0,5.0848114332291425,0.0
0,26,5,TTGCAATC,4 7 3 2 0,14.499708945592126,0.0,14.499708945592126,0.0
0,26,5,CTCCGATC,0 4 3 7 2,7.605571317089664,0.0,7.605571317089664,0.0
0,27,2,TCTTTTAA,2 7,6.713374881491882,0.0,6.713374881491882,0.0
0,27,2,TCCTTTAG,7 2,8.711235483663536,0.0,8.711235483663536,0.0
0,27,2,TCTTTTAG,7 2,1.834950506617969,0.0,1.834950506617969,0.0
0,27,2,TCGTTTAA,7 2,9.668006599782025,0.0,9.668006599782025,0.0
0,28,2,TACGTGCA,0 5,1.9573618001424942,0.0,1.9573618001424942,0.0
0,28,2,TACGTCCA,0 5,3.341128721691187,0.0,3.341128721691187,0.0
0,28,2,CACGTGCA,0 5,-2.401572154163964,0.0,-2.401572154163964,0.0
0,28,2,GACGTTCA,0 5,3.347917773084511,0.0,3.347917773084511,0.0
0,29,4,TCCACTTT,5 7 4 1,8.25136586702536,0.0,8.25136586702536,0.0
0,29,4,TACAGCTC,7 4 1 5,6.224640288896702,0.0,6.224640288896702,0.0
0,29,4,TTCATATT,1 7 4 5,12.035857749202346,0.0,12.035857749202346,0.0
0,29,4,TCCATGTT,5 1 4 7,13.2670004399669,0.0,13.2670004399669,0.0
0,30,5,GATAAAGT,2 3 5 0 1,10.016865087938216,0.0,10.016865087938216,0.0
0,30,5,ACACAGGT,0 2 1 3 5,8.89139375450452,0.0,8.89139375450452,0.0
0,30,5,CGTGACGT,2 3 1 0 5,10.672856391625132,0.0,10.672856391625132,0.0
0,30,5,TGTTAGGT,1 2 0 5 3,9.761331402587933,0.0,9.761331402587933,0.0
0,31,4,CTATCCGG,4 3 6 7,-0.4450881550352124,0.0,-0.4450881550352124,0.0
0,31,4,CTACCCCT,3 6 7 4,1.9751209095320732,0.0,1.9751209095320732,0.0
0,31,4,CTAACCGG,4 7 3 6,11.607335605638642,0.0,11.607335605638642,0.0
0,31,4,CTATCCTG,7 6 4 3,-1.6921500222309218,0.0,-1.6921500222309218,0.0
250,0,5,CTATCTCA,2 4 1 3 5,0.8297058187079154,-0.06629442851863221,0.7634113901892832,-0.0739892971278055
250,0,5,CTATAGCA,1 3 5 2 4,3.5176770667930195,-0.5457209109670087,2.971956155826011,-0.13430161504087784
250,0,5,CTATTGCA,1 5 4 2 3,3.2960951120750837,0.4591491327833461,3.75524424485843,0.12226878009652759
250,0,5,CGATATCA,2 4 1 3 5,-0.32486931628598903,0.25118931933171673,-0.0736799969542723,0.43604817947458985
250,1,5,CGATCTCA,0 6 7 4 1,2.6689501578211097,-0.12283357572986642,2.5461165820912433,-0.04399824178846035
250,1,5,CGATCTCA,0 7 4 1 6,2.6689501578211097,-0.05592748117877999,2.6130226766423297,-0.020524767930242556
250,1,5,CGATCTAT,1 0 7 4 6,-0.7323692872980443,-0.26270253053342607,-0.9950718178314704,-0.26400358830976206
250,1,5,CGATATAC,7 4 1 6 0,0.7860394079260056,-0.05409896228282207,0.7319404456431835,-0.06439291931086906
250,2,6,ATATCGTA,0 7 1 6 4 2,-0.3665217677717929,-0.48664243206153834,-0.8531641998333312,-0.5703971546820714
250,2,6,CGATCGCC,0 6 2 1 4 7,2.0076838814289593,0.5100703432372766,2.517754224666236,0.20258941013390364
250,2,6,ATATCGAA,6 0 1 2 7 4,1.474822131815042,-0.5904593837192795,0.8843627480957625,-0.28589777193958865
250,2,6,CTATCGCA,0 1 4 6 2 7,0.6629167121719783,-0.07323468732785887,0.5896820248441195,-0.0994831869879167
250,3,2,GTATCGCT,2 0,1.905262986674889,-0.016922392739425973,1.888340593935463,-0.008803725655525578
250,3,2,GTATCGCT,2 0,1.905262986674889,-0.016922392739425973,1.888340593935463,-0.008803725655525578
250,3,2,CTATCGCT,2 0,-0.19034228561191913,-0.025361683668110424,-0.21570396928002955,-0.11757634202449735
250,3,2,CTATCGCT,2 0,-0.19034228561191913,-0.025361683668110424,-0.21570396928002955,-0.11757634202449735
250,4,5,CTATAGTA,1 3 5 2 7,2.733947145529021,0.14973676038489536,2.8836839059139163,0.051925511002718513
250,4,5,CGATATTT,1 5 3 2 7,2.4714188303475693,-0.32002802494234306,2.151390805405226,-0.11464593149458538
250,4,5,CGATATTT,7 1 2 5 3,2.4714188303475693,-0.19835492058909399,2.2730639097584753,-0.07429652813070889
250,4,5,CGATATTC,7 5 1 3 2,2.314125306450093,-0.08898233305241554,2.2251429733976775,-0.03702802637289966
250,5,5,CGATCGAC,3 1 4 6 5,2.969599875390925,-0.014715825511765424,2.9548840498791598,-0.004931055218894639
250,5,5,CTATCGCC,1 3 5 6 4,1.068369965907232,0.349572722048924,1.417942687956156,0.24653515619365643
250,5,5,CGATCCCC,1 3 6 4 5,1.2729205064751161,0.32518299857896693,1.598103505054083,0.2034805615221788
250,5,5,CGATATAC,1 6 5 4 3,-0.8930671514506741,-0.06791992475579622,-0.9609870762064703,-0.07067725096149313
250,6,3,CGATATGG,0 7 6,2.148617222110338,-0.04124502969088706,2.107372192419451,-0.01883453155875984
250,6,3,CGATATCG,6 7 0,0.09008879276865667,-0.09905614437749177,-0.008967351608835106,-0.5237049739319911
250,6,3,CGATATAA,0 6 7,1.7534417815588865,0.07653598412426277,1.8299777656831493,0.041823450295141215
250,6,3,CGATATCT,7 0 6,0.31190267210787503,-0.06541475349004999,0.24648791861782504,-0.17336796302579704
250,7,4,ATATAGTA,2 6 5 4,1.669802009845728,-0.3395072407843842,1.3302947690613438,-0.16896714165722174
250,7,4,ATATCGTA,5 2 6 4,-0.5049388682663902,-0.15382770691593173,-0.658766575182322,-0.23350867015886162
250,7,4,ATATCGTA,2 6 5 4,-0.5049388682663902,-0.01752932565812948,-0.5224681939245197,-0.03355099097316901
250,7,4,ATATCGTA,2 6 5 4,-0.5049388682663902,-0.01752932565812948,-0.5224681939245197,-0.03355099097316901
250,8,3,CTATATCG,4 0 7,-0.11128024686468363,0.09012163173612286,-0.021158615128560765,0.4474716539995669
250,8,3,CTATATCT,4 7 0,0.9261690954104995,-0.08989031502897338,0.8362787803815261,-0.08846954627396582
250,8,3,CTATATCT,7 4 0,0.9261690954104995,-0.19411592075521544,0.7320531746552841,-0.17327369192136138
250,8,3,CTATCTCT,7 0 4,0.29001375079876635,-0.45179979095497647,-0.16178604015621012,-0.6090476454323867
250,9,4,CTATATCT,2 1 4 7,1.5534531796349453,0.21558759502265978,1.7690407746576051,0.12186694513267304
250,9,4,CTATATCT,1 2 4 7,1.5534531796349453,0.6622510976264291,2.2157042772613744,0.2988896597902388
250,9,4,CTATCTCA,2 7 1 4,1.3258722282418254,-0.18549995814077436,1.140372270101051,-0.12273612007162844
250,9,4,CTATCTCA,1 4 7 2,1.3258722282418254,0.6920001894179744,2.0178724176597997,0.34293555100996537
250,10,6,GTATAGTA,7 4 0 5 3 6,1.5535025744924758,0.7057232020579685,2.259225776550444,0.3123739156055132
250,10,6,CTATCGTA,7 4 3 0 5 6,-0.680486076249808,0.08003936636081477,-0.6004467098889932,0.1052421942467396
250,10,6,CTATCCTA,6 4 3 5 0 7,3.3942842161315943,-0.5600183764849556,2.8342658396466387,-0.14162253984574133
250,10,6,CTATCGCA,6 3 4 5 0 7,0.7165400062043874,0.013137980382615488,0.7296779865870029,0.018005175740695017
250,11,5,CGATATCT,6 2 5 7 1,0.2143543088124611,0.34379410581226644,0.5581484146247275,0.6159546400278092
250,11,5,CGATATCG,2 5 1 7 6,0.012782388647478271,0.06782592616682503,0.0806083148143033,0.8414259288644732
250,11,5,CGATATTT,5 6 1 2 7,3.6398190609581107,0.16915844701059068,3.8089775079687014,0.04441046098505359
250,11,5,CGATAGCG,1 7 2 5 6,3.1251884136957955,-0.3843534502307788,2.7408349634650166,-0.10951670193235802
250,12,5,TTATCGTA,7 4 0 5 3,1.1391955131676101,0.723443455195742,1.8626389683633522,0.38839703640014106
250,12,5,ATATCGTA,5 3 7 4 0,-0.4889447008063301,0.36275993016183605,-0.12618477064449407,0.42592222347021
250,12,5,GTATCGTA,5 7 0 3 4,0.12065518710807677,0.0796561593478744,0.20031134645595117,0.3976617438662714
250,12,5,GTATCGTA,5 0 4 3 7,0.12065518710807677,0.05915554364306974,0.1798107307511465,0.32898783846743557
250,13,3,CTATCTCG,1 7 0,2.9037550710823643,0.29167116875257015,3.1954262398349345,0.091277703461444
250,13,3,CGATCTCT,0 1 7,1.3163427096676332,0.12838503056011596,1.4447277402277492,0.08886451542757609
250,13,3,CGATCTCG,7 0 1,1.7710587979606176,0.2619721371471724,2.03303093510779,0.12885791978039074
250,13,3,CTATCTCA,1 7 0,-0.10167268545407504,0.18053049434828417,0.07885780889420912,0.6397181437669078
250,14,3,CGATATCC,2 3 5,-0.21811933490215007,0.07281709741574405,-0.14530223748640603,0.25028524903398774
250,14,3,CGATATCC,5 2 3,-0.21811933490215007,-0.10054519493359448,-0.31866452983574456,-0.31552050987733227
250,14,3,CGATATCC,2 3 5,-0.21811933490215007,0.07281709741574405,-0.14530223748640603,0.25028524903398774
250,14,3,CGATATCC,2 5 3,-0.21811933490215007,-0.045914971271933336,-0.2640343061740834,-0.1738977481269446
250,15,3,CGATCGTG,0 7 1,0.5017498845193265,0.21776073621672065,0.7195106207360471,0.30265117698187016
250,15,3,CTATCGTA,0 1 7,-0.8189556705441523,0.2103223371533265,-0.6086333333908258,0.20433967847406254
250,15,3,ATATCGTG,7 1 0,1.3226569327585311,0.28828817882021074,1.6109451115787419,0.1789559288818261
250,15,3,GTATCGTA,7 1 0,0.06192749891695115,0.05101369619290663,0.11294119510985778,0.4516836938309858
250,16,5,CTATCGCA,6 4 3 5 7,0.6542276412853205,-0.161526408792521,0.4927012324927995,-0.19800871203410844
250,16,5,CTATCGCA,4 5 6 7 3,0.6542276412853205,0.14509315865482098,0.7993207999401415,0.18152055928694277
250,16,5,CTATATCT,7 6 5 4 3,0.40686737550448404,0.1016131094998336,0.5084804850043176,0.19983679314452113
250,16,5,CTATATCT,4 3 5 7 6,0.40686737550448404,-0.2978553627276206,0.10901201277686345,-0.42265609802066606
250,17,3,CTATATCG,1 2 7,0.6418271956476151,0.4228165321156596,1.0646437277632748,0.39714368392885846
250,17,3,CGATATCG,2 1 7,-0.13813142023447922,0.03760728441762673,-0.10052413581685249,0.21399545701713504
250,17,3,CGATATCT,1 2 7,0.2022204274063777,-0.11339711371605143,0.08882331369032626,-0.3592864747402119
250,17,3,CGATATCT,2 7 1,0.2022204274063777,0.16209606852586522,0.3643164959322429,0.4449320037268159
250,18,4,CGATATCA,5 1 7 3,-0.11727267975308875,0.12040741716045167,0.0031347374073629197,0.5065944465861254
250,18,4,CTATATCA,5 1 7 3,-0.8424470431533422,-0.16427976890805063,-1.0067268120613928,-0.16318207376603816
250,18,4,CGATATCC,7 3 1 5,0.43481799203608285,0.14820273469319423,0.5830207267292771,0.2541980548866687
250,18,4,CTATATCA,5 3 1 7,-0.8424470431533422,-0.5914908877700835,-1.4339379309234257,-0.412494066175637
250,19,2,CTATATCT,5 2,-0.08498451683266517,-0.02634208550914463,-0.1113266023418098,-0.23661986403093163
250,19,2,CTATACCT,5 2,-0.6510307515715974,0.06993584060656577,-0.5810949109650316,0.09700288663206662
250,19,2,CTATATCT,2 5,-0.08498451683266517,0.025124630944288406,-0.05985988588837676,0.22817932434808222
250,19,2,CTATAGCT,5 2,3.561175788644923,0.1716197365459955,3.7327955251909186,0.0459761954245318
250,20,3,CTATACTA,4 6 5,2.568623442435162,0.18278336405047746,2.7514068064856394,0.06643269312979054
250,20,3,CTATCGCA,4 6 5,0.7644557844899145,-0.20496759953130295,0.5594881849586115,-0.21143248957033298
250,20,3,CTATATTA,6 4 5,0.34150063794537067,-0.22685406160081323,0.11464657634455744,-0.3991417010925574
250,20,3,CTATCGCA,5 4 6,0.7644557844899145,-0.08546518178809692,0.6789906027018175,-0.1005566225320544
250,21,2,CGATAGCA,4 0,2.174225113535653,-0.020905521627866963,2.153319591907786,-0.009523588843863801
250,21,2,CGATAGCA,0 4,2.174225113535653,0.019680368784463664,2.1939054823201167,0.008970472494398947
250,21,2,CGATTGCA,4 0,7.92995196493931,0.2362405097481992,8.16619247468751,0.028929089104924543
250,21,2,CGATAGCA,4 0,2.174225113535653,-0.020905521627866963,2.153319591907786,-0.009523588843863801
250,22,4,CGATATAC,2 1 7 4,1.6959194188022007,0.20062665977440997,1.8965460785766106,0.10578528095926022
250,22,4,CGATATAT,7 2 1 4,-0.9737296560591784,0.020090606365477548,-0.9536390496937008,0.020215533054701296
250,22,4,CGATCTAT,7 1 4 2,0.008885942017491821,0.03970565226847178,0.0485915942859636,0.8171300582319305
250,22,4,CGATATAA,1 4 2 7,2.5499986974344986,-0.3068504101360223,2.2431482872984763,-0.10740868648711009
250,23,3,ATATATGT,5 7 2,3.6172254597677465,-0.18458312454348702,3.4326423352242594,-0.04855139874879513
250,23,3,ATATATGG,2 7 5,2.9004772700035,0.1610069498669895,3.0614842198704895,0.05259114151952107
250,23,3,ATATAGGG,7 5 2,1.6828745747140519,0.08791199209990319,1.770786566813955,0.04964573017858201
250,23,3,ATATATGC,7 2 5,0.0107226516841199,0.04320086824667113,0.05392351993079103,0.8011507465038994
250,24,2,AGATAGCC,2 1,-0.09826813362643705,0.14761164194093368,0.04934350831449663,0.6003407218032387
250,24,2,ATATAGCC,1 2,0.146649101091595,0.04938000584039781,0.19602910693199282,0.25190139675292667
250,24,2,ATATAGCC,2 1,0.146649101091595,-0.0539816696753731,0.09266743141622191,-0.26905977317942226
250,24,2,ATATAGCC,1 2,0.146649101091595,0.04938000584039781,0.19602910693199282,0.25190139675292667
250,25,3,CGATCGTC,2 5 7,4.564023256521539,-0.14510737147680475,4.4189158850447345,-0.03081404678266143
250,25,3,CGATCGTA,2 5 7,-0.7082817369516881,-0.08957430694613411,-0.7978560438978222,-0.11226875779311071
250,25,3,CGATCTTA,2 5 7,0.03856294043647468,0.09387333822745036,0.13243627866392504,0.7088189065298841
250,25,3,CGATCCTA,2 5 7,1.1692850915505542,0.030766376488048586,1.2000514680386027,0.02563754747813775
250,26,6,CGATATCG,7 2 3 6 1 4,0.01764713741772672,0.16426950535505824,0.18191664277278496,0.9029932767626538
250,26,6,CGATCTTG,2 3 1 7 6 4,1.9680760420721333,-0.638441569699876,1.3296344723722573,-0.24494043961814602
250,26,6,CTATATAT,3 2 1 7 6 4,0.38720391590903436,0.25213922356929164,0.639343139478326,0.3943722986924133
250,26,6,CTATCTCA,7 4 3 2 1 6,2.014965888044586,-0.19802216161113328,1.8169437264334527,-0.08948180341142833
250,27,6,ATATCGTT,6 2 1 3 5 7,1.8134261348746055,-0.013529061337798964,1.7998970735368065,-0.007405250750454668
250,27,6,ATATCGTC,3 1 2 5 6 7,1.2446853268262847,-0.4600264509273595,0.7846588758989252,-0.2698558530132007
250,27,6,ATATCTCG,5 2 6 7 3 1,4.309593867244416,-0.30080590259284,4.008787964651576,-0.06524508016871132
250,27,6,ATATCTCT,5 7 3 6 1 2,3.8788492664923897,-0.17061150151320703,3.7082377649791827,-0.04213190626791405
250,28,5,CGATCCCC,3 7 5 4 2,2.5894377084337377,-0.0773417142522348,2.512095994181503,-0.029001916541839985
250,28,5,CGATATCG,7 2 3 4 5,-0.6762398637784097,0.22886573059597914,-0.4473741331824306,0.2528608065384588
250,28,5,CGATATCC,3 5 2 7 4,0.40827376273136196,0.11450662850082338,0.5227803912321853,0.21903390108212173
250,28,5,CGATCGCG,3 5 7 2 4,-0.06965762233395933,0.5467635777194797,0.47710595538552036,0.8869967121054231
250,29,4,CTATCGCC,0 1 6 7,1.4250131736315468,0.22019303232196785,1.6452062059535146,0.13383916953701877
250,29,4,GTATCGTA,0 1 7 6,0.18179052360842274,-0.19291061621911254,-0.011120092610689802,-0.5148386159377686
250,29,4,ATATCGCG,6 0 1 7,-0.8098616215223595,-0.7468085118571217,-1.5566701333794812,-0.4797474402851324
250,29,4,ATATCGCA,1 6 0 7,0.20579188358319822,0.37924978157442535,0.5850416651576236,0.6482440553567186
250,30,2,CTATCGCA,4 7,0.27877478727165483,0.0725988262861712,0.35137361355782604,0.2066143372323076
250,30,2,CTATCGCC,4 7,0.8020253360963583,0.23503025967022095,1.0370555957665792,0.22663226603245834
250,30,2,CTATCGCG,7 4,0.2805901429802278,0.1369519076153134,0.41754205059554117,0.3279954855324837
250,30,2,CTATCGCG,4 7,0.2805901429802278,-0.1692254067555572,0.11136473622467058,-0.3762106642488409
250,31,3,CTATAATC,7 5 3,4.142047465907378,0.34285764156344545,4.484905107470824,0.07644702247820656
250,31,3,CTATACTG,5 7 3,3.266800102920611,-0.006522936269897084,3.260277166650714,-0.0019927566548733314
250,31,3,CTATAGTA,7 5 3,0.5734877182747797,0.21425661507702287,0.7877443333518026,0.2719875040742908
250,31,3,CTATATTA,3 5 7,-1.622370171248784,0.09606273640221752,-1.5263074348465664,0.05590135988115459
500,0,1,CGATATCC,3,-0.012602333224544182,0.0,-0.012602333224544182,0.0
500,0,1,CGATATCC,3,-0.012602333224544182,0.0,-0.012602333224544182,0.0
500,0,1,CGATATCC,3,-0.012602333224544182,0.0,-0.012602333224544182,0.0
500,0,1,CGATATCC,3,-0.012602333224544182,0.0,-0.012602333224544182,0.0
500,1,7,CGATATAA,2 3 7 5 4 0 1,1.5468194348138837,0.07479270023460138,1.6216121350484851,0.0461224349633799
500,1,7,CGATATAT,3 2 0 4 7 5 1,-0.3216166526546558,-0.08188717284075508,-0.40350382549541086,-0.2029402639249238
500,1,7,CCATATAT,3 0 5 4 1 7 2,-0.32129332605229965,-0.328806774135435,-0.6501001001877347,-0.5057786855293251
500,1,7,CGATATAA,3 0 7 4 1 5 2,1.5468194348138837,0.15691064053381432,1.703730075347698,0.09209829820125229
500,2,4,CCATATAT,4 5 7 2,-0.6800406122167588,-0.05605737005690248,-0.7360979822736613,-0.07615476663005152
500,2,4,CCATCTAT,4 7 2 5,2.552828752371052,0.2637114904785691,2.816540242849621,0.09362958372352609
500,2,4,CCATATAT,7 2 4 5,-0.6800406122167588,-0.04012879242519052,-0.7201694046419493,-0.055721323575446215
500,2,4,CCGTATAT,7 5 2 4,2.9287131125906263,-0.2674489926929877,2.6612641198976386,-0.08367816896735762
500,3,4,GGATATCT,5 3 6 7,1.2713755384138783,0.08823571724958112,1.3596112556634594,0.06489775432649246
500,3,4,GGATATCC,7 5 3 6,0.7404784249875118,-0.04916638605749801,0.6913120389300138,-0.06226392596999605
500,3,4,GGATACTT,6 5 7 3,-1.468365831718537,0.055454642193448755,-1.4129111895250883,0.03639184742746261
500,3,4,GGATATCG,3 7 5 6,-0.7212275312825605,-4.8174432100811515e-05,-0.7212757057146613,-6.679059299949506e-05
500,4,5,GGATCGCT,3 0 7 4 5,3.2370583457077036,-0.3894810189155846,2.847577326792119,-0.1073974331327967
500,4,5,CGATATCC,7 4 5 3 0,0.09820160066417039,-0.20024164784247844,-0.10204004717830806,-0.6709538541898608
500,4,5,CGATCGCA,5 0 3 7 4,0.13279128196565404,0.2011541396648342,0.33394542163048824,0.6023563332076819
500,4,5,CGATATCA,0 7 4 5 3,-0.42152154736311465,0.08658167542785211,-0.33493987193526253,0.1704017442602834
500,5,5,CTATCTAA,3 6 7 0 1,0.6825303592017633,0.10951589737530476,0.7920462565770681,0.13826957259869152
500,5,5,CGATCTAT,0 6 1 3 7,-0.7320921327264305,0.1464655110390023,-0.5856266216874282,0.1667113274562862
500,5,5,CGATCTAT,0 3 1 6 7,-0.7320921327264305,-0.09467259889830792,-0.8267647316247384,-0.11450972117818764
500,5,5,CGATCTAG,0 7 6 3 1,0.6930983955606491,-0.17588704982372416,0.517211345736925,-0.2024050584022441
500,6,3,CGATATCT,2 6 4,0.11978514760031,-0.0623960929023295,0.0573890546979805,-0.3424946099289816
500,6,3,CGATATAT,2 6 4,-0.1531803739288835,0.08208105597639359,-0.07109931795248992,0.34889295712196317
500,6,3,CGATATAT,4 2 6,-0.1531803739288835,0.055111984498741995,-0.09806838943014151,0.26458956494984204
500,6,3,CGATATAT,6 4 2,-0.1531803739288835,-0.12082968395209037,-0.2740100578809739,-0.4409680611234245
500,7,5,CGATATCT,1 3 5 2 7,0.4420927909769161,-0.01114787061482403,0.4309449203620921,-0.02459591903266957
500,7,5,CGAGATCT,1 7 5 3 2,3.0520962072727693,-0.259704669908678,2.7923915373640913,-0.07841796036049824
500,7,5,CGATATCA,7 3 5 1 2,-0.0002846520395318741,-0.08568244400185598,-0.08596709604138786,-0.9966888256944862
500,7,5,CTATATCT,2 3 5 7 1,1.271739452559789,-0.051002810511039165,1.2207366420487498,-0.03855838883731815
500,8,5,CGATATCG,1 7 2 4 0,-0.569294485789178,0.037227237641830335,-0.5320672481473476,0.06137824286200513
500,8,5,CGATATCC,2 7 1 4 0,0.2854936342453813,0.0454154561882687,0.33090909043365,0.13724451065624282
500,8,5,CGATATCA,4 1 2 0 7,-0.21451301394181366,0.18746258999054977,-0.02705042395126389,0.4663531521731162
500,8,5,CGATCTCG,2 7 1 0 4,2.6566597023401766,-0.2562296220593909,2.4004300802807856,-0.08796407742412507
500,9,6,ATATATCC,1 7 6 4 5 0,3.729570892152024,-0.958572587774217,2.770998304377807,-0.20446741698044155
500,9,6,CGATATAA,0 5 4 6 7 1,1.5033340437053546,0.26437679986106843,1.767710843566423,0.14955884941435235
500,9,6,CTATATAT,6 4 7 1 5 0,0.38546243025799587,-0.4139604893574278,-0.028498059099431927,-0.5178241443922708
500,9,6,TGATATCA,6 4 1 7 0 5,1.8387326753185134,0.21144290375151886,2.0501755790700322,0.10313404662025591
500,10,4,GGATCGCT,1 2 6 0,3.7040190615255772,0.49148657380922245,4.1955056353348,0.11714596916993582
500,10,4,CGATCGCT,6 2 1 0,0.6999702982738965,-0.33892068510609796,0.3610496131677985,-0.3262331568259758
500,10,4,CGATCGCT,1 6 0 2,0.6999702982738965,0.15753824020069906,0.8575085384745955,0.18371623503707687
500,10,4,CGATCGCT,2 6 1 0,0.6999702982738965,-0.3264636300663941,0.37350666820750233,-0.31805615641941504
500,11,2,CGATATAG,0 1,-0.2919378123563453,-0.009016641237924783,-0.3009544535942701,-0.02996015220987729
500,11,2,CGATATAG,0 1,-0.2919378123563453,-0.009016641237924783,-0.3009544535942701,-0.02996015220987729
500,11,2,CGATATAG,0 1,-0.2919378123563453,-0.009016641237924783,-0.3009544535942701,-0.02996015220987729
500,11,2,CAATATAG,0 1,2.292686299925645,-0.050625852259163384,2.2420604476664816,-0.021604399657963583
500,12,5,CGATATAT,5 2 6 7 4,-0.40542932645911933,-0.017561239839500864,-0.4229905662986202,-0.04151685933133339
500,12,5,CGATATAT,5 7 6 2 4,-0.40542932645911933,0.1183169095805221,-0.28711241687859723,0.2259050307935137
500,12,5,CGATATCC,2 6 5 7 4,0.2300659072694824,0.4075736390070066,0.637639546276489,0.6391912819508174
500,12,5,CGATATAT,2 5 6 4 7,-0.40542932645911933,-0.0032570303389496402,-0.408686356798069,-0.007969510811340667
500,13,2,CGATATAT,3 2,-0.11458061853292745,-0.008691575607943092,-0.12327219414087054,-0.070507186705955
500,13,2,CGATATAT,3 2,-0.11458061853292745,-0.008691575607943092,-0.12327219414087054,-0.070507186705955
500,13,2,CGGTATAT,2 3,1.309451265233633,-0.26006919407374207,1.049382071159891,-0.1656997795291626
500,13,2,CGATATAT,3 2,-0.11458061853292745,-0.008691575607943092,-0.12327219414087054,-0.070507186705955
500,14,5,GGATATAT,5 7 0 2 3,2.684144212167559,-0.15655627255588378,2.527587939611675,-0.05511185476885127
500,14,5,CGATATAG,5 3 7 2 0,0.24145464453397958,-0.008762288571242394,0.23269235596273719,-0.03501876736518727
500,14,5,CGATATAG,0 2 7 3 5,0.24145464453397958,0.020401478081103264,0.26185612261508284,0.07791102181365663
500,14,5,CGATATAT,5 7 0 2 3,-0.3241328142343892,0.01766696002365009,-0.30646585421073913,0.05168803888768091
500,15,2,CGATATAG,1 0,-0.2919378123563453,0.009394428870488913,-0.2825433834858564,0.031176314994508198
500,15,2,CGATATAG,0 1,-0.2919378123563453,-0.009016641237924783,-0.3009544535942701,-0.02996015220987729
500,15,2,CGATATAG,0 1,-0.2919378123563453,-0.009016641237924783,-0.3009544535942701,-0.02996015220987729
500,15,2,CAATATAG,0 1,2.292686299925645,-0.050625852259163384,2.2420604476664816,-0.021604399657963583
500,16,4,CGATATAT,7 2 5 3,-0.2926517341951852,-0.00523476649833432,-0.2978865006935195,-0.01757302357155187
500,16,4,CGAGATAT,7 2 5 3,0.6457178227690195,0.477983902769509,1.1237017255385284,0.4253654612307706
500,16,4,CGATATAT,3 7 5 2,-0.2926517341951852,0.016525851815812675,-0.2761258823793725,0.05345100215390396
500,16,4,CGATATAT,2 7 5 3,-0.2926517341951852,-0.019711840644605072,-0.31236357483979027,-0.06310543940571553
500,17,3,CGATCCCA,4 5 3,2.4087744759468794,-0.34933109434906395,2.0594433815978155,-0.1266561723058269
500,17,3,CGATATCA,5 4 3,-0.3491512612210558,-0.15625566665999635,-0.5054069278810521,-0.3091680347855683
500,17,3,CGATAGCA,4 5 3,2.4663683654133655,-0.09820271979510231,2.368165645618263,-0.03829206387044625
500,17,3,CGATATCA,3 5 4,-0.3491512612210558,-0.12526894456692084,-0.4744202057879766,-0.2640463939744271
500,18,5,CAATCGCA,0 1 7 5 6,1.7720771489512934,0.5890794040133143,2.3611565529646077,0.24948765183472535
500,18,5,CTATCGCG,5 6 7 1 0,0.15722824975171346,0.4303998835291445,0.587628133280858,0.7324358027688815
500,18,5,CGATCGCG,1 6 7 5 0,-0.46052295946828714,0.17195640171519422,-0.2885665577530929,0.2718767002822562
500,18,5,CGATCTAT,6 5 0 7 1,0.309594470648932,-0.0730694299200989,0.23652504072883307,-0.19094936786940922
500,19,2,CGATATAT,5 1,-0.15349784705426917,-0.011488610130395482,-0.16498645718466465,-0.06963365555232577
500,19,2,CGATACAT,1 5,-0.28560323171860436,0.11918136202760099,-0.16642186969100337,0.2944315664897221
500,19,2,CAATATAT,5 1,0.25842712765022346,0.01590251615743421,0.2743296438076577,0.05796863924988009
500,19,2,CGATATAT,1 5,-0.15349784705426917,0.011511794108305384,-0.14198605294596378,0.0697643727190672
500,20,2,CGATCATA,5 0,-0.710489555545669,0.1342252616898807,-0.5762642938557883,0.1589000914286695
500,20,2,CGATCGTA,5 0,-0.18690168134965046,-0.0044932557501773385,-0.1913949370998278,-0.023476356366907165
500,20,2,GGATCGTA,0 5,0.738570497835294,-0.01850444301502474,0.7200660548202693,-0.02444202286532061
500,20,2,GGATCATA,5 0,-1.351844885628262,-0.07398972561325623,-1.4258346112415183,-0.051892221601235425
500,21,3,CGATATAT,3 5 1,-0.18323690384309854,-0.05657179392587963,-0.23980869776897817,-0.2359038452407534
500,21,3,CGATATAT,3 5 1,-0.18323690384309854,-0.05657179392587963,-0.23980869776897817,-0.2359038452407534
500,21,3,CAATATAT,3 5 1,0.08205437450145414,0.11745302872188956,0.1995074032233437,0.5887151395099045
500,21,3,CGATATAT,3 1 5,-0.18323690384309854,-0.033571389687178765,-0.2168082935302773,-0.15484365999352565
500,22,5,CGATATAG,0 7 6 2 1,0.05295594848319363,-0.20851337039174656,-0.15555742190855293,-0.7974678302178839
500,22,5,CGATATCC,1 0 6 7 2,0.43725654837374384,0.228657696308467,0.6659142446822108,0.3433740877815094
500,22,5,CGATATAA,0 7 2 6 1,1.5292561686104489,0.39635025941376334,1.9256064280242122,0.20583139609709472
500,22,5,CGATATAT,7 1 6 2 0,-0.327258701742674,-0.018793736234326452,-0.34605243797700047,-0.05430892596565244
500,23,6,ATATCGAG,7 2 3 1 6 0,2.5618069916946435,0.33785804038818235,2.899665032082826,0.11651623089219354
500,23,6,ATATCGTA,3 2 7 6 1 0,-0.8131174942800157,0.6163326764258095,-0.1967848178542062,0.4311676538689561
500,23,6,ATATCGCC,7 3 6 1 0 2,-1.4305542151778878,0.5994475768248337,-0.8311066383530541,0.29529411214629614
500,23,6,AGATCGTA,3 6 7 2 0 1,1.8333385134391884,-0.6330083857079805,1.200330127731208,-0.2566582932542323
500,24,4,CGATATAG,0 2 4 5,-0.24625234789305478,0.1659474792888842,-0.08030486860417058,0.4025898807949704
500,24,4,CGATCTAG,2 0 5 4,1.0564515740948046,-0.16459659461317777,0.8918549794816268,-0.1347994279270252
500,24,4,CGATATAG,0 5 4 2,-0.24625234789305478,0.046185129415103,-0.20006721847795178,0.15793163667061433
500,24,4,CGATATAG,5 4 0 2,-0.24625234789305478,-0.08197868512957474,-0.3282310330226295,-0.24975909308344652
500,25,3,CGATATCT,4 3 6,0.13960521940507764,0.2180260580325064,0.35763127743758405,0.6096392340028415
500,25,3,CGATATCT,4 6 3,0.13960521940507764,0.020373621239655915,0.15997884064473356,0.12735197453330593
500,25,3,CGATATAT,4 3 6,-0.09516853455055574,0.08335395196312256,-0.011814582587433176,0.4669100996234221
500,25,3,CGATATAT,6 4 3,-0.09516853455055574,-0.08144296107954196,-0.1766114956300977,-0.46114190239416475
500,26,3,CGATCTCC,0 5 2,-0.017709623431578114,0.16057585946248776,0.14286623603090964,0.9006670473439452
500,26,3,CGATCTCC,0 5 2,-0.017709623431578114,0.16057585946248776,0.14286623603090964,0.9006670473439452
500,26,3,TGATCTCC,5 2 0,-1.6689311078177718,0.10764395923966275,-1.561287148578109,0.06059071819461865
500,26,3,CGATCTCC,5 0 2,-0.017709623431578114,-0.015421278560888707,-0.03313090199246682,-0.4654650985474268
500,27,4,CGATATAC,1 7 0 5,0.5733463207119636,0.08953872615481728,0.6628850468667808,0.1350742886387838
500,27,4,CGATATAT,5 0 1 7,-0.36125059502153567,0.09547553940627163,-0.26577505561526404,0.2090433023410948
500,27,4,CGATATAT,1 5 7 0,-0.36125059502153567,0.025327762430043865,-0.3359228325914918,0.06551779721195662
500,27,4,CGATATAG,1 7 0 5,0.2117869915070738,0.30788502638805415,0.519672017895128,0.5924602745306689
500,28,5,CGATATAT,5 0 6 2 4,-0.27921692768893613,0.030121898876355857,-0.24909502881258028,0.09737509904854456
500,28,5,CGATATAT,2 6 4 5 0,-0.27921692768893613,-0.05979720070786598,-0.3390141283968021,-0.17638557127588445
500,28,5,CGATATCT,6 0 4 5 2,0.05331793944132346,-0.056070151293361015,-0.002752211852037556,-0.5125800342320304
500,28,5,CGATATAT,5 0 2 6 4,-0.27921692768893613,0.12582379453055736,-0.15339313315837877,0.3106448009500952
500,29,2,CAATATAT,0 1,0.2475245587359871,0.002827080007264282,0.2503516387432514,0.011292436596205385
500,29,2,CGATATAT,1 0,-0.16410958206188664,0.0258112527546569,-0.13829832930722974,0.1359053248664877
500,29,2,CGATATAT,0 1,-0.16410958206188664,-0.02485488018718518,-0.18896446224907182,-0.13153203460248655
500,29,2,CGATATAT,0 1,-0.16410958206188664,-0.02485488018718518,-0.18896446224907182,-0.13153203460248655
500,30,3,TTATCATA,1 3 5,2.558593177429312,0.10150335685685485,2.6600965342861667,0.03815777192615799
500,30,3,TTATCGTA,1 5 3,1.0707290737864317,0.043786012017547726,1.1145150858039794,0.039287051898415304
500,30,3,TTATCGTA,5 3 1,1.0707290737864317,0.07649162263554299,1.1472206964219747,0.06667559509178134
500,30,3,TTATCGTA,5 3 1,1.0707290737864317,0.07649162263554299,1.1472206964219747,0.06667559509178134
500,31,4,CGATATAT,0 5 4 6,-0.2460156698413689,0.1478583469544157,-0.09815732288695322,0.37539502645354017
500,31,4,CGATCCAT,6 4 5 0,0.33713402274891013,0.4301785275012131,0.7673125502501232,0.5606301204912998
500,31,4,CGATATCT,4 0 5 6,0.08314304373548964,0.07066341206063687,0.1538064557961265,0.4594307286704702
500,31,4,CGATATAT,0 5 4 6,-0.2460156698413689,0.1478583469544157,-0.09815732288695322,0.37539502645354017
1000,0,5,CGATCTCA,5 7 3 2 1,1.0800774015462347,0.2525544926598027,1.3326318942060373,0.18951556972172798
1000,0,5,CGATCGCA,3 2 5 7 1,-0.41643288705147974,-0.30047306875948365,-0.7169059558109634,-0.4191248047585109
1000,0,5,CTATCGCT,2 5 7 1 3,-0.8320939310443825,0.08091694674194994,-0.7511769843024325,0.08862648705581638
1000,0,5,CGATCGCG,1 7 3 2 5,-0.8639727316146755,0.09635946727717304,-0.7676132643375024,0.10033972347107038
1000,1,6,CACTATCT,4 5 2 7 1 0,-0.00853197702206554,-0.3078861630420535,-0.31641814006411906,-0.9730357525635647
1000,1,6,CGATATCT,1 4 2 5 0 7,-0.0517883612048351,0.015199951409641699,-0.0365884097951934,0.22690452731834967
1000,1,6,CGATATCC,5 1 0 7 4 2,0.3130850145925277,0.12293103667611582,0.4360160512686435,0.2819415393502889
1000,1,6,CTATCGCA,0 1 7 2 5 4,0.3032328898060235,0.12727630453465721,0.4305091943406807,0.29564131546500244
1000,2,4,CGATATGG,7 5 4 3,0.07540526585123564,0.4306671280923706,0.5060723939436063,0.8509990531915117
1000,2,4,CGATATGA,3 5 4 7,1.107057172066467,0.41292689590286,1.519984067969327,0.2716652790015907
1000,2,4,CGATCTGT,5 3 7 4,1.0191896877559246,0.17892326319212026,1.1981129509480448,0.1493375587423052
1000,2,4,CGATATGA,5 7 4 3,1.107057172066467,0.23866403959495486,1.345721211661422,0.17735028438787942
1000,3,4,CGATATCG,1 7 4 3,-0.44487458797520985,0.09677561317260563,-0.3480989748026042,0.17866810160418592
1000,3,4,CTATATCT,3 7 1 4,1.0791340630535253,0.19459864783802105,1.2737327108915464,0.15277824474006965
1000,3,4,CGATATCC,4 7 3 1,0.2829821323281272,-0.2689493646981451,0.014032767629982068,-0.48728758214960677
1000,3,4,CAATATCT,4 7 3 1,1.4732215537519933,0.2562480140324226,1.7294695677844159,0.1481656681364426
1000,4,6,CGATAGCG,7 3 5 2 6 4,1.9177000500852062,0.1131737457839046,2.0308737958691108,0.05572662664420858
1000,4,6,CGATATAT,5 2 4 7 6 3,-0.33360058983196006,0.17591654804478907,-0.157684041787171,0.34526129734882993
1000,4,6,CGATCGAT,6 2 4 3 7 5,1.6476311574914035,-0.18105603357071232,1.4665751239206912,-0.09900875035142208
1000,4,6,CGATATCG,2 7 3 5 6 4,-0.022490090176764177,-0.003639032726174385,-0.026129122902938562,-0.13927113970462163
1000,5,5,TGATATCA,3 5 2 0 6,2.06263868195615,-0.09692973331204069,1.9657089486441093,-0.044883844673197476
1000,5,5,CGATATTA,3 0 5 2 6,-0.1340353076091636,0.19207241193276392,0.05803710432360032,0.5889845606922814
1000,5,5,CGATATCA,5 2 6 3 0,0.07849636266022109,0.026343028080440867,0.10483939074066195,0.2512703278255863
1000,5,5,CGATAGAA,3 0 2 6 5,2.0183426884824742,0.5524005227750113,2.5707432112574855,0.21487969718484765
1000,6,7,CGATCTAT,4 0 5 1 6 2 7,0.5363279114473154,0.0023246675748538337,0.5386525790221692,0.004315708613284404
1000,6,7,CTATCCCT,0 6 5 4 1 7 2,1.2387864117128133,0.6606415859151467,1.89942799762796,0.3478108076432314
1000,6,7,CAATATAT,0 6 5 2 1 4 7,-0.6891994200947842,0.19254602714943303,-0.49665339294535116,0.2183691764456636
1000,6,7,CAATATCT,4 5 6 1 7 0 2,1.4416311359236502,0.05056791025346108,1.4921990461771113,0.033888180255182324
1000,7,3,CGGTATAG,1 5 2,2.120447097604292,0.3661191996998059,2.486566297304098,0.1472388651357285
1000,7,3,CGGTATAG,1 2 5,2.120447097604292,0.0037180234557858682,2.124165121060078,0.0017503457800542197
1000,7,3,CGATATAG,5 2 1,-0.36408380362808096,-0.042557366897043813,-0.4066411705251248,-0.10465582430349206
1000,7,3,CGATATAG,2 5 1,-0.36408380362808096,0.03176256571275271,-0.33232123791532825,0.0802396287368859
1000,8,2,CGATCGCT,2 7,0.30588513124243866,-0.09426778879862185,0.2116173424438168,-0.2355794099639429
1000,8,2,CGATCGCC,2 7,1.644183101876295,-0.05442236994625027,1.5897607319300446,-0.032039441088022015
1000,8,2,CGATCGCG,2 7,-0.32417200068575314,0.010632103064738718,-0.3135398976210144,0.03175619099538322
1000,8,2,CGATCGCA,2 7,0.013918604700971615,0.03359622916197513,0.04751483386294675,0.7070682233443377
1000,9,6,CTATATCT,5 3 7 1 4 2,1.117870875166982,0.12271069436308402,1.240581569530066,0.09891384603558717
1000,9,6,CGATACCT,1 2 3 7 5 4,-0.41363232479349854,0.2940327275188075,-0.11959959727469105,0.41549703006818156
1000,9,6,CGATATCG,5 7 3 2 1 4,-0.35357137439987496,-0.6111699192572804,-0.9647412936571553,-0.6335065403290125
1000,9,6,CGGTATCC,5 7 4 3 1 2,1.7796317074771277,1.0588686637685765,2.838500371245704,0.37303805717097066
1000,10,4,AGATATCT,7 2 4 0,2.1997376518822778,0.7183056628573565,2.9180433147396343,0.24616004129515404
1000,10,4,CGGTATCA,2 4 0 7,-0.42168967498719345,-0.5429612160411366,-0.96465089102833,-0.5628577354677329
1000,10,4,CGGTATCA,4 7 2 0,-0.42168967498719345,0.42492212869853896,0.0032324537113455065,0.5019090530614344
1000,10,4,CGATATCG,0 4 7 2,-0.26212604464584977,-0.07161984988973824,-0.333745894535588,-0.21459395025487354
1000,11,4,CGATCCCT,5 4 7 6,0.7522475930838652,0.22072216280312418,0.9729697558869894,0.22685408407366886
1000,11,4,CGATCGCA,6 5 4 7,0.15873976693559033,0.2944313108227483,0.45317107775833865,0.6497133759709152
1000,11,4,CGATATCA,6 4 7 5,0.01395886479264652,0.11516933563557741,0.12912820042822393,0.8918991765829992
1000,11,4,CGATACAG,7 4 6 5,0.45575885116560855,0.4598637496317526,0.9156226007973611,0.5022415886537583
1000,12,4,CGATATAG,0 5 6 2,-0.26849464035403936,-0.1766771426287086,-0.44517178298274795,-0.3968740818318116
1000,12,4,CGATATAG,5 2 6 0,-0.26849464035403936,0.06988004279764581,-0.19861459755639355,0.2065167587207471
1000,12,4,CGATATTG,2 6 0 5,0.8600508831357603,-0.0052510121284541356,0.8547998710073061,-0.006068416303249599
1000,12,4,CGATATAG,5 0 2 6,-0.26849464035403936,0.05063057561846662,-0.21786406473557274,0.15865426197730695
1000,13,6,CGATATTT,1 7 5 2 3 4,2.3272668893669173,0.4224387852062659,2.749705674573183,0.1536305463936019
1000,13,6,CTATATTG,5 3 2 4 7 1,2.590398934615588,0.1963895073195312,2.786788441935119,0.07047162402581238
1000,13,6,CGATCTTA,1 4 2 5 3 7,1.296361505521558,-0.06544022007438954,1.2309212854471685,-0.04805414682945257
1000,13,6,CGATATTC,4 2 3 1 5 7,1.882521451704715,0.3078861270015878,2.190407578706303,0.14056111291553844
1000,14,3,CAATATAT,1 2 6,-0.10109620991308854,-0.25466075717048575,-0.3557569670835743,-0.7158278845756545
1000,14,3,CAGTATAT,6 1 2,0.6205672002639577,0.52151059179982,1.1420777920637777,0.4566331605638094
1000,14,3,CGATATAT,1 6 2,-0.3205918415928388,-0.015725643912027465,-0.3363174855048663,-0.04675832982165872
1000,14,3,CGATATCT,6 1 2,0.22712327587474834,-0.08515434640197594,0.1419689294727724,-0.2726879556118708
1000,15,4,CTATATCA,2 7 3 6,-0.7559555739586561,-0.08291494388614318,-0.8388705178447993,-0.09884117050527147
1000,15,4,CTATATCT,3 7 2 6,0.9885418713430529,0.14218815888672642,1.1307300302297794,0.12574898966628834
1000,15,4,CTATATCA,3 6 2 7,-0.7559555739586561,0.15864309194948056,-0.5973124820091755,0.1734565092460072
1000,15,4,CTGTATCA,6 7 3 2,0.15248760531684402,0.44989570739958173,0.6023833127164258,0.7468595127092637
1000,16,6,CGATCGGA,0 5 3 4 6 2,1.396021406900311,-0.27707765222122216,1.1189437546790888,-0.16560744010381717
1000,16,6,CGATAGCA,3 6 0 5 4 2,2.112982859162951,-0.09349215339250883,2.0194907057704423,-0.04237172542653433
1000,16,6,CGATCGTA,3 2 0 4 5 6,0.4053814145053458,0.2484749453973727,0.6538563599027185,0.3800145729779872
1000,16,6,CGAGATTA,4 0 6 2 3 5,3.4078146912736393,0.8649920120968417,4.272806703370481,0.20244117558945918
1000,17,6,CAATATAT,6 1 2 5 3 7,-0.5289642714115583,-0.5564978647274401,-1.0854621361389984,-0.5126828898029641
1000,17,6,CGATATAT,6 7 2 5 3 1,-0.3194280899698927,-0.39329502877944833,-0.712723118749341,-0.5518202208307585
1000,17,6,CGATATAT,1 2 6 5 3 7,-0.3194280899698927,0.09785063790923232,-0.22157745206066037,0.23449706723985497
1000,17,6,CGATATAA,3 6 2 7 1 5,0.825208439166726,-0.1601880713347672,0.6650203678319588,-0.1625620444436559
1000,18,3,CGATATAC,0 4 1,-0.47585178893675883,-0.07204800392519384,-0.5478997928619527,-0.13149850550015968
1000,18,3,CGATATAC,1 4 0,-0.47585178893675883,0.08170998920668215,-0.3941417997300767,0.1465487635805284
1000,18,3,CGATATAC,0 1 4,-0.47585178893675883,0.010001172171722361,-0.4658506167650365,0.020584771468521113
1000,18,3,CTATATAC,4 1 0,0.32629915149526045,-0.004212622784728559,0.3220865287105319,-0.012745757072968563
1000,19,4,CTATATAG,3 6 1 5,2.8819510823997545,0.34052386136144097,3.2224749437611955,0.10567153113811016
1000,19,4,CGATATAG,6 3 1 5,-0.3849994219125914,-0.05889980376189996,-0.44389922567449136,-0.13268733161767404
1000,19,4,CGATATCG,1 5 3 6,-0.07996392440756606,-0.03659756634852318,-0.11656149075608924,-0.31397647809005313
1000,19,4,CGATATCG,1 5 6 3,-0.07996392440756606,-0.04759925198277859,-0.12756317639034465,-0.37314257397545814
1000,20,8,CGATACAT,5 2 0 3 4 1 6 7,0.5543085924544879,-0.8648928142903127,-0.3105842218358248,-0.609422179388973
1000,20,8,ATATCGTC,6 0 3 2 5 7 4 1,-0.5174873919837708,-1.840087429598512,-2.3575748215822827,-0.780500119340238
1000,20,8,CGATCGAT,2 6 3 7 1 4 0 5,1.9799679156493193,-0.024475838480778833,1.9554920771685405,-0.01221078836976447
1000,20,8,CGATAACC,1 2 0 4 7 6 5 3,4.523769281386597,0.5727507579914821,5.096520039378079,0.11238075266380666
1000,21,3,CTATCGCA,4 0 3,0.17451171000877097,-0.04931549943605229,0.12519621057271868,-0.22032843798738105
1000,21,3,ATATCGCA,3 4 0,0.0821610521398215,0.051202841436846835,0.13336389357666834,0.38393331256042934
1000,21,3,GTATCGCA,4 0 3,-0.6902722701012489,0.06197613941084268,-0.6282961306904062,0.08238786367264028
1000,21,3,CTATCGCA,0 3 4,0.17451171000877097,0.03940526448102877,0.21391697448979974,0.18420821711326016
1000,22,7,CGATATAT,7 1 2 0 6 4 3,-0.36476097921782613,0.09717565023190922,-0.2675853289859169,0.210365760229203
1000,22,7,CGATATAC,4 3 7 0 6 2 1,0.5053596877831832,-0.15860445888068853,0.34675522890249466,-0.23887503516207356
1000,22,7,CGATATAT,3 6 4 7 2 0 1,-0.36476097921782613,-0.3047942198548501,-0.6695551990726762,-0.45521895771548854
1000,22,7,CGATATCC,6 2 0 4 7 1 3,0.7325170136607091,-0.11820529486452536,0.6143117187961837,-0.13894697914932969
1000,23,6,TGATATAT,0 5 7 6 4 1,2.3734662831439417,-0.31825333229935193,2.0552129508445898,-0.11823420629452873
1000,23,6,CTATCGTA,6 0 4 7 1 5,-1.3768194256337214,0.14972842068878123,-1.2270910049449402,0.09808301852410409
1000,23,6,CGATCTAC,7 1 6 4 5 0,1.8190709645241494,0.2094991352481621,2.0285700997723115,0.10327428925018488
1000,23,6,CTATCTCT,0 6 1 7 4 5,0.8772683671402035,-0.016271705198036557,0.860996661942167,-0.01821038104699246
1000,24,1,CGATATAT,4,-0.13220950588388547,0.0,-0.13220950588388547,0.0
1000,24,1,CGATATAT,4,-0.13220950588388547,0.0,-0.13220950588388547,0.0
1000,24,1,CGATCTAT,4,1.1943945422141944,0.0,1.1943945422141944,0.0
1000,24,1,CGATATAT,4,-0.13220950588388547,0.0,-0.13220950588388547,0.0
1000,25,5,CGAGATAT,0 1 3 2 4,0.019491915451570918,-0.5648824236223957,-0.5453905081708248,-0.9666448128395594
1000,25,5,CGATATAT,3 4 1 0 2,-0.20650977639454526,-0.028655315533733905,-0.23516509192827917,-0.12185190964683323
1000,25,5,CAATATAT,3 1 0 4 2,-0.030269995102133462,-0.2748746698747393,-0.30514466497687276,-0.9008011655572361
1000,25,5,CAATATAT,4 3 2 0 1,-0.030269995102133462,0.24904342610137498,0.2187734309992415,0.8916271371003018
1000,26,2,CGGTATAG,3 2,2.53369486922255,0.12591603990546574,2.659610909128016,0.04734378230789735
1000,26,2,CGATATAG,3 2,-0.2095077832794937,-0.010185416470500086,-0.2196931997499938,-0.04636200156441289
1000,26,2,CGATATAG,3 2,-0.2095077832794937,-0.010185416470500086,-0.2196931997499938,-0.04636200156441289
1000,26,2,CGATATAG,3 2,-0.2095077832794937,-0.010185416470500086,-0.2196931997499938,-0.04636200156441289
1000,27,4,GGATAATA,3 4 6 2,1.228441081832251,0.09044817607142441,1.3188892579036755,0.06857905281235542
1000,27,4,GGATAATA,3 6 2 4,1.228441081832251,0.12344008828737252,1.3518811701196236,0.09130986584897081
1000,27,4,GGATCATA,6 4 2 3,0.2947890150916146,0.017684134093677528,0.3124731491852921,0.05659409181168104
1000,27,4,GGATCATA,2 6 3 4,0.2947890150916146,-0.09574238872378515,0.19904662636782944,-0.24515925681879763
1000,28,5,CGATCGCG,6 7 3 1 4,0.1466018892738119,0.19236670411421386,0.33896859338802576,0.5675059809862883
1000,28,5,CGATCGCT,3 4 7 6 1,0.9691635278097577,-0.12361446630911299,0.8455490615006447,-0.11311946888973169
1000,28,5,CTATCGCG,6 4 3 7 1,0.6297405891001397,0.31720029818672923,0.946940887286869,0.33497370579863417
1000,28,5,CTATCGTA,3 1 7 4 6,-1.7862161297857821,0.05369735633468942,-1.7325187734510927,0.02918471805319084
1000,29,4,CGATCTCT,1 4 2 3,1.5157633911366437,-0.05132581485707188,1.4644375762795718,-0.032752324922387166
1000,29,4,CGATATCT,1 2 4 3,-0.37668381382230687,0.11974826519700388,-0.256935548625303,0.24121782265473982
1000,29,4,CGATATCT,3 2 1 4,-0.37668381382230687,-0.136561489018177,-0.5132453028404839,-0.2660745032879924
1000,29,4,CACTATCT,4 1 2 3,0.12360976314091054,0.06345069118065272,0.18706045432156326,0.3391988510387066
1000,30,3,CTATCTAT,2 0 1,-0.08891224285600896,0.01411147984956762,-0.07480076300644134,0.13697311142498425
1000,30,3,CAATCTAT,0 1 2,0.3145061296628453,0.14259946563189962,0.4571055952947449,0.3119617591640953
1000,30,3,CGATCTAT,1 2 0,-0.23746452987501465,0.029908611088859338,-0.2075559187861553,0.11186094078499989
1000,30,3,CGATCTAT,0 2 1,-0.23746452987501465,-0.030711044907701712,-0.26817557478271636,-0.11451842671572418
1000,31,4,CGATATAT,5 0 2 6,-0.2867747140157736,0.1195040285070399,-0.1672706855087337,0.2941429516222584
1000,31,4,CGATATAT,6 5 2 0,-0.2867747140157736,-0.19194015530450548,-0.47871486932027907,-0.4009488060753968
1000,31,4,CGATATAT,2 5 0 6,-0.2867747140157736,0.044666619547174324,-0.24210809446859927,0.13476478345960782
1000,31,4,CGATATAT,5 2 0 6,-0.2867747140157736,0.04103200653986727,-0.24574270747590632,0.12517134020412077
2000,0,6,GGATCGTA,6 7 0 4 2 5,1.548785402651312,0.5790961908941501,2.127881593545462,0.27214681148177233
2000,0,6,CGATCTAT,0 4 7 5 6 2,0.3127113491627398,0.33943188623259424,0.652143235395334,0.5204867087624211
2000,0,6,CGATACAT,2 7 4 6 0 5,0.3559177047576858,0.6358067447402069,0.9917244494978927,0.6411123019727043
2000,0,6,CGTTATAG,0 4 6 2 5 7,4.511310322194786,-0.16943746425014083,4.3418728579446455,-0.036198802409482145
2000,1,2,CGATATCG,7 6,0.1641770834354579,-0.12913390386864498,0.03504317956681291,-0.44026275679458204
2000,1,2,CGATATGT,6 7,1.350092526772242,-0.03388790097354866,1.3162046257986932,-0.024485823855720873
2000,1,2,CGATATAT,6 7,-0.5753176761822509,-0.1301385623018485,-0.7054562384840994,-0.18447432342719547
2000,1,2,CGATATCT,6 7,0.33955899961217706,-0.18839918845219494,0.15115981115998212,-0.35684490308392397
2000,2,3,CAATATAC,5 0 3,-0.1209320162417914,-0.04005181853228201,-0.1609838347740734,-0.24879403940458494
2000,2,3,CAATATAC,0 5 3,-0.1209320162417914,0.0012715210343063887,-0.11966049520748501,0.010404944592017877
2000,2,3,TAAGATAC,3 0 5,-0.6910546620786615,0.23954058722983174,-0.45151407484882977,0.2574057705622606
2000,2,3,CAAGATAC,0 5 3,0.9396394548707403,0.2916426152808649,1.2312820701516052,0.2368609292304204
2000,3,4,TGATCCAT,6 4 1 2,-0.402983725163065,0.1814841020504141,-0.22149962311265092,0.31051170586353993
2000,3,4,TTATCCCT,4 2 6 1,0.7594423473734078,-0.006181402329697772,0.75326094504371,-0.008073681533644695
2000,3,4,TGATACCT,1 2 4 6,0.03332576740730042,0.36579502539421993,0.39912079280152035,0.9165020514882745
2000,3,4,TGATACAT,4 6 2 1,-0.8839728022912321,-0.10590402279818223,-0.9898768250894143,-0.10698707163754041
2000,4,2,CGATATAT,6 4,-0.2769837217637987,0.057594556613552284,-0.21938916515024642,0.17214075251052252
2000,4,2,CGATATAT,4 6,-0.2769837217637987,-0.06581699450434475,-0.34280071626814346,-0.19199783250412403
2000,4,2,CGATATAT,6 4,-0.2769837217637987,0.057594556613552284,-0.21938916515024642,0.17214075251052252
2000,4,2,CGATGTAT,6 4,2.8252786267616923,0.4737755420947005,3.299054168856393,0.14360950679962112
2000,5,4,CGATACTA,7 0 3 4,-0.43452441432821276,0.36525444352908876,-0.069269970799124,0.4566942973557052
2000,5,4,GGATCCTA,7 4 0 3,0.5942304683697786,0.17478095731665588,0.7690114256864344,0.22728005264764828
2000,5,4,CGATACTA,3 7 4 0,-0.43452441432821276,0.3837944248053513,-0.05072998952286145,0.46900353071635603
2000,5,4,CGATCCTA,3 7 0 4,1.830590686907399,0.20488805622077289,2.035478743128172,0.10065841115387729
2000,6,6,TGATACCT,7 6 4 5 3 2,1.0564727230654483,-0.18253125915759227,0.873941463907856,-0.1473209624638105
2000,6,6,TGATACTG,5 4 7 3 6 2,-0.9364609554623251,0.06872172102187868,-0.8677392344404464,0.06836739493187896
2000,6,6,TGATATTA,7 2 4 3 6 5,2.0613308440455245,-0.4280113270437891,1.6333195170017354,-0.17193752309932356
2000,6,6,TGATCCTC,5 4 3 6 7 2,0.6179864558017947,0.3188059233881031,0.9367923791898978,0.3403165210030789
2000,7,4,CGATATAT,4 7 1 5,-0.4522159519335005,-0.042718572821281775,-0.4949345247547823,-0.08631156382240035
2000,7,4,CGATATAT,5 1 7 4,-0.4522159519335005,0.05878557423148312,-0.3934303777020174,0.11503991910290971
2000,7,4,CGATCCAC,7 1 4 5,2.222593648045395,0.0771192616990728,2.2997129097444677,0.03353429959552729
2000,7,4,CGATATAT,5 7 1 4,-0.4522159519335005,-0.041645346488617285,-0.4938612984221178,-0.08432599724188507
2000,8,5,GTATACTA,0 5 7 4 2,0.8141125864061864,-0.2783999695411916,0.5357126168649948,-0.2548254187337697
2000,8,5,CTATCTTT,5 0 2 7 4,2.53986195887165,0.9162040225911579,3.4560659814628076,0.2651002693540495
2000,8,5,ATATCATA,7 2 5 4 0,1.320242040399862,-0.01043626424269295,1.309805776157169,-0.00784281535686142
2000,8,5,CTATATTC,5 0 7 4 2,4.072847025283092,0.31692725617028383,4.389774281453376,0.07219670895364462
2000,9,2,CTATCCCT,2 7,0.08523260877586514,0.03827740568435145,0.12351001446021659,0.3099133770782681
2000,9,2,CTATCCCT,2 7,0.08523260877586514,0.03827740568435145,0.12351001446021659,0.3099133770782681
2000,9,2,CTATCCCG,2 7,0.9709814885408536,-0.07826287118310793,0.8927186173577457,-0.07458974685715496
2000,9,2,CTATCCCT,7 2,0.08523260877586514,-0.03961252762470069,0.04562008115116445,-0.3172933184806161
2000,10,5,CGATATAT,7 5 1 6 2,-0.6256794483316233,-0.045231534857056666,-0.6709109831886799,-0.0674180867364579
2000,10,5,CATTATCC,5 6 2 7 1,1.1378575211195212,0.8056895683214238,1.943547089440945,0.41454594678906276
2000,10,5,CTATATCC,2 7 6 5 1,1.3115188052288538,0.07115862840048948,1.3826774336293433,0.05146437388054247
2000,10,5,CAATATAT,6 1 5 2 7,-0.807283854074186,-0.46665297940300565,-1.2739368334771917,-0.3663077847661279
2000,11,2,CAATCGTA,7 6,3.348223799219675,0.03318925246011384,3.3814130516797887,0.009815202092399321
2000,11,2,CAATCGTG,6 7,3.795422319608845,-0.13087220904688435,3.6645501105619607,-0.03333224445892293
2000,11,2,CAATCGCG,6 7,0.9544967389569701,0.13422298823728518,1.0887197271942552,0.12328516227329864
2000,11,2,CAATCGCA,6 7,1.3928687351627729,0.07192417995883371,1.4647929151216066,0.0491019441835999
2000,12,4,CGATATCG,2 5 1 7,-0.23408142314888258,0.1289273846351744,-0.10515403851370819,0.3551632408651346
2000,12,4,CGATATCT,5 7 1 2,-0.2816984666847193,0.02413786667130724,-0.2575606000134121,0.07892413045381418
2000,12,4,CGGTATCT,2 5 7 1,0.660056943125439,-1.1235940336589048,-0.4635370905334657,-0.6299405255195032
2000,12,4,CGATATCC,2 7 1 5,0.12547980660710367,-0.28033498249627575,-0.15485517588917208,-0.6907953825824266
2000,13,4,CTATATCA,5 4 1 7,-0.24073642463835743,-0.23600135199031413,-0.47673777662867156,-0.49503388143317684
2000,13,4,CGATATCG,4 5 1 7,-0.5665376386073644,0.287595394165546,-0.27894224444181837,0.3367103052224529
2000,13,4,CGATATCG,1 4 7 5,-0.5665376386073644,0.0026452570271793263,-0.5638923815801851,0.0046474640180996785
2000,13,4,CGATATCT,5 1 7 4,-0.6531575702280881,0.15756761917385198,-0.4955899510542361,0.19435392070411342
2000,14,5,CTATATCA,1 4 6 2 7,0.11902032665383855,-0.08478184771104047,0.03423847894279808,-0.4160007025207226
2000,14,5,CTGTCTTG,1 7 6 4 2,4.406514555725133,1.0018278960142828,5.408342451739416,0.185237511299248
2000,14,5,CGATATAT,2 6 4 7 1,-0.6376595516934624,-0.045856217625399154,-0.6835157693188616,-0.06708874861964907
2000,14,5,CGATATAT,1 7 6 2 4,-0.6376595516934624,0.2551678318950934,-0.38249171979836905,0.28579749746193167
2000,15,3,TGATACCG,3 4 0,-0.5279296627513348,-0.04861140542330111,-0.5765410681746359,-0.0843155988474642
2000,15,3,TGATCCCG,0 3 4,-0.060779777879026664,0.15754467301306896,0.0967648951340423,0.721608012154963
2000,15,3,TGATCCCG,3 4 0,-0.060779777879026664,-0.17585520265853383,-0.2366349805375605,-0.7431496487080902
2000,15,3,TGATCCCG,0 4 3,-0.060779777879026664,0.18057238269833498,0.11979260481930831,0.748169737807072
2000,16,4,GTATCGGA,6 3 0 5,1.6603877686209243,-0.6057058371791495,1.0546819314417748,-0.2672907401657387
2000,16,4,CTATCGGA,0 3 6 5,-0.7432955078422574,-0.09020370564885694,-0.8334992134911143,-0.10822290433969146
2000,16,4,GTATCGTA,0 6 5 3,0.18521149600274178,0.11139801181801534,0.2966095078207571,0.3755712776588868
2000,16,4,CTATCGCA,3 5 6 0,0.875347068824678,-0.001681932528566854,0.8736651362961112,-0.0019177615859585634
2000,17,4,ATATCTTA,4 3 1 0,2.130896009965849,0.010896802081451273,2.1417928120473,0.005087701303393218
2000,17,4,ATATCTTA,1 0 4 3,2.130896009965849,0.2513874933521305,2.3822835033179794,0.10552375189686906
2000,17,4,CGATATTA,3 1 0 4,-0.7219147065731663,-0.2538664623892526,-0.9757811689624188,-0.26016741300633767
2000,17,4,CGATATTA,4 0 1 3,-0.7219147065731663,0.22161832416591842,-0.5002963824072478,0.23488136286264533
2000,18,6,CGATATCG,4 6 1 3 5 0,-0.3085533980044908,0.25201161787852744,-0.05654178012596334,0.4495671523160457
2000,18,6,GTAGATTG,0 6 5 4 3 1,7.946403064898044,-0.09000436133558765,7.856398703562457,-0.011199576696644582
2000,18,6,CGATATAG,4 1 5 3 6 0,-0.7989549201032031,0.3809218074083649,-0.4180331126948382,0.32284881846237634
2000,18,6,CGATATCG,1 5 4 0 6 3,-0.3085533980044908,0.0585005918984125,-0.2500528061060783,0.1593787113276923
2000,19,3,CGGTATCA,4 5 3,-0.004805901507784233,-0.006021125926849447,-0.01082702743463368,-0.556119947344824
2000,19,3,CGGTATCA,3 4 5,-0.004805901507784233,0.013020352707031169,0.008214451199246936,0.7304031766926083
2000,19,3,CGGTATCA,5 4 3,-0.004805901507784233,0.002751882434609332,-0.002054019073174901,0.3641123450451278
2000,19,3,CGGTATCA,3 5 4,-0.004805901507784233,0.02120307950747291,0.016397177999688678,0.8152214611958446
2000,20,5,CGATATAT,1 3 6 2 5,-0.33172779609812775,0.15149852668599362,-0.18022926941213413,0.31351464012376395
2000,20,5,CGGTATAT,6 2 1 5 3,0.4723806891931579,-1.2145767152011322,-0.7421960260079743,-0.7199806658053892
2000,20,5,CTATATCT,3 2 5 1 6,1.1983916955028224,-0.10497572602329708,1.0934159694795254,-0.08054192876815999
2000,20,5,CGATATAT,2 5 3 6 1,-0.33172779609812775,0.053394325428764766,-0.278333470669363,0.1386425822984991
2000,21,6,AGATCGTA,4 2 7 5 3 0,1.4242447232358524,0.5438930492576377,1.96813777249349,0.2763490731487583
2000,21,6,CGATACTA,0 4 2 7 3 5,-0.07674445601140256,0.11711659942346486,0.0403721434120623,0.6041264923516997
2000,21,6,GGATCCTA,3 0 5 2 4 7,1.0894782585480103,-0.1767396503888614,0.9127386081591489,-0.1395807539456251
2000,21,6,AGATCGTC,4 5 3 7 0 2,2.9835933952519484,0.5804456562965798,3.5640390515485283,0.16286175541325335
2000,22,4,CGATCGTG,6 1 7 3,0.6326775946756285,-0.3385523810144364,0.29412521366119204,-0.34858106677967066
2000,22,4,CGATCGGG,6 3 1 7,0.4036343148527539,0.1354656510543606,0.5390999659071145,0.2512811345228335
2000,22,4,CGATCGTA,3 1 7 6,-0.26477724260497393,0.058265725131839474,-0.20651151747313445,0.18036524843750565
2000,22,4,CTATCGTA,1 6 3 7,-0.8409380266963078,-0.18165908341594683,-1.0225971101122546,-0.17764482377229227
2000,23,5,CTATCGAT,6 7 5 1 0,0.2852145735914151,-0.160102630508538,0.1251119430828771,-0.35952491624959176
2000,23,5,CTATCGCT,6 7 0 1 5,-0.04491500763735745,-0.2197177813267963,-0.26463278896415376,-0.8302742157796573
2000,23,5,CTATCGTA,7 5 1 0 6,-0.8965874177931079,-0.29191165731602364,-1.1884990751091316,-0.24561370170962854
2000,23,5,GTATCTTC,0 7 5 1 6,2.639682706017897,0.33769892319761396,2.977381629215511,0.11342144382297134
2000,24,7,CGATATCA,2 6 5 4 1 0 7,0.43960565962178233,0.2120846568978152,0.6516903165195975,0.32543779080602225
2000,24,7,CTATATCA,0 5 4 6 7 1 2,0.11307582972320951,0.20422060082282734,0.31729643054603685,0.6436271611104581
2000,24,7,TGATATCT,7 1 4 5 0 2 6,2.339668887470225,0.4484994189994911,2.788168306469716,0.1608580866365868
2000,24,7,CGATATCG,0 4 5 1 7 2 6,-0.05052025015546446,0.03293468964360535,-0.01758556051185911,0.3946403858525393
2000,25,3,CTATATCA,3 2 0,-0.2857391791235949,0.018104098289349224,-0.2676350808342457,0.05958367235732682
2000,25,3,CTATATCA,3 0 2,-0.2857391791235949,0.02962311312470689,-0.25611606599888803,0.09393359273715264
2000,25,3,ATATATCA,0 2 3,4.201304058253229,0.11445040769127601,4.315754465944505,0.02651921201597563
2000,25,3,GTCTATCA,3 2 0,7.439824165244378,0.27648105216097374,7.716305217405352,0.035830756349208015
2000,26,4,CTATCGCA,5 6 0 3,0.875347068824678,-0.03487447112665354,0.8404725976980245,-0.03831426701736616
2000,26,4,CTATCGTA,3 6 5 0,-0.7344122469103942,-0.02396183499953697,-0.7583740819099312,-0.031596326365993625
2000,26,4,CTATCGCA,6 3 0 5,0.875347068824678,-0.08834645442065625,0.7870006144040218,-0.09167484505150635
2000,26,4,CTATCGTA,0 5 6 3,-0.7344122469103942,0.0819416894984526,-0.6524705574119416,0.1003751998292742
2000,27,4,CGATATCT,6 3 1 2,0.3545037467773495,-0.4309234855357733,-0.07641973875842378,-0.5486485161288359
2000,27,4,CGATATAT,2 1 3 6,-0.3067934035057366,0.10554979373123308,-0.2012436097745035,0.25597559129992054
2000,27,4,CGATATAT,6 2 1 3,-0.3067934035057366,-0.07739439602587561,-0.3841877995316122,-0.2014493852231436
2000,27,4,CAATATAT,3 2 6 1,-0.33491658662536583,0.45169224460893354,0.1167756579835677,0.574227273675742
2000,28,4,CGATATAT,1 6 3 2,-0.3067934035057366,-0.029758430976608796,-0.3365518344823454,-0.08842153846042947
2000,28,4,CAATATAT,3 1 6 2,-0.33491658662536583,-0.2287503717345647,-0.5636669583599305,-0.40582540512955834
2000,28,4,CAATATAT,2 3 6 1,-0.33491658662536583,0.42424509172611913,0.0893285051007533,0.5588336500959384
2000,28,4,CGATATAT,2 6 3 1,-0.3067934035057366,-0.051136240322330995,-0.3579296438280676,-0.14286673709231645
2000,29,2,CGATATAT,7 2,-0.3249629794432747,0.08845255496527704,-0.23651042447799764,0.21395556674429445
2000,29,2,CGATATAT,2 7,-0.3249629794432747,-0.09775910553906408,-0.42272208498233876,-0.2312609371784974
2000,29,2,CGATATAT,7 2,-0.3249629794432747,0.08845255496527704,-0.23651042447799764,0.21395556674429445
2000,29,2,CGATATAT,7 2,-0.3249629794432747,0.08845255496527704,-0.23651042447799764,0.21395556674429445
2000,30,4,CGATATGT,1 7 6 5,1.1117178660639695,0.5947662054884102,1.7064840715523797,0.3485331128507719
2000,30,4,CGATATAT,6 1 5 7,-0.6873655368873972,-0.1362663557082282,-0.8236318925956254,-0.16544570084433366
2000,30,4,CTATATCA,5 6 7 1,0.1423791971569459,0.2725868237100766,0.4149660208670225,0.6568895042069676
2000,30,4,CGATATCG,1 6 5 7,0.04937976027819202,0.18460972076784854,0.23398948104604056,0.7889658968538167
2000,31,7,CTATATCG,3 6 0 5 4 1 2,0.4367388896145852,-0.4684045416617799,-0.03166565204719474,-0.5174920631101206
2000,31,7,AGATCGGG,2 3 1 6 0 5 4,3.6953707146056605,-0.15741715410864465,3.537953560497016,-0.04085798633942843
2000,31,7,CGATATTG,2 0 5 4 3 1 6,0.8680583038564142,0.48634012458598797,1.3543984284424022,0.35908202075019635
2000,31,7,CGATATCG,0 6 4 1 2 3 5,-0.08892403816438388,0.2474215061795313,0.1584974680151474,0.7356170174995433
5000,0,2,CGATATAG,5 4,-0.14735410314016317,0.010841812929788142,-0.13651229021037503,0.06853408861069518
5000,0,2,CGATATAG,4 5,-0.14735410314016317,-0.010196123280844183,-0.15755022642100736,-0.06471665266667403
5000,0,2,CGATCGAG,5 4,3.2470988198222797,0.4382988400608956,3.6853976598831752,0.11892850663903373
5000,0,2,CGATCGAG,4 5,3.2470988198222797,-0.8848848454802578,2.362213974342022,-0.21415497183856072
5000,1,3,CGGTATCT,6 7 2,1.2356479674527847,0.118150710935371,1.3537986783881557,0.08727347191389065
5000,1,3,CGATATAT,6 7 2,-0.48082958413696564,0.007033377548863795,-0.47379620658810184,0.014416707356835791
5000,1,3,CGATATAA,6 2 7,0.9277103503409041,0.3224962293179727,1.2502065796588768,0.25795435295658653
5000,1,3,CGATATAT,7 6 2,-0.48082958413696564,0.1409263607470297,-0.33990322338993595,0.22665864622062143
5000,2,6,CGGTATAT,7 2 0 4 3 6,0.48188499228606707,-0.6786534686616061,-0.19676847637553907,-0.5847746468543842
5000,2,6,CGATATAT,3 7 0 6 4 2,-0.30096502463077046,0.1430079979194918,-0.15795702671127865,0.3221096567940721
5000,2,6,CGATCTAT,2 7 0 6 3 4,-0.002254315731261336,0.8708401303190749,0.8685858145878136,0.9974180161820301
5000,2,6,CGATATAT,0 7 4 6 2 3,-0.30096502463077046,0.11145309548141746,-0.189511929149353,0.2702429647152736
5000,3,6,CAATATAT,5 6 1 3 7 4,-0.5524330714496344,-0.07845537467946073,-0.6308884461290951,-0.12435696859061968
5000,3,6,CGATCTAT,1 3 7 6 5 4,0.07845733335909433,0.8478007869554842,0.9262581203145785,0.9152964690528722
5000,3,6,CGATACCT,7 6 4 1 3 5,0.05205012770914319,0.2847922806404446,0.3368424083495878,0.8454763224020071
5000,3,6,CGATATAT,3 5 1 6 7 4,-0.6073907461930448,0.029138182260839862,-0.5782525639322049,0.04577668187307039
5000,4,5,CGATATCA,0 3 2 5 7,0.07631882857601369,0.23793142977839832,0.314250258354412,0.7571399655304621
5000,4,5,TGATAGCA,2 3 0 5 7,2.239041782636784,-0.41766259300660646,1.8213791896301776,-0.15721078974225672
5000,4,5,CGATATCT,5 2 0 3 7,-0.19827242215627594,-0.07971019050711003,-0.277982612663386,-0.2867452382844984
5000,4,5,CGATATCC,3 5 7 2 0,0.2204948073932398,-0.06743160652108049,0.1530632008721593,-0.2341973617646155
5000,5,6,CGATATAG,3 1 5 4 2 7,-0.26421247616909493,0.6547244792269167,0.39051200305782174,0.7124803017033592
5000,5,6,CGATATAT,4 3 7 2 5 1,-0.3403627087473675,0.08799435026287483,-0.2523683584844927,0.20542290225400678
5000,5,6,CCATATAT,5 3 7 1 2 4,0.23255160647012119,-0.07354733482387843,0.15900427164624276,-0.24027307808699094
5000,5,6,CGCGATAT,7 4 2 1 3 5,-0.9484001452147082,-0.5097148818133883,-1.4581150270280965,-0.3495711054101677
5000,6,6,CGGTATCG,6 7 3 4 5 2,-0.3775301937964204,0.4233935756145861,0.04586338181816574,0.5286315524459296
5000,6,6,CGATCTAA,3 2 5 7 6 4,2.3546487935150484,0.783881957362329,3.1385307508773774,0.2497608019749988
5000,6,6,CGATATAT,3 2 7 4 5 6,-0.45262844600048724,0.10992419492322902,-0.3427042510772582,0.19540250445315224
5000,6,6,CGATATCT,3 6 7 2 5 4,0.008839965478223188,-0.07283566211203762,-0.06399569663381444,-0.8917674006428169
5000,7,3,TGATATCA,0 4 3,2.168694206127788,-0.318188928852317,1.850505277275471,-0.12794687630340237
5000,7,3,CGATATCA,3 0 4,-0.09645178670580457,-0.042664185352986994,-0.13911597205879156,-0.30668071193835855
5000,7,3,CGATATCA,0 4 3,-0.09645178670580457,0.014234754535937366,-0.0822170321698672,0.12860420405447792
5000,7,3,CGATATCA,0 3 4,-0.09645178670580457,-0.04506983021310562,-0.1415216169189102,-0.31846604917558263
5000,8,3,CGGTATTG,6 7 2,0.2713663370753139,0.028348732505553365,0.29971506958086724,0.09458560940962125
5000,8,3,CGATATAG,6 2 7,0.05137835632137744,0.24205265093540218,0.2934310072567796,0.8249048156099721
5000,8,3,CGATATCC,7 6 2,0.3615204223000781,-0.27592118555139145,0.08559923674868664,-0.43285719374579
5000,8,3,CGATATAC,7 6 2,0.707326325357708,-0.10698288086310725,0.6003434444946008,-0.13137869502865088
5000,9,4,CGATATCG,2 3 5 0,-0.16948359062343282,-0.038827861761812965,-0.2083114523852458,-0.1863933130762572
5000,9,4,GGGTATCG,3 2 0 5,0.45412260324804254,-0.08584839462882865,0.3682742086192139,-0.15898704739028324
5000,9,4,CGATATCG,0 3 2 5,-0.16948359062343282,0.03418200848610242,-0.1353015821373304,0.16783398195646523
5000,9,4,CGATATCG,0 5 2 3,-0.16948359062343282,-0.00788736772737364,-0.17737095835080646,-0.04446820269062259
5000,10,3,AGATCCGT,4 6 0,3.7388367332112065,0.24663040485848686,3.9854671380696933,0.0618824334298586
5000,10,3,CGATACAT,4 0 6,-0.42379964740505915,0.08422700344418521,-0.33957264396087394,0.16579249002662927
5000,10,3,AGATACCT,4 0 6,0.7730518590508826,-0.14012802244530587,0.6329238366055767,-0.15345062378697483
5000,10,3,CGATCCCT,0 4 6,-0.3345789307145668,0.2690370565275164,-0.06554187418705038,0.44570896433135354
5000,11,4,CGATATCT,0 2 6 7,0.10595509925457014,-0.045270354539581614,0.060684744714988526,-0.29935671147797427
5000,11,4,CGATATCT,0 6 7 2,0.10595509925457014,-0.12828953662557252,-0.02233443737100238,-0.5476733165886248
5000,11,4,CGATATCG,0 2 7 6,-0.1848725332628649,0.21918916666882504,0.03431663340596014,0.5424645956443801
5000,11,4,CGATATAT,2 7 0 6,-0.3994358331347274,0.03585922209472914,-0.3635766110399983,0.08237911656457184
5000,12,3,CTATCTCA,3 1 0,-0.27623781953050774,0.0465521518258496,-0.22968566770465815,0.14421808592825341
5000,12,3,CGATCTCA,3 0 1,0.5818864004544164,0.08420010289230384,0.6660865033467203,0.1264101621474754
5000,12,3,CTATCTCA,0 1 3,-0.27623781953050774,-0.053493781096662696,-0.32973160062717044,-0.16223431722926807
5000,12,3,TTATCTCA,0 3 1,2.8241797846373333,-0.13956894742251214,2.684610837214821,-0.04709203108642406
5000,13,4,CGATATAT,3 5 0 4,-0.25136701484839535,-0.10341669767819539,-0.35478371252659074,-0.29149223604915175
5000,13,4,CGATACAT,4 3 5 0,1.3649139192879156,0.09453721202492904,1.4594511313128447,0.06477586676018976
5000,13,4,CGATATAT,3 5 0 4,-0.25136701484839535,-0.10341669767819539,-0.35478371252659074,-0.29149223604915175
5000,13,4,CGATATAT,3 4 5 0,-0.25136701484839535,-0.02878694664411441,-0.28015396149250976,-0.10275402314767575
5000,14,3,CAATATTA,6 0 5,1.612740425832954,-0.2526129280939369,1.3601274977390172,-0.13542363304096944
5000,14,3,CAATATTA,6 5 0,1.612740425832954,-0.23415728861239238,1.3785831372205617,-0.1267841130458671
5000,14,3,CAATATCA,0 6 5,-0.3576964842450472,0.04396979888604524,-0.31372668535900194,0.10946848349652179
5000,14,3,CAATATCA,5 0 6,-0.3576964842450472,0.016316719406112457,-0.34137976483893473,0.04362605182604993
5000,15,3,CGATATCG,5 7 3,-0.17051920434875223,-0.024924514199955894,-0.19544371854870812,-0.1275278345348523
5000,15,3,CGATATCT,7 3 5,-0.202856757797361,0.08788211023231796,-0.11497464756504305,0.3022716254895333
5000,15,3,CGATATCT,5 3 7,-0.202856757797361,-0.08882294330949136,-0.2916797011068524,-0.304522196685029
5000,15,3,CGATATCG,7 5 3,-0.17051920434875223,0.00957601020170884,-0.1609431941470434,0.0531719303348048
5000,16,3,GTATCGTA,1 6 2,0.11750461701298487,-0.029319487257406518,0.08818512975557835,-0.19969123873156228
5000,16,3,GTATCGTA,1 6 2,0.11750461701298487,-0.029319487257406518,0.08818512975557835,-0.19969123873156228
5000,16,3,GTATCGTA,1 2 6,0.11750461701298487,-0.14520706583420973,-0.027702448821224857,-0.5527240519359352
5000,16,3,GTATCGCA,6 1 2,-0.509842796953146,-0.3327807111836987,-0.8426235081368447,-0.3949340458344464
5000,17,3,CGATATAT,5 2 3,-0.19382477301997642,0.018190559222005076,-0.17563421379797134,0.0857983195349451
5000,17,3,CGATATAT,5 2 3,-0.19382477301997642,0.018190559222005076,-0.17563421379797134,0.0857983195349451
5000,17,3,CGATATAT,2 3 5,-0.19382477301997642,-0.006401199625231557,-0.20022597264520797,-0.03196987653831611
5000,17,3,CGAGATAT,5 3 2,0.8140948931286052,-0.4214792520037469,0.39261564112485825,-0.34112016155744257
5000,18,5,CGATATAG,7 4 2 5 6,-0.21928548424987548,0.18686984633948,-0.03241563791039548,0.460094530997096
5000,18,5,CGATCTCA,2 6 5 7 4,1.0188464254406462,0.03558464028917463,1.0544310657298208,0.033747716134050774
5000,18,5,CGATACCG,5 7 6 2 4,2.2206047856204494,0.1887401208148054,2.409344906435255,0.07833669654796571
5000,18,5,CGATATCG,7 5 4 6 2,-0.1567944739559728,0.05585491291736755,-0.10093956103860524,0.2626619984126088
5000,19,6,CCATCGAT,1 5 7 0 6 2,0.2910820855199816,-0.2840098940452922,0.007072191474689404,-0.4938512518640623
5000,19,6,CGATCGTT,0 7 5 2 1 6,3.483603255373369,0.6754255056744736,4.159028761047843,0.16239981603404544
5000,19,6,CGATCGCC,6 0 7 1 2 5,1.1381985285735823,0.6159917161874002,1.7541902447609825,0.35115445318836114
5000,19,6,CGATCTAC,0 6 1 5 2 7,1.540382609363018,-0.1822228570794895,1.3581597522835285,-0.10578328040245497
5000,20,4,CGATATGT,2 3 7 6,1.6070034022840742,0.1245359202701275,1.7315393225542017,0.07192208611608311
5000,20,4,CGATATTA,2 6 7 3,0.16477698702742183,0.10577834566783606,0.2705553326952579,0.3909675134253603
5000,20,4,CGATATCT,7 3 2 6,0.18736061811471805,0.4139222603462902,0.6012828784610083,0.6883985477945587
5000,20,4,CGATATAT,2 6 7 3,-0.3840140923632869,-0.1596222486651917,-0.5436363410284786,-0.2936195331666207
5000,21,3,GTATCGCG,4 3 7,-0.360123269456466,-0.3102881244791016,-0.6704113939355676,-0.46283241497074407
5000,21,3,GTATCGCG,7 3 4,-0.360123269456466,0.2552758143341822,-0.10484745512228377,0.4148134455478393
5000,21,3,GTATCGCA,4 7 3,0.027038389587854095,-0.07961810533103009,-0.05257971574317599,-0.7464909229539403
5000,21,3,GTATCGCA,3 4 7,0.027038389587854095,0.00732933565362881,0.034367725241482905,0.21326216972841938
5000,22,5,ATATCGTA,3 2 6 1 5,-0.2558670143778784,-0.09451873404336908,-0.3503857484212475,-0.269756217167072
5000,22,5,ATATCGTA,3 6 1 2 5,-0.2558670143778784,-0.08102952120257356,-0.33689653558045196,-0.24051752584206512
5000,22,5,AGATCCTA,2 6 1 3 5,4.014323449958611,0.5855036733343875,4.599827123292998,0.12728819097775737
5000,22,5,ATATCCCA,3 1 5 2 6,-0.6440059040215473,0.350534367289141,-0.29347153673240634,0.3524586961442773
5000,23,5,CTATATCG,1 7 3 4 6,0.4148428958634245,0.1307119948811426,0.5455548907445671,0.23959457993814035
5000,23,5,CAATATAT,7 1 3 6 4,-0.34809485685910824,0.1736322934138954,-0.17446256344521283,0.3328028708550801
5000,23,5,CCATATCT,4 6 1 7 3,1.079206724194079,0.04230752201998467,1.1215142462140637,0.03772357075516758
5000,23,5,CGATATAT,7 4 3 6 1,-0.46305633978426064,0.140515184224836,-0.32254115555942464,0.23280618557266172
5000,24,3,CTATATCG,5 0 1,0.3497688925197031,0.1643561801268456,0.5141250726465487,0.3196813166119159
5000,24,3,CGATACCG,1 0 5,1.7931163088258608,0.3917132734249802,2.184829582250841,0.17928779279042528
5000,24,3,CTATATCG,5 1 0,0.3497688925197031,0.07465072407859541,0.4244196165982985,0.17588895790660464
5000,24,3,CGATATCG,5 1 0,-0.3272885514086036,-0.004203287582172255,-0.33149183899077583,-0.012679912709070392
5000,25,3,CGATAGAT,0 3 6,0.4958448254108433,0.10180543609767678,0.5976502615085201,0.1703428286648971
5000,25,3,CGATAGTT,6 0 3,0.11353403963780018,-0.22281147403596524,-0.10927743439816506,-0.6624481819373359
5000,25,3,TGATAGGT,0 3 6,4.18385003615874,0.14825962252446168,4.332109658683201,0.03422342327537642
5000,25,3,GGATAGAT,0 6 3,0.8386240639260079,-0.1250119250638333,0.7136121388621746,-0.1297294066350517
5000,26,5,CGATATCT,4 7 0 3 2,-0.09251181397563735,0.14623631340010235,0.053724499424465,0.612512923169265
5000,26,5,CGGTATCG,7 3 0 4 2,-0.26455094430922843,-0.04406296576464719,-0.3086139100738756,-0.14277699198360647
5000,26,5,CGATATCG,0 2 3 4 7,-0.2531517092582365,0.1454570316705679,-0.1076946775876686,0.36491179629336834
5000,26,5,CGATCTCC,7 2 3 4 0,0.4006761340714027,0.2033315291933846,0.6040076632647873,0.33663733353039815
5000,27,3,CTATATCT,2 7 0,0.6111744102323731,-0.05855196860733347,0.5526224416250396,-0.08742670209403144
5000,27,3,CTGTATCA,7 0 2,0.44708940718561285,0.16007291191147965,0.6071623190970925,0.26364105096232443
5000,27,3,CTATATCT,2 7 0,0.6111744102323731,-0.05855196860733347,0.5526224416250396,-0.08742670209403144
5000,27,3,GTATATCG,0 7 2,2.2397857164633086,-0.1987902264359409,2.0409954900273677,-0.08151898119670492
5000,28,2,CGATATTG,4 1,-0.14615897086786167,-0.045223443261593,-0.19138241412945467,-0.23629884421357028
5000,28,2,CGATATTG,1 4,-0.14615897086786167,0.04728786046126543,-0.09887111040659624,0.24444887588161462
5000,28,2,CAATATTG,1 4,3.263451361426464,-0.17794150611498782,3.0855098553114764,-0.05170624597769627
5000,28,2,CGATATTG,4 1,-0.14615897086786167,-0.045223443261593,-0.19138241412945467,-0.23629884421357028
5000,29,5,CGATATCT,3 2 5 6 0,0.1440975972629004,0.004483738847947727,0.14858133611084812,0.03017699911247711
5000,29,5,CGATATAT,2 6 5 0 3,-0.2822072756767807,-0.06110767352695934,-0.34331494920374006,-0.17799304594422138
5000,29,5,CGATACAT,3 0 5 6 2,1.03010692643472,-0.601825014047594,0.428281912387126,-0.36878070654694456
5000,29,5,CGATATCT,6 5 2 0 3,0.1440975972629004,-0.4834216163224214,-0.33932401905952103,-0.7703694259182904
5000,30,5,CGATATCG,2 3 7 0 6,-0.16435378249443744,0.038285504076548627,-0.1260682784178888,0.1889342620792189
5000,30,5,CGATATAA,3 2 6 0 7,0.8412101095079683,0.5952037562706458,1.436413865778614,0.41436787157997335
5000,30,5,CGGTATAT,3 0 6 7 2,0.8105096051817307,0.2922049331312788,1.1027145383130095,0.26498692361334897
5000,30,5,CGATATCG,2 0 7 3 6,-0.16435378249443744,0.19631561262524944,0.031961830130812,0.5443090411375292
5000,31,7,CGATATCC,0 5 6 1 7 4 3,0.4712958911559326,0.5273984178185156,0.9986943089744482,0.5280879374992105
5000,31,7,GTATCGTA,6 5 4 3 0 7 1,-0.37345793810108585,-0.01911653421508852,-0.39257447231617437,-0.048695306402124675
5000,31,7,ATATACTA,4 6 7 3 1 5 0,0.8069656485195829,0.7167578149287817,1.5237234634483645,0.4703988828174076
5000,31,7,CGATCGAT,1 5 4 7 0 6 3,1.3707481165991737,0.26293402867859683,1.6336821452777706,0.1609456462743497
10000,0,6,CGATATAG,0 1 6 4 5 7,-0.46247826141428616,0.4685877050992513,0.006109443684965132,0.5032808865884351
10000,0,6,CGATATCT,5 1 4 0 6 7,-0.11033612139838889,0.16257756673319967,0.05224144533481079,0.5957105627285758
10000,0,6,CTATATCT,1 7 0 6 5 4,0.5952584191285908,-0.18256165979465067,0.4126967593339401,-0.2347093688393542
10000,0,6,CGATCTAC,7 0 5 4 1 6,1.4936121088116199,-0.23649009971180135,1.2571220090998185,-0.1366914038643052
10000,1,4,CTATATAC,5 3 0 1,0.023932525189452214,0.43871773999645036,0.4626502651859026,0.9482708062863952
10000,1,4,CGATATAC,5 3 1 0,-0.3919197377577801,-0.01131547421680601,-0.4032352119745861,-0.028061721498466675
10000,1,4,GAATATAC,0 1 5 3,0.6352178642523274,0.3389790263868768,0.9741968906392042,0.3479574094764981
10000,1,4,CGATATAC,3 1 0 5,-0.3919197377577801,0.06012165180875151,-0.3317980859490286,0.13300032518350355
10000,2,5,CGGTATAT,7 5 0 3 2,0.7091883748415957,0.5489420995949335,1.2581304744365291,0.43631571665155366
10000,2,5,CGATATAT,2 3 5 0 7,-0.3285662117344761,-0.19813732411843787,-0.526703535852914,-0.3761837744217636
10000,2,5,CGATATAC,5 2 3 7 0,0.5078338692326212,0.3793268220978714,0.8871606913304926,0.42757397369464983
10000,2,5,CGATATAT,2 5 7 3 0,-0.3285662117344761,-0.18272162955385696,-0.511287841288333,-0.3573752684856315
10000,3,5,CTATCGCG,6 0 3 2 5,-0.32063354958999457,0.014512715679509292,-0.3061208339104853,0.043302632860429055
10000,3,5,ATATCGCG,5 3 0 6 2,-0.7747311323132355,0.45649712007397447,-0.31823401223926107,0.3707656311401879
10000,3,5,CTATCGAG,5 2 0 6 3,2.9563966076980863,-0.1891826289663996,2.7672139787316867,-0.06014238228727799
10000,3,5,ATATCGCG,3 5 2 6 0,-0.7747311323132355,0.28489402028171007,-0.48983711203152547,0.26886302159214054
10000,4,1,CGATATCG,5,-0.12622329074337557,0.0,-0.12622329074337557,0.0
10000,4,1,CGATATCG,5,-0.12622329074337557,0.0,-0.12622329074337557,0.0
10000,4,1,CGATATCG,5,-0.12622329074337557,0.0,-0.12622329074337557,0.0
10000,4,1,CGATATCG,5,-0.12622329074337557,0.0,-0.12622329074337557,0.0
10000,5,7,GTATCTCC,4 6 7 2 1 3 0,1.2516746502023954,-0.0714328389706047,1.1802418112317907,-0.053988689169353385
10000,5,7,CAATATAT,7 6 3 2 0 1 4,-0.5714628353413995,-0.19337599208690648,-0.764838827428306,-0.2528323421250904
10000,5,7,CGATATAG,1 4 2 7 6 3 0,-0.3275974995658131,0.16344158865224934,-0.16415591091356374,0.3328484281065372
10000,5,7,CTATATAT,1 7 4 0 3 6 2,0.5020959617633265,0.5037354527270956,1.0058314144904221,0.5008149929203592
10000,6,3,CGATATCT,1 2 6,0.22757018734075496,0.31989842396242363,0.5474686113031786,0.5843228586218789
10000,6,3,CGATATAT,1 6 2,-0.3263700000983454,-0.04105625220072562,-0.367426252299071,-0.11174011640112037
10000,6,3,CACTATAT,2 1 6,0.36380412984777966,-0.9683161169015166,-0.604511987053737,-0.7268984307268417
10000,6,3,CGATATAT,6 1 2,-0.3263700000983454,-0.0033460921837120683,-0.32971609228205745,-0.010148404224230691
10000,7,3,GTATCGTG,4 7 3,0.9852439599693903,-0.04957805433769957,0.9356659056316907,-0.047909740662887536
10000,7,3,GTATCGTA,7 4 3,-0.06252009147341053,0.021883646214247987,-0.040636445259162546,0.2592734257246976
10000,7,3,GTATCGTA,3 7 4,-0.06252009147341053,0.05039600697519009,-0.012124084498220444,0.44631374682264935
10000,7,3,GTATCGTA,3 4 7,-0.06252009147341053,-0.0006041001045542504,-0.06312419157796478,-0.009570025206708993
10000,8,5,CGCGATAT,5 7 0 6 1,-0.5659402927796455,-0.17148862990966496,-0.7374289226893105,-0.23254936799097534
10000,8,5,CGCGATAC,7 1 6 5 0,-0.6415780311166133,0.011920347540698373,-0.6296576835759149,0.018240821905618362
10000,8,5,TGCGATAT,7 1 5 6 0,1.996493645846832,0.42944691727647566,2.4259405631233077,0.17702285200408158
10000,8,5,GCCGATCG,7 6 0 1 5,5.686035006050204,0.04243203856320488,5.728467044613409,0.007407223997754261
10000,9,5,GTATCGTA,4 1 0 6 3,0.3947525204166151,0.015668205541341962,0.4104207259579571,0.03817596078943389
10000,9,5,CTATCGCA,1 3 4 0 6,0.4040201586795571,0.20795949969112293,0.61197965837068,0.3398143988066357
10000,9,5,CTATCGCA,4 0 1 6 3,0.4040201586795571,0.21309022327556626,0.6171103819551234,0.3453032545011734
10000,9,5,CTATCGCA,0 3 1 4 6,0.4040201586795571,0.17062163936577157,0.5746417980453287,0.29691825402563676
10000,10,5,CTATCTCA,5 0 3 1 6,0.13427229329947554,0.510178272641455,0.6444505659409305,0.7916484205372196
10000,10,5,GTATCGTA,0 3 1 6 5,0.5005202931397847,0.06203434366660243,0.5625546368063872,0.11027256662352002
10000,10,5,ATATCGTA,5 0 3 1 6,-0.31727832927767263,0.023912627263063868,-0.29336570201460876,0.07008575932231316
10000,10,5,CGATCGTA,5 1 6 0 3,0.1050781819100961,-0.37494562931847497,-0.26986744740837887,-0.7810979800332
10000,11,2,CGATATAG,3 5,-0.09967249070209161,0.013636252810222294,-0.08603623789186932,0.12034598908724431
10000,11,2,CGATATAG,5 3,-0.09967249070209161,-0.012961727599638317,-0.11263421830172993,-0.11507806237812937
10000,11,2,CGATATAG,3 5,-0.09967249070209161,0.013636252810222294,-0.08603623789186932,0.12034598908724431
10000,11,2,CGATATAG,3 5,-0.09967249070209161,0.013636252810222294,-0.08603623789186932,0.12034598908724431
10000,12,4,CGATATCG,1 3 0 6,-0.13526711373317168,-0.0761501971992753,-0.21141731093244698,-0.3601890349632115
10000,12,4,CGATATAG,6 0 1 3,-0.294907369975393,-0.08502449128384537,-0.3799318612592384,-0.22378878939513505
10000,12,4,CGATATCG,0 3 1 6,-0.13526711373317168,-0.06586558058737735,-0.20113269432054903,-0.32747326738638577
10000,12,4,CGATATGG,3 0 1 6,-0.09421375519269137,0.22469273921500044,0.13047898402230906,0.7045724786267664
10000,13,4,ATATCGCA,1 4 0 5,-0.07837872857739736,-0.0860991866406744,-0.16447791521807176,-0.5234695887683186
10000,13,4,CTATACCA,1 0 5 4,1.4899439571862594,0.10628838270794638,1.5962323398942058,0.06658703752048459
10000,13,4,GTATCGCA,0 4 5 1,-0.3829592565028941,-0.3436519061855483,-0.7266111626884424,-0.47295159203726683
10000,13,4,CTATATCA,4 0 1 5,-0.45324813632538863,-0.19888335018791725,-0.6521314865133059,-0.3049743100908521
10000,14,4,CGATACAG,1 2 3 5,0.8853319701344597,0.8615983208843829,1.7469302910188427,0.49320704169705737
10000,14,4,CGATATAG,3 1 5 2,-0.33844048468023585,0.004415366256854902,-0.33402511842338095,0.012878200108841253
10000,14,4,CGATATAG,1 3 2 5,-0.33844048468023585,0.036136686260126005,-0.30230379842010985,0.09647327457091477
10000,14,4,CGATATAG,2 3 1 5,-0.33844048468023585,-0.039862882887699236,-0.3783033675679351,-0.10537279417831438
10000,15,5,GTATCACC,7 5 2 1 6,2.2044354797465093,-0.11964844754075266,2.0847870322057567,-0.05148198227092848
10000,15,5,GTATCGCA,7 1 5 2 6,-0.8466742261836515,0.18049570429342499,-0.6661785218902265,0.17572136696952612
10000,15,5,GTATCACA,1 5 7 6 2,1.6739827961670963,0.6931330650386114,2.3671158612057077,0.29281754915264646
10000,15,5,GTATCGCA,7 1 5 6 2,-0.8466742261836515,0.12555170408653726,-0.7211225220971142,0.1291384030990055
10000,16,3,CGATATAT,7 2 4,-0.2669427774116717,0.08255609528949392,-0.1843866821221778,0.23621276558474744
10000,16,3,CGATATAT,7 2 4,-0.2669427774116717,0.08255609528949392,-0.1843866821221778,0.23621276558474744
10000,16,3,CGATATAT,2 4 7,-0.2669427774116717,-0.12748554317424166,-0.3944283205859134,-0.3232159977378528
10000,16,3,CGATATAT,7 4 2,-0.2669427774116717,0.07621453361442221,-0.1907282437972495,0.2220979450693586
10000,17,4,CTATATAT,6 0 2 7,0.3581180519143645,0.022515319868877448,0.38063337178324197,0.059152248693788136
10000,17,4,CTATATCA,2 7 0 6,-0.9078549294811544,-0.11194575520060823,-1.0198006846817627,-0.10977219066639658
10000,17,4,CTATATCT,2 7 6 0,0.24757780109747074,-0.17224557018771858,0.07533223090975216,-0.41028104190681375
10000,17,4,GTATATCG,2 7 6 0,1.7213068825998272,0.32261193594545023,2.0439188185452775,0.15783989707334045
10000,18,2,CGATGTAT,7 6,-0.2730374253809995,0.029607490520269897,-0.2434299348607296,0.0978291356129327
10000,18,2,CGATGTAT,6 7,-0.2730374253809995,-0.029290995676724885,-0.3023284210577244,-0.09688469107286567
10000,18,2,CGATGTAG,7 6,4.13674120203142,-0.09235687212181665,4.044384329909603,-0.021838432332952844
10000,18,2,CGATGTAT,7 6,-0.2730374253809995,0.029607490520269897,-0.2434299348607296,0.0978291356129327
10000,19,4,CGATATCC,5 3 2 4,-0.19425845905087202,0.12021754500544857,-0.07404091404542346,0.3822789130324818
10000,19,4,CGATACCC,3 4 5 2,1.2007523653011383,-0.19589149115422266,1.0048608741469156,-0.1402587282712067
10000,19,4,CGATCTCC,3 2 5 4,0.1089369915620253,-0.03942841101938299,0.0695085805426423,-0.2657520576453029
10000,19,4,CGATATCC,4 2 3 5,-0.19425845905087202,-0.20089555899523903,-0.39515401804611106,-0.5083981177480935
10000,20,4,TGATCCTT,5 2 1 4,-0.4290254410888694,-0.10181286856636262,-0.530838309655232,-0.1917963845384254
10000,20,4,TGATACTT,1 5 2 4,-0.6101844126644016,0.2126675359875101,-0.3975168766768915,0.25845176199184544
10000,20,4,TGATACTT,2 1 4 5,-0.6101844126644016,0.11665447335393608,-0.4935299393104655,0.16049564160356847
10000,20,4,TGATCCTT,2 5 4 1,-0.4290254410888694,-0.007932894119171863,-0.4369583352080413,-0.01815480671720088
10000,21,5,TGATACTG,1 4 2 3 0,-1.0286149410241157,0.5152465720334742,-0.5133683689906414,0.3337388539552603
10000,21,5,TGATCCTG,3 1 4 2 0,-0.3173210564176958,0.41128957963339463,0.09396852321569882,0.5644847320133752
10000,21,5,CCATACTG,2 0 4 1 3,6.009835156969233,0.028641640112027744,6.038476797081261,0.004743189561624527
10000,21,5,TTATCCTG,4 2 1 3 0,-0.05409494153101768,0.548354528545282,0.4942595870142643,0.9102083341127902
10000,22,3,CGATATAT,0 6 4,-0.22176147785555544,0.08526948146097268,-0.13649199639458276,0.2777227470831879
10000,22,3,CGATATAT,0 6 4,-0.22176147785555544,0.08526948146097268,-0.13649199639458276,0.2777227470831879
10000,22,3,CGATCTAT,6 0 4,0.7237487946630479,0.40376589657849893,1.1275146912415468,0.3581025592969417
10000,22,3,CGATATAT,4 6 0,-0.22176147785555544,-0.08141703851945792,-0.30317851637501336,-0.2685448807287849
10000,23,2,ATATCGAT,0 5,0.1959486108259254,-0.6200591910101099,-0.42411058018418446,-0.7598691944059398
10000,23,2,ATATCGAT,5 0,0.1959486108259254,0.3975066852353888,0.5934552960613142,0.6698174030522418
10000,23,2,CTATCTAT,5 0,-0.4722420624381334,-0.06721121992817292,-0.5394532823663063,-0.12459136337692041
10000,23,2,CTATCGAT,0 5,0.02850981603115066,0.026671230761194598,0.055181046792345256,0.48334042776612285
10000,24,6,CGATCTGC,0 7 3 6 2 1,1.0735915868381554,-0.04672773026385357,1.0268638565743018,-0.04170929622522866
10000,24,6,CGATCTGA,7 2 6 1 3 0,-1.3544782389735888,-0.5156482326119578,-1.8701264715855466,-0.2757290699033721
10000,24,6,CGATCTGG,0 6 3 7 1 2,2.343905434962447,0.16595449666874007,2.509859931631187,0.06612101917611168
10000,24,6,CGATCTAC,7 0 6 2 3 1,0.7330889162989056,-0.008017206932480647,0.725071709366425,-0.010817893255993968
10000,25,7,CTATCTTA,4 0 3 1 6 7 5,2.0407032158024228,-0.16970234080366886,1.871000874998754,-0.0767743006691649
10000,25,7,GTATCGCA,4 7 0 3 1 6 5,-0.225719871286997,-0.5344113262695753,-0.7601311975565723,-0.7030514311048286
10000,25,7,CGATATTA,6 5 3 4 1 0 7,-0.04481000629473986,-0.3166758401316194,-0.3614858464263593,-0.8760393892659131
10000,25,7,TGATACCG,0 3 7 6 5 1 4,0.20744463346115527,-0.34887055328135474,-0.14142591982019947,-0.6271095263894515
10000,26,4,CGATATAG,1 7 6 0,-0.09661916473639343,0.08778492831147178,-0.008834236424921649,0.47604652836358524
10000,26,4,CGATATCC,7 6 0 1,0.5130791372843415,-0.4206084231752518,0.09247071410908969,-0.4504809113749077
10000,26,4,CGATATAT,1 7 6 0,-0.4467026526867415,0.03093412481540536,-0.4157685278713361,0.06476495586704757
10000,26,4,CGATATAT,7 0 1 6,-0.4467026526867415,-0.07292484156495238,-0.5196274942516939,-0.1403406139430134
10000,27,2,CTATCGCC,2 7,0.9559354731414915,0.05452960969119314,1.0104650828326847,0.05396486293057025
10000,27,2,CTATCGCA,7 2,0.10460607867645944,0.03059519294069013,0.13520127161714957,0.22629367737994924
10000,27,2,CTATCGCG,2 7,-0.0743785999195612,-0.07429913926067155,-0.14867773918023275,-0.4997327755340922
10000,27,2,CTATCGCT,2 7,-0.29385557457771894,0.029517833710454244,-0.2643377408672647,0.09128095555757486
10000,28,7,CGATATCG,7 4 0 3 1 6 2,-0.1378361010991349,-0.25984740518480365,-0.39768350628393856,-0.6534025200413454
10000,28,7,CAACATAT,0 4 1 6 2 7 3,0.07117306980166305,0.8663905238578451,0.9375635936595081,0.924087208288603
10000,28,7,CGATATCG,0 7 1 4 2 6 3,-0.1378361010991349,-0.13702374631985847,-0.2748598474189934,-0.49852223817537433
10000,28,7,CACGATAT,4 0 7 1 3 2 6,0.33097170656726593,0.1446753149091098,0.4756470214763757,0.3041652914382761
10000,29,6,CGATATAT,2 3 7 0 5 1,-0.3307326650365964,-0.10557924365659854,-0.4363119086931949,-0.24198111844533582
10000,29,6,CGATATAG,2 1 7 3 0 5,-0.2259876637141507,-0.07961638124564985,-0.30560404495980054,-0.26052135944772153
10000,29,6,CAGGATAT,0 1 7 5 2 3,3.4972349509811016,0.8519957699545975,4.349230720935699,0.19589573987265912
10000,29,6,CGATATAT,7 1 3 0 2 5,-0.3307326650365964,0.059473241064346816,-0.27125942397224956,0.15241502020976985
10000,30,4,CAGTATTA,0 6 1 2,1.8025289945121008,0.1917629859232024,1.9942919804353032,0.09615592290620625
10000,30,4,GGATATTA,2 6 0 1,0.5668313720685143,0.19721566353532705,0.7640470356038414,0.25811979412951147
10000,30,4,CTATATCA,2 0 1 6,-0.8133751865580727,-0.26281163870006985,-1.0761868252581426,-0.2442063334468249
10000,30,4,CGATATTA,0 6 1 2,-0.13383062062634776,-0.2847471566208708,-0.41857777724721856,-0.6802729913028677
10000,31,7,CGGTATCA,5 6 4 3 2 0 1,-0.16947824833305392,0.8036942826829865,0.6342160343499326,0.8258497409949392
10000,31,7,CTATCGCA,3 6 2 0 5 1 4,0.4081196795181765,0.10640487576594992,0.5145245552841264,0.20680232784457084
10000,31,7,ATATCGTA,4 5 0 2 1 6 3,-0.24641622628274407,0.3527486808308744,0.10633245454813034,0.5887338805107679
10000,31,7,GTATCGCA,1 4 3 2 5 0 6,-0.3268499668427882,0.3132104677406744,-0.013639499102113817,0.48934514745393526
15000,0,2,CGATATCG,7 0,-0.19139723665042074,-0.010827923534281525,-0.20222516018470227,-0.05354389891145021
15000,0,2,CGATATCA,0 7,0.340680057051743,0.053439683977901664,0.39411974102964464,0.13559250759246305
15000,0,2,CGATATCG,0 7,-0.19139723665042074,0.010491674425236908,-0.18090556222518384,0.05196756161265917
15000,0,2,CGATATCT,7 0,-0.1730816608667689,-0.0016039668692242603,-0.17468562773599317,-0.009182019665913078
15000,1,3,CTATTGTA,3 2 1,-0.34050479630825,0.005603461853431524,-0.33490133445481846,0.016189910877000557
15000,1,3,CTATTGTA,1 3 2,-0.34050479630825,-0.0508002346835863,-0.3913050309918363,-0.12982259531604676
15000,1,3,CTAATGTA,2 1 3,0.476990062413972,0.36882820581679354,0.8458182682307656,0.43606081787319084
15000,1,3,CTATTGTA,3 1 2,-0.34050479630825,0.06356540261881238,-0.2769393936894376,0.15731277086902024
15000,2,5,ATATCGTC,7 6 3 5 2,1.5240044358742129,0.1905555430067709,1.7145599788809838,0.11113961911740057
15000,2,5,ATATCGTA,2 6 5 3 7,-0.3313187817494041,0.07825917872742938,-0.2530596030219747,0.191072729197439
15000,2,5,ATATCGCC,2 3 7 6 5,-0.9522586105695585,-0.02613012629309175,-0.9783887368626503,-0.026707304886687377
15000,2,5,ATATCGTC,6 2 7 3 5,1.5240044358742129,-0.017379929943568406,1.5066245059306445,-0.011275532780136568
15000,3,4,CGGTATTA,0 1 6 5,0.2905743087520265,0.015924027822412423,0.3064983365744389,0.05195469574284287
15000,3,4,CGGTATCA,6 0 1 5,-0.3991393987649454,0.0804505504189672,-0.3186888483459782,0.16774861640838123
15000,3,4,CTGTATCA,0 6 5 1,-0.045557772572442534,0.45927071405900444,0.4137129414865619,0.9097559393360813
15000,3,4,CGGTATTA,0 6 1 5,0.2905743087520265,-0.20606676612099273,0.08450754263103377,-0.4149209087743693
15000,4,2,CGATATCA,3 0,-0.045906949400321806,-0.010747725756591664,-0.05665467515691347,-0.18970589323518763
15000,4,2,CGATATCA,3 0,-0.045906949400321806,-0.010747725756591664,-0.05665467515691347,-0.18970589323518763
15000,4,2,CGATATCA,0 3,-0.045906949400321806,0.010892142394804849,-0.03501480700551696,0.19176613658001115
15000,4,2,CGATATCA,3 0,-0.045906949400321806,-0.010747725756591664,-0.05665467515691347,-0.18970589323518763
15000,5,3,CGATCGCT,3 0 5,-0.4544760533069119,-0.08069939647170177,-0.5351754497786136,-0.15079054262501154
15000,5,3,CGATCTCT,3 0 5,1.0384711495486283,0.06586537718619323,1.1043365267348215,0.05964248722347036
15000,5,3,CGATCGCT,3 5 0,-0.4544760533069119,-0.03290480111094585,-0.4873808544178577,-0.06751352830682758
15000,5,3,CGATCTCT,3 0 5,1.0384711495486283,0.06586537718619323,1.1043365267348215,0.05964248722347036
15000,6,5,CGGTATTG,2 7 6 5 3,-0.5693948711783641,-0.4995523103596806,-1.0689471815380447,-0.4673311450626629
15000,6,5,CGATATAT,5 7 3 2 6,-0.35390887940511995,0.18266712471815083,-0.17124175468696912,0.34043103551866183
15000,6,5,CGATATAC,3 7 6 2 5,0.46417838561348956,0.015177264559742554,0.4793556501732321,0.03166180382823841
15000,6,5,CGATATAC,5 7 6 3 2,0.46417838561348956,0.09058171113180791,0.5547600967452975,0.1632808698088391
15000,7,3,CGATATAT,4 7 0,-0.2201620379315275,-0.0986391097816317,-0.3188011477131592,-0.30940638228310924
15000,7,3,CGATATAT,7 4 0,-0.2201620379315275,0.04914692262684417,-0.17101511530468333,0.18249271218063226
15000,7,3,CGATATAG,4 0 7,0.051236361466934,0.4701965190105031,0.5214328804774371,0.9017392968774415
15000,7,3,CGATATAT,7 0 4,-0.2201620379315275,0.015507482313862564,-0.20465455561766493,0.06580181560057258
15000,8,5,GTATCGTA,6 7 3 5 1,-0.10202381112937675,-0.04869123221934668,-0.15071504334872343,-0.3230681631871693
15000,8,5,GGATCGTA,5 6 1 3 7,0.51661226401907,0.5998098132744252,1.1164220772934952,0.5372607954229319
15000,8,5,GTATCCAG,7 1 3 5 6,2.217102034424821,0.7898848827032454,3.0069869171280663,0.2626831790334672
15000,8,5,GTATCTTT,1 3 6 5 7,1.3556553640430424,0.08355816232720414,1.4392135263702466,0.058058210818752606
15000,9,3,CGGTATGT,2 6 0,9.049010889769505,0.2904078441257072,9.339418733895211,0.031094852088785846
15000,9,3,CGATATAT,6 2 0,-0.31009946805113753,-0.06125810906814477,-0.3713575771192823,-0.16495720793780463
15000,9,3,CGATATAT,2 0 6,-0.31009946805113753,-0.013200625558961843,-0.32330009361009937,-0.04083087453380643
15000,9,3,CGATATAT,2 0 6,-0.31009946805113753,-0.013200625558961843,-0.32330009361009937,-0.04083087453380643
15000,10,5,CTATATCT,3 7 5 6 2,0.44225608770205005,-0.037198387578294856,0.4050577001237552,-0.07758481669514994
15000,10,5,CTATATCT,2 7 5 3 6,0.44225608770205005,0.10395821786655368,0.5462143055686037,0.19032496367581256
15000,10,5,CTATATCC,3 2 5 6 7,0.9077262846636098,0.48723421585903814,1.394960500522648,0.3492817292507471
15000,10,5,CTATATCT,5 7 2 3 6,0.44225608770205005,0.266148215599193,0.708404303301243,0.3757010147438583
15000,11,4,CAATATAT,3 6 1 0,-0.06919169655910706,0.12761249094180815,0.05842079438270109,0.6484236568452828
15000,11,4,CGATATAT,6 1 0 3,-0.32741773203329816,0.021344552875724343,-0.3060731791575738,0.061200863164697535
15000,11,4,CGATATAT,0 1 3 6,-0.32741773203329816,0.10737076693889192,-0.22004696509440624,0.24694941837861162
15000,11,4,CGATATAT,6 1 3 0,-0.32741773203329816,-0.05206054901960799,-0.37947828105290615,-0.13718979878152712
15000,12,3,CAATATAT,5 7 0,-0.15911222538082592,-0.07075669442152321,-0.22986891980234914,-0.30781322887131835
15000,12,3,CAATATAG,7 5 0,1.7174041814977326,-0.2812061613919328,1.4361980201057998,-0.1407008436598774
15000,12,3,CAATATAT,5 0 7,-0.15911222538082592,0.020888028546816706,-0.13822419683400922,0.11604443933292104
15000,12,3,CAATATAT,5 7 0,-0.15911222538082592,-0.07075669442152321,-0.22986891980234914,-0.30781322887131835
15000,13,4,ATATATTA,4 7 5 1,3.4906557793303152,0.06281704978717606,3.5534728291174913,0.01767765023344128
15000,13,4,ATATCGTA,1 5 7 4,-0.9400490187559105,-0.03831545780721157,-0.9783644765631221,-0.03916276472118981
15000,13,4,ATATCGTA,1 7 4 5,-0.9400490187559105,0.3256665043967679,-0.6143825143591426,0.25729834108820043
15000,13,4,ATATCCTA,5 4 1 7,0.4203101956275779,0.23003347078970382,0.6503436664172817,0.3537106343434532
15000,14,6,CAATATAT,0 3 4 6 1 5,-0.31162431658330947,0.29737182844790766,-0.014252488135401808,0.48829837573547263
15000,14,6,CGATATAT,5 4 1 6 3 0,-0.5692525341643171,-0.040043670543377985,-0.6092962047076951,-0.06572118820695529
15000,14,6,CAATATAT,0 1 4 6 5 3,-0.31162431658330947,0.1612315750530655,-0.15039274153024396,0.3409740216942294
15000,14,6,CGATCGTT,0 4 1 5 3 6,3.6006366113092563,0.7132632623611981,4.313899873670454,0.1653407086971452
15000,15,4,TGATATCG,4 5 6 0,1.2427148897552707,0.4773728348930977,1.7200877246483683,0.27752819118029887
15000,15,4,CGATATCG,6 4 5 0,-0.25270851710352926,-0.06388918396784504,-0.3165977010713743,-0.2017992668665707
15000,15,4,TGATATGG,6 0 5 4,2.003636706997586,-0.6387546960823842,1.3648820109152018,-0.2417335657911436
15000,15,4,CGATATCG,6 5 4 0,-0.25270851710352926,-0.1839221873576804,-0.43663070446120966,-0.4212305398554949
15000,16,3,CGATATCG,4 0 6,-0.10772165798784328,-0.03695059450810212,-0.1446722524959454,-0.2554089942654187
15000,16,3,CGATATCG,0 6 4,-0.10772165798784328,0.023506679809639275,-0.084214978178204,0.17912807709197565
15000,16,3,CGATATCG,6 4 0,-0.10772165798784328,-0.03585981088226098,-0.14358146887010426,-0.2497523612514561
15000,16,3,CGATATCG,0 4 6,-0.10772165798784328,0.056994782066891014,-0.050726875920952263,0.34601756842214404
15000,17,1,CAATATAT,1,0.24594333301029891,0.0,0.24594333301029891,0.0
15000,17,1,CTATATAT,1,1.3960318195144765,0.0,1.3960318195144765,0.0
15000,17,1,CGATATAT,1,-0.2622002778620889,0.0,-0.2622002778620889,0.0
15000,17,1,CTATATAT,1,1.3960318195144765,0.0,1.3960318195144765,0.0
15000,18,4,CTATCATA,0 5 2 1,-0.06121654039788815,-0.05995565969491867,-0.12117220009280683,-0.49479715354675513
15000,18,4,TGATCCTA,2 0 1 5,0.5138036953532574,-0.14382073016883679,0.36998296518442064,-0.2186973667449413
15000,18,4,CGATCGTA,1 5 0 2,0.24848455573456762,0.12689933160778777,0.3753838873423554,0.33805215377306214
15000,18,4,CTATCGTA,1 0 2 5,-0.6289970712106252,-0.29806578626426017,-0.9270628574748854,-0.3215162638228497
15000,19,6,CGGTATCG,6 2 0 7 5 4,-0.3496969814265318,-0.6166704149649087,-0.9663673963914405,-0.6381324714261343
15000,19,6,CGATATTA,4 7 0 5 6 2,0.06303378314233887,-0.15900515545697047,-0.0959713723146316,-0.7161138332763812
15000,19,6,CGATATCC,6 0 2 7 5 4,0.33393106399032213,0.3445727291316878,0.6785037931220099,0.5078420085850958
15000,19,6,CGATATCC,0 7 5 4 6 2,0.33393106399032213,0.06554381426285616,0.3994748782531783,0.1640749339469501
15000,20,3,ATATCCCG,7 6 5,0.036723207373121625,-0.09129931161198712,-0.0545761042388655,-0.7131504077232446
15000,20,3,ATATCGTA,6 7 5,-0.3814566942662312,0.07581148494585799,-0.3056452093203732,0.16579217271686703
15000,20,3,ATATCCGC,5 7 6,-0.71101768155724,0.0718223085630747,-0.6391953729941653,0.09174583499756614
15000,20,3,ATATCGTA,6 5 7,-0.3814566942662312,0.11517838586672591,-0.2662783083995053,0.23191753960652725
15000,21,4,CTATCTCA,3 7 6 2,-0.0477478115504304,0.3434923972976529,0.2957445857472225,0.8779578109034017
15000,21,4,CTATCTAT,7 3 6 2,-0.36792438640670855,0.04715839084033391,-0.32076599556637464,0.11361201530235238
15000,21,4,CTATCTCG,3 7 6 2,2.8674819923024346,0.12614000119809354,2.993621993500528,0.04213624882231521
15000,21,4,CTATCTCC,6 7 3 2,-0.5412798231893283,0.17913967978284084,-0.3621401434064875,0.24866023066252452
15000,22,4,CAGTATAT,6 4 3 0,-0.3641540745752345,-0.25635427938539257,-0.6205083539606271,-0.4131359034074486
15000,22,4,CAGTATCT,6 4 3 0,1.8830164246839247,-0.13232828234329297,1.7506881423406317,-0.0656603715889809
15000,22,4,CAGTATAT,4 6 0 3,-0.3641540745752345,0.020745104609544374,-0.34340896996569015,0.053897502856417506
15000,22,4,CAGTGTAT,4 3 6 0,0.5067739980086121,-0.6813230253621012,-0.1745490273534891,-0.5734573961216911
15000,23,4,TGATCGCC,1 7 2 3,-1.2953053405536918,-0.14839815041168336,-1.4437034909653752,-0.10278990896700854
15000,23,4,TTATCGCG,7 1 2 3,1.3727504955670917,0.3241357960473903,1.696886291614482,0.19101798255379576
15000,23,4,TTATCGCA,3 1 7 2,1.9067953367897796,0.10121194876958395,2.008007285559364,0.050404174077182035
15000,23,4,TTATCGCG,3 7 1 2,1.3727504955670917,0.029137283211217113,1.4018877787783088,0.020784319295949018
15000,24,7,CTATATCA,4 7 6 0 5 3 2,-0.11144367918431719,-0.7222856630944143,-0.8337293422787315,-0.8663311058721747
15000,24,7,CTATCGTG,5 7 2 3 0 4 6,0.2778890362665054,0.5578190642215333,0.8357081004880387,0.6674807434507058
15000,24,7,ATATCATC,0 3 5 2 6 4 7,1.208788933870526,0.7661469530057552,1.9749358868762812,0.387935101132602
15000,24,7,GTATCGTA,2 7 0 3 4 6 5,-0.08796706814278155,0.6251857773100067,0.5372187091672251,0.8766504702271357
15000,25,4,CGGTATAG,7 1 3 4,1.1727038181786678,-0.08581015375434076,1.086893664424327,-0.06818371163773498
15000,25,4,CAGTATAT,1 7 4 3,-0.40336899798005343,-0.15529928887675748,-0.5586682868568109,-0.27798121448866375
15000,25,4,CAGTATAG,7 3 1 4,0.9092781912884473,0.09524643789907161,1.004524629187519,0.09481742421398764
15000,25,4,CGGTATAT,4 7 1 3,-0.6088261391583358,-0.05755367494431507,-0.6663798141026509,-0.08636767459983316
15000,26,2,CGCGATAT,7 1,-0.3811865906987051,-0.06589198594893686,-0.44707857664764195,-0.14738345648995077
15000,26,2,CCCGATAC,7 1,2.0594059227138732,-0.04165874243516221,2.017747180278711,-0.0198274442125308
15000,26,2,CACGATAT,1 7,0.37103762634673565,-0.05976879898650678,0.3112688273602289,-0.138737018465483
15000,26,2,CACGATAT,1 7,0.37103762634673565,-0.05976879898650678,0.3112688273602289,-0.138737018465483
15000,27,4,GTATCTTA,5 0 1 6,0.39479744758262836,-0.174749105556411,0.22004834202621737,-0.3068214610259449
15000,27,4,CTATCTCA,1 5 0 6,0.16053859577207996,-0.204696969246291,-0.04415837347421103,-0.5604519078967432
15000,27,4,ATATCGTA,5 0 6 1,-0.5195477912394639,0.10705345621899598,-0.41249433502046795,0.17084781853405584
15000,27,4,ATATCGCA,1 5 0 6,-0.08262734525357196,0.712427792844089,0.629800447590517,0.8960734403260691
15000,28,2,CTATCCAT,6 7,1.6042546322236086,-0.28161193033965803,1.3226427018839506,-0.14932760139555767
15000,28,2,CTATCCCA,7 6,-0.12276985278667851,0.24426319478692005,0.12149334200024153,0.6655073607178102
15000,28,2,CTATCCAT,6 7,1.6042546322236086,-0.28161193033965803,1.3226427018839506,-0.14932760139555767
15000,28,2,CTATCCGC,6 7,1.6180126890937023,0.17003536682985576,1.788048055923558,0.09509552400817858
15000,29,5,CGATATAT,7 6 4 3 2,-0.38520602996497466,-0.03534799121645982,-0.4205540211814345,-0.0840510123221722
15000,29,5,CGATATAT,3 2 7 6 4,-0.38520602996497466,0.19758311979146903,-0.18762291017350563,0.3390301962108285
15000,29,5,CGATATAT,6 4 3 7 2,-0.38520602996497466,-0.026963009092488832,-0.4121690390574635,-0.06541735680619554
15000,29,5,CGATATCT,2 7 4 6 3,0.10367897255083891,0.23961423218384503,0.34329320473468394,0.6979871109567468
15000,30,3,ACATCCTG,5 1 4,0.21235365049620647,0.015201218815867001,0.22755486931207347,0.06680243258174244
15000,30,3,ATATCGTG,5 4 1,-0.9249968093269556,-0.10506568473353606,-1.0300624940604917,-0.10199933046719198
15000,30,3,ATATCCTG,1 4 5,1.0529211590497574,-0.31504229395970107,0.7378788650900563,-0.23030022714906756
15000,30,3,ATATCGTG,4 5 1,-0.9249968093269556,0.0921334363840558,-0.8328633729428998,0.09058174877068093
15000,31,5,CTATCCAT,2 0 1 4 7,2.2314096495187488,0.6322820816759007,2.8636917311946495,0.22079264845037314
15000,31,5,CGATACAT,0 7 2 1 4,-0.7287897464074657,-0.3786664454584736,-1.1074561918659394,-0.34192453682566276
15000,31,5,CGATACAT,7 0 1 2 4,-0.7287897464074657,-0.17754042738506381,-0.9063301737925296,-0.19588934862683394
15000,31,5,CGATCCAT,7 1 2 0 4,0.058893831719508016,0.4316042193314873,0.4904980510509953,0.8799305489729967
20000,0,2,CGATATTA,5 6,-0.081109177391256,0.04707720191369047,-0.034031975477565535,0.3672558829491321
20000,0,2,CGATATTA,5 6,-0.081109177391256,0.04707720191369047,-0.034031975477565535,0.3672558829491321
20000,0,2,CGATATCA,5 6,-0.19726927481934275,-0.03326301050847302,-0.23053228532781578,-0.14428786172476096
20000,0,2,CGATATCA,5 6,-0.19726927481934275,-0.03326301050847302,-0.23053228532781578,-0.14428786172476096
20000,1,2,CGATATAT,2 0,-0.14154248600574038,-0.03712046672787528,-0.17866295273361565,-0.20776812517602042
20000,1,2,CGATATAT,2 0,-0.14154248600574038,-0.03712046672787528,-0.17866295273361565,-0.20776812517602042
20000,1,2,CGATATAT,0 2,-0.14154248600574038,0.03866609032068391,-0.10287639568505647,0.2145629864510185
20000,1,2,CGGTATAT,2 0,1.282295527487265,-0.06868507675381208,1.2136104507334529,-0.05084090514563413
20000,2,3,CGATATCA,6 3 2,-0.21140976690495927,0.029754091356339885,-0.1816556755486194,0.12337707470288338
20000,2,3,CGGAATTA,2 6 3,6.061563534443913,0.6451355657233186,6.706699100167231,0.09619271061485854
20000,2,3,CGGTATCA,3 2 6,0.03560060440114943,0.09530459603493413,0.13090520043608356,0.7280428563376139
20000,2,3,CGATATGA,2 3 6,1.725115182574282,-0.13375242930745523,1.5913627532668269,-0.0719537144294301
20000,3,4,CTATTACT,0 7 3 4,1.7178534985638336,1.0335483736175322,2.751401872181366,0.3756442794007822
20000,3,4,ATATCACC,4 7 3 0,0.6917152338708812,0.08944630470380588,0.7811615385746871,0.11450423540694316
20000,3,4,ATATCACA,7 0 4 3,0.9588537063961118,0.5203769346052303,1.479230641001342,0.3517889098436801
20000,3,4,ATATCACA,0 3 4 7,0.9588537063961118,-0.6390136564797269,0.3198400499163849,-0.3999165833950268
20000,4,5,CAATCTAT,7 0 4 1 2,0.6238615134470376,-0.32185287864118095,0.3020086348058566,-0.34032777901423517
20000,4,5,CGATATAG,2 7 1 0 4,-0.2913411196202427,-0.5464333167288187,-0.8377744363490613,-0.6522439609283394
20000,4,5,CTATATAT,2 0 1 7 4,0.8241300945066241,0.2731789989037141,1.0973090934103382,0.24895355423939694
20000,4,5,CGGTATAG,1 0 2 4 7,1.8531884547908124,0.17316542255554968,2.026353877346362,0.08545665418634611
20000,5,4,CTATCGTC,6 3 5 0,2.1271463003421998,-0.12220276720800971,2.00494353313419,-0.0543280582684759
20000,5,4,ATATCGAC,6 0 3 5,1.920821040106044,0.21202305282467737,2.1328440929307213,0.09940860352963655
20000,5,4,CTATCTGC,5 6 3 0,1.8223558950862087,0.5524684461607796,2.3748243412469883,0.232635499209464
20000,5,4,CTATCGCC,3 6 5 0,0.6241379077359248,0.01936130906728195,0.6434992168032068,0.03008754099727673
20000,6,5,CGATATAA,2 5 1 6 3,0.20027453129456108,0.31473961236786696,0.515014143662428,0.6111280947153301
20000,6,5,CTATATTA,6 2 5 3 1,0.7367923695877301,-0.1487302428813786,0.5880621267063515,-0.1679575888713593
20000,6,5,CGATATGA,1 3 2 5 6,1.5908068951433556,0.27573824069165287,1.8665451358350085,0.14772653251071796
20000,6,5,CGATATAA,1 3 2 6 5,0.20027453129456108,-0.022645338467390808,0.17762919282717027,-0.10158510540838261
20000,7,4,CGATTGGA,2 5 0 7,-0.05283173777673178,0.12350147625825958,0.0706697384815278,0.7003869176555251
20000,7,4,GGATTGGA,5 7 0 2,2.031588386999908,0.42864541982783955,2.4602338068277474,0.1742295462481022
20000,7,4,CGATTCGG,0 2 5 7,3.318076384786567,0.15443195396787202,3.472508338754439,0.04447273811969175
20000,7,4,TGATTCGG,2 7 0 5,5.272459951959732,0.3685249990766306,5.640984951036362,0.06532990289380672
20000,8,4,CTATCGCC,4 7 1 6,0.8943865289005482,0.07101063702551169,0.9653971659260598,0.07355587889818854
20000,8,4,CTATCGCA,1 4 7 6,0.5337827196424412,0.13435922639485298,0.6681419460372942,0.20109383521230587
20000,8,4,CGATCGAT,1 6 7 4,1.0732016761432748,-0.3455252134316087,0.7276764627116661,-0.24354596784666857
20000,8,4,CGATAGTG,1 7 6 4,0.8819336333166223,0.43158858359619856,1.313522216912821,0.32857349349641285
20000,9,8,CAATCTCC,3 1 7 5 2 4 0 6,2.367034902818455,-1.21349182029609,1.153543082522365,-0.33891433136422067
20000,9,8,CTATCTAC,0 2 3 4 5 6 1 7,2.3574750032000544,0.3532368326372435,2.710711835837298,0.13031146578077119
20000,9,8,CGGTATCG,3 0 4 5 1 7 6 2,-0.005033849559900716,0.4180277117726021,0.4129938622127014,0.988101378097207
20000,9,8,TTATATCG,6 4 2 0 5 3 7 1,3.0147360152069407,1.2292183055372696,4.24395432074421,0.2896398529854385
20000,10,4,CGATATCT,2 7 6 1,0.0008627290636256113,-0.19463871072096017,-0.19377598165733456,-0.9955870961125595
20000,10,4,CCATATAT,6 7 2 1,0.47087672633213185,0.47525597898327554,0.9461327053154074,0.5023142909163487
20000,10,4,CAGTATAT,2 7 1 6,0.6382391054549119,0.012534729077328777,0.6507738345322407,0.019261267758772776
20000,10,4,CGATATAT,6 2 1 7,-0.5085430230095758,-0.08868509505617261,-0.5972281180657484,-0.14849450716318977
20000,11,1,CGATATCG,2,-0.2055427973646431,0.0,-0.2055427973646431,0.0
20000,11,1,CGGTATCG,2,0.46033582597151934,0.0,0.46033582597151934,0.0
20000,11,1,CGATATCG,2,-0.2055427973646431,0.0,-0.2055427973646431,0.0
20000,11,1,CGATATCG,2,-0.2055427973646431,0.0,-0.2055427973646431,0.0
20000,12,3,CTATCGCA,5 1 7,0.16121259832008783,0.10098974775926384,0.26220234607935167,0.3851595886510519
20000,12,3,CGATCGCG,7 1 5,-1.5071186388862063,0.391076697208538,-1.1160419416776683,0.20602552844383254
20000,12,3,CTATCTCA,7 5 1,0.07162176726534852,0.21415603571523611,0.28577780298058464,0.7493795301162196
20000,12,3,CTATCGCA,1 5 7,0.16121259832008783,0.16144171726362022,0.32265431558370805,0.5003550532760083
20000,13,4,CGATATTG,1 4 3 2,0.0890682525800418,0.1365325758948681,0.22560082847490992,0.60519536571672
20000,13,4,CGATATTG,2 4 1 3,0.0890682525800418,0.008773739055520036,0.09784199163556184,0.0896725312808444
20000,13,4,CAGTATTG,2 1 3 4,4.35819656007291,0.13622112382130735,4.494417683894218,0.03030895955875593
20000,13,4,CGATCTTG,4 1 3 2,0.49614196260187304,-0.002559427128314251,0.4935825354735588,-0.005132183669467974
20000,14,2,CGATATAT,7 0,-0.34022059601116417,-0.01842544787445477,-0.35864604388561894,-0.05137502054903776
20000,14,2,CGATATAT,7 0,-0.34022059601116417,-0.01842544787445477,-0.35864604388561894,-0.05137502054903776
20000,14,2,CGATATAG,7 0,0.4220339636474497,-0.05874334390522318,0.36329061974222654,-0.12218410266542663
20000,14,2,CGATATAT,7 0,-0.34022059601116417,-0.01842544787445477,-0.35864604388561894,-0.05137502054903776
20000,15,5,CTATCGCC,3 6 7 5 2,1.089092382734485,0.37835483485384636,1.4674472175883313,0.25783198899354737
20000,15,5,CTATCTCT,7 3 5 6 2,-0.10460510636730014,0.12421400412959205,0.01960889776229191,0.5428480333651114
20000,15,5,CTATCGCA,2 7 6 5 3,0.5643040854114814,-0.2809856420467751,0.28331844336470624,-0.33241341154314596
20000,15,5,CTATCGCA,7 2 3 6 5,0.5643040854114814,-0.1646171750585692,0.39968691035291215,-0.22583670416255186
20000,16,2,CGATATAT,1 0,-0.23354675166587047,0.06520845625222593,-0.16833829541364453,0.2182671783586206
20000,16,2,CGATATAT,0 1,-0.23354675166587047,-0.06535126012145609,-0.29889801178732656,-0.2186406651910256
20000,16,2,CGATATAT,0 1,-0.23354675166587047,-0.06535126012145609,-0.29889801178732656,-0.2186406651910256
20000,16,2,CGATATAT,1 0,-0.23354675166587047,0.06520845625222593,-0.16833829541364453,0.2182671783586206
20000,17,3,CGATATTT,5 3 2,0.5819568363227219,0.0654831622979859,0.6474399986207078,0.10114166940178212
20000,17,3,CGATACTT,3 5 2,-1.0100171969560965,0.006584900318330034,-1.0034322966377665,0.006477362515761635
20000,17,3,CGATATTT,2 3 5,0.5819568363227219,-0.05608532391290422,0.5258715124098177,-0.08790222246785723
20000,17,3,CGATACTT,2 5 3,-1.0100171969560965,-0.03136094042224635,-1.0413781373783428,-0.030114844259355348
20000,18,4,ATATCGTC,7 4 6 5,1.064595446726461,0.15997350675217348,1.2245689534786344,0.13063658546767543
20000,18,4,ATATCGCA,6 5 4 7,0.24167215574873957,0.04919907035872928,0.29087122610746885,0.16914382016099314
20000,18,4,ATATCGTC,6 5 4 7,1.064595446726461,-0.22753767209895415,0.8370577746275067,-0.17609460572126828
20000,18,4,ATATCGTA,4 5 7 6,-0.5320208469335033,0.062480909032156084,-0.4695399379013472,0.1050979385765939
20000,19,2,CGATCCCC,0 4,-0.1001862241291902,0.13172567533974844,0.031539451210558234,0.5679987773003051
20000,19,2,CGATCCCC,4 0,-0.1001862241291902,-0.16689836335654062,-0.26708458748573083,-0.6248895337903289
20000,19,2,TGATACCC,4 0,0.7236997224988815,0.03097877830168505,0.7546785008005665,0.04104897419076152
20000,19,2,TGATACCC,4 0,0.7236997224988815,0.03097877830168505,0.7546785008005665,0.04104897419076152
20000,20,3,CTGTATCA,4 1 3,0.7218621836661272,-0.19628560047226706,0.5255765831938601,-0.2137843208503355
20000,20,3,CGGTATCA,1 4 3,-0.34590015852849265,0.02522529628061254,-0.3206748622478801,0.06796972817072763
20000,20,3,CTGTATCA,1 3 4,0.7218621836661272,0.09693439986926733,0.8187965835353945,0.1183864244410066
20000,20,3,CGGTATCA,1 4 3,-0.34590015852849265,0.02522529628061254,-0.3206748622478801,0.06796972817072763
20000,21,2,AGGTATTA,1 3,-0.9099916580666084,0.05214899351885671,-0.8578426645477517,0.05420100837951593
20000,21,2,AGGTATTA,3 1,-0.9099916580666084,-0.053953897747489266,-0.9639455558140977,-0.05597193474471973
20000,21,2,AAGTATTA,3 1,1.9855612880235145,0.03177849550184808,2.0173397835253626,0.01575267377432779
20000,21,2,AAGTATTA,3 1,1.9855612880235145,0.03177849550184808,2.0173397835253626,0.01575267377432779
20000,22,3,CGATATAT,0 5 2,-0.19780360077369352,0.04680283678813213,-0.1510007639855614,0.19133935007864397
20000,22,3,CGATATAT,0 2 5,-0.19780360077369352,0.058633062375023304,-0.13917053839867022,0.22864539592382657
20000,22,3,CGATATAT,2 5 0,-0.19780360077369352,-0.05687666745738751,-0.25468026823108103,-0.22332577177035623
20000,22,3,CGATATAT,5 2 0,-0.19780360077369352,-0.06511782171087033,-0.26292142248456385,-0.2476702776651583
20000,23,6,CGGTATTT,2 4 7 3 6 5,1.988512027237034,-0.4357486108188553,1.5527634164181787,-0.1797449515033579
20000,23,6,CGATATAT,2 7 3 4 5 6,-0.4407634429246452,0.02680521226877275,-0.41395823065587245,0.05732893334709168
20000,23,6,CGCTATCA,2 7 4 3 5 6,-0.679733694397747,-0.08336938145706263,-0.7631030758548096,-0.10925048541270033
20000,23,6,CGATATAT,7 3 5 2 4 6,-0.4407634429246452,0.06514245878362956,-0.37562098414101563,0.12876398271628242
20000,24,4,CGATCGGG,5 1 2 6,0.1728539971695624,-0.0669762009169177,0.10587779625264471,-0.2792650860954834
20000,24,4,CTATCGCG,6 2 1 5,-0.05510313766872188,-0.09528562059025347,-0.15038875825897535,-0.6335953677213552
20000,24,4,CGATCGCG,1 6 2 5,-1.354203605864436,0.1487610822619425,-1.2054425236024935,0.09897842806100163
20000,24,4,CTATCTCG,1 6 2 5,3.253015230908338,-0.22870215041204034,3.024313080496298,-0.06568659238082936
20000,25,5,CAATATAT,3 7 6 4 1,-0.30858318056925604,0.1886238065238821,-0.11995937404537393,0.3793667655932369
20000,25,5,CGATATCA,7 6 4 1 3,0.37707238412625,0.035231841797686236,0.41230422592393623,0.08545108097966952
20000,25,5,CGATATAT,4 3 1 7 6,-0.5124704686518353,0.1393096363832349,-0.3731608322686004,0.2137371719496395
20000,25,5,CGATATCG,6 1 4 7 3,-0.14046835038864813,0.16779670946678404,0.02732835907813591,0.5443260729758866
20000,26,6,GTATCTCC,1 3 2 6 7 5,0.6948655343026857,0.5071621007781797,1.2020276350808654,0.4219221638311675
20000,26,6,GTATCCTT,1 2 5 7 3 6,0.9584714603718547,0.08982405015819506,1.0482955105300498,0.08568581020897181
20000,26,6,GGATCGTA,6 3 2 1 7 5,0.9463869666399116,0.3769853757729891,1.3233723424129007,0.2848672015357619
20000,26,6,GTATCGTA,5 3 6 7 2 1,0.43508879609020235,0.15936720006282812,0.5944559961530305,0.26808914552827945
20000,27,4,CAATATCT,5 1 7 2,0.7366674567753861,0.21978299057669748,0.9564504473520836,0.22979025331125397
20000,27,4,CGATATCG,2 5 7 1,-0.2986736865039139,-0.0543113985910626,-0.3529850850949765,-0.15386315423624547
20000,27,4,CGATATCG,7 5 1 2,-0.2986736865039139,-0.08165550249364095,-0.38032918899755486,-0.2146969121903655
20000,27,4,CGATATCG,7 1 5 2,-0.2986736865039139,-0.03587031754400449,-0.3345440040479184,-0.10722152275927985
20000,28,3,TTATCCCT,3 0 5,0.9996830045487131,0.06602503956212713,1.0657080441108402,0.061954153322746355
20000,28,3,CTATCGCT,5 0 3,-0.07963331107968519,-0.012014820483713828,-0.09164813156339902,-0.13109727693032552
20000,28,3,CTATCGCT,0 5 3,-0.07963331107968519,0.06339855560919694,-0.01623475547048825,0.4432477676257924
20000,28,3,CTATCGCT,5 3 0,-0.07963331107968519,0.006314019778542734,-0.07331929130114245,0.07346382622350255
20000,29,4,CTGTATCA,4 7 3 0,-0.28688685862074104,0.007743241834168746,-0.2791436167865723,0.026281231354885862
20000,29,4,CTGTATCA,7 4 0 3,-0.28688685862074104,0.13847517279041321,-0.14841168583032782,0.32554662279333374
20000,29,4,GTGTATCA,3 7 0 4,1.4480834340006532,-0.03459361423497631,1.413489819765677,-0.023331860620721387
20000,29,4,GTGTATCG,7 3 0 4,0.9493737331914955,-0.0625526112571766,0.886821121934319,-0.061815379746099144
20000,30,6,CTATATAA,0 2 3 4 5 7,2.889210036916649,-0.024842254323914403,2.8643677825927347,-0.008524985772763404
20000,30,6,CTATCTAC,5 2 0 4 7 3,1.4191842846632867,0.2950161167483554,1.714200401411642,0.1721012995361627
20000,30,6,CTATATAT,3 4 2 0 7 5,0.01628382574404652,-0.15941147657122912,-0.1431276508271826,-0.907317807992236
20000,30,6,CTATCGAT,2 3 5 0 7 4,-0.29640841444252697,-0.26972185959783435,-0.5661302740403613,-0.47643072975568335
20000,31,2,CGATATGG,4 2,-0.1640018606319168,0.033844525093817635,-0.13015733553809916,0.17106466195816578
20000,31,2,CGATATGG,4 2,-0.1640018606319168,0.033844525093817635,-0.13015733553809916,0.17106466195816578
20000,31,2,CGATATGG,2 4,-0.1640018606319168,-0.034896475163614826,-0.19889833579553162,-0.17544880415434225
20000,31,2,CGATATGG,2 4,-0.1640018606319168,-0.034896475163614826,-0.19889833579553162,-0.17544880415434225
22500,0,7,CGATATCC,4 7 0 1 3 6 2,0.6939069942316132,-0.24031508828310244,0.45359190594851073,-0.2572355040422811
22500,0,7,CGATATCT,4 2 7 1 0 3 6,0.047524737950124685,0.5157897170445747,0.5633144549946993,0.91563373258268
22500,0,7,CGATATCG,2 3 1 0 4 6 7,-0.1670447540084714,0.34152089194083324,0.17447613793236183,0.6715374793028727
22500,0,7,CTGTATCA,3 2 4 6 0 1 7,0.887451968623802,-0.2847006798437004,0.6027512887801016,-0.2428870337117987
22500,1,5,CTATAGCT,3 0 4 5 1,3.619306552885563,0.118931103702554,3.738237656588117,0.03181475193075397
22500,1,5,CAATATCT,1 3 5 0 4,0.7310371259410711,-0.08949801668449542,0.6415391092565756,-0.10907274050215289
22500,1,5,CAATATCT,3 1 4 0 5,0.7310371259410711,-0.08289957296028039,0.6481375529807907,-0.10185014764929251
22500,1,5,CGATATCT,1 5 4 3 0,-0.24837083404914073,-0.0019766706125343703,-0.2503475046616751,-0.007895707269803567
22500,2,7,ATATCATA,5 7 0 4 6 3 2,0.7267806773914005,0.33279159395669744,1.059572271348098,0.3140810711602385
22500,2,7,GTATCACA,2 0 3 6 5 4 7,2.6384604680742916,-0.0045773877157415654,2.63388308035855,-0.0017318661197810706
22500,2,7,GTATATCA,3 7 4 2 6 0 5,2.023757226031101,-0.26618368274711735,1.7575735432839839,-0.11624041551759418
22500,2,7,ATATCCTA,2 0 7 3 5 6 4,-0.08302691601623646,-0.11021715708607793,-0.1932440731023144,-0.5703520698806773
22500,3,4,ATATCGTG,2 5 3 1,-0.5020602117065346,-0.057421542959687155,-0.5594817546662217,-0.10263345047586757
22500,3,4,ATATCGTG,1 2 3 5,-0.5020602117065346,0.012712896545949537,-0.48934731516058505,0.02469611629307209
22500,3,4,ATATCCTG,1 3 2 5,1.0358450611264896,-0.07429324300802964,0.9615518181184599,-0.06692251112436823
22500,3,4,AGATCGTG,1 5 2 3,1.0763026441218004,-0.0234439215593385,1.052858722562462,-0.021317567420470435
22500,4,7,CGATATAT,0 7 2 3 1 5 6,-0.38323710593896165,0.08437070983125672,-0.29886639610770493,0.18043049535492864
22500,4,7,CGATATCG,7 2 6 5 1 0 3,-0.06534211441098092,0.09715026023944695,0.03180814582846603,0.5978758107784914
22500,4,7,CGATATCG,6 2 0 7 1 3 5,-0.06534211441098092,0.20563055447449763,0.1402884400635167,0.758860867113515
22500,4,7,CGATATAT,3 2 7 1 5 0 6,-0.38323710593896165,-0.0639320911221315,-0.44716919706109315,-0.1429706955271272
22500,5,5,CTATCTCT,3 5 2 4 0,0.45803739491378526,0.33277957133308345,0.7908169662468687,0.42080479496086065
22500,5,5,CTATCGCT,5 2 4 0 3,-0.37920541742222924,-0.2687970328015732,-0.6480024502238024,-0.4148086673263936
22500,5,5,GTATCGCT,2 4 0 3 5,1.5798274441525861,0.230603730757589,1.8104311749101751,0.12737503306030423
22500,5,5,CTATCGCT,2 4 3 5 0,-0.37920541742222924,0.16839491479457447,-0.21081050262765477,0.3075142670437684
22500,6,4,CGATATCA,2 4 1 7,0.23171439292652884,0.11421784258990364,0.3459322355164325,0.3301740365982113
22500,6,4,CGATATCT,4 2 7 1,-0.26148180008168787,0.0024336143278311795,-0.2590481857538567,0.00922119055939236
22500,6,4,CGATATCT,7 4 1 2,-0.26148180008168787,0.016039115830583484,-0.24544268425110438,0.057794259498818085
22500,6,4,CGATATCA,1 4 7 2,0.23171439292652884,-0.05424415447206421,0.17747023845446463,-0.18969236963025327
22500,7,1,CGATATAT,2,-0.10130394565504375,0.0,-0.10130394565504375,0.0
22500,7,1,CGATATAT,2,-0.10130394565504375,0.0,-0.10130394565504375,0.0
22500,7,1,CGATATAT,2,-0.10130394565504375,0.0,-0.10130394565504375,0.0
22500,7,1,CGATATAT,2,-0.10130394565504375,0.0,-0.10130394565504375,0.0
22500,8,5,CGATATCG,2 7 5 4 1,-0.4029422350687668,0.0892439707294157,-0.3136982643393511,0.18132156016987108
22500,8,5,CGATCTCA,4 7 2 1 5,1.333729075592891,-0.18162637083229338,1.1521027047605976,-0.11985727260278177
22500,8,5,CGATATCA,4 2 1 7 5,0.32399983837310886,0.07831549830285933,0.4023153366759682,0.19466197572760197
22500,8,5,CGATATCG,7 4 1 5 2,-0.4029422350687668,-0.14316155769675465,-0.5461037927655215,-0.2621508211319517
22500,9,5,CGGGATAC,6 4 0 1 3,0.07708904414225248,0.17667444173740243,0.2537634858796549,0.696216956214058
22500,9,5,TTGAATCC,6 3 0 1 4,1.550396785966127,0.6687490538354917,2.2191458398016186,0.30135426065340293
22500,9,5,CTGTATCC,3 6 1 4 0,-0.14104694267475404,0.04569992168186321,-0.09534702099289083,0.24471587161213754
22500,9,5,CGGTATCC,3 1 4 6 0,0.5688895211071345,-0.13962668157676372,0.4292628395303708,-0.19706914400524672
22500,10,5,ATATCGCT,5 7 1 4 0,-0.787551127493634,0.2621584138496713,-0.5253927136439627,0.24974376579847907
22500,10,5,CTATCGCA,5 1 7 0 4,0.4825088249810867,-0.20778620055028885,0.27472262443079787,-0.301010716961692
22500,10,5,CGATATCG,4 5 7 0 1,-0.3829751383629447,-0.08310364912410684,-0.46607878748705156,-0.1783038648297539
22500,10,5,CTATCGCG,7 1 0 4 5,0.1618587170681285,-0.41527642679264165,-0.25341770972451316,-0.7195479797238343
22500,11,5,CGATATCT,0 1 3 5 7,-0.22328385308640097,-0.03387209450220219,-0.25715594758860316,-0.13171810654129065
22500,11,5,CGATATCT,0 7 5 1 3,-0.22328385308640097,0.04298997387895831,-0.18029387920744266,0.16145024228968272
22500,11,5,CGATATCC,1 3 0 5 7,0.059165682292618094,0.25356960549382723,0.3127352877864453,0.8108122600701843
22500,11,5,CGATATCC,7 0 1 3 5,0.059165682292618094,-0.45113910947562896,-0.39197342718301087,-0.8840581486848198
22500,12,3,CGATATCC,5 4 7,0.36951440937123037,-0.06483069605888359,0.3046837133123468,-0.1492607957321965
22500,12,3,CGATACCG,4 5 7,1.6620988230383222,-0.09798570264585837,1.5641131203924639,-0.05567102103108903
22500,12,3,CGATATCG,7 4 5,-0.3086997066381203,0.008225076172657442,-0.30047463046546286,0.025952770558711036
22500,12,3,CGATATCC,5 7 4,0.36951440937123037,0.3255197500461193,0.6950341594173497,0.46835072152281554
22500,13,6,ATGTTGAC,6 3 1 0 4 2,0.4338989463344376,1.5299845263764098,1.9638834727108474,0.7790607475628353
22500,13,6,ATATCGCC,0 2 4 3 6 1,-0.7064567204800987,-0.5469263925440684,-1.253383113024167,-0.43636010957929894
22500,13,6,ATATCGCC,1 3 2 4 6 0,-0.7064567204800987,0.2895209320597276,-0.41693578842037105,0.2906901890031619
22500,13,6,ATATCGTC,0 1 2 6 3 4,1.3747287852301082,0.32570612679549527,1.7004349120256035,0.19154283677197936
22500,14,4,CGATATAT,0 4 5 1,-0.33389168422448723,-0.07070373274638975,-0.404595416970877,-0.17475168966503404
22500,14,4,CGATCCAT,4 1 0 5,1.1386526051778008,0.032623771809284996,1.1712763769870858,0.027853180043811897
22500,14,4,AGATCTAT,0 1 5 4,3.839410542759465,0.12931395257371037,3.9687244953331753,0.03258325256030513
22500,14,4,CGATATAT,0 4 5 1,-0.33389168422448723,-0.07070373274638975,-0.404595416970877,-0.17475168966503404
22500,15,6,AGGTATTG,7 5 1 4 0 3,1.36465686282013,-0.11908965152098361,1.2455672112991465,-0.08026280120622063
22500,15,6,CAGTATTA,7 5 3 0 1 4,2.081598035826441,0.4545818989454746,2.5361799347719156,0.1792388200509741
22500,15,6,CTGTATTA,1 7 4 0 5 3,4.053095901857747,0.3973176103363354,4.450413512194082,0.08927656031235967
22500,15,6,GGGTATTG,5 7 0 4 3 1,-0.0886679574826954,-0.24614377662868137,-0.33481173411137677,-0.7351706990854759
22500,16,3,CTATCTAT,3 7 2,-0.2892774459157348,-0.01867050187091701,-0.3079479477866518,-0.060628758870158304
22500,16,3,CTATCTAT,3 2 7,-0.2892774459157348,0.022677495624987554,-0.26659995029074723,0.0726947792940387
22500,16,3,CTATCTAA,7 2 3,0.5073993247627704,-0.12397521296507374,0.38342411179769664,-0.19635763806888523
22500,16,3,CTATCTAT,7 3 2,-0.2892774459157348,0.008756040843321156,-0.28052140507241363,0.029379385982891058
22500,17,5,CAATCGAT,5 6 3 1 4,1.1854811338735889,0.22360350725577582,1.4090846411293647,0.15868706586465967
22500,17,5,CTATCGAT,4 3 1 6 5,0.6821876445181161,0.5131124166565808,1.195300061174697,0.42927498569046574
22500,17,5,CGATATAT,5 3 6 4 1,-0.446342255373406,-0.07961989875958064,-0.5259621541329866,-0.1513795206250699
22500,17,5,CGATCTAT,6 1 4 3 5,0.5162717305782212,-0.3635220472456915,0.1527496833325297,-0.413190063863408
22500,18,4,CTATCGCG,6 1 2 7,0.3634407684304972,-0.13786431896531637,0.22557644946518085,-0.2750108116426581
22500,18,4,CTATCGCG,2 6 7 1,0.3634407684304972,0.09181537927562688,0.4552561477061241,0.20167850503118376
22500,18,4,CTATCGGA,1 6 2 7,-0.47609735080324045,-0.16712335614112872,-0.6432207069443692,-0.25982272389060834
22500,18,4,CTATCGCA,1 7 6 2,0.6637454003083867,0.36074997617208915,1.0244953764804758,0.35212455268602577
22500,19,5,CAGTATAT,2 7 5 0 1,0.38834689694269997,-0.4790056067528621,-0.09065870981016211,-0.5522617444602334
22500,19,5,CGATATAT,7 5 1 2 0,-0.2434299289274191,-0.04646649720135709,-0.2898964261287762,-0.16028654723986147
22500,19,5,CGATATAG,0 2 5 1 7,-0.30109388490316746,0.5907186212249282,0.2896247363217608,0.6623798356333884
22500,19,5,CGATACAA,7 2 0 1 5,1.303009064932585,0.7418206156254978,2.044829680558083,0.36277868160786736
22500,20,5,CTATCGTT,5 7 6 0 4,0.7028970752767654,-0.7303976680317943,-0.02750059275502892,-0.50959348831893
22500,20,5,CTATCGCA,6 0 7 5 4,0.653609789655063,0.06802052281036186,0.7216303124654249,0.09425951437374092
22500,20,5,CTATCGCA,6 7 0 5 4,0.653609789655063,0.11012676379813957,0.7637365534532026,0.14419470077765173
22500,20,5,CTATGGAT,4 0 6 5 7,6.116554103219615,-0.3138053200282558,5.802748783191359,-0.048800587863525334
22500,21,5,CGATATAC,7 2 6 1 4,0.7285732712179946,0.10550240999814697,0.8340756812161416,0.1264902123082128
22500,21,5,CTATATCC,4 2 6 7 1,1.8216015920908983,0.2043142872352819,2.0259158793261802,0.10085033111208785
22500,21,5,CGATATAT,6 2 4 7 1,-0.520554216293091,-0.17714141606144995,-0.6976956323545409,-0.25389497632892416
22500,21,5,CGATATCA,1 6 7 2 4,0.615977210119997,-0.20381727092522706,0.4121599391947699,-0.24861995980427132
22500,22,2,GGGTATTG,0 2,-0.26271777203959745,-0.10653923885300554,-0.369257010892603,-0.288523266208186
22500,22,2,CGATATTG,2 0,0.2297129940697228,-0.07139269811087356,0.15832029595884922,-0.237101788391479
22500,22,2,CGATATTG,2 0,0.2297129940697228,-0.07139269811087356,0.15832029595884922,-0.237101788391479
22500,22,2,CGATATTG,0 2,0.2297129940697228,0.07055179971284165,0.30026479378256443,0.23496527456339572
22500,23,4,CGATATAC,5 1 7 2,0.429867779893792,0.3722770470123349,0.8021448269061269,0.4641020355989924
22500,23,4,CGATATAT,7 5 1 2,-0.2550399959198272,-0.000472588890133796,-0.255512584809961,-0.0018495718732808673
22500,23,4,CGGTATAT,1 5 2 7,0.6044777844938314,0.28237260998953095,0.8868503944833623,0.3183993734975199
22500,23,4,CGATATAG,5 7 2 1,-0.26668583851460514,-0.5061581411251321,-0.7728439796397373,-0.6549292670444024
22500,24,3,TTAACCTA,1 4 3,1.530401178662815,0.32489378065424157,1.8552949593170567,0.1751170502688352
22500,24,3,TGATACTA,1 3 4,-0.318781799697879,0.29823016669966806,-0.020551632998210945,0.48334583920778507
22500,24,3,TTATCCTA,1 4 3,0.417741515984543,0.13258486536246217,0.5503263813470052,0.24092042441785383
22500,24,3,TTATCCTA,4 3 1,0.417741515984543,-0.09632687720555388,0.3214146387789891,-0.18738144278388508
22500,25,1,CGAGATAT,0,-0.2046431514721192,0.0,-0.2046431514721192,0.0
22500,25,1,CGAGATAT,0,-0.2046431514721192,0.0,-0.2046431514721192,0.0
22500,25,1,CGAGATAT,0,-0.2046431514721192,0.0,-0.2046431514721192,0.0
22500,25,1,CGAGATAT,0,-0.2046431514721192,0.0,-0.2046431514721192,0.0
22500,26,5,CGATATAT,5 6 1 0 7,-0.4470834739951983,0.08949533179554603,-0.3575881421996523,0.16678879379825434
22500,26,5,TGATACTA,0 1 5 6 7,0.21419340413246069,-0.07353189602874721,0.14066150810371347,-0.255562844100079
22500,26,5,CGATATCG,6 5 0 7 1,-0.0019566031445199528,0.08045645280921931,0.07849984966469936,0.9762585779416038
22500,26,5,CAATATAT,0 5 1 6 7,-0.4973511606117711,-0.1775550489224118,-0.6749062095341829,-0.2630810717313736
22500,27,3,CGATATCC,0 6 3,-0.32341914244503855,0.02592856844254743,-0.2974905740024911,0.07421994658751548
22500,27,3,CGATATCC,0 3 6,-0.32341914244503855,0.219219476332152,-0.10419966611288656,0.40398797421781796
22500,27,3,CGATATAC,6 0 3,0.16949755890319818,0.06384319710174724,0.23334075600494542,0.27360499809297845
22500,27,3,TGATATAC,3 6 0,1.1905762513446354,0.04248630445115564,1.233062555795791,0.034455919735342164
22500,28,4,TGATCCTG,6 2 7 3,-0.7104683052056502,-0.13830450545385498,-0.8487728106595052,-0.16294643715836157
22500,28,4,TGATCCTC,3 7 6 2,0.5782121680324304,-0.10116937244919022,0.47704279558324014,-0.1489139260060999
22500,28,4,TGATCCTC,6 2 3 7,0.5782121680324304,0.16306200948867122,0.7412741775211016,0.21997529987347952
22500,28,4,TGAACCCC,2 7 6 3,2.63628622130965,0.851047323078185,3.487333544387835,0.24403955407356295
22500,29,4,CGGTATTA,2 7 1 6,1.2176003739152153,0.5315818887382555,1.7491822626534708,0.3039030866525353
22500,29,4,CGATATCA,6 1 7 2,0.5731415524727268,0.02314410334128425,0.596285655814011,0.03881378516424213
22500,29,4,CGATATAT,7 1 6 2,-0.4455116391378324,-0.02176710294086348,-0.4672787420786959,-0.04658269461185464
22500,29,4,CGATATAT,2 1 6 7,-0.4455116391378324,-0.05356723891097914,-0.49907887804881157,-0.10733220993123273
22500,30,3,CGATCCAT,4 7 6,-0.25057049022402866,0.15423857834381893,-0.09633191188020973,0.38101562025152097
22500,30,3,CGATACCT,4 6 7,-0.7561297040533865,-0.056688913381802264,-0.8128186174351888,-0.06974362073629845
22500,30,3,CGATCCTT,7 4 6,1.0033851375504064,-0.11488502256354671,0.8885001149868597,-0.10273458656165858
22500,30,3,CGATACCA,6 4 7,0.167157939223042,0.005991170635584631,0.17314910985862664,0.0346012211121173
22500,31,6,CGATATCA,5 2 4 6 0 1,0.08455941756997687,0.3741766827327968,0.4587361003027737,0.8156687090591601
22500,31,6,CGATATGA,5 4 1 0 6 2,1.5978260628709284,0.5462733298855698,2.144099392756498,0.2547798538309689
22500,31,6,CTATCGGA,2 5 1 6 4 0,-0.7947028576148156,0.004553876751234753,-0.7901489808635809,0.005697639513599807
22500,31,6,CTATCTCA,5 0 1 2 4 6,0.42457187166925703,0.7332057511012335,1.1577776227704906,0.6332872018606797
